sim_time_s,wall_time_s,state,active_reference_kind,ref_px,ref_py,ref_pz,px,py,pz,vx,vy,vz,roll_rad,pitch_rad,yaw_rad,wx,wy,wz,position_error_m,position_error_to_active_reference_m,position_error_to_final_hold_m,position_error_to_initial_m,takeoff_transition_error_m,speed_mps,yaw_error_rad,max_joint_error_rad,offboard,armed,q_shoulder_pan_joint,qd_shoulder_pan_joint,qcmd_shoulder_pan_joint,effort_shoulder_pan_joint,q_shoulder_lift_joint,qd_shoulder_lift_joint,qcmd_shoulder_lift_joint,effort_shoulder_lift_joint,q_elbow_joint,qd_elbow_joint,qcmd_elbow_joint,effort_elbow_joint,q_wrist_1_joint,qd_wrist_1_joint,qcmd_wrist_1_joint,effort_wrist_1_joint,q_wrist_roll_joint,qd_wrist_roll_joint,qcmd_wrist_roll_joint,effort_wrist_roll_joint,q_left_knuckle_joint,qd_left_knuckle_joint,qcmd_left_knuckle_joint,effort_left_knuckle_joint
10.108,0.15953277300013724,ABORT,INITIAL_HOLD,-0.0175323523581028,0.008819369599223137,0.023748526349663734,-0.0175323523581028,0.008819369599223137,0.023748526349663734,-0.006928540766239166,0.015223831869661808,0.019478917121887207,-0.022016908665344878,0.024740977676486742,-0.06160791847727737,0.0014117197133600712,-0.007076378911733627,-0.0001829788961913428,0.0,0.0,0.9764487208572653,0.0,nan,0.02567485046084045,-0.061607918477277375,0.44508301617958246,False,False,-0.44508301617958246,-0.05297653063243364,0.0,nan,-0.10325088709643548,-0.00039266461630279095,0.0,nan,0.17789211685592665,0.007212525359983565,0.0,nan,0.09790492332021827,0.003430881406008616,0.0,nan,0.007292699180698747,-0.08622027895801851,0.0,nan,0.009130202629620499,0.03284004930394284,0.0,nan
10.125,0.19490162400006739,ABORT,INITIAL_HOLD,-0.0175323523581028,0.008819369599223137,0.023748526349663734,-0.017453057691454887,0.008894890546798706,0.023366263136267662,-0.006696220953017473,0.015820277854800224,0.018532617017626762,-0.021981539838995943,0.024636304165147536,-0.061501778198647945,0.0016742369625717402,-0.006335343234241009,-5.949228216195402e-05,0.0003976383054955928,0.0003976383054955928,0.9768301716680535,0.0003976383054955928,nan,0.025270110011172124,-0.061501778198647945,3.3949631089713606e-07,False,False,-0.44508301617958246,-0.05297653063243364,-0.44508267668327156,nan,-0.10325088709643548,-0.00039266461630279095,-0.10325080833967777,nan,0.17789211685592665,0.007212525359983565,0.17789198116502133,nan,0.09790492332021827,0.003430881406008616,0.09790484864120542,nan,0.007292699180698747,-0.08622027895801851,0.007292693618041045,nan,0.009130202629620499,0.03284004930394284,0.009130195665368893,nan
10.14,0.2658753219998289,ABORT,INITIAL_HOLD,-0.0175323523581028,0.008819369599223137,0.023748526349663734,-0.017359038814902306,0.008910837583243847,0.02247510477900505,-0.007485401351004839,0.016358498483896255,0.016623007133603096,-0.021961713267241233,0.0246855498903385,-0.06136468875931629,0.0016742369625717402,-0.006335343234241009,-5.949228216195402e-05,0.0012884123846720627,0.0012884123846720627,0.9777196224029818,0.0012884123846720627,nan,0.024494000738896873,-0.06136468875931629,0.0011091355544424197,False,False,-0.4461899001673757,-0.04966307954151497,-0.4450807646129333,nan,-0.10322498757745446,0.0030363393380761178,-0.1032503647753281,nan,0.17805600800604182,0.008916866065182619,0.177891216943005,nan,0.0979849530986554,0.003705860170345427,0.09790442804304048,nan,0.007185576078074796,-0.7772774083007811,0.007292662288708577,nan,0.009144029465129044,0.048057326259450896,0.009130156442147614,nan
10.143,0.34085436900022614,ABORT,INITIAL_HOLD,-0.0175323523581028,0.008819369599223137,0.023748526349663734,-0.017359038814902306,0.008910837583243847,0.02247510477900505,-0.007485401351004839,0.016358498483896255,0.016623007133603096,-0.021961713267241233,0.0246855498903385,-0.06136468875931629,0.0016775843687355518,-0.004985284060239792,0.00025934330187738,0.0012884123846720627,0.0012884123846720627,0.9777196224029818,0.0012884123846720627,nan,0.024494000738896873,-0.06136468875931629,0.0011098266983288751,False,False,-0.4461899001673757,-0.04966307954151497,-0.4450800734690468,nan,-0.10322498757745446,0.0030363393380761178,-0.10325020444294787,nan,0.17805600800604182,0.008916866065182619,0.1778909407045404,nan,0.0979849530986554,0.003705860170345427,0.09790427601210075,nan,0.007185576078074796,-0.7772774083007811,0.007292650964294319,nan,0.009144029465129044,0.048057326259450896,0.009130142264379647,nan
10.176,0.41402044000005844,ABORT,INITIAL_HOLD,-0.0175323523581028,0.008819369599223137,0.023748526349663734,-0.01719493791460991,0.009040853008627892,0.020935384556651115,-0.008115673437714577,0.018148809671401978,0.014790674671530724,-0.02188628618630212,0.02470025724480627,-0.061127143562874305,0.0021698791533708572,-0.004408228676766157,0.0012415773235261445,0.002841948302646166,0.002841948302646166,0.9792573329448412,0.002841948302646166,nan,0.024779174826362972,-0.061127143562874305,0.003256392933240204,False,False,-0.44831809599919126,-0.05403918500944785,-0.44506170306595105,nan,-0.10331275869838663,0.001249528619879663,-0.10324594285500359,nan,0.17819317602006013,0.007478458843932011,0.1778835983666497,nan,0.09785568172730841,0.0038440657665785583,0.09790023507402612,nan,0.007124782256755502,-0.05882769727802351,0.007292349964663384,nan,0.008004792765480495,0.03708362169676551,0.00912976542343862,nan
10.191,0.4865032180000526,ABORT,INITIAL_HOLD,-0.0175323523581028,0.008819369599223137,0.023748526349663734,-0.01719493791460991,0.009040853008627892,0.020935384556651115,-0.008115673437714577,0.018148809671401978,0.014790674671530724,-0.02188628618630212,0.02470025724480627,-0.061127143562874305,0.0009216560865752399,-0.004541422240436077,0.0018415786325931556,0.002841948302646166,0.002841948302646166,0.9792573329448412,0.002841948302646166,nan,0.024779174826362972,-0.061127143562874305,0.004272380580443658,False,False,-0.44931685967520885,-0.04910519192352947,-0.4450444790947652,nan,-0.10330545902487565,-0.002972682552666012,-0.10324194721769635,nan,0.17831907571571648,0.003949661313870177,0.1778767142381084,nan,0.0979107103754302,0.002126053068830547,0.09789644631661026,nan,0.00714332884491764,-0.06217370577623653,0.007292067749355252,nan,0.007195943715441189,0.043665281954768584,0.009129412099808427,nan
10.199,0.5696116630001598,ABORT,INITIAL_HOLD,-0.0175323523581028,0.008819369599223137,0.023748526349663734,-0.017117956653237343,0.009123665280640125,0.02030950039625168,-0.0076716141775250435,0.01805794984102249,0.013770936988294125,-0.021924642237500774,0.024678119640094726,-0.06104050057414171,0.0009216560865752399,-0.004541422240436077,0.0018415786325931556,0.003477243041574987,0.003477243041574987,0.9798825137341605,0.003477243041574987,nan,0.023970438504233808,-0.06104050057414171,0.004284477906086992,False,False,-0.44931685967520885,-0.04910519192352947,-0.44503238176912185,nan,-0.10330545902487565,-0.002972682552666012,-0.10323914086571534,nan,0.17831907571571648,0.003949661313870177,0.1778718791426571,nan,0.0979107103754302,0.002126053068830547,0.09789378526755552,nan,0.00714332884491764,-0.06217370577623653,0.007291869534295138,nan,0.007195943715441189,0.043665281954768584,0.009129163941531465,nan
10.235,0.6441088159999708,ABORT,INITIAL_HOLD,-0.0175323523581028,0.008819369599223137,0.023748526349663734,-0.016988305374979973,0.009270095266401768,0.019656505435705185,-0.007934409193694592,0.018296992406249046,0.012506084516644478,-0.021844999823569532,0.024607569503906315,-0.06097755052817659,0.0014118911931291223,-0.006015084218233824,-0.00044883758528157993,0.004152562571132774,0.004152562571132774,0.9805344994034098,0.004152562571132774,nan,0.023540113217756096,-0.06097755052817659,0.006279816844619535,False,False,-0.4512270779962293,-0.045835449454399095,-0.44494726115160976,nan,-0.1033785449990896,-0.00420697115668566,-0.10321939448369484,nan,0.17839379523758847,0.00047317108124286453,0.17783785787856285,nan,0.09775262143947305,-0.0014048005395002096,0.09787506128297838,nan,0.00709028276278989,-0.03759856293668455,0.0072904748303072855,nan,0.005821984389495327,0.03930603099619663,0.009127417821240212,nan
10.235,0.7181157750001148,ABORT,INITIAL_HOLD,-0.0175323523581028,0.008819369599223137,0.023748526349663734,-0.016988305374979973,0.009270095266401768,0.019656505435705185,-0.007934409193694592,0.018296992406249046,0.012506084516644478,-0.021844999823569532,0.024607569503906315,-0.06097755052817659,0.0014118911931291223,-0.006015084218233824,-0.00044883758528157993,0.004152562571132774,0.004152562571132774,0.9805344994034098,0.004152562571132774,nan,0.023540113217756096,-0.06097755052817659,0.006279816844619535,False,False,-0.4512270779962293,-0.045835449454399095,-0.44494726115160976,nan,-0.1033785449990896,-0.00420697115668566,-0.10321939448369484,nan,0.17839379523758847,0.00047317108124286453,0.17783785787856285,nan,0.09775262143947305,-0.0014048005395002096,0.09787506128297838,nan,0.00709028276278989,-0.03759856293668455,0.0072904748303072855,nan,0.005821984389495327,0.03930603099619663,0.009127417821240212,nan
10.256,0.7944264060001842,ABORT,INITIAL_HOLD,-0.0175323523581028,0.008819369599223137,0.023748526349663734,-0.016723472625017166,0.009555640630424023,0.018276605755090714,-0.0064575886353850365,0.018617777153849602,0.011681368574500084,-0.021837415534793594,0.02463828186843291,-0.060845550203234865,0.00130211072973907,-0.0056844474747776985,5.3075404139236314e-05,0.005580169929965813,0.005580169929965813,0.9819123217539553,0.005580169929965813,nan,0.022907999670586175,-0.060845550203234865,0.007229988553829225,False,False,-0.4520998840087813,-0.04370073506119435,-0.4448698954549521,nan,-0.1033698664445657,-0.00202781074137336,-0.10320144709743125,nan,0.17847684290234422,0.0025550994391371883,0.17780693612453008,nan,0.0977899031080165,0.0016000906565623424,0.09785804314855505,nan,0.007148576902723747,-0.008230587867020266,0.007289207190940876,nan,0.005252525746308301,0.04311899873330964,0.009125830781381603,nan
10.263,0.8675779710001734,ABORT,INITIAL_HOLD,-0.0175323523581028,0.008819369599223137,0.023748526349663734,-0.016723472625017166,0.009555640630424023,0.018276605755090714,-0.0064575886353850365,0.018617777153849602,0.011681368574500084,-0.021837415534793594,0.02463828186843291,-0.060845550203234865,0.0008006043499335647,-0.0056048668920993805,-7.354593253694406e-05,0.005580169929965813,0.005580169929965813,0.9819123217539553,0.005580169929965813,nan,0.022907999670586175,-0.060845550203234865,0.007261022272592066,False,False,-0.4520998840087813,-0.04370073506119435,-0.44483886173618925,nan,-0.1033698664445657,-0.00202781074137336,-0.10319424785846755,nan,0.17847684290234422,0.0025550994391371883,0.17779453247459526,nan,0.0977899031080165,0.0016000906565623424,0.09785121666058456,nan,0.007148576902723747,-0.008230587867020266,0.007288698702485535,nan,0.005252525746308301,0.04311899873330964,0.009125194171737211,nan
10.28,0.9403523400001177,ABORT,INITIAL_HOLD,-0.0175323523581028,0.008819369599223137,0.023748526349663734,-0.016588332131505013,0.00969313271343708,0.01771385781466961,-0.006133584771305323,0.01890375092625618,0.010409550741314888,-0.02181220712071121,0.02458164682004991,-0.06078032091938575,0.0011368724517524242,-0.0063537536188960075,-0.0005468024173751466,0.006170239905808747,0.006170239905808747,0.9824740173226184,0.006170239905808747,nan,0.02243504864859288,-0.06078032091938575,0.008186954197419327,False,False,-0.4529385303914726,-0.04383119679397128,-0.44475157619405326,nan,-0.10347605079290645,0.000883547795024666,-0.10317399925465966,nan,0.17838254563514067,0.004437562795667687,0.17775964592692428,nan,0.09754866077998603,-0.0006002036577621283,0.09783201645747831,nan,0.007090211107332323,-0.13835703599839289,0.0072872685261398135,nan,0.004711184089037701,0.028170450961457233,0.009123403641302735,nan
10.303,1.0149962860000414,ABORT,INITIAL_HOLD,-0.0175323523581028,0.008819369599223137,0.023748526349663734,-0.016372468322515488,0.009915806353092194,0.016905613243579865,-0.005926801823079586,0.018831240013241768,0.009525507688522339,-0.02174877482067228,0.024541440868617474,-0.06071234975082197,0.005515820346772671,-0.010201262310147285,-0.0022315026726573693,0.0070265898064893195,0.0070265898064893195,0.9832807097704019,0.0070265898064893195,nan,0.02191980558788046,-0.06071234975082197,0.009169849480474446,False,False,-0.4537741764133205,-0.03617495229246877,-0.4446043269328461,nan,-0.10340613678715904,0.0012630232140004678,-0.10313984019603181,nan,0.17849510281476277,0.0034217177211632636,0.1777007928998947,nan,0.0976156236376653,0.0014880926218722415,0.09779962603343743,nan,0.007221354343784903,0.02187176926928148,0.007284855842376273,nan,0.004245347919371589,0.03513898670224146,0.009120383046171014,nan
10.304,1.094179671999882,ABORT,INITIAL_HOLD,-0.0175323523581028,0.008819369599223137,0.023748526349663734,-0.016372468322515488,0.009915806353092194,0.016905613243579865,-0.005926801823079586,0.018831240013241768,0.009525507688522339,-0.02174877482067228,0.024541440868617474,-0.06071234975082197,0.005515820346772671,-0.010201262310147285,-0.0022315026726573693,0.0070265898064893195,0.0070265898064893195,0.9832807097704019,0.0070265898064893195,nan,0.02191980558788046,-0.06071234975082197,0.00917706307580679,False,False,-0.4537741764133205,-0.03617495229246877,-0.4445971133375137,nan,-0.10340613678715904,0.0012630232140004678,-0.10313816677761291,nan,0.17849510281476277,0.0034217177211632636,0.17769790974844396,nan,0.0976156236376653,0.0014880926218722415,0.09779803925867363,nan,0.007221354343784903,0.02187176926928148,0.00728473764739049,nan,0.004245347919371589,0.03513898670224146,0.00912023507020995,nan
10.337,1.1684267229998113,ABORT,INITIAL_HOLD,-0.0175323523581028,0.008819369599223137,0.023748526349663734,-0.016075920313596725,0.010060591623187065,0.015628714114427567,-0.005484015680849552,0.01865231804549694,0.00866952259093523,-0.02175326941314951,0.024479717463259987,-0.06050616987065965,0.003789421170949936,-0.007350467145442963,0.0023832388687878856,0.008342252522462276,0.008342252522462276,0.9845539493566379,0.008342252522462276,nan,0.02128717967258488,-0.06050616987065965,0.0145154644164129,False,False,-0.45524168817717126,-0.03568692864242381,-0.44431793702938843,nan,-0.10333757594490312,0.004944817772503936,-0.10307340312583921,nan,0.17858489041073078,0.0033930772199071597,0.17758632772301702,nan,0.09766222237349531,0.0016145098302058035,0.0977366288384908,nan,-0.007235301081587764,-0.7241692926349995,0.007280163334825135,nan,0.0034457091911468396,0.04594200539244445,0.009114508191920025,nan
10.362,1.2466233230002217,ABORT,INITIAL_HOLD,-0.0175323523581028,0.008819369599223137,0.023748526349663734,-0.015970418229699135,0.010119922459125519,0.015126851387321949,-0.0066320765763521194,0.01947534829378128,0.008240473456680775,-0.021654687968252807,0.02446930635136798,-0.06037787656908252,0.000254317419603467,-0.006756925955414771,0.005238180048763753,0.00885801078793335,0.00885801078793335,0.9850546106421006,0.00885801078793335,nan,0.022162559276151936,-0.06037787656908252,0.011862374603662296,False,False,-0.4559115573639918,-0.034528898180238576,-0.4440491827603295,nan,-0.10338257383278115,0.005748187015396733,-0.10301105719107523,nan,0.1784686189247644,0.004118830497053711,0.17747891120947012,nan,0.09742542769362483,0.004029710131352148,0.09767751095452827,nan,0.007253773701545896,0.06986662426035631,0.007275759787696784,nan,0.003085972645411772,0.02656263875514392,0.00910899510594531,nan
10.362,1.3196920880000107,ABORT,INITIAL_HOLD,-0.0175323523581028,0.008819369599223137,0.023748526349663734,-0.015970418229699135,0.010119922459125519,0.015126851387321949,-0.0066320765763521194,0.01947534829378128,0.008240473456680775,-0.021654687968252807,0.02446930635136798,-0.06037787656908252,0.000254317419603467,-0.006756925955414771,0.005238180048763753,0.00885801078793335,0.00885801078793335,0.9850546106421006,0.00885801078793335,nan,0.022162559276151936,-0.06037787656908252,0.011862374603662296,False,False,-0.4559115573639918,-0.034528898180238576,-0.4440491827603295,nan,-0.10338257383278115,0.005748187015396733,-0.10301105719107523,nan,0.1784686189247644,0.004118830497053711,0.17747891120947012,nan,0.09742542769362483,0.004029710131352148,0.09767751095452827,nan,0.007253773701545896,0.06986662426035631,0.007275759787696784,nan,0.003085972645411772,0.02656263875514392,0.00910899510594531,nan
10.392,1.3949247260002267,ABORT,INITIAL_HOLD,-0.0175323523581028,0.008819369599223137,0.023748526349663734,-0.01583273708820343,0.010242128744721413,0.014537006616592407,-0.007934384979307652,0.01990218460559845,0.007585654500871897,-0.021614929185267643,0.024415647092594573,-0.06024874364114946,-0.0033588127698749304,-0.0019129477441310878,0.003977836575359106,0.009474440956834158,0.009474440956834158,0.9856433878909316,0.009474440956834158,nan,0.022728694887339678,-0.06024874364114946,0.013441857721473882,False,False,-0.4570967092503544,-0.02895208176749535,-0.4436548515288805,nan,-0.1032639009800107,0.0027657932560830674,-0.1029195797633216,nan,0.1784571370902972,-0.0015577934583642303,0.17732130371838456,nan,0.09740791220226619,-0.0007131292136353269,0.09759076990269222,nan,0.007242553318532963,0.05720918069837093,0.007269298658100791,nan,0.0025062339114043652,0.03664706466435583,0.009100905999159747,nan
10.412,1.466332113000135,ABORT,INITIAL_HOLD,-0.0175323523581028,0.008819369599223137,0.023748526349663734,-0.015695301815867424,0.010396364144980907,0.013951451517641544,-0.007970188744366169,0.019609292969107628,0.006666500587016344,-0.021638663764243657,0.02444816071100235,-0.06013309475719439,0.001871629385277629,-0.005954736843705177,0.001538665383122862,0.010091795764695185,0.010091795764695185,0.9862282529164799,0.010091795764695185,nan,0.022192127195151984,-0.060133094757194396,0.014272544275932109,False,False,-0.4576177157875243,-0.02571133735874098,-0.4433451715115922,nan,-0.10320102477549842,0.00058643468145508,-0.10284773982484108,nan,0.17842418121655967,-0.0035300085781941846,0.1771975298788517,nan,0.09739217959821023,-0.0013585989590425302,0.09752264958076516,nan,0.007188286374871566,0.11133614823538829,0.007264224541304013,nan,0.0022585237470860164,0.03844499159094075,0.009094553383568038,nan
10.412,1.5399481710001055,ABORT,INITIAL_HOLD,-0.0175323523581028,0.008819369599223137,0.023748526349663734,-0.015695301815867424,0.010396364144980907,0.013951451517641544,-0.007970188744366169,0.019609292969107628,0.006666500587016344,-0.021638663764243657,0.02444816071100235,-0.06013309475719439,0.001871629385277629,-0.005954736843705177,0.001538665383122862,0.010091795764695185,0.010091795764695185,0.9862282529164799,0.010091795764695185,nan,0.022192127195151984,-0.060133094757194396,0.014272544275932109,False,False,-0.4576177157875243,-0.02571133735874098,-0.4433451715115922,nan,-0.10320102477549842,0.00058643468145508,-0.10284773982484108,nan,0.17842418121655967,-0.0035300085781941846,0.1771975298788517,nan,0.09739217959821023,-0.0013585989590425302,0.09752264958076516,nan,0.007188286374871566,0.11133614823538829,0.007264224541304013,nan,0.0022585237470860164,0.03844499159094075,0.009094553383568038,nan
10.45,1.6218533229998684,ABORT,INITIAL_HOLD,-0.0175323523581028,0.008819369599223137,0.023748526349663734,-0.015502501279115677,0.010625038295984268,0.013162355870008469,-0.008338031359016895,0.019334040582180023,0.0054579442366957664,-0.02163712731942444,0.024333502571918502,-0.05990305645051849,-0.0027175683062523603,0.0005403099348768588,-0.0031050164252519608,0.010929214988719585,0.010929214988719585,0.9870165929996982,0.010929214988719585,nan,0.021751253928640843,-0.05990305645051848,0.015800492486730544,False,False,-0.4584461975647125,-0.021114157179598556,-0.44264570507798195,nan,-0.10309487372893589,0.005404547253264344,-0.10268547677022187,nan,0.1781980400035117,-0.0017276606993890265,0.1769179650335951,nan,0.09708879160185724,0.0009728549724807994,0.09736878793011067,nan,0.007293257945105935,0.13710920612931005,0.007252763761849653,nan,0.001813484012236799,0.018690253173496794,0.009080204891175999,nan
10.46,1.6961422730000777,ABORT,INITIAL_HOLD,-0.0175323523581028,0.008819369599223137,0.023748526349663734,-0.01535138487815857,0.010825859382748604,0.012583283707499504,-0.008824246935546398,0.019770147278904915,0.003980165813118219,-0.021713907268081353,0.024419508710164014,-0.05987951262553456,-0.0027175683062523603,0.0005403099348768588,-0.0031050164252519608,0.011551851092286848,0.011551851092286848,0.9875953806407343,0.011551851092286848,nan,0.02201290024755953,-0.05987951262553456,0.016010019258518637,False,False,-0.4584461975647125,-0.021114157179598556,-0.44243617830619386,nan,-0.10309487372893589,0.005404547253264344,-0.10263687050066957,nan,0.1781980400035117,-0.0017276606993890265,0.17683422074406613,nan,0.09708879160185724,0.0009728549724807994,0.09732269832035308,nan,0.007293257945105935,0.13710920612931005,0.007249330659121831,nan,0.001813484012236799,0.018690253173496794,0.009075906767425566,nan
10.468,1.7806853910001337,ABORT,INITIAL_HOLD,-0.0175323523581028,0.008819369599223137,0.023748526349663734,-0.01535138487815857,0.010825859382748604,0.012583283707499504,-0.008824246935546398,0.019770147278904915,0.003980165813118219,-0.021713907268081353,0.024419508710164014,-0.05987951262553456,0.006520020309835672,-0.005430524703115225,0.002944310661405326,0.011551851092286848,0.011551851092286848,0.9875953806407343,0.011551851092286848,nan,0.02201290024755953,-0.05987951262553456,0.01651800162830308,False,False,-0.4587786220460961,-0.01572389307501483,-0.442260620417793,nan,-0.10295020505300734,0.006865714066134262,-0.10259614437305914,nan,0.17814166962777556,-0.00393130781882855,0.17676405323988578,nan,0.09705590256663221,-0.0014910256557512645,0.0972840808468092,nan,0.00732099664445407,0.11201662710018848,0.007246454137613786,nan,0.0016310935591592468,0.02127218079601952,0.009072305463767461,nan
10.468,1.8548028400000476,ABORT,INITIAL_HOLD,-0.0175323523581028,0.008819369599223137,0.023748526349663734,-0.01535138487815857,0.010825859382748604,0.012583283707499504,-0.008824246935546398,0.019770147278904915,0.003980165813118219,-0.021713907268081353,0.024419508710164014,-0.05987951262553456,0.006520020309835672,-0.005430524703115225,0.002944310661405326,0.011551851092286848,0.011551851092286848,0.9875953806407343,0.011551851092286848,nan,0.02201290024755953,-0.05987951262553456,0.01651800162830308,False,False,-0.4587786220460961,-0.01572389307501483,-0.442260620417793,nan,-0.10295020505300734,0.006865714066134262,-0.10259614437305914,nan,0.17814166962777556,-0.00393130781882855,0.17676405323988578,nan,0.09705590256663221,-0.0014910256557512645,0.0972840808468092,nan,0.00732099664445407,0.11201662710018848,0.007246454137613786,nan,0.0016310935591592468,0.02127218079601952,0.009072305463767461,nan
10.5,1.9323625420001918,ABORT,INITIAL_HOLD,-0.0175323523581028,0.008819369599223137,0.023748526349663734,-0.015133460983633995,0.011227027513086796,0.012060103006660938,-0.009521016851067543,0.02083434723317623,0.0028673699125647545,-0.021648826009818812,0.024497664567115707,-0.05974732335318015,-0.0008585572359152138,-0.008332561701536179,0.0022222744300961503,0.012172540273169927,0.012172540273169927,0.9881195817608981,0.012172540273169927,nan,0.023085527863281614,-0.05974732335318015,0.01757669654224986,False,False,-0.459062283396535,-0.015113237372772375,-0.44148558685428513,nan,-0.10282937543094661,-8.283896307035698e-05,-0.10241635116583099,nan,0.17802740716179422,-0.011592326972858247,0.1764542854971616,nan,0.09698162592331094,-0.00929746715136717,0.09711359669251107,nan,0.00720306513048552,0.09409817398551035,0.007233755188365793,nan,0.0014769594304864242,0.02224356970599763,0.00905640682638443,nan
10.528,2.0103070380000645,ABORT,INITIAL_HOLD,-0.0175323523581028,0.008819369599223137,0.023748526349663734,-0.015067432075738907,0.011300433427095413,0.011874414049088955,-0.008643184788525105,0.021304311230778694,0.0025073420256376266,-0.021657477468896267,0.024421678369733187,-0.05966484965725095,0.0010007491800934076,-0.005439295433461666,0.003371288999915124,0.012378451140714107,0.012378451140714107,0.9883050647021032,0.012378451140714107,nan,0.023127150372235738,-0.05966484965725095,0.01879124004115018,False,False,-0.45949928266174656,-0.002165194199233989,-0.4407080426205964,nan,-0.10252620724853578,0.031179647047299027,-0.10223597553035024,nan,0.17775741457329808,0.015750256898609635,0.17614351428223796,nan,0.09680526579435877,0.019242887306233546,0.09694256026602414,nan,0.006977763306807994,-0.3072082915275311,0.007221015101708137,nan,0.0011309168988287155,-0.0047261221644151336,0.009040456686412774,nan
10.528,2.084491582999817,ABORT,INITIAL_HOLD,-0.0175323523581028,0.008819369599223137,0.023748526349663734,-0.015067432075738907,0.011300433427095413,0.011874414049088955,-0.008643184788525105,0.021304311230778694,0.0025073420256376266,-0.021657477468896267,0.024421678369733187,-0.05966484965725095,0.0010007491800934076,-0.005439295433461666,0.003371288999915124,0.012378451140714107,0.012378451140714107,0.9883050647021032,0.012378451140714107,nan,0.023127150372235738,-0.05966484965725095,0.01879124004115018,False,False,-0.45949928266174656,-0.002165194199233989,-0.4407080426205964,nan,-0.10252620724853578,0.031179647047299027,-0.10223597553035024,nan,0.17775741457329808,0.015750256898609635,0.17614351428223796,nan,0.09680526579435877,0.019242887306233546,0.09694256026602414,nan,0.006977763306807994,-0.3072082915275311,0.007221015101708137,nan,0.0011309168988287155,-0.0047261221644151336,0.009040456686412774,nan
10.558,2.1664064279998456,ABORT,INITIAL_HOLD,-0.0175323523581028,0.008819369599223137,0.023748526349663734,-0.01497067604213953,0.011256678029894829,0.011254113167524338,-0.009768272750079632,0.019438857212662697,0.0016070212004706264,-0.021672760769195554,0.024447102406812957,-0.05945202915280406,-0.0013494122540578246,-0.0012337070656940337,0.003785863984376192,0.012985107573678748,0.012985107573678748,0.9889232845218916,0.012985107573678748,nan,0.021814463995088188,-0.05945202915280406,0.019833305921554023,False,False,-0.45960038709075324,-0.003840294689373558,-0.4397670811691992,nan,-0.10234789849637593,0.030832510649499725,-0.10201769017447608,nan,0.17758663802990782,0.012678830089387236,0.1757674279828647,nan,0.09667992586434337,0.016016686328922586,0.09673557694965976,nan,0.0069740677325933476,-0.3087789281428338,0.007205597418812539,nan,0.001018260964151807,-0.005243001516613166,0.00902115429021788,nan
10.562,2.244519821999802,ABORT,INITIAL_HOLD,-0.0175323523581028,0.008819369599223137,0.023748526349663734,-0.01497067604213953,0.011256678029894829,0.011254113167524338,-0.009768272750079632,0.019438857212662697,0.0016070212004706264,-0.021672760769195554,0.024447102406812957,-0.05945202915280406,0.000346212211297825,-0.009432941675186157,0.0016600744565948855,0.012985107573678748,0.012985107573678748,0.9889232845218916,0.012985107573678748,nan,0.021814463995088188,-0.05945202915280406,0.019967448867511506,False,False,-0.45960038709075324,-0.003840294689373558,-0.43963293822324173,nan,-0.10234789849637593,0.030832510649499725,-0.10198657153443737,nan,0.17758663802990782,0.012678830089387236,0.17571381332728317,nan,0.09667992586434337,0.016016686328922586,0.09670606952214511,nan,0.0069740677325933476,-0.3087789281428338,0.007203399482435461,nan,0.001018260964151807,-0.005243001516613166,0.009018402551253676,nan
10.587,2.3195125560000633,ABORT,INITIAL_HOLD,-0.0175323523581028,0.008819369599223137,0.023748526349663734,-0.014915176667273045,0.011241861619055271,0.01091489102691412,-0.010057864710688591,0.018945857882499695,0.002202880335971713,-0.02166521490391348,0.02437769799559202,-0.059403251703781024,-0.0021334553603082895,-0.00446429057046771,0.006749045103788377,0.013319920111627817,0.013319920111627817,0.9892614390240728,0.013319920111627817,nan,0.02156290460993142,-0.059403251703781024,0.02089867124574546,False,False,-0.45964574623750387,0.0016041181067423028,-0.4387470749917584,nan,-0.1021561002204665,-0.0037208609284990635,-0.10178106792910575,nan,0.17738325251472897,-0.027470988101695366,0.1753597488499502,nan,0.09652327357945545,-0.026906884272717528,0.09651120616273177,nan,0.007200238220140598,0.0877837526909193,0.007188884585601377,nan,0.0009698170595067168,-0.0007201389163438536,0.009000230411424576,nan
10.600999999999999,2.395732376000069,ABORT,INITIAL_HOLD,-0.0175323523581028,0.008819369599223137,0.023748526349663734,-0.014876528643071651,0.011238162405788898,0.01067027635872364,-0.010317769832909107,0.018268322572112083,0.0018508411012589931,-0.021732972188754425,0.02438689422451717,-0.05927481938709456,-0.0015766037395223975,-0.004963060840964317,-0.0029495663475245233,0.013562617043621805,0.013562617043621805,0.9895053862808687,0.013562617043621805,nan,0.021062136565546685,-0.05927481938709456,0.021408678300803508,False,False,-0.4596233013678628,-0.00013275594199170168,-0.4382146230670593,nan,-0.1019342602268587,0.007786042421356469,-0.10165754909876872,nan,0.1771800802508725,-0.011550113969315299,0.1751469368652967,nan,0.09637921297039487,-0.006234368125416034,0.09639408269819963,nan,0.0073608566495124705,0.19659498121321523,0.007180160344114148,nan,0.0008569307896735268,-0.001575158739083921,0.008989307968225635,nan
10.608,2.472493687000224,ABORT,INITIAL_HOLD,-0.0175323523581028,0.008819369599223137,0.023748526349663734,-0.014876528643071651,0.011238162405788898,0.01067027635872364,-0.010317769832909107,0.018268322572112083,0.0018508411012589931,-0.021732972188754425,0.02438689422451717,-0.05927481938709456,-0.0015766037395223975,-0.004963060840964317,-0.0029495663475245233,0.013562617043621805,0.013562617043621805,0.9895053862808687,0.013562617043621805,nan,0.021062136565546685,-0.05927481938709456,0.021606468059197526,False,False,-0.4595449021309168,0.004347314519219267,-0.4379384340717193,nan,-0.10169111036328005,0.007017497916185731,-0.1015934784473655,nan,0.17694675432702756,-0.017661360694665423,0.1750365488180172,nan,0.09621117601666285,-0.01366135707096942,0.0963333293972924,nan,0.007282244565977258,0.1884559341376426,0.007175634978762482,nan,0.0007715902402924968,-0.005878583705348126,0.008983642370124027,nan
10.644,2.5490832010000304,ABORT,INITIAL_HOLD,-0.0175323523581028,0.008819369599223137,0.023748526349663734,-0.014777018688619137,0.011296273209154606,0.009991627186536789,-0.01092283520847559,0.01891651377081871,0.002204915275797248,-0.021711288934474767,0.024298407298153166,-0.059171253244085224,-0.0008268108940683305,-0.0036531784571707253,-0.003500443650409579,0.014247076531959975,0.014247076531959975,0.9901830862575369,0.014247076531959975,nan,0.021954600283460683,-0.059171253244085224,0.022982581882374953,False,False,-0.45939360280878905,0.008557409802182869,-0.4364110209264141,nan,-0.10143045504565329,-0.0004295373600975939,-0.10123914733051183,nan,0.1767003331155994,-0.02804304364301879,0.17442606774402744,nan,0.09603658454340458,-0.02725780264710858,0.0959973442856766,nan,0.007231667345652504,0.1359714039325458,0.007150608266467396,nan,0.0006982849337857644,-0.018250497058734827,0.008952309807413624,nan
10.68,2.637075568,ABORT,INITIAL_HOLD,-0.0175323523581028,0.008819369599223137,0.023748526349663734,-0.014671655371785164,0.011433498002588749,0.008975280448794365,-0.011233856901526451,0.019038846716284752,0.002276042243465781,-0.021738534703886345,0.024304659636784482,-0.05916659942740896,0.0016673977952450514,0.003426306182518602,0.0038692825473845,0.015273049761077951,0.015273049761077951,0.9911992620605957,0.015273049761077951,nan,0.02222290695350635,-0.05916659942740897,0.024220255706921046,False,False,-0.4589201845052795,0.017763864807595738,-0.43469992879835845,nan,-0.10084967530138744,0.0024525591453832037,-0.10084220614492817,nan,0.17613984712700503,-0.031072813294788892,0.17374217330247338,nan,0.09564578508939903,-0.028198867632496544,0.09562095530316929,nan,0.007276227222559939,0.190867326753285,0.007122571968278617,nan,0.0005580685181838518,-0.02606329485591463,0.00891720934911891,nan
10.713,2.7188166159999128,ABORT,INITIAL_HOLD,-0.0175323523581028,0.008819369599223137,0.023748526349663734,-0.014612019993364811,0.011560540646314621,0.008459622040390968,-0.011705969460308552,0.01953279785811901,0.0019010831601917744,-0.021715305699601617,0.024404720251947266,-0.05909886385409444,-0.0008266186923719943,-0.006177372764796019,0.0021080581936985263,0.015804839600832656,0.015804839600832656,0.991715422060485,0.015804839600832656,nan,0.022851127551037385,-0.05909886385409444,0.025167883952716907,False,False,-0.4581332156838043,0.022535707884440558,-0.43296533173108737,nan,-0.10022435044193401,-0.0019068182755517683,-0.10043981225560854,nan,0.17545959687442636,-0.03379263631073356,0.1730488843362091,nan,0.09516161284415858,-0.024742729095326828,0.09523939593853578,nan,0.00722077573162494,0.29103615525137727,0.007094150540923533,nan,0.0004622238566405201,-0.021458969589920017,0.008881626722666723,nan
10.746,2.7945619400002215,ABORT,INITIAL_HOLD,-0.0175323523581028,0.008819369599223137,0.023748526349663734,-0.014651608653366566,0.011531157419085503,0.007696621585637331,-0.012712578289210796,0.019965261220932007,0.0015801441622897983,-0.021755120485981147,0.02443649039084513,-0.05902111416741846,0.003189956536516547,-0.006297233980149031,0.00351168541237712,0.01653227522229487,0.01653227522229487,0.9924785297627918,0.01653227522229487,nan,0.023721681178891677,-0.05902111416741846,0.026560731008609617,False,False,-0.4576287593580224,0.027016257433243283,-0.43106802834941277,nan,-0.09986741167692426,0.006341098010768649,-0.09999967356208911,nan,0.1751096599490678,-0.031379898611763914,0.1722905644214635,nan,0.094927299533893,-0.027694046359779973,0.09482204606144432,nan,0.00730594039258925,0.27539730718576283,0.007063063165503454,nan,0.00040296029604292016,-0.03593977825760034,0.008842706423093748,nan
10.759,2.8677508939999825,ABORT,INITIAL_HOLD,-0.0175323523581028,0.008819369599223137,0.023748526349663734,-0.01469825953245163,0.011525940150022507,0.007534026633948088,-0.012906346470117569,0.019837956875562668,0.002168816514313221,-0.021691430162542286,0.02438757759201552,-0.05894866512599243,0.003189956536516547,-0.006297233980149031,0.00351168541237712,0.01668135508050244,0.01668135508050244,0.9926417251048084,0.01668135508050244,nan,0.023765985720692464,-0.05894866512599243,0.026787267462209552,False,False,-0.45706248428154517,0.02987311821055827,-0.4302752168193356,nan,-0.09952303376647098,0.00860894327571017,-0.09981575620104624,nan,0.17472350452050378,-0.030199748766262503,0.17197369112765915,nan,0.09467034873105096,-0.02530080287866368,0.0946476512873506,nan,0.00733603178818143,0.3187999996420814,0.0070500729237155954,nan,0.00036060213668775987,-0.0271138492089411,0.008826443097705966,nan
10.766,2.943958905999807,ABORT,INITIAL_HOLD,-0.0175323523581028,0.008819369599223137,0.023748526349663734,-0.01469825953245163,0.011525940150022507,0.007534026633948088,-0.012906346470117569,0.019837956875562668,0.002168816514313221,-0.021691430162542286,0.02438757759201552,-0.05894866512599243,-0.002865017391741276,-0.007936080917716026,-0.00010186657891608677,0.01668135508050244,0.01668135508050244,0.9926417251048084,0.01668135508050244,nan,0.023765985720692464,-0.05894866512599243,0.027224893132968164,False,False,-0.45706248428154517,0.02987311821055827,-0.429837591148577,nan,-0.09952303376647098,0.00860894327571017,-0.09971423527780397,nan,0.17472350452050378,-0.030199748766262503,0.1717987795850216,nan,0.09467034873105096,-0.02530080287866368,0.0945513867565079,nan,0.00733603178818143,0.3187999996420814,0.007042902413373528,nan,0.00036060213668775987,-0.0271138492089411,0.008817465871200568,nan
10.801,3.017304155000147,ABORT,INITIAL_HOLD,-0.0175323523581028,0.008819369599223137,0.023748526349663734,-0.01475896779447794,0.011542437598109245,0.007372988387942314,-0.0138813192024827,0.01905948482453823,0.0011799363419413567,-0.021670835469217612,0.02433306478281478,-0.05884616885228045,-0.002175421454012394,-0.006873765029013158,-0.004084778483957051,0.016830478448341554,0.016830478448341554,0.9928038271370376,0.016830478448341554,nan,0.02360820269205286,-0.05884616885228045,0.028129833879749988,False,False,-0.45566568669039764,0.03678786450959272,-0.42753585281064765,nan,-0.09874959453008891,0.010581050421909986,-0.09918027528244171,nan,0.17387406715250808,-0.032656231124532885,0.17087881389211032,nan,0.09413027870175217,-0.026306192474408917,0.09404507331095677,nan,0.007333443263414452,0.3792437991817907,0.0070051883585095995,nan,0.00030597766795104064,-0.03394735820090781,0.00877024920226081,nan
10.833,3.0924076820001574,ABORT,INITIAL_HOLD,-0.0175323523581028,0.008819369599223137,0.023748526349663734,-0.014804343692958355,0.011588132940232754,0.007015598006546497,-0.013666080310940742,0.019506867974996567,0.0012638941407203674,-0.02167654834670325,0.024309667370449678,-0.058865796520235505,0.0010188999585807323,-0.0020314336288720374,-0.0018748214934021232,0.017178445000974856,0.017178445000974856,0.9931623613586633,0.017178445000974856,nan,0.0238511441582574,-0.0588657965202355,0.0287267587591441,False,False,-0.453990790363223,0.044331325429394906,-0.4252640316040789,nan,-0.0979061296164998,0.011522629242868206,-0.09865325549877042,nan,0.17294260849981935,-0.035636053351892794,0.16997080556812688,nan,0.09356475532117159,-0.02762916085774528,0.09354534073761449,nan,0.007320905648454001,0.43553955923876375,0.0069679644967814,nan,-0.0002889907811693959,-0.03773708806658338,0.00872364623786939,nan
10.839,3.1678064040002027,ABORT,INITIAL_HOLD,-0.0175323523581028,0.008819369599223137,0.023748526349663734,-0.014825595542788506,0.0116416709497571,0.006828981917351484,-0.013631623238325119,0.020164407789707184,0.0007869757246226072,-0.021647828878830287,0.024346429628570643,-0.05888558633443854,0.0010188999585807323,-0.0020314336288720374,-0.0018748214934021232,0.017365566537474803,0.017365566537474803,0.9933498869708625,0.017365566537474803,nan,0.02435249113360673,-0.05888558633443854,0.02917067732802886,False,False,-0.453990790363223,0.044331325429394906,-0.4248201130351941,nan,-0.0979061296164998,0.011522629242868206,-0.09855027474154145,nan,0.17294260849981935,-0.035636053351892794,0.16979337886106355,nan,0.09356475532117159,-0.02762916085774528,0.09344769195779776,nan,0.007320905648454001,0.43553955923876375,0.006960690877106152,nan,-0.0002889907811693959,-0.03773708806658338,0.008714539922108886,nan
10.856,3.2497847419999744,ABORT,INITIAL_HOLD,-0.0175323523581028,0.008819369599223137,0.023748526349663734,-0.014845686964690685,0.01175482664257288,0.006701663602143526,-0.013397375121712685,0.01996847800910473,0.0008924813591875136,-0.021650801502442866,0.0243368192617854,-0.05879991043910311,-0.0011933034984394908,-0.006053654942661524,0.0028916825540363797,0.017505159482915377,0.017505159482915377,0.9934788148026106,0.017505159482915377,nan,0.0240629652605094,-0.05879991043910311,0.029544660260487576,False,False,-0.4530760527094868,0.048022948599915544,-0.42353139244899923,nan,-0.09746232517408693,0.013057540617062328,-0.09825131580824803,nan,0.1724505098842526,-0.03659791307194308,0.1692782991460885,nan,0.09327558479099629,-0.027798758071901554,0.09316421205497961,nan,0.00731893333524436,0.46866046248112747,0.006939575149878984,nan,0.0002920820353802256,-0.040414758427664385,0.00868810377501453,nan
10.874,3.329443008999988,ABORT,INITIAL_HOLD,-0.0175323523581028,0.008819369599223137,0.023748526349663734,-0.014845686964690685,0.01175482664257288,0.006701663602143526,-0.013397375121712685,0.01996847800910473,0.0008924813591875136,-0.021650801502442866,0.0243368192617854,-0.05879991043910311,-0.004742748569697142,-0.004947372712194919,0.006521332077682019,0.017505159482915377,0.017505159482915377,0.9934788148026106,0.017505159482915377,nan,0.0240629652605094,-0.05879991043910311,0.02998970374005583,False,False,-0.4521065310415153,0.05077567550088327,-0.4221168273014595,nan,-0.09699822402680702,0.014114501794380797,-0.0979231633040414,nan,0.17194360901237093,-0.036983012790689676,0.16871292149882072,nan,0.09298065165235947,-0.027649285214955282,0.09285305012053849,nan,0.007306323839936013,0.4891795365338156,0.006916397455566907,nan,0.0003085768522721466,-0.04248748973436114,0.008659086117722873,nan
10.884,3.411148250000224,ABORT,INITIAL_HOLD,-0.0175323523581028,0.008819369599223137,0.023748526349663734,-0.014858735725283623,0.011841477826237679,0.006612766999751329,-0.013325350359082222,0.019822021946310997,-0.00039946375181898475,-0.021635666586887883,0.024371949825810358,-0.05868726588833314,0.0006246722768992186,-0.008324805647134781,0.0017099112737923871,0.01760442025552636,0.01760442025552636,0.9935689192564114,0.01760442025552636,nan,0.023888011376448748,-0.05868726588833314,0.030797883160229578,False,False,-0.4521065310415153,0.05077567550088327,-0.42130864788128575,nan,-0.09699822402680702,0.014114501794380797,-0.09773568088158843,nan,0.17194360901237093,-0.036983012790689676,0.16838990592054015,nan,0.09298065165235947,-0.027649285214955282,0.09267527487123721,nan,0.007306323839936013,0.4891795365338156,0.006903155410417782,nan,0.0003085768522721466,-0.04248748973436114,0.008642507543391702,nan
10.921,3.4867599700000937,ABORT,INITIAL_HOLD,-0.0175323523581028,0.008819369599223137,0.023748526349663734,-0.014857492409646511,0.01200745441019535,0.006262640934437513,-0.012824952602386475,0.020569557324051857,-0.0017658916767686605,-0.021738259910224933,0.02438287248597273,-0.05849890252113346,0.003682756330817938,-0.007972466759383678,0.000886394758708776,0.01797428577886277,0.01797428577886277,0.993920954022358,0.01797428577886277,nan,0.024304412586503624,-0.05849890252113347,0.03173080725157812,False,False,-0.4499101428346952,0.058196614405707975,-0.4181793355831171,nan,-0.09600417210296008,0.0353046029765642,-0.0970097392953174,nan,0.1708495829251655,-0.018845388276176385,0.1671391729813172,nan,0.0923499043064373,-0.004569383773253733,0.09198691995887272,nan,0.007376233568217039,0.5241106539830553,0.006851881530257418,nan,-0.00029566904587774445,-0.006103926498115975,0.008578314450564013,nan
10.957,3.5607675109999946,ABORT,INITIAL_HOLD,-0.0175323523581028,0.008819369599223137,0.023748526349663734,-0.014868196099996567,0.011820986866950989,0.005986784119158983,-0.013376361690461636,0.020642774179577827,-0.0034254812635481358,-0.021565909572035795,0.024386519564179865,-0.0583723861178815,0.0047865090891718864,-0.00690773269161582,0.0010824943892657765,0.0182095283259184,0.0182095283259184,0.9941946853265451,0.0182095283259184,nan,0.024835158541672613,-0.0583723861178815,0.03243893907709405,False,False,-0.44736281216084617,0.06357487001365762,-0.4149238730837521,nan,-0.09494113311104968,0.021456370549991135,-0.09625453323543712,nan,0.16966067866489798,-0.03665893627640857,0.1658380199507476,nan,0.09165724302084222,-0.0252213720831266,0.09127081578327871,nan,0.007350389443972816,0.6354205233971595,0.00679854067509359,nan,0.00029400995471551283,-0.04678648419143744,0.0085115335778013,nan
10.957,3.63469575299996,ABORT,INITIAL_HOLD,-0.0175323523581028,0.008819369599223137,0.023748526349663734,-0.014868196099996567,0.011820986866950989,0.005986784119158983,-0.013376361690461636,0.020642774179577827,-0.0034254812635481358,-0.021565909572035795,0.024386519564179865,-0.0583723861178815,0.0047865090891718864,-0.00690773269161582,0.0010824943892657765,0.0182095283259184,0.0182095283259184,0.9941946853265451,0.0182095283259184,nan,0.024835158541672613,-0.0583723861178815,0.03243893907709405,False,False,-0.44736281216084617,0.06357487001365762,-0.4149238730837521,nan,-0.09494113311104968,0.021456370549991135,-0.09625453323543712,nan,0.16966067866489798,-0.03665893627640857,0.1658380199507476,nan,0.09165724302084222,-0.0252213720831266,0.09127081578327871,nan,0.007350389443972816,0.6354205233971595,0.00679854067509359,nan,0.00029400995471551283,-0.04678648419143744,0.0085115335778013,nan
10.98,3.713777227999799,ABORT,INITIAL_HOLD,-0.0175323523581028,0.008819369599223137,0.023748526349663734,-0.014880485832691193,0.011769202537834644,0.006094240117818117,-0.013643202371895313,0.02018117904663086,-0.003991900943219662,-0.021428319244356345,0.02450135161119557,-0.05829594567094168,-0.0010952051961794496,-0.010165673680603504,-0.005597142502665519,0.01809441164531883,0.01809441164531883,0.9940868183986603,0.01809441164531883,nan,0.02468506090357365,-0.05829594567094168,0.033287531397720505,False,False,-0.44602257297202197,0.07003403083579571,-0.41273504157430146,nan,-0.09436552596673842,0.039187673696132796,-0.09574676550034066,nan,0.1690527272930611,-0.021882241319515373,0.16496318119819448,nan,0.091322572893338,-0.005896999595520588,0.09078933845589587,nan,0.006977072600717449,-0.01290234367110288,0.006762676602155751,nan,-0.00023969847954852241,-0.004755772946152259,0.00846663302110309,nan
10.991,3.7863103869999577,ABORT,INITIAL_HOLD,-0.0175323523581028,0.008819369599223137,0.023748526349663734,-0.014880485832691193,0.011769202537834644,0.006094240117818117,-0.013643202371895313,0.02018117904663086,-0.003991900943219662,-0.021428319244356345,0.02450135161119557,-0.05829594567094168,-0.0010952051961794496,-0.010165673680603504,-0.005597142502665519,0.01809441164531883,0.01809441164531883,0.9940868183986603,0.01809441164531883,nan,0.02468506090357365,-0.05829594567094168,0.0329375630475785,False,False,-0.4445957578922508,0.072596564441928,-0.4116581948446723,nan,-0.09377555226594314,0.03952160695424046,-0.09549695731611588,nan,0.1684004179573071,-0.02298912881739917,0.16453278386264253,nan,0.09095627339324253,-0.00718900264557016,0.09055246445113843,nan,0.006981342993354289,0.011740897031209745,0.006745032434714106,nan,-0.000250191531241839,-0.006649864962702895,0.008444543144641499,nan
10.998,3.8614314110000123,ABORT,INITIAL_HOLD,-0.0175323523581028,0.008819369599223137,0.023748526349663734,-0.014884402975440025,0.011751927435398102,0.006133022718131542,-0.013019015081226826,0.020803172141313553,-0.004170783795416355,-0.02140704402485617,0.0244352321960769,-0.058391434711360435,-0.0010952051961794496,-0.010165673680603504,-0.005597142502665519,0.01805318530310314,0.01805318530310314,0.9940478971265821,0.01805318530310314,nan,0.024893014327205202,-0.058391434711360435,0.033632932246712266,False,False,-0.4445957578922508,0.072596564441928,-0.41096282564553854,nan,-0.09377555226594314,0.03952160695424046,-0.09533564474282027,nan,0.1684004179573071,-0.02298912881739917,0.16425485661236883,nan,0.09095627339324253,-0.00718900264557016,0.0903995040692645,nan,0.006981342993354289,0.011740897031209745,0.0067336387885751576,nan,-0.000250191531241839,-0.006649864962702895,0.008430278700796878,nan
11.021,3.9411112709999543,ABORT,INITIAL_HOLD,-0.0175323523581028,0.008819369599223137,0.023748526349663734,-0.014871503226459026,0.011773468926548958,0.0059678577817976475,-0.012617177329957485,0.021317530423402786,-0.004676795564591885,-0.021318657250922163,0.02442284417579248,-0.058383353472110586,0.0008852470782585442,-0.007532926276326179,0.005345287732779981,0.018219741920712743,0.018219741920712743,0.9942130938293297,0.018219741920712743,nan,0.025209178564191314,-0.05838335347211058,0.03446465262253173,False,False,-0.44308744110035736,0.07886806940650744,-0.4086227884778256,nan,-0.09318810577564118,0.020400372145300525,-0.09479280013940476,nan,0.16771545357303896,-0.04831261156765001,0.16331958352812687,nan,0.09055995609609901,-0.03805043961560772,0.08988476602907167,nan,0.006884983912112119,-0.06840918407465992,0.006695297206183933,nan,0.0003703215115642422,-0.055728905463826264,0.008382276389485495,nan
11.021,4.012637838000046,ABORT,INITIAL_HOLD,-0.0175323523581028,0.008819369599223137,0.023748526349663734,-0.014871503226459026,0.011773468926548958,0.0059678577817976475,-0.012617177329957485,0.021317530423402786,-0.004676795564591885,-0.021318657250922163,0.02442284417579248,-0.058383353472110586,0.0008852470782585442,-0.007532926276326179,0.005345287732779981,0.018219741920712743,0.018219741920712743,0.9942130938293297,0.018219741920712743,nan,0.025209178564191314,-0.05838335347211058,0.03446465262253173,False,False,-0.44308744110035736,0.07886806940650744,-0.4086227884778256,nan,-0.09318810577564118,0.020400372145300525,-0.09479280013940476,nan,0.16771545357303896,-0.04831261156765001,0.16331958352812687,nan,0.09055995609609901,-0.03805043961560772,0.08988476602907167,nan,0.006884983912112119,-0.06840918407465992,0.006695297206183933,nan,0.0003703215115642422,-0.055728905463826264,0.008382276389485495,nan
11.057,4.087069666999923,ABORT,INITIAL_HOLD,-0.0175323523581028,0.008819369599223137,0.023748526349663734,-0.014803879894316196,0.011906392872333527,0.005717776250094175,-0.011601025238633156,0.021870769560337067,-0.0054692551493644714,-0.021255007986309717,0.02445389864578352,-0.05814792479120284,0.0008235295535996556,-0.005342240445315838,0.002856621518731118,0.018495464952995762,0.018495464952995762,0.9944637034684641,0.018495464952995762,nan,0.02535403517465454,-0.05814792479120284,0.034963922029215944,False,False,-0.43975448204744083,0.08368447917835753,-0.4047905600182249,nan,-0.09198954198403708,0.02046065281592204,-0.09390379522655422,nan,0.16626103951515336,-0.04798324730951237,0.1617879069460691,nan,0.0897315157734635,-0.03405638284831662,0.08904179062932875,nan,0.007188802514362713,0.6921428120829403,0.006632506022670643,nan,-0.000360499093332578,-0.05752278280547021,0.008303664038334725,nan
11.059,4.160858904000179,ABORT,INITIAL_HOLD,-0.0175323523581028,0.008819369599223137,0.023748526349663734,-0.014803879894316196,0.011906392872333527,0.005717776250094175,-0.011601025238633156,0.021870769560337067,-0.0054692551493644714,-0.021255007986309717,0.02445389864578352,-0.05814792479120284,0.0008235295535996556,-0.005342240445315838,0.002856621518731118,0.018495464952995762,0.018495464952995762,0.9944637034684641,0.018495464952995762,nan,0.02535403517465454,-0.05814792479120284,0.035182869121322735,False,False,-0.43975448204744083,0.08368447917835753,-0.4045716129261181,nan,-0.09198954198403708,0.02046065281592204,-0.09385300361989787,nan,0.16626103951515336,-0.04798324730951237,0.1617003975146182,nan,0.0897315157734635,-0.03405638284831662,0.08899362883145136,nan,0.007188802514362713,0.6921428120829403,0.006628918567698918,nan,-0.000360499093332578,-0.05752278280547021,0.008299172671009006,nan
11.075,4.239284180000141,ABORT,INITIAL_HOLD,-0.0175323523581028,0.008819369599223137,0.023748526349663734,-0.01477203518152237,0.011983013711869717,0.005710916593670845,-0.012333373539149761,0.02169760875403881,-0.005356146953999996,-0.021249655002655708,0.024441063286446175,-0.05809222201393766,0.0011367746628820896,-0.006852904800325632,0.0012870471691712746,0.018519809953028626,0.018519809953028626,0.9944710086382716,0.018519809953028626,nan,0.025526195147189183,-0.05809222201393766,0.03517647950217079,False,False,-0.4379736957079601,0.092681548391362,-0.4027972162057893,nan,-0.09134397068642386,0.008705064472575262,-0.09344137695975807,nan,0.16552925008477626,-0.06444989329109307,0.1609912013034688,nan,0.08933238720747383,-0.05087009883985048,0.08860331473603922,nan,0.007094020668255041,0.6584962634689632,0.006599845021780115,nan,-0.0003458054543150624,-0.05376438941171667,0.008262773615073339,nan
11.112,4.32459636800013,ABORT,INITIAL_HOLD,-0.0175323523581028,0.008819369599223137,0.023748526349663734,-0.014752247370779514,0.012110143899917603,0.005790813360363245,-0.013468584045767784,0.02134435437619686,-0.0045087505131959915,-0.02128910497026119,0.02445165646669944,-0.05810447299702624,0.0043448032811284065,-0.0060674273408949375,0.0013944930396974093,0.01846720431047273,0.01846720431047273,0.9943923728520917,0.01846720431047273,nan,0.025638117152490543,-0.05810447299702624,0.03564651144897246,False,False,-0.4341858063019197,0.09601355950521259,-0.39853929485294726,nan,-0.09002120027619398,0.01416027164445452,-0.09245361930357643,nan,0.16399306842314498,-0.05559545946884821,0.15928938250713554,nan,0.08850050772734974,-0.03203107975699727,0.08766669965885254,nan,0.0070045280959369904,0.8362943782122525,0.0065300788468586664,nan,-0.00043332638950488445,-0.045610187235694516,0.008175428820239042,nan
11.146,4.407095291000132,ABORT,INITIAL_HOLD,-0.0175323523581028,0.008819369599223137,0.023748526349663734,-0.014714665710926056,0.012115643359720707,0.006137172691524029,-0.013256595470011234,0.018771205097436905,-0.005416086874902248,-0.02112781381360372,0.024511051757931286,-0.05792556566899737,0.0030573043040931225,-0.006522946059703826,0.004324711859226228,0.018137380086933552,0.018137380086933552,0.9940455873382276,0.018137380086933552,nan,0.02360994411899469,-0.05792556566899737,0.037739302548125575,False,False,-0.4321772783404647,0.10225609643484958,-0.39443797579233913,nan,-0.08931047346575482,0.012133842839656812,-0.09150219043327677,nan,0.16321364529618432,-0.06506216566700562,0.15765015498536739,nan,0.08808632333918709,-0.04990319629039231,0.08676453239219914,nan,0.007049120932937747,0.7413783908620176,0.0064628786054075,nan,-0.0003652836967118489,-0.05784299835097945,0.008091296483774043,nan
11.158,4.4799748410000575,ABORT,INITIAL_HOLD,-0.0175323523581028,0.008819369599223137,0.023748526349663734,-0.01471040304750204,0.012039147317409515,0.006264762487262487,-0.013847002759575844,0.017663706094026566,-0.005985642783343792,-0.02104321534672115,0.024506300085234235,-0.05775779571890647,0.0030573043040931225,-0.006522946059703826,0.004324711859226228,0.01800034347623226,0.01800034347623226,0.9939170283783487,0.01800034347623226,nan,0.023228730441624396,-0.05775779571890646,0.03718913958243242,False,False,-0.43013688968324004,0.10737339709633027,-0.3929477501008076,nan,-0.08859169730669691,0.037549070073978875,-0.09115648610614863,nan,0.16242735118080898,-0.03453992167586173,0.15705453710460632,nan,0.08768202399098968,-0.01082402903722866,0.08643672740581353,nan,0.00707312640487423,0.8433938647645539,0.006438461210708927,nan,-0.0002802193788529195,0.002380688550568777,0.008060726765243019,nan
11.164,4.553203484999813,ABORT,INITIAL_HOLD,-0.0175323523581028,0.008819369599223137,0.023748526349663734,-0.01471040304750204,0.012039147317409515,0.006264762487262487,-0.013847002759575844,0.017663706094026566,-0.005985642783343792,-0.02104321534672115,0.024506300085234235,-0.05775779571890647,-0.0037547233514487743,-0.0023876687046140432,-0.00141936051659286,0.01800034347623226,0.01800034347623226,0.9939170283783487,0.01800034347623226,nan,0.023228730441624396,-0.05775779571890646,0.03794254758801158,False,False,-0.43013688968324004,0.10737339709633027,-0.39219434209522847,nan,-0.08859169730669691,0.037549070073978875,-0.09098170962155183,nan,0.16242735118080898,-0.03453992167586173,0.15675341272983442,nan,0.08768202399098968,-0.01082402903722866,0.08627100022608825,nan,0.00707312640487423,0.8433938647645539,0.006426116596905911,nan,-0.0002802193788529195,0.002380688550568777,0.008045271743362472,nan
11.193,4.632566150000002,ABORT,INITIAL_HOLD,-0.0175323523581028,0.008819369599223137,0.023748526349663734,-0.0147255202755332,0.011936015449464321,0.006394066847860813,-0.015105370432138443,0.017459945753216743,-0.005986928939819336,-0.021045495772551607,0.024578642308746606,-0.05775995896946862,0.00569780170917511,-0.004795963410288095,0.0050274096429348,0.017854104634377085,0.017854104634377085,0.9937867275262475,0.017854104634377085,nan,0.02385089599423552,-0.05775995896946862,0.03724515126199307,False,False,-0.425720615188113,0.11279846521109892,-0.3884754639261199,nan,-0.08708565108226907,0.05168584635424327,-0.09011899984381208,nan,0.16069956138456387,-0.029965924079425447,0.15526704033236444,nan,0.08677293454445945,-0.008189584865688524,0.08545295849286494,nan,0.0069953924146810564,0.7568564017727055,0.006365182661457712,nan,-0.0002469537708078562,-0.010220105766860499,0.007968984601403469,nan
11.211,4.706139689999873,ABORT,INITIAL_HOLD,-0.0175323523581028,0.008819369599223137,0.023748526349663734,-0.014745227992534637,0.011899522505700588,0.006473963148891926,-0.01551969163119793,0.01811879314482212,-0.005787207745015621,-0.02095255821844636,0.02457624424459446,-0.05760510030641595,0.0005124693852849305,-0.006087497808039188,0.0024831360206007966,0.01776699012027318,0.01776699012027318,0.9937067003323893,0.01776699012027318,nan,0.02454879359227856,-0.05760510030641595,0.03730091424137666,False,False,-0.42340414637448376,0.1122716350973494,-0.3861032321331071,nan,-0.08632974661123871,0.03690283860384044,-0.0895686866929546,nan,0.1598058744931068,-0.04179145140452108,0.15431889960357575,nan,0.08629801676749693,-0.014303680937266272,0.0849311386000587,nan,0.006607637510517073,0.10168756238503394,0.006326313569121123,nan,-0.0004019929827929758,0.004352334245807887,0.007920321866211848,nan
11.213,4.777746755999942,ABORT,INITIAL_HOLD,-0.0175323523581028,0.008819369599223137,0.023748526349663734,-0.014745227992534637,0.011899522505700588,0.006473963148891926,-0.01551969163119793,0.01811879314482212,-0.005787207745015621,-0.02095255821844636,0.02457624424459446,-0.05760510030641595,0.0005124693852849305,-0.006087497808039188,0.0024831360206007966,0.01776699012027318,0.01776699012027318,0.9937067003323893,0.01776699012027318,nan,0.02454879359227856,-0.05760510030641595,0.037567494222551734,False,False,-0.42340414637448376,0.1122716350973494,-0.385836652151932,nan,-0.08632974661123871,0.03690283860384044,-0.08950684515207816,nan,0.1598058744931068,-0.04179145140452108,0.1542123521159414,nan,0.08629801676749693,-0.014303680937266272,0.08487249899426183,nan,0.006607637510517073,0.10168756238503394,0.006321945647767948,nan,-0.0004019929827929758,0.004352334245807887,0.007914853382453423,nan
11.213,4.851826588000222,ABORT,INITIAL_HOLD,-0.0175323523581028,0.008819369599223137,0.023748526349663734,-0.014745227992534637,0.011899522505700588,0.006473963148891926,-0.01551969163119793,0.01811879314482212,-0.005787207745015621,-0.02095255821844636,0.02457624424459446,-0.05760510030641595,0.0005124693852849305,-0.006087497808039188,0.0024831360206007966,0.01776699012027318,0.01776699012027318,0.9937067003323893,0.01776699012027318,nan,0.02454879359227856,-0.05760510030641595,0.037567494222551734,False,False,-0.42340414637448376,0.1122716350973494,-0.385836652151932,nan,-0.08632974661123871,0.03690283860384044,-0.08950684515207816,nan,0.1598058744931068,-0.04179145140452108,0.1542123521159414,nan,0.08629801676749693,-0.014303680937266272,0.08487249899426183,nan,0.006607637510517073,0.10168756238503394,0.006321945647767948,nan,-0.0004019929827929758,0.004352334245807887,0.007914853382453423,nan
11.238,4.9268620020002345,ABORT,INITIAL_HOLD,-0.0175323523581028,0.008819369599223137,0.023748526349663734,-0.01477609109133482,0.011854004114866257,0.007074470166116953,-0.014442745596170425,0.017254095524549484,-0.006152506452053785,-0.020840784784814898,0.024534418655803046,-0.0573144655451555,0.0036556280683726072,-0.0077010546810925,0.005986351519823075,0.01717061828899276,0.01717061828899276,0.993106216916092,0.01717061828899276,nan,0.023327023992968803,-0.057314465545155506,0.03856632926391107,False,False,-0.4210205517722594,0.12217508131120489,-0.3824542225083483,nan,-0.08553317516144077,0.056113993710022604,-0.08872218510317531,nan,0.15892180475741302,-0.02978372674819367,0.152860452475784,nan,0.0858505201596973,-0.007255796928955224,0.08412846585245919,nan,0.006512601054796008,0.05349220775464338,0.00626652443196361,nan,-0.0002469356100247566,-0.015520665362671937,0.007845467971409354,nan
11.27,5.001596920999873,ABORT,INITIAL_HOLD,-0.0175323523581028,0.008819369599223137,0.023748526349663734,-0.014773205853998661,0.01187219750136137,0.007414235733449459,-0.014042467810213566,0.017985953018069267,-0.007587444968521595,-0.020807433466783466,0.024612165394506943,-0.05722674478201352,0.008426349610090256,-0.003694324055686592,0.007020355202257634,0.016844634088223155,0.016844634088223155,0.9927666876508943,0.016844634088223155,nan,0.02404692764823446,-0.057226744782013526,0.0380573213354381,False,False,-0.4160480296850171,0.12515270263508843,-0.377990708349579,nan,-0.08391944389655848,0.036201006342293215,-0.08768673378351749,nan,0.15704843236188548,-0.0471657552251946,0.15107646172921393,nan,0.0848773526770259,-0.016694285243377783,0.08314662652009361,nan,0.006691523731674032,0.9436802820287699,0.006193389612468362,nan,-0.0003576729992129657,0.009393363276920669,0.007753905752164166,nan
11.306,5.076133642000059,ABORT,INITIAL_HOLD,-0.0175323523581028,0.008819369599223137,0.023748526349663734,-0.014747906476259232,0.011960025876760483,0.0076542082242667675,-0.013546546921133995,0.018071165308356285,-0.00830092653632164,-0.020586624011926583,0.024672894918991575,-0.056934401610579916,-0.0008675619610585272,-0.007915114983916283,0.005784420296549798,0.01663261665054635,0.01663261665054635,0.9925274371116458,0.01663261665054635,nan,0.024062030887891266,-0.056934401610579916,0.04068372380189783,False,False,-0.4134767435713318,0.12842775374984652,-0.37279301976943396,nan,-0.0830748013288396,0.058970549189322666,-0.08648096780898645,nan,0.15611520305237025,-0.03068518427680241,0.14899903394458058,nan,0.08440554595366478,-0.008436210178877284,0.0820032908200494,nan,0.006476217275960927,-0.00885377651030432,0.0061082253220505565,nan,-0.0002371690100444468,-0.018550547320620142,0.007647283058829939,nan
11.306,5.151505452000038,ABORT,INITIAL_HOLD,-0.0175323523581028,0.008819369599223137,0.023748526349663734,-0.014747906476259232,0.011960025876760483,0.0076542082242667675,-0.013546546921133995,0.018071165308356285,-0.00830092653632164,-0.020586624011926583,0.024672894918991575,-0.056934401610579916,-0.0008675619610585272,-0.007915114983916283,0.005784420296549798,0.01663261665054635,0.01663261665054635,0.9925274371116458,0.01663261665054635,nan,0.024062030887891266,-0.056934401610579916,0.04068372380189783,False,False,-0.4134767435713318,0.12842775374984652,-0.37279301976943396,nan,-0.0830748013288396,0.058970549189322666,-0.08648096780898645,nan,0.15611520305237025,-0.03068518427680241,0.14899903394458058,nan,0.08440554595366478,-0.008436210178877284,0.0820032908200494,nan,0.006476217275960927,-0.00885377651030432,0.0061082253220505565,nan,-0.0002371690100444468,-0.018550547320620142,0.007647283058829939,nan
11.328,5.228733239000121,ABORT,INITIAL_HOLD,-0.0175323523581028,0.008819369599223137,0.023748526349663734,-0.014738798141479492,0.012032183818519115,0.0078021567314863205,-0.014333388768136501,0.01906297169625759,-0.008388375863432884,-0.02060890863248652,0.024622925129726247,-0.05676960461164366,-0.001987544819712639,-0.0045949737541377544,-0.00021542183822020831,0.016504933334262697,0.016504933334262697,0.9923802526273827,0.016504933334262697,nan,0.02528255867385821,-0.05676960461164366,0.03858412908102987,False,False,-0.4081108889126952,0.13130235267846502,-0.36952675983166533,nan,-0.0813655622953231,0.046531592609745806,-0.085723256946512,nan,0.15411964213452567,-0.04419172804801629,0.14769356536139627,nan,0.08338017090959937,-0.01568601985808496,0.08128481153163253,nan,0.006526134486955826,0.22754830016460828,0.00605470755051981,nan,-0.000399189714446635,-0.0007961814769907039,0.0075802806930043085,nan
11.372,5.317917367000064,ABORT,INITIAL_HOLD,-0.0175323523581028,0.008819369599223137,0.023748526349663734,-0.014730178751051426,0.011881832964718342,0.007928353734314442,-0.014287554658949375,0.017636174336075783,-0.009035184979438782,-0.020612025120148696,0.024522407710867996,-0.05658935623391885,-0.0021166424266994,-0.00315596186555922,0.00201007747091353,0.016355693821067427,0.016355693821067427,0.9922521390478062,0.016355693821067427,nan,0.02442956059689982,-0.05658935623391885,0.03979932518281265,False,False,-0.4025944660115739,0.1371002812354358,-0.36279514082876124,nan,-0.07962164604407285,0.046250171103998025,-0.08416164796935743,nan,0.1521175374256556,-0.04713715818982289,0.1450030516577437,nan,0.08236844244470909,-0.017195849506302027,0.07980405711427158,nan,0.0064774081685570195,0.20148735537531534,0.0059444097620114135,nan,-0.0004082258932740501,0.0008417149771758337,0.0074421917449031755,nan
11.376,5.391420901999936,ABORT,INITIAL_HOLD,-0.0175323523581028,0.008819369599223137,0.023748526349663734,-0.014730178751051426,0.011881832964718342,0.007928353734314442,-0.014287554658949375,0.017636174336075783,-0.009035184979438782,-0.020612025120148696,0.024522407710867996,-0.05658935623391885,-0.0021166424266994,-0.00315596186555922,0.00201007747091353,0.016355693821067427,0.016355693821067427,0.9922521390478062,0.016355693821067427,nan,0.02442956059689982,-0.05658935623391885,0.040424190634097634,False,False,-0.4025944660115739,0.1371002812354358,-0.36217027537747626,nan,-0.07962164604407285,0.046250171103998025,-0.08401669093928497,nan,0.1521175374256556,-0.04713715818982289,0.14475330355719077,nan,0.08236844244470909,-0.017195849506302027,0.0796666054437526,nan,0.0064774081685570195,0.20148735537531534,0.005934171321992408,nan,-0.0004082258932740501,0.0008417149771758337,0.007429373578450877,nan
11.392,5.465617628000018,ABORT,INITIAL_HOLD,-0.0175323523581028,0.008819369599223137,0.023748526349663734,-0.014721904881298542,0.011866583488881588,0.008013499900698662,-0.014450102113187313,0.018432190641760826,-0.009402009658515453,-0.02062375551398207,0.02458842409490559,-0.05650317042908358,0.0057252985425293446,-0.00231132353655994,-0.0020292338449507947,0.01627191398879779,0.01627191398879779,0.992166703062693,0.01627191398879779,nan,0.025237846353335574,-0.05650317042908358,0.04008211152062624,False,False,-0.3997318437560544,0.14434815915102114,-0.3596497322354282,nan,-0.07869001590178915,0.05833455031268017,-0.08343197234540292,nan,0.15110214858072357,-0.03954487271509695,0.14374588530291904,nan,0.08187286508178637,-0.01182889846807978,0.07911216149941672,nan,0.006586281163329488,0.8899908519053057,0.0058928721435499,nan,-0.00027425301290051607,-0.00927938158692071,0.007377668461007541,nan
11.393,5.541143735999867,ABORT,INITIAL_HOLD,-0.0175323523581028,0.008819369599223137,0.023748526349663734,-0.014721904881298542,0.011866583488881588,0.008013499900698662,-0.014450102113187313,0.018432190641760826,-0.009402009658515453,-0.02062375551398207,0.02458842409490559,-0.05650317042908358,0.0057252985425293446,-0.00231132353655994,-0.0020292338449507947,0.01627191398879779,0.01627191398879779,0.992166703062693,0.01627191398879779,nan,0.025237846353335574,-0.05650317042908358,0.04024075788986414,False,False,-0.3997318437560544,0.14434815915102114,-0.3594910858661903,nan,-0.07869001590178915,0.05833455031268017,-0.0833951693721081,nan,0.15110214858072357,-0.03954487271509695,0.1436824770455169,nan,0.08187286508178637,-0.01182889846807978,0.07907726405320861,nan,0.006586281163329488,0.8899908519053057,0.005890272717813791,nan,-0.00027425301290051607,-0.00927938158692071,0.007374414071500548,nan
11.414,5.615958553999917,ABORT,INITIAL_HOLD,-0.0175323523581028,0.008819369599223137,0.023748526349663734,-0.014717865735292435,0.011876096948981285,0.008142232894897461,-0.014395728707313538,0.018771858885884285,-0.009860280901193619,-0.02052952651909434,0.02463519138928318,-0.056507287936790856,0.0009905159240588546,-0.005807863548398018,0.001687528099864722,0.016149963233302377,0.016149963233302377,0.9920380473637408,0.016149963233302377,nan,0.02562898418776225,-0.056507287936790856,0.0407038820364482,False,False,-0.3968335392932989,0.16495457779537134,-0.3561296572568507,nan,-0.07790532907907366,0.06879570408655271,-0.08261538116808996,nan,0.14984503303667918,-0.03098896318549195,0.14233897116180952,nan,0.08108897072134624,-0.003615794535331146,0.0783378505094867,nan,-0.006384781300512898,-0.1426501905525741,0.005835195604614268,nan,-0.0002666233887875791,-0.007860719793880366,0.0073054594648033315,nan
11.422,5.689712085999872,ABORT,INITIAL_HOLD,-0.0175323523581028,0.008819369599223137,0.023748526349663734,-0.014709003269672394,0.011905872263014317,0.00798825267702341,-0.01395515725016594,0.01844293251633644,-0.010436258278787136,-0.020478878838617966,0.024671343956986024,-0.056482320896651714,5.3481548093259335e-05,-0.00695003941655159,0.00030740723013877955,0.01630595060109194,0.01630595060109194,0.9921922250241209,0.01630595060109194,nan,0.025373286356728645,-0.056482320896651714,0.04199926594974973,False,False,-0.3968335392932989,0.16495457779537134,-0.35483427334354917,nan,-0.07790532907907366,0.06879570408655271,-0.08231487646825467,nan,0.14984503303667918,-0.03098896318549195,0.14182122822824106,nan,0.08108897072134624,-0.003615794535331146,0.0780529048744215,nan,-0.006384781300512898,-0.1426501905525741,0.005813970698563454,nan,-0.0002666233887875791,-0.007860719793880366,0.007278886629665489,nan
11.437,5.764748699999927,ABORT,INITIAL_HOLD,-0.0175323523581028,0.008819369599223137,0.023748526349663734,-0.01469810213893652,0.011951502412557602,0.007903704419732094,-0.01389996986836195,0.019011465832591057,-0.011660754680633545,-0.02046327645201326,0.024644840340768696,-0.05645468478191083,5.3481548093259335e-05,-0.00695003941655159,0.00030740723013877955,0.016398219789247038,0.016398219789247038,0.9922771449149146,0.016398219789247038,nan,0.026279615582558744,-0.05645468478191083,0.041115836450806686,False,False,-0.3934995358491946,0.1675343061241785,-0.35238369939838793,nan,-0.07723439155068945,0.07198315517056933,-0.08174638941182827,nan,0.14845188344712223,-0.028392374998787294,0.14084177547275595,nan,0.08010366390268686,-0.003218839566161584,0.07751385205625075,nan,0.007480157282413913,0.6555141083684393,0.005773817967606611,nan,-0.000703270851698079,-0.02778760853932777,0.007228616824112713,nan
11.455,5.840147808999973,ABORT,INITIAL_HOLD,-0.0175323523581028,0.008819369599223137,0.023748526349663734,-0.01469810213893652,0.011951502412557602,0.007903704419732094,-0.01389996986836195,0.019011465832591057,-0.011660754680633545,-0.02046327645201326,0.024644840340768696,-0.05645468478191083,0.003525168402120471,-0.007464477326720953,0.0023240880109369763,0.016398219789247038,0.016398219789247038,0.9922771449149146,0.016398219789247038,nan,0.026279615582558744,-0.05645468478191083,0.04056034083324933,False,False,-0.38996649621217383,0.17887335277080915,-0.3494061553789245,nan,-0.07629322570073782,0.0741489996911732,-0.08105565521123537,nan,0.14730644812419857,-0.030022547280086437,0.13965170173505048,nan,0.07944190399846374,-0.005232478213980797,0.07685888161633059,nan,0.006778305913650584,-0.11481546266160657,0.005725030815453239,nan,-0.00041084635950827675,-0.020925842085242813,0.007167537027202766,nan
11.456,5.917375887000162,ABORT,INITIAL_HOLD,-0.0175323523581028,0.008819369599223137,0.023748526349663734,-0.01469810213893652,0.011951502412557602,0.007903704419732094,-0.01389996986836195,0.019011465832591057,-0.011660754680633545,-0.02046327645201326,0.024644840340768696,-0.05645468478191083,0.003525168402120471,-0.007464477326720953,0.0023240880109369763,0.016398219789247038,0.016398219789247038,0.9922771449149146,0.016398219789247038,nan,0.026279615582558744,-0.05645468478191083,0.040726923817494765,False,False,-0.38996649621217383,0.17887335277080915,-0.34923957239467907,nan,-0.07629322570073782,0.0741489996911732,-0.08101701109255803,nan,0.14730644812419857,-0.030022547280086437,0.139585121347522,nan,0.07944190399846374,-0.005232478213980797,0.07682223835270081,nan,0.006778305913650584,-0.11481546266160657,0.00572230134803129,nan,-0.00041084635950827675,-0.020925842085242813,0.00716411983008331,nan
11.489,5.990166925999802,ABORT,INITIAL_HOLD,-0.0175323523581028,0.008819369599223137,0.023748526349663734,-0.014631724916398525,0.012110523879528046,0.007777581922709942,-0.011854063719511032,0.018304582685232162,-0.013796168379485607,-0.02035057717653803,0.024596516260342507,-0.056340252847140955,-0.0034478374291211367,-0.006223097443580627,0.005506906658411027,0.016562499869922524,0.016562499869922524,0.9924041913947211,0.016562499869922524,nan,0.0258052482239921,-0.05634025284714095,0.039186119898022675,False,False,-0.3828611123537806,0.16821494987972607,-0.34367499245575794,nan,-0.0743221135736647,0.06979586766546851,-0.07972613322454965,nan,0.14509932655409852,-0.03326936301449701,0.1373610533225374,nan,0.07826907710426223,-0.006153381868172159,0.07559819755036769,nan,0.006960813440851865,-0.051100728427232525,0.005631125531191922,nan,-0.00043354327198930065,-0.024757566097259265,0.007049970917309311,nan
11.523,6.066150021999874,ABORT,INITIAL_HOLD,-0.0175323523581028,0.008819369599223137,0.023748526349663734,-0.01453559659421444,0.012333065271377563,0.00801504123955965,-0.012800625525414944,0.019186971709132195,-0.013658219948410988,-0.020338213307601022,0.02460856501221358,-0.05620072950783964,0.004716385155916214,-0.004491542465984821,0.0023573886137455706,0.01639723013483624,0.01639723013483624,0.9921681039391915,0.01639723013483624,nan,0.02680564995235362,-0.05620072950783964,0.04148912816621653,False,False,-0.3792979897764228,0.16692416030469356,-0.3378088616102063,nan,-0.0733489367583795,0.07090784498765065,-0.07836530121881302,nan,0.14396039674947847,-0.03426537847127062,0.1350164605253861,nan,0.07765205290579225,-0.00622640695118843,0.07430782458680268,nan,0.0070408840835982645,-0.06525611142973463,0.005535008793288885,nan,-0.00046291217969507414,-0.025093968167175434,0.006929636145312208,nan
11.551,6.139855447000173,ABORT,INITIAL_HOLD,-0.0175323523581028,0.008819369599223137,0.023748526349663734,-0.014451799914240837,0.01221296563744545,0.00809784047305584,-0.01242860034108162,0.020124541595578194,-0.013855679892003536,-0.020278696202189514,0.024543905480379536,-0.05613891521905685,0.0034285373985767365,0.004625230561941862,0.0016929440898820751,0.016307981660471534,0.016307981660471534,0.9920826100303534,0.016307981660471534,nan,0.027412536295282168,-0.05613891521905685,0.03913339631208457,False,False,-0.37201419484134135,0.19041702703510105,-0.3328807985292568,nan,-0.07118392943456264,0.07303572112254478,-0.07722208328804855,nan,0.14170481838846616,-0.03734847930370358,0.13304679747017767,nan,0.07656475584027156,-0.005136979493954051,0.07322379841523811,nan,-0.00652693644631519,-0.09183039862230066,0.005454262325132545,nan,0.00019755028094969873,0.001695543924770282,0.006828544409916789,nan
11.551,6.212714784000127,ABORT,INITIAL_HOLD,-0.0175323523581028,0.008819369599223137,0.023748526349663734,-0.014451799914240837,0.01221296563744545,0.00809784047305584,-0.01242860034108162,0.020124541595578194,-0.013855679892003536,-0.020278696202189514,0.024543905480379536,-0.05613891521905685,0.0034285373985767365,0.004625230561941862,0.0016929440898820751,0.016307981660471534,0.016307981660471534,0.9920826100303534,0.016307981660471534,nan,0.027412536295282168,-0.05613891521905685,0.03913339631208457,False,False,-0.37201419484134135,0.19041702703510105,-0.3328807985292568,nan,-0.07118392943456264,0.07303572112254478,-0.07722208328804855,nan,0.14170481838846616,-0.03734847930370358,0.13304679747017767,nan,0.07656475584027156,-0.005136979493954051,0.07322379841523811,nan,-0.00652693644631519,-0.09183039862230066,0.005454262325132545,nan,0.00019755028094969873,0.001695543924770282,0.006828544409916789,nan
11.576,6.285543422000046,ABORT,INITIAL_HOLD,-0.0175323523581028,0.008819369599223137,0.023748526349663734,-0.014314664527773857,0.012112786993384361,0.008357352577149868,-0.012747851200401783,0.018828483298420906,-0.01311225164681673,-0.020250280721920786,0.024691384059540702,-0.05610999224126267,-0.0038536465726792812,-0.0070895059034228325,0.002414650050923229,0.01606512817257707,0.01606512817257707,0.9918199279189186,0.01606512817257707,nan,0.026247869185820557,-0.05610999224126266,0.03995709458462782,False,False,-0.3683667208782646,0.17617517140829533,-0.3284096262936368,nan,-0.07023390460238943,0.046034298782076176,-0.07618485543862091,nan,0.14042475163525037,-0.06088146437179315,0.13125974592044845,nan,0.07586371962305272,-0.021154649308096237,0.07224027453549692,nan,0.007643888017065947,0.28532974168401215,0.005381002027807894,nan,0.0005838127562984852,0.0047682985296191305,0.006736825096846725,nan
11.578,6.3652809680002065,ABORT,INITIAL_HOLD,-0.0175323523581028,0.008819369599223137,0.023748526349663734,-0.014314664527773857,0.012112786993384361,0.008357352577149868,-0.012747851200401783,0.018828483298420906,-0.01311225164681673,-0.020250280721920786,0.024691384059540702,-0.05610999224126267,-0.0038536465726792812,-0.0070895059034228325,0.002414650050923229,0.01606512817257707,0.01606512817257707,0.9918199279189186,0.01606512817257707,nan,0.026247869185820557,-0.05610999224126266,0.04031760692232994,False,False,-0.3683667208782646,0.17617517140829533,-0.32804911395593467,nan,-0.07023390460238943,0.046034298782076176,-0.0761012233580341,nan,0.14042475163525037,-0.06088146437179315,0.13111565526640148,nan,0.07586371962305272,-0.021154649308096237,0.07216097262664924,nan,0.007643888017065947,0.28532974168401215,0.005375095021846715,nan,0.0005838127562984852,0.0047682985296191305,0.006729429733343637,nan
11.598,6.444776216999799,ABORT,INITIAL_HOLD,-0.0175323523581028,0.008819369599223137,0.023748526349663734,-0.014278968796133995,0.012087857350707054,0.008509022183716297,-0.013828129507601261,0.018606271594762802,-0.013474913313984871,-0.02027449075539614,0.024657479898816944,-0.05606178831643457,-0.0018411832861602306,-0.008256170898675919,0.002191346837207676,0.01592199748796672,0.01592199748796672,0.9916674666118186,0.01592199748796672,nan,0.02681387322183195,-0.05606178831643457,0.0402706221515034,False,False,-0.36469221296985577,0.1889973604532083,-0.32442159081835237,nan,-0.0691146806858649,0.06652864837005715,-0.07525970622908776,nan,0.13927625964736645,-0.04549613721972198,0.129665795922346,nan,0.0753339411252707,-0.011417502073974815,0.07136302626222536,nan,0.006554978147293333,0.8123488357241597,0.005315657941455542,nan,-0.00020665619541659908,0.0025219448706799708,0.006655016601218191,nan
11.632,6.51915853499986,ABORT,INITIAL_HOLD,-0.0175323523581028,0.008819369599223137,0.023748526349663734,-0.014233816415071487,0.012076876126229763,0.008616653271019459,-0.013378171250224113,0.01849333569407463,-0.013808402232825756,-0.020329774055409488,0.024608350353015205,-0.05601558410142932,-0.002425828715786338,-0.009053083136677742,0.0010412889532744895,0.015826094622779164,0.015826094622779164,0.9915590716837098,0.015826094622779164,nan,0.026676785850577374,-0.05601558410142932,0.039089404534089156,False,False,-0.3572536098857162,0.19459945718306013,-0.31816420535162704,nan,-0.0670150734725441,0.02267687781833956,-0.07380811051130587,nan,0.13676051051789084,-0.09871420943388415,0.12716482530294554,nan,0.07406141913253173,-0.07424741990493,0.06998658900887125,nan,0.013519927190107417,0.33577895076915354,0.005213130484312373,nan,-0.0004135179877780004,-0.05940494350812106,0.006526655834426333,nan
11.665,6.592765962000158,ABORT,INITIAL_HOLD,-0.0175323523581028,0.008819369599223137,0.023748526349663734,-0.014153413474559784,0.012086115777492523,0.008238486014306545,-0.012781979516148567,0.01735764369368553,-0.01378873735666275,-0.020368284370910955,0.024610683073508766,-0.05596953843332443,0.002720973454415798,-0.008247910998761654,0.002262456342577935,0.016206486657396275,0.016206486657396275,0.9919361339979321,0.016206486657396275,nan,0.025588983427233085,-0.055969538433324424,0.04152692568124605,False,False,-0.35351417039277866,0.1879054732467261,-0.3119872447115326,nan,-0.06588592128301585,0.06893190568773784,-0.07237517184039466,nan,0.1355816783044128,-0.04605996707753264,0.12469599911983459,nan,0.07353768652509629,-0.014575856660396461,0.06862784280684486,nan,0.006644205743763898,0.7959456586355032,0.005111920790476179,nan,0.00021377249532061882,-0.015744677134911234,0.006399944860902018,nan
11.692,6.673252799000238,ABORT,INITIAL_HOLD,-0.0175323523581028,0.008819369599223137,0.023748526349663734,-0.01411889772862196,0.012108100578188896,0.008071384392678738,-0.012884601950645447,0.017164982855319977,-0.01346272137016058,-0.020332790455456603,0.024569139996879992,-0.05593306438153006,0.00020046444842591882,-0.00047181945410557086,0.0006107426015660168,0.016378040294827482,0.016378040294827482,0.992102982473765,0.016378040294827482,nan,0.025335636375283403,-0.05593306438153006,0.03911866249239854,False,False,-0.3459805601202559,0.19123379308684085,-0.30686189762785737,nan,-0.06369530965282522,0.07155566442326353,-0.07118618773219614,nan,0.13303433128786413,-0.049629074304941755,0.12264748500181114,nan,0.0723106246405898,-0.016744108950831445,0.06750042006777035,nan,0.006632574392928525,0.03747124694213146,0.005027941817747115,nan,-0.00023088932391068795,-0.018884292319066465,0.0062948061435841515,nan
11.705,6.750156281999807,ABORT,INITIAL_HOLD,-0.0175323523581028,0.008819369599223137,0.023748526349663734,-0.014072243124246597,0.012167762033641338,0.0077352942898869514,-0.012627949938178062,0.01743442192673683,-0.01368771679699421,-0.020310968656679786,0.024640723392143005,-0.055974190476137706,0.0029633077792823315,-0.00471862917765975,0.0033937729895114903,0.016721473882566364,0.016721473882566364,0.9924390805774592,0.016721473882566364,nan,0.02551034650245525,-0.055974190476137706,0.04160823035075667,False,False,-0.3459805601202559,0.19123379308684085,-0.30437232976949924,nan,-0.06369530965282522,0.07155566442326353,-0.07060865482144016,nan,0.13303433128786413,-0.049629074304941755,0.12165244704196881,nan,0.0723106246405898,-0.016744108950831445,0.06695278975744037,nan,0.006632574392928525,0.03747124694213146,0.004987150170299447,nan,-0.00023088932391068795,-0.018884292319066465,0.006243736437078368,nan
11.707,6.824561598999935,ABORT,INITIAL_HOLD,-0.0175323523581028,0.008819369599223137,0.023748526349663734,-0.014072243124246597,0.012167762033641338,0.0077352942898869514,-0.012627949938178062,0.01743442192673683,-0.01368771679699421,-0.020310968656679786,0.024640723392143005,-0.055974190476137706,0.0029633077792823315,-0.00471862917765975,0.0033937729895114903,0.016721473882566364,0.016721473882566364,0.9924390805774592,0.016721473882566364,nan,0.02551034650245525,-0.055974190476137706,0.038108519855228395,False,False,-0.34209661915368805,0.20174724561281432,-0.30398809929845966,nan,-0.06264607601960037,0.022495104755579604,-0.07051952058009153,nan,0.1316723085158591,-0.10432766427716834,0.12149887665314452,nan,0.07158674455207326,-0.07723460106817884,0.0668682705701496,nan,0.0134026220608634,1.2163194510627517,0.004980854541979584,nan,0.000544636664446152,-0.0694582720919524,0.006235854532063932,nan
11.707,6.899588901000243,ABORT,INITIAL_HOLD,-0.0175323523581028,0.008819369599223137,0.023748526349663734,-0.014072243124246597,0.012167762033641338,0.0077352942898869514,-0.012627949938178062,0.01743442192673683,-0.01368771679699421,-0.020310968656679786,0.024640723392143005,-0.055974190476137706,0.0029633077792823315,-0.00471862917765975,0.0033937729895114903,0.016721473882566364,0.016721473882566364,0.9924390805774592,0.016721473882566364,nan,0.02551034650245525,-0.055974190476137706,0.038108519855228395,False,False,-0.34209661915368805,0.20174724561281432,-0.30398809929845966,nan,-0.06264607601960037,0.022495104755579604,-0.07051952058009153,nan,0.1316723085158591,-0.10432766427716834,0.12149887665314452,nan,0.07158674455207326,-0.07723460106817884,0.0668682705701496,nan,0.0134026220608634,1.2163194510627517,0.004980854541979584,nan,0.000544636664446152,-0.0694582720919524,0.006235854532063932,nan
11.738,6.986895739999909,ABORT,INITIAL_HOLD,-0.0175323523581028,0.008819369599223137,0.023748526349663734,-0.01412522979080677,0.012106765061616898,0.006649975664913654,-0.012262697331607342,0.018033267930150032,-0.014282293617725372,-0.020259759927270006,0.02466981489246758,-0.055909331335485195,0.00199326709844172,-0.004964272491633891,0.003850638866424561,0.01774192460342768,0.01774192460342768,0.9935242154690629,0.01774192460342768,nan,0.026068302765429634,-0.055909331335485195,0.040193906826858694,False,False,-0.33818627308318483,0.18994801031675412,-0.29799236625632614,nan,-0.06152575535050531,0.07270939777512163,-0.06912862330275324,nan,0.13041350851839706,-0.04849674449504331,0.11910248406076171,nan,0.07098628628262382,-0.014809637752326561,0.06554938900783508,nan,0.006859541680114489,0.04943046236523799,0.004882614268020415,nan,0.00031643251537882833,-0.023298939934758872,0.006112861167685134,nan
11.774000000000001,7.062782931000129,ABORT,INITIAL_HOLD,-0.0175323523581028,0.008819369599223137,0.023748526349663734,-0.014179246500134468,0.012045825831592083,0.006142443977296352,-0.01205375511199236,0.017839917913079262,-0.014542452059686184,-0.02020837069606505,0.02466967286073936,-0.055872165225029365,0.0013033498544245958,-0.005354875233024359,0.000687718158587814,0.0182106418123228,0.0182106418123228,0.9940316869268797,0.0182106418123228,nan,0.025981504870841474,-0.055872165225029365,0.0393251378501589,False,False,-0.3302651969950876,0.19934004174696116,-0.2909400591449287,nan,-0.0592388279859577,0.07073883325085219,-0.06749262071703677,nan,0.12781104097400853,-0.051800853296217,0.11628379677061715,nan,0.06973411687303255,-0.015340279294010621,0.06399809281842173,nan,0.013013525416367244,0.013070867330696227,0.004767061994795565,nan,-0.0002173963106866239,-0.005744690016969117,0.005968193789706837,nan
11.794,7.139823305999926,ABORT,INITIAL_HOLD,-0.0175323523581028,0.008819369599223137,0.023748526349663734,-0.01426821667701006,0.011978685855865479,0.005461853928864002,-0.013228194788098335,0.017331769689917564,-0.014963128603994846,-0.020204559290867216,0.02465397520770564,-0.05588941091591877,-0.0023825245443731546,9.641388896852732e-05,-2.5577610358595967e-06,0.018842458681915822,0.018842458681915822,0.9947126192587424,0.018842458681915822,nan,0.026443725069587035,-0.05588941091591877,0.03921735372366497,False,False,-0.3262009639807779,0.20198489655517016,-0.28698361025711294,nan,-0.05812037798472858,0.026291205439153906,-0.06657479900160682,nan,0.12646188707635897,-0.10087481269525422,0.1147024713946746,nan,0.06905094237780851,-0.07374015120712049,0.0631277926476651,nan,0.013698855036851754,1.263757358226794,0.004702235455669639,nan,-0.0004905614874433084,-0.061467697643979136,0.005887033244985176,nan
11.795,7.217207876999964,ABORT,INITIAL_HOLD,-0.0175323523581028,0.008819369599223137,0.023748526349663734,-0.01433344092220068,0.011948815546929836,0.004963388666510582,-0.013317191042006016,0.016885682940483093,-0.015758072957396507,-0.020226297144639818,0.024738859522486743,-0.055909298481441966,-0.0023825245443731546,9.641388896852732e-05,-2.5577610358595967e-06,0.019310822460200494,0.019310822460200494,0.9952115753022965,0.019310822460200494,nan,0.026660658824313364,-0.055909298481441966,0.03941585988978996,False,False,-0.3262009639807779,0.20198489655517016,-0.28678510409098795,nan,-0.05812037798472858,0.026291205439153906,-0.06652874930525478,nan,0.12646188707635897,-0.10087481269525422,0.11462313185392096,nan,0.06905094237780851,-0.07374015120712049,0.06308412724083858,nan,0.013698855036851754,1.263757358226794,0.0046989829259112825,nan,-0.0004905614874433084,-0.061467697643979136,0.005882961192235315,nan
11.829,7.2956828340002176,ABORT,INITIAL_HOLD,-0.0175323523581028,0.008819369599223137,0.023748526349663734,-0.014447561465203762,0.011937149800360203,0.004323172848671675,-0.014453304931521416,0.018075937405228615,-0.0151913370937109,-0.02030191279181452,0.024712744416355334,-0.0558884732321172,0.00451221689581871,-0.005956648383289576,0.0007263236329890795,0.01991433772120026,0.01991433772120026,0.9958531878262896,0.01991433772120026,nan,0.027684187891575236,-0.0558884732321172,0.03807567594881095,False,False,-0.31807493783048635,0.20237585850328826,-0.2799992618816754,nan,-0.055778409989914124,0.06821936321103743,-0.06495456156423061,nan,0.1238450437908929,-0.05504957742476342,0.11191094605625429,nan,0.06782209203010225,-0.01780998291515887,0.06159144534327143,nan,0.013038751354577549,0.8788603094478648,0.0045877966884651025,nan,-0.00019239540331472682,-0.0021960820679053084,0.005743759937342549,nan
11.845,7.343931091999821,ABORT,INITIAL_HOLD,-0.0175323523581028,0.008819369599223137,0.023748526349663734,-0.014529159292578697,0.011960744857788086,0.003884833073243499,-0.014604132622480392,0.018535180017352104,-0.01591949164867401,-0.020245195895635747,0.024690198753283158,-0.055893674371044054,0.001810636487789452,-0.009021727368235588,-0.0018916474655270566,0.020333561362526696,0.020333561362526696,0.9962929196119092,0.020333561362526696,nan,0.028465133097929585,-0.055893674371044054,0.04129231267027411,False,False,-0.31807493783048635,0.20237585850328826,-0.27678262516021224,nan,-0.055778409989914124,0.06821936321103743,-0.06420836235445435,nan,0.1238450437908929,-0.05504957742476342,0.11062531102922213,nan,0.06782209203010225,-0.01780998291515887,0.06088388167511118,nan,0.013038751354577549,0.8788603094478648,0.0045350919948900165,nan,-0.00019239540331472682,-0.0021960820679053084,0.005677775516492423,nan
11.845,7.418819196000186,ABORT,INITIAL_HOLD,-0.0175323523581028,0.008819369599223137,0.023748526349663734,-0.014529159292578697,0.011960744857788086,0.003884833073243499,-0.014604132622480392,0.018535180017352104,-0.01591949164867401,-0.020245195895635747,0.024690198753283158,-0.055893674371044054,0.001810636487789452,-0.009021727368235588,-0.0018916474655270566,0.020333561362526696,0.020333561362526696,0.9962929196119092,0.020333561362526696,nan,0.028465133097929585,-0.055893674371044054,0.04129231267027411,False,False,-0.31807493783048635,0.20237585850328826,-0.27678262516021224,nan,-0.055778409989914124,0.06821936321103743,-0.06420836235445435,nan,0.1238450437908929,-0.05504957742476342,0.11062531102922213,nan,0.06782209203010225,-0.01780998291515887,0.06088388167511118,nan,0.013038751354577549,0.8788603094478648,0.0045350919948900165,nan,-0.00019239540331472682,-0.0021960820679053084,0.005677775516492423,nan
11.868,7.49556237600018,ABORT,INITIAL_HOLD,-0.0175323523581028,0.008819369599223137,0.023748526349663734,-0.014643553644418716,0.012033761478960514,0.0031219853553920984,-0.014459946192800999,0.0192317683249712,-0.016259584575891495,-0.020213963509701907,0.02464396017630971,-0.055940110001289046,0.0036743220407515764,-0.00993628054857254,0.0006191777065396321,0.021074431583154803,0.021074431583154803,0.9970581834378797,0.021074431583154803,nan,0.029040059355735386,-0.05594011000128904,0.03759254483110158,False,False,-0.3097272791629422,0.2005485303418981,-0.2721347343318406,nan,-0.05350445812585658,0.0734085894711821,-0.06313013911584142,nan,0.12108058848240955,-0.05173275390813442,0.10876762806151108,nan,0.06642281821347851,-0.01719334839020194,0.0598614850016581,nan,0.007102780576466294,-0.00815603973195815,0.004458936157880126,nan,-0.00038040679247597353,-0.024426647503330706,0.005582431089675955,nan
11.872,7.573641136999868,ABORT,INITIAL_HOLD,-0.0175323523581028,0.008819369599223137,0.023748526349663734,-0.014643553644418716,0.012033761478960514,0.0031219853553920984,-0.014459946192800999,0.0192317683249712,-0.016259584575891495,-0.020213963509701907,0.02464396017630971,-0.055940110001289046,0.0036743220407515764,-0.00993628054857254,0.0006191777065396321,0.021074431583154803,0.021074431583154803,0.9970581834378797,0.021074431583154803,nan,0.029040059355735386,-0.05594011000128904,0.0384036067282042,False,False,-0.3097272791629422,0.2005485303418981,-0.271323672434738,nan,-0.05350445812585658,0.0734085894711821,-0.06294198801296452,nan,0.12108058848240955,-0.05173275390813442,0.10844346040619315,nan,0.06642281821347851,-0.01719334839020194,0.05968307569382744,nan,0.007102780576466294,-0.00815603973195815,0.004445646883256109,nan,-0.00038040679247597353,-0.024426647503330706,0.005565793385704964,nan
11.874,7.649652925999817,ABORT,INITIAL_HOLD,-0.0175323523581028,0.008819369599223137,0.023748526349663734,-0.014643553644418716,0.012033761478960514,0.0031219853553920984,-0.014459946192800999,0.0192317683249712,-0.016259584575891495,-0.020213963509701907,0.02464396017630971,-0.055940110001289046,0.0036743220407515764,-0.00993628054857254,0.0006191777065396321,0.021074431583154803,0.021074431583154803,0.9970581834378797,0.021074431583154803,nan,0.029040059355735386,-0.05594011000128904,0.03880942978635227,False,False,-0.3097272791629422,0.2005485303418981,-0.2709178493765899,nan,-0.05350445812585658,0.0734085894711821,-0.06284784469759463,nan,0.12108058848240955,-0.05173275390813442,0.10828125982729311,nan,0.06642281821347851,-0.01719334839020194,0.05959380678455607,nan,0.007102780576466294,-0.00815603973195815,0.004438997459719195,nan,-0.00038040679247597353,-0.024426647503330706,0.00555746854153439,nan
11.877,7.730720447999829,ABORT,INITIAL_HOLD,-0.0175323523581028,0.008819369599223137,0.023748526349663734,-0.014735152013599873,0.01209609117358923,0.0027945004403591156,-0.01583944819867611,0.018310546875,-0.01574530452489853,-0.020140844325242456,0.024566816249514924,-0.05595753244690721,0.0036743220407515764,-0.00993628054857254,0.0006191777065396321,0.021392345262990983,0.021392345262990983,0.9973877122155339,0.021392345262990983,nan,0.028880423485155238,-0.05595753244690721,0.03941852501118559,False,False,-0.3097272791629422,0.2005485303418981,-0.2703087541517566,nan,-0.05350445812585658,0.0734085894711821,-0.06270654606339812,nan,0.12108058848240955,-0.05173275390813442,0.1080378148182193,nan,0.06642281821347851,-0.01719334839020194,0.05945982409118374,nan,0.007102780576466294,-0.00815603973195815,0.004429017415355252,nan,-0.00038040679247597353,-0.024426647503330706,0.005544973877345229,nan
11.92,7.810836282999844,ABORT,INITIAL_HOLD,-0.0175323523581028,0.008819369599223137,0.023748526349663734,-0.014995468780398369,0.01226542517542839,0.0018762823892757297,-0.016272511333227158,0.017515476793050766,-0.016715817153453827,-0.02015713084231283,0.024555562953406506,-0.055925908703020194,-0.005526641849428415,-0.006527785211801529,-0.0012007091427221886,0.02228690497094317,0.02228690497094317,0.998311705027909,0.02228690497094317,nan,0.029171991626997417,-0.055925908703020194,0.0396640603871562,False,False,-0.30119807247323394,0.21770938706173615,-0.26153401208607774,nan,-0.051134537603077845,0.026924143375334497,-0.06067097096978862,nan,0.11836429831639439,-0.10597207319273919,0.10453069955166296,nan,0.06509643283219546,-0.07994618428582036,0.05752964383746596,nan,0.013536096364807015,1.3530415559793103,0.004285242991378132,nan,-0.00048292361621271596,-0.08830414410612528,0.005364973360205799,nan
11.945,7.886719367999831,ABORT,INITIAL_HOLD,-0.0175323523581028,0.008819369599223137,0.023748526349663734,-0.015110259875655174,0.011922022327780724,0.0014489003224298358,-0.01689048856496811,0.01715845987200737,-0.01620558276772499,-0.020169241701848393,0.02459626551719981,-0.055890638700554,-0.0031403019092977047,-0.0035534375347197056,-0.001092716469429433,0.022644343816989765,0.022644343816989765,0.9987365785016481,0.022644343816989765,nan,0.02902278866656667,-0.055890638700554,0.04049637432141695,False,False,-0.29689471747770746,0.21998582779540282,-0.2563983431562905,nan,-0.049870626603315316,0.07857939668099417,-0.059479592387461006,nan,0.11704440900011637,-0.050969287220668964,0.1024780599671805,nan,0.06450439601539593,-0.01381297663901699,0.05639995060161809,nan,-0.007183057161489259,-0.216825555041878,0.0042010948948767645,nan,-0.0001291236452702904,-0.0021388736515029483,0.005259622905879129,nan
11.946,7.966838595999889,ABORT,INITIAL_HOLD,-0.0175323523581028,0.008819369599223137,0.023748526349663734,-0.015110259875655174,0.011922022327780724,0.0014489003224298358,-0.01689048856496811,0.01715845987200737,-0.01620558276772499,-0.020169241701848393,0.02459626551719981,-0.055890638700554,-0.0031403019092977047,-0.0035534375347197056,-0.001092716469429433,0.022644343816989765,0.022644343816989765,0.9987365785016481,0.022644343816989765,nan,0.02902278866656667,-0.055890638700554,0.04070226146593281,False,False,-0.29689471747770746,0.21998582779540282,-0.25619245601177465,nan,-0.049870626603315316,0.07857939668099417,-0.05943183044296919,nan,0.11704440900011637,-0.050969287220668964,0.10239577037481244,nan,0.06450439601539593,-0.01381297663901699,0.05635466160077175,nan,-0.007183057161489259,-0.216825555041878,0.004197721427555958,nan,-0.0001291236452702904,-0.0021388736515029483,0.005255399443558774,nan
11.973,8.043321271999957,ABORT,INITIAL_HOLD,-0.0175323523581028,0.008819369599223137,0.023748526349663734,-0.015183872543275356,0.011734169907867908,0.0012401792919263244,-0.016341175884008408,0.01779714971780777,-0.016126399859786034,-0.020205388073439502,0.02462154016046231,-0.05591235730142796,0.00030457397224381566,-0.0021708211861550804,0.004312899429351091,0.0228174736890718,0.0228174736890718,0.9989441526880573,0.0228174736890718,nan,0.02904880961051365,-0.05591235730142796,0.03759602690420971,False,False,-0.2882175091193817,0.22966707088369534,-0.250621482215172,nan,-0.04742801744564762,0.07957355081243238,-0.058139469320256446,nan,0.11426815843632365,-0.05048212701266055,0.10016914683358373,nan,0.06317777244298739,-0.013801126206502541,0.05512921434138844,nan,-0.007405798794760443,-0.11922188313226588,0.004106440847157928,nan,-0.00013314920265905528,-0.002525081411943575,0.005141119370497605,nan
12.009,8.120684937000078,ABORT,INITIAL_HOLD,-0.0175323523581028,0.008819369599223137,0.023748526349663734,-0.015336031094193459,0.011388111859560013,0.000995108624920249,-0.015206079930067062,0.018803047016263008,-0.016129732131958008,-0.020081885137291765,0.024628012232706175,-0.05581354462044935,-0.006053134799003601,-0.0024784645065665245,0.0009479765431024137,0.023003049407654887,0.023003049407654887,0.9991874978865493,0.023003049407654887,nan,0.02906798415067863,-0.05581354462044935,0.036549612246320085,False,False,-0.2797120395124626,0.2232757221676028,-0.2431624272661425,nan,-0.04500149318523228,0.07484341295315719,-0.05640910888772623,nan,0.11152906051124578,-0.05213386042182611,0.09718788934589709,nan,0.061892717724550295,-0.014456342346259733,0.05348844581893515,nan,-0.007452292972175201,-0.15767217444025988,0.003984223997855311,nan,3.316617476034622e-05,-0.004438008725863807,0.004988108177901043,nan
12.048,8.19406215500021,ABORT,INITIAL_HOLD,-0.0175323523581028,0.008819369599223137,0.023748526349663734,-0.01546801719814539,0.01119302399456501,0.0011395500041544437,-0.014662032946944237,0.01904991641640663,-0.01564917340874672,-0.02013285696073435,0.024637508350540845,-0.05574513085463152,0.004733587149530649,0.0008038097294047472,-0.0029970298055559397,0.02282677213784202,0.02282677213784202,0.9990429129462298,0.02282677213784202,nan,0.02868398776297296,-0.05574513085463152,0.03618867528738512,False,False,-0.2712406344592386,0.2216983206053067,-0.2350519591718535,nan,-0.042638952195860114,0.0702203933142043,-0.054527632859522106,nan,0.1087597104424125,-0.05645646602318352,0.0939462730955853,nan,0.06057091016760907,-0.018201430371083852,0.051704385928988565,nan,0.012743592157568706,0.9124860117841999,0.0038513337237352134,nan,0.00010706065639887186,0.002316171783709575,0.004821734233198438,nan
12.057,8.267334373999802,ABORT,INITIAL_HOLD,-0.0175323523581028,0.008819369599223137,0.023748526349663734,-0.01555651891976595,0.01111382246017456,0.001173901604488492,-0.015340706333518028,0.01780051179230213,-0.017123151570558548,-0.0200614137916782,0.024711887933612224,-0.05579214877061722,0.004733587149530649,0.0008038097294047472,-0.0029970298055559397,0.022776788932873233,0.022776788932873233,0.9990090575998685,0.022776788932873233,nan,0.02907572545247064,-0.05579214877061722,0.038063472169358376,False,False,-0.2712406344592386,0.2216983206053067,-0.23317716228988025,nan,-0.042638952195860114,0.0702203933142043,-0.05409271525055348,nan,0.1087597104424125,-0.05645646602318352,0.09319694864624584,nan,0.06057091016760907,-0.018201430371083852,0.051291986807255927,nan,0.012743592157568706,0.9124860117841999,0.003820615118018687,nan,0.00010706065639887186,0.002316171783709575,0.0047832756203115105,nan
12.07,8.351663045999885,ABORT,INITIAL_HOLD,-0.0175323523581028,0.008819369599223137,0.023748526349663734,-0.01555651891976595,0.01111382246017456,0.001173901604488492,-0.015340706333518028,0.01780051179230213,-0.017123151570558548,-0.0200614137916782,0.024711887933612224,-0.05579214877061722,-0.006359902210533619,-0.0026164939627051353,0.00027506460901349815,0.022776788932873233,0.022776788932873233,0.9990090575998685,0.022776788932873233,nan,0.02907572545247064,-0.05579214877061722,0.03651906605691768,False,False,-0.26698670756379084,0.20574750764124203,-0.23046764150687316,nan,-0.041480246801388176,0.06875988505022929,-0.053464157398912526,nan,0.10732942254522637,-0.061896851723550195,0.0921139992407808,nan,0.05986011403367364,-0.02364207412319004,0.05069597344603655,nan,-0.007416678692737655,0.12678093453570985,0.0037762195350015413,nan,0.00023730730425519653,-0.010207904781891708,0.004727693913351833,nan
12.079,8.423828380000032,ABORT,INITIAL_HOLD,-0.0175323523581028,0.008819369599223137,0.023748526349663734,-0.01562251802533865,0.011065905913710594,0.0012122879270464182,-0.01545556727796793,0.017199337482452393,-0.017280010506510735,-0.020156335516569566,0.024762543532069723,-0.05579319823428417,-0.006359902210533619,-0.0026164939627051353,0.00027506460901349815,0.022728317905906906,0.022728317905906906,0.9989711763264585,0.022728317905906906,nan,0.028866772123398318,-0.05579319823428417,0.03839570022632369,False,False,-0.26698670756379084,0.20574750764124203,-0.22859100733746715,nan,-0.041480246801388176,0.06875988505022929,-0.05302881357382155,nan,0.10732942254522637,-0.061896851723550195,0.09136394045888135,nan,0.05986011403367364,-0.02364207412319004,0.05028317017613676,nan,-0.007416678692737655,0.12678093453570985,0.003745470825272801,nan,0.00023730730425519653,-0.010207904781891708,0.004689197611301447,nan
12.089,8.4991616719999,ABORT,INITIAL_HOLD,-0.0175323523581028,0.008819369599223137,0.023748526349663734,-0.01562251802533865,0.011065905913710594,0.0012122879270464182,-0.01545556727796793,0.017199337482452393,-0.017280010506510735,-0.020156335516569566,0.024762543532069723,-0.05579319823428417,0.0016880881739780307,-0.010143537074327469,0.004155844915658236,0.022728317905906906,0.022728317905906906,0.9989711763264585,0.022728317905906906,nan,0.028866772123398318,-0.05579319823428417,0.03615516332625901,False,False,-0.26266045353345024,0.21242073394957162,-0.22650529020719123,nan,-0.040270524350439096,0.04207409677790588,-0.05254496643496256,nan,0.10592968671601444,-0.08144462895551821,0.09053031477113381,nan,0.059195870397253714,-0.033910141391457045,0.04982437492157926,nan,0.007732150356890344,1.3186847256858427,0.0037112962846720526,nan,0.0003792419124435398,0.012882857344984733,0.004646412289608097,nan
12.089,8.572805585999959,ABORT,INITIAL_HOLD,-0.0175323523581028,0.008819369599223137,0.023748526349663734,-0.01562251802533865,0.011065905913710594,0.0012122879270464182,-0.01545556727796793,0.017199337482452393,-0.017280010506510735,-0.020156335516569566,0.024762543532069723,-0.05579319823428417,0.0016880881739780307,-0.010143537074327469,0.004155844915658236,0.022728317905906906,0.022728317905906906,0.9989711763264585,0.022728317905906906,nan,0.028866772123398318,-0.05579319823428417,0.03615516332625901,False,False,-0.26266045353345024,0.21242073394957162,-0.22650529020719123,nan,-0.040270524350439096,0.04207409677790588,-0.05254496643496256,nan,0.10592968671601444,-0.08144462895551821,0.09053031477113381,nan,0.059195870397253714,-0.033910141391457045,0.04982437492157926,nan,0.007732150356890344,1.3186847256858427,0.0037112962846720526,nan,0.0003792419124435398,0.012882857344984733,0.004646412289608097,nan
12.115,8.660573912000018,ABORT,INITIAL_HOLD,-0.0175323523581028,0.008819369599223137,0.023748526349663734,-0.015786822885274887,0.010988488793373108,0.0013993503525853157,-0.015597088262438774,0.016809411346912384,-0.017583798617124557,-0.020092218238068282,0.02466520060410731,-0.055692699818721325,-0.00019367375352885574,-0.006831066682934761,0.0029238564893603334,0.0225219363947092,0.0225219363947092,0.9987858770222032,0.0225219363947092,nan,0.028896633816131657,-0.055692699818721325,0.03725961079660031,False,False,-0.2583407021663424,0.20692418221764292,-0.2210810913697421,nan,-0.03906966413357171,0.07078528571979514,-0.05128665434172351,nan,0.10454855686615527,-0.05921426746940891,0.08836235468646512,nan,0.05853978957847694,-0.021944549219186316,0.04863121375400103,nan,0.012389355281340997,0.08569011019989188,0.0036224206165835363,nan,-0.0002520613463472543,-0.010308401875572387,0.004535143082091807,nan
12.133,8.738225173000046,ABORT,INITIAL_HOLD,-0.0175323523581028,0.008819369599223137,0.023748526349663734,-0.015786822885274887,0.010988488793373108,0.0013993503525853157,-0.014517751522362232,0.016717687249183655,-0.017203517258167267,-0.020092218238068282,0.02466520060410731,-0.055692699818721325,0.0014908373123034835,-0.008103282190859318,0.0023028869181871423,0.0225219363947092,0.0225219363947092,0.9987858770222032,0.0225219363947092,nan,0.028039386267866628,-0.055692699818721325,0.03668347458552659,False,False,-0.25400970936822453,0.20879667019234893,-0.21732623478269794,nan,-0.03785064457532705,0.07175657942439992,-0.05041559824782894,nan,0.10318083840467462,-0.0576539762204888,0.08686160232684195,nan,0.05789990619982177,-0.02159282735968965,0.04780525784719408,nan,-0.007668218061562371,0.03427112264047143,0.003560897173628953,nan,-0.0003123243118023922,-0.023971461987579518,0.004458117897488838,nan
12.142,8.810778102999848,ABORT,INITIAL_HOLD,-0.0175323523581028,0.008819369599223137,0.023748526349663734,-0.015589870512485504,0.010571373626589775,0.0014260250609368086,-0.013893842697143555,0.01704264059662819,-0.018148325383663177,-0.02007331824784111,0.024602513497648495,-0.05563749961323083,4.2497413232922554e-07,-0.0034410399384796615,0.0017926003783941273,0.02247524900012627,0.02247524900012627,0.9987516114773232,0.02247524900012627,nan,0.028510562562498162,-0.05563749961323082,0.038560345284250064,False,False,-0.25400970936822453,0.20879667019234893,-0.21544936408397447,nan,-0.03785064457532705,0.07175657942439992,-0.04998019955238576,nan,0.10318083840467462,-0.0576539762204888,0.0861114490081944,nan,0.05789990619982177,-0.02159282735968965,0.047392402547933817,nan,-0.007668218061562371,0.03427112264047143,0.003530144588359927,nan,-0.0003123243118023922,-0.023971461987579518,0.004419616743398455,nan
12.181,8.887863365000158,ABORT,INITIAL_HOLD,-0.0175323523581028,0.008819369599223137,0.023748526349663734,-0.015254287980496883,0.010010355152189732,0.0015477723209187388,-0.011317675933241844,0.017052598297595978,-0.018629638478159904,-0.01995815989716574,0.02471836553438979,-0.05548645251331247,-0.003790325718000531,-0.0025509782135486603,-0.0006669097347185012,0.02234908282996708,0.02234908282996708,0.9986189220465357,0.02234908282996708,nan,0.027675699215304227,-0.05548645251331246,0.03801624243679144,False,False,-0.24534108760247175,0.22690661893146655,-0.2073248451656803,nan,-0.035407113224919406,0.029274199631585923,-0.04809546399732881,nan,0.10038082915794622,-0.10728793221430766,0.08286421688233805,nan,0.05657412779266657,-0.07874236758341926,0.04560525189784405,nan,0.012755300600161057,1.4716720193395532,0.003397024091047782,nan,-0.0004064235840282038,-0.07368419850762864,0.004252954567364577,nan
12.222,8.961548972999935,ABORT,INITIAL_HOLD,-0.0175323523581028,0.008819369599223137,0.023748526349663734,-0.014905804768204689,0.00958364736288786,0.0018781772814691067,-0.011810153722763062,0.017075221985578537,-0.02097015082836151,-0.019929591499273442,0.02488236841942063,-0.05531244765943102,0.0043248883448541164,-0.0016471204580739132,0.007180143613368273,0.022040758632740243,0.022040758632740243,0.9982791204365272,0.022040758632740243,nan,0.02950915387767514,-0.055312447659431024,0.037763931675129925,False,False,-0.23657278228666279,0.21164161227720177,-0.19880885061153286,nan,-0.03296708870734122,0.0397112496784052,-0.046119913458978534,nan,0.09757279046299505,-0.08287112377328351,0.07946051859842154,nan,0.05525507302147581,-0.03470143317176065,0.04373198834136002,nan,0.007831093998723837,1.3289417767901808,0.0032574892531630492,nan,0.0004359519516503596,0.013155226032722123,0.004078261862755199,nan
12.226,9.03804084300009,ABORT,INITIAL_HOLD,-0.0175323523581028,0.008819369599223137,0.023748526349663734,-0.014905804768204689,0.00958364736288786,0.0018781772814691067,-0.011810153722763062,0.017075221985578537,-0.02097015082836151,-0.019929591499273442,0.02488236841942063,-0.05531244765943102,0.0043248883448541164,-0.0016471204580739132,0.007180143613368273,0.022040758632740243,0.022040758632740243,0.9982791204365272,0.022040758632740243,nan,0.02950915387767514,-0.055312447659431024,0.03859285650144159,False,False,-0.23657278228666279,0.21164161227720177,-0.1979799257852212,nan,-0.03296708870734122,0.0397112496784052,-0.04592761849255276,nan,0.09757279046299505,-0.08287112377328351,0.07912921143390031,nan,0.05525507302147581,-0.03470143317176065,0.04354964972449955,nan,0.007831093998723837,1.3289417767901808,0.003243907293883648,nan,0.0004359519516503596,0.013155226032722123,0.004061257727899837,nan
12.24,9.111852448999798,ABORT,INITIAL_HOLD,-0.0175323523581028,0.008819369599223137,0.023748526349663734,-0.014784053899347782,0.009443577378988266,0.001844859099946916,-0.011224513873457909,0.01671837642788887,-0.021132243797183037,-0.019860216269343534,0.02494916709196572,-0.055188193580473235,-0.0028352083172649145,-0.00039156270213425094,0.00524784903973341,0.022084234620131885,0.022084234620131885,0.9983092881009454,0.022084234620131885,nan,0.02919016186977421,-0.055188193580473235,0.03713965612405212,False,False,-0.2322215228185014,0.21654841010672746,-0.19508186669444927,nan,-0.0317754498148739,0.07540868008069578,-0.045255323300189464,nan,0.09615187710545481,-0.05758637677710514,0.07797090647125271,nan,0.05455787492369879,-0.02200981321852461,0.04291216358653153,nan,0.012001853905383442,-0.05521161234784207,0.003196422504780032,nan,-0.0003405265649343292,-0.013569310465160772,0.004001808443677576,nan
12.269,9.194494436000241,ABORT,INITIAL_HOLD,-0.0175323523581028,0.008819369599223137,0.023748526349663734,-0.014599230140447617,0.009263335727155209,0.0017365545500069857,-0.0114116370677948,0.01621224172413349,-0.021329736337065697,-0.019876774912249616,0.0251036640695382,-0.05510574267372892,0.0034315669909119606,-0.00028694691718555976,0.000910108326934278,0.02221097058607159,0.02221097058607159,0.9984131676972109,0.02221097058607159,nan,0.029120781145043895,-0.05510574267372891,0.034361784868175316,False,False,-0.22345826575723482,0.22378156177160707,-0.1890964808890595,nan,-0.029366471207650235,0.07089076877401967,-0.04386682638712918,nan,0.09340949275465693,-0.05826432875914454,0.07557864949353284,nan,0.053258777465332585,-0.020670284170471807,0.04159555810616835,nan,-0.008580872138123752,-0.11018240675996113,0.0030983517706194633,nan,0.00019492491332062656,0.000731461629457586,0.0038790273371578574,nan
12.269,9.267424554000172,ABORT,INITIAL_HOLD,-0.0175323523581028,0.008819369599223137,0.023748526349663734,-0.014599230140447617,0.009263335727155209,0.0017365545500069857,-0.0114116370677948,0.01621224172413349,-0.021329736337065697,-0.019876774912249616,0.0251036640695382,-0.05510574267372892,0.0034315669909119606,-0.00028694691718555976,0.000910108326934278,0.02221097058607159,0.02221097058607159,0.9984131676972109,0.02221097058607159,nan,0.029120781145043895,-0.05510574267372891,0.034361784868175316,False,False,-0.22345826575723482,0.22378156177160707,-0.1890964808890595,nan,-0.029366471207650235,0.07089076877401967,-0.04386682638712918,nan,0.09340949275465693,-0.05826432875914454,0.07557864949353284,nan,0.053258777465332585,-0.020670284170471807,0.04159555810616835,nan,-0.008580872138123752,-0.11018240675996113,0.0030983517706194633,nan,0.00019492491332062656,0.000731461629457586,0.0038790273371578574,nan
12.287,9.34324873300011,ABORT,INITIAL_HOLD,-0.0175323523581028,0.008819369599223137,0.023748526349663734,-0.014491373673081398,0.009157393127679825,0.0016169885639101267,-0.01196181308478117,0.015377210453152657,-0.021505169570446014,-0.01983645601688851,0.025187301132245776,-0.05505632467451244,0.0018436659593135118,-0.004794569686055183,0.0029330784454941754,0.022342040552079938,0.022342040552079938,0.9985301674381316,0.022342040552079938,nan,0.029017510090451018,-0.05505632467451244,0.03368650093629566,False,False,-0.21908171279716093,0.2298497426418203,-0.18539521186086527,nan,-0.02815321251268621,0.0719312869176508,-0.04300820159882807,nan,0.09208261170126786,-0.052409782973678654,0.07409931517039821,nan,0.05264484159346239,-0.015285657186420436,0.04078138985615667,nan,0.01081908950426591,-0.21359903829868382,0.003037706361497479,nan,4.5120460493208725e-05,-0.0026486950852807056,0.003803101420001502,nan
12.289,9.42663741000024,ABORT,INITIAL_HOLD,-0.0175323523581028,0.008819369599223137,0.023748526349663734,-0.014491373673081398,0.009157393127679825,0.0016169885639101267,-0.01196181308478117,0.015377210453152657,-0.021505169570446014,-0.01983645601688851,0.025187301132245776,-0.05505632467451244,0.0018436659593135118,-0.004794569686055183,0.0029330784454941754,0.022342040552079938,0.022342040552079938,0.9985301674381316,0.022342040552079938,nan,0.029017510090451018,-0.05505632467451244,0.03409703387457946,False,False,-0.21908171279716093,0.2298497426418203,-0.18498467892258147,nan,-0.02815321251268621,0.0719312869176508,-0.04291296567986636,nan,0.09208261170126786,-0.052409782973678654,0.07393523213245788,nan,0.05264484159346239,-0.015285657186420436,0.04069108491442219,nan,0.01081908950426591,-0.21359903829868382,0.0030309797664268097,nan,4.5120460493208725e-05,-0.0026486950852807056,0.003794679959787544,nan
12.324,9.51286434900021,ABORT,INITIAL_HOLD,-0.0175323523581028,0.008819369599223137,0.023748526349663734,-0.014209693297743797,0.008818800561130047,0.0014022026443853974,-0.013026893138885498,0.014796310104429722,-0.02314913086593151,-0.01972358793870861,0.02523440371276537,-0.054917295113034045,0.0012924474431201816,-0.007021130528301001,0.001561725279316307,0.022591995190692535,0.022591995190692535,0.9987378272151496,0.022591995190692535,nan,0.03040580532408925,-0.054917295113034045,0.03688784789170041,False,False,-0.2147138971542848,0.21291732609246194,-0.17782604926258438,nan,-0.027053465423052536,0.06858959904385285,-0.04125229826295616,nan,0.0906593924615331,-0.058130295722430544,0.07107404952671521,nan,0.051908174107891725,-0.022593319030351344,0.03911640095106676,nan,0.007805925039173545,-0.16421480715162054,0.0029136853949082112,nan,-0.00016179823863993192,-0.005451485510039461,0.0036478315360772735,nan
12.345,9.58911972199985,ABORT,INITIAL_HOLD,-0.0175323523581028,0.008819369599223137,0.023748526349663734,-0.01407545618712902,0.008665020577609539,0.001322412514127791,-0.012983563356101513,0.014743741601705551,-0.023309091106057167,-0.019681431688822876,0.025201490815163874,-0.05485704606127563,0.000538135995157063,-0.003215010277926922,0.0017556780949234967,0.022691508026611695,0.022691508026611695,0.998814359525877,0.022691508026611695,nan,0.030483840998637924,-0.05485704606127563,0.03672064107606643,False,False,-0.21027714601944325,0.21536644956501816,-0.17355650494337682,nan,-0.025890921265188993,0.04916745365774902,-0.040261844297222585,nan,0.08923700131853618,-0.07639580602804939,0.06936758522827167,nan,0.05121108780762107,-0.03153966236414024,0.03817722916964873,nan,0.007997529778886125,0.3774427871917949,0.002843728777318294,nan,-0.0005355483392905924,0.009377474080236148,0.003560248313726723,nan
12.348,9.666515580000123,ABORT,INITIAL_HOLD,-0.0175323523581028,0.008819369599223137,0.023748526349663734,-0.01407545618712902,0.008665020577609539,0.001322412514127791,-0.012983563356101513,0.014743741601705551,-0.023309091106057167,-0.019681431688822876,0.025201490815163874,-0.05485704606127563,0.000538135995157063,-0.003215010277926922,0.0017556780949234967,0.022691508026611695,0.022691508026611695,0.998814359525877,0.022691508026611695,nan,0.030483840998637924,-0.05485704606127563,0.032855248851382246,False,False,-0.20580353069912416,0.23247060163903463,-0.1729482818477419,nan,-0.024661781165059793,0.026450385613348452,-0.040120747980594076,nan,0.08787749993307781,-0.10662540259015522,0.0691244887944156,nan,0.050565844997718656,-0.08207633793095039,0.038043438318560184,nan,0.013573485361163762,1.4815562246483782,0.0028337630228186224,nan,-0.0005189223195563031,-0.09968264112324526,0.0035477715399445456,nan
12.37,9.74521132000018,ABORT,INITIAL_HOLD,-0.0175323523581028,0.008819369599223137,0.023748526349663734,-0.013949641957879066,0.00853072851896286,0.0014379185158759356,-0.01300144661217928,0.015309451147913933,-0.023865850642323494,-0.01966307256884573,0.025241028071438926,-0.05480939210151477,0.0078033581376075745,-0.011344365775585175,-0.00107646349351853,0.022598282001031818,0.022598282001031818,0.998695947932965,0.022598282001031818,nan,0.031192879561550646,-0.05480939210151477,0.03296397383597033,False,False,-0.20146587137635752,0.2159636179822945,-0.1685018975403872,nan,-0.023464998912598567,0.0628950284478085,-0.03908927046422708,nan,0.0865776282875208,-0.05876529395083757,0.0673473445583139,nan,0.049985603086108554,-0.019783790575119115,0.03706536704008179,nan,0.013731367901951508,0.9722391708783298,0.002760908876476102,nan,0.00013380533213513957,0.01040268092935659,0.003456560713605278,nan
12.372,9.827087915999982,ABORT,INITIAL_HOLD,-0.0175323523581028,0.008819369599223137,0.023748526349663734,-0.013949641957879066,0.00853072851896286,0.0014379185158759356,-0.01300144661217928,0.015309451147913933,-0.023865850642323494,-0.01966307256884573,0.025241028071438926,-0.05480939210151477,0.0078033581376075745,-0.011344365775585175,-0.00107646349351853,0.022598282001031818,0.022598282001031818,0.998695947932965,0.022598282001031818,nan,0.031192879561550646,-0.05480939210151477,0.03336693295645271,False,False,-0.20146587137635752,0.2159636179822945,-0.1680989384199048,nan,-0.023464998912598567,0.0628950284478085,-0.03899579152852081,nan,0.0865776282875208,-0.05876529395083757,0.06718628864662282,nan,0.049985603086108554,-0.019783790575119115,0.036976728111257566,nan,0.013731367901951508,0.9722391708783298,0.002754306378647672,nan,0.00013380533213513957,0.01040268092935659,0.003448294618769672,nan
12.408,9.902934388000176,ABORT,INITIAL_HOLD,-0.0175323523581028,0.008819369599223137,0.023748526349663734,-0.013675336726009846,0.008293095044791698,0.0015249887946993113,-0.012328141368925571,0.01502006035298109,-0.024428434669971466,-0.01951051344897336,0.025160582223924113,-0.054877790901820954,0.0018093350809067488,-0.004049445036798715,0.006372797302901746,0.022561896107148562,0.022561896107148562,0.9986030934567632,0.022561896107148562,nan,0.031214318878432578,-0.054877790901820954,0.032011644607322975,False,False,-0.1928958633169504,0.2157221941469424,-0.16088421870962744,nan,-0.021154315487590836,0.0273039088063,-0.03732211227508078,nan,0.08391667695701432,-0.10376655552218932,0.06430268780109971,nan,0.048713800136837904,-0.07970810970381799,0.03538970601799807,nan,0.013274007897924989,0.35207995437237777,0.002636092969895894,nan,-0.0003108148151582668,-0.06772986660249841,0.003300295592798815,nan
12.408,9.978498264999871,ABORT,INITIAL_HOLD,-0.0175323523581028,0.008819369599223137,0.023748526349663734,-0.013675336726009846,0.008293095044791698,0.0015249887946993113,-0.012328141368925571,0.01502006035298109,-0.024428434669971466,-0.01951051344897336,0.025160582223924113,-0.054877790901820954,0.0018093350809067488,-0.004049445036798715,0.006372797302901746,0.022561896107148562,0.022561896107148562,0.9986030934567632,0.022561896107148562,nan,0.031214318878432578,-0.054877790901820954,0.032011644607322975,False,False,-0.1928958633169504,0.2157221941469424,-0.16088421870962744,nan,-0.021154315487590836,0.0273039088063,-0.03732211227508078,nan,0.08391667695701432,-0.10376655552218932,0.06430268780109971,nan,0.048713800136837904,-0.07970810970381799,0.03538970601799807,nan,0.013274007897924989,0.35207995437237777,0.002636092969895894,nan,-0.0003108148151582668,-0.06772986660249841,0.003300295592798815,nan
12.437,10.061015947000215,ABORT,INITIAL_HOLD,-0.0175323523581028,0.008819369599223137,0.023748526349663734,-0.013386938720941544,0.008127178065478802,0.0011940296972170472,-0.011171172372996807,0.014038337394595146,-0.024829408153891563,-0.01934022800514217,0.025278263254855462,-0.05474639835754706,0.005566445179283619,-0.003668744349852204,0.0027125442866235976,0.022942730931338116,0.022942730931338116,0.9989287399329895,0.022942730931338116,nan,0.030632817667727408,-0.05474639835754707,0.033530703587472066,False,False,-0.1886602925096028,0.21878140574961275,-0.15512958892213075,nan,-0.019987649476544078,0.06545946579362664,-0.03598714641731625,nan,0.08264312027874343,-0.05814862690570986,0.062002660081760905,nan,0.04814675602611729,-0.02031517992756734,0.03412385994524254,nan,0.012638109043847656,-0.01393331837999423,0.002541803180326461,nan,-0.00011973228827777405,0.0028840460215313335,0.003182248095796378,nan
12.442,10.134366551999847,ABORT,INITIAL_HOLD,-0.0175323523581028,0.008819369599223137,0.023748526349663734,-0.013386938720941544,0.008127178065478802,0.0011940296972170472,-0.011171172372996807,0.014038337394595146,-0.024829408153891563,-0.01934022800514217,0.025278263254855462,-0.05474639835754706,-0.0017448320286348462,-0.003553446847945452,-0.0027383936103433366,0.022942730931338116,0.022942730931338116,0.9989287399329895,0.022942730931338116,nan,0.030632817667727408,-0.05474639835754707,0.03451733547494895,False,False,-0.1886602925096028,0.21878140574961275,-0.15414295703465386,nan,-0.019987649476544078,0.06545946579362664,-0.035758266379398745,nan,0.08264312027874343,-0.05814862690570986,0.06160832008530956,nan,0.04814675602611729,-0.02031517992756734,0.033906830501796575,nan,0.012638109043847656,-0.01393331837999423,0.002525637185903185,nan,-0.00011973228827777405,0.0028840460215313335,0.0031620088399136647,nan
12.46,10.210337424000045,ABORT,INITIAL_HOLD,-0.0175323523581028,0.008819369599223137,0.023748526349663734,-0.013221731409430504,0.008058637380599976,0.0009136628359556198,-0.011286197230219841,0.013788032345473766,-0.025449702516198158,-0.019352598819305688,0.02533884734833757,-0.05483293758146353,-0.0017448320286348462,-0.003553446847945452,-0.0027383936103433366,0.02325061629637507,0.02325061629637507,0.999206317496923,0.02325061629637507,nan,0.03106727284526654,-0.05483293758146353,0.03382664857727302,False,False,-0.18443192399264685,0.20406450416312,-0.15060527541537383,nan,-0.018865043812342108,0.03831781472907606,-0.03493759079264924,nan,0.08128225683763457,-0.07913653854768132,0.06019436886915687,nan,0.047490326740090794,-0.03406625725179685,0.0331286465786266,nan,0.008020145487240171,1.3749725276616016,0.002467672161607388,nan,0.000316602802609367,0.014127820706018757,0.003089438670194858,nan
12.46,10.282877539999845,ABORT,INITIAL_HOLD,-0.0175323523581028,0.008819369599223137,0.023748526349663734,-0.013221731409430504,0.008058637380599976,0.0009136628359556198,-0.011286197230219841,0.013788032345473766,-0.025449702516198158,-0.019352598819305688,0.02533884734833757,-0.05483293758146353,-0.0017448320286348462,-0.003553446847945452,-0.0027383936103433366,0.02325061629637507,0.02325061629637507,0.999206317496923,0.02325061629637507,nan,0.03106727284526654,-0.05483293758146353,0.03382664857727302,False,False,-0.18443192399264685,0.20406450416312,-0.15060527541537383,nan,-0.018865043812342108,0.03831781472907606,-0.03493759079264924,nan,0.08128225683763457,-0.07913653854768132,0.06019436886915687,nan,0.047490326740090794,-0.03406625725179685,0.0331286465786266,nan,0.008020145487240171,1.3749725276616016,0.002467672161607388,nan,0.000316602802609367,0.014127820706018757,0.003089438670194858,nan
12.478,10.360799384000074,ABORT,INITIAL_HOLD,-0.0175323523581028,0.008819369599223137,0.023748526349663734,-0.013125728815793991,0.008024180307984352,0.000631502887699753,-0.0117146922275424,0.013936823233962059,-0.02644420973956585,-0.019340750187952845,0.0253738790437264,-0.05486155671473922,0.0004799711750820279,-0.0045266905799508095,-8.865774725563769e-05,0.023546707429989534,0.023546707429989534,0.9994869009882313,0.023546707429989534,nan,0.03210553355094564,-0.05486155671473921,0.033081979627791636,False,False,-0.1801726295510484,0.2193019260475963,-0.14709064992325677,nan,-0.017662286935414606,0.06468086101478898,-0.03412226379368234,nan,0.08001041241872908,-0.05728514460638911,0.05878963279516512,nan,0.04692511788566023,-0.02003101562085251,0.03235553431238328,nan,0.008078973412533053,0.9797820750150735,0.002410084912678339,nan,0.0001013449844728953,0.006205651998119788,0.0030173414619353743,nan
12.5,10.423025041000074,ABORT,INITIAL_HOLD,-0.0175323523581028,0.008819369599223137,0.023748526349663734,-0.01299615390598774,0.008003848604857922,9.433775267098099e-05,-0.011644951067864895,0.014285405166447163,-0.026973646134138107,-0.01922364898543174,0.02538474715838871,-0.05487659048487956,0.004884656984359026,-0.006141663994640112,0.0023164646700024613,0.024099020915201587,0.024099020915201587,1.0000221472563031,0.024099020915201587,nan,0.03266887313502299,-0.05487659048487956,0.03315031209976055,False,False,-0.1759782196496964,0.20473311086613474,-0.14282790754993585,nan,-0.01652677495771737,0.060108325342209015,-0.03313338775144001,nan,0.07868579067001402,-0.05955158036326626,0.057085887118885376,nan,0.04629394037368506,-0.02317182492394497,0.03141785875518917,nan,-0.008112012829474935,1.0318905507908886,0.0023402397451851263,nan,-0.00012127193616606746,0.00294569744102946,0.002929897771182218,nan
12.54,10.497615831000076,ABORT,INITIAL_HOLD,-0.0175323523581028,0.008819369599223137,0.023748526349663734,-0.012767023406922817,0.0077612618915736675,-0.0006798412650823593,-0.012407437898218632,0.012928885407745838,-0.028706515207886696,-0.01910044010119428,0.02535288870074836,-0.05492511517623252,-0.0019258565735071898,-0.007605476304888724,0.005738727748394013,0.02491130458757865,0.02491130458757865,1.0007913762553777,0.02491130458757865,nan,0.033840280856774894,-0.054925115176232525,0.03239198703259638,False,False,-0.1675683280500797,0.22678275372591206,-0.13517634101748333,nan,-0.014216255066013872,0.06728623131331035,-0.03135836825297782,nan,0.07616019589247269,-0.049498078326868984,0.054027686023266075,nan,0.04513654307580062,-0.013857480734417997,0.029734743454431306,nan,0.011115949430271499,0.7488998702104538,0.002214868587549752,nan,4.5927752148067214e-05,0.0013212021677618258,0.0027729374956026913,nan
12.576,10.570397343999957,ABORT,INITIAL_HOLD,-0.0175323523581028,0.008819369599223137,0.023748526349663734,-0.012602586299180984,0.007403413765132427,-0.002154942136257887,-0.013573933392763138,0.011476576328277588,-0.029927555471658707,-0.01916867428789046,0.02535165798996339,-0.05484510409322978,-0.0019438168965280056,-0.0027985200285911556,0.0027869946788996462,0.02640638566560989,0.02640638566560989,1.0022615246356275,0.02640638566560989,nan,0.03480836176092119,-0.05484510409322978,0.030794336868313732,False,False,-0.15920146272459856,0.2080028415783498,-0.12840712585628483,nan,-0.012019732236522529,0.06209270326014073,-0.02978803767433723,nan,0.07360042798930255,-0.054546316938074796,0.0513221457741343,nan,0.04390207252838252,-0.018977013557883782,0.028245719009095477,nan,-0.008293757981904903,0.8587287943336542,0.00210395478480845,nan,6.456109012287214e-05,-0.00014063859249691113,0.0026340773193691755,nan
12.608,10.6475572989998,ABORT,INITIAL_HOLD,-0.0175323523581028,0.008819369599223137,0.023748526349663734,-0.012552082538604736,0.007280312012881041,-0.0029298546724021435,-0.013197704218327999,0.011446814052760601,-0.030727434903383255,-0.019141417621881793,0.025445679424768632,-0.05491855176791179,0.0045179566368460655,-0.006023733410984277,0.0062428037635982045,0.027182858563580197,0.027182858563580197,1.0030348204884347,0.027182858563580197,nan,0.035346629320694864,-0.05491855176791179,0.03263491221020909,False,False,-0.1551251050784792,0.19132581132545373,-0.12249019286827012,nan,-0.010969740559125363,0.06084156642974747,-0.02841542052721116,nan,0.07232384283084858,-0.05444177344273821,0.048957248224082844,nan,0.04327581316559481,-0.019926754940069406,0.0269441710968545,nan,0.013043235453208624,0.08465300008847053,0.002007005652207681,nan,0.0002404781188891647,-0.013627459594977132,0.0025127004185155535,nan
12.638,10.72167099499984,ABORT,INITIAL_HOLD,-0.0175323523581028,0.008819369599223137,0.023748526349663734,-0.012411548756062984,0.00701475515961647,-0.005178740713745356,-0.01111212931573391,0.010084875859320164,-0.032441139221191406,-0.019081580317086334,0.025567416424130882,-0.054824693840298,-0.0010972300078719854,5.398546272772423e-05,0.004793207626789808,0.029432397839185533,0.029432397839185533,1.0052798387092743,0.029432397839185533,nan,0.035743693891317596,-0.05482469384029799,0.030222929017554356,False,False,-0.1472568312412026,0.20144973057579313,-0.11703390222364823,nan,-0.008818931709200228,0.0571863173804955,-0.027149663738401483,nan,0.06988605263857561,-0.05765246247289942,0.04677646158952534,nan,0.04214712436387558,-0.02274258637880155,0.025743950693569134,nan,-0.008396698579717032,1.0312885137792183,0.001917604158852039,nan,-0.00011659450792045334,0.002864958298490372,0.0024007728962768702,nan
12.638,10.79484430399998,ABORT,INITIAL_HOLD,-0.0175323523581028,0.008819369599223137,0.023748526349663734,-0.012411548756062984,0.00701475515961647,-0.005178740713745356,-0.01111212931573391,0.010084875859320164,-0.032441139221191406,-0.019081580317086334,0.025567416424130882,-0.054824693840298,-0.0010972300078719854,5.398546272772423e-05,0.004793207626789808,0.029432397839185533,0.029432397839185533,1.0052798387092743,0.029432397839185533,nan,0.035743693891317596,-0.05482469384029799,0.030222929017554356,False,False,-0.1472568312412026,0.20144973057579313,-0.11703390222364823,nan,-0.008818931709200228,0.0571863173804955,-0.027149663738401483,nan,0.06988605263857561,-0.05765246247289942,0.04677646158952534,nan,0.04214712436387558,-0.02274258637880155,0.025743950693569134,nan,-0.008396698579717032,1.0312885137792183,0.001917604158852039,nan,-0.00011659450792045334,0.002864958298490372,0.0024007728962768702,nan
12.66,10.875127612000142,ABORT,INITIAL_HOLD,-0.0175323523581028,0.008819369599223137,0.023748526349663734,-0.012308584526181221,0.0068894787691533566,-0.006774331908673048,-0.010074237361550331,0.010647113434970379,-0.03407861664891243,-0.019037075228887847,0.025596399708225637,-0.054784676025282475,0.0019209875026717782,-0.009085155092179775,0.002574601443484427,0.031026715991808156,0.031026715991808156,1.006873140748577,0.031026715991808156,nan,0.03709721546986397,-0.05478467602528248,0.030259553990578225,False,False,-0.14335072693866735,0.19512502037673424,-0.11309117294808912,nan,-0.00773970832808768,0.06453790256800326,-0.026235024714929264,nan,0.06869890892908526,-0.04858528297088896,0.04520061970942077,nan,0.0416085286975072,-0.0174040247163045,0.024876668426298237,nan,0.01243296215869183,-0.34341116681678746,0.001853002416003272,nan,5.7358300203702584e-05,-0.005892400188833857,0.0023198937885801005,nan
12.696,10.948185715999898,ABORT,INITIAL_HOLD,-0.0175323523581028,0.008819369599223137,0.023748526349663734,-0.01212733332067728,0.006747975945472717,-0.00971195101737976,-0.009723218157887459,0.009773202240467072,-0.036323949694633484,-0.018968275571012008,0.025560186932475294,-0.05478384282937222,0.0038238195702433586,-0.003495416836813092,0.0019489208934828643,0.03395745055351122,0.03395745055351122,1.00980732390895,0.03395745055351122,nan,0.03885210129191479,-0.05478384282937222,0.02886124514994398,False,False,-0.13561252213782993,0.1885142380486744,-0.10675127698788595,nan,-0.005668311720768315,0.05609287412999958,-0.024764288114802593,nan,0.06632655607634153,-0.05167207581770768,0.042666671048140425,nan,0.040500047889967306,-0.017833626192004775,0.023482081337422647,nan,-0.008434565679191763,0.917735260888567,0.0017491230218364233,nan,-7.750173453402454e-05,0.005127448076407276,0.0021898404442304885,nan
12.729,11.029060412000035,ABORT,INITIAL_HOLD,-0.0175323523581028,0.008819369599223137,0.023748526349663734,-0.012059196829795837,0.006693647243082523,-0.010792366228997707,-0.009448200464248657,0.009015255607664585,-0.03672187775373459,-0.018936268090502858,0.025549008108048426,-0.05481620968376107,0.003112169448286295,-0.004630671348422765,0.005643144715577365,0.03503637234507965,0.03503637234507965,1.0108864608690784,0.03503637234507965,nan,0.03897485896631806,-0.054816209683761066,0.027057631835960938,False,False,-0.12812473514466305,0.1790638656455181,-0.10106710330870211,nan,-0.0036688333415879626,0.05177643034877531,-0.023445666748785024,nan,0.0640408179098797,-0.05161890463530009,0.04039480343780957,nan,0.03943398374278573,-0.01774816037118101,0.02223173349675206,nan,-0.008524428617574742,0.844037550838783,0.0016559876578116414,nan,0.00010525579172426802,0.007157712283556911,0.0020732382473675915,nan
12.758,11.104748080999798,ABORT,INITIAL_HOLD,-0.0175323523581028,0.008819369599223137,0.023748526349663734,-0.01195195410400629,0.0062845684587955475,-0.013411765918135643,-0.011058846488595009,0.006891149561852217,-0.03721999749541283,-0.018864734177430488,0.025641913319358868,-0.05473421093904461,0.0006926901405677199,-0.0021494436077773562,0.005830696783959866,0.03766236029412,0.03766236029412,1.0135017278273044,0.03766236029412,nan,0.03943493681370192,-0.05473421093904461,0.02830768441581699,False,False,-0.12448465874274106,0.18573146627058204,-0.09617697432692407,nan,-0.00265623236783874,0.0597518797387641,-0.022311248815432907,nan,0.06297574174042975,-0.04369599247396657,0.03844030199730522,nan,0.03896607184707257,-0.01466488099870588,0.021156051690026406,nan,-0.008785947074377631,-0.4365076354673445,0.0015758627410600778,nan,4.141042532701533e-05,-0.005650283140761547,0.001972924672448797,nan
12.758,11.179460962000121,ABORT,INITIAL_HOLD,-0.0175323523581028,0.008819369599223137,0.023748526349663734,-0.01195195410400629,0.0062845684587955475,-0.013411765918135643,-0.011058846488595009,0.006891149561852217,-0.03721999749541283,-0.018864734177430488,0.025641913319358868,-0.05473421093904461,0.0006926901405677199,-0.0021494436077773562,0.005830696783959866,0.03766236029412,0.03766236029412,1.0135017278273044,0.03766236029412,nan,0.03943493681370192,-0.05473421093904461,0.02830768441581699,False,False,-0.12448465874274106,0.18573146627058204,-0.09617697432692407,nan,-0.00265623236783874,0.0597518797387641,-0.022311248815432907,nan,0.06297574174042975,-0.04369599247396657,0.03844030199730522,nan,0.03896607184707257,-0.01466488099870588,0.021156051690026406,nan,-0.008785947074377631,-0.4365076354673445,0.0015758627410600778,nan,4.141042532701533e-05,-0.005650283140761547,0.001972924672448797,nan
12.787,11.257083404000241,ABORT,INITIAL_HOLD,-0.0175323523581028,0.008819369599223137,0.023748526349663734,-0.011920001357793808,0.0060083274729549885,-0.014993810094892979,-0.010733988136053085,0.006442455109208822,-0.038722168654203415,-0.01878029450235373,0.025538046372092563,-0.05473015320814726,-0.0031949260737746954,-0.002553469035774469,0.00199119420722127,0.0392475359069783,0.0392475359069783,1.0150815834022109,0.0392475359069783,nan,0.04069557806965854,-0.05473015320814726,0.02586250126907097,False,False,-0.11725133724004522,0.16927000505132384,-0.09138883597097425,nan,-0.0008446655152214433,0.03856738928643794,-0.021200490788681303,nan,0.06075184563911673,-0.058725190802579944,0.036526564476493384,nan,0.03791140268116777,-0.02465302545201494,0.020102804764071544,nan,-0.008608801349845763,0.1319780070153826,0.0014974089439117756,nan,0.0002830903801838147,0.005679170524687249,0.0018747032804403438,nan
12.824,11.334195753000131,ABORT,INITIAL_HOLD,-0.0175323523581028,0.008819369599223137,0.023748526349663734,-0.011866133660078049,0.005602995399385691,-0.017808636650443077,-0.010822996497154236,0.006303517613559961,-0.03914254531264305,-0.018787154472048876,0.025614210625591244,-0.05470619074177086,-0.0013688316103070974,-0.00436335289850831,0.0013087667757645254,0.0420648177690653,0.0420648177690653,1.017893225994612,0.0420648177690653,nan,0.04109757220364955,-0.05470619074177086,0.02840876337705084,False,False,-0.11384204732120562,0.16323835288645733,-0.08543328394415478,nan,0.000469822792703134,0.05519054415568099,-0.019818914751032674,nan,0.059682986476212285,-0.04588922583473751,0.034146231553007805,nan,0.037406285235251246,-0.01802100719323007,0.018792761820801668,nan,-0.008561987827961914,-0.22128260972866054,0.0013998270371488554,nan,0.00010123606173273458,-0.00450860569366357,0.0017525341686129682,nan
12.834,11.422059255000022,ABORT,INITIAL_HOLD,-0.0175323523581028,0.008819369599223137,0.023748526349663734,-0.011866133660078049,0.005602995399385691,-0.017808636650443077,-0.010822996497154236,0.006303517613559961,-0.03914254531264305,-0.018787154472048876,0.025614210625591244,-0.05470619074177086,-0.0013688316103070974,-0.00436335289850831,0.0013087667757645254,0.0420648177690653,0.0420648177690653,1.017893225994612,0.0420648177690653,nan,0.04109757220364955,-0.05470619074177086,0.026456741322837374,False,False,-0.11031074563411991,0.1839036324068711,-0.08385400431128254,nan,0.001224078372608517,0.05022097104167922,-0.01945255158474732,nan,0.058655232997227635,-0.04890613303151624,0.033515020325469685,nan,0.03695419309033632,-0.01748035790096304,0.01844536763648809,nan,-0.008703229514088306,1.0050943588442485,0.0013739504908281252,nan,8.438812666256013e-05,0.007607115399735659,0.0017201376436214635,nan
12.852,11.503052450999803,ABORT,INITIAL_HOLD,-0.0175323523581028,0.008819369599223137,0.023748526349663734,-0.011858994141221046,0.005474638193845749,-0.01873820275068283,-0.010695142671465874,0.006328158546239138,-0.03971020504832268,-0.018774280206216156,0.025636945407391795,-0.054743520434113985,0.002659204415977001,-0.005386793985962868,0.0013607440050691373,0.04299414345323573,0.04299414345323573,1.0188219339752587,0.04299414345323573,nan,0.041609278440381314,-0.054743520434113985,0.025887045771868622,False,False,-0.10693157052559688,0.17380840777260964,-0.08104452475372825,nan,0.0020872417866426574,0.052981020046091,-0.018800805177780974,nan,0.05759739938209574,-0.04518612907522458,0.03239211909673545,nan,0.036452961786080706,-0.01874608265687009,0.01782736634088014,nan,-0.008487373142053833,-0.280673568671771,0.0013279170801546898,nan,5.42970297638945e-05,-0.007958351673392455,0.0016625054340969883,nan
12.892,11.596121082000082,ABORT,INITIAL_HOLD,-0.0175323523581028,0.008819369599223137,0.023748526349663734,-0.01186313759535551,0.005173607729375362,-0.020975764840841293,-0.011559977196156979,0.004511937499046326,-0.0418083518743515,-0.018731497601592612,0.025697556562627275,-0.054780909684872155,-0.004551358055323362,-0.00159161479678005,-0.0021791786421090364,0.04522934664718111,0.04522934664718111,1.0210577910397065,0.04522934664718111,nan,0.04361111027273395,-0.054780909684872155,0.025665236945042857,False,False,-0.10010780454393498,0.17120472071668907,-0.07495738860467466,nan,0.003852563373226481,0.04527358853103395,-0.017388704099062263,nan,0.055624431181063194,-0.04521785281777063,0.029959194236020337,nan,0.03555461105072233,-0.0159036791252726,0.016488378834620496,nan,-0.008847195619360093,0.9957605340669449,0.0012281791634216593,nan,9.401678351128595e-05,0.008925874422968355,0.0015376370736908855,nan
12.922,11.671874950000074,ABORT,INITIAL_HOLD,-0.0175323523581028,0.008819369599223137,0.023748526349663734,-0.011909005232155323,0.004869912751019001,-0.023032788187265396,-0.011581468395888805,0.002400454366579652,-0.04328315332531929,-0.018732660296960395,0.025809492253347447,-0.05489409638418356,0.001186648616567254,-0.0038949032314121723,-0.0006887365016154941,0.047283312406152606,0.047283312406152606,1.023113691708811,0.047283312406152606,nan,0.04487007859536354,-0.05489409638418356,0.02646781224336156,False,False,-0.09691792042814296,0.16330311143773077,-0.07053697029834122,nan,0.00472299939618992,0.05048707941571999,-0.01636325020647407,nan,0.054660240412565564,-0.04113207830497758,0.028192428169204004,nan,0.03511646678701652,-0.015533742686942712,0.015516019298101466,nan,-0.009068482870609351,-0.23966113802734543,0.0011557504708203294,nan,6.287909358171362e-05,-0.002327912301879037,0.0014469589004571896,nan
12.956,11.742883480999808,ABORT,INITIAL_HOLD,-0.0175323523581028,0.008819369599223137,0.023748526349663734,-0.011911001987755299,0.00450315373018384,-0.02409004606306553,-0.012339034117758274,0.002169968094676733,-0.04353746399283409,-0.018705051318963467,0.02583135517891661,-0.05492025531431105,-0.000981489778496325,-0.0040979208424687386,0.0016203010454773907,0.048360710394930034,0.048360710394930034,1.0241692110229255,0.048360710394930034,nan,0.045304208363224296,-0.05492025531431105,0.026463938883935195,False,False,-0.09061518541202673,0.1515389042038459,-0.06568145566763184,nan,0.006365746502721592,0.04642608550331503,-0.01523686215142371,nan,0.05271570038044526,-0.04257366716079676,0.026251761496510068,nan,0.03419368153395652,-0.015532672719267848,0.014447951611133172,nan,-0.008857538214656735,-0.19349629180620956,0.00107619271129675,nan,9.131308079535216e-05,-0.0002619032135967314,0.0013473553864206608,nan
12.984,11.826647038999909,ABORT,INITIAL_HOLD,-0.0175323523581028,0.008819369599223137,0.023748526349663734,-0.011904624290764332,0.0038342822808772326,-0.025509079918265343,-0.011919321492314339,0.0034189035650342703,-0.043773338198661804,-0.018705994494761485,0.025876755434873937,-0.054934707377211164,0.0026010219007730484,-0.0012392174685373898,0.0036304460372775793,0.04982804625928823,0.04982804625928823,1.0255853425214894,0.04982804625928823,nan,0.04549576093965871,-0.05493470737721116,0.027122314437401512,False,False,-0.08745428795156229,0.16062989422576687,-0.06180857013139979,nan,0.007213873706270135,0.050604407066690844,-0.0143384255616133,nan,0.05182614940933927,-0.03658760694210786,0.02470383497193776,nan,0.0338044616904174,-0.013187729348830772,0.013596032873124553,nan,-0.0092048541053531,-0.36518519827204265,0.0010127353603075944,nan,5.318514849328437e-05,-0.004794148001479481,0.0012679090170430035,nan
12.991,11.899310441000125,ABORT,INITIAL_HOLD,-0.0175323523581028,0.008819369599223137,0.023748526349663734,-0.011904624290764332,0.0038342822808772326,-0.025509079918265343,-0.011919321492314339,0.0034189035650342703,-0.043773338198661804,-0.018705994494761485,0.025876755434873937,-0.054934707377211164,0.0026010219007730484,-0.0012392174685373898,0.0036304460372775793,0.04982804625928823,0.04982804625928823,1.0255853425214894,0.04982804625928823,nan,0.04549576093965871,-0.05493470737721116,0.026622630164402722,False,False,-0.08445912412483825,0.14560323880841755,-0.06085836433393377,nan,0.008014448456647116,0.04473532982665977,-0.014117995691350735,nan,0.050946684028962075,-0.03778876522180928,0.024324053864559353,nan,0.0334077777581161,-0.01437726944135994,0.01338701607770093,nan,-0.009072908451848605,1.014369157555166,0.0009971662085116973,nan,0.00010888349943805053,-0.0067863212275508095,0.001248416987117501,nan
13.006,11.97435101200017,ABORT,INITIAL_HOLD,-0.0175323523581028,0.008819369599223137,0.023748526349663734,-0.01191074401140213,0.0036038740072399378,-0.026017364114522934,-0.011961010284721851,0.0030303511302918196,-0.04463232681155205,-0.018678264276439847,0.02595546226016779,-0.0548761557949644,-0.00019861338660120964,-0.005880260840058326,0.0056349504739046105,0.050353229572363246,0.050353229572363246,1.026092824843483,0.050353229572363246,nan,0.04630651564971468,-0.0548761557949644,0.027426650908591615,False,False,-0.08445912412483825,0.14560323880841755,-0.058846718263161735,nan,0.008014448456647116,0.04473532982665977,-0.013651331644912557,nan,0.050946684028962075,-0.03778876522180928,0.02352003312037046,nan,0.0334077777581161,-0.01437726944135994,0.012944514236141347,nan,-0.009072908451848605,1.014369157555166,0.0009642053245442535,nan,0.00010888349943805053,-0.0067863212275508095,0.0012071511208014123,nan
13.043,12.049142686999858,ABORT,INITIAL_HOLD,-0.0175323523581028,0.008819369599223137,0.023748526349663734,-0.011919969692826271,0.0030911697540432215,-0.02732318453490734,-0.011330756358802319,0.002768397331237793,-0.04572499170899391,-0.018778596064272388,0.025930298124196578,-0.05494040786813882,0.008260468021035194,-0.0056137307547032824,0.006248940713703633,0.05169749283403433,0.05169749283403433,1.0273969858291727,0.05169749283403433,nan,0.04718924591719713,-0.05494040786813882,0.02759105032140738,False,False,-0.07867518540932572,0.14800783649699767,-0.054029113684159524,nan,0.00955269797053937,0.03006531835437766,-0.012533738008715184,nan,0.04918556877242519,-0.050050854597738094,0.021594518451017813,nan,0.03259442451915717,-0.022114282034560968,0.011884785624290573,nan,-0.009191303944476203,0.032031497705982875,0.0008852687224069917,nan,0.00023099247681912516,0.003923889158045812,0.0011083252739442703,nan
13.075,12.121744591000152,ABORT,INITIAL_HOLD,-0.0175323523581028,0.008819369599223137,0.023748526349663734,-0.011935857124626637,0.002819682704284787,-0.02798137068748474,-0.011812325567007065,0.003050020430237055,-0.04649839550256729,-0.01863249439606488,0.025949196587023618,-0.05489184896158272,-0.0012985942885279655,-0.008232826367020607,0.002075335709378124,0.05237651429037254,0.05237651429037254,1.0280545286006828,0.05237651429037254,nan,0.04807217952453375,-0.05489184896158272,0.02752146405932271,False,False,-0.07311766400115172,0.13290343454636602,-0.05003066302009024,nan,0.011066617783050958,0.040987931338693905,-0.01160617267130877,nan,0.04751786973829919,-0.034820811031889776,0.01999640567897648,nan,0.03184211973393403,-0.013220745988199535,0.011005246321655338,nan,-0.009177520219153301,1.0155480995223054,0.0008197539828597141,nan,0.00010723875610452183,-0.005244466596907915,0.0010263031265236571,nan
13.075,12.193877901000178,ABORT,INITIAL_HOLD,-0.0175323523581028,0.008819369599223137,0.023748526349663734,-0.011935857124626637,0.002819682704284787,-0.02798137068748474,-0.011812325567007065,0.003050020430237055,-0.04649839550256729,-0.01863249439606488,0.025949196587023618,-0.05489184896158272,-0.0012985942885279655,-0.008232826367020607,0.002075335709378124,0.05237651429037254,0.05237651429037254,1.0280545286006828,0.05237651429037254,nan,0.04807217952453375,-0.05489184896158272,0.02752146405932271,False,False,-0.07311766400115172,0.13290343454636602,-0.05003066302009024,nan,0.011066617783050958,0.040987931338693905,-0.01160617267130877,nan,0.04751786973829919,-0.034820811031889776,0.01999640567897648,nan,0.03184211973393403,-0.013220745988199535,0.011005246321655338,nan,-0.009177520219153301,1.0155480995223054,0.0008197539828597141,nan,0.00010723875610452183,-0.005244466596907915,0.0010263031265236571,nan
13.091,12.274318797999968,ABORT,INITIAL_HOLD,-0.0175323523581028,0.008819369599223137,0.023748526349663734,-0.011962966062128544,0.002657646546140313,-0.02836466208100319,-0.012617889791727066,0.00295793148688972,-0.046136435121297836,-0.018651519209001755,0.02590914413278797,-0.054884459078963437,-0.0011719843605533242,9.328423766419363e-05,0.005907815415412188,0.052770913419296385,0.052770913419296385,1.0284376762153087,0.052770913419296385,nan,0.04792213629606915,-0.054884459078963437,0.02749030436416569,False,False,-0.07045142011130334,0.13895154720663722,-0.048090663215354545,nan,0.011771039827109142,0.03999700396538581,-0.01115612921082082,nan,0.04671132509377518,-0.034358358193128054,0.01922102072960949,nan,0.03146783619740923,-0.011670073604569748,0.010578504511207898,nan,-0.009497800478030172,-0.2107328123731706,0.0007879670252085528,nan,5.720016272192652e-05,-0.0003136213220506501,0.00098650697462665,nan
13.121,12.348680177999995,ABORT,INITIAL_HOLD,-0.0175323523581028,0.008819369599223137,0.023748526349663734,-0.01205659843981266,0.0022989176213741302,-0.029190998524427414,-0.012320110574364662,0.0028915549628436565,-0.045974720269441605,-0.018758667739400582,0.026094957962587845,-0.054849226887089264,0.0015054750256240368,-0.007591026835143565,0.004299164284020663,0.05361989806838148,0.05361989806838148,1.0292641828179374,0.05361989806838148,nan,0.047684600433694754,-0.054849226887089264,0.02811940261210652,False,False,-0.0678329320007176,0.12352316985594008,-0.04456066106268913,nan,0.012458381761532245,0.04382475645082248,-0.010337235115863999,nan,0.04592954147784756,-0.030284352971179256,0.017810138865741038,nan,0.031107441476409647,-0.012539170232942593,0.0098020098405205,nan,-0.009524094462070032,-0.3490852120188676,0.0007301278292141111,nan,0.00010887329611275476,-0.01301258894226752,0.0009140943375112662,nan
13.131,12.439828628000214,ABORT,INITIAL_HOLD,-0.0175323523581028,0.008819369599223137,0.023748526349663734,-0.01205659843981266,0.0022989176213741302,-0.029190998524427414,-0.012320110574364662,0.0028915549628436565,-0.045974720269441605,-0.018758667739400582,0.026094957962587845,-0.054849226887089264,0.0015054750256240368,-0.007591026835143565,0.004299164284020663,0.05361989806838148,0.05361989806838148,1.0292641828179374,0.05361989806838148,nan,0.047684600433694754,-0.054849226887089264,0.027839253732364982,False,False,-0.0652001236163331,0.1421582473255452,-0.04341535111533207,nan,0.01317090004492627,0.039975290762092,-0.010071544753018802,nan,0.04519163167804141,-0.03158856284934673,0.017352377945676428,nan,0.030791639193862963,-0.009874423400977309,0.009550075979874978,nan,-0.009369922418589027,0.9148365633462767,0.0007113618898025587,nan,5.2312560044676104e-05,0.002386815638655282,0.0008906000420361264,nan
13.152,12.518593348000195,ABORT,INITIAL_HOLD,-0.0175323523581028,0.008819369599223137,0.023748526349663734,-0.012055921368300915,0.0020448684226721525,-0.02962208352982998,-0.012449029833078384,0.0031045873183757067,-0.046531908214092255,-0.018769542946838108,0.026070304135232925,-0.054802409881832194,0.004502786323428154,-0.0011103304568678145,-0.0030326927080750465,0.05407686345828745,0.05407686345828745,1.0296946934015019,0.05407686345828745,nan,0.04826836736670302,-0.05480240988183219,0.028018936698134794,False,False,-0.06264490545420731,0.12936837103175972,-0.04106154668409101,nan,0.013795261764416367,0.029157596923516053,-0.009525506403446946,nan,0.04443053901832794,-0.03780376649724679,0.016411602320193147,nan,0.030418332794980074,-0.015606685057641609,0.009032309554344906,nan,-0.00942518734337039,-0.04295231136132148,0.0006727947303665962,nan,0.00020531270948964675,0.0025794965427818617,0.00084231531620633,nan
13.188,12.596255381999981,ABORT,INITIAL_HOLD,-0.0175323523581028,0.008819369599223137,0.023748526349663734,-0.012032193131744862,0.0016057081520557404,-0.030336536467075348,-0.012122068554162979,0.001636492321267724,-0.0477801188826561,-0.018618124940668314,0.026154516273887506,-0.05485409081579157,0.0028361298609524965,-0.0019081400241702793,0.0013314887182787063,0.05484052044683978,0.05484052044683978,1.0304080407048453,0.05484052044683978,nan,0.049321013914863356,-0.05485409081579157,0.028150613161774474,False,False,-0.057833679428485496,0.11700002207369453,-0.037189203302327056,nan,0.015031772635186513,0.01681335870305744,-0.008627195583274433,nan,0.04301450564732168,-0.04290302815580655,0.014863892485547203,nan,0.029763948881111446,-0.01779590349889691,0.008180510074069558,nan,-0.009224087897059974,1.0611568734767556,0.0006093462625954074,nan,0.00017747048385441389,0.008673141133401951,0.0007628800683048258,nan
13.223,12.676115787000072,ABORT,INITIAL_HOLD,-0.0175323523581028,0.008819369599223137,0.023748526349663734,-0.012028002180159092,0.001205005799420178,-0.031159304082393646,-0.012060980312526226,0.0015184013172984123,-0.048851415514945984,-0.018611959969939907,0.02624034725242861,-0.05486369470974758,0.000734894594643265,-0.005592892877757549,-0.0021191539708524934,0.0557058906195094,0.0557058906195094,1.031230156304163,0.0557058906195094,nan,0.05034117188220218,-0.05486369470974758,0.028938644249834028,False,False,-0.05556004726134134,0.11250531448468772,-0.03362269670227869,nan,0.015657705422489343,0.03391562314474037,-0.007799833143226381,nan,0.04237706466433,-0.027402612441287725,0.013438420414495972,nan,0.029492535299851852,-0.007779653205087416,0.0073959855190865315,nan,-0.009351747618886463,0.7375831146154076,0.0005509089400855876,nan,5.0462277826568425e-05,0.001606798265565229,0.0006897185978496558,nan
13.223,12.750810462000118,ABORT,INITIAL_HOLD,-0.0175323523581028,0.008819369599223137,0.023748526349663734,-0.012028002180159092,0.001205005799420178,-0.031159304082393646,-0.012060980312526226,0.0015184013172984123,-0.048851415514945984,-0.018611959969939907,0.02624034725242861,-0.05486369470974758,0.000734894594643265,-0.005592892877757549,-0.0021191539708524934,0.0557058906195094,0.0557058906195094,1.031230156304163,0.0557058906195094,nan,0.05034117188220218,-0.05486369470974758,0.028938644249834028,False,False,-0.05556004726134134,0.11250531448468772,-0.03362269670227869,nan,0.015657705422489343,0.03391562314474037,-0.007799833143226381,nan,0.04237706466433,-0.027402612441287725,0.013438420414495972,nan,0.029492535299851852,-0.007779653205087416,0.0073959855190865315,nan,-0.009351747618886463,0.7375831146154076,0.0005509089400855876,nan,5.0462277826568425e-05,0.001606798265565229,0.0006897185978496558,nan
13.253,12.835169404000226,ABORT,INITIAL_HOLD,-0.0175323523581028,0.008819369599223137,0.023748526349663734,-0.012045945972204208,0.0009879249846562743,-0.03159533441066742,-0.012312096543610096,0.0007147617288865149,-0.04859478026628494,-0.018623945453310472,0.02627184759395069,-0.054926145208141014,-0.0009644455276429653,-0.0076659065671265125,-0.0006225522374734273,0.05616382379825273,0.05616382379825273,1.0316661353306105,0.05616382379825273,nan,0.050135329606543655,-0.054926145208141014,0.028820229869167047,False,False,-0.051118976989859455,0.11544409047930519,-0.03072195359565455,nan,0.01680357729479809,0.033098905017287274,-0.007126915309675588,nan,0.04109927256549728,-0.025351530061694817,0.012279042696330233,nan,0.028910893253991432,-0.008061878892460265,0.006757908978077612,nan,-0.009646886579953495,-0.28642849191480274,0.0005033801732980446,nan,4.5246808815235795e-05,-0.0027869074293503104,0.0006302142551153841,nan
13.296,12.919053647000055,ABORT,INITIAL_HOLD,-0.0175323523581028,0.008819369599223137,0.023748526349663734,-0.012107811868190765,0.0006862545269541442,-0.03229347988963127,-0.01301938109099865,-0.0009207952534779906,-0.04997413977980614,-0.01870260904602686,0.026268190079766492,-0.05488187576066746,0.0005759733030572534,-0.007630454376339913,-0.005533315241336822,0.05688830867261431,0.05688830867261431,1.0323647120451938,0.05688830867261431,nan,0.051650428794184106,-0.05488187576066746,0.02918671559586808,False,False,-0.04690400570395248,0.10147447811713738,-0.026816220601258878,nan,0.017881028903502738,0.031205178546095655,-0.006220858727479572,nan,0.03990470319687933,-0.02316155427540185,0.010717987601011253,nan,0.028370689478348865,-0.006492058836500048,0.005898764783792601,nan,-0.00971336760194852,-0.31706892577074547,0.00043938461567657756,nan,4.7353529458504795e-05,-0.0023438023605873437,0.0005500940699820142,nan
13.316,12.995481892000043,ABORT,INITIAL_HOLD,-0.0175323523581028,0.008819369599223137,0.023748526349663734,-0.012172544375061989,0.00046560756163671613,-0.03272390738129616,-0.013304014690220356,-0.0007419335306622088,-0.050611987709999084,-0.018711386951877115,0.026229865401714562,-0.054951281662843236,-0.0017921441467478871,-0.0020226605702191587,0.0019374645780771973,0.05733802100956524,0.05733802100956524,1.0327957477177452,0.05733802100956524,nan,0.05233660833679059,-0.054951281662843236,0.02930467499877948,False,False,-0.04489373123347118,0.10441898197281704,-0.025100686652172965,nan,0.01838919806850381,0.029785608715399557,-0.005822887122973991,nan,0.03933699283786485,-0.022294045133172014,0.01003231783908537,nan,0.028113366266982354,-0.006142664784182862,0.005521398733790983,nan,-0.009924354729248464,-0.2569090527150638,0.0004112755381108944,nan,4.73486407459589e-05,-0.0008454599804079976,0.000514902494469666,nan
13.316,13.070588756000234,ABORT,INITIAL_HOLD,-0.0175323523581028,0.008819369599223137,0.023748526349663734,-0.012172544375061989,0.00046560756163671613,-0.03272390738129616,-0.013304014690220356,-0.0007419335306622088,-0.050611987709999084,-0.018711386951877115,0.026229865401714562,-0.054951281662843236,-0.0017921441467478871,-0.0020226605702191587,0.0019374645780771973,0.05733802100956524,0.05733802100956524,1.0327957477177452,0.05733802100956524,nan,0.05233660833679059,-0.054951281662843236,0.02930467499877948,False,False,-0.04489373123347118,0.10441898197281704,-0.025100686652172965,nan,0.01838919806850381,0.029785608715399557,-0.005822887122973991,nan,0.03933699283786485,-0.022294045133172014,0.01003231783908537,nan,0.028113366266982354,-0.006142664784182862,0.005521398733790983,nan,-0.009924354729248464,-0.2569090527150638,0.0004112755381108944,nan,4.73486407459589e-05,-0.0008454599804079976,0.000514902494469666,nan
13.323,13.145913715999995,ABORT,INITIAL_HOLD,-0.0175323523581028,0.008819369599223137,0.023748526349663734,-0.012221403419971466,0.0003347547317389399,-0.03297816962003708,-0.013611814938485622,-0.0009450464858673513,-0.05064447969198227,-0.018758600918822827,0.026271620954624333,-0.05491917564435134,0.004089664202183485,-0.005683090537786483,0.006391825620085002,0.05760306331881875,0.05760306331881875,1.0330505184519516,0.05760306331881875,nan,0.052450337864037015,-0.05491917564435133,0.02953861016519499,False,False,-0.04489373123347118,0.10441898197281704,-0.02451538489007732,nan,0.01838919806850381,0.029785608715399557,-0.005687108124543067,nan,0.03933699283786485,-0.022294045133172014,0.009798382672669859,nan,0.028113366266982354,-0.006142664784182862,0.00539264988907201,nan,-0.009924354729248464,-0.2569090527150638,0.00040168535038022195,nan,4.73486407459589e-05,-0.0008454599804079976,0.000502895917060181,nan
13.329,13.220488386999932,ABORT,INITIAL_HOLD,-0.0175323523581028,0.008819369599223137,0.023748526349663734,-0.012221403419971466,0.0003347547317389399,-0.03297816962003708,-0.013611814938485622,-0.0009450464858673513,-0.05064447969198227,-0.018758600918822827,0.026271620954624333,-0.05491917564435134,0.004089664202183485,-0.005683090537786483,0.006391825620085002,0.05760306331881875,0.05760306331881875,1.0330505184519516,0.05760306331881875,nan,0.052450337864037015,-0.05491917564435133,0.02920460510993872,False,False,-0.043008951462067735,0.09448415867645638,-0.024019935449965668,nan,0.018883386043794914,0.030905369113596308,-0.005572173174559894,nan,0.038804965062143815,-0.01915594801332254,0.009600359952205095,nan,0.02788067987942,-0.00385160827077621,0.005283665862093084,nan,-0.010083867250879841,-0.32620639248507527,0.0003935673957635886,nan,4.9250495187003196e-05,-0.0015894631395071412,0.0004927325236784713,nan
13.342,13.296098943999823,ABORT,INITIAL_HOLD,-0.0175323523581028,0.008819369599223137,0.023748526349663734,-0.012188822031021118,0.00010715465032262728,-0.03325207903981209,-0.012548070400953293,-0.0010846277000382543,-0.052254997193813324,-0.018695307174688536,0.026267993958833585,-0.05480688771100623,0.0017483362462371588,-0.006282763555645943,0.00133141945116222,0.057909628046111876,0.057909628046111876,1.0333239751910903,0.057909628046111876,nan,0.053751420630160175,-0.05480688771100624,0.029625769705037747,False,False,-0.043008951462067735,0.09448415867645638,-0.02296618887812324,nan,0.018883386043794914,0.030905369113596308,-0.005327723792394157,nan,0.038804965062143815,-0.01915594801332254,0.009179195357106068,nan,0.02788067987942,-0.00385160827077621,0.005051873199679854,nan,-0.010083867250879841,-0.32620639248507527,0.00037630172513184595,nan,4.9250495187003196e-05,-0.0015894631395071412,0.0004711165118976308,nan
13.344,13.370137822999823,ABORT,INITIAL_HOLD,-0.0175323523581028,0.008819369599223137,0.023748526349663734,-0.012188822031021118,0.00010715465032262728,-0.03325207903981209,-0.012548070400953293,-0.0010846277000382543,-0.052254997193813324,-0.018695307174688536,0.026267993958833585,-0.05480688771100623,0.0017483362462371588,-0.006282763555645943,0.00133141945116222,0.057909628046111876,0.057909628046111876,1.0333239751910903,0.057909628046111876,nan,0.053751420630160175,-0.05480688771100624,0.029689607733255685,False,False,-0.043008951462067735,0.09448415867645638,-0.022806467229697425,nan,0.018883386043794914,0.030905369113596308,-0.005290671374555286,nan,0.038804965062143815,-0.01915594801332254,0.00911535732888813,nan,0.02788067987942,-0.00385160827077621,0.005016739224279185,nan,-0.010083867250879841,-0.32620639248507527,0.0003736846809125156,nan,4.9250495187003196e-05,-0.0015894631395071412,0.00046784006466991587,nan
13.372,13.473340397999891,ABORT,INITIAL_HOLD,-0.0175323523581028,0.008819369599223137,0.023748526349663734,-0.012128102593123913,-4.911314317723736e-05,-0.03339084982872009,-0.012272345833480358,-0.001691307290457189,-0.052587252110242844,-0.01864675099297076,0.026281396174462793,-0.054778111488600366,0.0036680621560662985,-0.0046977698802948,-0.0008918262901715929,0.05807550440357264,0.05807550440357264,1.0334620175866815,0.05807550440357264,nan,0.054026753346037154,-0.054778111488600366,0.02949920302584197,False,False,-0.039332469480113375,0.08420199364901744,-0.02063718445559659,nan,0.019767864335761942,0.0058800751858108435,-0.004787438578319911,nan,0.03774753489944249,-0.034899544938164384,0.008248331873600523,nan,0.027382399498765864,-0.014273465421815242,0.004539562032749328,nan,-0.009649542798864097,0.9675817287198527,0.0003381409146165533,nan,0.00014952057547557018,0.007842668943141173,0.00042334052061071374,nan
13.373,13.551729116999923,ABORT,INITIAL_HOLD,-0.0175323523581028,0.008819369599223137,0.023748526349663734,-0.012028975412249565,-0.00027266202960163355,-0.03363285958766937,-0.010980762541294098,-0.0014778031036257744,-0.05201420187950134,-0.018597598404633434,0.026344447736229903,-0.05479981950538514,0.0036680621560662985,-0.0046977698802948,-0.0008918262901715929,0.05835731015936965,0.05835731015936965,1.0337028872037815,0.05835731015936965,nan,0.053181183186940234,-0.05479981950538514,0.029529248337355846,False,False,-0.039332469480113375,0.08420199364901744,-0.02056201160304416,nan,0.019767864335761942,0.0058800751858108435,-0.0047699998906381574,nan,0.03774753489944249,-0.034899544938164384,0.008218286562086646,nan,0.027382399498765864,-0.014273465421815242,0.004523026258304183,nan,-0.009649542798864097,0.9675817287198527,0.0003369092050695896,nan,0.00014952057547557018,0.007842668943141173,0.0004217984636211182,nan
13.414,13.624738509000053,ABORT,INITIAL_HOLD,-0.0175323523581028,0.008819369599223137,0.023748526349663734,-0.011963540688157082,-0.00040967288077808917,-0.03382255509495735,-0.010410387068986893,-0.0015068732900545,-0.052437860518693924,-0.01860194379641432,0.02638918887259587,-0.05483320606630148,0.00761724729090929,0.004255433566868306,0.003888657316565513,0.058571463249744625,0.058571463249744625,1.033891855834416,0.058571463249744625,nan,0.05348248350456819,-0.05483320606630148,0.02979473494704793,False,False,-0.03589809171354208,0.08982603909576059,-0.017615726765007667,nan,0.02063680783025834,0.02493754329714932,-0.004086517232105735,nan,0.03683544153495877,-0.01660471575859163,0.007040706587910839,nan,0.026981052338145517,-0.0032871335777821618,0.003874931901382911,nan,-0.00963965898529473,0.7518291893123246,0.0002886342355843804,nan,5.590208589634216e-05,0.0021229832784036284,0.0003613599013799606,nan
13.423,13.699318880000192,ABORT,INITIAL_HOLD,-0.0175323523581028,0.008819369599223137,0.023748526349663734,-0.011864467523992062,-0.0006026204791851342,-0.03401663154363632,-0.0097693195566535,-0.0018710450967773795,-0.05223018676042557,-0.018456365360460383,0.02658177262660904,-0.05480770795990595,-0.0004990504239685833,-0.004008742514997721,-0.0018519450677558775,0.05880231527727673,0.05880231527727673,1.0340848722662555,0.05880231527727673,nan,0.05316890842760571,-0.054807707959905944,0.03003912162769712,False,False,-0.03589809171354208,0.08982603909576059,-0.017004275494091836,nan,0.02063680783025834,0.02493754329714932,-0.00394467203953873,nan,0.03683544153495877,-0.01660471575859163,0.00679631990726165,nan,0.026981052338145517,-0.0032871335777821618,0.003740430948488971,nan,-0.00963965898529473,0.7518291893123246,0.0002786155873314763,nan,5.590208589634216e-05,0.0021229832784036284,0.00034881690648089735,nan
13.43,13.773488556999837,ABORT,INITIAL_HOLD,-0.0175323523581028,0.008819369599223137,0.023748526349663734,-0.011864467523992062,-0.0006026204791851342,-0.03401663154363632,-0.0097693195566535,-0.0018710450967773795,-0.05223018676042557,-0.018456365360460383,0.02658177262660904,-0.05480770795990595,-0.0004990504239685833,-0.004008742514997721,-0.0018519450677558775,0.05880231527727673,0.05880231527727673,1.0340848722662555,0.05880231527727673,nan,0.05316890842760571,-0.054807707959905944,0.029770184983077624,False,False,-0.03426920336467543,0.08203641484339734,-0.01653742634925398,nan,0.02101201515213358,0.010711562183382567,-0.0038363718200460223,nan,0.036379913221799676,-0.026892431755600087,0.006609728238722051,nan,0.026761339664972184,-0.011489122926772791,0.003637738129248669,nan,-0.009970649661656061,-0.25558755493402224,0.0002709662494499894,nan,0.0001816137671530882,0.0009233932079812518,0.00033924020475360576,nan
13.43,13.849673102999986,ABORT,INITIAL_HOLD,-0.0175323523581028,0.008819369599223137,0.023748526349663734,-0.011864467523992062,-0.0006026204791851342,-0.03401663154363632,-0.0097693195566535,-0.0018710450967773795,-0.05223018676042557,-0.018456365360460383,0.02658177262660904,-0.05480770795990595,-0.0004990504239685833,-0.004008742514997721,-0.0018519450677558775,0.05880231527727673,0.05880231527727673,1.0340848722662555,0.05880231527727673,nan,0.05316890842760571,-0.054807707959905944,0.029770184983077624,False,False,-0.03426920336467543,0.08203641484339734,-0.01653742634925398,nan,0.02101201515213358,0.010711562183382567,-0.0038363718200460223,nan,0.036379913221799676,-0.026892431755600087,0.006609728238722051,nan,0.026761339664972184,-0.011489122926772791,0.003637738129248669,nan,-0.009970649661656061,-0.25558755493402224,0.0002709662494499894,nan,0.0001816137671530882,0.0009233932079812518,0.00033924020475360576,nan
13.449,13.923340580000058,ABORT,INITIAL_HOLD,-0.0175323523581028,0.008819369599223137,0.023748526349663734,-0.011791106313467026,-0.0007251233910210431,-0.034120772033929825,-0.008972235023975372,-0.0018966736970469356,-0.05242898315191269,-0.01845525898533023,0.026612639392557223,-0.05485960155856307,0.006536700762808323,-0.0052385488525033,0.001134333666414023,0.05893144277883624,0.05893144277883624,1.0341882455066287,0.05893144277883624,nan,0.05322496262828246,-0.05485960155856307,0.029873242057492227,False,False,-0.03272917691559396,0.08392341819789942,-0.015308558089737856,nan,0.021403336411272456,0.022960124612837148,-0.0035512975006329883,nan,0.035991812538951784,-0.014990850333887874,0.0061185704814595565,nan,0.02659647013451938,-0.0026144119554730016,0.003367423944377515,nan,-0.010221391430266458,-0.28312753757449405,0.00025083120447279717,nan,5.3324181209291055e-05,0.0009142016297914168,0.0003140318373106108,nan
13.449,13.998076642999877,ABORT,INITIAL_HOLD,-0.0175323523581028,0.008819369599223137,0.023748526349663734,-0.011791106313467026,-0.0007251233910210431,-0.034120772033929825,-0.008972235023975372,-0.0018966736970469356,-0.05242898315191269,-0.01845525898533023,0.026612639392557223,-0.05485960155856307,0.006536700762808323,-0.0052385488525033,0.001134333666414023,0.05893144277883624,0.05893144277883624,1.0341882455066287,0.05893144277883624,nan,0.05322496262828246,-0.05485960155856307,0.029873242057492227,False,False,-0.03272917691559396,0.08392341819789942,-0.015308558089737856,nan,0.021403336411272456,0.022960124612837148,-0.0035512975006329883,nan,0.035991812538951784,-0.014990850333887874,0.0061185704814595565,nan,0.02659647013451938,-0.0026144119554730016,0.003367423944377515,nan,-0.010221391430266458,-0.28312753757449405,0.00025083120447279717,nan,5.3324181209291055e-05,0.0009142016297914168,0.0003140318373106108,nan
13.477,14.071716121000009,ABORT,INITIAL_HOLD,-0.0175323523581028,0.008819369599223137,0.023748526349663734,-0.011612461879849434,-0.0009987752418965101,-0.034443892538547516,-0.008806932717561722,-0.001205746433697641,-0.052408430725336075,-0.018384985655094045,0.02668931500017446,-0.05479739306648666,-0.0010254771914333105,-0.003589704167097806,0.006680873688310386,0.05931103343777416,0.05931103343777416,1.0345095522194065,0.05931103343777416,nan,0.05315693275054895,-0.05479739306648666,0.03014816116840882,False,False,-0.03130672749521857,0.0634144543758115,-0.013598766777916271,nan,0.021734956806539252,0.021586123063846673,-0.003154658079945402,nan,0.035583357122454196,-0.01469447971266652,0.005435195954045374,nan,0.026406580815324432,-0.0035216493135055236,0.0029913211024530234,nan,-0.00972106402138273,0.7576470939867094,0.00022281622019881733,nan,7.260807915709933e-05,0.00030981303421780126,0.0002789580632868525,nan
13.508,14.148892250000245,ABORT,INITIAL_HOLD,-0.0175323523581028,0.008819369599223137,0.023748526349663734,-0.01151901576668024,-0.0011233504628762603,-0.03490317612886429,-0.008785386569797993,-0.00029255793197080493,-0.05318847671151161,-0.01839156954343822,0.026695746582994517,-0.0547406179660696,0.005329024512320757,-0.006899642758071423,0.000493110273964704,0.05979163907123458,0.05979163907123458,1.0349678901309483,0.05979163907123458,nan,0.0539099495660621,-0.0547406179660696,0.030109893554854633,False,False,-0.028626824288959796,0.05853458902072731,-0.011844493591194216,nan,0.02239542149790541,0.024985274896676835,-0.0027476997010494886,nan,0.034843936332110026,-0.010261861499016119,0.004734042777255393,nan,0.026076435969560663,-0.0028531931705225704,0.0026054335812822765,nan,-0.01010149389954762,-0.4344058922034825,0.00019407239900936027,nan,8.821120732349641e-05,-0.008122949292393114,0.00024297181110413506,nan
13.532,14.228409345999808,ABORT,INITIAL_HOLD,-0.0175323523581028,0.008819369599223137,0.023748526349663734,-0.011466694064438343,-0.0011868580477312207,-0.03521178290247917,-0.008611165918409824,0.00019673648057505488,-0.053212665021419525,-0.01830074329466706,0.026670173402731825,-0.05470819050870199,-0.0018742561805993319,0.00034100754419341694,0.0009003244922496378,0.06011018939719374,0.06011018939719374,1.0352759676361287,0.06011018939719374,nan,0.0539052743467555,-0.05470819050870199,0.0303055265616069,False,False,-0.027372808371573853,0.06139557362386404,-0.010584794600810354,nan,0.022724206267102254,0.019748421202845555,-0.0024554732320459377,nan,0.03453608906247663,-0.010389403583332207,0.004230562500869728,nan,0.025959189624245482,0.0003049014399688285,0.0023283375596935135,nan,-0.009745603995945373,0.7185834086329932,0.0001734321915398563,nan,5.382885302207541e-05,0.0030642223944031266,0.000217130998005367,nan
13.534,14.306039468000108,ABORT,INITIAL_HOLD,-0.0175323523581028,0.008819369599223137,0.023748526349663734,-0.011466694064438343,-0.0011868580477312207,-0.03521178290247917,-0.008611165918409824,0.00019673648057505488,-0.053212665021419525,-0.01830074329466706,0.026670173402731825,-0.05470819050870199,-0.0018742561805993319,0.00034100754419341694,0.0009003244922496378,0.06011018939719374,0.06011018939719374,1.0352759676361287,0.06011018939719374,nan,0.0539052743467555,-0.05470819050870199,0.030345952954646427,False,False,-0.027372808371573853,0.06139557362386404,-0.010483648460861583,nan,0.022724206267102254,0.019748421202845555,-0.002432009230283444,nan,0.03453608906247663,-0.010389403583332207,0.0041901361078302,nan,0.025959189624245482,0.0003049014399688285,0.0023060884405048665,nan,-0.009745603995945373,0.7185834086329932,0.0001717749088642178,nan,5.382885302207541e-05,0.0030642223944031266,0.00021505613844127226,nan
13.558,14.380462634000196,ABORT,INITIAL_HOLD,-0.0175323523581028,0.008819369599223137,0.023748526349663734,-0.011258772574365139,-0.001300665084272623,-0.035473715513944626,-0.009233714081346989,0.0007521231309510767,-0.05210909619927406,-0.018303402415031048,0.02678455355963174,-0.05468283345857049,0.0015830075135454535,-0.003364445874467492,-6.275210762396414e-05,0.06040734091689358,0.06040734091689358,1.035535739223807,0.06040734091689358,nan,0.0529262229111938,-0.05468283345857049,0.030477631003501815,False,False,-0.026186031951032085,0.05221425765676752,-0.009315272678042996,nan,0.022986601809341423,0.019796039745861575,-0.002160968027513005,nan,0.034200787168864544,-0.010634645041408878,0.0037231561653627288,nan,0.025798962836163675,-0.003671747959537332,0.002049080787397975,nan,-0.010042485754458319,-0.3654776578335424,0.00015263103501513952,nan,0.00013627765141333015,-0.008023066398148128,0.00019108868235579758,nan
13.567,14.484696888000144,ABORT,INITIAL_HOLD,-0.0175323523581028,0.008819369599223137,0.023748526349663734,-0.011258772574365139,-0.001300665084272623,-0.035473715513944626,-0.009233714081346989,0.0007521231309510767,-0.05210909619927406,-0.018303402415031048,0.02678455355963174,-0.05468283345857049,-0.0031440281309187412,-0.005951302126049996,-0.004389414563775062,0.06040734091689358,0.06040734091689358,1.035535739223807,0.06040734091689358,nan,0.0529262229111938,-0.05468283345857049,0.030644196210560026,False,False,-0.026186031951032085,0.05221425765676752,-0.008898529395325872,nan,0.022986601809341423,0.019796039745861575,-0.002064291425468351,nan,0.034200787168864544,-0.010634645041408878,0.0035565909583045174,nan,0.025798962836163675,-0.003671747959537332,0.0019574097560275533,nan,-0.010042485754458319,-0.3654776578335424,0.0001458026832561344,nan,0.00013627765141333015,-0.008023066398148128,0.0001825398263504592,nan
13.600999999999999,14.559856644999854,ABORT,INITIAL_HOLD,-0.0175323523581028,0.008819369599223137,0.023748526349663734,-0.0110643170773983,-0.0013925035018473864,-0.03576341271400452,-0.007865122519433498,-0.0006011291989125311,-0.05290675535798073,-0.018346092725438048,0.026781920307006706,-0.054661123889897176,-0.0009664362878538668,-0.009871374815702438,0.004836870823055507,0.06072716627459714,0.06072716627459714,1.0358234431095645,0.06072716627459714,nan,0.05349155326842461,-0.054661123889897176,0.030667832897464664,False,False,-0.02399644140784929,0.06081436540958969,-0.0074274798533757735,nan,0.02352955978744742,0.016530981740660776,-0.0017230356043119038,nan,0.03363647035607453,-0.009551108808263398,0.0029686374586098685,nan,0.025565195727179635,-0.0002876782024722607,0.001633822947793226,nan,-0.009651392062288267,0.7602856113755135,0.00012169949036993852,nan,5.2026473689181785e-05,0.003036798854456138,0.0001523634774268333,nan
13.634,14.63713847200006,ABORT,INITIAL_HOLD,-0.0175323523581028,0.008819369599223137,0.023748526349663734,-0.010937961749732494,-0.0014518053503707051,-0.03590625897049904,-0.007572540547698736,-0.0011599218705669045,-0.052771251648664474,-0.018372418602684293,0.026733659307289562,-0.05455779469156476,-0.003895408473908901,-0.006902224384248256,0.004256442189216615,0.060890692506619055,0.060890692506619055,1.0359650207030489,0.060890692506619055,nan,0.0533244201999331,-0.05455779469156476,0.030663149303100184,False,False,-0.022015505094238108,0.054549447497285346,-0.006152156811577436,nan,0.023993513160048607,0.013538384326760026,-0.0014271846492912438,nan,0.033122061817523196,-0.007171147132380975,0.0024589125144230117,nan,0.02534088573469795,0.001038766333977422,0.0013532901031847455,nan,-0.009809489270246274,0.7537797949250645,0.00010080328232793881,nan,5.6356496724419e-05,0.004290644181886127,0.00012620216062398174,nan
13.634,14.71187993400008,ABORT,INITIAL_HOLD,-0.0175323523581028,0.008819369599223137,0.023748526349663734,-0.010937961749732494,-0.0014518053503707051,-0.03590625897049904,-0.007572540547698736,-0.0011599218705669045,-0.052771251648664474,-0.018372418602684293,0.026733659307289562,-0.05455779469156476,-0.003895408473908901,-0.006902224384248256,0.004256442189216615,0.060890692506619055,0.060890692506619055,1.0359650207030489,0.060890692506619055,nan,0.0533244201999331,-0.05455779469156476,0.030663149303100184,False,False,-0.022015505094238108,0.054549447497285346,-0.006152156811577436,nan,0.023993513160048607,0.013538384326760026,-0.0014271846492912438,nan,0.033122061817523196,-0.007171147132380975,0.0024589125144230117,nan,0.02534088573469795,0.001038766333977422,0.0013532901031847455,nan,-0.009809489270246274,0.7537797949250645,0.00010080328232793881,nan,5.6356496724419e-05,0.004290644181886127,0.00012620216062398174,nan
13.656,14.78828267300014,ABORT,INITIAL_HOLD,-0.0175323523581028,0.008819369599223137,0.023748526349663734,-0.010740872472524643,-0.001565620768815279,-0.03568412363529205,-0.006739909294992685,-0.002056546276435256,-0.05290176719427109,-0.018443340285695112,0.026723731280556644,-0.05441419970707824,0.0015652711736038327,-0.007456198800355195,0.0036011429037898788,0.06071418374823735,0.06071418374823735,1.0357410011484849,0.06071418374823735,nan,0.05336902408859192,-0.05441419970707824,0.030730309782935533,False,False,-0.021100848447686893,0.046966235336131805,-0.005382747516157915,nan,0.024177466467847353,0.014787649284657322,-0.0012486961664589652,nan,0.03288170247899824,-0.006480365744541003,0.0021513926960627094,nan,0.025226195298735377,-0.002280569282286241,0.0011840431192928352,nan,-0.010112914273666895,-0.39695506247704965,8.819648688898618e-05,nan,0.00013482535544362406,-0.00784267564253575,0.00011041889656553117,nan
13.665,14.86581149299991,ABORT,INITIAL_HOLD,-0.0175323523581028,0.008819369599223137,0.023748526349663734,-0.010740872472524643,-0.001565620768815279,-0.03568412363529205,-0.006739909294992685,-0.002056546276435256,-0.05290176719427109,-0.018443340285695112,0.026723731280556644,-0.05441419970707824,0.0003024163597729057,-0.0018435255624353883,0.002081103622913361,0.06071418374823735,0.06071418374823735,1.0357410011484849,0.06071418374823735,nan,0.05336902408859192,-0.05441419970707824,0.030848854514629293,False,False,-0.021100848447686893,0.046966235336131805,-0.00508615063672907,nan,0.024177466467847353,0.014787649284657322,-0.0011798912698490621,nan,0.03288170247899824,-0.006480365744541003,0.00203284796436895,nan,0.025226195298735377,-0.002280569282286241,0.0011188006955608482,nan,-0.010112914273666895,-0.39695506247704965,8.333673771640515e-05,nan,0.00013482535544362406,-0.00784267564253575,0.00010433466169235475,nan
13.675,14.940358152000044,ABORT,INITIAL_HOLD,-0.0175323523581028,0.008819369599223137,0.023748526349663734,-0.010656462982296944,-0.0016097320476546884,-0.03551004081964493,-0.005952872335910797,-0.0015519729349762201,-0.051965564489364624,-0.018449522505103778,0.026775962164239074,-0.05433255641717662,0.0003024163597729057,-0.0018435255624353883,0.002081103622913361,0.06056089331267081,0.06056089331267081,1.0355661234700857,0.06056089331267081,nan,0.05232843588085606,-0.05433255641717662,0.03078911797828518,False,False,-0.02024202652836049,0.046562331430488324,-0.0047687496715955735,nan,0.02438698232200931,0.014070195951153703,-0.0011062602167107027,nan,0.03269510617149418,-0.0037868878161527626,0.0019059881932090017,nan,0.025158263180298235,0.001713560081962072,0.0010489819965237707,nan,-0.009791706386612198,0.7272151375463679,7.813611294700713e-05,nan,5.378901121400048e-05,-2.3277701347398927e-05,9.782366257272794e-05,nan
13.709,15.019023553999887,ABORT,INITIAL_HOLD,-0.0175323523581028,0.008819369599223137,0.023748526349663734,-0.010521952994167805,-0.0016595174092799425,-0.0351841114461422,-0.004892914555966854,-0.0020128823816776276,-0.05193828418850899,-0.01845350830543858,0.02673374691113981,-0.0544323143741741,0.0046487487852573395,0.0027191147673875098,0.004219873808324337,0.06026614779252519,0.06026614779252519,1.035238914494322,0.06026614779252519,nan,0.052207065353080166,-0.054432314374174104,0.030804612209302168,False,False,-0.018763949710364436,0.02975574122823886,-0.003782931879460383,nan,0.024698447935849188,-0.0011277039600782754,-0.0008775690335981606,nan,0.03231658578613139,-0.013243879977829194,0.001511973576829223,nan,0.024996466272948048,-0.0031930554005240204,0.0008321316296525244,nan,-0.00974785039844761,0.7155871058660579,6.198345750144021e-05,nan,7.621594157747325e-05,0.004978077457368245,7.760110662049721e-05,nan
13.745,15.096067777999906,ABORT,INITIAL_HOLD,-0.0175323523581028,0.008819369599223137,0.023748526349663734,-0.01025580894201994,-0.0017303796485066414,-0.034536212682724,-0.005140666849911213,-0.003408854128792882,-0.05193785950541496,-0.018382147543347375,0.026893880173308904,-0.054410691509201664,0.004262075759470463,-0.0005863325786776837,0.0023406674154102802,0.05967709860029772,0.05967709860029772,1.0345884936450325,0.05967709860029772,nan,0.052302848795619035,-0.05441069150920167,0.031007112152083544,False,False,-0.018090179477061596,0.03068390781428243,-0.0028900735977693826,nan,0.024844302460885537,0.016226659577214794,-0.0006704427082054182,nan,0.032162225448900905,4.833419977996051e-06,0.0011551132968173616,nan,0.02493709805137989,0.0028866456155222098,0.0006357295688524528,nan,-0.010139618169811904,-0.453903197415831,4.735394655029472e-05,nan,7.610109670341814e-05,-0.004714739266112496,5.9285473951906434e-05,nan
13.778,15.174625280999862,ABORT,INITIAL_HOLD,-0.0175323523581028,0.008819369599223137,0.023748526349663734,-0.00998284388333559,-0.0017924660351127386,-0.033965058624744415,-0.005065740551799536,-0.003889738582074642,-0.05244000256061554,-0.01833064633032982,0.026942438880912405,-0.05436052240690111,0.0006928328657522798,-0.01018939632922411,0.002290540607646109,0.05916471942246471,0.05916471942246471,1.034014802874387,0.05916471942246471,nan,0.052827508573965426,-0.05436052240690112,0.031014820957668332,False,False,-0.0168615751974448,0.025726206515048547,-0.002200139510025678,nan,0.025105303251790723,0.010660194453978193,-0.0005103909785099808,nan,0.031894179325858474,0.00021006621572023515,0.0008793583681901418,nan,0.024842507519745816,0.004084523326680297,0.0004839647485806037,nan,-0.009897423408969708,0.6959329993181875,3.6049354881951753e-05,nan,6.299043324808906e-05,0.0010531629286489735,4.513252316925773e-05,nan
13.785,15.24911684000017,ABORT,INITIAL_HOLD,-0.0175323523581028,0.008819369599223137,0.023748526349663734,-0.00998284388333559,-0.0017924660351127386,-0.033965058624744415,-0.005065740551799536,-0.003889738582074642,-0.05244000256061554,-0.01833064633032982,0.026942438880912405,-0.05436052240690111,0.004432391375303268,0.0016520356293767697,0.005023844074457884,0.05916471942246471,0.05916471942246471,1.034014802874387,0.05916471942246471,nan,0.052827508573965426,-0.05436052240690112,0.031067303317343614,False,False,-0.0168615751974448,0.025726206515048547,-0.0020688295489473263,nan,0.025105303251790723,0.010660194453978193,-0.00047992953767066193,nan,0.031894179325858474,0.00021006621572023515,0.0008268760085148597,nan,0.024842507519745816,0.004084523326680297,0.00045508049282780294,nan,-0.009897423408969708,0.6959329993181875,3.3897837050978624e-05,nan,6.299043324808906e-05,0.0010531629286489735,4.243889859058096e-05,nan
13.799,15.326514159999988,ABORT,INITIAL_HOLD,-0.0175323523581028,0.008819369599223137,0.023748526349663734,-0.009874915704131126,-0.0018175692530348897,-0.03388478234410286,-0.004377483390271664,-0.003574398346245289,-0.052657198160886765,-0.018281885786540913,0.02707981306661384,-0.054272438962260944,0.004432391375303268,0.0016520356293767697,0.005023844074457884,0.05910481431530986,0.05910481431530986,1.0339335378450911,0.05910481431530986,nan,0.052959599720207876,-0.054272438962260944,0.03102721177087983,False,False,-0.016269939355971097,0.030714790169991624,-0.0018214003502790566,nan,0.025189512165971983,-0.0038756916366534215,-0.00042253061808179837,nan,0.03175519453403819,-0.00956396845201765,0.000727982763158358,nan,0.024764636259570594,-0.0017412947820372136,0.00040065348518608657,nan,-0.009943472797014685,0.6877511222809559,2.984370186986593e-05,nan,0.00011639877714664237,0.0036810718155731934,3.736326407251592e-05,nan
13.801,15.40086772199993,ABORT,INITIAL_HOLD,-0.0175323523581028,0.008819369599223137,0.023748526349663734,-0.009874915704131126,-0.0018175692530348897,-0.03388478234410286,-0.004377483390271664,-0.003574398346245289,-0.052657198160886765,-0.018281885786540913,0.02707981306661384,-0.054272438962260944,-0.0019457933958619833,-0.00043614424066618096,-0.0011054270435124636,0.05910481431530986,0.05910481431530986,1.0339335378450911,0.05910481431530986,nan,0.052959599720207876,-0.054272438962260944,0.031040690031257756,False,False,-0.016269939355971097,0.030714790169991624,-0.0017876779746736626,nan,0.025189512165971983,-0.0038756916366534215,-0.0004147076613081613,nan,0.03175519453403819,-0.00956396845201765,0.0007145045027804331,nan,0.024764636259570594,-0.0017412947820372136,0.00039323557329594416,nan,-0.009943472797014685,0.6877511222809559,2.9291159687827063e-05,nan,0.00011639877714664237,0.0036810718155731934,3.6671500713238506e-05,nan
13.842,15.517415694000192,ABORT,INITIAL_HOLD,-0.0175323523581028,0.008819369599223137,0.023748526349663734,-0.009592876769602299,-0.0018778253579512239,-0.03393944352865219,-0.003022633958607912,-0.0033195544965565205,-0.053246185183525085,-0.01833558695427973,0.027193208330237983,-0.05429424727827502,8.444298873655498e-05,-0.0004250249476172034,-0.0032659173011779785,0.05920614090830171,0.05920614090830171,1.033985649028617,0.05920614090830171,nan,0.05343511948804442,-0.054294247278275025,0.031121444143801136,False,False,-0.015240693090654567,0.029813596610703312,-0.0011818088087857115,nan,0.025380226058883792,0.009239444588285926,-0.000274157412100115,nan,0.03159379303843757,0.0021069991533633065,0.0004723488946364318,nan,0.024709529870469815,0.0048780422825592425,0.00025996251619864186,nan,-0.009967834019803945,0.7110831472257709,1.9363974400893845e-05,nan,7.041817752462265e-05,0.0014640284766863545,2.4243014227553344e-05,nan
13.876,15.594434917999934,ABORT,INITIAL_HOLD,-0.0175323523581028,0.008819369599223137,0.023748526349663734,-0.009282652288675308,-0.0019102439982816577,-0.034294720739126205,-0.001480531645938754,-0.0038348149973899126,-0.05444013699889183,-0.018321540076634252,0.02724881030911511,-0.054334809447532266,0.0025929738767445087,-0.009546796791255474,0.0039551383815705785,0.05960034137316324,0.05960034137316324,1.0343381391085182,0.05960034137316324,nan,0.054595112386338615,-0.054334809447532266,0.031136792273518205,False,False,-0.014377847264236188,0.017467204374909496,-0.0007946114714448282,nan,0.025517447315676733,0.007040607727218982,-0.0001843349135806499,nan,0.03145438497329511,0.002890120955934907,0.0003175926997769085,nan,0.02465834385695409,0.005840825967884487,0.00017479070724590873,nan,-0.009843051274841308,0.6875349072721751,1.3019733883625276e-05,nan,6.38068477289977e-05,0.002932598649174032,1.6300248453391883e-05,nan
13.908,15.671835537999868,ABORT,INITIAL_HOLD,-0.0175323523581028,0.008819369599223137,0.023748526349663734,-0.009076641872525215,-0.0019387423526495695,-0.03483690321445465,-0.0005840390804223716,-0.0042548407800495625,-0.054553158581256866,-0.018288548635446347,0.02731335819473473,-0.0543951000679043,0.0022459584288299084,-0.0034711121115833512,0.005433081649243832,0.06016218554704616,0.06016218554704616,1.0348785244675216,0.06016218554704616,nan,0.054721950649650575,-0.0543951000679043,0.031163884894208294,False,False,-0.013691614893759585,0.013602763841691274,-0.000515461768112957,nan,0.025607128183342986,0.005910163641940207,-0.00011957743361855344,nan,0.03136990620204205,0.003376306179270953,0.00020602130783375916,nan,0.02463687309267737,0.006203424615396748,0.00011338613932021513,nan,-0.009824137344464745,0.6857676603235823,8.445857238645674e-06,nan,7.478778246383655e-05,0.003020307741033297,1.0573915920427876e-05,nan
13.946,15.744472023000071,ABORT,INITIAL_HOLD,-0.0175323523581028,0.008819369599223137,0.023748526349663734,-0.008743297308683395,-0.0019300149288028479,-0.03566300496459007,-0.0011438196524977684,-0.00449177622795105,-0.05581476539373398,-0.018220252263108378,0.027394369026269762,-0.05428814810131369,-0.0018495828844606876,-0.005922398064285517,0.0011523761786520488,0.06101251354843242,0.06101251354843242,1.0357017090155534,0.06101251354843242,nan,0.056006896120361735,-0.05428814810131369,0.031229382178282,False,False,-0.013397085351808613,0.020699600202982605,-0.00027799828270547167,nan,0.02563716019181772,0.005780200495445225,-6.449037203667962e-05,nan,0.031340493366970534,0.0038641834904206314,0.00011111118868853409,nan,0.02463292919924509,0.005846231279069795,6.115128989880869e-05,nan,-0.009805520759636366,0.7001325790035511,4.555010581899777e-06,nan,7.68769484613685e-05,0.0028790576606040775,5.702712886180433e-06,nan
13.97,15.827409765000084,ABORT,INITIAL_HOLD,-0.0175323523581028,0.008819369599223137,0.023748526349663734,-0.008622953668236732,-0.0018947053467854857,-0.03593721613287926,-0.001179434359073639,-0.00450290460139513,-0.05594061315059662,-0.018274311459184556,0.027413573366385124,-0.05429540981408228,0.0008523496799170971,-0.00454893009737134,6.367772584781106e-05,0.06129075495257106,0.06129075495257106,1.0359748360879502,0.06129075495257106,nan,0.05613394173689687,-0.05429540981408228,0.031216661271908447,False,False,-0.01289377252314683,0.016034928908635723,-0.00017343954024257036,nan,0.025663160418071485,0.0025068843482162627,-4.02347106869122e-05,nan,0.031285982108333776,0.002294713140546037,6.932083642532949e-05,nan,0.024620307824356757,0.004015420560497661,3.8151500441202524e-05,nan,-0.00984164399153098,0.6437971992191563,2.841812307027153e-06,nan,9.015936323386597e-05,0.0009156913165393177,3.557848960392823e-06,nan
13.972,15.905624166000052,ABORT,INITIAL_HOLD,-0.0175323523581028,0.008819369599223137,0.023748526349663734,-0.008622953668236732,-0.0018947053467854857,-0.03593721613287926,-0.001179434359073639,-0.00450290460139513,-0.05594061315059662,-0.018274311459184556,0.027413573366385124,-0.05429540981408228,0.0008523496799170971,-0.00454893009737134,6.367772584781106e-05,0.06129075495257106,0.06129075495257106,1.0359748360879502,0.06129075495257106,nan,0.05613394173689687,-0.05429540981408228,0.031219580749700188,False,False,-0.01289377252314683,0.016034928908635723,-0.00016613505703005904,nan,0.025663160418071485,0.0025068843482162627,-3.854020798953195e-05,nan,0.031285982108333776,0.002294713140546037,6.640135863358876e-05,nan,0.024620307824356757,0.004015420560497661,3.654473306786976e-05,nan,-0.00984164399153098,0.6437971992191563,2.7221281204753076e-06,nan,9.015936323386597e-05,0.0009156913165393177,3.4080085723961484e-06,nan
13.986,15.983350173999952,ABORT,INITIAL_HOLD,-0.0175323523581028,0.008819369599223137,0.023748526349663734,-0.008447779342532158,-0.0018513267859816551,-0.03634949401021004,-0.0006178207695484161,-0.005097023211419582,-0.056563932448625565,-0.0182882709542031,0.027422553530656747,-0.05433802798017668,0.004524534102529287,-0.004468250088393688,-0.0002627276116982097,0.06171033365163617,0.06171033365163617,1.036385577920644,0.06171033365163617,nan,0.05679647702255582,-0.05433802798017668,0.03123779039813873,False,False,-0.01289377252314683,0.016034928908635723,-0.00012057482988880874,nan,0.025663160418071485,0.0025068843482162627,-2.797109234672912e-05,nan,0.031285982108333776,0.002294713140546037,4.8191710195044646e-05,nan,0.024620307824356757,0.004015420560497661,2.6522848649540576e-05,nan,-0.00984164399153098,0.6437971992191563,1.9756223697117367e-06,nan,9.015936323386597e-05,0.0009156913165393177,2.4734096537009503e-06,nan
13.994,16.0643678360002,ABORT,INITIAL_HOLD,-0.0175323523581028,0.008819369599223137,0.023748526349663734,-0.008447779342532158,-0.0018513267859816551,-0.03634949401021004,-0.0006178207695484161,-0.005097023211419582,-0.056563932448625565,-0.0182882709542031,0.027422553530656747,-0.05433802798017668,0.004524534102529287,-0.004468250088393688,-0.0002627276116982097,0.06171033365163617,0.06171033365163617,1.036385577920644,0.06171033365163617,nan,0.05679647702255582,-0.05433802798017668,0.03125355479086997,False,False,-0.012685152622304408,0.008303827304287097,-9.86783835995042e-05,nan,0.02568530569925276,0.004462650204496541,-2.2891528711529996e-05,nan,0.03129299486363912,0.004901310937689883,3.944007276915351e-05,nan,0.024640251896204113,0.006805602695622831,2.170628675655928e-05,nan,-0.00974306062161201,0.6637318262570353,1.6168484104506914e-06,nan,7.661316238927185e-05,0.003296961952566269,2.024237287597333e-06,nan
14.036,16.145132800999818,ABORT,INITIAL_HOLD,-0.0175323523581028,0.008819369599223137,0.023748526349663734,-0.008040797896683216,-0.0017317056190222502,-0.03706160560250282,-0.000384808168746531,-0.003160665975883603,-0.05699824169278145,-0.01821931308420836,0.027485047955251474,-0.054485834872954955,0.001379562309011817,-0.006589457858353853,-0.0012356191873550406,0.06244427069311542,0.06244427069311542,1.037094222840918,0.06244427069311542,nan,0.0570871039973703,-0.054485834872954955,0.03126954778238911,False,False,-0.012339216553152177,0.0033898768395327957,-2.5261442070600992e-05,nan,0.02566992129380541,0.0013532163842468433,-5.860179356012574e-06,nan,0.03127964435143671,0.0031856695832596913,1.0096569047601811e-05,nan,0.024645189082646013,0.004835180366037419,5.5567601076056405e-06,nan,-0.009805573421013847,0.5992795132896255,4.139095206839166e-07,nan,9.125082245020621e-05,0.0010648908616354494,5.182001479205056e-07,nan
14.071,16.21841617200016,ABORT,INITIAL_HOLD,-0.0175323523581028,0.008819369599223137,0.023748526349663734,-0.007878376170992851,-0.0016679827822372317,-0.037353143095970154,-0.0005383206880651414,-0.003536020405590534,-0.057078830897808075,-0.01826183558294678,0.02759947567951421,-0.0544404584157582,0.005253366194665432,-0.008421100676059723,-0.004654729738831519,0.06274231287765632,0.06274231287765632,1.0373844005327735,0.06274231287765632,nan,0.05719078742360977,-0.0544404584157582,0.03129043579719734,False,False,-0.012056790886480151,0.011118958033052857,-3.473927883135275e-06,nan,0.02564640736565238,-0.0005387003852424631,-8.058859192611179e-07,nan,0.03129182426712873,0.0024640281214127835,1.3884699313904125e-06,nan,0.024676733731826772,0.004452430376240017,7.64160012073356e-07,nan,-0.009833008114341624,0.6318390593362009,5.692041732917319e-08,nan,0.00010108675367526132,0.002258675352118559,7.126235857315977e-08,nan
14.106,16.293837411999903,ABORT,INITIAL_HOLD,-0.0175323523581028,0.008819369599223137,0.023748526349663734,-0.007620458956807852,-0.0015809437027201056,-0.03785325959324837,0.00012738582154270262,-0.0035101266112178564,-0.0584757998585701,-0.018152633928648985,0.027575562747841495,-0.05456039642331893,0.001462411368265748,-0.005248982459306717,-0.0032080151140689846,0.06325497750322558,0.06325497750322558,1.0378824399834667,0.06325497750322558,nan,0.05858119480749652,-0.05456039642331893,0.031302448484635315,False,False,-0.011938647078278741,0.01052241253067038,-5.559363525087235e-10,nan,0.02563040427976837,-0.000635013431456985,-1.2896678169838083e-10,nan,0.03130244870683363,0.00253476905106882,2.2219831530279066e-10,nan,0.024695126975661452,0.0043603824189785145,1.2228933143898502e-10,nan,-0.009853338256350597,0.6317183805936888,9.10903470707769e-12,nan,0.00010188179576875456,0.002133313529827263,1.1404190092267896e-11,nan
14.108,16.36572160300011,ABORT,INITIAL_HOLD,-0.0175323523581028,0.008819369599223137,0.023748526349663734,-0.007620458956807852,-0.0015809437027201056,-0.03785325959324837,0.00012738582154270262,-0.0035101266112178564,-0.0584757998585701,-0.018152633928648985,0.027575562747841495,-0.05456039642331893,0.001462411368265748,-0.005248982459306717,-0.0032080151140689846,0.06325497750322558,0.06325497750322558,1.0378824399834667,0.06325497750322558,nan,0.05858119480749652,-0.05456039642331893,0.03131407546035092,False,False,-0.011826969976407753,0.0019660886805593896,0.0,nan,0.025613173434472003,-0.0007331201187840094,0.0,nan,0.03131407546035092,0.0025786596942445174,0.0,nan,0.024713745064498305,0.00507531397366191,0.0,nan,-0.009871996706885433,0.6036557697007303,0.0,nan,0.0001024371970475002,0.0025441056907133763,0.0,nan
14.123,16.442283927000062,ABORT,INITIAL_HOLD,-0.0175323523581028,0.008819369599223137,0.023748526349663734,-0.007508208509534597,-0.001541536534205079,-0.038113318383693695,0.0007603242411278188,-0.003344029886648059,-0.05897749960422516,-0.01816196965506563,0.02757383872380821,-0.05463481070912348,0.0023472660686820745,-0.008401848375797272,3.719585947692497e-05,0.06351944324076306,0.06351944324076306,1.0381416142971598,0.06351944324076306,nan,0.059077119838401235,-0.054634810709123474,0.03131407546035092,False,False,-0.011826969976407753,0.0019660886805593896,0.0,nan,0.025613173434472003,-0.0007331201187840094,0.0,nan,0.03131407546035092,0.0025786596942445174,0.0,nan,0.024713745064498305,0.00507531397366191,0.0,nan,-0.009871996706885433,0.6036557697007303,0.0,nan,0.0001024371970475002,0.0025441056907133763,0.0,nan
14.155,16.522841595000045,ABORT,INITIAL_HOLD,-0.0175323523581028,0.008819369599223137,0.023748526349663734,-0.007367838639765978,-0.0014147000620141625,-0.03835892677307129,0.0006274250335991383,-0.002264629816636443,-0.06054532155394554,-0.018148230982058988,0.02753870957426668,-0.05461429665351955,0.001646384596824646,-0.0014574867673218257,-0.00480502936989069,0.06376040506736169,0.06376040506736169,1.0383860299675702,0.06376040506736169,nan,0.06059090833161233,-0.05461429665351955,0.031338530501172635,False,False,-0.011610692694490332,0.01003491723078956,0.0,nan,0.025578907660770867,-0.0006489556811808659,0.0,nan,0.031338530501172635,0.0026413077494246845,0.0,nan,0.024749936979985065,0.0045473988410879365,0.0,nan,-0.009883467164303106,0.6251195989382666,0.0,nan,0.00010622345600719285,0.0022629630940948203,0.0,nan
14.19,16.59655845999987,ABORT,INITIAL_HOLD,-0.0175323523581028,0.008819369599223137,0.023748526349663734,-0.007206329144537449,-0.00113617442548275,-0.038373131304979324,-0.0005654671113006771,-0.0019090285059064627,-0.059926316142082214,-0.01807247867603558,0.02754174090001707,-0.05470755312799225,-0.007704561110585928,-0.003190735820680857,-0.0031475126743316646,0.06375609744954297,0.06375609744954297,1.038398758612592,0.06375609744954297,nan,0.05995938216201956,-0.05470755312799225,0.03136256126238468,False,False,-0.011414131647233816,0.0011978479207037113,0.0,nan,0.025547424866864787,-0.0005773152039057131,0.0,nan,0.03136256126238468,0.002577313460360918,0.0,nan,0.024785832190495682,0.005003335717746783,0.0,nan,-0.009893893688584399,0.6006692277134194,0.0,nan,0.00010392868466801986,0.0025498308179163075,0.0,nan
14.222,16.67301978500018,ABORT,INITIAL_HOLD,-0.0175323523581028,0.008819369599223137,0.023748526349663734,-0.007069270592182875,-0.0008813953609205782,-0.03829316049814224,-0.0006934574921615422,-0.002669284585863352,-0.06047862768173218,-0.018189017436413296,0.0277462457007533,-0.054745531720584856,0.0039699869230389595,-0.010021232068538666,0.005136245861649514,0.06366122703634843,0.06366122703634843,1.0383176000539087,0.06366122703634843,nan,0.0605414764418522,-0.054745531720584856,0.03137336446712524,False,False,-0.011321837443675875,0.001062680284409423,0.0,nan,0.025532660247110428,-0.0005209740504367954,0.0,nan,0.03137336446712524,0.0025724350479074823,0.0,nan,0.024801762680633388,0.0049611083181873225,0.0,nan,-0.00990028047501923,0.6027861399135999,0.0,nan,0.00010573356524457012,0.0025100317835818403,0.0,nan
14.222,16.745121573000233,ABORT,INITIAL_HOLD,-0.0175323523581028,0.008819369599223137,0.023748526349663734,-0.007069270592182875,-0.0008813953609205782,-0.03829316049814224,-0.0006934574921615422,-0.002669284585863352,-0.06047862768173218,-0.018189017436413296,0.0277462457007533,-0.054745531720584856,0.0039699869230389595,-0.010021232068538666,0.005136245861649514,0.06366122703634843,0.06366122703634843,1.0383176000539087,0.06366122703634843,nan,0.0605414764418522,-0.054745531720584856,0.03137336446712524,False,False,-0.011321837443675875,0.001062680284409423,0.0,nan,0.025532660247110428,-0.0005209740504367954,0.0,nan,0.03137336446712524,0.0025724350479074823,0.0,nan,0.024801762680633388,0.0049611083181873225,0.0,nan,-0.00990028047501923,0.6027861399135999,0.0,nan,0.00010573356524457012,0.0025100317835818403,0.0,nan
14.247,16.8208066090001,ABORT,INITIAL_HOLD,-0.0175323523581028,0.008819369599223137,0.023748526349663734,-0.007017842959612608,-0.0007924578385427594,-0.03840070962905884,-0.0012266321573406458,-0.0022732503712177277,-0.06042678281664848,-0.018146163022343943,0.02770268650600228,-0.05467013038137867,0.0020942918490618467,0.002158960793167354,0.009547676891088486,0.06376103565127586,0.06376103565127586,1.0384247261440593,0.06376103565127586,nan,0.060481967356147304,-0.05467013038137867,0.03138429952474908,False,False,-0.01122416222598499,0.009279118670507753,0.0,nan,0.025519275701160637,-0.0004669229572268532,0.0,nan,0.03138429952474908,0.002554982623520197,0.0,nan,0.024817504011353186,0.004402074455741353,0.0,nan,-0.009895791115486219,0.6220212382181531,0.0,nan,0.00010753714994482522,0.0022832335073169783,0.0,nan
14.279,16.902611952999905,ABORT,INITIAL_HOLD,-0.0175323523581028,0.008819369599223137,0.023748526349663734,-0.00691516138613224,-0.0005935419467277825,-0.03870958462357521,-0.0016856823349371552,-0.0030187906231731176,-0.06164826452732086,-0.018123061090746437,0.02779051572419499,-0.05453004424767837,0.0017286299262195826,-0.005778772756457329,0.00021088169887662004,0.06404953765838299,0.06404953765838299,1.0387327726311126,0.06404953765838299,nan,0.06174514669989379,-0.054530044247678364,0.0314044839925911,False,False,-0.011053753028163804,0.0005859537498200708,0.0,nan,0.025492769278145033,-0.00046322118486061514,0.0,nan,0.0314044839925911,0.002504041543815198,0.0,nan,0.024848105356848116,0.0048940965027281435,0.0,nan,-0.009904461635422024,0.598571810261046,0.0,nan,0.0001050562388673626,0.002560134568773608,0.0,nan
14.303,16.980543952000062,ABORT,INITIAL_HOLD,-0.0175323523581028,0.008819369599223137,0.023748526349663734,-0.006872135680168867,-0.0004826985241379589,-0.03892956301569939,-0.0018109125085175037,-0.0027705852407962084,-0.06145351380109787,-0.018135708765493735,0.02774951081668521,-0.05450419832399996,9.138820314547047e-05,-0.006687713786959648,-0.0013608072185888878,0.06425505098810985,0.06425505098810985,1.0389524032190618,0.06425505098810985,nan,0.061542586110690446,-0.05450419832399996,0.03141406874790764,False,False,-0.01097138377706841,0.000665727991624834,0.0,nan,0.02548004283585925,-0.00042168852519833776,0.0,nan,0.03141406874790764,0.002539723416355894,0.0,nan,0.02486226469404862,0.004944941918143749,0.0,nan,-0.009907210923767451,0.6011846790208405,0.0,nan,0.00010636819907450246,0.002592662321143776,0.0,nan
14.304,17.058137654999882,ABORT,INITIAL_HOLD,-0.0175323523581028,0.008819369599223137,0.023748526349663734,-0.006872135680168867,-0.0004826985241379589,-0.03892956301569939,-0.0018109125085175037,-0.0027705852407962084,-0.06145351380109787,-0.018135708765493735,0.02774951081668521,-0.05450419832399996,9.138820314547047e-05,-0.006687713786959648,-0.0013608072185888878,0.06425505098810985,0.06425505098810985,1.0389524032190618,0.06425505098810985,nan,0.061542586110690446,-0.05450419832399996,0.03141406874790764,False,False,-0.01097138377706841,0.000665727991624834,0.0,nan,0.02548004283585925,-0.00042168852519833776,0.0,nan,0.03141406874790764,0.002539723416355894,0.0,nan,0.02486226469404862,0.004944941918143749,0.0,nan,-0.009907210923767451,0.6011846790208405,0.0,nan,0.00010636819907450246,0.002592662321143776,0.0,nan
14.34,17.129170252000222,ABORT,INITIAL_HOLD,-0.0175323523581028,0.008819369599223137,0.023748526349663734,-0.00679424125701189,-0.0003277751384302974,-0.03936382755637169,-0.0019332312513142824,-0.0030173184350132942,-0.06274572014808655,-0.018202522765378013,0.027620980795787384,-0.05447879145238612,0.0023693274706602097,-0.006531734485179186,-9.774268255568961e-05,0.06466951756764247,0.06466951756764247,1.039386085717637,0.06466951756764247,nan,0.06284796727429873,-0.05447879145238611,0.03143259361758233,False,False,-0.010805956363033609,0.008662890580753434,0.0,nan,0.025456767319013807,-0.0003267149661166804,0.0,nan,0.03143259361758233,0.0024759142448057387,0.0,nan,0.02488943711698166,0.004291940964163239,0.0,nan,-0.009904185395345877,0.6218662328999648,0.0,nan,0.00010848306981170452,0.0022833770809634114,0.0,nan
14.373,17.209080922999874,ABORT,INITIAL_HOLD,-0.0175323523581028,0.008819369599223137,0.023748526349663734,-0.006745402701199055,-0.00029201997676864266,-0.03950464352965355,-0.0016644104616716504,-0.001990978606045246,-0.06325231492519379,-0.018177381998251703,0.027631342111299403,-0.05446681382234858,0.00483452994376421,-0.004024299327284098,-0.0010605800198391076,0.0648100239367942,0.0648100239367942,1.0395265699600853,0.0648100239367942,nan,0.06330552583614281,-0.05446681382234859,0.031449313687740066,False,False,-0.010659502750257843,2.396955576034962e-05,0.0,nan,0.025435035571193865,-0.00035842335164351776,0.0,nan,0.031449313687740066,0.0024107127340964314,0.0,nan,0.024914847049032574,0.00478916944675068,0.0,nan,-0.009914630334833419,0.5973848847099773,0.0,nan,0.00010667704051314786,0.0025718714220429985,0.0,nan
14.413,17.28545354400012,ABORT,INITIAL_HOLD,-0.0175323523581028,0.008819369599223137,0.023748526349663734,-0.006615984719246626,-0.00022622846881859004,-0.040291376411914825,-0.0010776313720270991,-0.0031768532935529947,-0.06292540580034256,-0.01817857143618361,0.027696605490345208,-0.05450362742845174,0.0032044597901403904,-0.001793962554074824,-0.002066967543214559,0.065590388568354,0.065590388568354,1.0403124387750642,0.065590388568354,nan,0.06301476320165394,-0.054503627428451745,0.031464800584034336,False,False,-0.010514411361473464,0.008172337006276776,0.0,nan,0.025415377841300213,-0.0002494110044361422,0.0,nan,0.031464800584034336,0.002411351804281686,0.0,nan,0.02493767678688652,0.004200795310736841,0.0,nan,-0.009913297310926161,0.618810941090621,0.0,nan,0.00010945775075477115,0.002291917847644505,0.0,nan
14.443,17.360951276999913,ABORT,INITIAL_HOLD,-0.0175323523581028,0.008819369599223137,0.023748526349663734,-0.006486030295491219,-0.00019793838146142662,-0.040866751223802567,-0.0011062918929383159,-0.004229963757097721,-0.06422260403633118,-0.018059010283602413,0.027715932034450153,-0.05451469309582349,-0.0027212933637201786,0.0008098619291558855,-0.005239124409854412,0.06616998692931376,0.06616998692931376,1.040886978289089,0.06616998692931376,nan,0.06437126178929634,-0.05451469309582349,0.03147186915139599,False,False,-0.010449921488593361,0.00807983467609319,0.0,nan,0.025405852176074717,-0.0003969812702361253,0.0,nan,0.03147186915139599,0.0022684402928802366,0.0,nan,0.02494855188303191,0.004063519463126369,0.0,nan,-0.009913324596307227,0.621391050498248,0.0,nan,0.00010872922287497033,0.002181962404815198,0.0,nan
14.481,17.440180858000076,ABORT,INITIAL_HOLD,-0.0175323523581028,0.008819369599223137,0.023748526349663734,-0.006395016796886921,-0.0002398329961579293,-0.04152195155620575,-0.0019079531775787473,-0.005971860606223345,-0.06480933725833893,-0.018005380226745155,0.027815013990978327,-0.05467122354981299,0.0025336795952171087,-0.0054559363052248955,0.002829327480867506,0.06683071659894034,0.06683071659894034,1.0415416119066707,0.06683071659894034,nan,0.06511185452967158,-0.05467122354981299,0.03148535174486522,False,False,-0.010326012328627066,-0.0004297805026173638,0.0,nan,0.0253880370891455,-0.0002339419213606784,0.0,nan,0.03148535174486522,0.0023889800708286253,0.0,nan,0.0249691813857833,0.004696926980488466,0.0,nan,-0.009926720762728714,0.5974377480133617,0.0,nan,0.00010877436624312509,0.002529319105245762,0.0,nan
14.51,17.544368485000177,ABORT,INITIAL_HOLD,-0.0175323523581028,0.008819369599223137,0.023748526349663734,-0.006349209230393171,-0.0002878496306948364,-0.04197753220796585,-0.0018916738918051124,-0.006249039433896542,-0.06628067046403885,-0.01799053368799816,0.02781454295438712,-0.054612482800911084,0.003039952367544174,-0.005164100788533688,0.00012604729272425237,0.06728981279389608,0.06728981279389608,1.041996915994219,0.06728981279389608,nan,0.06660147296510674,-0.054612482800911084,0.031498404391232526,False,False,-0.010200922532003887,0.0077343861796303065,0.0,nan,0.025372040930531803,-0.00011258708529240794,0.0,nan,0.031498404391232526,0.0023861951926080352,0.0,nan,0.024988639093744602,0.004127901445778036,0.0,nan,-0.009919262069640666,0.6197462333591824,0.0,nan,0.00011021034840386079,0.002317422827293991,0.0,nan
14.516,17.621261399000105,ABORT,INITIAL_HOLD,-0.0175323523581028,0.008819369599223137,0.023748526349663734,-0.006324796937406063,-0.0003116033331025392,-0.04223135858774185,-0.0021555477287620306,-0.0052181025967001915,-0.06767954677343369,-0.017969016418402577,0.027809249139155875,-0.054642486666588656,0.003039952367544174,-0.005164100788533688,0.00012604729272425237,0.06754501596381582,0.06754501596381582,1.0422505960548003,0.06754501596381582,nan,0.0679146231100347,-0.054642486666588656,0.031498404391232526,False,False,-0.010200922532003887,0.0077343861796303065,0.0,nan,0.025372040930531803,-0.00011258708529240794,0.0,nan,0.031498404391232526,0.0023861951926080352,0.0,nan,0.024988639093744602,0.004127901445778036,0.0,nan,-0.009919262069640666,0.6197462333591824,0.0,nan,0.00011021034840386079,0.002317422827293991,0.0,nan
14.551,17.702195455000037,ABORT,INITIAL_HOLD,-0.0175323523581028,0.008819369599223137,0.023748526349663734,-0.006289215758442879,-0.0003143430221825838,-0.04262581840157509,-0.0011197890853509307,-0.005424109287559986,-0.06935504078865051,-0.017954738755799463,0.02789831633621887,-0.0546699368000343,-0.0006124196224845946,-0.0019052764400839801,0.0034008594229817395,0.06793663568359375,0.06793663568359375,1.0426448341808183,0.06793663568359375,nan,0.06957583324656948,-0.0546699368000343,0.031509577360658625,False,False,-0.010093702778832814,-0.0008912423169594244,0.0,nan,0.025356914656035734,-0.00014690895021780582,0.0,nan,0.031509577360658625,0.0023359910480737715,0.0,nan,0.025005987970387444,0.004614616507342387,0.0,nan,-0.00993313774682747,0.5961105974516392,0.0,nan,0.00010950014014277087,0.0025374690393576375,0.0,nan
14.567,17.77694449899991,ABORT,INITIAL_HOLD,-0.0175323523581028,0.008819369599223137,0.023748526349663734,-0.0062705338932573795,-0.0002848958829417825,-0.04279423505067825,-0.0014237618306651711,-0.004954685922712088,-0.06992582976818085,-0.017986209643453474,0.027975229704948496,-0.05462328961698461,0.01021244004368782,-0.00486989738419652,-0.0014125818852335208,0.06810033259748234,0.06810033259748234,1.042813126794969,0.06810033259748234,nan,0.07011560225165142,-0.05462328961698461,0.031515452229823104,False,False,-0.010033701910229453,0.007398750750346992,0.0,nan,0.02535042665116638,-0.00010470722041254032,0.0,nan,0.031515452229823104,0.002328997196113179,0.0,nan,0.025014423898643834,0.004067749797700552,0.0,nan,-0.009926990362455257,0.6156195809704847,0.0,nan,0.00011110438016626034,0.002309788769162314,0.0,nan
14.574,17.855839981999907,ABORT,INITIAL_HOLD,-0.0175323523581028,0.008819369599223137,0.023748526349663734,-0.0062705338932573795,-0.0002848958829417825,-0.04279423505067825,-0.0014237618306651711,-0.004954685922712088,-0.06992582976818085,-0.017986209643453474,0.027975229704948496,-0.05462328961698461,0.01021244004368782,-0.00486989738419652,-0.0014125818852335208,0.06810033259748234,0.06810033259748234,1.042813126794969,0.06810033259748234,nan,0.07011560225165142,-0.05462328961698461,0.031515452229823104,False,False,-0.010033701910229453,0.007398750750346992,0.0,nan,0.02535042665116638,-0.00010470722041254032,0.0,nan,0.031515452229823104,0.002328997196113179,0.0,nan,0.025014423898643834,0.004067749797700552,0.0,nan,-0.009926990362455257,0.6156195809704847,0.0,nan,0.00011110438016626034,0.002309788769162314,0.0,nan
14.579,17.929812330000004,ABORT,INITIAL_HOLD,-0.0175323523581028,0.008819369599223137,0.023748526349663734,-0.006256895139813423,-0.00024186601513065398,-0.04294174909591675,-0.0021637585014104843,-0.005004414822906256,-0.07093405723571777,-0.017833175547855514,0.027992989679782324,-0.0546545859815668,0.01021244004368782,-0.00486989738419652,-0.0014125818852335208,0.0682410050141973,0.0682410050141973,1.0429605453914401,0.0682410050141973,nan,0.07114328144310068,-0.0546545859815668,0.031515452229823104,False,False,-0.010033701910229453,0.007398750750346992,0.0,nan,0.02535042665116638,-0.00010470722041254032,0.0,nan,0.031515452229823104,0.002328997196113179,0.0,nan,0.025014423898643834,0.004067749797700552,0.0,nan,-0.009926990362455257,0.6156195809704847,0.0,nan,0.00011110438016626034,0.002309788769162314,0.0,nan
14.6,18.012404656999934,ABORT,INITIAL_HOLD,-0.0175323523581028,0.008819369599223137,0.023748526349663734,-0.006253964267671108,-0.00021099983132444322,-0.043082475662231445,-0.0021794347558170557,-0.00448865769430995,-0.07131048291921616,-0.017830370287238398,0.027953406619158693,-0.054630060838000996,0.0006481324671767652,-0.007842272520065308,-0.0007554822368547311,0.06837494014538147,0.06837494014538147,1.043101245145283,0.06837494014538147,nan,0.07148484425333365,-0.054630060838000996,0.03152055104668694,False,False,-0.009984853523977932,0.007385574330993393,0.0,nan,0.02534366058680959,-5.7228892055655135e-05,0.0,nan,0.03152055104668694,0.0023442456321543167,0.0,nan,0.02502241844966946,0.004068013600555214,0.0,nan,-0.009925659972698675,0.6182917788934377,0.0,nan,0.00011101030986537808,0.0023213303725529524,0.0,nan
14.636,18.091824028000246,ABORT,INITIAL_HOLD,-0.0175323523581028,0.008819369599223137,0.023748526349663734,-0.006240407470613718,-0.0001687654003035277,-0.04339607059955597,-0.0011236703721806407,-0.004085445776581764,-0.0718466266989708,-0.01784436082487499,0.027895416716225054,-0.05464970646425241,0.004071429837495089,0.0003430724609643227,0.004872787278145552,0.0686781733128144,0.0686781733128144,1.0434147455876561,0.0686781733128144,nan,0.07197146149912456,-0.05464970646425241,0.03153033830322993,False,False,-0.009889329408575342,-0.0012111773898168133,0.0,nan,0.025330406165269714,-8.91155818842423e-05,0.0,nan,0.03153033830322993,0.002302061691644218,0.0,nan,0.02503775732280733,0.0045630205271057316,0.0,nan,-0.009938276437263305,0.5953421584208358,0.0,nan,0.00011003516279917136,0.0025409659803660462,0.0,nan
14.636,18.164524695000182,ABORT,INITIAL_HOLD,-0.0175323523581028,0.008819369599223137,0.023748526349663734,-0.006240407470613718,-0.0001687654003035277,-0.04339607059955597,-0.0011236703721806407,-0.004085445776581764,-0.0718466266989708,-0.01784436082487499,0.027895416716225054,-0.05464970646425241,0.004071429837495089,0.0003430724609643227,0.004872787278145552,0.0686781733128144,0.0686781733128144,1.0434147455876561,0.0686781733128144,nan,0.07197146149912456,-0.05464970646425241,0.03153033830322993,False,False,-0.009889329408575342,-0.0012111773898168133,0.0,nan,0.025330406165269714,-8.91155818842423e-05,0.0,nan,0.03153033830322993,0.002302061691644218,0.0,nan,0.02503775732280733,0.0045630205271057316,0.0,nan,-0.009938276437263305,0.5953421584208358,0.0,nan,0.00011003516279917136,0.0025409659803660462,0.0,nan
14.662,18.238263947000178,ABORT,INITIAL_HOLD,-0.0175323523581028,0.008819369599223137,0.023748526349663734,-0.006204990204423666,-0.00011815043399110436,-0.04399214684963226,-0.0011362001532688737,-0.005716715939342976,-0.07211150974035263,-0.017603340984208894,0.027940863689631383,-0.0546058004193445,0.004185337573289871,-0.006489082239568233,0.0037100797053426513,0.06926028590179605,0.06926028590179605,1.0440105931199484,0.06926028590179605,nan,0.07234667669597823,-0.0546058004193445,0.031535508031699244,False,False,-0.009835540457214798,0.007090966425322217,0.0,nan,0.02532504511198752,-4.963597086129779e-05,0.0,nan,0.031535508031699244,0.0022953197966005794,0.0,nan,0.02504511159941014,0.004016034737953603,0.0,nan,-0.009931817994717207,0.6145958942970198,0.0,nan,0.0001116625781554248,0.0023148755889672605,0.0,nan
14.702,18.31010822600001,ABORT,INITIAL_HOLD,-0.0175323523581028,0.008819369599223137,0.023748526349663734,-0.006154152564704418,-0.00012112552212784067,-0.04467090219259262,-0.0006109985988587141,-0.005566161125898361,-0.0723440945148468,-0.01760722230749157,0.027914821575923295,-0.05468109615740906,-0.0001328950747847557,0.005136962048709393,0.004599471576511859,0.06993292561878357,0.06993292561878357,1.044689036102642,0.06993292561878357,nan,0.07256048153189418,-0.05468109615740906,0.03154439419664978,False,False,-0.009748574696027745,-0.0013979609561203272,0.0,nan,0.025313397840032614,-0.00010165728362186325,0.0,nan,0.03154439419664978,0.0022631900706905047,0.0,nan,0.025059346386741232,0.004552303245227613,0.0,nan,-0.009940198913017895,0.5915153265044809,0.0,nan,0.00010933908270516213,0.002582424988383606,0.0,nan
14.735,18.38680463599985,ABORT,INITIAL_HOLD,-0.0175323523581028,0.008819369599223137,0.023748526349663734,-0.006129484623670578,-0.00011763902148231864,-0.044883742928504944,-0.00042703092913143337,-0.005156317260116339,-0.07247680425643921,-0.01763525687982143,0.02807990045453237,-0.05466007568528173,0.0015187179669737816,-0.0051186284981667995,0.001804732251912356,0.07014473538282524,0.07014473538282524,1.0449017277509753,0.07014473538282524,nan,0.07266124908317784,-0.05466007568528173,0.03155286372194244,False,False,-0.009659036940083077,0.006812867664396137,0.0,nan,0.025303197934700705,-2.9172681937335646e-06,0.0,nan,0.03155286372194244,0.0022657768828700307,0.0,nan,0.025071834395903103,0.003972384993410514,0.0,nan,-0.00993652001922829,0.6137806112050327,0.0,nan,0.00011222036996638707,0.0023192902236620237,0.0,nan
14.735,18.460546887999953,ABORT,INITIAL_HOLD,-0.0175323523581028,0.008819369599223137,0.023748526349663734,-0.006129484623670578,-0.00011763902148231864,-0.044883742928504944,-0.00042703092913143337,-0.005156317260116339,-0.07247680425643921,-0.01763525687982143,0.02807990045453237,-0.05466007568528173,0.0015187179669737816,-0.0051186284981667995,0.001804732251912356,0.07014473538282524,0.07014473538282524,1.0449017277509753,0.07014473538282524,nan,0.07266124908317784,-0.05466007568528173,0.03155286372194244,False,False,-0.009659036940083077,0.006812867664396137,0.0,nan,0.025303197934700705,-2.9172681937335646e-06,0.0,nan,0.03155286372194244,0.0022657768828700307,0.0,nan,0.025071834395903103,0.003972384993410514,0.0,nan,-0.00993652001922829,0.6137806112050327,0.0,nan,0.00011222036996638707,0.0023192902236620237,0.0,nan
14.745,18.561983346000034,ABORT,INITIAL_HOLD,-0.0175323523581028,0.008819369599223137,0.023748526349663734,-0.006090961862355471,-4.216554225422442e-05,-0.04491889849305153,-0.0003827987820841372,-0.0060066296719014645,-0.07241103798151016,-0.01759027978536469,0.02812702663516397,-0.05468769730931437,0.002490973100066185,-0.0026300097815692425,-0.0008166545303538438,0.07017583242163761,0.07017583242163761,1.0449366516790737,0.07017583242163761,nan,0.07266074976548645,-0.05468769730931437,0.03155286372194244,False,False,-0.009659036940083077,0.006812867664396137,0.0,nan,0.025303197934700705,-2.9172681937335646e-06,0.0,nan,0.03155286372194244,0.0022657768828700307,0.0,nan,0.025071834395903103,0.003972384993410514,0.0,nan,-0.00993652001922829,0.6137806112050327,0.0,nan,0.00011222036996638707,0.0023192902236620237,0.0,nan
14.752,18.64070202699986,ABORT,INITIAL_HOLD,-0.0175323523581028,0.008819369599223137,0.023748526349663734,-0.006090961862355471,-4.216554225422442e-05,-0.04491889849305153,-0.0003827987820841372,-0.0060066296719014645,-0.07241103798151016,-0.01759027978536469,0.02812702663516397,-0.05468769730931437,0.002490973100066185,-0.0026300097815692425,-0.0008166545303538438,0.07017583242163761,0.07017583242163761,1.0449366516790737,0.07017583242163761,nan,0.07266074976548645,-0.05468769730931437,0.03155643591127255,False,False,-0.00962136944367753,0.00675644850306065,0.0,nan,0.025297999219837664,-0.00017027448652379414,0.0,nan,0.03155643591127255,0.002121815636174835,0.0,nan,0.025077685375515024,0.0038467860193843154,0.0,nan,-0.009936542919614766,0.6170740541372156,0.0,nan,0.00011145417340152619,0.002200586267505287,0.0,nan
14.785,18.722997658000168,ABORT,INITIAL_HOLD,-0.0175323523581028,0.008819369599223137,0.023748526349663734,-0.006015400867909193,0.00031536794267594814,-0.04482591524720192,0.0014332064893096685,-0.0054439641535282135,-0.07287517189979553,-0.017627728030019444,0.02806657588504647,-0.05474527756290315,0.0020096017979085445,-0.003352759405970573,0.002576932776719332,0.07005292467930206,0.07005292467930206,1.044843279002499,0.07005292467930206,nan,0.07309228075501986,-0.05474527756290315,0.03156029314000719,False,False,-0.009584359335769399,-0.0017071052807491275,0.0,nan,0.025293457601033964,-3.9143861160465096e-05,0.0,nan,0.03156029314000719,0.002233581114312992,0.0,nan,0.02508392634033907,0.004498314860882765,0.0,nan,-0.009943563335117034,0.5907313691331668,0.0,nan,0.00010967024922159396,0.0025906264993209274,0.0,nan
14.816,18.79829418700001,ABORT,INITIAL_HOLD,-0.0175323523581028,0.008819369599223137,0.023748526349663734,-0.005893593654036522,0.0006135930307209492,-0.044578395783901215,0.001042867312207818,-0.005978706758469343,-0.07240714877843857,-0.01754384515887506,0.02811812483722427,-0.05477668265286679,0.005512789823114872,-0.0023604477755725384,0.0008914752397686246,0.06979515571663915,0.06979515571663915,1.0445952019232305,0.06979515571663915,nan,0.07266104665470748,-0.05477668265286679,0.03156728463291891,False,False,-0.009505652510587659,0.006566529581444658,0.0,nan,0.025284715097082078,2.5807865201788122e-05,0.0,nan,0.03156728463291891,0.002234968736975941,0.0,nan,0.02509433634587399,0.003937419138685313,0.0,nan,-0.009941316996096461,0.6137148281512488,0.0,nan,0.00011268436570510687,0.002313573747492718,0.0,nan
14.818,18.87168324000004,ABORT,INITIAL_HOLD,-0.0175323523581028,0.008819369599223137,0.023748526349663734,-0.005893593654036522,0.0006135930307209492,-0.044578395783901215,0.001042867312207818,-0.005978706758469343,-0.07240714877843857,-0.01754384515887506,0.02811812483722427,-0.05477668265286679,0.005512789823114872,-0.0023604477755725384,0.0008914752397686246,0.06979515571663915,0.06979515571663915,1.0445952019232305,0.06979515571663915,nan,0.07266104665470748,-0.05477668265286679,0.03156728463291891,False,False,-0.009505652510587659,0.006566529581444658,0.0,nan,0.025284715097082078,2.5807865201788122e-05,0.0,nan,0.03156728463291891,0.002234968736975941,0.0,nan,0.02509433634587399,0.003937419138685313,0.0,nan,-0.009941316996096461,0.6137148281512488,0.0,nan,0.00011268436570510687,0.002313573747492718,0.0,nan
14.834,18.95121540299988,ABORT,INITIAL_HOLD,-0.0175323523581028,0.008819369599223137,0.023748526349663734,-0.005893593654036522,0.0006135930307209492,-0.044578395783901215,0.001042867312207818,-0.005978706758469343,-0.07240714877843857,-0.01754384515887506,0.02811812483722427,-0.05477668265286679,0.0013956507900729775,-0.004046424757689238,0.0015114306006580596,0.06979515571663915,0.06979515571663915,1.0445952019232305,0.06979515571663915,nan,0.07266104665470748,-0.05477668265286679,0.03157054843881557,False,False,-0.009472481550539591,0.0065410488335307885,0.0,nan,0.025280429024659767,-0.0001267373253041183,0.0,nan,0.03157054843881557,0.0021032679558590627,0.0,nan,0.025099594711786466,0.0038127760900914603,0.0,nan,-0.00993954156505783,0.6164846238283318,0.0,nan,0.00011174062299801335,0.0022057097683454954,0.0,nan
14.869,19.027952905999882,ABORT,INITIAL_HOLD,-0.0175323523581028,0.008819369599223137,0.023748526349663734,-0.005812839139252901,0.000858391635119915,-0.04438123106956482,-0.00031633893377147615,-0.00589955085888505,-0.07254888862371445,-0.017575451652408525,0.028139768722325997,-0.054865383877688245,-0.0028075622394680977,-0.0026880553923547264,0.00521948141977191,0.06958726899537489,0.06958726899537489,1.0443977603123429,0.06958726899537489,nan,0.07278905145139421,-0.054865383877688245,0.03157651086096003,False,False,-0.009408802355713064,-0.0021307177412552888,0.0,nan,0.025272379471736883,-0.00041920313309198333,0.0,nan,0.03157651086096003,0.0018788655686915274,0.0,nan,0.025109105241226004,0.004202570967959631,0.0,nan,-0.009953434496925873,0.5915589232239925,0.0,nan,0.00011165541171109794,0.0024018299195380875,0.0,nan
14.869,19.10393871999986,ABORT,INITIAL_HOLD,-0.0175323523581028,0.008819369599223137,0.023748526349663734,-0.005812839139252901,0.000858391635119915,-0.04438123106956482,-0.00031633893377147615,-0.00589955085888505,-0.07254888862371445,-0.017575451652408525,0.028139768722325997,-0.054865383877688245,-0.0028075622394680977,-0.0026880553923547264,0.00521948141977191,0.06958726899537489,0.06958726899537489,1.0443977603123429,0.06958726899537489,nan,0.07278905145139421,-0.054865383877688245,0.03157651086096003,False,False,-0.009408802355713064,-0.0021307177412552888,0.0,nan,0.025272379471736883,-0.00041920313309198333,0.0,nan,0.03157651086096003,0.0018788655686915274,0.0,nan,0.025109105241226004,0.004202570967959631,0.0,nan,-0.009953434496925873,0.5915589232239925,0.0,nan,0.00011165541171109794,0.0024018299195380875,0.0,nan
14.871,19.178848549000122,ABORT,INITIAL_HOLD,-0.0175323523581028,0.008819369599223137,0.023748526349663734,-0.005812839139252901,0.000858391635119915,-0.04438123106956482,-0.00031633893377147615,-0.00589955085888505,-0.07254888862371445,-0.017575451652408525,0.028139768722325997,-0.054865383877688245,-0.0028075622394680977,-0.0026880553923547264,0.00521948141977191,0.06958726899537489,0.06958726899537489,1.0443977603123429,0.06958726899537489,nan,0.07278905145139421,-0.054865383877688245,0.03157651086096003,False,False,-0.009408802355713064,-0.0021307177412552888,0.0,nan,0.025272379471736883,-0.00041920313309198333,0.0,nan,0.03157651086096003,0.0018788655686915274,0.0,nan,0.025109105241226004,0.004202570967959631,0.0,nan,-0.009953434496925873,0.5915589232239925,0.0,nan,0.00011165541171109794,0.0024018299195380875,0.0,nan
14.879,19.25194650399999,ABORT,INITIAL_HOLD,-0.0175323523581028,0.008819369599223137,0.023748526349663734,-0.005792486015707254,0.0009491436649113894,-0.04438735917210579,-0.00037202576640993357,-0.005758217070251703,-0.0725584328174591,-0.017641468838621374,0.028200110996583035,-0.054852123579361374,-0.0028075622394680977,-0.0026880553923547264,0.00521948141977191,0.06958637663961321,0.06958637663961321,1.0444038537684663,0.06958637663961321,nan,0.072787510191823,-0.054852123579361374,0.03157651086096003,False,False,-0.009408802355713064,-0.0021307177412552888,0.0,nan,0.025272379471736883,-0.00041920313309198333,0.0,nan,0.03157651086096003,0.0018788655686915274,0.0,nan,0.025109105241226004,0.004202570967959631,0.0,nan,-0.009953434496925873,0.5915589232239925,0.0,nan,0.00011165541171109794,0.0024018299195380875,0.0,nan
14.911,19.328139815000213,ABORT,INITIAL_HOLD,-0.0175323523581028,0.008819369599223137,0.023748526349663734,-0.005756936501711607,0.001074683852493763,-0.0445559024810791,0.00016744159802328795,-0.006250455044209957,-0.07108917832374573,-0.017658379353218453,0.028289526755487737,-0.05482510760142303,0.0009969521779567003,-0.005331086460500956,-0.000772389350458979,0.06974335505122015,0.06974335505122015,1.0445723195027377,0.06974335505122015,nan,0.07136362868922626,-0.05482510760142303,0.03158278611317389,False,False,-0.009341459187677259,0.006163300862373518,0.0,nan,0.025265779482464445,6.446061191615649e-05,0.0,nan,0.03158278611317389,0.002185734691069477,0.0,nan,0.025118656092775637,0.00374541815246972,0.0,nan,-0.009944996206904477,0.6166886996440729,0.0,nan,0.00011184116937990041,0.002196792464035278,0.0,nan
14.928,19.406583692999902,ABORT,INITIAL_HOLD,-0.0175323523581028,0.008819369599223137,0.023748526349663734,-0.005731003358960152,0.0011438790243119001,-0.044747065752744675,0.00011760688357753679,-0.006202120333909988,-0.07163587957620621,-0.01768298772381179,0.028262242758886454,-0.05489124648428349,0.004882136359810829,-0.012038540095090866,-0.0006241422961465999,0.06992732749951645,0.06992732749951645,1.0447634106618076,0.06992732749951645,nan,0.07190395935323786,-0.054891246484283486,0.03158539638895874,False,False,-0.009312996225298242,-0.002113070552400502,0.0,nan,0.025262195309785795,7.864467626129393e-06,0.0,nan,0.03158539638895874,0.002178462577370558,0.0,nan,0.025123061989232198,0.004441039602496777,0.0,nan,-0.009951508378052587,0.590294084260961,0.0,nan,0.00011091029297727317,0.0026041019731353043,0.0,nan
14.933,19.48426958300024,ABORT,INITIAL_HOLD,-0.0175323523581028,0.008819369599223137,0.023748526349663734,-0.005731003358960152,0.0011438790243119001,-0.044747065752744675,0.00011760688357753679,-0.006202120333909988,-0.07163587957620621,-0.01768298772381179,0.028262242758886454,-0.05489124648428349,0.004882136359810829,-0.012038540095090866,-0.0006241422961465999,0.06992732749951645,0.06992732749951645,1.0447634106618076,0.06992732749951645,nan,0.07190395935323786,-0.054891246484283486,0.03158539638895874,False,False,-0.009312996225298242,-0.002113070552400502,0.0,nan,0.025262195309785795,7.864467626129393e-06,0.0,nan,0.03158539638895874,0.002178462577370558,0.0,nan,0.025123061989232198,0.004441039602496777,0.0,nan,-0.009951508378052587,0.590294084260961,0.0,nan,0.00011091029297727317,0.0026041019731353043,0.0,nan
14.986,19.611706461999802,ABORT,INITIAL_HOLD,-0.0175323523581028,0.008819369599223137,0.023748526349663734,-0.005453851539641619,0.0013121550437062979,-0.045676976442337036,0.00011055319191655144,-0.005975356791168451,-0.07228704541921616,-0.01765140622990728,0.028218591391415825,-0.05496983372019146,-0.00024526938796043396,0.0015447032637894156,0.000909430847968906,0.07086712136333913,0.07086712136333913,1.0456920222078119,0.07086712136333913,nan,0.07253367525659944,-0.054969833720191465,0.03159326137020013,False,False,-0.009225469143510523,-0.0022581153852714916,0.0,nan,0.025253035536603186,3.4993472233820226e-05,0.0,nan,0.03159326137020013,0.0021803808868996266,0.0,nan,0.02513544874159912,0.004417695888912412,0.0,nan,-0.009953852012690945,0.5885818196912342,0.0,nan,0.00011082590884559096,0.0026052225716671467,0.0,nan
14.995,19.687164782999844,ABORT,INITIAL_HOLD,-0.0175323523581028,0.008819369599223137,0.023748526349663734,-0.005453851539641619,0.0013121550437062979,-0.045676976442337036,0.00011055319191655144,-0.005975356791168451,-0.07228704541921616,-0.01765140622990728,0.028218591391415825,-0.05496983372019146,-0.00024526938796043396,0.0015447032637894156,0.000909430847968906,0.07086712136333913,0.07086712136333913,1.0456920222078119,0.07086712136333913,nan,0.07253367525659944,-0.054969833720191465,0.03159326137020013,False,False,-0.009225469143510523,-0.0022581153852714916,0.0,nan,0.025253035536603186,3.4993472233820226e-05,0.0,nan,0.03159326137020013,0.0021803808868996266,0.0,nan,0.02513544874159912,0.004417695888912412,0.0,nan,-0.009953852012690945,0.5885818196912342,0.0,nan,0.00011082590884559096,0.0026052225716671467,0.0,nan
15.008,19.76288680100015,ABORT,INITIAL_HOLD,-0.0175323523581028,0.008819369599223137,0.023748526349663734,-0.0053659179247915745,0.00134000345133245,-0.046017635613679886,0.0009886098559945822,-0.006810399238020182,-0.07291871309280396,-0.017662458292373315,0.02832649033175673,-0.05499198498817783,0.0006861751899123192,-0.005532120820134878,0.0025858497247099885,0.07121292298375181,0.07121292298375181,1.0460322570070477,0.07121292298375181,nan,0.07324273074059469,-0.05499198498817783,0.031595449306343504,False,False,-0.009201190596994202,-0.002255562556082733,0.0,nan,0.02525009651982213,9.420561845488116e-05,0.0,nan,0.031595449306343504,0.002207961703810805,0.0,nan,0.025138803936266108,0.004449242029260503,0.0,nan,-0.009954435922481686,0.5915177948028885,0.0,nan,0.0001118993697302173,0.002637429779830885,0.0,nan
15.028,19.834539475999918,ABORT,INITIAL_HOLD,-0.0175323523581028,0.008819369599223137,0.023748526349663734,-0.005217564292252064,0.0013628354063257575,-0.046623244881629944,0.0015361614059656858,-0.006688532419502735,-0.0730227380990982,-0.017697411471955353,0.028328191284746722,-0.05501451647918145,0.0038047675043344498,-0.004886774346232414,0.0005592406378127641,0.07182924260707613,0.07182924260707613,1.0466371372276262,0.07182924260707613,nan,0.07334450584250607,-0.05501451647918145,0.03159796213678501,False,False,-0.009169012781174324,0.006025348923030548,0.0,nan,0.025247718555107213,0.00010838445945288567,0.0,nan,0.03159796213678501,0.002185184206505419,0.0,nan,0.025142282979882857,0.0038554077124036117,0.0,nan,-0.009951169462225629,0.6111501819323271,0.0,nan,0.00011397505532517727,0.002328732443832805,0.0,nan
15.028,19.909319000999858,ABORT,INITIAL_HOLD,-0.0175323523581028,0.008819369599223137,0.023748526349663734,-0.005217564292252064,0.0013628354063257575,-0.046623244881629944,0.0015361614059656858,-0.006688532419502735,-0.0730227380990982,-0.017697411471955353,0.028328191284746722,-0.05501451647918145,0.0038047675043344498,-0.004886774346232414,0.0005592406378127641,0.07182924260707613,0.07182924260707613,1.0466371372276262,0.07182924260707613,nan,0.07334450584250607,-0.05501451647918145,0.03159796213678501,False,False,-0.009169012781174324,0.006025348923030548,0.0,nan,0.025247718555107213,0.00010838445945288567,0.0,nan,0.03159796213678501,0.002185184206505419,0.0,nan,0.025142282979882857,0.0038554077124036117,0.0,nan,-0.009951169462225629,0.6111501819323271,0.0,nan,0.00011397505532517727,0.002328732443832805,0.0,nan
15.056,19.98548870600007,ABORT,INITIAL_HOLD,-0.0175323523581028,0.008819369599223137,0.023748526349663734,-0.004970373120158911,0.001409886172041297,-0.04788597673177719,0.0018916483968496323,-0.005832042545080185,-0.07408181577920914,-0.017645212534592596,0.028302118492785952,-0.055057042775914125,0.0007388486992567778,-0.0020388909615576263,0.0045943777076900005,0.0731040751173092,0.0731040751173092,1.0478987129580235,0.0731040751173092,nan,0.07433509590395111,-0.055057042775914125,0.03160000535680485,False,False,-0.009146718295513168,0.006062275884691841,0.0,nan,0.02524491504138826,0.00015541779219345637,0.0,nan,0.03160000535680485,0.00221345373117237,0.0,nan,0.025145755234065703,0.0038665802327202342,0.0,nan,-0.009948363639530555,0.6143219086831516,0.0,nan,0.00011361032379397784,0.0023429980307846285,0.0,nan
15.094,20.0609052220002,ABORT,INITIAL_HOLD,-0.0175323523581028,0.008819369599223137,0.023748526349663734,-0.004869737662374973,0.0014305902877822518,-0.04847331345081329,0.001637480454519391,-0.006014278624206781,-0.07431680709123611,-0.017644165384671152,0.02836440404074254,-0.05503997420622439,0.00787461269646883,-0.004639239516109228,-0.00245786877349019,0.07369484388212928,0.07369484388212928,1.0484855983522137,0.07369484388212928,nan,0.0745777494018459,-0.0550399742062244,0.03160395697344498,False,False,-0.009102884084366991,-0.002451919169951952,0.0,nan,0.025239626746182964,0.0001056016831685763,0.0,nan,0.03160395697344498,0.0021805159055558127,0.0,nan,0.025152312888591766,0.004376928873093609,0.0,nan,-0.009959914994978725,0.5912598156198792,0.0,nan,0.00011254849319453086,0.0025637835118356433,0.0,nan
15.103,20.133006885000214,ABORT,INITIAL_HOLD,-0.0175323523581028,0.008819369599223137,0.023748526349663734,-0.004731292370706797,0.0014537564711645246,-0.049385204911231995,0.0017417295603081584,-0.006146344356238842,-0.07585275918245316,-0.01754564429361708,0.028403427478525436,-0.05511936926354738,0.00415737833827734,-0.006656674668192863,0.00458228960633278,0.07461006662437755,0.07461006662437755,1.0493968776501876,0.07461006662437755,nan,0.07612129955799463,-0.05511936926354738,0.03160395697344498,False,False,-0.009102884084366991,-0.002451919169951952,0.0,nan,0.025239626746182964,0.0001056016831685763,0.0,nan,0.03160395697344498,0.0021805159055558127,0.0,nan,0.025152312888591766,0.004376928873093609,0.0,nan,-0.009959914994978725,0.5912598156198792,0.0,nan,0.00011254849319453086,0.0025637835118356433,0.0,nan
