sim_time_s,state,qcmd_shoulder_pan_joint,qdcmd_shoulder_pan_joint,qcmd_shoulder_lift_joint,qdcmd_shoulder_lift_joint,qcmd_elbow_joint,qdcmd_elbow_joint,qcmd_wrist_1_joint,qdcmd_wrist_1_joint,qcmd_wrist_roll_joint,qdcmd_wrist_roll_joint,qcmd_left_knuckle_joint,qdcmd_left_knuckle_joint
7.85,ARM_NEUTRALIZE,0.24470056396347228,-0.0,-0.11432039552592954,0.0,0.17320089690248075,-0.0,0.1389195838994235,-0.0,-0.011209636881806873,0.0,-0.001106166872964387,0.0
7.85,ARM_NEUTRALIZE,0.24470056396347228,-0.0,-0.11432039552592954,0.0,0.17320089690248075,-0.0,0.1389195838994235,-0.0,-0.011209636881806873,0.0,-0.001106166872964387,0.0
7.858,ARM_NEUTRALIZE,0.2447005177464069,-1.7308247778268458e-05,-0.11432037393401692,8.08615108940987e-06,0.17320086418969477,-1.225090776437264e-05,0.13891955766141492,-9.826109676412926e-06,-0.01120963476462123,7.928840437151269e-07,-0.0011061666640405257,7.82417907473152e-08
7.862,ARM_NEUTRALIZE,0.24470040829325806,-3.8839499945729006e-05,-0.11432032279916433,1.8145225838089457e-05,0.17320078671793404,-2.7490889750659898e-05,0.13891949552348748,-2.204967199065295e-05,-0.011209629750615402,1.779222262550939e-06,-0.0011061661692584727,1.7557363786411558e-07
7.878,ARM_NEUTRALIZE,0.24469860220635958,-0.0002092009364586918,-0.11431947902273307,9.773550748302548e-05,0.17319950835606335,-0.00014807399394834705,0.13891847018526854,-0.000118765999446366,-0.011209547014482794,9.583412866126242e-06,-0.0011061580048576049,9.456911008111794e-07
7.878,ARM_NEUTRALIZE,0.24469860220635958,-0.0002092009364586918,-0.11431947902273307,9.773550748302548e-05,0.17319950835606335,-0.00014807399394834705,0.13891847018526854,-0.000118765999446366,-0.011209547014482794,9.583412866126242e-06,-0.0011061580048576049,9.456911008111794e-07
7.896,ARM_NEUTRALIZE,0.2446919440686426,-0.0005578103866129688,-0.11431636844168272,0.00026060056010163265,0.1731947956761839,-0.0003948223808642619,0.13891469027685227,-0.0003166759632585793,-0.011209242007804805,2.55530750789977e-05,-0.001106127906801193,2.5215772333031116e-06
7.918,ARM_NEUTRALIZE,0.24467302715276745,-0.001200869207197598,-0.11430753074523468,0.0005610278967817659,0.17318140614105929,-0.0008499842435191238,0.13890395090609045,-0.0006817485333071141,-0.011208375431306374,5.501134749014233e-05,-0.0011060423930396358,5.428519306409449e-06
7.918,ARM_NEUTRALIZE,0.24467302715276745,-0.001200869207197598,-0.11430753074523468,0.0005610278967817659,0.17318140614105929,-0.0008499842435191238,0.13890395090609045,-0.0006817485333071141,-0.011208375431306374,5.501134749014233e-05,-0.0011060423930396358,5.428519306409449e-06
7.9350000000000005,ARM_NEUTRALIZE,0.24464724457238,-0.001854662628523138,-0.11429548551436217,0.000866470276266202,0.17316315703703092,-0.001312744137196478,0.13888931381134387,-0.0010529152710359341,-0.011207194341408834,8.496136775191613e-05,-0.0011059258430985068,8.3839870532689e-06
7.9350000000000005,ARM_NEUTRALIZE,0.24464724457238,-0.001854662628523138,-0.11429548551436217,0.000866470276266202,0.17316315703703092,-0.001312744137196478,0.13888931381134387,-0.0010529152710359341,-0.011207194341408834,8.496136775191613e-05,-0.0011059258430985068,8.3839870532689e-06
7.939,ARM_NEUTRALIZE,0.24463948215760883,-0.002027749838875131,-0.11429185903180528,0.0009473339981449689,0.17315766274155928,-0.001435256564588303,0.13888490699097286,-0.0011511790545391067,-0.011206838748232008,9.289042498621167e-05,-0.0011058907531668165,9.16642635428242e-06
7.951,ARM_NEUTRALIZE,0.24461183993698538,-0.0025899365803976056,-0.11427894500519371,0.0012099791249452348,0.17313809737020577,-0.0018331765623244374,0.13886921415510495,-0.0014703395294521646,-0.01120557246894447,0.00011864397916753295,-0.001105765796737401,1.1707786863712156e-05
7.985,ARM_NEUTRALIZE,0.2444923610284946,-0.004519253894937955,-0.11422312626961567,0.0021113269392731217,0.17305352930147574,-0.003198761846949102,0.138801384477954,-0.0025656372034939265,-0.011200099186997249,0.00020702524881188272,-0.001105225693321006,2.0429249806885932e-05
8.026,ARM_NEUTRALIZE,0.24424893028375103,-0.007462849298969736,-0.11410939911438767,0.0034865301076134063,0.17288122719215362,-0.0052822607806598965,0.1386631857863762,-0.004236753289509129,-0.011188947720035978,0.0003418702000114125,-0.0011041252666553095,3.373574845409065e-05
8.045,ARM_NEUTRALIZE,0.2440923723671348,-0.009038261559933362,-0.11403625762807318,0.004222538843648218,0.17277041432300486,-0.006397349410495652,0.13857430589055492,-0.00513113461915652,-0.011181775863266158,0.0004140392179266503,-0.0011034175478897448,4.085738653335567e-05
8.045,ARM_NEUTRALIZE,0.2440923723671348,-0.009038261559933362,-0.11403625762807318,0.004222538843648218,0.17277041432300486,-0.006397349410495652,0.13857430589055492,-0.00513113461915652,-0.011181775863266158,0.0004140392179266503,-0.0011034175478897448,4.085738653335567e-05
8.068,ARM_NEUTRALIZE,0.24386098810932033,-0.011111615116385426,-0.11392815840899752,0.005191178207610103,0.1726066388076016,-0.007864884628874027,0.1384429461409253,-0.006308203477002332,-0.011171176241147373,0.0005090187313326753,-0.0011023715772684511,5.022996411528771e-05
8.072,ARM_NEUTRALIZE,0.24381578657800096,-0.011490009376594348,-0.11390704093850579,0.005367958272155778,0.1725746448242651,-0.008132714928033939,0.13841728466380895,-0.006523022651616088,-0.011169105576722311,0.0005263528240147631,-0.001102167244120448,5.194049223497549e-05
8.088,ARM_NEUTRALIZE,0.2436195394508718,-0.013054228611759535,-0.11381535725445191,0.0060987377961459425,0.1724357396338448,-0.00923988105014866,0.1383058727046346,-0.007411049559919658,-0.01116011557278205,0.0005980090938072465,-0.0011012801106074371,5.901153233381118e-05
8.115,ARM_NEUTRALIZE,0.2432295534338632,-0.01586924848916958,-0.11363316169677981,0.007413872426758845,0.17215970460216665,-0.011232373260499725,0.1380844727440791,-0.00900917170440636,-0.011142250466266393,0.0007269640505499923,-0.0010995171820471308,7.173680637769154e-05
8.132,ARM_NEUTRALIZE,0.2429439195938302,-0.017747904078257576,-0.1134997178949378,0.008291551850634621,0.17195753082504855,-0.012562099795373878,0.13792231482518313,-0.010075708080535794,-0.011129165692058827,0.0008130245264171301,-0.0010982259766386738,8.02292534105016e-05
8.136,ARM_NEUTRALIZE,0.24287202265346194,-0.01820127051171377,-0.11346612873385509,0.008503357778464967,0.1719066416307017,-0.01288299596180778,0.13788149802902286,-0.01033308989964391,-0.011125872121413189,0.0008337930649571657,-0.0010979009671151373,8.227869261848854e-05
8.162,ARM_NEUTRALIZE,0.24235955004665252,-0.02124798094403465,-0.11322670929747242,0.009926734725515612,0.1715439096708743,-0.015039480486947216,0.13759056089285654,-0.012062745682469279,-0.011102395952248888,0.0009733616751685749,-0.0010955843389399817,9.605132189715028e-05
8.162,ARM_NEUTRALIZE,0.24235955004665252,-0.02124798094403465,-0.11322670929747242,0.009926734725515612,0.1715439096708743,-0.015039480486947216,0.13759056089285654,-0.012062745682469279,-0.011102395952248888,0.0009733616751685749,-0.0010955843389399817,9.605132189715028e-05
8.181,ARM_NEUTRALIZE,0.2419338376095881,-0.023577789525935665,-0.11302782289771414,0.011015185991293603,0.17124258721077115,-0.01668853649834484,0.13734887859486794,-0.013385407279650187,-0.011082894232439718,0.0010800892927278313,-0.0010936599093936733,0.00010658320229784993
8.182,ARM_NEUTRALIZE,0.24191019738479372,-0.023702697244655953,-0.11301677854291153,0.011073540984747875,0.1712258544821209,-0.01677694711972627,0.13733545774230213,-0.013456318960560898,-0.011081811283011826,0.0010858112663428914,-0.0010935530439532615,0.00010714784660592991
8.22,ARM_NEUTRALIZE,0.2409172677533294,-0.02860651128362076,-0.11255289686499531,0.013364528596054514,0.1705230514319557,-0.020247903524708104,0.13677175911811335,-0.016240275788363037,-0.011036325565947589,0.0013104530645567602,-0.0010890645137769496,0.00012931549735924118
8.257,ARM_NEUTRALIZE,0.23976632436698492,-0.03364680284413271,-0.1120151935551881,0.015719276437378426,0.16970840505938503,-0.023815459744402755,0.1361183541004337,-0.019101712619471516,-0.010983601300733536,0.001541346844516371,-0.0010838616837302573,0.00015210009361849852
8.283,ARM_NEUTRALIZE,0.2388439369974421,-0.03732308049458773,-0.1115842681531118,0.017436777648883153,0.16905553235198834,-0.02641755667465913,0.13559470320443456,-0.02118878162016331,-0.010941347097026497,0.0017097556821210713,-0.001079692039264782,0.00016871867629311688
8.285,ARM_NEUTRALIZE,0.23876900402151247,-0.037609988809436355,-0.11154926060221997,0.01757081686604682,0.16900249422887015,-0.02662063253462314,0.1355521628127498,-0.021351663074421028,-0.010937914446782299,0.0017228988395201863,-0.0010793533053676326,0.0001700156429544236
8.285,ARM_NEUTRALIZE,0.23876900402151247,-0.037609988809436355,-0.11154926060221997,0.01757081686604682,0.16900249422887015,-0.02662063253462314,0.1355521628127498,-0.021351663074421028,-0.010937914446782299,0.0017228988395201863,-0.0010793533053676326,0.0001700156429544236
8.306,ARM_NEUTRALIZE,0.23794732302792307,-0.04065498926065166,-0.1111653836929812,0.01899339493583636,0.16842090225068962,-0.0287759067222939,0.1350856841913742,-0.02308034807949332,-0.010900273562668136,0.0018623891161676767,-0.0010756389032406772,0.00018378054227765844
8.313,ARM_NEUTRALIZE,0.23765914556165285,-0.04168241448724724,-0.11103075154750487,0.0194733924330847,0.16821692807581792,-0.029503126013758842,0.13492208222391236,-0.02366363028634485,-0.010887072265940064,0.0019094550629182685,-0.0010743361993908794,0.00018842500950609362
8.327,ARM_NEUTRALIZE,0.23706111400177154,-0.043754347382583825,-0.11075136026472537,0.02044136808570077,0.16779363684644874,-0.030969655677530357,0.13458257219536238,-0.024839892617030172,-0.010859676674685396,0.002004369496395671,-0.0010716328026768992,0.00019779116500121807
8.345,ARM_NEUTRALIZE,0.23624933342990367,-0.046448940230643006,-0.11037210868249342,0.021700241033036728,0.167219052461116,-0.03287690873208616,0.1341217141677595,-0.026369646824244104,-0.010822489325008088,0.002127807738146377,-0.0010679631553243483,0.0002099720496562071
8.352,ARM_NEUTRALIZE,0.23592049613848307,-0.047505320643140975,-0.11021848088282685,0.02219376595437953,0.16698629895664296,-0.033624622721589566,0.1339350291068228,-0.026969367253844856,-0.010807425417633635,0.0021762001106090875,-0.0010664766490716732,0.00021474740856272824
8.386,ARM_NEUTRALIZE,0.23421736038067226,-0.05269397217378127,-0.10942280166446447,0.024617825325642623,0.16578080667652073,-0.03729718924234135,0.13296813754365244,-0.029915029903577264,-0.010729405436411484,0.002413890202624533,-0.0010587776379826237,0.00023820266483834117
8.386,ARM_NEUTRALIZE,0.23421736038067226,-0.05269397217378127,-0.10942280166446447,0.024617825325642623,0.16578080667652073,-0.03729718924234135,0.13296813754365244,-0.029915029903577264,-0.010729405436411484,0.002413890202624533,-0.0010587776379826237,0.00023820266483834117
8.412,ARM_NEUTRALIZE,0.23279513924136797,-0.05671396163791803,-0.10875836149915749,0.026495903488220073,0.16477414787307826,-0.04014256797563657,0.1321607247380383,-0.03219722841833553,-0.010664254043709296,0.0025980443436357864,-0.0010523484991002022,0.000256374993920336
8.445,ARM_NEUTRALIZE,0.23083876688623065,-0.06186058807283839,-0.10784437397982884,0.02890032937157083,0.1633894128275326,-0.04378538881802452,0.13105006757760532,-0.0351190328933413,-0.010574633393264175,0.002833809282495418,-0.00104350473407006,0.00027964027609876825
8.451,ARM_NEUTRALIZE,0.2304647856465548,-0.06279996350244067,-0.10766965561160553,0.029339191337886133,0.16312470609744828,-0.0444502858019136,0.1308377537301811,-0.03565232812442696,-0.010557501459322247,0.002876841702572328,-0.0010418141549731464,0.0002838867149490598
8.471,ARM_NEUTRALIZE,0.2291774366133948,-0.065935914773111,-0.10706822565056653,0.030804260252343514,0.16221351078363963,-0.04666993566264564,0.13010690951338313,-0.03743264705215702,-0.010498528504915724,0.003020498400594907,-0.001035994704329637,0.0002980627566984524
8.508,ARM_NEUTRALIZE,0.22663037446108192,-0.07174233707005512,-0.1058782768087445,0.03351693276451768,0.1604106810635054,-0.05077976497131616,0.12866091033530974,-0.04072902592587396,-0.01038184858648659,0.003286488329170987,-0.001024480730963027,0.0003243106406072126
8.536,ARM_NEUTRALIZE,0.22456019497232843,-0.07612457693510293,-0.1049111203211146,0.03556424882520541,0.15894539247408168,-0.05388154725891803,0.12748564343556656,-0.04321687854353602,-0.010287014475877203,0.0034872370190003133,-0.0010151225017278412,0.00034412051962663085
8.536,ARM_NEUTRALIZE,0.22456019497232843,-0.07612457693510293,-0.1049111203211146,0.03556424882520541,0.15894539247408168,-0.05388154725891803,0.12748564343556656,-0.04321687854353602,-0.010287014475877203,0.0034872370190003133,-0.0010151225017278412,0.00034412051962663085
8.547,ARM_NEUTRALIZE,0.2237133853777913,-0.07784009970045652,-0.10451550371028781,0.03636571506579092,0.1583460142834317,-0.05509580715600687,0.12700489899178713,-0.04419080236648432,-0.010248222460407195,0.0035658244441807373,-0.0010112945059683987,0.0003518755260806972
8.554,ARM_NEUTRALIZE,0.2231646908308264,-0.07892944283727024,-0.10425916193233704,0.036874639672448514,0.15795764416233132,-0.055866852409334776,0.1266933982052028,-0.04480923614873112,-0.010223086978367919,0.003615726826118823,-0.0010088141368127337,0.00035679989270951426
8.591,ARM_NEUTRALIZE,0.2201382779324497,-0.08464841473212877,-0.10284526768557574,0.03954645668190787,0.15581552638415438,-0.059914783666646626,0.1249752655873593,-0.04805596833070043,-0.010084448190227309,0.003877710686066906,-0.0009951332623681771,0.0003826524577998474
8.612,ARM_NEUTRALIZE,0.21832691016170844,-0.08785774625492757,-0.10199902411081645,0.041045807738225665,0.15453342667244524,-0.06218637262092927,0.12394692935092233,-0.04987794614930924,-0.010001470142933358,0.004024728904665213,-0.0009869449893609747,0.0003971602143713047
8.615,ARM_NEUTRALIZE,0.21806265288517,-0.08831365856661555,-0.10187556711551918,0.041258803061788106,0.15434638338750906,-0.06250907077909547,0.12379690717563796,-0.050136773295468874,-0.00998936462071718,0.004045614068888743,-0.0009857504165307696,0.00039922116220075533
8.644,ARM_NEUTRALIZE,0.2154380254093652,-0.09268340328226435,-0.10064938092991228,0.04330028157801613,0.15248865234888284,-0.06560200890611272,0.1223068731891032,-0.052617532259862806,-0.009869131465234233,0.004245790360823768,-0.0009738858097616542,0.0004189745570007911
8.644,ARM_NEUTRALIZE,0.2154380254093652,-0.09268340328226435,-0.10064938092991228,0.04330028157801613,0.15248865234888284,-0.06560200890611272,0.1223068731891032,-0.052617532259862806,-0.009869131465234233,0.004245790360823768,-0.0009738858097616542,0.0004189745570007911
8.672,ARM_NEUTRALIZE,0.21278465983629577,-0.09682986744249171,-0.09940976874073293,0.045237446802130786,0.1506105802691863,-0.06853690737914024,0.12080052422376578,-0.054971532048268046,-0.009747581828784537,0.004435738258068964,-0.0009618912926618419,0.00043771861389909185
8.672,ARM_NEUTRALIZE,0.21278465983629577,-0.09682986744249171,-0.09940976874073293,0.045237446802130786,0.1506105802691863,-0.06853690737914024,0.12080052422376578,-0.054971532048268046,-0.009747581828784537,0.004435738258068964,-0.0009618912926618419,0.00043771861389909185
8.691,ARM_NEUTRALIZE,0.2109185396777932,-0.09959722258693171,-0.09853794568007676,0.04653031319176576,0.14928972640622304,-0.07049566213352754,0.11974110436903997,-0.05654259432512051,-0.009662095596077053,0.004562509712084915,-0.0009534555119391839,0.00045022841991230583
8.73,ARM_NEUTRALIZE,0.20692546291272815,-0.10514461074644477,-0.09667244072269637,0.04912196888008717,0.1464633966834482,-0.07442214513434844,0.11747418453160102,-0.05969191626523332,-0.009479174315257117,0.004816633388399199,-0.0009354048414904714,0.0004753053421479417
8.76,ARM_NEUTRALIZE,0.2037088386338528,-0.10927613053691201,-0.09516968260124706,0.051052152321102565,0.14418664586164515,-0.07734646587022585,0.11564806652376165,-0.06203743194720625,-0.009331822018362619,0.005005896689925754,-0.0009208641180755633,0.0004939818431465003
8.76,ARM_NEUTRALIZE,0.2037088386338528,-0.10927613053691201,-0.09516968260124706,0.051052152321102565,0.14418664586164515,-0.07734646587022585,0.11564806652376165,-0.06203743194720625,-0.009331822018362619,0.005005896689925754,-0.0009208641180755633,0.0004939818431465003
8.779,ARM_NEUTRALIZE,0.20160828578369677,-0.1118256875752115,-0.09418833613941871,0.05224326673585243,0.14269985877891334,-0.07915106148939827,0.11445555628522383,-0.06348484750339303,-0.009235596515977556,0.0051226908981036245,-0.0009113685863116873,0.0005055070946245519
8.779,ARM_NEUTRALIZE,0.20160828578369677,-0.1118256875752115,-0.09418833613941871,0.05224326673585243,0.14269985877891334,-0.07915106148939827,0.11445555628522383,-0.06348484750339303,-0.009235596515977556,0.0051226908981036245,-0.0009113685863116873,0.0005055070946245519
8.811,ARM_NEUTRALIZE,0.19796275188912774,-0.11599283902321571,-0.09248519794480249,0.05419009674734111,0.14011952250996215,-0.08210060258007815,0.11238594090092754,-0.06585059172492676,-0.009068596037774577,0.005313586471889863,-0.000894888980530954,0.0005243446682359308
8.837,ARM_NEUTRALIZE,0.19490429577866444,-0.11925368463518887,-0.09105633359490646,0.055713514405526035,0.13795472430562214,-0.08440865359355508,0.1106496169490807,-0.0677018147390396,-0.008928489362653245,0.005462964530713254,-0.0008810632550115187,0.0005390852938208985
8.837,ARM_NEUTRALIZE,0.19490429577866444,-0.11925368463518887,-0.09105633359490646,0.055713514405526035,0.13795472430562214,-0.08440865359355508,0.1106496169490807,-0.0677018147390396,-0.008928489362653245,0.005462964530713254,-0.0008810632550115187,0.0005390852938208985
8.853,ARM_NEUTRALIZE,0.19298059316115102,-0.12120148672990297,-0.09015760888194982,0.05662349802905046,0.13659311314572015,-0.08578732254440953,0.10955750680906856,-0.06880760645497737,-0.008840365300078033,0.005552192580889006,-0.0008723671732597583,0.0005478903170597702
8.855,ARM_NEUTRALIZE,0.1927379498423013,-0.12144171031711835,-0.09004424960016752,0.05673572684887949,0.13642136838235935,-0.0859573546035471,0.10941975514906173,-0.06894398440294061,-0.00882924990478819,0.00556319712922152,-0.000871270306146294,0.00054897624579642
8.888,ARM_NEUTRALIZE,0.1886661860325424,-0.12529757463561864,-0.0881419832478542,0.058537128230410726,0.1335393433784015,-0.08868656432616227,0.10710816368794487,-0.07113300701090916,-0.008642724001306033,0.005739832761668841,-0.0008528639315636718,0.0005664066485167304
8.909,ARM_NEUTRALIZE,0.18601016973774248,-0.12764180658896507,-0.08690113268164887,0.05963231787677007,0.13165939509795693,-0.09034582930819013,0.10560030987458474,-0.07246385693723477,-0.008521052936333278,0.005847221108218239,-0.0008408574318982282,0.0005770037296486052
8.915,ARM_NEUTRALIZE,0.1852423544576365,-0.12829540606288914,-0.08654242101752017,0.05993766964696744,0.13111592967631763,-0.09080845192444016,0.10516441149537276,-0.07283491356858755,-0.008485879619431666,0.005877162243825603,-0.0008373865292829981,0.0005799583206578425
8.955,ARM_NEUTRALIZE,0.18002607946865867,-0.13246249655447254,-0.0841054563851012,0.061884471180539975,0.1274238110642992,-0.09375794986970759,0.10220306666135781,-0.07520062318439548,-0.008246924107621642,0.006068055025222105,-0.0008138064013927278,0.0005987956187162258
8.996,ARM_NEUTRALIZE,0.17451361641040217,-0.13637621922530513,-0.08153011717486533,0.06371290310755086,0.12352204831243918,-0.09652811216862639,0.09907357213993018,-0.07742249270575452,-0.007994400336500894,0.006247341126102027,-0.0007888873577880978,0.0006164875696391136
8.999,ARM_NEUTRALIZE,0.1741040797757144,-0.13664786363378129,-0.08133878786486483,0.06383981125895191,0.12323217520674035,-0.09672038412102629,0.0988410730481386,-0.07757670864863132,-0.007975639623855653,0.006259785049935588,-0.0007870360508224769,0.0006177155359380682
9.008,ARM_NEUTRALIZE,0.17287062326929553,-0.13745049933448755,-0.08076253567568359,0.06421479049594978,0.1223591254280981,-0.09728849569787179,0.09814082429572737,-0.07803237501800503,-0.007919135464966498,0.006296553476650921,-0.0007814602208998022,0.0006213438439762644
9.009,ARM_NEUTRALIZE,0.1727331287320097,-0.1375385369682314,-0.08069830031132408,0.06425592034439699,0.12226180576200751,-0.09735080939620835,0.09806276691981121,-0.0780823550885414,-0.007912836894128564,0.006300586446130916,-0.0007808386779826315,0.0006217418173705397
9.046,ARM_NEUTRALIZE,0.16758597805502584,-0.1406323963467552,-0.07829362951002512,0.0657013245646637,0.11861861385714992,-0.09954066629956419,0.09514066482600089,-0.0798387779203744,-0.007677047939945574,0.006442314931079571,-0.0007575710259722927,0.0006357275830700584
9.051,ARM_NEUTRALIZE,0.1668818303018606,-0.14102570935581987,-0.07796466234972646,0.06588507444261037,0.11812021278922966,-0.09981905620120571,0.09474091130157489,-0.08006206665611125,-0.007644791207487446,0.006460332445796717,-0.0007543879318853498,0.0006375055512704024
9.069,ARM_NEUTRALIZE,0.1643309547456807,-0.1423918726261791,-0.07677293194340241,0.06652332522099344,0.11631468391319925,-0.1007860368240079,0.09329274720622519,-0.08083765470537013,-0.007527936598522498,0.0065229158495042575,-0.0007428567200581388,0.0006436812810204886
9.101,ARM_NEUTRALIZE,0.15973800755451728,-0.14462527233058298,-0.07462717661281033,0.06756673572009249,0.11306376139773672,-0.10236685390787137,0.09068527339278644,-0.0821055837717829,-0.007317535488707557,0.00662522701418976,-0.0007220943403159401,0.0006537773458888507
9.138,ARM_NEUTRALIZE,0.154343927730199,-0.14688897426211833,-0.07210714425560436,0.06862430296053645,0.10924579118792974,-0.10396911913567171,0.08762298652030326,-0.08339071579317112,-0.007070434807112419,0.0067289263120178765,-0.0006977104471399638,0.0006640103917240197
9.174,ARM_NEUTRALIZE,0.1490213175646745,-0.14875581448414324,-0.0696205014400041,0.0694964624239591,0.10547840773936228,-0.10529048266500385,0.08460127387086333,-0.08445054443700341,-0.0068266081225615395,0.006814445530552962,-0.000673649631964705,0.0006724494274878672
9.206,ARM_NEUTRALIZE,0.14423839721864745,-0.15013189170420044,-0.06738599353013083,0.07013934484941459,0.1020930207981672,-0.10626448045585717,0.0818859499111141,-0.08523176076003713,-0.006607504417015635,0.006877483088408653,-0.000652028480149165,0.0006786699731654629
9.209,ARM_NEUTRALIZE,0.14378782817287056,-0.15024707535512025,-0.06717549449943533,0.07019315690574168,0.10177410464374143,-0.10634600830902056,0.08163015620413014,-0.08529715196551138,-0.0065868640257082615,0.00688275960629083,-0.0006499916865090165,0.0006791906599055786
9.236,ARM_NEUTRALIZE,0.13971817745074613,-0.1511762167449053,-0.06527421534964516,0.0706272376837312,0.09889357529908083,-0.10700366156266819,0.07931976436940635,-0.08582463720364078,-0.006400434921942045,0.006925323209016741,-0.000631594864121547,0.0006833908358636272
9.277,ARM_NEUTRALIZE,0.13349712946410303,-0.15221426077241243,-0.062367835998083904,0.07111219612385829,0.09449027081335516,-0.10773839692116673,0.07578799728344321,-0.08641394783715488,-0.006115451153106208,0.006972875598873187,-0.0006034726682161315,0.0006880833052936459
9.277,ARM_NEUTRALIZE,0.13349712946410303,-0.15221426077241243,-0.062367835998083904,0.07111219612385829,0.09449027081335516,-0.10773839692116673,0.07578799728344321,-0.08641394783715488,-0.006115451153106208,0.006972875598873187,-0.0006034726682161315,0.0006880833052936459
9.298,ARM_NEUTRALIZE,0.13029668096757135,-0.1525704787357197,-0.06087263495703324,0.07127861575852984,0.09222496933177693,-0.10799053067083313,0.07397106247042788,-0.08661617724945624,-0.005968839862457936,0.006989193804090103,-0.0005890050672913518,0.0006896935856468376
9.332,ARM_NEUTRALIZE,0.1251028990611327,-0.1528938095469761,-0.05844617875193796,0.07142967101410364,0.08854877149250537,-0.10821938664729167,0.07102248724191099,-0.08679973621243561,-0.00573091474993892,0.007004005461767465,-0.0005655266191944286,0.000691155199901531
9.337,ARM_NEUTRALIZE,0.12433837450930507,-0.15291487867593553,-0.058089004466196366,0.07143951419189211,0.08800763527305522,-0.10823429953500073,0.07058845705047816,-0.08681169742159983,-0.005695892180009358,0.007004970630303353,-0.0005620705922891293,0.0006912504427245131
9.356,ARM_NEUTRALIZE,0.12143266465484864,-0.15293295850504293,-0.05673150085253638,0.07144796081408668,0.08595095201585866,-0.10824709657382452,0.06893884906684555,-0.0868219615676888,-0.005562782750979981,0.007005798860185199,-0.0005489353549550393,0.000691332172442269
9.389,ARM_NEUTRALIZE,0.116388393225688,-0.15273115038954904,-0.05437489367688691,0.07135367912053468,0.08238057881524519,-0.10810425527407598,0.06607515281431321,-0.08670739256556698,-0.005331706654798181,0.006996554109548555,-0.000526132767732514,0.0006904199005274072
9.421,ARM_NEUTRALIZE,0.11150790226278742,-0.1522533226388298,-0.052094802253301944,0.0711304452359424,0.07892613065866058,-0.10776604520357602,0.06330443678975901,-0.08643612374938468,-0.00510813327755324,0.0069746650076566085,-0.0005040705487514062,0.0006882598841373035
9.455,ARM_NEUTRALIZE,0.10634418804223825,-0.1514427335607319,-0.049682393215437326,0.07075175030154501,0.07527121495327334,-0.10719230416648191,0.06037293136420835,-0.08597594214776161,-0.0048715855539345106,0.006937532239841686,-0.0004807280213795476,0.0006845956229224725
9.482,ARM_NEUTRALIZE,0.10226646618839497,-0.15057832263005372,-0.04777734335521029,0.07034791061318688,0.072384972800967,-0.10658046761792325,0.058057957446624495,-0.08548520520436065,-0.00468478671478915,0.006897933914064989,-0.0004622947135079821,0.0006806880604687658
9.482,ARM_NEUTRALIZE,0.10226646618839497,-0.15057832263005372,-0.04777734335521029,0.07034791061318688,0.072384972800967,-0.10658046761792325,0.058057957446624495,-0.08548520520436065,-0.00468478671478915,0.006897933914064989,-0.0004622947135079821,0.0006806880604687658
9.493,ARM_NEUTRALIZE,0.10061231798809492,-0.15017055076524333,-0.04700455038140647,0.07015740577693146,0.07121415428195306,-0.10629184362959726,0.05711887673519646,-0.08525370799459611,-0.004609010834367291,0.006879254044835819,-0.00045481715026698076,0.000678844731130761
9.501,ARM_NEUTRALIZE,0.09941220899161501,-0.14985388177156164,-0.0464438776435525,0.07000946282158178,0.07036470812128919,-0.10606770293764912,0.05643755978306293,-0.08507393102913446,-0.0045540343118320266,0.006864747562409286,-0.000449392067486825,0.0006774132315672458
9.501,ARM_NEUTRALIZE,0.09941220899161501,-0.14985388177156164,-0.0464438776435525,0.07000946282158178,0.07036470812128919,-0.10606770293764912,0.05643755978306293,-0.08507393102913446,-0.0045540343118320266,0.006864747562409286,-0.000449392067486825,0.0006774132315672458
9.522,ARM_NEUTRALIZE,0.09627464442511119,-0.1489425029029803,-0.04497805502172805,0.06958368042434243,0.06814391635765016,-0.10542262212990805,0.054656324967023245,-0.08455652979741132,-0.004410303709359931,0.006822997653814577,-0.0004352087328469774,0.0006732933509392023
9.558,ARM_NEUTRALIZE,0.09094464131592911,-0.1471128846601458,-0.04248795833487656,0.06872891050557134,0.06437130012804002,-0.10412760459698818,0.051630415250604536,-0.08351783253871885,-0.004166138356959061,0.006739183559550512,-0.0004111144979311375,0.0006650225768240394
9.591,ARM_NEUTRALIZE,0.08612164399165725,-0.1451439553116298,-0.04023472706805545,0.06780905654921282,0.0609575464006606,-0.10273398161722466,0.04889233908689003,-0.08240004661541367,-0.003945198740754973,0.006648987678162631,-0.00038931217846733027,0.0006561220480093169
9.598,ARM_NEUTRALIZE,0.08510721455717621,-0.14469098252872578,-0.03976080100795723,0.06759743452895545,0.060239525628454194,-0.10241336407960795,0.04831643475446491,-0.08214288827666875,-0.0038987281261451644,0.006628237172600031,-0.00038472645860952704,0.0006540743882953911
9.613,ARM_NEUTRALIZE,0.08294436819255699,-0.143679224500741,-0.038750351960107884,0.06712475650949236,0.05870864672835392,-0.10169723414898216,0.04708855970528385,-0.08156850053526768,-0.0037996489822894244,0.0065818889340742886,-0.00037494932952938996,0.0006495007445085316
9.632,ARM_NEUTRALIZE,0.0802272542455788,-0.14231803127208992,-0.03748095749662013,0.06648882765928409,0.05678545307084723,-0.10073377135902659,0.045546019987321135,-0.0807957340411163,-0.0036751790578283382,0.006519533206028519,-0.00036266663843324094,0.000643347481790829
9.633,ARM_NEUTRALIZE,0.08008497323626756,-0.14224394685753486,-0.03741448596505996,0.06645421654340816,0.05668474550391013,-0.10068133385402211,0.045465245271112245,-0.08075367538838284,-0.0036686612205838196,0.006516139428048148,-0.00036202345830891746,0.0006430125838083461
9.668,ARM_NEUTRALIZE,0.07515360845523081,-0.13949950361780525,-0.03511062706453484,0.06517205424846885,0.053194288476780566,-0.09873879631785987,0.042665647540964954,-0.07919562048763591,-0.0034427573336789866,0.006390417559402635,-0.0003397312646542253,0.0006306063508706356
9.672,ARM_NEUTRALIZE,0.07459627354716522,-0.13916732436890247,-0.03485024864080559,0.06501686513690741,0.052799802643203025,-0.09850367735078244,0.042349241512850314,-0.07900703815545754,-0.0034172260400857964,0.0063752005582663925,-0.000337211836817758,0.0006291047373268382
9.689,ARM_NEUTRALIZE,0.072242687844535,-0.13771392278281677,-0.03375068906451863,0.06433785793934274,0.05113391700718438,-0.09747494879293934,0.04101308134556182,-0.07818192381854114,-0.0033094092019495536,0.0063086208015238005,-0.0003265724721397069,0.0006225346474929549
9.729,ARM_NEUTRALIZE,0.06680653014140209,-0.13403392539860765,-0.031210998559938294,0.06261861892459337,0.047286163758742755,-0.0948702190071962,0.03792690633272612,-0.07609274307827274,-0.0030603809492257324,0.006140041564374428,-0.00030199836626100757,0.0006058992497927052
9.729,ARM_NEUTRALIZE,0.06680653014140209,-0.13403392539860765,-0.031210998559938294,0.06261861892459337,0.047286163758742755,-0.0948702190071962,0.03792690633272612,-0.07609274307827274,-0.0030603809492257324,0.006140041564374428,-0.00030199836626100757,0.0006058992497927052
9.763,ARM_NEUTRALIZE,0.062306559331894606,-0.1306288127324864,-0.029108680385980884,0.06102780188479513,0.0441010506244795,-0.09246005468933123,0.035372216379050136,-0.07415961784534998,-0.0028542390509960283,0.005984054688371321,-0.0002816562854821216,0.0005905064661841761
9.803,ARM_NEUTRALIZE,0.05716663709898734,-0.12631292768012645,-0.02670738660422159,0.059011485787117936,0.040462975066625745,-0.08940523883648202,0.03245421796374015,-0.07170943568834814,-0.002618781229001726,0.0057863456864918035,-0.00025842130959337014,0.0005709965435460109
9.832,ARM_NEUTRALIZE,0.05355142289674844,-0.1229851875322706,-0.02501841331042648,0.0574568160154243,0.03790409930361019,-0.08704983936812173,0.030401815449631983,-0.06982023580593778,-0.0024531696840152644,0.005633903215210689,-0.00024207876373072955,0.0005559535217655575
9.872,ARM_NEUTRALIZE,0.048727994557176885,-0.11813809499654494,-0.02276498067978852,0.0551923278309277,0.034490040500364666,-0.08361903086911752,0.027663494593117774,-0.06706848048801574,-0.002232210323169309,0.005411859806818251,-0.00022027449586582942,0.0005340422800979124
9.89,ARM_NEUTRALIZE,0.04662188307609061,-0.11586512975535039,-0.02178103730981973,0.05413043291257827,0.032999318976914466,-0.08201020900117191,0.026467828649977654,-0.06577808956937553,-0.0021357301820810123,0.0053077361604070275,-0.00021075383635686586,0.0005237673595481411
9.893,ARM_NEUTRALIZE,0.04627486349920795,-0.11548100644714508,-0.021618915021902205,0.05395097632362119,0.03275369591424032,-0.08173832363881435,0.02627082127719249,-0.0655600179422504,-0.002119833351339284,0.0052901396222827315,-0.0002091851372333321,0.0005220309333144295
9.908,ARM_NEUTRALIZE,0.04455717291487754,-0.11353832890230484,-0.02081643600913978,0.053043386812145314,0.03153790161859912,-0.08036328188284657,0.025295666756180613,-0.06445713549764662,-0.0020411466192215896,0.005201146325727233,-0.00020142033117153345,0.0005132490755608248
9.919,ARM_NEUTRALIZE,0.04331619485420918,-0.11209088412065508,-0.020236669863787596,0.052367162543349416,0.030659528027371347,-0.07933876959591953,0.02459114792294205,-0.06363540291343324,-0.0019842979008816604,0.005134839447860036,-0.0001958105001251618,0.0005067059134120643
9.957,ARM_NEUTRALIZE,0.039153742660692326,-0.10695028356608857,-0.018292035272787416,0.04996555185998956,0.02771331310430955,-0.07570021391690109,0.022228071527209167,-0.06071701940639675,-0.0017936175981007902,0.004899350552216512,-0.00017699416945477712,0.00048346787117586963
9.984,ARM_NEUTRALIZE,0.03631683404667993,-0.10317502092002026,-0.016966674556114836,0.04820180635845806,0.025705327881804435,-0.07302805466336103,0.020617522872004107,-0.05857375538032309,-0.0016636599269174244,0.00472640725077732,-0.00016416994755835245,0.0004664018276483033
9.984,ARM_NEUTRALIZE,0.03631683404667993,-0.10317502092002026,-0.016966674556114836,0.04820180635845806,0.025705327881804435,-0.07302805466336103,0.020617522872004107,-0.05857375538032309,-0.0016636599269174244,0.00472640725077732,-0.00016416994755835245,0.0004664018276483033
10.007,ARM_NEUTRALIZE,0.03398150776174949,-0.09988617686240918,-0.01587564550309148,0.0466653082507327,0.024052366398764013,-0.07070018613979004,0.01929172880550431,-0.05670663729692699,-0.0015566795455460233,0.0045757465941381635,-0.0001536131244268019,0.00045153463532169214
10.01,ARM_NEUTRALIZE,0.033682499378102915,-0.09945257352919254,-0.015735953317138257,0.04646273534386321,0.0238407260192319,-0.07039327844412885,0.01912197799019838,-0.0564604752380735,-0.0015429820887400206,0.004555883395470485,-0.00015226145950469807,0.00044957453504467453
10.03,ARM_NEUTRALIZE,0.031722537891228614,-0.09653629866975738,-0.014820289009848359,0.04510029591996911,0.022453450559288046,-0.06832911719706394,0.018009283234594484,-0.054804869368405146,-0.0014531970215774185,0.004422289987705841,-0.00014340146983426148,0.0004363915386930699
10.065,ARM_NEUTRALIZE,0.0284344508195134,-0.09133489335252042,-0.013284144554462904,0.04267027817286672,0.020126117836019225,-0.06464752345037664,0.016142594901600124,-0.0518519662338187,-0.001302571042165317,0.004184015649727488,-0.00012853769945612385,0.0004128786290307643
10.075,ARM_NEUTRALIZE,0.02752862764292119,-0.0898283426714717,-0.012860957692335237,0.04196644052350577,0.019484969388791906,-0.06358117556396296,0.015628347706005477,-0.05099667848807438,-0.001261075637642101,0.004115001153785763,-0.00012444293328770883,0.000406068279153243
10.084,ARM_NEUTRALIZE,0.026726300652921864,-0.08846547795356675,-0.012486122680301734,0.04132973077884623,0.018917076319703213,-0.06261652968136043,0.015172856595577863,-0.05022296306847763,-0.0012243213528431978,0.004052568855472706,-0.00012081602077370669,0.0003999074604822102
10.125,ARM_NEUTRALIZE,0.023227604446799555,-0.08218428223006607,-0.010851584828690253,0.038395251316046285,0.01644067286940243,-0.05817065217577062,0.013186602811473186,-0.04665704935677157,-0.001064047451569147,0.0037648297423968934,-0.00010500019354759381,0.0003715133672304301
10.138,ARM_NEUTRALIZE,0.02217228025675988,-0.08017186359906998,-0.010358553358474978,0.03745507982590797,0.015693706482087344,-0.056746247155258216,0.012587482012629436,-0.04551457402152405,-0.0010157034642430795,0.003672641634031861,-0.00010022960928594859,0.0003624162454744029
10.145,ARM_NEUTRALIZE,0.021614880307178008,-0.07908489914701522,-0.010098144548334909,0.036947266504725455,0.01529917461163613,-0.05597688555286689,0.012271039059629008,-0.04489749064849409,-0.0009901691911235327,0.0036228482187098394,-9.770988742984561e-05,0.00035750263167034016
10.163,ARM_NEUTRALIZE,0.02021657163414739,-0.07628070374179412,-0.009444875924924379,0.03563718890349555,0.014309441231407483,-0.05399205498522418,0.011477201661488107,-0.04330551369283762,-0.0009261132191246517,0.0034943891267935163,-9.13888446531883e-05,0.0003448262895633495
10.165,ARM_NEUTRALIZE,0.02006432249083906,-0.07596841844283056,-0.009373747432208313,0.035491293943891875,0.014201678144365432,-0.05377101710531957,0.011390767910397143,-0.04312822540593199,-0.0009191387455704872,0.0034800834597030613,-9.070060366167987e-05,0.00034341460645550496
10.173,ARM_NEUTRALIZE,0.019461575268123477,-0.07471808084126977,-0.00909215306320929,0.03490715516286026,0.013775049133427003,-0.052886018760756895,0.011048580740821684,-0.04241839304376156,-0.000891527131650513,0.003422805984464966,-8.79758898329093e-05,0.00033776246568203804
10.185,ARM_NEUTRALIZE,0.018576226451056166,-0.07283950936679208,-0.008678531511602819,0.03402951503605582,0.013148392591636165,-0.05155635176283562,0.01054595709631223,-0.041351904420552976,-0.0008509696495086119,0.0033367493618551426,-8.397367783717288e-05,0.00032927039888862726
10.22,ARM_NEUTRALIZE,0.016122906762420675,-0.06734847128859486,-0.007532377728327405,0.031464185251850046,0.011411914491309405,-0.0476697537727656,0.009153176692388104,-0.03823457312942887,-0.0007385840365817173,0.003085207060669626,-7.28834665013093e-05,0.0003044482067289292
10.247,ARM_NEUTRALIZE,0.014361691531191934,-0.06311326440372465,-0.006709564660064851,0.02948556077150444,0.010165313123718489,-0.04467204253276788,0.00815331268260941,-0.035830192981527086,-0.0006579034574567388,0.0028911938940068375,-6.492190763364631e-05,0.0002853029890787833
10.253,ARM_NEUTRALIZE,0.01398583126918057,-0.06217362011091828,-0.006533968441079313,0.029046573196374284,0.009899276407513452,-0.04400695524548376,0.007939932090602536,-0.03529674511342322,-0.000640685446238437,0.0028481491574119766,-6.322283443182587e-05,0.00028105533483460427
10.264,ARM_NEUTRALIZE,0.013311386467619646,-0.06045325852181529,-0.006218878049680118,0.02824284633065595,0.009421899311811255,-0.04278927039260498,0.007557041304907558,-0.03432007422945086,-0.0006097893943460154,0.0027693400676130193,-6.017401229163198e-05,0.0002732784545178504
10.264,ARM_NEUTRALIZE,0.013311386467619646,-0.06045325852181529,-0.006218878049680118,0.02824284633065595,0.009421899311811255,-0.04278927039260498,0.007557041304907558,-0.03432007422945086,-0.0006097893943460154,0.0027693400676130193,-6.017401229163198e-05,0.0002732784545178504
10.295,ARM_NEUTRALIZE,0.011512229180980799,-0.055628025435758864,-0.0053783390280675025,0.025988570549807664,0.008148442272451928,-0.039373934176243616,0.006535637113674109,-0.031580728795687366,-0.0005273707045407514,0.0025482980320382788,-5.204093667669622e-05,0.00025146602831141104
10.333,ARM_NEUTRALIZE,0.009509709600744432,-0.04978339116129085,-0.004442792224443409,0.023258045980762018,0.0067310438744102585,-0.03523705814290538,0.005398781593887014,-0.028262656502341096,-0.00043563606780935155,0.0022805576277557245,-4.298856349765163e-05,0.00022504540747469794
10.353,ARM_NEUTRALIZE,0.008544429714236773,-0.046750302794884714,-0.003991828088393226,0.021841033056491006,0.006047811521378149,-0.03309021541832366,0.004850780077224615,-0.026540734137445277,-0.0003914169747194062,0.002141613039042308,-3.8625023764441184e-05,0.0002113343566321957
10.354,ARM_NEUTRALIZE,0.008497754783231365,-0.04659957474483681,-0.003970022267894668,0.02177061519549702,0.006014774654678451,-0.03298352897251491,0.004824282132598834,-0.02645516393010504,-0.00038927881443248484,0.002134708246173943,-3.841403012535909e-05,0.00021065299173017444
10.356,ARM_NEUTRALIZE,0.008404856871348704,-0.04629839998060452,-0.003926621771149011,0.0216299109093614,0.005949020814974004,-0.03277035521253448,0.004771542821112029,-0.026284183233328214,-0.0003850231975167911,0.0021209115483228026,-3.799408588400668e-05,0.00020929153370257322
10.371,ARM_NEUTRALIZE,0.007727256343304401,-0.04405210539223724,-0.0036100570721556424,0.020580476115871365,0.005469410072367009,-0.031180411032959644,0.004386860489852679,-0.025008933579313965,-0.0003539825830316083,0.0020180096740593507,-3.493099830837831e-05,0.00019913717761804056
10.371,ARM_NEUTRALIZE,0.007727256343304401,-0.04405210539223724,-0.0036100570721556424,0.020580476115871365,0.005469410072367009,-0.031180411032959644,0.004386860489852679,-0.025008933579313965,-0.0003539825830316083,0.0020180096740593507,-3.493099830837831e-05,0.00019913717761804056
10.397,ARM_NEUTRALIZE,0.006631933985151606,-0.040216497558950993,-0.003098339063891814,0.01878853825728477,0.0046941326812706685,-0.028465539002707492,0.0037650322285453786,-0.02283141083244758,-0.00030380629530858336,0.0018423019832565985,-2.997960265901326e-05,0.00018179834417139066
10.436,ARM_NEUTRALIZE,0.005173191371061259,-0.0346264265572122,-0.0024168366189761953,0.01617694179185037,0.0036616237036941612,-0.024508844765606195,0.0029368857229409295,-0.019657857306654685,-0.00023698186816745355,0.0015862230226769886,-2.33853687522656e-05,0.00015652847450094167
10.477,ARM_NEUTRALIZE,0.003869714541835101,-0.029005994519997948,-0.0018078719960002432,0.013551161110703869,0.0027390130147083025,-0.020530660759580533,0.0021968855537314036,-0.016467067439650762,-0.0001772701057472601,0.0013287532349675881,-1.7493012540197982e-05,0.000131121358021054
10.494,ARM_NEUTRALIZE,0.003395738208999577,-0.02676534519992537,-0.001586437435482549,0.012504363701018132,0.002403529006711036,-0.0189447123433013,0.0019278032358601982,-0.015195022675358869,-0.0001555574357983286,0.0012261099682310621,-1.535040645274312e-05,0.00012099252132509754
10.518,ARM_NEUTRALIZE,0.0027903665786784826,-0.023702697244655943,-0.00130361698301798,0.01107354098474787,0.001975042420359785,-0.016776947119726264,0.0015841261571213072,-0.013456318960560893,-0.00012782559879504288,0.001085811266342891,-1.2613829011125016e-05,0.00010714784660592986
10.518,ARM_NEUTRALIZE,0.0027903665786784826,-0.023702697244655943,-0.00130361698301798,0.01107354098474787,0.001975042420359785,-0.016776947119726264,0.0015841261571213072,-0.013456318960560893,-0.00012782559879504288,0.001085811266342891,-1.2613829011125016e-05,0.00010714784660592986
10.542,ARM_NEUTRALIZE,0.0022569825904877328,-0.02076832615377402,-0.0010544280661249766,0.0097026472757348,0.0015975092277438208,-0.014699977224138582,0.0012813173670723765,-0.011790439632989484,-0.00010339148744955076,0.0009513888773116666,-1.0202671109607944e-05,9.388304638993002e-05
10.579,ARM_NEUTRALIZE,0.0015681830296536692,-0.01652325496937274,-0.0007326313487116404,0.007719414344122415,0.0011099717256222164,-0.011695283958850757,0.0008902772042247709,-0.009380459398336285,-7.183784966369525e-05,0.0007569238309554042,-7.088958398995728e-06,7.469323725544288e-05
10.609,ARM_NEUTRALIZE,0.0011206396799736118,-0.0133563391249965,-0.0005235458773840684,0.006239879250037102,0.000793197181617078,-0.009453717140302183,0.0006362012229214065,-0.007582561493160585,-5.1336064308064866e-05,0.0006118486579533602,-5.065842392996131e-06,6.037722040703885e-05
10.609,ARM_NEUTRALIZE,0.0011206396799736118,-0.0133563391249965,-0.0005235458773840684,0.006239879250037102,0.000793197181617078,-0.009453717140302183,0.0006362012229214065,-0.007582561493160585,-5.1336064308064866e-05,0.0006118486579533602,-5.065842392996131e-06,6.037722040703885e-05
10.62,ARM_NEUTRALIZE,0.0009797723534158143,-0.012262108696018004,-0.00045773479698471564,0.005728671374537468,0.0006934902299498003,-0.008679212624875924,0.0005562290721692065,-0.0069613531337614975,-4.4882987316139863e-05,0.0005617223910776382,-4.4290528098526495e-06,5.543076081446388e-05
10.624,ARM_NEUTRALIZE,0.0009315027602712911,-0.011873526972992134,-0.00043518397449873736,0.005547131881734763,0.0006593246494119576,-0.008404171563025168,0.0005288258178161309,-0.0067407504085396095,-4.26717761819323e-05,0.0005439216147186712,-4.210850513776529e-06,5.367418035347727e-05
10.652,ARM_NEUTRALIZE,0.000635696083294085,-0.009298579185506629,-0.0002969875773858599,0.00434415529371226,0.0004499504619056294,-0.0065816041808914585,0.00036089265160374473,-0.005278920205101153,-2.912098830298339e-05,0.0004259642662769519,-2.873658880157273e-06,4.203415020399796e-05
10.688,ARM_NEUTRALIZE,0.0003547789047024241,-0.006385644879082021,-0.00016574732829749417,0.0029832765255651613,0.0002511151731783845,-0.00451980740233536,0.00020141244065505215,-0.003625210809338304,-1.6252282506521235e-05,0.00029252388793580484,-1.6037751006858694e-06,2.8866254794613503e-05
10.699,ARM_NEUTRALIZE,0.00028894983170404953,-0.005590990373055258,-0.00013499298290332862,0.0026120259817821786,0.0002045208609262883,-0.003957344975023674,0.00016404044902049164,-0.003174075464437674,-1.3236678485730943e-05,0.00025612107661910786,-1.3061953213452156e-06,2.5274025680871453e-05
10.714,ARM_NEUTRALIZE,0.00021275415464683256,-0.0045832526203598975,-9.939551717845496e-05,0.0021412261740149097,0.000150588988466982,-0.0032440606254404768,0.00012078320604452797,-0.002601970083817965,-9.746184398017402e-06,0.0002099570053279221,-9.617533942053724e-07,2.071855551516482e-05
10.717,ARM_NEUTRALIZE,0.00019929148265518393,-0.0043924681311395646,-9.310596082438838e-05,0.002052094551616456,0.0001410600081251101,-0.003109021931157059,0.00011314027804729121,-0.0024936593328018417,-9.12946467313859e-06,0.00020121724268822437,-9.008954969553108e-07,1.985611581158299e-05
10.732,ARM_NEUTRALIZE,0.00014026039513173605,-0.0034938312015695013,-6.552753123395538e-05,0.0016322649952040238,9.927736104581308e-05,-0.0024729599635415684,7.962758815782678e-05,-0.0019834918599096907,-6.425273701291673e-06,0.00016005103732318084,-6.340459546582723e-07,1.579383501332042e-05
10.752,ARM_NEUTRALIZE,8.117498988999272e-05,-0.0024434132183273685,-3.792372522860854e-05,0.0011415256304606089,5.745626747757915e-05,-0.0017294662262439687,4.608406141737298e-05,-0.0013871563762928594,-3.718594456067481e-06,0.00011193180140665925,-3.6695086956528566e-07,1.1045429218873802e-05
10.753,ARM_NEUTRALIZE,7.875559399514453e-05,-0.0023954521030977345,-3.6793420127745335e-05,0.001119118924182094,5.574380089326536e-05,-0.00169551898869099,4.471053997731622e-05,-0.001359928248726927,-3.6077628788322436e-06,0.00010973472152477166,-3.560140104583425e-07,1.0828621394657391e-05
10.776,ARM_NEUTRALIZE,3.537995362237756e-05,-0.0014163221084496675,-1.6528978218466328e-05,0.0006616842274799753,2.5042196881402967e-05,-0.001002483425101192,2.008564408675917e-05,-0.0008040638516989792,-1.6207418020545983e-06,6.488116041189765e-05,-1.599347873588574e-07,6.402472362294857e-06
10.776,ARM_NEUTRALIZE,3.537995362237756e-05,-0.0014163221084496675,-1.6528978218466328e-05,0.0006616842274799753,2.5042196881402967e-05,-0.001002483425101192,2.008564408675917e-05,-0.0008040638516989792,-1.6207418020545983e-06,6.488116041189765e-05,-1.599347873588574e-07,6.402472362294857e-06
10.808,ARM_NEUTRALIZE,6.574366857331482e-06,-0.000466277942586692,-3.0714445740931406e-06,0.00021783798924748053,4.653386235869972e-06,-0.00033003502956337243,3.7323506469622014e-06,-0.0002647118450257918,-3.011691677573536e-07,2.136000971037011e-05,-2.971937093448028e-08,2.1078055780876023e-06
10.825,ARM_NEUTRALIZE,1.3984490902230196e-06,-0.00016711056550377604,-6.53334224193225e-07,7.807152397002734e-05,9.898327685831099e-07,-0.00011828211328297285,7.939171147441915e-07,-9.487076714889524e-05,-6.406240445587519e-08,7.65526947739426e-06,-6.3216775314945545e-09,7.554219274713896e-07
10.833,ARM_NEUTRALIZE,4.4148822764267237e-07,-7.768806435547523e-05,-2.062566100691221e-07,3.629468645641356e-05,3.1248868315181255e-07,-5.4988195397026334e-05,2.506384124689731e-07,-4.410448999138918e-05,-2.0224402590141022e-08,3.558859764644098e-06,-1.9957438770167035e-09,3.5118825156275563e-07
10.844,ARM_NEUTRALIZE,1.951736380845226e-08,-9.748909620265602e-06,-9.118216626191611e-09,4.554542848955879e-06,1.3814536681255873e-08,-6.90035144464677e-06,1.1080252604322993e-08,-5.5345784496130126e-06,-8.940827817688346e-10,4.4659372690716063e-07,-8.822808152467165e-11,4.406986520501605e-08
10.855,ARM_NEUTRALIZE,0.0,-0.0,0.0,0.0,0.0,-0.0,0.0,-0.0,0.0,0.0,0.0,0.0
10.888,ARM_NEUTRALIZE,0.0,-0.0,0.0,0.0,0.0,-0.0,0.0,-0.0,0.0,0.0,0.0,0.0
10.891,ARM_NEUTRALIZE,0.0,-0.0,0.0,0.0,0.0,-0.0,0.0,-0.0,0.0,0.0,0.0,0.0
10.906,ARM_NEUTRALIZE,0.0,-0.0,0.0,0.0,0.0,-0.0,0.0,-0.0,0.0,0.0,0.0,0.0
10.906,ARM_NEUTRALIZE,0.0,-0.0,0.0,0.0,0.0,-0.0,0.0,-0.0,0.0,0.0,0.0,0.0
10.932,ARM_NEUTRALIZE,0.0,-0.0,0.0,0.0,0.0,-0.0,0.0,-0.0,0.0,0.0,0.0,0.0
10.943,ARM_NEUTRALIZE,0.0,-0.0,0.0,0.0,0.0,-0.0,0.0,-0.0,0.0,0.0,0.0,0.0
10.953,ARM_NEUTRALIZE,0.0,-0.0,0.0,0.0,0.0,-0.0,0.0,-0.0,0.0,0.0,0.0,0.0
10.969,ARM_NEUTRALIZE,0.0,-0.0,0.0,0.0,0.0,-0.0,0.0,-0.0,0.0,0.0,0.0,0.0
10.972,ARM_NEUTRALIZE,0.0,-0.0,0.0,0.0,0.0,-0.0,0.0,-0.0,0.0,0.0,0.0,0.0
10.986,ARM_NEUTRALIZE,0.0,-0.0,0.0,0.0,0.0,-0.0,0.0,-0.0,0.0,0.0,0.0,0.0
10.994,ARM_NEUTRALIZE,0.0,-0.0,0.0,0.0,0.0,-0.0,0.0,-0.0,0.0,0.0,0.0,0.0
10.995,ARM_NEUTRALIZE,0.0,-0.0,0.0,0.0,0.0,-0.0,0.0,-0.0,0.0,0.0,0.0,0.0
11.012,ARM_NEUTRALIZE,0.0,-0.0,0.0,0.0,0.0,-0.0,0.0,-0.0,0.0,0.0,0.0,0.0
11.044,ARM_NEUTRALIZE,0.0,-0.0,0.0,0.0,0.0,-0.0,0.0,-0.0,0.0,0.0,0.0,0.0
11.054,ARM_NEUTRALIZE,0.0,-0.0,0.0,0.0,0.0,-0.0,0.0,-0.0,0.0,0.0,0.0,0.0
11.069,ARM_NEUTRALIZE,0.0,-0.0,0.0,0.0,0.0,-0.0,0.0,-0.0,0.0,0.0,0.0,0.0
11.069,ARM_NEUTRALIZE,0.0,-0.0,0.0,0.0,0.0,-0.0,0.0,-0.0,0.0,0.0,0.0,0.0
11.1,ARM_NEUTRALIZE,0.0,-0.0,0.0,0.0,0.0,-0.0,0.0,-0.0,0.0,0.0,0.0,0.0
11.102,ARM_NEUTRALIZE,0.0,-0.0,0.0,0.0,0.0,-0.0,0.0,-0.0,0.0,0.0,0.0,0.0
11.12,ARM_NEUTRALIZE,0.0,-0.0,0.0,0.0,0.0,-0.0,0.0,-0.0,0.0,0.0,0.0,0.0
11.151,ARM_NEUTRALIZE,0.0,-0.0,0.0,0.0,0.0,-0.0,0.0,-0.0,0.0,0.0,0.0,0.0
11.182,ARM_NEUTRALIZE,0.0,-0.0,0.0,0.0,0.0,-0.0,0.0,-0.0,0.0,0.0,0.0,0.0
11.22,ARM_NEUTRALIZE,0.0,-0.0,0.0,0.0,0.0,-0.0,0.0,-0.0,0.0,0.0,0.0,0.0
11.255,ARM_NEUTRALIZE,0.0,-0.0,0.0,0.0,0.0,-0.0,0.0,-0.0,0.0,0.0,0.0,0.0
11.29,ARM_NEUTRALIZE,0.0,-0.0,0.0,0.0,0.0,-0.0,0.0,-0.0,0.0,0.0,0.0,0.0
11.333,ARM_NEUTRALIZE,0.0,-0.0,0.0,0.0,0.0,-0.0,0.0,-0.0,0.0,0.0,0.0,0.0
11.366,ARM_NEUTRALIZE,0.0,-0.0,0.0,0.0,0.0,-0.0,0.0,-0.0,0.0,0.0,0.0,0.0
11.417,ARM_NEUTRALIZE,0.0,-0.0,0.0,0.0,0.0,-0.0,0.0,-0.0,0.0,0.0,0.0,0.0
11.457,ARM_NEUTRALIZE,0.0,-0.0,0.0,0.0,0.0,-0.0,0.0,-0.0,0.0,0.0,0.0,0.0
11.491,ARM_NEUTRALIZE,0.0,-0.0,0.0,0.0,0.0,-0.0,0.0,-0.0,0.0,0.0,0.0,0.0
11.491,ARM_NEUTRALIZE,0.0,-0.0,0.0,0.0,0.0,-0.0,0.0,-0.0,0.0,0.0,0.0,0.0
11.509,ARM_NEUTRALIZE,0.0,-0.0,0.0,0.0,0.0,-0.0,0.0,-0.0,0.0,0.0,0.0,0.0
11.527,ARM_NEUTRALIZE,0.0,-0.0,0.0,0.0,0.0,-0.0,0.0,-0.0,0.0,0.0,0.0,0.0
11.53,ARM_NEUTRALIZE,0.0,-0.0,0.0,0.0,0.0,-0.0,0.0,-0.0,0.0,0.0,0.0,0.0
11.568,ARM_NEUTRALIZE,0.0,-0.0,0.0,0.0,0.0,-0.0,0.0,-0.0,0.0,0.0,0.0,0.0
11.572,ARM_NEUTRALIZE,0.0,-0.0,0.0,0.0,0.0,-0.0,0.0,-0.0,0.0,0.0,0.0,0.0
11.579,ARM_NEUTRALIZE,0.0,-0.0,0.0,0.0,0.0,-0.0,0.0,-0.0,0.0,0.0,0.0,0.0
11.579,ARM_NEUTRALIZE,0.0,-0.0,0.0,0.0,0.0,-0.0,0.0,-0.0,0.0,0.0,0.0,0.0
11.603,ARM_NEUTRALIZE,0.0,-0.0,0.0,0.0,0.0,-0.0,0.0,-0.0,0.0,0.0,0.0,0.0
11.632,ARM_NEUTRALIZE,0.0,-0.0,0.0,0.0,0.0,-0.0,0.0,-0.0,0.0,0.0,0.0,0.0
11.663,ARM_NEUTRALIZE,0.0,-0.0,0.0,0.0,0.0,-0.0,0.0,-0.0,0.0,0.0,0.0,0.0
11.691,ARM_NEUTRALIZE,0.0,-0.0,0.0,0.0,0.0,-0.0,0.0,-0.0,0.0,0.0,0.0,0.0
11.725999999999999,ARM_NEUTRALIZE,0.0,-0.0,0.0,0.0,0.0,-0.0,0.0,-0.0,0.0,0.0,0.0,0.0
11.763,ARM_NEUTRALIZE,0.0,-0.0,0.0,0.0,0.0,-0.0,0.0,-0.0,0.0,0.0,0.0,0.0
11.796,ARM_NEUTRALIZE,0.0,-0.0,0.0,0.0,0.0,-0.0,0.0,-0.0,0.0,0.0,0.0,0.0
11.825,ARM_NEUTRALIZE,0.0,-0.0,0.0,0.0,0.0,-0.0,0.0,-0.0,0.0,0.0,0.0,0.0
11.86,ARM_AND_OFFBOARD,0.0,-0.0,0.0,0.0,0.0,-0.0,0.0,-0.0,0.0,0.0,0.0,0.0
11.905,ARM_AND_OFFBOARD,0.0,0.0,0.0,0.0,0.0,0.0,0.0,0.0,0.0,0.0,0.0,0.0
11.941,ARM_AND_OFFBOARD,0.0,0.0,0.0,0.0,0.0,0.0,0.0,0.0,0.0,0.0,0.0,0.0
11.964,ARM_AND_OFFBOARD,0.0,0.0,0.0,0.0,0.0,0.0,0.0,0.0,0.0,0.0,0.0,0.0
11.964,ARM_AND_OFFBOARD,0.0,0.0,0.0,0.0,0.0,0.0,0.0,0.0,0.0,0.0,0.0,0.0
11.981,ARM_AND_OFFBOARD,0.0,0.0,0.0,0.0,0.0,0.0,0.0,0.0,0.0,0.0,0.0,0.0
11.981,ARM_AND_OFFBOARD,0.0,0.0,0.0,0.0,0.0,0.0,0.0,0.0,0.0,0.0,0.0,0.0
12.007,ARM_AND_OFFBOARD,0.0,0.0,0.0,0.0,0.0,0.0,0.0,0.0,0.0,0.0,0.0,0.0
12.05,ARM_AND_OFFBOARD,0.0,0.0,0.0,0.0,0.0,0.0,0.0,0.0,0.0,0.0,0.0,0.0
12.069,ARM_AND_OFFBOARD,0.0,0.0,0.0,0.0,0.0,0.0,0.0,0.0,0.0,0.0,0.0,0.0
12.077,ARM_AND_OFFBOARD,0.0,0.0,0.0,0.0,0.0,0.0,0.0,0.0,0.0,0.0,0.0,0.0
12.089,ARM_AND_OFFBOARD,0.0,0.0,0.0,0.0,0.0,0.0,0.0,0.0,0.0,0.0,0.0,0.0
12.096,ARM_AND_OFFBOARD,0.0,0.0,0.0,0.0,0.0,0.0,0.0,0.0,0.0,0.0,0.0,0.0
12.106,ARM_AND_OFFBOARD,0.0,0.0,0.0,0.0,0.0,0.0,0.0,0.0,0.0,0.0,0.0,0.0
12.111,ARM_AND_OFFBOARD,0.0,0.0,0.0,0.0,0.0,0.0,0.0,0.0,0.0,0.0,0.0,0.0
12.148,ARM_AND_OFFBOARD,0.0,0.0,0.0,0.0,0.0,0.0,0.0,0.0,0.0,0.0,0.0,0.0
12.184,ARM_AND_OFFBOARD,0.0,0.0,0.0,0.0,0.0,0.0,0.0,0.0,0.0,0.0,0.0,0.0
12.184,ARM_AND_OFFBOARD,0.0,0.0,0.0,0.0,0.0,0.0,0.0,0.0,0.0,0.0,0.0,0.0
12.206,ARM_AND_OFFBOARD,0.0,0.0,0.0,0.0,0.0,0.0,0.0,0.0,0.0,0.0,0.0,0.0
12.263,ARM_AND_OFFBOARD,0.0,0.0,0.0,0.0,0.0,0.0,0.0,0.0,0.0,0.0,0.0,0.0
12.264,ARM_AND_OFFBOARD,0.0,0.0,0.0,0.0,0.0,0.0,0.0,0.0,0.0,0.0,0.0,0.0
12.28,ARM_AND_OFFBOARD,0.0,0.0,0.0,0.0,0.0,0.0,0.0,0.0,0.0,0.0,0.0,0.0
12.28,ARM_AND_OFFBOARD,0.0,0.0,0.0,0.0,0.0,0.0,0.0,0.0,0.0,0.0,0.0,0.0
12.304,ARM_AND_OFFBOARD,0.0,0.0,0.0,0.0,0.0,0.0,0.0,0.0,0.0,0.0,0.0,0.0
12.343,ARM_AND_OFFBOARD,0.0,0.0,0.0,0.0,0.0,0.0,0.0,0.0,0.0,0.0,0.0,0.0
12.343,ARM_AND_OFFBOARD,0.0,0.0,0.0,0.0,0.0,0.0,0.0,0.0,0.0,0.0,0.0,0.0
12.35,ARM_AND_OFFBOARD,0.0,0.0,0.0,0.0,0.0,0.0,0.0,0.0,0.0,0.0,0.0,0.0
12.367,ARM_AND_OFFBOARD,0.0,0.0,0.0,0.0,0.0,0.0,0.0,0.0,0.0,0.0,0.0,0.0
12.402,ARM_AND_OFFBOARD,0.0,0.0,0.0,0.0,0.0,0.0,0.0,0.0,0.0,0.0,0.0,0.0
12.402,ARM_AND_OFFBOARD,0.0,0.0,0.0,0.0,0.0,0.0,0.0,0.0,0.0,0.0,0.0,0.0
12.418,ARM_AND_OFFBOARD,0.0,0.0,0.0,0.0,0.0,0.0,0.0,0.0,0.0,0.0,0.0,0.0
12.467,ARM_AND_OFFBOARD,0.0,0.0,0.0,0.0,0.0,0.0,0.0,0.0,0.0,0.0,0.0,0.0
12.492,ARM_AND_OFFBOARD,0.0,0.0,0.0,0.0,0.0,0.0,0.0,0.0,0.0,0.0,0.0,0.0
12.492,ARM_AND_OFFBOARD,0.0,0.0,0.0,0.0,0.0,0.0,0.0,0.0,0.0,0.0,0.0,0.0
12.529,ARM_AND_OFFBOARD,0.0,0.0,0.0,0.0,0.0,0.0,0.0,0.0,0.0,0.0,0.0,0.0
12.557,ARM_AND_OFFBOARD,0.0,0.0,0.0,0.0,0.0,0.0,0.0,0.0,0.0,0.0,0.0,0.0
12.557,ARM_AND_OFFBOARD,0.0,0.0,0.0,0.0,0.0,0.0,0.0,0.0,0.0,0.0,0.0,0.0
12.584,ARM_AND_OFFBOARD,0.0,0.0,0.0,0.0,0.0,0.0,0.0,0.0,0.0,0.0,0.0,0.0
12.61,ARM_AND_OFFBOARD,0.0,0.0,0.0,0.0,0.0,0.0,0.0,0.0,0.0,0.0,0.0,0.0
12.636,ARM_AND_OFFBOARD,0.0,0.0,0.0,0.0,0.0,0.0,0.0,0.0,0.0,0.0,0.0,0.0
12.67,ARM_AND_OFFBOARD,0.0,0.0,0.0,0.0,0.0,0.0,0.0,0.0,0.0,0.0,0.0,0.0
12.708,ARM_AND_OFFBOARD,0.0,0.0,0.0,0.0,0.0,0.0,0.0,0.0,0.0,0.0,0.0,0.0
12.748,ARM_AND_OFFBOARD,0.0,0.0,0.0,0.0,0.0,0.0,0.0,0.0,0.0,0.0,0.0,0.0
12.797,ARM_AND_OFFBOARD,0.0,0.0,0.0,0.0,0.0,0.0,0.0,0.0,0.0,0.0,0.0,0.0
12.797,ARM_AND_OFFBOARD,0.0,0.0,0.0,0.0,0.0,0.0,0.0,0.0,0.0,0.0,0.0,0.0
12.82,ARM_AND_OFFBOARD,0.0,0.0,0.0,0.0,0.0,0.0,0.0,0.0,0.0,0.0,0.0,0.0
12.853,ARM_AND_OFFBOARD,0.0,0.0,0.0,0.0,0.0,0.0,0.0,0.0,0.0,0.0,0.0,0.0
12.858,ARM_AND_OFFBOARD,0.0,0.0,0.0,0.0,0.0,0.0,0.0,0.0,0.0,0.0,0.0,0.0
12.86,ARM_AND_OFFBOARD,0.0,0.0,0.0,0.0,0.0,0.0,0.0,0.0,0.0,0.0,0.0,0.0
12.862,ARM_AND_OFFBOARD,0.0,0.0,0.0,0.0,0.0,0.0,0.0,0.0,0.0,0.0,0.0,0.0
12.889,ARM_AND_OFFBOARD,0.0,0.0,0.0,0.0,0.0,0.0,0.0,0.0,0.0,0.0,0.0,0.0
12.901,ARM_AND_OFFBOARD,0.0,0.0,0.0,0.0,0.0,0.0,0.0,0.0,0.0,0.0,0.0,0.0
12.904,ARM_AND_OFFBOARD,0.0,0.0,0.0,0.0,0.0,0.0,0.0,0.0,0.0,0.0,0.0,0.0
12.928,ARM_AND_OFFBOARD,0.0,0.0,0.0,0.0,0.0,0.0,0.0,0.0,0.0,0.0,0.0,0.0
12.929,ARM_AND_OFFBOARD,0.0,0.0,0.0,0.0,0.0,0.0,0.0,0.0,0.0,0.0,0.0,0.0
12.971,ARM_AND_OFFBOARD,0.0,0.0,0.0,0.0,0.0,0.0,0.0,0.0,0.0,0.0,0.0,0.0
12.971,ARM_AND_OFFBOARD,0.0,0.0,0.0,0.0,0.0,0.0,0.0,0.0,0.0,0.0,0.0,0.0
12.999,ARM_AND_OFFBOARD,0.0,0.0,0.0,0.0,0.0,0.0,0.0,0.0,0.0,0.0,0.0,0.0
12.999,ARM_AND_OFFBOARD,0.0,0.0,0.0,0.0,0.0,0.0,0.0,0.0,0.0,0.0,0.0,0.0
13.024,ARM_AND_OFFBOARD,0.0,0.0,0.0,0.0,0.0,0.0,0.0,0.0,0.0,0.0,0.0,0.0
13.062,ARM_AND_OFFBOARD,0.0,0.0,0.0,0.0,0.0,0.0,0.0,0.0,0.0,0.0,0.0,0.0
13.07,ARM_AND_OFFBOARD,0.0,0.0,0.0,0.0,0.0,0.0,0.0,0.0,0.0,0.0,0.0,0.0
13.087,ARM_AND_OFFBOARD,0.0,0.0,0.0,0.0,0.0,0.0,0.0,0.0,0.0,0.0,0.0,0.0
13.131,ARM_AND_OFFBOARD,0.0,0.0,0.0,0.0,0.0,0.0,0.0,0.0,0.0,0.0,0.0,0.0
13.162,ARM_AND_OFFBOARD,0.0,0.0,0.0,0.0,0.0,0.0,0.0,0.0,0.0,0.0,0.0,0.0
13.195,ARM_AND_OFFBOARD,0.0,0.0,0.0,0.0,0.0,0.0,0.0,0.0,0.0,0.0,0.0,0.0
13.198,ARM_AND_OFFBOARD,0.0,0.0,0.0,0.0,0.0,0.0,0.0,0.0,0.0,0.0,0.0,0.0
13.219,ARM_AND_OFFBOARD,0.0,0.0,0.0,0.0,0.0,0.0,0.0,0.0,0.0,0.0,0.0,0.0
13.246,ARM_AND_OFFBOARD,0.0,0.0,0.0,0.0,0.0,0.0,0.0,0.0,0.0,0.0,0.0,0.0
13.273,TAKEOFF_TRANSITION,0.0,0.0,0.0,0.0,0.0,0.0,0.0,0.0,0.0,0.0,0.0,0.0
13.273,TAKEOFF_TRANSITION,0.0,0.0,0.0,0.0,0.0,0.0,0.0,0.0,0.0,0.0,0.0,0.0
13.3,TAKEOFF_TRANSITION,0.0,0.0,0.0,0.0,0.0,0.0,0.0,0.0,0.0,0.0,0.0,0.0
13.321,TAKEOFF_TRANSITION,0.0,0.0,0.0,0.0,0.0,0.0,0.0,0.0,0.0,0.0,0.0,0.0
13.353,TAKEOFF_TRANSITION,0.0,0.0,0.0,0.0,0.0,0.0,0.0,0.0,0.0,0.0,0.0,0.0
13.385,TAKEOFF_TRANSITION,0.0,0.0,0.0,0.0,0.0,0.0,0.0,0.0,0.0,0.0,0.0,0.0
13.419,TAKEOFF_TRANSITION,0.0,0.0,0.0,0.0,0.0,0.0,0.0,0.0,0.0,0.0,0.0,0.0
13.426,TAKEOFF_TRANSITION,0.0,0.0,0.0,0.0,0.0,0.0,0.0,0.0,0.0,0.0,0.0,0.0
13.435,TAKEOFF_TRANSITION,0.0,0.0,0.0,0.0,0.0,0.0,0.0,0.0,0.0,0.0,0.0,0.0
13.439,TAKEOFF_TRANSITION,0.0,0.0,0.0,0.0,0.0,0.0,0.0,0.0,0.0,0.0,0.0,0.0
13.46,TAKEOFF_TRANSITION,0.0,0.0,0.0,0.0,0.0,0.0,0.0,0.0,0.0,0.0,0.0,0.0
13.465,TAKEOFF_TRANSITION,0.0,0.0,0.0,0.0,0.0,0.0,0.0,0.0,0.0,0.0,0.0,0.0
13.48,TAKEOFF_TRANSITION,0.0,0.0,0.0,0.0,0.0,0.0,0.0,0.0,0.0,0.0,0.0,0.0
13.486,TAKEOFF_TRANSITION,0.0,0.0,0.0,0.0,0.0,0.0,0.0,0.0,0.0,0.0,0.0,0.0
13.507,TAKEOFF_TRANSITION,0.0,0.0,0.0,0.0,0.0,0.0,0.0,0.0,0.0,0.0,0.0,0.0
13.507,TAKEOFF_TRANSITION,0.0,0.0,0.0,0.0,0.0,0.0,0.0,0.0,0.0,0.0,0.0,0.0
13.539,TAKEOFF_TRANSITION,0.0,0.0,0.0,0.0,0.0,0.0,0.0,0.0,0.0,0.0,0.0,0.0
13.579,TAKEOFF_TRANSITION,0.0,0.0,0.0,0.0,0.0,0.0,0.0,0.0,0.0,0.0,0.0,0.0
13.582,TAKEOFF_TRANSITION,0.0,0.0,0.0,0.0,0.0,0.0,0.0,0.0,0.0,0.0,0.0,0.0
13.602,TAKEOFF_TRANSITION,0.0,0.0,0.0,0.0,0.0,0.0,0.0,0.0,0.0,0.0,0.0,0.0
13.602,TAKEOFF_TRANSITION,0.0,0.0,0.0,0.0,0.0,0.0,0.0,0.0,0.0,0.0,0.0,0.0
13.632,TAKEOFF_TRANSITION,0.0,0.0,0.0,0.0,0.0,0.0,0.0,0.0,0.0,0.0,0.0,0.0
13.667,TAKEOFF_TRANSITION,0.0,0.0,0.0,0.0,0.0,0.0,0.0,0.0,0.0,0.0,0.0,0.0
13.698,TAKEOFF_TRANSITION,0.0,0.0,0.0,0.0,0.0,0.0,0.0,0.0,0.0,0.0,0.0,0.0
13.734,TAKEOFF_TRANSITION,0.0,0.0,0.0,0.0,0.0,0.0,0.0,0.0,0.0,0.0,0.0,0.0
13.772,TAKEOFF_TRANSITION,0.0,0.0,0.0,0.0,0.0,0.0,0.0,0.0,0.0,0.0,0.0,0.0
13.814,TAKEOFF_TRANSITION,0.0,0.0,0.0,0.0,0.0,0.0,0.0,0.0,0.0,0.0,0.0,0.0
13.82,TAKEOFF_TRANSITION,0.0,0.0,0.0,0.0,0.0,0.0,0.0,0.0,0.0,0.0,0.0,0.0
13.842,TAKEOFF_TRANSITION,0.0,0.0,0.0,0.0,0.0,0.0,0.0,0.0,0.0,0.0,0.0,0.0
13.877,TAKEOFF_TRANSITION,0.0,0.0,0.0,0.0,0.0,0.0,0.0,0.0,0.0,0.0,0.0,0.0
13.908,TAKEOFF_TRANSITION,0.0,0.0,0.0,0.0,0.0,0.0,0.0,0.0,0.0,0.0,0.0,0.0
13.924,TAKEOFF_TRANSITION,0.0,0.0,0.0,0.0,0.0,0.0,0.0,0.0,0.0,0.0,0.0,0.0
13.93,TAKEOFF_TRANSITION,0.0,0.0,0.0,0.0,0.0,0.0,0.0,0.0,0.0,0.0,0.0,0.0
13.962,ABORT,0.0,0.0,0.0,0.0,0.0,0.0,0.0,0.0,0.0,0.0,0.0,0.0
13.987,ABORT,-0.008265887470247138,2.391476515342538e-06,0.025157308705790683,-7.278481974945397e-06,0.03163247338956021,-9.151868750406453e-06,0.025221106241331493,-7.296939800379357e-06,0.009922751133639366,-2.870838296444604e-06,-0.00010596831985566118,3.065862549149162e-08
13.995,ABORT,-0.008265861620086985,4.150153095669727e-06,0.025157230030577474,-1.2631031208671242e-05,0.03163237446436844,-1.588209467330778e-05,0.02522102736660232,-1.2663062801234513e-05,0.009922720101919313,-4.982034473982799e-06,-0.00010596798845772607,5.3204783185699856e-08
14.004,ABORT,-0.008265813274514944,6.692093460392373e-06,0.025157082890359953,-2.0367451368904296e-05,0.031632189452169016,-2.5609768953215923e-05,0.025220879853245393,-2.04191020926673e-05,0.009922662065673174,-8.033496488979377e-06,-0.00010596736866958355,8.579234871844135e-08
14.024,ABORT,-0.00826560676216447,1.4435992230996839e-05,0.025156454368017844,-4.3936082403348414e-05,0.031631399156335144,-5.524465966208616e-05,0.025220249737005585,-4.404750186444548e-05,0.009922414158758504,-1.7329628402387404e-05,-0.00010596472119018246,1.8506879602153298e-07
14.032,ABORT,-0.008265476008362853,1.83270691224819e-05,0.025156056417554133,-5.577861267120015e-05,0.03163089877858803,-7.013530348825404e-05,0.025219850777361635,-5.5920064130333734e-05,0.009922257195886955,-2.2000655896414847e-05,-0.00010596304493210104,2.3495223347504733e-07
14.073,ABORT,-0.008264213809485197,4.512671092002892e-05,0.02515221490302498,-0.00013734358247417567,0.031626068508087316,-0.00017269403769097185,0.025215999520965315,-0.00013769187815980207,0.009920741994356662,-5.4172177343438345e-05,-0.00010594686359708161,5.785224821920554e-07
14.093,ABORT,-0.008263144711215859,6.220880915024015e-05,0.025148961092070578,-0.00018933311415687782,0.031621977208432274,-0.00023806499993186655,0.02521273745852732,-0.00018981325240301287,0.009919458599669494,-7.46783129748371e-05,-0.00010593315780350892,7.97514242675183e-07
14.099,ABORT,-0.008262754716281503,6.782696549980082e-05,0.025147774138704396,-0.00020643202751034867,0.03162048474867796,-0.0002595649516146776,0.025211547495113423,-0.00020695552764964702,0.009918990431830177,-8.142260600897633e-05,-0.00010592815808531839,8.695387640822666e-07
14.103,ABORT,-0.008262475701812804,7.169677474479474e-05,0.0251469249554621,-0.00021820982948978016,0.03161941699669268,-0.0002743742069312497,0.025210696158389657,-0.00021876319747977601,0.009918655490041341,-8.606810284291561e-05,-0.00010592458113189748,9.191495512276243e-07
14.124,ABORT,-0.008260744586736861,9.361637209415705e-05,0.025141656289934353,-0.000284922336671789,0.03161279224505274,-0.0003582576474401304,0.025205414131819193,-0.0002856448838692166,0.009916577379960108,-0.00011238139469817,-0.00010590238831149741,1.2001578411886635e-06
14.131,ABORT,-0.008260061812631793,0.00010151016886958957,0.025139578260321756,-0.0003089471837381371,0.0316101793575936,-0.00038846617826519375,0.02520333083243909,-0.0003097306566113794,0.009915757746551174,-0.00012185747106432937,-0.0001058936351770015,1.3013559744303214e-06
14.149,ABORT,-0.00825804294633593,0.00012312001526898332,0.025133433821164616,-0.0003747169608989208,0.03160245341956084,-0.00047116424228334187,0.02519717081132602,-0.00037566722226869883,0.00991333420668349,-0.0001477989236463043,-0.00010586775339840776,1.5783932706099897e-06
14.187,ABORT,-0.008252409279762007,0.00017470719267956977,0.025116287702292833,-0.000531723035812219,0.03158089411227209,-0.0006685816427205763,0.025179981210850504,-0.0005330714558547528,0.00990657129446334,-0.00020972654182096202,-0.00010579553003659521,2.239738653785442e-06
14.219,ABORT,-0.008246042536216676,0.00022408755493320717,0.025096910456546738,-0.000682012647386303,0.031556529415014745,-0.0008575538493441836,0.025160554825487028,-0.0006837421935241573,0.009898928362962101,-0.0002690049976789091,-0.00010571390865971592,2.872792762097107e-06
14.253,ABORT,-0.00823745291990714,0.000282105453451265,0.02507076787597797,-0.0008585906843767312,0.031523658073574885,-0.0010795807808257221,0.02513434594878808,-0.0008607680225945082,0.009888616992854564,-0.0003386523489601405,-0.00010560379015014238,3.6165797117313274e-06
14.285,ABORT,-0.008227485969830261,0.00034158920808941375,0.025040433366726327,-0.0010396300686894087,0.031485515855426284,-0.0013072173525157202,0.025103934512908287,-0.001042266512715762,0.00987665220800475,-0.0004100593812834549,-0.00010547601428124337,4.379158873424483e-06
14.321,ABORT,-0.008213905826686284,0.0004137538920650726,0.0249991020693222,-0.001259263984462665,0.03143354641860846,-0.0015833821870531784,0.02506249840163293,-0.0012624574078826166,0.009860349980172359,-0.0004966891838673492,-0.0001053019174335006,5.3043070007539594e-06
14.337,ABORT,-0.008207017139935782,0.0004474972742530744,0.024978136284367628,-0.0013619622955074993,0.03140718431277184,-0.001712513710193042,0.02504147944861391,-0.0013654161561318231,0.009852080484064545,-0.0005371962903412788,-0.00010521360476730592,5.7368957009486745e-06
14.358,ABORT,-0.008197142093367768,0.0004932553148891792,0.024948081484336807,-0.0015012273360972897,0.03136939379736648,-0.0018876237643753702,0.025011348431281957,-0.0015050343651181427,0.009840226024409706,-0.0005921263448852527,-0.00010508700709741561,6.323511802794801e-06
14.371,ABORT,-0.00819054109092086,0.0005223832744296899,0.024927991269351146,-0.0015898785635387511,0.03134413262184264,-0.0019990926669431713,0.024991207268628583,-0.0015939104071413057,0.009832301877758909,-0.0006270928859362357,-0.00010500238253155021,6.696930984273119e-06
14.377,ABORT,-0.008187365923428613,0.0005360266106922008,0.024918327616285145,-0.0016314021898121962,0.0313319816699252,-0.002051303935584577,0.02498151910907593,-0.0016355393350212918,0.009828490260803489,-0.0006434709736918154,-0.00010496167702163069,6.8718379650623064e-06
14.409,ABORT,-0.008169025241312078,0.000610825695704274,0.02486250757233448,-0.0018590539306969707,0.031261794271283984,-0.0023375502793346586,0.024925557508598713,-0.001863768388058168,0.009806473263243501,-0.0007332632323295373,-0.00010472655027016067,7.83075899973654e-06
14.442,ABORT,-0.00814754876622222,0.0006913208237630741,0.024797143712048147,-0.0021040416338536463,0.0311796066018744,-0.0026455946370003585,0.02486002788919846,-0.00210937736640298,0.009780691915709853,-0.0008298932827715408,-0.00010445122278840072,8.862703059906804e-06
14.473,ABORT,-0.00812490871798806,0.0007697604194833067,0.024728238505608926,-0.0023427733043964957,0.031092966089783805,-0.0029457727404694992,0.024790947942988455,-0.0023487144471832397,0.009753513761508044,-0.0009240557777434062,-0.00010416097834925723,9.868295284401705e-06
14.511,ABORT,-0.00809377845139144,0.0008692534930451162,0.024633493237217155,-0.0026455814389968993,0.03097383461923427,-0.0033265197580423624,0.024695962405866103,-0.0026522904863697477,0.009716143559061668,-0.0010434918349155216,-0.00010376188967792259,1.1143792184228898e-05
14.517,ABORT,-0.00808851491773184,0.000885271036905838,0.024617473621460897,-0.0026943309891284684,0.0309536917623394,-0.00338781680954036,0.024679902165255355,-0.0027011636626488303,0.009709824971399337,-0.0010627200305659207,-0.00010369441140406281,1.1349136403738855e-05
14.532,ABORT,-0.008074933561425399,0.0009256563580019474,0.024576138631785035,-0.0028172441056757624,0.030901717682907028,-0.0035423661667025297,0.024638462352344872,-0.0028243884800228333,0.009693521287230977,-0.0011112004256996848,-0.0001035202990036297,1.1866874473460987e-05
14.564,ABORT,-0.008043915040540051,0.0010133315594671663,0.0244817334625496,-0.0030840844319011277,0.030783013848621713,-0.003877887728937147,0.0245438177768514,-0.003091905498472918,0.009656285229471083,-0.0012164497661803688,-0.00010312264290748038,1.2990866764151835e-05
14.564,ABORT,-0.008043915040540051,0.0010133315594671663,0.0244817334625496,-0.0030840844319011277,0.030783013848621713,-0.003877887728937147,0.0245438177768514,-0.003091905498472918,0.009656285229471083,-0.0012164497661803688,-0.00010312264290748038,1.2990866764151835e-05
14.575,ABORT,-0.008032600405596247,0.001043910292087485,0.02444729726133114,-0.0031771511012854115,0.03073971421623974,-0.003994908550885233,0.024509294247342113,-0.003185208179754069,0.00964270262178141,-0.0012531578818988191,-0.00010297758977687695,1.3382884793765027e-05
14.589,ABORT,-0.00801771152020745,0.0010831275464760941,0.024401982794208365,-0.0032965091954766297,0.03068273639352481,-0.004144987869086042,0.02446386486525126,-0.0033048689594330433,0.009624829319622134,-0.0013002360760846834,-0.00010278671491016078,1.3885648298817768e-05
14.635,ABORT,-0.007964887262604307,0.0012140807334784219,0.024241211653727692,-0.00369506649053816,0.030480584848518982,-0.004646128638064522,0.02430268601810098,-0.003704436973625705,0.00956141665354097,-0.0014574382990109268,-0.00010210951021242244,1.5564462492251973e-05
14.672,ABORT,-0.007917986303321042,0.0013213574887578775,0.024098468129147444,-0.004021564335958276,0.030301100993722647,-0.005056662790496467,0.024159580503882287,-0.004031762799420861,0.009505114586936272,-0.0015862182453740905,-0.00010150824194295279,1.6939745855042656e-05
14.704,ABORT,-0.007874203475184449,0.0014152129943362948,0.023965214666962102,-0.0043072144777093245,0.03013354982018737,-0.005415835570595328,0.024025989118328865,-0.004318137334042534,0.009452555668236969,-0.0016988867068948583,-0.0001009469479799193,1.8142969377156633e-05
14.714,ABORT,-0.007859903936149283,0.001444706275863949,0.023921693881184043,-0.004396977566162765,0.030078827349110784,-0.0055287025127660795,0.02398235796625885,-0.0044081280566953575,0.009435389844520829,-0.0017342917972456133,-0.0001007636285079665,1.8521071970709365e-05
14.73,ABORT,-0.007836410264349877,0.0014920280273892745,0.023850190663142715,-0.004541001776013973,0.029988920130957532,-0.005709796684597031,0.023910673420033824,-0.004552517503931619,0.009407186961367626,-0.0017910990021929227,-0.00010046244065163714,1.9127734778522296e-05
14.731,ABORT,-0.00783491675513094,0.001494990499243749,0.023845645153345855,-0.00455001808784298,0.029983204665946044,-0.0057211336780464694,0.02390611638307696,-0.004561556680625907,0.00940539408427504,-0.001794655289531478,-0.00010044329392804705,1.9165713539564996e-05
14.753,ABORT,-0.007801309112504038,0.0015602860953412997,0.023743359966972084,-0.004748745868019932,0.02985459260040464,-0.005971011409076055,0.02380357180716,-0.004760788423399457,0.009365049925807434,-0.001873039123394541,-0.00010001244540315468,2.0002800257396204e-05
14.794,ABORT,-0.007734835404491247,0.0016823983567098172,0.02354104659175184,-0.005120395720146233,0.02960020638871367,-0.006438319108604072,0.023600745376473577,-0.005133380758878292,0.009285251832267525,-0.0020196282929528216,-9.916025534152531e-05,2.1568274166589196e-05
14.826,ABORT,-0.007679471623186558,0.0017778349107605478,0.023372546386248767,-0.005410857798261038,0.02938833641768276,-0.006803542355021048,0.023431817863821914,-0.005424579432666684,0.00921879060524489,-0.0021341947177083245,-9.845049405977164e-05,2.279176666173534e-05
14.854,ABORT,-0.007628524107551468,0.0018612450942359121,0.02321748712815476,-0.005664717500857938,0.029193366919441695,-0.007122742249611909,0.023276365384074314,-0.00567908290934881,0.00915763086645775,-0.0022343241346180483,-9.779734911289166e-05,2.386108160626513e-05
14.854,ABORT,-0.007628524107551468,0.0018612450942359121,0.02321748712815476,-0.005664717500857938,0.029193366919441695,-0.007122742249611909,0.023276365384074314,-0.00567908290934881,0.00915763086645775,-0.0022343241346180483,-9.779734911289166e-05,2.386108160626513e-05
14.872,ABORT,-0.007594539994182255,0.0019147478059640532,0.023114056149424498,-0.005827553523049943,0.029063314149465228,-0.0073274901500765075,0.023172672110135184,-0.005842331874635587,0.00911683477521239,-0.002298551248205565,-9.736167424936583e-05,2.4546984056541696e-05
14.872,ABORT,-0.007594539994182255,0.0019147478059640532,0.023114056149424498,-0.005827553523049943,0.029063314149465228,-0.0073274901500765075,0.023172672110135184,-0.005842331874635587,0.00911683477521239,-0.002298551248205565,-9.736167424936583e-05,2.4546984056541696e-05
14.903,ABORT,-0.007533758585026707,0.002006550239153219,0.022929067340999146,-0.006106955119066773,0.028830711623165008,-0.007678806089884038,0.022987214180381386,-0.006122442017558627,0.009043869978779663,-0.0024087551072923875,-9.658245921288527e-05,2.5723887279424145e-05
14.936,ABORT,-0.0074659386065678976,0.002103621487100309,0.022722656578615837,-0.00640239240391385,0.028571173410045017,-0.008050285096661022,0.022780279971785958,-0.006418628514926826,0.008962455760335745,-0.0025252838937146367,-9.57130100223663e-05,2.6968336479618477e-05
14.967,ABORT,-0.0073993231437966284,0.0021940050053395684,0.022519911771412958,-0.006677475518515279,0.02831624472137967,-0.008396171033996765,0.022577021015029387,-0.006694409225005803,0.008882487497870182,-0.002633784422096994,-9.485900267086436e-05,2.812704927421347e-05
14.975,ABORT,-0.0073816783557196525,0.0022171811261816102,0.02246620968772279,-0.006748012267137207,0.02824872041847591,-0.00848486302604819,0.02252318274584208,-0.006765124850898737,0.008861305883491346,-0.0026616061024896335,-9.463279725088297e-05,2.8424166141004008e-05
14.987,ABORT,-0.007354864198833487,0.0022518191490707856,0.02238460054110679,-0.006853433425835265,0.02814610613692197,-0.008617418222480841,0.02244136664296964,-0.0068708133517913625,0.00882911693746498,-0.002703187176769648,-9.428904091935767e-05,2.886822409629312e-05
15.02,ABORT,-0.00727899296501983,0.002346218793632412,0.022153685704943124,-0.007140739659860583,0.02785575681952776,-0.008978673351506972,0.022209866219625753,-0.007158848178445195,0.008738037622141013,-0.0028165088477288378,-9.331637498341929e-05,3.0078423456636952e-05
15.022,ABORT,-0.007274294848736139,0.002351896622422948,0.022139386942455742,-0.007158020186867063,0.02783777774119409,-0.009000401661839477,0.022195531196272048,-0.00717617252790696,0.008732397787477432,-0.002823324774303049,-9.325614533586345e-05,3.0151212976156405e-05
15.039,ABORT,-0.007233903660438981,0.002399942708658153,0.022016455969025135,-0.007304248916434798,0.02768320593101865,-0.009184267768144237,0.02207228847673067,-0.007322772085399129,0.008683910349085933,-0.0028810015039189996,-9.273833204887763e-05,3.076716172362135e-05
15.072,ABORT,-0.00715318163874531,0.0024920312275517626,0.021770777712889558,-0.007584521217068514,0.027374293281001626,-0.009536678520634074,0.021825987194203013,-0.007603755140997531,0.008587007925098955,-0.0029915487934309643,-9.170347922212184e-05,3.1947732552861095e-05
15.088,ABORT,-0.007112956235556089,0.0025360753082556585,0.021648351308043295,-0.007718569803976937,0.02722035590881413,-0.009705229473674326,0.021703250322803843,-0.007738143667666104,0.008538719502768785,-0.003044421331716514,-9.11877912930493e-05,3.251237576250782e-05
15.09,ABORT,-0.007107878607681203,0.0025415514600217676,0.02163289749834634,-0.00773523652500304,0.027200924489113276,-0.009726185992335167,0.021687757323105093,-0.007754852654569669,0.008532624084952721,-0.003050995155923622,-9.112269632330883e-05,3.2582579791296985e-05
15.122,ABORT,-0.007025157229665121,0.0026282368224574376,0.021381134181847096,-0.007999064266539218,0.026884360563187583,-0.01005791956968917,0.021435355548839158,-0.008019349448583365,0.008433321541766667,-0.003155056248150512,-9.00622118349751e-05,3.369388238844114e-05
15.131,ABORT,-0.00700139475807522,0.002652287497648157,0.02130881286903568,-0.008072262729805685,0.026793424683290434,-0.010149958367181853,0.021362850833201216,-0.008092733539081123,0.008404795978993707,-0.00318392778376874,-8.975757797695762e-05,3.400221100415584e-05
15.134,ABORT,-0.0069934259161969345,0.00266027094185882,0.02128455962147076,-0.008096560419710856,0.026762928964643426,-0.01018050996705057,0.02133853608074952,-0.008117092846576371,0.008395229815037788,-0.003193511477035415,-8.96554177687432e-05,3.4104558413639755e-05
15.164,ABORT,-0.006912430170450854,0.002739152378921064,0.021038048283526192,-0.008336636838664566,0.02645296880837434,-0.01048237893971481,0.02109139960376374,-0.008357778085974663,0.008297998800120783,-0.0032882043786566714,-8.861705581147454e-05,3.51158150250289e-05
15.2,ABORT,-0.006812152126073989,0.002831395092028781,0.020732851082634906,-0.008617378430884807,0.02606921780986075,-0.010835379773353481,0.02078542843974713,-0.008639231623256948,0.008177620427913167,-0.003398936769988416,-8.733149561974958e-05,3.629836261742436e-05
15.23,ABORT,-0.006726084512147073,0.00290610789413687,0.020470903464678104,-0.008844767568914245,0.02573984827548882,-0.011121295923682217,0.020522816537201626,-0.008867197407492255,0.008074300909381493,-0.0034886254506635286,-8.622811253176905e-05,3.7256177509001385e-05
15.27,ABORT,-0.006607900319179421,0.0030024614233255275,0.020111208726837315,-0.009138020469757209,0.02528757278146928,-0.01149002831436879,0.020162209633513145,-0.009161193981380008,0.007932427173624844,-0.0036042926545092543,-8.471299628957986e-05,3.849142558575511e-05
15.292,ABORT,-0.006541279429428363,0.0030537792635291217,0.019908447402568804,-0.009294206814268097,0.025032623324460018,-0.011686414996439284,0.019958934117804583,-0.009317776405772948,0.007852452396363377,-0.003665896947924697,-8.385891936443177e-05,3.914931807758618e-05
15.292,ABORT,-0.006541279429428363,0.0030537792635291217,0.019908447402568804,-0.009294206814268097,0.025032623324460018,-0.011686414996439284,0.019958934117804583,-0.009317776405772948,0.007852452396363377,-0.003665896947924697,-8.385891936443177e-05,3.914931807758618e-05
15.294,ABORT,-0.0065351672649824315,0.003058383466373744,0.019889844970781497,-0.009308219750292591,0.025009232868216276,-0.011704034680288947,0.019940284511284993,-0.009331824877823752,0.007845115073310873,-0.003671424044580734,-8.378056168059586e-05,3.920834375891507e-05
15.311,ABORT,-0.006482844588867212,0.0030970997409363174,0.019730600398425332,-0.0094260531075231,0.024809000810153213,-0.011852196814028581,0.019780636103551068,-0.009449957053893896,0.00778230452869529,-0.0037179008395635945,-8.310978723583851e-05,3.970468472426622e-05
15.317,ABORT,-0.00646422149316444,0.0031105829002244685,0.019673920825985167,-0.009467089233621152,0.024737732651547183,-0.011903795106277882,0.01972381279486791,-0.00949109724532516,0.007759948508889588,-0.003734086643519082,-8.287103995440777e-05,3.987753824317202e-05
15.324,ABORT,-0.006442392704766828,0.003126191908265277,0.019607484696728777,-0.009514595401021475,0.0246541967250542,-0.01196352874447046,0.019657208187283136,-0.009538723885723552,0.00773374422827265,-0.0037528244139991935,-8.259119583128054e-05,4.007764505114053e-05
15.328,ABORT,-0.006429870202146221,0.0031350522042173524,0.01956937233851804,-0.009541561797708261,0.024606274740591808,-0.011997435941602828,0.019618999178251918,-0.00956575866769237,0.007718711640722686,-0.0037634607203872604,-8.24306578893027e-05,4.01912336620241e-05
15.328,ABORT,-0.006429870202146221,0.0031350522042173524,0.01956937233851804,-0.009541561797708261,0.024606274740591808,-0.011997435941602828,0.019618999178251918,-0.00956575866769237,0.007718711640722686,-0.0037634607203872604,-8.24306578893027e-05,4.01912336620241e-05
15.364,ABORT,-0.006315597757394198,0.003212818247844064,0.019221583044320683,-0.00977824350592013,0.024168968996860184,-0.012295036449048375,0.019270327909749727,-0.009803040587551205,0.007581533747267409,-0.003856814652476603,-8.096569009004851e-05,4.118819097781227e-05
15.387,ABORT,-0.006241150661366884,0.003260588800572392,0.018995002585325785,-0.009923633646586641,0.023884069669051693,-0.012477848124554797,0.01904317285531401,-0.009948799429527342,0.007492164032380752,-0.00391416061901024,-8.00112815389348e-05,4.1800607397636324e-05
15.39,ABORT,-0.006231359711129049,0.0032667069796953867,0.018965203733291705,-0.009942254384101946,0.023846600979334876,-0.012501261598183287,0.01901329843504869,-0.009967467388197234,0.007480410525824851,-0.003921505162357464,-7.988576198036007e-05,4.187904218937204e-05
15.412,ABORT,-0.006159004905673654,0.0033107638338339485,0.01874499118095044,-0.010076341847082693,0.02356970857468832,-0.012669861433492214,0.018792527435923675,-0.01010189488952569,0.007393552492680673,-0.003974393034460921,-7.895817650388345e-05,4.244384915389871e-05
15.418,ABORT,-0.006139104972604732,0.003322529158285921,0.01868442554159938,-0.010112149726191554,0.02349355412599512,-0.012714885795847276,0.018731808205480094,-0.010137793575424213,0.0073696636986304576,-0.003988516670545209,-7.870306022264394e-05,4.259468010450383e-05
15.448,ABORT,-0.006038564431248671,0.003379714403763757,0.01837842942860534,-0.010286193575576226,0.023108798585774522,-0.01293372627273064,0.018425036103364073,-0.010312278790329999,0.007248970212987379,-0.00405716446685687,-7.74141348309991e-05,4.332779247817598e-05
15.448,ABORT,-0.006038564431248671,0.003379714403763757,0.01837842942860534,-0.010286193575576226,0.023108798585774522,-0.01293372627273064,0.018425036103364073,-0.010312278790329999,0.007248970212987379,-0.00405716446685687,-7.74141348309991e-05,4.332779247817598e-05
15.466,ABORT,-0.005977431280635487,0.003412688677660221,0.018192370091641312,-0.010386551098074393,0.022874849990786733,-0.013059914518738638,0.01823850493027077,-0.010412890813922986,0.007175583169946521,-0.004096748300397407,-7.663041048424501e-05,4.3750521243338354e-05
15.466,ABORT,-0.005977431280635487,0.003412688677660221,0.018192370091641312,-0.010386551098074393,0.022874849990786733,-0.013059914518738638,0.01823850493027077,-0.010412890813922986,0.007175583169946521,-0.004096748300397407,-7.663041048424501e-05,4.3750521243338354e-05
15.492,ABORT,-0.0058881010604253225,0.003458506571501314,0.017920492699809824,-0.01052599830247422,0.02253299488764714,-0.013235253623330964,0.017965938072496364,-0.010552691648676631,0.007068347068916929,-0.0041517502054788805,-7.548520092482617e-05,4.433790466068367e-05
15.5,ABORT,-0.005860378227745863,0.0034721670001441763,0.017836117989601566,-0.010567573949573084,0.022426903222333188,-0.013287530302282947,0.017881349392716232,-0.010594372729303955,0.00703506730671499,-0.004168148811713223,-7.512979540893254e-05,4.45130307650497e-05
15.511,ABORT,-0.0058220825931322795,0.0034906097311872405,0.017719564854136578,-0.01062370458042165,0.022280350822822446,-0.013358108228857734,0.017764500684982795,-0.010650645704310173,0.0069890954672551416,-0.004190288313493725,-7.46388470295341e-05,4.4749465779344044e-05
15.537,ABORT,-0.005730775799452975,0.0035326160615842205,0.017441671741776372,-0.01075155125450209,0.021930931630782524,-0.013518860977217592,0.017485902851147025,-0.010778816590444803,0.006879486596610402,-0.004240714642677009,-7.346829788373087e-05,4.528798511819208e-05
15.537,ABORT,-0.005730775799452975,0.0035326160615842205,0.017441671741776372,-0.01075155125450209,0.021930931630782524,-0.013518860977217592,0.017485902851147025,-0.010778816590444803,0.006879486596610402,-0.004240714642677009,-7.346829788373087e-05,4.528798511819208e-05
15.574,ABORT,-0.005599021190782783,0.0035884802217188527,0.017040675312093842,-0.010921574367828436,0.02142672392559498,-0.013732645832776006,0.017083889516823637,-0.01094927087292927,0.006721322310289036,-0.004307776547439325,-7.177920949917741e-05,4.6004161234903435e-05
15.602,ABORT,-0.005497989238633159,0.0036276346300539784,0.01673318358558226,-0.011040741189446188,0.021040087820352583,-0.013882484647325923,0.016775618008397383,-0.011068739894978169,0.006600038912549229,-0.004354779298334835,-7.048398424241341e-05,4.650611905626871e-05
15.602,ABORT,-0.005497989238633159,0.0036276346300539784,0.01673318358558226,-0.011040741189446188,0.021040087820352583,-0.013882484647325923,0.016775618008397383,-0.011068739894978169,0.006600038912549229,-0.004354779298334835,-7.048398424241341e-05,4.650611905626871e-05
15.633,ABORT,-0.005384901492226661,0.003667783681334411,0.01638899993229265,-0.011162935216517338,0.020607315762692098,-0.014036129830715576,0.016430561524507725,-0.011191243799305115,0.0064642831854243524,-0.0044029760643253535,-6.903420422470875e-05,4.7020828157172905e-05
15.641,ABORT,-0.005355519838490978,0.003677591697221829,0.016299576584107012,-0.011192786008021482,0.020494876005523775,-0.014073663828447807,0.016340911403685127,-0.01122117029075611,0.006429012098204333,-0.0044147500572711725,-6.865753269462099e-05,4.714656649663716e-05
15.646,ABORT,-0.005337116808022124,0.003683605574272731,0.0162435667823412,-0.011211089301168502,0.02042445000786912,-0.01409667815164849,0.0162847595641775,-0.011239520000036456,0.006406920254817339,-0.004421969391618416,-6.842160663997091e-05,4.722366414031989e-05
15.684,ABORT,-0.005196310793611153,0.0037263665332882934,0.015815022311475947,-0.011341232694770498,0.019885603753310572,-0.014260318765320117,0.015855128328371264,-0.011369993430045598,0.006237890245136124,-0.004473301611670342,-6.661647962530849e-05,4.7771857785419254e-05
15.705,ABORT,-0.005117829820327446,0.0037477423767323208,0.015576164707917246,-0.011406290281666483,0.019585267303302088,-0.014342121330544536,0.015615664995216027,-0.011435215999363223,0.0061436780786357816,-0.004498962156352349,-6.561035694223951e-05,4.8045895173832126e-05
15.706,ABORT,-0.005114081588894106,0.003748719876043,0.015564756929187048,-0.011409265310301578,0.019570923310415683,-0.014345862092930267,0.015604228286993512,-0.011438198572505456,0.006139178529393405,-0.004500135591440606,-6.556230477738111e-05,4.805842667271663e-05
15.739,ABORT,-0.004989864725624179,0.003778901902256148,0.015186701700756372,-0.01150112459988706,0.0190955615738733,-0.014461364771192819,0.015225214331532282,-0.011530290812139792,0.005990062899007023,-0.0045363674825593826,-6.396984996283946e-05,4.844535894334808e-05
15.773,ABORT,-0.004860913356282,0.003805750041850288,0.014794236957163797,-0.011582837173204458,0.018602081500022034,-0.014564109100138473,0.01483175431918021,-0.011612210603997985,0.005835263749982776,-0.004568597222989891,-6.231669898522653e-05,4.87895509317198e-05
15.775,ABORT,-0.004853300409690718,0.003807194034806589,0.01477106688035753,-0.011587231979775611,0.01857294774622588,-0.014569635072870296,0.014808525484347964,-0.01161661655555415,0.005826124819082628,-0.004570330658485556,-6.221910133919845e-05,4.8808062858964566e-05
15.796,ABORT,-0.004773196798801154,0.003821443160177512,0.014527270763503663,-0.01163059933107747,0.018266401673708875,-0.014624164617428293,0.014564111114102544,-0.011660093884046666,0.00572996476384064,-0.004587435963322651,-6.119217651220406e-05,4.899073602992225e-05
15.839,ABORT,-0.004608334622061645,0.0038453898057223654,0.014025511129214756,-0.011703481179107515,0.01763549562309679,-0.01471580530703281,0.014061079045290699,-0.011733160556389373,0.005532056631528828,-0.004616182616973858,-5.9078650536957445e-05,4.9297730990076384e-05
15.873,ABORT,-0.004477342077699852,0.0038593137887394874,0.013626834049647875,-0.011745858956501265,0.017134204238636257,-0.01476909057420481,0.013661390942825842,-0.011775645801469396,0.005374807162219827,-0.004632897605989284,-5.7399331783877164e-05,4.9476235850121265e-05
15.873,ABORT,-0.004477342077699852,0.0038593137887394874,0.013626834049647875,-0.011745858956501265,0.017134204238636257,-0.01476909057420481,0.013661390942825842,-0.011775645801469396,0.005374807162219827,-0.004632897605989284,-5.7399331783877164e-05,4.9476235850121265e-05
15.907,ABORT,-0.0043459517414600945,0.0038687859395245983,0.013226946286641297,-0.011774687539308201,0.01663139055653501,-0.014805339259990872,0.013260489086695429,-0.011804547491958783,0.005217080165262132,-0.004644268411033422,-5.5714913356126505e-05,4.9597668413500655e-05
15.941,ABORT,-0.004214315277246655,0.003873789810864331,0.012826309430759051,-0.01178991687027488,0.01612763497477617,-0.014824488423050326,0.012858836238031482,-0.011819815443661683,0.005059057704975344,-0.004650275288115603,-5.402733957839868e-05,4.9661817827650556e-05
15.984,ABORT,-0.004047718436233955,0.0038737065156478137,0.01231927032892614,-0.011789663360475336,0.015490090590209143,-0.014824169663119292,0.012350511313239602,-0.011819561290975389,0.004859067201962837,-0.004650175296710313,-5.189157528219677e-05,4.966074998657746e-05
16.016,ABORT,-0.003923824612273895,0.0038689969508105765,0.011942198273768957,-0.011775329754204165,0.015015965082977884,-0.014806146772664208,0.0119724830243246,-0.011805191335476,0.004710339362807553,-0.004644521718676998,-5.030326181763566e-05,4.9600373569060315e-05
16.051,ABORT,-0.003788565384266804,0.0038593137887394896,0.011530535501135107,-0.011745858956501272,0.014498345656627425,-0.01476909057420482,0.011559776297797468,-0.011775645801469403,0.00454796797039826,-0.004632897605989287,-4.856924436476357e-05,4.94762358501213e-05
16.054,ABORT,-0.003776989008953172,0.003858263977417764,0.011495302690561844,-0.011742663845559036,0.014454044377983831,-0.014765073083183066,0.011524454138776364,-0.01177244258790354,0.004534071157541777,-0.00463163736424026,-4.8420835733939634e-05,4.94627773143828e-05
16.059,ABORT,-0.0037577022156735102,0.003856437298237311,0.011436603148107669,-0.011737104329752111,0.01438023633530422,-0.014758082620177741,0.011465605737547596,-0.011766868973473768,0.004510918404668127,-0.004629444534616838,-4.817357987827915e-05,4.94393593662962e-05
16.089,ABORT,-0.003642195119764443,0.003843460053262591,0.011085056181136085,-0.011697607958775029,0.013938205742606142,-0.014708420396029367,0.011113167267022038,-0.011727272441896811,0.004372258379232187,-0.004613866053449761,-4.669278390459229e-05,4.927299164700697e-05
16.123,ABORT,-0.0035118257843877055,0.0038245895080540188,0.010688275844161177,-0.011640175271363372,0.013439299297658375,-0.014636205280434671,0.010715380717182865,-0.011669694108384487,0.004215757038625059,-0.004591212983887086,-4.502145466374564e-05,4.9031072073614463e-05
16.185,ABORT,-0.003276042736342472,0.0037789019022561473,0.009970667850026595,-0.011501124599887056,0.012536988321390361,-0.014461364771192815,0.009995952909091013,-0.01153029081213979,0.003932712233611057,-0.004536367482559382,-4.19987261858012e-05,4.844535894334807e-05
16.199,ABORT,-0.0032232234372777608,0.003766590700798724,0.00980991180090575,-0.011463655338816374,0.012334855752064472,-0.014414251408726025,0.009834789191571408,-0.011492726531107202,0.003869305519987271,-0.004521588550634912,-4.1321585056311116e-05,4.828752987314314e-05
16.202,ABORT,-0.003211927756153139,0.003763857818265618,0.009775533285819848,-0.011455337784314271,0.012291628653476733,-0.014403793023668588,0.0098003234944835,-0.011484387883749534,0.0038557456653330663,-0.004518307872867268,-4.117677491284982e-05,4.825249443727027e-05
16.211,ABORT,-0.00317809060505129,0.0037554591309473394,0.009672549588176033,-0.011429776297982664,0.01216213828893203,-0.014371652342579117,0.009697078635910773,-0.011458761574910407,0.0038151259943463084,-0.00450822570269395,-4.074298409923523e-05,4.814482362910666e-05
16.222,ABORT,-0.003136838838110236,0.003744787788554242,0.009546999435293975,-0.01139729796388307,0.012004273156514953,-0.01433081450689655,0.00957121009482454,-0.011426200877562093,0.0037656054778074195,-0.004495415332941191,-4.021413823125608e-05,4.8008017481179846e-05
16.227,ABORT,-0.0031181273555356947,0.0037397899312630037,0.009490050856552114,-0.011382086936731326,0.011932666752877248,-0.014311688358816386,0.009514117097654668,-0.011410951276091584,0.003743143354339502,-0.0044894156753991655,-3.997425783395214e-05,4.794394516687152e-05
16.242,ABORT,-0.0030621460528334407,0.0037242465564694405,0.00931967121868477,-0.011334780524755726,0.011718433607989173,-0.014252205890501747,0.009343305386502802,-0.01136352489768656,0.0036759408262563575,-0.00447075669408487,-3.925657995459049e-05,4.774467977429396e-05
16.256,ABORT,-0.003010112502580189,0.00370899901383524,0.009161306603694408,-0.01128837448082711,0.011519307996894792,-0.01419385553328135,0.009184539167657615,-0.011317001170611808,0.0036134773616107027,-0.004452452843288048,-3.85895120908784e-05,4.754920693720422e-05
16.264,ABORT,-0.0029804764843249943,0.003699966973197524,0.00907110909462596,-0.011260885377523424,0.01140589481988212,-0.014159291091634356,0.00909411292272327,-0.011289442356471183,0.0035779009235335103,-0.004441610366687735,-3.820957961865219e-05,4.743341656687896e-05
16.274,ABORT,-0.002943534588563239,0.0036883521667590603,0.008958676076489574,-0.011225535601448901,0.011264523002415473,-0.014114842742087854,0.008981394780706808,-0.011254002935330814,0.0035335541743951766,-0.004427667419343108,-3.77359861127828e-05,4.728451525069688e-05
16.29,ABORT,-0.002884674372959222,0.0036690221636156537,0.008779534439276437,-0.011166704549355222,0.011039272633293021,-0.014040869340894714,0.008801798850266176,-0.011195022690961414,0.003462895666979814,-0.004404462795363542,-3.6981400694538155e-05,4.703670544645209e-05
16.316,ABORT,-0.0027897081992768087,0.003635669658738842,0.008490503968375918,-0.011065195877199025,0.010675849471203022,-0.013913233654250243,0.008512035414168336,-0.011093256598458893,0.003348893908432236,-0.004364424915974627,-3.576393845536912e-05,4.660912777648076e-05
16.327,ABORT,-0.002749796993979612,0.003620842558260356,0.008369033827862169,-0.011020069453050174,0.010523114493373582,-0.013856492274329665,0.008390257232134834,-0.01104801573620849,0.003300982663688925,-0.00434662578326068,-3.525227852968278e-05,4.6419044989642475e-05
16.327,ABORT,-0.002749796993979612,0.003620842558260356,0.008369033827862169,-0.011020069453050174,0.010523114493373582,-0.013856492274329665,0.008390257232134834,-0.01104801573620849,0.003300982663688925,-0.00434662578326068,-3.525227852968278e-05,4.6419044989642475e-05
16.351,ABORT,-0.0026632985149256123,0.0035870317221215987,0.008105774867711121,-0.010917165845251821,0.010192096094349661,-0.013727102613716968,0.008126330661904223,-0.010944851170584618,0.003197145914860612,-0.00430603770196478,-3.4143371769408635e-05,4.598559153271656e-05
16.352,ABORT,-0.002659712208884589,0.0035855797876169692,0.00809485991048333,-0.010912746868501287,0.010178371768822872,-0.013721546249715354,0.008115388024952035,-0.010940420987554843,0.0031928407482995826,-0.0043042947330695904,-3.4097395481076214e-05,4.596697779516572e-05
16.366,ABORT,-0.0026096581158843073,0.00356489331756207,0.007942519792845753,-0.010849787396202952,0.009986821282493466,-0.013642381826549553,0.007962661581249812,-0.010877301853536784,0.0031327535150956947,-0.004279461743880335,-3.3455704173732505e-05,4.570177814378496e-05
16.371,ABORT,-0.0025918524886185193,0.0035573434452150754,0.007888328193524079,-0.01082680928647108,0.009918681468989252,-0.013613489449660742,0.007908332555046586,-0.010854265472596753,0.0031113788219641085,-0.004270398530201268,-3.322743680230708e-05,4.5604989106840593e-05
16.391,ABORT,-0.002521013812882681,0.003526299834455366,0.007672729996692759,-0.010732327755959623,0.0096475910950601,-0.01349468959969823,0.007692187613180423,-0.01075954434217931,0.003026340820600864,-0.004233132353403321,-3.2319288043260115e-05,4.5207011359587136e-05
16.392,ABORT,-0.002517488306476286,0.0035247124218953357,0.0076620000837427996,-0.010727496450433159,0.00963409944180612,-0.013488614778846365,0.007681430489768059,-0.010754700784730767,0.0030221086407149628,-0.004231226750425263,-3.227409120361395e-05,4.5186660799225685e-05
16.424,ABORT,-0.002405529234220785,0.0034721670001441785,0.00732125156118139,-0.010567573949573089,0.00920564667293046,-0.013287530302282954,0.007339817847907052,-0.010594372729303962,0.002887707825903087,-0.004168148811713224,-3.083878073970809e-05,4.451303076504972e-05
16.431,ABORT,-0.0023812657678306407,0.0034602254681335765,0.0072474054658351154,-0.010531229781050092,0.0091127935512678,-0.013241831616580348,0.007265784482970557,-0.01055793639399118,0.002858580845951395,-0.0041538136479788886,-3.052772415002032e-05,4.435994084116425e-05
16.451,ABORT,-0.002312409009935722,0.00342523646573657,0.007037839255179871,-0.01042474041281498,0.008849287718452815,-0.013107933267342662,0.007055686824061894,-0.010451176974641534,0.0027759220298327544,-0.0041118112417703,-2.9644983491972828e-05,4.391138334376516e-05
16.486,ABORT,-0.0021936394045498527,0.0033609592986753958,0.006676362808964966,-0.010229112231290353,0.008394771927452728,-0.012861952931421379,0.006693293693685962,-0.010255052690930081,0.0026333455381098037,-0.0040346499769189255,-2.8122362287902138e-05,4.30873528421316e-05
16.513,ABORT,-0.002103592777904924,0.003308792443286276,0.0064023050271991774,-0.010070341900825742,0.008050175230314267,-0.01266231717895643,0.006418540916629665,-0.010095879727738769,0.0025252494298773197,-0.003972026486662856,-2.696796842897536e-05,4.241857601234336e-05
16.552,ABORT,-0.0019760795245407827,0.003229606351713107,0.0060142172035373975,-0.009829338262912478,0.007562198638765429,-0.01235928233320905,0.006029468923833874,-0.009854264918005218,0.0023721766613539847,-0.0038769678637679277,-2.533325403600005e-05,4.1403413743300955e-05
16.584,ABORT,-0.0018738161998983153,0.0031613723235645727,0.005702977782897894,-0.009621667336281661,0.007170850231576903,-0.012098159605922941,0.005717440217335851,-0.009646067349455846,0.002249415067492675,-0.0037950566010510394,-2.4022242637136628e-05,4.052865645366804e-05
16.606,ABORT,-0.001804797670867349,0.003112820785470452,0.005492919220220695,-0.009473900259077763,0.00690672532172093,-0.011912359201270374,0.005506848957827888,-0.009497925543163477,0.0021665620538690008,-0.003736773103798328,-2.3137428080121866e-05,3.99062278352334e-05
16.616,ABORT,-0.0017737817339107727,0.0030903224287349576,0.005398521915197546,-0.009405426292089326,0.006788031375794052,-0.011826260924067107,0.005412212266489906,-0.009429277930003518,0.0021293290979759348,-0.0037097650425821894,-2.273980510982763e-05,3.9617799874974426e-05
16.646,ABORT,-0.0016821021500724401,0.003021263740855654,0.005119494212371779,-0.009195245505567617,0.006437185564431305,-0.011561982331535686,0.0051324769649302646,-0.009218564136698176,0.0020192727128947336,-0.0036268638204316876,-2.1564476810309428e-05,3.87324704832609e-05
16.646,ABORT,-0.0016821021500724401,0.003021263740855654,0.005119494212371779,-0.009195245505567617,0.006437185564431305,-0.011561982331535686,0.0051324769649302646,-0.009218564136698176,0.0020192727128947336,-0.0036268638204316876,-2.1564476810309428e-05,3.87324704832609e-05
16.687,ABORT,-0.001560225751718088,0.002923245028967083,0.004748562211617274,-0.008896924605022982,0.00597078048189947,-0.011186877503813966,0.004760604301254377,-0.008919486710943407,0.0018729666841364716,-0.00350919765475848,-2.0002026654756584e-05,3.747587483631612e-05
16.708,ABORT,-0.0014993792105616136,0.0028714944145376993,0.004563375173315232,-0.00873942110795742,0.005737928703925602,-0.01098883465121971,0.004574947638923948,-0.008761583793770178,0.0017999237002570417,-0.00344707383927659,-1.9221976628841205e-05,3.68124341976286e-05
16.715,ABORT,-0.0014793398424645821,0.0028540210161682542,0.004502385162103415,-0.008686240650504827,0.005661240655563629,-0.010921966234375639,0.004513802960436176,-0.008708268473635568,0.0017758675219920975,-0.0034260979689779637,-1.896507279657212e-05,3.658842598628485e-05
16.765,ABORT,-0.0013398140681931672,0.0027261285647693493,0.004077737114522927,-0.008296998733945517,0.0051272937130623225,-0.010432538501399191,0.004088078029027428,-0.008318039461226855,0.0016083743714009491,-0.0032725699937096947,-1.7176358405126364e-05,3.4948850290904795e-05
16.803,ABORT,-0.0012381233360687872,0.0026255553393845165,0.003768240384767134,-0.007990903146792834,0.0047381365427684,-0.01004765788366283,0.003777796432780256,-0.008011167632691255,0.0014863001439087559,-0.0031518372726566605,-1.587268761757929e-05,3.3659505891424743e-05
16.824,ABORT,-0.0011835809099961028,0.002568831511543281,0.0036022399818808996,-0.00781826362646152,0.004529409791096974,-0.009830583191900999,0.003611375062105824,-0.007838090308139192,0.0014208249094475756,-0.003083743383277937,-1.5173456074374988e-05,3.293230887189675e-05
16.832,ABORT,-0.0011631174278106974,0.0025470209518713154,0.003539959175326648,-0.007751882976508478,0.0044510987134277515,-0.00974711702436385,0.0035489363148904253,-0.007771541320550191,0.001396259605143068,-0.0030575609852608694,-1.4911115117836562e-05,3.2652698440243885e-05
16.852,ABORT,-0.0011127258232213472,0.002492031227551764,0.003386591837893426,-0.007584521217068518,0.00425825661426206,-0.009536678520634079,0.0033951800464202993,-0.007603755140997535,0.0013357672075191337,-0.002991548793430966,-1.4265096926518908e-05,3.1947732552861115e-05
16.852,ABORT,-0.0011127258232213472,0.002492031227551764,0.003386591837893426,-0.007584521217068518,0.00425825661426206,-0.009536678520634079,0.0033951800464202993,-0.007603755140997535,0.0013357672075191337,-0.002991548793430966,-1.4265096926518908e-05,3.1947732552861115e-05
16.854,ABORT,-0.0011077472939744152,0.0024864969742803963,0.00337143963583204,-0.007567677663547499,0.004239204432086873,-0.009515499655089665,0.0033799894192172997,-0.007586868873161684,0.001329790752249609,-0.002984905221507204,-1.4201272396902623e-05,3.187678366528753e-05
16.886,ABORT,-0.0010296052663563704,0.0023971274012313405,0.0031336136166950045,-0.00729568050096907,0.003940165082938783,-0.009173493953767663,0.003141560286524448,-0.0073141819409083845,0.0012359854717007516,-0.0028776218795215584,-1.319949498260748e-05,3.073106960417618e-05
16.93,ABORT,-0.0009268764921868278,0.002271951336416665,0.00282095759590437,-0.006914705933331423,0.003547035461109675,-0.008694461478003547,0.002828111387456103,-0.00693224124295834,0.0011126651308399124,-0.0027273547795259186,-1.1882516540938392e-05,2.912631786731786e-05
16.963,ABORT,-0.0008534725429513159,0.002176580852619525,0.0025975519642902276,-0.00662444494067439,0.0032661281200360437,-0.008329491073830802,0.002604139211586788,-0.006641244164569255,0.0010245476572943273,-0.0026128676685387288,-1.0941481086577804e-05,2.7903672389965104e-05
16.971,ABORT,-0.0008361529996618296,0.002153294948215354,0.002544839766266089,-0.006553574064716077,0.00319984848651865,-0.008240378954404048,0.0025512933383604955,-0.006570193564011596,0.0010037564817032656,-0.0025849141989135976,-1.071944529070465e-05,2.760514810265639e-05
16.998,ABORT,-0.0007790792333096505,0.002074289836003511,0.0023711352046818512,-0.0063131212392447495,0.00298143462571112,-0.007938036693070841,0.0023771482716701334,-0.006329130963549698,0.0009352425100564651,-0.0024900728319599374,-9.987762074601772e-06,2.6592305981198544e-05
17.001,ABORT,-0.000772869583877729,0.0020654753320062964,0.0023522360763939473,-0.006286294210816823,0.00295767110713906,-0.007904304735777967,0.002358201216244124,-0.00630223590326989,0.0009277881615473802,-0.0024794914963386073,-9.908154637461853e-06,2.6479304421195698e-05
17.02,ABORT,-0.0007341569034859437,0.0020095027497311316,0.002234413658057103,-0.006115941113653926,0.002809522727822318,-0.007690104962827129,0.00224008000680807,-0.00613145080012822,0.0008813156811722858,-0.0024122994366568406,-9.411859749224757e-06,2.5761738337332157e-05
17.032,ABORT,-0.0007102556026911391,0.001974033348222545,0.002161669817213732,-0.006007989646062211,0.0027180555666628005,-0.007554368188838547,0.0021671516916305852,-0.006023225573619329,0.0008526234614426101,-0.0023697203372805564,-9.105446106805009e-06,2.5307022144100654e-05
17.052,ABORT,-0.000671367467784398,0.0019147478059640547,0.0020433134013584757,-0.005827553523049947,0.00256923574579844,-0.007327490150076513,0.0020484951304881177,-0.0058423318746355915,0.0008059403574056934,-0.0022985512482055666,-8.60690189927486e-06,2.4546984056541713e-05
17.066,ABORT,-0.0006448521353109435,0.0018731445004726648,0.001962613729741554,-0.0057009334591795495,0.0024677650263020857,-0.007168279725471642,0.0019675908089927703,-0.005715390709326267,0.0007741101339352151,-0.002248608728637793,-8.266976483795887e-06,2.401363147955187e-05
17.098,ABORT,-0.0005864358387800903,0.0017778349107605395,0.0017848231645341932,-0.005410857798261013,0.00224421347758089,-0.006803542355021016,0.001789349376801374,-0.005424579432666659,0.000703984527373188,-0.0021341947177083145,-7.518082088868992e-06,2.279176666173523e-05
17.098,ABORT,-0.0005864358387800903,0.0017778349107605395,0.0017848231645341932,-0.005410857798261013,0.00224421347758089,-0.006803542355021016,0.001789349376801374,-0.005424579432666659,0.000703984527373188,-0.0021341947177083145,-7.518082088868992e-06,2.279176666173523e-05
17.135,ABORT,-0.0005226973399778054,0.0016674890871609892,0.0015908344250812924,-0.005075019213634647,0.0020002945548383416,-0.006381263278367011,0.001594868692695553,-0.005087889180070192,0.0006274699046513853,-0.0020017305207111987,-6.700957291016124e-06,2.1377137975823074e-05
17.182,ABORT,-0.00044761496093433106,0.0015276110311697392,0.0013623204760636193,-0.004649298993222242,0.0017129640817746226,-0.005845968199665154,0.0013657752450139116,-0.004661089356858861,0.0005373375668411163,-0.0018338144749563503,-5.738404439112251e-06,1.9583907347965797e-05
17.195,ABORT,-0.0004280066506022178,0.0014890660916620346,0.0013026423933411649,-0.004531987095893405,0.0016379256352645026,-0.005698461742836602,0.0013059458219931742,-0.004543479963083694,0.0005137988501241197,-0.0017875433584461347,-5.487026748745468e-06,1.9089762890607555e-05
17.198,ABORT,-0.0004235527773519803,0.001480183572905344,0.0012890869868955775,-0.00450495306388518,0.0016208812431679834,-0.005664469501929059,0.0012923560397908422,-0.0045163773742740235,0.0005084522160207685,-0.0017768803747822777,-5.429928286314589e-06,1.897588938432998e-05
17.198,ABORT,-0.0004235527773519803,0.001480183572905344,0.0012890869868955775,-0.00450495306388518,0.0016208812431679834,-0.005664469501929059,0.0012923560397908422,-0.0045163773742740235,0.0005084522160207685,-0.0017768803747822777,-5.429928286314589e-06,1.897588938432998e-05
17.225,ABORT,-0.00038466472938705407,0.00140049305772267,0.0011707308356485799,-0.004262414207822809,0.0014720617550186138,-0.005359504292810273,0.0011736997439276628,-0.004273223453163534,0.00046176921635280276,-0.001681216218608429,-4.931385193374766e-06,1.795426042643086e-05
17.225,ABORT,-0.00038466472938705407,0.00140049305772267,0.0011707308356485799,-0.004262414207822809,0.0014720617550186138,-0.005359504292810273,0.0011736997439276628,-0.004273223453163534,0.00046176921635280276,-0.001681216218608429,-4.931385193374766e-06,1.795426042643086e-05
17.264,ABORT,-0.0003322747446040178,0.001286402336340702,0.001011281408708934,-0.00391517799046517,0.0012715721154615799,-0.004922893980717198,0.0010138459621104254,-0.003925106664073162,0.0003988778713195657,-0.001544256474236684,-4.259747854407214e-06,1.649162231292094e-05
17.308,ABORT,-0.00027847070566079657,0.0011596293719775975,0.0008475282942145557,-0.0035293432435598306,0.0010656710750411198,-0.004437750378633819,0.0008496775788262093,-0.0035382934617111425,0.000334289030697198,-0.0013920723826461887,-3.5699824022662047e-06,1.4866398392920234e-05
17.352,ABORT,-0.0002301878704263141,0.0010355495958093205,0.0007005790167707443,-0.003151705241052953,0.0008808989611907014,-0.003962913256551843,0.0007023556461886286,-0.003159697790235448,0.0002763280967039896,-0.0012431213179157276,-2.950998542870301e-06,1.32757010290925e-05
17.368,ABORT,-0.00021397425744891854,0.0009912290336436369,0.0006512327283804444,-0.003016815180133342,0.0008188515787526732,-0.003793304245013435,0.0006528842183557843,-0.003024465655624399,0.0002568645306766336,-0.001189916878579231,-2.743140725764887e-06,1.2707513339063923e-05
17.37,ABORT,-0.00021199730772831528,0.0009857219390858078,0.0006452158627267522,-0.003000054284420453,0.0008112860499870644,-0.0037722293123239495,0.0006468520942654737,-0.003007662255212282,0.00025449130939194167,-0.0011833059092231331,-2.7177963158530146e-06,1.2636912625023237e-05
17.37,ABORT,-0.00021199730772831528,0.0009857219390858078,0.0006452158627267522,-0.003000054284420453,0.0008112860499870644,-0.0037722293123239495,0.0006468520942654737,-0.003007662255212282,0.00025449130939194167,-0.0011833059092231331,-2.7177963158530146e-06,1.2636912625023237e-05
17.409,ABORT,-0.00017562735167213697,0.0008799229934515352,0.0005345235486328634,-0.0026780541669921692,0.000672102971186677,-0.0033673505446821256,0.0005358790706201377,-0.002684845563396967,0.0002108311429565926,-0.0010562999934628332,-2.2515350522718053e-06,1.1280574717966164e-05
17.459,ABORT,-0.00013492272833873567,0.0007492712552149509,0.00041063863262871467,-0.0022804143341736325,0.0005163316860027772,-0.0028673633808180407,0.00041167998935991157,-0.0022861973380805143,0.00016196744274536885,-0.0008994596434864428,-1.7297035416779285e-06,9.605625084670642e-06
17.465,ABORT,-0.0001304729177545802,0.0007340149224429862,0.0003970955909467569,-0.002233981537375455,0.0004993028411995337,-0.0028089793848867462,0.0003981026032775607,-0.00223964679029241,0.00015662568565305915,-0.0008811452406043448,-1.6726571624504948e-06,9.410039558394947e-06
17.467,ABORT,-0.00012900995372617727,0.0007289509050993811,0.00039264304573361983,-0.0022185691514624946,0.0004937042686488056,-0.002789600050914145,0.00039363876665742675,-0.0022241953194260655,0.0001548694764107305,-0.0008750661614954291,-1.6539020268819187e-06,9.345119075076813e-06
17.472,ABORT,-0.000125396758904682,0.0007163383958781355,0.0003816462522416089,-0.0021801828572895325,0.00047987704326573136,-0.0027413336229289223,0.0003826140859088008,-0.00218571167974626,0.00015053203132209259,-0.000859925525886291,-1.6075810255468213e-06,9.183427252371721e-06
17.499,ABORT,-0.00010696335971793237,0.0006494473345675745,0.00032554402298826807,-0.0019765992632586496,0.00040933482848808794,-0.002485350254594669,0.0003263695845226733,-0.001981611809044943,0.00012840373193070617,-0.0007796264222705162,-1.3712656452468183e-06,8.32588673951615e-06
17.499,ABORT,-0.00010696335971793237,0.0006494473345675745,0.00032554402298826807,-0.0019765992632586496,0.00040933482848808794,-0.002485350254594669,0.0003263695845226733,-0.001981611809044943,0.00012840373193070617,-0.0007796264222705162,-1.3712656452468183e-06,8.32588673951615e-06
17.534,ABORT,-8.570414473803127e-05,0.0005660076167565994,0.00026084139595429837,-0.001722649672624796,0.00032797858518629486,-0.0021660373359530163,0.0002615028752255312,-0.0017270182163748018,0.00010288319341606768,-0.0006794615509872338,-1.0987234286996577e-06,7.256193166081239e-06
17.534,ABORT,-8.570414473803127e-05,0.0005660076167565994,0.00026084139595429837,-0.001722649672624796,0.00032797858518629486,-0.0021660373359530163,0.0002615028752255312,-0.0017270182163748018,0.00010288319341606768,-0.0006794615509872338,-1.0987234286996577e-06,7.256193166081239e-06
17.546,ABORT,-7.907870783043468e-05,0.0005383125442956921,0.00024067681445048492,-0.0016383594509110158,0.0003026239021679117,-0.0020600519053752394,0.0002412871574646487,-0.0016425142393472708,9.492971451590705e-05,-0.0006462151134272174,-1.0137856141050592e-06,6.901143534988765e-06
17.552,ABORT,-7.588988665060623e-05,0.0005246485146554378,0.00023097160625387345,-0.0015967728441416557,0.00029042069936868753,-0.0020077614458758456,0.00023155733739988957,-0.0016008221712563355,9.110170704653385e-05,-0.000629812184390142,-9.729050645013073e-07,6.725971265991931e-06
17.609,ABORT,-4.95563688763731e-05,0.0004013587860609528,0.0001508252894378767,-0.0012215393590901257,0.00018964576101569014,-0.00153594773282822,0.00015120777398246535,-0.0012246371149585073,5.948974229531487e-05,-0.0004818095290696434,-6.353105056025631e-07,5.145402277889383e-06
17.619,ABORT,-4.5644803193516104e-05,0.00038102195218640876,0.00013892040133471964,-0.0011596440078986353,0.00017467670925690182,-0.0014581213217283856,0.00013927269574526627,-0.0011625848005992303,5.4794119114673356e-05,-0.0004573962592169346,-5.851644027298419e-07,4.884684947218452e-06
17.663,ABORT,-3.076895360941238e-05,0.0002965462140866683,9.364560880998837e-05,-0.0009025412794651504,0.00011774877286652163,-0.0011348436885496214,9.388308886503632e-05,-0.0009048300739473866,3.6936465734341284e-05,-0.0003559877015742838,-3.944566544660281e-07,3.80170963849111e-06
17.701999999999998,ABORT,-2.0544519281210857e-05,0.00022898220725783998,6.252744374150507e-05,-0.0006969095692209552,7.862119606677487e-05,-0.0008762850454761661,6.268600986083714e-05,-0.0006986768931239636,2.4662584957936204e-05,-0.0002748807632367928,-2.633798486016632e-07,2.9355419931973263e-06
17.701999999999998,ABORT,-2.0544519281210857e-05,0.00022898220725783998,6.252744374150507e-05,-0.0006969095692209552,7.862119606677487e-05,-0.0008762850454761661,6.268600986083714e-05,-0.0006986768931239636,2.4662584957936204e-05,-0.0002748807632367928,-2.633798486016632e-07,2.9355419931973263e-06
17.737,ABORT,-1.3498182204653084e-05,0.00017470719267957522,4.1081848490165385e-05,-0.0005317230358122356,5.1655782991606725e-05,-0.0006685816427205971,4.118602977282171e-05,-0.0005330714558547695,1.6203838154753292e-05,-0.00020972654182096855,-1.7304611204559182e-07,2.239738653785512e-06
17.738,ABORT,-1.3324204327723466e-05,0.00017324944218687595,4.055234513391376e-05,-0.0005272863580455883,5.098999234515178e-05,-0.000663003021691106,4.065518362551118e-05,-0.0005286235269200894,1.5994987117070453e-05,-0.00020797659114645702,-1.7081572318816804e-07,2.221050355519157e-06
17.763,ABORT,-9.43374106681695e-06,0.00013855229665735773,2.8711682456685622e-05,-0.0004216852590180767,3.6101696803181316e-05,-0.0005302215706240776,2.8784493686349194e-05,-0.0004227546293793447,1.1324696253386599e-05,-0.00016632454333231192,-1.209401524521512e-07,1.7762344505379973e-06
17.805,ABORT,-4.7085064611984695e-06,8.81560070194356e-05,1.4330385093425796e-05,-0.0002683036625940764,1.8018840188004093e-05,-0.00033736154238847934,1.4366726152917342e-05,-0.0002689840657584314,5.652307510085192e-06,-0.00010582652156079627,-6.036284918209314e-08,1.1301561971002927e-06
17.83,ABORT,-2.82541940318376e-06,6.312954079802802e-05,8.599191363912323e-06,-0.00019213536985924083,1.0812511591434815e-05,-0.00024158851987481406,8.620998434894639e-06,-0.00019262261446996584,3.3917632785169377e-06,-7.578360155210728e-05,-3.622175454488666e-08,8.093179825767011e-07
17.839,ABORT,-2.2939058819532177e-06,5.506982063376127e-05,6.981524805663858e-06,-0.00016760553334929835,8.77847866066761e-06,-0.00021074502187884547,6.999229564232795e-06,-0.00016803057165906902,2.7537100247918694e-06,-6.610834312587531e-05,-2.9407774191538417e-08,7.059927186666416e-07
17.861,ABORT,-1.28079264672884e-06,3.755441965330563e-05,3.898104845707212e-06,-0.00011429724054261475,4.901426430135858e-06,-0.0001437158665200229,3.907990222772745e-06,-0.00011458709198702048,1.5375223450624087e-06,-4.5082050962988176e-05,-1.6419706334717434e-08,4.814460356664202e-07
17.882,ABORT,-6.415931244774936e-07,2.381573257941854e-05,1.952694898655488e-06,-7.248341314971658e-05,2.455293216852006e-06,-9.113970275823452e-05,1.9576468243028e-06,-7.266722705368453e-05,7.701978675805909e-07,-2.8589499712099486e-05,-8.225196105866948e-09,3.053166615994664e-07
17.889,ABORT,-4.887804147309799e-07,1.990120438137611e-05,1.4876079340517268e-06,-6.0569508602848655e-05,1.8704989050433163e-06,-7.61593138401698e-05,1.491380425027583e-06,-6.072310950757859e-05,5.867544691159909e-07,-2.3890320192102046e-05,-6.266143776314961e-09,2.5513257941019325e-07
17.917,ABORT,-1.1571519467970526e-07,7.670608904722085e-06,3.521803175997318e-07,-2.3345572616621997e-05,4.4282695955272233e-07,-2.9354419949911367e-05,3.5307342729357094e-07,-2.3404775690215746e-05,1.389098367617081e-07,-9.208151390761627e-06,-1.4834637909218315e-09,9.833687439238392e-08
17.924,ABORT,-6.986376671277994e-08,5.4891863246624355e-06,2.1263105176236308e-07,-1.6706391831512395e-05,2.673595242350113e-07,-2.100640021657963e-05,2.1317027228129337e-07,-1.674875831192945e-05,8.386767577465981e-08,-6.589471490128255e-06,-8.956504675422397e-10,7.03711312660489e-08
17.938,ABORT,-1.7694056527253754e-08,2.2050938191862587e-06,5.385203269425709e-08,-6.711224431033912e-06,6.771284683654288e-08,-8.438606478489543e-06,5.398859845295867e-08,-6.728243722889352e-06,2.1240758490623235e-08,-2.6470959437652987e-06,-2.268370393729074e-10,2.8269207388119036e-08
17.946,ABORT,-5.2584904746549865e-09,9.839894948121418e-07,1.600426677295097e-08,-2.9947815734665386e-06,2.012355728581161e-08,-3.76559947401767e-06,1.6044852703400725e-08,-3.002376172956675e-06,6.3125335913322145e-09,-1.1812262035118752e-06,-6.74136204487346e-11,1.2614702764365835e-08
17.946,ABORT,-5.2584904746549865e-09,9.839894948121418e-07,1.600426677295097e-08,-2.9947815734665386e-06,2.012355728581161e-08,-3.76559947401767e-06,1.6044852703400725e-08,-3.002376172956675e-06,6.3125335913322145e-09,-1.1812262035118752e-06,-6.74136204487346e-11,1.2614702764365835e-08
17.974,ABORT,0.0,0.0,0.0,-0.0,0.0,-0.0,0.0,-0.0,0.0,-0.0,0.0,0.0
17.99,ABORT,0.0,0.0,0.0,-0.0,0.0,-0.0,0.0,-0.0,0.0,-0.0,0.0,0.0
18.004,ABORT,0.0,0.0,0.0,-0.0,0.0,-0.0,0.0,-0.0,0.0,-0.0,0.0,0.0
18.013,ABORT,0.0,0.0,0.0,-0.0,0.0,-0.0,0.0,-0.0,0.0,-0.0,0.0,0.0
18.028,ABORT,0.0,0.0,0.0,-0.0,0.0,-0.0,0.0,-0.0,0.0,-0.0,0.0,0.0
18.037,ABORT,0.0,0.0,0.0,-0.0,0.0,-0.0,0.0,-0.0,0.0,-0.0,0.0,0.0
18.056,ABORT,0.0,0.0,0.0,-0.0,0.0,-0.0,0.0,-0.0,0.0,-0.0,0.0,0.0
18.063,ABORT,0.0,0.0,0.0,-0.0,0.0,-0.0,0.0,-0.0,0.0,-0.0,0.0,0.0
18.078,ABORT,0.0,0.0,0.0,-0.0,0.0,-0.0,0.0,-0.0,0.0,-0.0,0.0,0.0
18.09,ABORT,0.0,0.0,0.0,-0.0,0.0,-0.0,0.0,-0.0,0.0,-0.0,0.0,0.0
18.122,ABORT,0.0,0.0,0.0,-0.0,0.0,-0.0,0.0,-0.0,0.0,-0.0,0.0,0.0
18.161,ABORT,0.0,0.0,0.0,-0.0,0.0,-0.0,0.0,-0.0,0.0,-0.0,0.0,0.0
18.197,ABORT,0.0,0.0,0.0,-0.0,0.0,-0.0,0.0,-0.0,0.0,-0.0,0.0,0.0
18.199,ABORT,0.0,0.0,0.0,-0.0,0.0,-0.0,0.0,-0.0,0.0,-0.0,0.0,0.0
18.21,ABORT,0.0,0.0,0.0,-0.0,0.0,-0.0,0.0,-0.0,0.0,-0.0,0.0,0.0
18.21,ABORT,0.0,0.0,0.0,-0.0,0.0,-0.0,0.0,-0.0,0.0,-0.0,0.0,0.0
18.233,ABORT,0.0,0.0,0.0,-0.0,0.0,-0.0,0.0,-0.0,0.0,-0.0,0.0,0.0
18.236,ABORT,0.0,0.0,0.0,-0.0,0.0,-0.0,0.0,-0.0,0.0,-0.0,0.0,0.0
18.262,ABORT,0.0,0.0,0.0,-0.0,0.0,-0.0,0.0,-0.0,0.0,-0.0,0.0,0.0
18.262,ABORT,0.0,0.0,0.0,-0.0,0.0,-0.0,0.0,-0.0,0.0,-0.0,0.0,0.0
18.293,ABORT,0.0,0.0,0.0,-0.0,0.0,-0.0,0.0,-0.0,0.0,-0.0,0.0,0.0
18.314,ABORT,0.0,0.0,0.0,-0.0,0.0,-0.0,0.0,-0.0,0.0,-0.0,0.0,0.0
18.319,ABORT,0.0,0.0,0.0,-0.0,0.0,-0.0,0.0,-0.0,0.0,-0.0,0.0,0.0
18.361,ABORT,0.0,0.0,0.0,-0.0,0.0,-0.0,0.0,-0.0,0.0,-0.0,0.0,0.0
18.37,ABORT,0.0,0.0,0.0,-0.0,0.0,-0.0,0.0,-0.0,0.0,-0.0,0.0,0.0
18.389,ABORT,0.0,0.0,0.0,-0.0,0.0,-0.0,0.0,-0.0,0.0,-0.0,0.0,0.0
18.389,ABORT,0.0,0.0,0.0,-0.0,0.0,-0.0,0.0,-0.0,0.0,-0.0,0.0,0.0
18.41,ABORT,0.0,0.0,0.0,-0.0,0.0,-0.0,0.0,-0.0,0.0,-0.0,0.0,0.0
18.41,ABORT,0.0,0.0,0.0,-0.0,0.0,-0.0,0.0,-0.0,0.0,-0.0,0.0,0.0
18.444,ABORT,0.0,0.0,0.0,-0.0,0.0,-0.0,0.0,-0.0,0.0,-0.0,0.0,0.0
18.447,ABORT,0.0,0.0,0.0,-0.0,0.0,-0.0,0.0,-0.0,0.0,-0.0,0.0,0.0
18.458,ABORT,0.0,0.0,0.0,-0.0,0.0,-0.0,0.0,-0.0,0.0,-0.0,0.0,0.0
18.481,ABORT,0.0,0.0,0.0,-0.0,0.0,-0.0,0.0,-0.0,0.0,-0.0,0.0,0.0
18.482,ABORT,0.0,0.0,0.0,-0.0,0.0,-0.0,0.0,-0.0,0.0,-0.0,0.0,0.0
18.51,ABORT,0.0,0.0,0.0,-0.0,0.0,-0.0,0.0,-0.0,0.0,-0.0,0.0,0.0
18.52,ABORT,0.0,0.0,0.0,-0.0,0.0,-0.0,0.0,-0.0,0.0,-0.0,0.0,0.0
18.536,ABORT,0.0,0.0,0.0,-0.0,0.0,-0.0,0.0,-0.0,0.0,-0.0,0.0,0.0
18.56,ABORT,0.0,0.0,0.0,-0.0,0.0,-0.0,0.0,-0.0,0.0,-0.0,0.0,0.0
18.561,ABORT,0.0,0.0,0.0,-0.0,0.0,-0.0,0.0,-0.0,0.0,-0.0,0.0,0.0
18.591,ABORT,0.0,0.0,0.0,-0.0,0.0,-0.0,0.0,-0.0,0.0,-0.0,0.0,0.0
18.591,ABORT,0.0,0.0,0.0,-0.0,0.0,-0.0,0.0,-0.0,0.0,-0.0,0.0,0.0
18.63,ABORT,0.0,0.0,0.0,-0.0,0.0,-0.0,0.0,-0.0,0.0,-0.0,0.0,0.0
18.673000000000002,ABORT,0.0,0.0,0.0,-0.0,0.0,-0.0,0.0,-0.0,0.0,-0.0,0.0,0.0
18.708,ABORT,0.0,0.0,0.0,-0.0,0.0,-0.0,0.0,-0.0,0.0,-0.0,0.0,0.0
18.708,ABORT,0.0,0.0,0.0,-0.0,0.0,-0.0,0.0,-0.0,0.0,-0.0,0.0,0.0
18.768,ABORT,0.0,0.0,0.0,-0.0,0.0,-0.0,0.0,-0.0,0.0,-0.0,0.0,0.0
18.768,ABORT,0.0,0.0,0.0,-0.0,0.0,-0.0,0.0,-0.0,0.0,-0.0,0.0,0.0
18.801,ABORT,0.0,0.0,0.0,-0.0,0.0,-0.0,0.0,-0.0,0.0,-0.0,0.0,0.0
18.838,ABORT,0.0,0.0,0.0,-0.0,0.0,-0.0,0.0,-0.0,0.0,-0.0,0.0,0.0
18.838,ABORT,0.0,0.0,0.0,-0.0,0.0,-0.0,0.0,-0.0,0.0,-0.0,0.0,0.0
18.873,ABORT,0.0,0.0,0.0,-0.0,0.0,-0.0,0.0,-0.0,0.0,-0.0,0.0,0.0
18.874,ABORT,0.0,0.0,0.0,-0.0,0.0,-0.0,0.0,-0.0,0.0,-0.0,0.0,0.0
18.897,ABORT,0.0,0.0,0.0,-0.0,0.0,-0.0,0.0,-0.0,0.0,-0.0,0.0,0.0
18.902,ABORT,0.0,0.0,0.0,-0.0,0.0,-0.0,0.0,-0.0,0.0,-0.0,0.0,0.0
18.925,ABORT,0.0,0.0,0.0,-0.0,0.0,-0.0,0.0,-0.0,0.0,-0.0,0.0,0.0
