sim_time_s,wall_time_s,state,active_reference_kind,active_joint_reference_kind,ref_px,ref_py,ref_pz,px,py,pz,vx,vy,vz,roll_rad,pitch_rad,yaw_rad,wx,wy,wz,position_error_m,position_error_to_active_reference_m,position_error_to_final_hold_m,position_error_to_initial_m,takeoff_transition_error_m,joint_error_to_active_reference_deg,joint_error_to_neutral_deg,max_joint_error_to_active_reference_deg,max_joint_error_to_neutral_deg,speed_mps,yaw_error_rad,max_joint_error_rad,offboard,armed,q_shoulder_pan_joint,qd_shoulder_pan_joint,qcmd_shoulder_pan_joint,effort_shoulder_pan_joint,qref_shoulder_pan_joint,q_shoulder_lift_joint,qd_shoulder_lift_joint,qcmd_shoulder_lift_joint,effort_shoulder_lift_joint,qref_shoulder_lift_joint,q_elbow_joint,qd_elbow_joint,qcmd_elbow_joint,effort_elbow_joint,qref_elbow_joint,q_wrist_1_joint,qd_wrist_1_joint,qcmd_wrist_1_joint,effort_wrist_1_joint,qref_wrist_1_joint,q_wrist_roll_joint,qd_wrist_roll_joint,qcmd_wrist_roll_joint,effort_wrist_roll_joint,qref_wrist_roll_joint,q_left_knuckle_joint,qd_left_knuckle_joint,qcmd_left_knuckle_joint,effort_left_knuckle_joint,qref_left_knuckle_joint
7.85,0.14208424600019498,ARM_NEUTRALIZE,INITIAL_HOLD,ARM_NEUTRALIZE_PROFILE,0.007133017294108868,0.00721804378554225,0.06538005918264389,0.007133017294108868,0.00721804378554225,0.06538005918264389,0.03685572370886803,-0.0008655457058921456,0.06200752779841423,-0.0214297508235544,0.027627937967078874,-0.07124345856203378,0.0009088945225812495,-0.006558381021022797,0.0002380872901994743,0.0,0.0,0.9346750311553456,0.0,nan,"[0.0, 0.0, 0.0, 0.0, 0.0, 0.0]","[14.020309559578006, -6.550076175902022, 9.92368040039264, 7.959505849150509, -0.6422648832017223, -0.06337869325804325]",0.0,14.020309559578006,0.07213894262563403,-0.07124345856203376,0.0,False,False,0.24470056396347228,0.0423743176736944,0.24470056396347228,nan,0.24470056396347228,-0.11432039552592954,-0.002786264373102856,-0.11432039552592954,nan,-0.11432039552592954,0.17320089690248075,0.006599512383022671,0.17320089690248075,nan,0.17320089690248075,0.1389195838994235,0.007154035890360479,0.1389195838994235,nan,0.1389195838994235,-0.011209636881806873,-0.0719933439118004,-0.011209636881806873,nan,-0.011209636881806873,-0.001106166872964387,-0.049403058454533216,-0.001106166872964387,nan,-0.001106166872964387
7.85,0.17810563300008653,ARM_NEUTRALIZE,INITIAL_HOLD,ARM_NEUTRALIZE_PROFILE,0.007133017294108868,0.00721804378554225,0.06538005918264389,0.007133017294108868,0.00721804378554225,0.06538005918264389,0.03685572370886803,-0.0008655457058921456,0.06200752779841423,-0.0214297508235544,0.027627937967078874,-0.07124345856203378,0.0009088945225812495,-0.006558381021022797,0.0002380872901994743,0.0,0.0,0.9346750311553456,0.0,nan,"[0.0, 0.0, 0.0, 0.0, 0.0, 0.0]","[14.020309559578006, -6.550076175902022, 9.92368040039264, 7.959505849150509, -0.6422648832017223, -0.06337869325804325]",0.0,14.020309559578006,0.07213894262563403,-0.07124345856203376,0.0,False,False,0.24470056396347228,0.0423743176736944,0.24470056396347228,nan,0.24470056396347228,-0.11432039552592954,-0.002786264373102856,-0.11432039552592954,nan,-0.11432039552592954,0.17320089690248075,0.006599512383022671,0.17320089690248075,nan,0.17320089690248075,0.1389195838994235,0.007154035890360479,0.1389195838994235,nan,0.1389195838994235,-0.011209636881806873,-0.0719933439118004,-0.011209636881806873,nan,-0.011209636881806873,-0.001106166872964387,-0.049403058454533216,-0.001106166872964387,nan,-0.001106166872964387
7.858,0.2505525899996428,ARM_NEUTRALIZE,INITIAL_HOLD,ARM_NEUTRALIZE_PROFILE,0.007133017294108868,0.00721804378554225,0.06538005918264389,0.007133017294108868,0.00721804378554225,0.06538005918264389,0.03685572370886803,-0.0008655457058921456,0.06200752779841423,-0.0214297508235544,0.027627937967078874,-0.07124345856203378,0.0009088945225812495,-0.006558381021022797,0.0002380872901994743,0.0,0.0,0.9346750311553456,0.0,nan,"[0.04672432352454758, -0.005508320736312962, 0.004915468216583019, 0.0048843354209347385, 0.02754290164022388, -0.0012987628570687608]","[14.067031235059765, -6.55558325951287, 9.92859399430465, 7.96438868124429, -0.6147218602556966, -0.06467744414465652]",0.04672432352454758,14.067031235059765,0.07213894262563403,-0.07124345856203376,0.0008154932862703967,False,False,0.24551601103267728,0.04282267606900179,0.2447005177464069,nan,0.2447005177464069,-0.11441651226712146,-0.0032207293749451265,-0.11432037393401692,nan,-0.11432037393401692,0.17328665529435128,0.006594996028812597,0.17320086418969477,nan,0.17320086418969477,0.13900480539628202,0.006917840749625861,0.13891955766141492,nan,0.13891955766141492,-0.010728920445446377,0.7959098473595296,-0.01120963476462123,nan,-0.01120963476462123,-0.001128834352098984,-0.06342016408289859,-0.0011061666640405257,nan,-0.0011061666640405257
7.862,0.32828119399982825,ARM_NEUTRALIZE,INITIAL_HOLD,ARM_NEUTRALIZE_PROFILE,0.007133017294108868,0.00721804378554225,0.06538005918264389,0.007133017294108868,0.00721804378554225,0.06538005918264389,0.03685572370886803,-0.0008655457058921456,0.06200752779841423,-0.0214297508235544,0.027627937967078874,-0.07124345856203378,0.0009088945225812495,-0.006558381021022797,0.0002380872901994743,0.0,0.0,0.9346750311553456,0.0,nan,"[0.046730594728029505, -0.005511250547552297, 0.004919907021504227, 0.004887895661924876, 0.02754261435885145, -0.0012987912059921768]","[14.067031235059765, -6.55558325951287, 9.92859399430465, 7.96438868124429, -0.6147218602556966, -0.06467744414465652]",0.046730594728029505,14.067031235059765,0.07213894262563403,-0.07124345856203376,0.0008156027394192189,False,False,0.24551601103267728,0.04282267606900179,0.24470040829325806,nan,0.24470040829325806,-0.11441651226712146,-0.0032207293749451265,-0.11432032279916433,nan,-0.11432032279916433,0.17328665529435128,0.006594996028812597,0.17320078671793404,nan,0.17320078671793404,0.13900480539628202,0.006917840749625861,0.13891949552348748,nan,0.13891949552348748,-0.010728920445446377,0.7959098473595296,-0.011209629750615402,nan,-0.011209629750615402,-0.001128834352098984,-0.06342016408289859,-0.0011061661692584727,nan,-0.0011061661692584727
7.878,0.4025730610001119,ARM_NEUTRALIZE,INITIAL_HOLD,ARM_NEUTRALIZE_PROFILE,0.007133017294108868,0.00721804378554225,0.06538005918264389,0.006615008693188429,0.0070593212731182575,0.06554427742958069,0.03643041104078293,-0.00150715047493577,0.06158943101763725,-0.02139956339881184,0.027586644801836143,-0.07115778873509282,0.00109100213740021,-0.004997056908905506,-0.0007965216645970934,0.0005661213467135204,0.0005661213467135204,0.9345057997687615,0.0005661213467135204,nan,"[0.09279602477436193, -0.01133480028166134, 0.009496167793028669, 0.009638713035738862, -0.002309316994420605, -0.0036652047627804565]","[14.11299318394938, -6.561358464418615, 9.933097010336294, 7.969080751065586, -0.644569051177757, -0.06704338991573283]",0.09279602477436193,14.11299318394938,0.0715730701048292,-0.07115778873509282,0.0016195961650748436,False,False,0.24631819837143443,0.03573498882156746,0.24469860220635958,nan,0.24469860220635958,-0.11451730860770404,-0.0024173225642100307,-0.11431947902273307,nan,-0.11431947902273307,0.17336524775037354,0.007143061959358148,0.17319950835606335,nan,0.17319950835606335,0.13908669746339708,0.008651087314696212,0.13891847018526854,nan,0.13891847018526854,-0.011249852199507693,-0.13403869183499473,-0.011209547014482794,nan,-0.011209547014482794,-0.0011701278957279015,-0.055282583750278586,-0.0011061580048576049,nan,-0.0011061580048576049
7.878,0.47801887300011003,ARM_NEUTRALIZE,INITIAL_HOLD,ARM_NEUTRALIZE_PROFILE,0.007133017294108868,0.00721804378554225,0.06538005918264389,0.006615008693188429,0.0070593212731182575,0.06554427742958069,0.03643041104078293,-0.00150715047493577,0.06158943101763725,-0.02139956339881184,0.027586644801836143,-0.07115778873509282,0.00109100213740021,-0.004997056908905506,-0.0007965216645970934,0.0005661213467135204,0.0005661213467135204,0.9345057997687615,0.0005661213467135204,nan,"[0.09279602477436193, -0.01133480028166134, 0.009496167793028669, 0.009638713035738862, -0.002309316994420605, -0.0036652047627804565]","[14.11299318394938, -6.561358464418615, 9.933097010336294, 7.969080751065586, -0.644569051177757, -0.06704338991573283]",0.09279602477436193,14.11299318394938,0.0715730701048292,-0.07115778873509282,0.0016195961650748436,False,False,0.24631819837143443,0.03573498882156746,0.24469860220635958,nan,0.24469860220635958,-0.11451730860770404,-0.0024173225642100307,-0.11431947902273307,nan,-0.11431947902273307,0.17336524775037354,0.007143061959358148,0.17319950835606335,nan,0.17319950835606335,0.13908669746339708,0.008651087314696212,0.13891847018526854,nan,0.13891847018526854,-0.011249852199507693,-0.13403869183499473,-0.011209547014482794,nan,-0.011209547014482794,-0.0011701278957279015,-0.055282583750278586,-0.0011061580048576049,nan,-0.0011061580048576049
7.896,0.5549596159999055,ARM_NEUTRALIZE,INITIAL_HOLD,ARM_NEUTRALIZE_PROFILE,0.007133017294108868,0.00721804378554225,0.06538005918264389,0.006334559991955757,0.006953665986657143,0.0658213198184967,0.03626687824726105,-0.0013139239745214581,0.061455730348825455,-0.02136641946475475,0.027547613435559157,-0.07101094156968207,0.0011993374209851027,-0.0050351060926914215,-0.0004478953196667129,0.0009498108404615033,0.0009498108404615033,0.9342260361532434,0.0009498108404615033,nan,"[0.13796896950475382, -0.01701146173769139, 0.014128552688700783, 0.014640076530790328, 0.007968073871764616, -0.003884200674288157]","[14.157784645489171, -6.5668569027086265, 9.937459378564677, 7.973865541761439, -0.6342741847161997, -0.06726066133563659]",0.13796896950475382,14.157784645489171,0.07137100004007248,-0.07101094156968207,0.0024080127834416043,False,False,0.2470999568520842,0.04064426937499415,0.2446919440686426,nan,0.2446919440686426,-0.11461327445958247,-0.005560206443971783,-0.11431636844168272,nan,-0.11431636844168272,0.17344138543914323,0.0019310100094116706,0.1731947956761839,nan,0.1731947956761839,0.1391702078150585,0.0012637099526969578,0.13891469027685227,nan,0.13891469027685227,-0.01107017288370038,-0.14888810774482233,-0.011209242007804805,nan,-0.011209242007804805,-0.0011739199973757053,-0.05910622353280521,-0.001106127906801193,nan,-0.001106127906801193
7.918,0.6327159209995443,ARM_NEUTRALIZE,INITIAL_HOLD,ARM_NEUTRALIZE_PROFILE,0.007133017294108868,0.00721804378554225,0.06538005918264389,0.005718892440199852,0.006820933427661657,0.06587938219308853,0.035173073410987854,-0.0016044351505115628,0.06128544360399246,-0.02134722805880633,0.027437811543885908,-0.07082596288506363,0.0007446490926668048,-0.006780161522328854,0.0006877272971905777,0.0015513765524651797,0.0015513765524651797,0.9341630261766588,0.0015513765524651797,nan,"[0.1820028720464492, -0.022391374709551014, 0.01942839694092122, 0.020636268027416003, 0.019927744872868948, -0.004960331816586667]","[14.200734688589817, -6.571730452973396, 9.941992058964615, 7.979246412638786, -0.6222648625391101, -0.06833189290030758]",0.1820028720464492,14.200734688589817,0.0706797347410492,-0.07082596288506363,0.0031765493652964882,False,False,0.24784957651806394,0.03941230499389508,0.24467302715276745,nan,0.24467302715276745,-0.11469833395796414,-0.0033875605050138332,-0.11430753074523468,nan,-0.11430753074523468,0.17352049563606275,0.005434318509008726,0.17318140614105929,nan,0.17318140614105929,0.1392641217284929,0.0065166316044746216,0.13890395090609045,nan,0.13890395090609045,-0.010860570670777392,0.8172572434876904,-0.011208375431306374,nan,-0.011208375431306374,-0.0011926165152305046,-0.07157814693665243,-0.0011060423930396358,nan,-0.0011060423930396358
7.918,0.7046868990000803,ARM_NEUTRALIZE,INITIAL_HOLD,ARM_NEUTRALIZE_PROFILE,0.007133017294108868,0.00721804378554225,0.06538005918264389,0.005718892440199852,0.006820933427661657,0.06587938219308853,0.035173073410987854,-0.0016044351505115628,0.06128544360399246,-0.02134722805880633,0.027437811543885908,-0.07082596288506363,0.0007446490926668048,-0.006780161522328854,0.0006877272971905777,0.0015513765524651797,0.0015513765524651797,0.9341630261766588,0.0015513765524651797,nan,"[0.1820028720464492, -0.022391374709551014, 0.01942839694092122, 0.020636268027416003, 0.019927744872868948, -0.004960331816586667]","[14.200734688589817, -6.571730452973396, 9.941992058964615, 7.979246412638786, -0.6222648625391101, -0.06833189290030758]",0.1820028720464492,14.200734688589817,0.0706797347410492,-0.07082596288506363,0.0031765493652964882,False,False,0.24784957651806394,0.03941230499389508,0.24467302715276745,nan,0.24467302715276745,-0.11469833395796414,-0.0033875605050138332,-0.11430753074523468,nan,-0.11430753074523468,0.17352049563606275,0.005434318509008726,0.17318140614105929,nan,0.17318140614105929,0.1392641217284929,0.0065166316044746216,0.13890395090609045,nan,0.13890395090609045,-0.010860570670777392,0.8172572434876904,-0.011208375431306374,nan,-0.011208375431306374,-0.0011926165152305046,-0.07157814693665243,-0.0011060423930396358,nan,-0.0011060423930396358
7.9350000000000005,0.7758182170000509,ARM_NEUTRALIZE,INITIAL_HOLD,ARM_NEUTRALIZE_PROFILE,0.007133017294108868,0.00721804378554225,0.06538005918264389,0.0049940538592636585,0.006764531135559082,0.06577617675065994,0.034095246344804764,-0.0019199713133275509,0.060170091688632965,-0.021364787590439378,0.027276372687948514,-0.07066817750222873,-0.000324156426358968,-0.0063106706365942955,-0.0005758831975981586,0.0022221042790540957,0.0022221042790540957,0.9342616610896796,0.0022221042790540957,nan,"[0.18348010508760754, -0.023081515601806962, 0.02047399358164185, 0.021474911780728346, 0.019860073406514356, -0.004967009636315856]","[14.200734688589817, -6.571730452973396, 9.941992058964615, 7.979246412638786, -0.6222648625391101, -0.06833189290030758]",0.18348010508760754,14.200734688589817,0.06918534560855659,-0.07066817750222873,0.0032023319456839505,False,False,0.24784957651806394,0.03941230499389508,0.24464724457238,nan,0.24464724457238,-0.11469833395796414,-0.0033875605050138332,-0.11429548551436217,nan,-0.11429548551436217,0.17352049563606275,0.005434318509008726,0.17316315703703092,nan,0.17316315703703092,0.1392641217284929,0.0065166316044746216,0.13888931381134387,nan,0.13888931381134387,-0.010860570670777392,0.8172572434876904,-0.011207194341408834,nan,-0.011207194341408834,-0.0011926165152305046,-0.07157814693665243,-0.0011059258430985068,nan,-0.0011059258430985068
7.9350000000000005,0.8521945860002234,ARM_NEUTRALIZE,INITIAL_HOLD,ARM_NEUTRALIZE_PROFILE,0.007133017294108868,0.00721804378554225,0.06538005918264389,0.0049940538592636585,0.006764531135559082,0.06577617675065994,0.034095246344804764,-0.0019199713133275509,0.060170091688632965,-0.021364787590439378,0.027276372687948514,-0.07066817750222873,-0.000324156426358968,-0.0063106706365942955,-0.0005758831975981586,0.0022221042790540957,0.0022221042790540957,0.9342616610896796,0.0022221042790540957,nan,"[0.18348010508760754, -0.023081515601806962, 0.02047399358164185, 0.021474911780728346, 0.019860073406514356, -0.004967009636315856]","[14.200734688589817, -6.571730452973396, 9.941992058964615, 7.979246412638786, -0.6222648625391101, -0.06833189290030758]",0.18348010508760754,14.200734688589817,0.06918534560855659,-0.07066817750222873,0.0032023319456839505,False,False,0.24784957651806394,0.03941230499389508,0.24464724457238,nan,0.24464724457238,-0.11469833395796414,-0.0033875605050138332,-0.11429548551436217,nan,-0.11429548551436217,0.17352049563606275,0.005434318509008726,0.17316315703703092,nan,0.17316315703703092,0.1392641217284929,0.0065166316044746216,0.13888931381134387,nan,0.13888931381134387,-0.010860570670777392,0.8172572434876904,-0.011207194341408834,nan,-0.011207194341408834,-0.0011926165152305046,-0.07157814693665243,-0.0011059258430985068,nan,-0.0011059258430985068
7.939,0.9277497940001922,ARM_NEUTRALIZE,INITIAL_HOLD,ARM_NEUTRALIZE_PROFILE,0.007133017294108868,0.00721804378554225,0.06538005918264389,0.0049940538592636585,0.006764531135559082,0.06577617675065994,0.034095246344804764,-0.0019199713133275509,0.060170091688632965,-0.021364787590439378,0.027276372687948514,-0.07066817750222873,-0.000324156426358968,-0.0063106706365942955,-0.0005758831975981586,0.0022221042790540957,0.0022221042790540957,0.9342616610896796,0.0022221042790540957,nan,"[0.22530056967108136, -0.027945976869810214, 0.024499504397090765, 0.026438866282964067, 0.021198081572107542, -0.006139366149874876]","[14.242110399568075, -6.576387132096412, 9.94570276983814, 7.983957874932691, -0.6209064803852611, -0.06950223890887734]",0.22530056967108136,14.242110399568075,0.06918534560855659,-0.07066817750222873,0.0039322367473792474,False,False,0.24857171890498808,0.03804295437339659,0.24463948215760883,nan,0.24463948215760883,-0.11477960834086964,-0.006118265035184978,-0.11429185903180528,nan,-0.11429185903180528,0.17358525975839534,0.0022439073287220594,0.17315766274155928,nan,0.17315766274155928,0.1393463522581051,0.00383276501456556,0.13888490699097286,nan,0.13888490699097286,-0.010836862429692395,0.8305280068241487,-0.011206838748232008,nan,-0.011206838748232008,-0.0012130429064676207,-0.07159226385113229,-0.0011058907531668165,nan,-0.0011058907531668165
7.951,1.0031029100000524,ARM_NEUTRALIZE,INITIAL_HOLD,ARM_NEUTRALIZE_PROFILE,0.007133017294108868,0.00721804378554225,0.06538005918264389,0.003995783627033234,0.006695982068777084,0.0658184066414833,0.03202863410115242,-0.0010436042211949825,0.058997973799705505,-0.02138280849881465,0.027274353176199546,-0.07064984927676823,-0.0005206981441006064,-0.0038244898896664385,-0.0019889471586793657,0.003210441093154583,0.003210441093154583,0.9342141359626905,0.003210441093154583,nan,"[0.226884352249175, -0.028685896091172402, 0.02562051760025263, 0.027337999546787072, 0.021125529113246822, -0.006146525625903408]","[14.242110399568075, -6.576387132096412, 9.94570276983814, 7.983957874932691, -0.6209064803852611, -0.06950223890887734]",0.226884352249175,14.242110399568075,0.06713928376611368,-0.07064984927676823,0.003959878968002706,False,False,0.24857171890498808,0.03804295437339659,0.24461183993698538,nan,0.24461183993698538,-0.11477960834086964,-0.006118265035184978,-0.11427894500519371,nan,-0.11427894500519371,0.17358525975839534,0.0022439073287220594,0.17313809737020577,nan,0.17313809737020577,0.1393463522581051,0.00383276501456556,0.13886921415510495,nan,0.13886921415510495,-0.010836862429692395,0.8305280068241487,-0.01120557246894447,nan,-0.01120557246894447,-0.0012130429064676207,-0.07159226385113229,-0.001105765796737401,nan,-0.001105765796737401
7.985,1.0793168869995498,ARM_NEUTRALIZE,INITIAL_HOLD,ARM_NEUTRALIZE_PROFILE,0.007133017294108868,0.00721804378554225,0.06538005918264389,0.0025871950201690197,0.006574142724275589,0.06593409925699234,0.02927606925368309,-0.00206950050778687,0.058831386268138885,-0.021412368905941195,0.027129182850776704,-0.07042070157392637,-0.0004645735025405884,-0.003646175377070904,-0.002249353332445025,0.004624507446953893,0.004624507446953893,0.9340926184600099,0.004624507446953893,nan,"[0.31135970548140196, -0.03895129804715245, 0.036533692557498484, 0.04018746904934117, 0.016494859460066597, -0.00745663033709101]","[14.319740115602949, -6.583454356086014, 9.951770551375583, 7.992920990208761, -0.6252235540827804, -0.07078139797380491]",0.31135970548140196,14.319740115602949,0.06574574566866771,-0.07042070157392637,0.0054342520186903,False,False,0.2499266130471849,0.02832313554629513,0.2444923610284946,nan,0.2444923610284946,-0.11490295466846412,-0.00563381714446079,-0.11422312626961567,nan,-0.11422312626961567,0.17369116252451544,-6.348014803068437e-05,0.17305352930147574,nan,0.17305352930147574,0.13950278813090833,0.00291987414276971,0.138801384477954,nan,0.138801384477954,-0.010912209579765353,0.8260573947802212,-0.011200099186997249,nan,-0.011200099186997249,-0.0012353684438073387,-0.0736806241975371,-0.001105225693321006,nan,-0.001105225693321006
8.026,1.1658768689994758,ARM_NEUTRALIZE,INITIAL_HOLD,ARM_NEUTRALIZE_PROFILE,0.007133017294108868,0.00721804378554225,0.06538005918264389,0.002096540993079543,0.006530305370688438,0.0658767968416214,0.02796659618616104,-0.0013063957449048758,0.05870220810174942,-0.021483515490974766,0.027062708797297916,-0.07032899793782994,-0.0004912794101983309,-0.00579411443322897,-0.0006731086177751414,0.005107428507570333,0.005107428507570333,0.9341483817099078,0.005107428507570333,nan,"[0.39600408882674404, -0.0487555225708759, 0.04992475708237956, 0.05545600867922107, 0.010826841497655023, -0.008275428745776275]","[14.390436944670759, -6.586742494599143, 9.955289432235105, 8.000271328077003, -0.6302526400529316, -0.07153714657888212]",0.39600408882674404,14.390436944670759,0.06503680810205247,-0.07032899793782994,0.0069115752013867715,False,False,0.2511605054851378,0.031127498832338486,0.24424893028375103,nan,0.24424893028375103,-0.11496034351177986,-0.0037506609987158802,-0.11410939911438767,nan,-0.11410939911438767,0.1737525785814995,-0.0017163578612315756,0.17288122719215362,nan,0.17288122719215362,0.13963107572784317,0.0007494584527058066,0.1386631857863762,nan,0.1386631857863762,-0.010999983688310344,0.8428475977477379,-0.011188947720035978,nan,-0.011188947720035978,-0.0012485587452832902,-0.07614038863738111,-0.0011041252666553095,nan,-0.0011041252666553095
8.045,1.207410293999601,ARM_NEUTRALIZE,INITIAL_HOLD,ARM_NEUTRALIZE_PROFILE,0.007133017294108868,0.00721804378554225,0.06538005918264389,0.0010648014722391963,0.006474869325757027,0.06553840637207031,0.026852713897824287,0.0008768641855567694,0.05743769183754921,-0.02135792533041152,0.026915742216935212,-0.07005389836886991,0.0013287062756717205,-0.005405383184552193,0.00029445244581438666,0.0061156050698901185,0.0061156050698901185,0.9344846321372069,0.0061156050698901185,nan,"[0.43616581824322875, -0.05271122950658761, 0.05671894928026843, 0.06320552510837636, 0.006059395141108684, -0.007934819698551377]","[14.421628566215773, -6.58650750306172, 9.955734514715035, 8.002928401592035, -0.6346091692852949, -0.07115598823330815]",0.43616581824322875,14.421628566215773,0.06341076862886606,-0.07005389836886992,0.007612529612999491,False,False,0.2517049019801343,0.026569539276864354,0.2440923723671348,nan,0.2440923723671348,-0.11495624213573752,0.005084874081568628,-0.11403625762807318,nan,-0.11403625762807318,0.1737603467362172,0.0022308538116777377,0.17277041432300486,nan,0.17277041432300486,0.13967745040914803,0.0030236431195821986,0.13857430589055492,nan,0.13857430589055492,-0.011076019467374465,-0.34170546175100275,-0.011181775863266158,nan,-0.011181775863266158,-0.0012419062771815703,-0.06620824358501984,-0.0011034175478897448,nan,-0.0011034175478897448
8.045,1.2792154789995038,ARM_NEUTRALIZE,INITIAL_HOLD,ARM_NEUTRALIZE_PROFILE,0.007133017294108868,0.00721804378554225,0.06538005918264389,0.0010648014722391963,0.006474869325757027,0.06553840637207031,0.026852713897824287,0.0008768641855567694,0.05743769183754921,-0.02135792533041152,0.026915742216935212,-0.07005389836886991,0.0013287062756717205,-0.005405383184552193,0.00029445244581438666,0.0061156050698901185,0.0061156050698901185,0.9344846321372069,0.0061156050698901185,nan,"[0.43616581824322875, -0.05271122950658761, 0.05671894928026843, 0.06320552510837636, 0.006059395141108684, -0.007934819698551377]","[14.421628566215773, -6.58650750306172, 9.955734514715035, 8.002928401592035, -0.6346091692852949, -0.07115598823330815]",0.43616581824322875,14.421628566215773,0.06341076862886606,-0.07005389836886992,0.007612529612999491,False,False,0.2517049019801343,0.026569539276864354,0.2440923723671348,nan,0.2440923723671348,-0.11495624213573752,0.005084874081568628,-0.11403625762807318,nan,-0.11403625762807318,0.1737603467362172,0.0022308538116777377,0.17277041432300486,nan,0.17277041432300486,0.13967745040914803,0.0030236431195821986,0.13857430589055492,nan,0.13857430589055492,-0.011076019467374465,-0.34170546175100275,-0.011181775863266158,nan,-0.011181775863266158,-0.0012419062771815703,-0.06620824358501984,-0.0011034175478897448,nan,-0.0011034175478897448
8.068,1.3554667520002113,ARM_NEUTRALIZE,INITIAL_HOLD,ARM_NEUTRALIZE_PROFILE,0.007133017294108868,0.00721804378554225,0.06538005918264389,0.0005892030894756317,0.006494767498224974,0.06539390981197357,0.02551845647394657,0.0021778722293674946,0.05738445743918419,-0.02136017313342292,0.026809637049597698,-0.07007366117358661,0.0018612726125866175,-0.0033101071603596215,-0.0025653708726167674,0.006583678665646434,0.006583678665646434,0.934628842365613,0.006583678665646434,nan,"[0.4757320382647595, -0.06263449542378528, 0.05727760892802084, 0.05760194156345949, -0.008657093829150643, 0.017594500498524047]","[14.447937444818768, -6.590237139957223, 9.946909528542601, 7.989798458795447, -0.6487183446437143, -0.04556673833413792]",0.4757320382647595,14.447937444818768,0.06284035887747377,-0.07007366117358661,0.008303090424943704,False,False,0.25216407853426404,0.010293751753492255,0.24386098810932033,nan,0.24386098810932033,-0.11502133657946789,0.017526708730796516,-0.11392815840899752,nan,-0.11392815840899752,0.17360632167106527,0.013948417322315956,0.1726066388076016,nan,0.1726066388076016,0.13944828967674905,0.007500963957817833,0.1384429461409253,nan,0.1384429461409253,-0.011322271032120135,-0.18028507054756793,-0.011171176241147373,nan,-0.011171176241147373,-0.0007952896133254228,-0.036619679547825176,-0.0011023715772684511,nan,-0.0011023715772684511
8.072,1.4280435989994658,ARM_NEUTRALIZE,INITIAL_HOLD,ARM_NEUTRALIZE_PROFILE,0.007133017294108868,0.00721804378554225,0.06538005918264389,0.0005892030894756317,0.006494767498224974,0.06539390981197357,0.02551845647394657,0.0021778722293674946,0.05738445743918419,-0.02136017313342292,0.026809637049597698,-0.07007366117358661,0.0018612726125866175,-0.0033101071603596215,-0.0025653708726167674,0.006583678665646434,0.006583678665646434,0.934628842365613,0.006583678665646434,nan,"[0.4783218952368879, -0.06384443735695346, 0.05911072914301437, 0.05907223589829827, -0.008775734161494561, 0.017582793071528848]","[14.447937444818768, -6.590237139957223, 9.946909528542601, 7.989798458795447, -0.6487183446437143, -0.04556673833413792]",0.4783218952368879,14.447937444818768,0.06284035887747377,-0.07007366117358661,0.008348291956263076,False,False,0.25216407853426404,0.010293751753492255,0.24381578657800096,nan,0.24381578657800096,-0.11502133657946789,0.017526708730796516,-0.11390704093850579,nan,-0.11390704093850579,0.17360632167106527,0.013948417322315956,0.1725746448242651,nan,0.1725746448242651,0.13944828967674905,0.007500963957817833,0.13841728466380895,nan,0.13841728466380895,-0.011322271032120135,-0.18028507054756793,-0.011169105576722311,nan,-0.011169105576722311,-0.0007952896133254228,-0.036619679547825176,-0.001102167244120448,nan,-0.001102167244120448
8.088,1.502339665999898,ARM_NEUTRALIZE,INITIAL_HOLD,ARM_NEUTRALIZE_PROFILE,0.007133017294108868,0.00721804378554225,0.06538005918264389,0.0003173445293214172,0.006523557938635349,0.06517886370420456,0.025069493800401688,0.0025006546638906,0.056860558688640594,-0.021346419654500334,0.026884705734985956,-0.06993512054301684,-0.0003663448733277619,-0.00393568305298686,-0.0024559353478252883,0.006853917525675651,0.006853917525675651,0.9348439518877422,0.006853917525675651,nan,"[0.5100661982639713, -0.05583862599159036, 0.07187716027224403, 0.06810714442504034, -0.010223093702325952, 0.026338614474003368]","[14.468437615719782, -6.576978240445362, 9.951717278508285, 7.992449932274215, -0.6496506149009627, -0.03676008792550326]",0.5100661982639713,14.468437615719782,0.062192088946591575,-0.06993512054301684,0.008902334562836484,False,False,0.2525218740137083,0.012125254187800744,0.2436195394508718,nan,0.2436195394508718,-0.11478992512779485,0.013797186657753466,-0.11381535725445191,nan,-0.11381535725445191,0.1736902327375791,0.004125413514461291,0.1724357396338448,nan,0.1724357396338448,0.13949456661898285,0.0035064755206827836,0.1383058727046346,nan,0.1383058727046346,-0.011338542217627534,-0.19460814080807382,-0.01116011557278205,nan,-0.01116011557278205,-0.0006415845676226439,-0.025506090794069573,-0.0011012801106074371,nan,-0.0011012801106074371
8.115,1.5760136620001504,ARM_NEUTRALIZE,INITIAL_HOLD,ARM_NEUTRALIZE_PROFILE,0.007133017294108868,0.00721804378554225,0.06538005918264389,-0.0002548307820688933,0.0066175321117043495,0.06479889899492264,0.024100353941321373,0.0038454122841358185,0.05631796270608902,-0.02140700536560367,0.02674395642518484,-0.06983653342371672,-0.00011649639054667205,-0.0058010569773614415,-0.004579130560159682,0.007434962046365216,0.007434962046365216,0.935224548432667,0.007434962046365216,nan,"[0.5502672412773335, -0.05647051964505069, 0.08443868182022118, 0.07548698436949468, 1.6321725357974767e-05, 0.033431304529142954]","[14.486294105889435, -6.5671710975981785, 9.948463157743346, 7.987144488894476, -0.63838760426938, -0.02956638950427505]",0.5502672412773335,14.486294105889435,0.061378556345814954,-0.06983653342371672,0.009603975126155517,False,False,0.2528335285600187,0.014324841176009028,0.2432295534338632,nan,0.2432295534338632,-0.11461875819489808,-0.009596386085036613,-0.11363316169677981,nan,-0.11363316169677981,0.17363343761597338,-0.02418323706355755,0.17215970460216665,nan,0.17215970460216665,0.13940196916372827,-0.02784935867419317,0.1380844727440791,nan,0.1380844727440791,-0.01114196559841929,-0.07839579100358635,-0.011142250466266393,nan,-0.011142250466266393,-0.0005160308447766937,-0.020093200133655013,-0.0010995171820471308,nan,-0.0010995171820471308
8.132,1.6508148040002197,ARM_NEUTRALIZE,INITIAL_HOLD,ARM_NEUTRALIZE_PROFILE,0.007133017294108868,0.00721804378554225,0.06538005918264389,-0.0008965512970462441,0.006739031057804823,0.06442666053771973,0.023326078429818153,0.004529057070612907,0.056004252284765244,-0.021408358499845407,0.026648729551077884,-0.06990761310886753,-0.0016526486724615097,-0.0055836895480752,-0.006252835504710673,0.008100147772080605,0.008100147772080605,0.9355980396818013,0.008100147772080605,nan,"[0.5830400657267045, -0.05375455447123953, 0.08984866493196597, 0.07664942331942565, -0.005225697699620334, 0.036040051887970916]","[14.502701316818799, -6.55680936577664, 9.942289436698005, 7.9790159634770434, -0.6428799213563832, -0.02688366152505803]",0.5830400657267045,14.502701316818799,0.06083662192165611,-0.06990761310886753,0.01017596881797514,False,False,0.2531198884118053,0.015041875293199456,0.2429439195938302,nan,0.2429439195938302,-0.11443791185840357,0.008693208122171753,-0.1134997178949378,nan,-0.1134997178949378,0.17352568585663253,-0.007399115263229146,0.17195753082504855,nan,0.17195753082504855,0.13926009963186203,-0.00971490666281083,0.13792231482518313,nan,0.13792231482518313,-0.011220371322631095,-0.11629696878266929,-0.011129165692058827,nan,-0.011129165692058827,-0.0004692084086039827,-0.015905745316342295,-0.0010982259766386738,nan,-0.0010982259766386738
8.136,1.7259468299998844,ARM_NEUTRALIZE,INITIAL_HOLD,ARM_NEUTRALIZE_PROFILE,0.007133017294108868,0.00721804378554225,0.06538005918264389,-0.0008965512970462441,0.006739031057804823,0.06442666053771973,0.023326078429818153,0.004529057070612907,0.056004252284765244,-0.021408358499845407,0.026648729551077884,-0.06990761310886753,-0.0016526486724615097,-0.0055836895480752,-0.006252835504710673,0.008100147772080605,0.008100147772080605,0.9355980396818013,0.008100147772080605,nan,"[0.5871594569697086, -0.0556790716386643, 0.09276440099086106, 0.07898805347265522, -0.005414405397143574, 0.036021430213970716]","[14.502701316818799, -6.55680936577664, 9.942289436698005, 7.9790159634770434, -0.6428799213563832, -0.02688366152505803]",0.5871594569697086,14.502701316818799,0.06083662192165611,-0.06990761310886753,0.010247865758343383,False,False,0.2531198884118053,0.015041875293199456,0.24287202265346194,nan,0.24287202265346194,-0.11443791185840357,0.008693208122171753,-0.11346612873385509,nan,-0.11346612873385509,0.17352568585663253,-0.007399115263229146,0.1719066416307017,nan,0.1719066416307017,0.13926009963186203,-0.00971490666281083,0.13788149802902286,nan,0.13788149802902286,-0.011220371322631095,-0.11629696878266929,-0.011125872121413189,nan,-0.011125872121413189,-0.0004692084086039827,-0.015905745316342295,-0.0010979009671151373,nan,-0.0010979009671151373
8.162,1.801157152000087,ARM_NEUTRALIZE,INITIAL_HOLD,ARM_NEUTRALIZE_PROFILE,0.007133017294108868,0.00721804378554225,0.06538005918264389,-0.0017885789275169373,0.006943909917026758,0.0638454258441925,0.02149958536028862,0.005087689962238073,0.05470583587884903,-0.02150382415578357,0.026633397423299558,-0.06989811810527861,-0.0012734464835375547,-0.004221307579427958,-0.006379947997629642,0.009056772493724326,0.009056772493724326,0.9361820355103793,0.009056772493724326,nan,"[0.6400503630265653, -0.04233863557088057, 0.09608246006777303, 0.07429967359537006, -0.008005378884239486, 0.04334482499296159]","[14.526229705389408, -6.529751206470729, 9.924824485382297, 7.957658113593806, -0.6441258094312294, -0.019427533728929653]",0.6400503630265653,14.526229705389408,0.05899868845169154,-0.06989811810527861,0.011170986213398543,False,False,0.25353053626005106,0.006648814002429277,0.24235955004665252,nan,0.24235955004665252,-0.11396565788898627,0.030442239767330136,-0.11322670929747242,nan,-0.11322670929747242,0.1732208649524729,0.008985774778165478,0.1715439096708743,nan,0.1715439096708743,0.13888733483025284,0.007424662977616361,0.13759056089285654,nan,0.13759056089285654,-0.011242116171648497,-0.1405706933348104,-0.011102395952248888,nan,-0.011102395952248888,-0.00033907442911207397,0.0004954106978440689,-0.0010955843389399817,nan,-0.0010955843389399817
8.162,1.8747224529997766,ARM_NEUTRALIZE,INITIAL_HOLD,ARM_NEUTRALIZE_PROFILE,0.007133017294108868,0.00721804378554225,0.06538005918264389,-0.0017885789275169373,0.006943909917026758,0.0638454258441925,0.02149958536028862,0.005087689962238073,0.05470583587884903,-0.02150382415578357,0.026633397423299558,-0.06989811810527861,-0.0012734464835375547,-0.004221307579427958,-0.006379947997629642,0.009056772493724326,0.009056772493724326,0.9361820355103793,0.009056772493724326,nan,"[0.6400503630265653, -0.04233863557088057, 0.09608246006777303, 0.07429967359537006, -0.008005378884239486, 0.04334482499296159]","[14.526229705389408, -6.529751206470729, 9.924824485382297, 7.957658113593806, -0.6441258094312294, -0.019427533728929653]",0.6400503630265653,14.526229705389408,0.05899868845169154,-0.06989811810527861,0.011170986213398543,False,False,0.25353053626005106,0.006648814002429277,0.24235955004665252,nan,0.24235955004665252,-0.11396565788898627,0.030442239767330136,-0.11322670929747242,nan,-0.11322670929747242,0.1732208649524729,0.008985774778165478,0.1715439096708743,nan,0.1715439096708743,0.13888733483025284,0.007424662977616361,0.13759056089285654,nan,0.13759056089285654,-0.011242116171648497,-0.1405706933348104,-0.011102395952248888,nan,-0.011102395952248888,-0.00033907442911207397,0.0004954106978440689,-0.0010955843389399817,nan,-0.0010955843389399817
8.181,1.9495379949994458,ARM_NEUTRALIZE,INITIAL_HOLD,ARM_NEUTRALIZE_PROFILE,0.007133017294108868,0.00721804378554225,0.06538005918264389,-0.0023143652360886335,0.007090579252690077,0.06343157589435577,0.021409815177321434,0.005808486137539148,0.0533759742975235,-0.02150405702021184,0.026576707234454492,-0.06989731958734503,-0.0021849926561117172,-0.004733474925160409,-0.0060494854114949695,0.009647065408908256,0.009647065408908256,0.9365981238676034,0.009647065408908256,nan,"[0.6715889530990519, -0.03987468140255443, 0.10005752090405261, 0.07315594905929194, -0.0058369648946910374, 0.043168018748425865]","[14.533376769531875, -6.515891900993701, 9.911535040982168, 7.942667013399958, -0.6408400292033689, -0.019494078282491625]",0.6715889530990519,14.533376769531875,0.057802364392358,-0.06989731958734503,0.01172143845160023,False,False,0.2536552760611883,0.007084558208944904,0.2419338376095881,nan,0.2419338376095881,-0.11372376737637246,0.00843802627293233,-0.11302782289771414,nan,-0.11302782289771414,0.17298892039192992,-0.016286549040503983,0.17124258721077115,nan,0.17124258721077115,0.13862569077337383,-0.01796070630792575,0.13734887859486794,nan,0.13734887859486794,-0.0111847684881754,-0.10097205564094446,-0.011082894232439718,nan,-0.011082894232439718,-0.00034023585067100015,0.0001564369938435832,-0.0010936599093936733,nan,-0.0010936599093936733
8.182,2.0307314319998113,ARM_NEUTRALIZE,INITIAL_HOLD,ARM_NEUTRALIZE_PROFILE,0.007133017294108868,0.00721804378554225,0.06538005918264389,-0.0023143652360886335,0.007090579252690077,0.06343157589435577,0.021409815177321434,0.005808486137539148,0.0533759742975235,-0.02150405702021184,0.026576707234454492,-0.06989731958734503,-0.0021849926561117172,-0.004733474925160409,-0.0060494854114949695,0.009647065408908256,0.009647065408908256,0.9365981238676034,0.009647065408908256,nan,"[0.6729434382065097, -0.04050747632018877, 0.10101623563544915, 0.07392490726878016, -0.005899013326335338, 0.04316189580971447]","[14.533376769531875, -6.515891900993701, 9.911535040982168, 7.942667013399958, -0.6408400292033689, -0.019494078282491625]",0.6729434382065097,14.533376769531875,0.057802364392358,-0.06989731958734503,0.011745078676394599,False,False,0.2536552760611883,0.007084558208944904,0.24191019738479372,nan,0.24191019738479372,-0.11372376737637246,0.00843802627293233,-0.11301677854291153,nan,-0.11301677854291153,0.17298892039192992,-0.016286549040503983,0.1712258544821209,nan,0.1712258544821209,0.13862569077337383,-0.01796070630792575,0.13733545774230213,nan,0.13733545774230213,-0.0111847684881754,-0.10097205564094446,-0.011081811283011826,nan,-0.011081811283011826,-0.00034023585067100015,0.0001564369938435832,-0.0010935530439532615,nan,-0.0010935530439532615
8.22,2.1067828129998816,ARM_NEUTRALIZE,INITIAL_HOLD,ARM_NEUTRALIZE_PROFILE,0.007133017294108868,0.00721804378554225,0.06538005918264389,-0.0034335155505687,0.007483264897018671,0.062292344868183136,0.019213151186704636,0.006460690870881081,0.05136152729392052,-0.021664038164686455,0.026510591822669214,-0.06968305878622924,-0.0016611864557489753,-0.003024386009201408,-0.002060869941487908,0.011011627413027941,0.011011627413027941,0.9377438001796468,0.011011627413027941,nan,"[0.7349331725887965, -0.03275396122309758, 0.11148275865506749, 0.07394065284881765, -0.010876126477112663, 0.04528195831389118]","[14.538475826677775, -6.481559923558564, 9.881733915398398, 7.910385206896646, -0.6432110027382392, -0.01711684194299513]",0.7349331725887965,14.538475826677775,0.05521677454375978,-0.06968305878622923,0.012827003643802237,False,False,0.2537442713971316,0.00029093681884557717,0.2409172677533294,nan,0.2409172677533294,-0.11312456133140891,0.019253475645944627,-0.11255289686499531,nan,-0.11255289686499531,0.17246879262969284,-0.010867010285829412,0.1705230514319557,nan,0.1705230514319557,0.13806226696139934,-0.010688940182128482,0.13677175911811335,nan,0.13677175911811335,-0.011226149782836536,-0.15578062450854763,-0.011036325565947589,nan,-0.011036325565947589,-0.0002987452494487286,0.004544928148802706,-0.0010890645137769496,nan,-0.0010890645137769496
8.257,2.185209782000129,ARM_NEUTRALIZE,INITIAL_HOLD,ARM_NEUTRALIZE_PROFILE,0.007133017294108868,0.00721804378554225,0.06538005918264389,-0.004315301775932312,0.007890104316174984,0.06122862920165062,0.0167252030223608,0.006653428077697754,0.05020402371883392,-0.021594403829308762,0.02644449101156251,-0.06951205596948097,0.0022556267213076353,-0.00446654949337244,-0.00028499669861048406,0.012196312794176472,0.012196312794176472,0.9388144450348799,0.012196312794176472,nan,"[0.79274182525943, -0.022626544124217787, 0.12080650914067809, 0.07314793861432192, 0.007883759855398785, 0.04774437360499235]","[14.530340280852375, -6.4406243761775155, 9.844381866940067, 7.872155142836437, -0.6214302385310341, -0.01435632644869464]",0.79274182525943,14.530340280852375,0.05333333403121844,-0.06951205596948097,0.013835954969046604,False,False,0.2536022793360315,-0.007667859307453706,0.23976632436698492,nan,0.23976632436698492,-0.11241010124850348,0.03137414134430126,-0.1120151935551881,nan,-0.1120151935551881,0.1718168764017305,-0.005132708427411661,0.16970840505938503,nan,0.16970840505938503,0.13739502647030033,-0.004832877755455326,0.1361183541004337,nan,0.1361183541004337,-0.010846003733820275,0.18348804302666652,-0.010983601300733536,nan,-0.010983601300733536,-0.00025056516502086623,0.0024322551527268584,-0.0010838616837302573,nan,-0.0010838616837302573
8.283,2.267779752000024,ARM_NEUTRALIZE,INITIAL_HOLD,ARM_NEUTRALIZE_PROFILE,0.007133017294108868,0.00721804378554225,0.06538005918264389,-0.004758018534630537,0.008151104673743248,0.060903869569301605,0.015916461125016212,0.007785491179674864,0.05019284412264824,-0.021582348948415465,0.02638217607287104,-0.06931076187351648,0.0017802832880988717,-0.005636095069348812,0.00043406267650425505,0.012739843372508471,0.012739843372508471,0.9391435574169102,0.012739843372508471,nan,"[0.8366865337036837, -0.02528207059693657, 0.13580845619786042, 0.0809170402223391, -0.013286618420862074, 0.047333143890642665]","[14.521436085945652, -6.418589695826284, 9.82197696330414, 7.849921258165459, -0.6401796292681956, -0.014528653133102502]",0.8366865337036837,14.521436085945652,0.05322846239347339,-0.06931076187351648,0.014602934820227786,False,False,0.2534468718176699,-0.0073749101877396625,0.2388439369974421,nan,0.2388439369974421,-0.11202552352674999,0.0165281264265792,-0.1115842681531118,nan,-0.1115842681531118,0.1714258370646915,-0.023699615148900885,0.16905553235198834,nan,0.16905553235198834,0.13700697197728307,-0.02376549909178628,0.13559470320443456,nan,0.13559470320443456,-0.01117324233492667,-0.2075289283432717,-0.010941347097026497,nan,-0.010941347097026497,-0.00025357283305282863,0.010810856596503111,-0.001079692039264782,nan,-0.001079692039264782
8.285,2.342118114999721,ARM_NEUTRALIZE,INITIAL_HOLD,ARM_NEUTRALIZE_PROFILE,0.007133017294108868,0.00721804378554225,0.06538005918264389,-0.005014853551983833,0.008338515646755695,0.06054864823818207,0.01448008045554161,0.008302713744342327,0.05021810904145241,-0.02159381815789248,0.026313588054530948,-0.06919871171157986,0.0017802832880988717,-0.005636095069348812,0.00043406267650425505,0.013121309195327484,0.013121309195327484,0.9395017413110239,0.013121309195327484,nan,"[0.8409798769708076, -0.027287855514128198, 0.13884731680582782, 0.08335442512471015, -0.01348329479239918, 0.047313735867957986]","[14.521436085945652, -6.418589695826284, 9.82197696330414, 7.849921258165459, -0.6401796292681956, -0.014528653133102502]",0.8409798769708076,14.521436085945652,0.05291943179228829,-0.06919871171157986,0.014677867796157429,False,False,0.2534468718176699,-0.0073749101877396625,0.23876900402151247,nan,0.23876900402151247,-0.11202552352674999,0.0165281264265792,-0.11154926060221997,nan,-0.11154926060221997,0.1714258370646915,-0.023699615148900885,0.16900249422887015,nan,0.16900249422887015,0.13700697197728307,-0.02376549909178628,0.1355521628127498,nan,0.1355521628127498,-0.01117324233492667,-0.2075289283432717,-0.010937914446782299,nan,-0.010937914446782299,-0.00025357283305282863,0.010810856596503111,-0.0010793533053676326,nan,-0.0010793533053676326
8.285,2.4156356169996798,ARM_NEUTRALIZE,INITIAL_HOLD,ARM_NEUTRALIZE_PROFILE,0.007133017294108868,0.00721804378554225,0.06538005918264389,-0.005014853551983833,0.008338515646755695,0.06054864823818207,0.01448008045554161,0.008302713744342327,0.05021810904145241,-0.02159381815789248,0.026313588054530948,-0.06919871171157986,0.0017802832880988717,-0.005636095069348812,0.00043406267650425505,0.013121309195327484,0.013121309195327484,0.9395017413110239,0.013121309195327484,nan,"[0.8409798769708076, -0.027287855514128198, 0.13884731680582782, 0.08335442512471015, -0.01348329479239918, 0.047313735867957986]","[14.521436085945652, -6.418589695826284, 9.82197696330414, 7.849921258165459, -0.6401796292681956, -0.014528653133102502]",0.8409798769708076,14.521436085945652,0.05291943179228829,-0.06919871171157986,0.014677867796157429,False,False,0.2534468718176699,-0.0073749101877396625,0.23876900402151247,nan,0.23876900402151247,-0.11202552352674999,0.0165281264265792,-0.11154926060221997,nan,-0.11154926060221997,0.1714258370646915,-0.023699615148900885,0.16900249422887015,nan,0.16900249422887015,0.13700697197728307,-0.02376549909178628,0.1355521628127498,nan,0.1355521628127498,-0.01117324233492667,-0.2075289283432717,-0.010937914446782299,nan,-0.010937914446782299,-0.00025357283305282863,0.010810856596503111,-0.0010793533053676326,nan,-0.0010793533053676326
8.306,2.494554660999711,ARM_NEUTRALIZE,INITIAL_HOLD,ARM_NEUTRALIZE_PROFILE,0.007133017294108868,0.00721804378554225,0.06538005918264389,-0.005543479695916176,0.00856756791472435,0.05990496277809143,0.013402082026004791,0.009290113113820553,0.05024246498942375,-0.021648038982124716,0.026335055816736782,-0.06910883680502988,0.0008091855561360717,-0.004655657336115837,-0.0008840805967338378,0.013874129592608754,0.013874129592608754,0.9401504200905162,0.013874129592608754,nan,"[0.8745406799118736, -0.02370784688255018, 0.14799982249880508, 0.08684670390008209, -0.015264258174469114, 0.04734274784557264]","[14.50791803584793, -6.393015160442799, 9.797806703248709, 7.826686280702929, -0.639803928853383, -0.014286821590198893]",0.8745406799118736,14.50791803584793,0.052822602099033444,-0.06910883680502988,0.015263614307092027,False,False,0.2532109373350151,-0.015099748366288999,0.23794732302792307,nan,0.23794732302792307,-0.11157916367964038,0.03538802344112504,-0.1111653836929812,nan,-0.1111653836929812,0.17100398644566095,-0.010733605113674265,0.16842090225068962,nan,0.16842090225068962,0.13660144511893524,-0.00923541137511832,0.1350856841913742,nan,0.1350856841913742,-0.011166685125687081,-0.2266958443530827,-0.010900273562668136,nan,-0.010900273562668136,-0.0002493520763939827,0.0011056624031189535,-0.0010756389032406772,nan,-0.0010756389032406772
8.313,2.571133016999738,ARM_NEUTRALIZE,INITIAL_HOLD,ARM_NEUTRALIZE_PROFILE,0.007133017294108868,0.00721804378554225,0.06538005918264389,-0.005543479695916176,0.00856756791472435,0.05990496277809143,0.013402082026004791,0.009290113113820553,0.05024246498942375,-0.021648038982124716,0.026335055816736782,-0.06910883680502988,0.000313177501084283,-0.003414957784116268,0.00044727307977154894,0.013874129592608754,0.013874129592608754,0.9401504200905162,0.013874129592608754,nan,"[0.8910520324799307, -0.031421700605135494, 0.15968668184861667, 0.09622040615568249, -0.016020636761087493, 0.04726810841302378]","[14.50791803584793, -6.393015160442799, 9.797806703248709, 7.826686280702929, -0.639803928853383, -0.014286821590198893]",0.8910520324799307,14.50791803584793,0.052822602099033444,-0.06910883680502988,0.015551791773362245,False,False,0.2532109373350151,-0.015099748366288999,0.23765914556165285,nan,0.23765914556165285,-0.11157916367964038,0.03538802344112504,-0.11103075154750487,nan,-0.11103075154750487,0.17100398644566095,-0.010733605113674265,0.16821692807581792,nan,0.16821692807581792,0.13660144511893524,-0.00923541137511832,0.13492208222391236,nan,0.13492208222391236,-0.011166685125687081,-0.2266958443530827,-0.010887072265940064,nan,-0.010887072265940064,-0.0002493520763939827,0.0011056624031189535,-0.0010743361993908794,nan,-0.0010743361993908794
8.327,2.6510918120002316,ARM_NEUTRALIZE,INITIAL_HOLD,ARM_NEUTRALIZE_PROFILE,0.007133017294108868,0.00721804378554225,0.06538005918264389,-0.006108472589403391,0.008635692298412323,0.05944475159049034,0.012932144105434418,0.00987684540450573,0.05007384717464447,-0.021622885755889772,0.026345842208435593,-0.06889047258830042,0.0004960164660587907,-0.003878768300637603,-0.000637019809801131,0.01457994025552491,0.01457994025552491,0.9406147266173982,0.01457994025552491,nan,"[0.9086979326869175, -0.020275734512955036, 0.15759545359588575, 0.09066412151755777, 0.0050093225983179005, 0.04938813521137463]","[14.491299251658093, -6.365861253014606, 9.77146267404822, 7.801677504326524, -0.6172043177378196, -0.012011901569787441]",0.9086979326869175,14.491299251658093,0.052651520369101194,-0.06889047258830042,0.015859770831452513,False,False,0.25292088483322406,-0.019701560266487294,0.23706111400177154,nan,0.23706111400177154,-0.11110523859023669,0.03931936006904733,-0.11075136026472537,nan,-0.11075136026472537,0.17054419639787088,-0.011498279297443924,0.16779363684644874,nan,0.16779363684644874,0.136164959629272,-0.009295120422272925,0.13458257219536238,nan,0.13458257219536238,-0.010772247502050192,0.1411906996121607,-0.010859676674685396,nan,-0.010859676674685396,-0.00020964723181826628,0.0026049520472103647,-0.0010716328026768992,nan,-0.0010716328026768992
8.345,2.729653573000178,ARM_NEUTRALIZE,INITIAL_HOLD,ARM_NEUTRALIZE_PROFILE,0.007133017294108868,0.00721804378554225,0.06538005918264389,-0.006879729684442282,0.00875440426170826,0.058478944003582,0.011462117545306683,0.009249959141016006,0.04918019101023674,-0.021601462468911238,0.026246054234804493,-0.0688354088999654,0.0004960164660587907,-0.003878768300637603,-0.000637019809801131,0.015695313699072656,0.015695313699072656,0.9415868887994981,0.015695313699072656,nan,"[0.933499703870525, -0.01289146862439249, 0.1604106444343861, 0.08910969035372858, 0.0029212243425544905, 0.047113438322019516]","[14.469589422182954, -6.336747472090495, 9.741356604633035, 7.7737178532263265, -0.617161737805796, -0.014076343153540038]",0.933499703870525,14.469589422182954,0.051338417101974065,-0.0688354088999654,0.016292643398932716,False,False,0.2525419768288364,-0.02568331625039687,0.23624933342990367,nan,0.23624933342990367,-0.11059710725540661,0.03733319551297083,-0.11037210868249342,nan,-0.11037210868249342,0.17001874636174197,-0.015095589596194559,0.167219052461116,nan,0.167219052461116,0.1356769716598647,-0.012139421155465898,0.1341217141677595,nan,0.1341217141677595,-0.010771504342041105,0.11372296042108074,-0.010822489325008088,nan,-0.010822489325008088,-0.00024567853466983536,0.002962194134069774,-0.0010679631553243483,nan,-0.0010679631553243483
8.352,2.8131298010002865,ARM_NEUTRALIZE,INITIAL_HOLD,ARM_NEUTRALIZE_PROFILE,0.007133017294108868,0.00721804378554225,0.06538005918264389,-0.006879729684442282,0.00875440426170826,0.058478944003582,0.011462117545306683,0.009249959141016006,0.04918019101023674,-0.021601462468911238,0.026246054234804493,-0.0688354088999654,0.0005148145137354732,-0.00552166486158967,-0.0023187627084553233,0.015695313699072656,0.015695313699072656,0.9415868887994981,0.015695313699072656,nan,"[0.9523406928154394, -0.02169369316116841, 0.17374643790757113, 0.09980595644354363, 0.002058126027022363, 0.04702826778752142]","[14.469589422182954, -6.336747472090495, 9.741356604633035, 7.7737178532263265, -0.617161737805796, -0.014076343153540038]",0.9523406928154394,14.469589422182954,0.051338417101974065,-0.0688354088999654,0.016621480690353324,False,False,0.2525419768288364,-0.02568331625039687,0.23592049613848307,nan,0.23592049613848307,-0.11059710725540661,0.03733319551297083,-0.11021848088282685,nan,-0.11021848088282685,0.17001874636174197,-0.015095589596194559,0.16698629895664296,nan,0.16698629895664296,0.1356769716598647,-0.012139421155465898,0.1339350291068228,nan,0.1339350291068228,-0.010771504342041105,0.11372296042108074,-0.010807425417633635,nan,-0.010807425417633635,-0.00024567853466983536,0.002962194134069774,-0.0010664766490716732,nan,-0.0010664766490716732
8.386,2.8859693360000165,ARM_NEUTRALIZE,INITIAL_HOLD,ARM_NEUTRALIZE_PROFILE,0.007133017294108868,0.00721804378554225,0.06538005918264389,-0.007970006205141544,0.00896312016993761,0.05702677369117737,0.009869257919490337,0.010073442943394184,0.047410134226083755,-0.021629698152458212,0.026184015220096828,-0.06874550443353906,0.00048300897469744086,-0.00485358526930213,-0.003247678047046065,0.01734716083133576,0.01734716083133576,0.9430495024426665,0.01734716083133576,nan,"[0.9970281287180489, -0.0038445854612495513, 0.17762257545726298, 0.09561288160947588, -0.021373945337679404, 0.046580359871971046]","[14.41669436722519, -6.273309303332144, 9.67616312229612, 7.71412597257579, -0.6361235935287787, -0.014083130227263456]",0.9970281287180489,14.41669436722519,0.04946309060249389,-0.06874550443353906,0.017401423581127784,False,False,0.25161878396180004,-0.022053600170801654,0.23421736038067226,nan,0.23421736038067226,-0.10948990233913758,0.017670344711057398,-0.10942280166446447,nan,-0.10942280166446447,0.16888090544412204,-0.04078868012964908,0.16578080667652073,nan,0.16578080667652073,0.13463689713505733,-0.038757480200465044,0.13296813754365244,nan,0.13296813754365244,-0.011102451156695281,-0.3247152174422391,-0.010729405436411484,nan,-0.010729405436411484,-0.0002457969914528846,0.02076062485766851,-0.0010587776379826237,nan,-0.0010587776379826237
8.386,2.9628300779995698,ARM_NEUTRALIZE,INITIAL_HOLD,ARM_NEUTRALIZE_PROFILE,0.007133017294108868,0.00721804378554225,0.06538005918264389,-0.007970006205141544,0.00896312016993761,0.05702677369117737,0.009869257919490337,0.010073442943394184,0.047410134226083755,-0.021629698152458212,0.026184015220096828,-0.06874550443353906,0.00048300897469744086,-0.00485358526930213,-0.003247678047046065,0.01734716083133576,0.01734716083133576,0.9430495024426665,0.01734716083133576,nan,"[0.9970281287180489, -0.0038445854612495513, 0.17762257545726298, 0.09561288160947588, -0.021373945337679404, 0.046580359871971046]","[14.41669436722519, -6.273309303332144, 9.67616312229612, 7.71412597257579, -0.6361235935287787, -0.014083130227263456]",0.9970281287180489,14.41669436722519,0.04946309060249389,-0.06874550443353906,0.017401423581127784,False,False,0.25161878396180004,-0.022053600170801654,0.23421736038067226,nan,0.23421736038067226,-0.10948990233913758,0.017670344711057398,-0.10942280166446447,nan,-0.10942280166446447,0.16888090544412204,-0.04078868012964908,0.16578080667652073,nan,0.16578080667652073,0.13463689713505733,-0.038757480200465044,0.13296813754365244,nan,0.13296813754365244,-0.011102451156695281,-0.3247152174422391,-0.010729405436411484,nan,-0.010729405436411484,-0.0002457969914528846,0.02076062485766851,-0.0010587776379826237,nan,-0.0010587776379826237
8.412,3.0459994209995784,ARM_NEUTRALIZE,INITIAL_HOLD,ARM_NEUTRALIZE_PROFILE,0.007133017294108868,0.00721804378554225,0.06538005918264389,-0.008343533612787724,0.009070860221982002,0.056467972695827484,0.009495273232460022,0.010809185914695263,0.04646376520395279,-0.02167366542046877,0.026034582116126588,-0.06869768153293332,-0.002192725893110037,-0.005700615234673023,-0.0035282629542052737,0.01795499491142781,0.01795499491142781,0.943612516665096,0.01795499491142781,nan,"[1.0458125811342314, -0.006166137014491577, 0.2001168046240618, 0.11051562409980717, -0.024053356360949973, 0.04780326941937389]","[14.383991550824948, -6.237561237674321, 9.640980050615976, 7.682767368979614, -0.6350701047208144, -0.012491858155994406]",1.0458125811342314,14.383991550824948,0.04864031446059505,-0.0686976815329333,0.01825287289957267,False,False,0.25104801214094064,-0.0315496394251178,0.23279513924136797,nan,0.23279513924136797,-0.10886598089218946,0.0454271082960149,-0.10875836149915749,nan,-0.10875836149915749,0.16826684500233835,-0.018353877196395467,0.16477414787307826,nan,0.16477414787307826,0.13408958625347633,-0.014471531775220862,0.1321607247380383,nan,0.1321607247380383,-0.011084064308363395,-0.346787775688621,-0.010664254043709296,nan,-0.010664254043709296,-0.0002180240545142098,0.0012515119449951553,-0.0010523484991002022,nan,-0.0010523484991002022
8.445,3.1278835220000474,ARM_NEUTRALIZE,INITIAL_HOLD,ARM_NEUTRALIZE_PROFILE,0.007133017294108868,0.00721804378554225,0.06538005918264389,-0.009131718426942825,0.009350502863526344,0.05489419400691986,0.007921228185296059,0.010385149158537388,0.04565665125846863,-0.021888965807720245,0.025878629862169798,-0.0685264482148338,-0.003898203605785966,-0.006840132176876068,-0.0023077770601958028,0.0194690107164795,0.0194690107164795,0.9451961726049568,0.0194690107164795,nan,"[1.0793376318142045, 0.01704130741724836, 0.20058048890956406, 0.10412756360439783, -0.024388563647411567, 0.04539425616489562]","[14.305424722399485, -6.161986165857417, 9.562104261047857, 7.612743340705411, -0.6302704269795533, -0.014394160999240138]",1.0793376318142045,14.305424722399485,0.04748817729862901,-0.0685264482148338,0.018837995415836167,False,False,0.2496767623020668,-0.03458173867429718,0.23083876688623065,nan,0.23083876688623065,-0.10754694705655332,0.023596044711022213,-0.10784437397982884,nan,-0.10784437397982884,0.16689020277426447,-0.04827962764479711,0.1633894128275326,nan,0.1633894128275326,0.13286743640458187,-0.04404723598096959,0.13105006757760532,nan,0.13105006757760532,-0.011000294128743704,-0.4113935309200176,-0.010574633393264175,nan,-0.010574633393264175,-0.0002512255024988974,0.025890931029400717,-0.00104350473407006,nan,-0.00104350473407006
8.451,3.2041373929996553,ARM_NEUTRALIZE,INITIAL_HOLD,ARM_NEUTRALIZE_PROFILE,0.007133017294108868,0.00721804378554225,0.06538005918264389,-0.009131718426942825,0.009350502863526344,0.05489419400691986,0.007921228185296059,0.010385149158537388,0.04565665125846863,-0.021888965807720245,0.025878629862169798,-0.0685264482148338,-0.003172269556671381,-0.007171108387410641,-0.0019487788667902342,0.0194690107164795,0.0194690107164795,0.9451961726049568,0.0194690107164795,nan,"[1.1007651784647017, 0.007030682314640444, 0.21574706735210483, 0.11629225099398934, -0.02537015115718093, 0.04529739311770943]","[14.305424722399485, -6.161986165857417, 9.562104261047857, 7.612743340705411, -0.6302704269795533, -0.014394160999240138]",1.1007651784647017,14.305424722399485,0.04748817729862901,-0.0685264482148338,0.019211976655512025,False,False,0.2496767623020668,-0.03458173867429718,0.2304647856465548,nan,0.2304647856465548,-0.10754694705655332,0.023596044711022213,-0.10766965561160553,nan,-0.10766965561160553,0.16689020277426447,-0.04827962764479711,0.16312470609744828,nan,0.16312470609744828,0.13286743640458187,-0.04404723598096959,0.1308377537301811,nan,0.1308377537301811,-0.011000294128743704,-0.4113935309200176,-0.010557501459322247,nan,-0.010557501459322247,-0.0002512255024988974,0.025890931029400717,-0.0010418141549731464,nan,-0.0010418141549731464
8.471,3.288818861999971,ARM_NEUTRALIZE,INITIAL_HOLD,ARM_NEUTRALIZE_PROFILE,0.007133017294108868,0.00721804378554225,0.06538005918264389,-0.009507611393928528,0.009539074264466763,0.05377287417650223,0.007477668579667807,0.010598142631351948,0.044729456305503845,-0.02188014963095768,0.025850052460470486,-0.0684624856830574,-0.0014124150620773435,-0.006453094072639942,-0.00211396045051515,0.020421176493631055,0.020421176493631055,0.946322969316733,0.020421176493631055,nan,"[1.1301284221665748, 0.01430958692359189, 0.2265291661489544, 0.12226490233552466, -0.0027801465930759883, 0.044741681742787434]","[14.261028299741042, -6.120247862808213, 9.520678714051373, 7.576841702942878, -0.6043015210225371, -0.014616442413204365]",1.1301284221665748,14.261028299741042,0.046572099115326636,-0.06846248568305739,0.019724461937175197,False,False,0.24890189855057,-0.046439485145535246,0.2291774366133948,nan,0.2291774366133948,-0.10681847624414953,0.04698225422582558,-0.10706822565056653,nan,-0.10706822565056653,0.16616719058473617,-0.028429330231711604,0.16221351078363963,nan,0.16221351078363963,0.13224083461876734,-0.022392376577244674,0.13010690951338313,nan,0.13010690951338313,-0.010547051216653003,0.05211559228113469,-0.010498528504915724,nan,-0.010498528504915724,-0.0002551050450385617,0.003202395691082424,-0.001035994704329637,nan,-0.001035994704329637
8.508,3.373936410999704,ARM_NEUTRALIZE,INITIAL_HOLD,ARM_NEUTRALIZE_PROFILE,0.007133017294108868,0.00721804378554225,0.06538005918264389,-0.009994179010391235,0.009869243949651718,0.052223049104213715,0.006384984590113163,0.010914214886724949,0.0444108247756958,-0.021901758705518314,0.02574463284767457,-0.06835250035710398,-0.0008390991133637726,-0.007288846652954817,-0.0032764938659965983,0.021759518141883778,0.021759518141883778,0.9478810232510951,0.021759518141883778,nan,"[1.1757902348711047, 0.03436581374011149, 0.23805528626607797, 0.12593213368524359, -0.032857881805985034, 0.04326595767318088]","[14.160754200960538, -6.032012589518811, 9.428910300024054, 7.497659284209605, -0.627693989355526, -0.015432464403478124]",1.1757902348711047,14.160754200960538,0.046175853777349334,-0.06835250035710398,0.02052141091129822,False,False,0.24715178537238014,-0.05077848711723544,0.22663037446108192,nan,0.22663037446108192,-0.10527848020885244,0.03963987314422725,-0.1058782768087445,nan,-0.1058782768087445,0.1645655296106261,-0.04272527816762049,0.1604106810635054,nan,0.1604106810635054,0.1308588407021789,-0.0359289676319631,0.12866091033530974,nan,0.12866091033530974,-0.010955326809232169,-0.5417990471323431,-0.01038184858648659,nan,-0.01038184858648659,-0.0002693473155375159,0.023815769306238313,-0.001024480730963027,nan,-0.001024480730963027
8.536,3.449364919999425,ARM_NEUTRALIZE,INITIAL_HOLD,ARM_NEUTRALIZE_PROFILE,0.007133017294108868,0.00721804378554225,0.06538005918264389,-0.01044907234609127,0.009921606630086899,0.05164484679698944,0.005948546342551708,0.010960452258586884,0.04396204277873039,-0.021939374916280126,0.0256211524529156,-0.06827204639768915,-0.0016225290019065142,-0.00607307069003582,-0.0030268935952335587,0.02247432284740679,0.02247432284740679,0.9484646108304314,0.02247432284740679,nan,"[1.1804334622807806, 0.07528538127239194, 0.2245229814134383, 0.11027371913634955, -0.008681564367044037, 0.04486853830055526]","[14.046784880830089, -5.935679037116641, 9.331423143228756, 7.4146630365040025, -0.5980840776247903, -0.013293696737211657]",1.1804334622807806,14.046784880830089,0.04569658545866604,-0.06827204639768915,0.020602450517515913,False,False,0.24516264548984434,-0.05685740126501466,0.22456019497232843,nan,0.22456019497232843,-0.10359714253929209,0.053741950001179664,-0.1049111203211146,nan,-0.1049111203211146,0.1628640577461402,-0.03212351748877178,0.15894539247408168,nan,0.15894539247408168,0.12941028291291534,-0.024800264538324603,0.12748564343556656,nan,0.12748564343556656,-0.010438536358305939,-0.012511355668707255,-0.010287014475877203,nan,-0.010287014475877203,-0.0002320187778259708,0.003782658692444388,-0.0010151225017278412,nan,-0.0010151225017278412
8.536,3.525194509999892,ARM_NEUTRALIZE,INITIAL_HOLD,ARM_NEUTRALIZE_PROFILE,0.007133017294108868,0.00721804378554225,0.06538005918264389,-0.01044907234609127,0.009921606630086899,0.05164484679698944,0.005948546342551708,0.010960452258586884,0.04396204277873039,-0.021939374916280126,0.0256211524529156,-0.06827204639768915,-0.0016225290019065142,-0.00607307069003582,-0.0030268935952335587,0.02247432284740679,0.02247432284740679,0.9484646108304314,0.02247432284740679,nan,"[1.1804334622807806, 0.07528538127239194, 0.2245229814134383, 0.11027371913634955, -0.008681564367044037, 0.04486853830055526]","[14.046784880830089, -5.935679037116641, 9.331423143228756, 7.4146630365040025, -0.5980840776247903, -0.013293696737211657]",1.1804334622807806,14.046784880830089,0.04569658545866604,-0.06827204639768915,0.020602450517515913,False,False,0.24516264548984434,-0.05685740126501466,0.22456019497232843,nan,0.22456019497232843,-0.10359714253929209,0.053741950001179664,-0.1049111203211146,nan,-0.1049111203211146,0.1628640577461402,-0.03212351748877178,0.15894539247408168,nan,0.15894539247408168,0.12941028291291534,-0.024800264538324603,0.12748564343556656,nan,0.12748564343556656,-0.010438536358305939,-0.012511355668707255,-0.010287014475877203,nan,-0.010287014475877203,-0.0002320187778259708,0.003782658692444388,-0.0010151225017278412,nan,-0.0010151225017278412
8.547,3.5997813599997244,ARM_NEUTRALIZE,INITIAL_HOLD,ARM_NEUTRALIZE_PROFILE,0.007133017294108868,0.00721804378554225,0.06538005918264389,-0.011067759245634079,0.010006834752857685,0.05073442682623863,0.004855399485677481,0.010891776531934738,0.04361388832330704,-0.021988560527486233,0.025687304297950277,-0.06825953240953951,-0.0016225290019065142,-0.00607307069003582,-0.0030268935952335587,0.02352743438686042,0.02352743438686042,0.949382831343289,0.02352743438686042,nan,"[1.228952078098942, 0.052618219166747096, 0.25886482206986977, 0.13781834678927546, -0.010904183132281708, 0.04464921029954523]","[14.046784880830089, -5.935679037116641, 9.331423143228756, 7.4146630365040025, -0.5980840776247903, -0.013293696737211657]",1.228952078098942,14.046784880830089,0.045214786905005085,-0.06825953240953951,0.02144926011205303,False,False,0.24516264548984434,-0.05685740126501466,0.2237133853777913,nan,0.2237133853777913,-0.10359714253929209,0.053741950001179664,-0.10451550371028781,nan,-0.10451550371028781,0.1628640577461402,-0.03212351748877178,0.1583460142834317,nan,0.1583460142834317,0.12941028291291534,-0.024800264538324603,0.12700489899178713,nan,0.12700489899178713,-0.010438536358305939,-0.012511355668707255,-0.010248222460407195,nan,-0.010248222460407195,-0.0002320187778259708,0.003782658692444388,-0.0010112945059683987,nan,-0.0010112945059683987
8.554,3.6790739839998423,ARM_NEUTRALIZE,INITIAL_HOLD,ARM_NEUTRALIZE_PROFILE,0.007133017294108868,0.00721804378554225,0.06538005918264389,-0.011067759245634079,0.010006834752857685,0.05073442682623863,0.004855399485677481,0.010891776531934738,0.04361388832330704,-0.021988560527486233,0.025687304297950277,-0.06825953240953951,-0.002135209273546934,-0.004106482956558466,-0.0012283726828172799,0.02352743438686042,0.02352743438686042,0.949382831343289,0.02352743438686042,nan,"[1.2603899598818737, 0.03793091717728847, 0.28111679089790614, 0.15566602717556224, -0.012344340169159083, 0.044507095615291196]","[14.046784880830089, -5.935679037116641, 9.331423143228756, 7.4146630365040025, -0.5980840776247903, -0.013293696737211657]",1.2603899598818737,14.046784880830089,0.045214786905005085,-0.06825953240953951,0.021997954659017938,False,False,0.24516264548984434,-0.05685740126501466,0.2231646908308264,nan,0.2231646908308264,-0.10359714253929209,0.053741950001179664,-0.10425916193233704,nan,-0.10425916193233704,0.1628640577461402,-0.03212351748877178,0.15795764416233132,nan,0.15795764416233132,0.12941028291291534,-0.024800264538324603,0.1266933982052028,nan,0.1266933982052028,-0.010438536358305939,-0.012511355668707255,-0.010223086978367919,nan,-0.010223086978367919,-0.0002320187778259708,0.003782658692444388,-0.0010088141368127337,nan,-0.0010088141368127337
8.591,3.758371310000257,ARM_NEUTRALIZE,INITIAL_HOLD,ARM_NEUTRALIZE_PROFILE,0.007133017294108868,0.00721804378554225,0.06538005918264389,-0.011949606239795685,0.010193433612585068,0.04930763691663742,0.003157106228172779,0.010998322628438473,0.040953125804662704,-0.02204904937396696,0.02569727545417561,-0.06787975408374529,-0.001595047302544117,-0.002287192968651652,0.002667388645932079,0.02512612630423596,0.02512612630423596,0.950822101343426,0.02512612630423596,nan,"[1.302050425064946, 0.062102035478029116, 0.29543463700337536, 0.1627456684938457, -0.01233208877823689, 0.041601769213698125]","[13.915044659872219, -5.830497745798649, 9.223006681424746, 7.323300930176089, -0.5901284087966029, -0.015415166773083256]",1.302050425064946,13.915044659872219,0.04252162900863182,-0.06787975408374529,0.02272506694437501,False,False,0.2428633448768247,-0.06496312331242583,0.2201382779324497,nan,0.2201382779324497,-0.1017613826942938,0.0558762304192118,-0.10284526768557574,nan,-0.10284526768557574,0.16097183352429756,-0.03943253950827878,0.15581552638415438,nan,0.15581552638415438,0.1278157133459361,-0.03127624228158217,0.1249752655873593,nan,0.1249752655873593,-0.010299683743055787,-0.02085147693782511,-0.010084448190227309,nan,-0.010084448190227309,-0.00026904541493433243,0.003359813116831936,-0.0009951332623681771,nan,-0.0009951332623681771
8.612,3.8321027000001777,ARM_NEUTRALIZE,INITIAL_HOLD,ARM_NEUTRALIZE_PROFILE,0.007133017294108868,0.00721804378554225,0.06538005918264389,-0.012245613150298595,0.010277400724589825,0.04870205372571945,0.0028552727308124304,0.01125205960124731,0.0404554083943367,-0.02206167230541228,0.025712896440760247,-0.06774580951164301,-0.0002709229302126914,-0.0017526106676086781,0.0015598337631672623,0.025749696091461268,0.025749696091461268,0.9514322690516359,0.025749696091461268,nan,"[1.334344033495181, 0.06978270302831946, 0.3113531967144412, 0.1733644561365485, -0.01391844806002797, 0.04159984300184581]","[13.84355453989296, -5.774330892974588, 9.165466338739938, 7.275000391550586, -0.5869604761762136, -0.014947939500121974]",1.334344033495181,13.84355453989296,0.042088020813408546,-0.06774580951164301,0.02328869673883241,False,False,0.24161560690054085,-0.06373704636832017,0.21832691016170844,nan,0.21832691016170844,-0.10078108618203085,0.057608184570493264,-0.10199902411081645,nan,-0.10199902411081645,0.15996756509172183,-0.0419140389833249,0.15453342667244524,nan,0.15453342667244524,0.1269727099164344,-0.03333312845771243,0.12394692935092233,nan,0.12394692935092233,-0.010244392888348663,-0.03286288176771081,-0.010001470142933358,nan,-0.010001470142933358,-0.0002608907606660438,0.0042683730521674845,-0.0009869449893609747,nan,-0.0009869449893609747
8.615,3.9143402859999696,ARM_NEUTRALIZE,INITIAL_HOLD,ARM_NEUTRALIZE_PROFILE,0.007133017294108868,0.00721804378554225,0.06538005918264389,-0.012245613150298595,0.010277400724589825,0.04870205372571945,0.0028552727308124304,0.01125205960124731,0.0404554083943367,-0.02206167230541228,0.025712896440760247,-0.06774580951164301,-0.0002709229302126914,-0.0017526106676086781,0.0015598337631672623,0.025749696091461268,0.025749696091461268,0.9514322690516359,0.025749696091461268,nan,"[1.3494848601464557, 0.06270913824641948, 0.32206998752754745, 0.18196009361371476, -0.014612043391816848, 0.04153139902035406]","[13.84355453989296, -5.774330892974588, 9.165466338739938, 7.275000391550586, -0.5869604761762136, -0.014947939500121974]",1.3494848601464557,13.84355453989296,0.042088020813408546,-0.06774580951164301,0.02355295401537086,False,False,0.24161560690054085,-0.06373704636832017,0.21806265288517,nan,0.21806265288517,-0.10078108618203085,0.057608184570493264,-0.10187556711551918,nan,-0.10187556711551918,0.15996756509172183,-0.0419140389833249,0.15434638338750906,nan,0.15434638338750906,0.1269727099164344,-0.03333312845771243,0.12379690717563796,nan,0.12379690717563796,-0.010244392888348663,-0.03286288176771081,-0.00998936462071718,nan,-0.00998936462071718,-0.0002608907606660438,0.0042683730521674845,-0.0009857504165307696,nan,-0.0009857504165307696
8.644,3.9956511149994185,ARM_NEUTRALIZE,INITIAL_HOLD,ARM_NEUTRALIZE_PROFILE,0.007133017294108868,0.00721804378554225,0.06538005918264389,-0.012636187486350536,0.010424287989735603,0.04759623482823372,0.0023116637021303177,0.012127951718866825,0.038980063050985336,-0.022035671471622397,0.02573196384024683,-0.0677026643491715,0.0005895447102375329,-0.004507339559495449,0.0001896228350233292,0.026783686606163364,0.026783686606163364,0.9525446293626562,0.026783686606163364,nan,"[1.342851366010611, 0.11008665002551002, 0.30535483032869193, 0.16414239685097312, -0.014432644348090325, 0.04022929746360267]","[13.686540968599427, -5.656698087862977, 9.042311033557347, 7.17181003602835, -0.579892224765774, -0.015570249163420707]",1.342851366010611,13.686540968599427,0.04088858419443872,-0.0677026643491715,0.02343717770178863,False,False,0.23887520311115384,-0.07565696046537772,0.2154380254093652,nan,0.2154380254093652,-0.09872800642447643,0.057352392725971355,-0.10064938092991228,nan,-0.10064938092991228,0.15781809952498715,-0.04868412904186084,0.15248865234888284,nan,0.15248865234888284,0.12517169845626785,-0.03803896700009199,0.1223068731891032,nan,0.1223068731891032,-0.01012102862887776,-0.060609622684967446,-0.009869131465234233,nan,-0.009869131465234233,-0.00027175211325758397,0.00307860144353439,-0.0009738858097616542,nan,-0.0009738858097616542
8.644,4.072221069999614,ARM_NEUTRALIZE,INITIAL_HOLD,ARM_NEUTRALIZE_PROFILE,0.007133017294108868,0.00721804378554225,0.06538005918264389,-0.012636187486350536,0.010424287989735603,0.04759623482823372,0.0023116637021303177,0.012127951718866825,0.038980063050985336,-0.022035671471622397,0.02573196384024683,-0.0677026643491715,0.0005895447102375329,-0.004507339559495449,0.0001896228350233292,0.026783686606163364,0.026783686606163364,0.9525446293626562,0.026783686606163364,nan,"[1.342851366010611, 0.11008665002551002, 0.30535483032869193, 0.16414239685097312, -0.014432644348090325, 0.04022929746360267]","[13.686540968599427, -5.656698087862977, 9.042311033557347, 7.17181003602835, -0.579892224765774, -0.015570249163420707]",1.342851366010611,13.686540968599427,0.04088858419443872,-0.0677026643491715,0.02343717770178863,False,False,0.23887520311115384,-0.07565696046537772,0.2154380254093652,nan,0.2154380254093652,-0.09872800642447643,0.057352392725971355,-0.10064938092991228,nan,-0.10064938092991228,0.15781809952498715,-0.04868412904186084,0.15248865234888284,nan,0.15248865234888284,0.12517169845626785,-0.03803896700009199,0.1223068731891032,nan,0.1223068731891032,-0.01012102862887776,-0.060609622684967446,-0.009869131465234233,nan,-0.009869131465234233,-0.00027175211325758397,0.00307860144353439,-0.0009738858097616542,nan,-0.0009738858097616542
8.672,4.156338965000032,ARM_NEUTRALIZE,INITIAL_HOLD,ARM_NEUTRALIZE_PROFILE,0.007133017294108868,0.00721804378554225,0.06538005918264389,-0.013112724758684635,0.010688284412026405,0.046037666499614716,0.002795499749481678,0.011448293924331665,0.03934338316321373,-0.02197216273832336,0.02566410074635393,-0.06753234138090401,0.0021172426640987396,-0.004410227760672569,-0.0014611715450882907,0.028214549366921547,0.028214549366921547,0.9541123187087407,0.028214549366921547,nan,"[1.4085123023590906, 0.10035125850274448, 0.34844518888891085, 0.1967898750305773, -0.015453643641767868, 0.040711205460850025]","[13.600175256105716, -5.595408932712793, 8.977795788329596, 7.118150076020221, -0.5739489428895345, -0.01440110595905661]",1.4085123023590906,13.600175256105716,0.04107042794219085,-0.067532341380904,0.024583177231012027,False,False,0.2373678370673078,-0.07860135907843242,0.21278465983629577,nan,0.21278465983629577,-0.09765830887134008,0.041309294966582054,-0.09940976874073293,nan,-0.09940976874073293,0.15669209607803136,-0.06840059977066287,0.1506105802691863,nan,0.1506105802691863,0.12423515547763753,-0.05850259884419741,0.12080052422376578,nan,0.12080052422376578,-0.010017298791763274,-0.11291633929763675,-0.009747581828784537,nan,-0.009747581828784537,-0.00025134671491411353,0.03916577153443468,-0.0009618912926618419,nan,-0.0009618912926618419
8.672,4.234810328999629,ARM_NEUTRALIZE,INITIAL_HOLD,ARM_NEUTRALIZE_PROFILE,0.007133017294108868,0.00721804378554225,0.06538005918264389,-0.013112724758684635,0.010688284412026405,0.046037666499614716,0.002795499749481678,0.011448293924331665,0.03934338316321373,-0.02197216273832336,0.02566410074635393,-0.06753234138090401,0.0021172426640987396,-0.004410227760672569,-0.0014611715450882907,0.028214549366921547,0.028214549366921547,0.9541123187087407,0.028214549366921547,nan,"[1.4085123023590906, 0.10035125850274448, 0.34844518888891085, 0.1967898750305773, -0.015453643641767868, 0.040711205460850025]","[13.600175256105716, -5.595408932712793, 8.977795788329596, 7.118150076020221, -0.5739489428895345, -0.01440110595905661]",1.4085123023590906,13.600175256105716,0.04107042794219085,-0.067532341380904,0.024583177231012027,False,False,0.2373678370673078,-0.07860135907843242,0.21278465983629577,nan,0.21278465983629577,-0.09765830887134008,0.041309294966582054,-0.09940976874073293,nan,-0.09940976874073293,0.15669209607803136,-0.06840059977066287,0.1506105802691863,nan,0.1506105802691863,0.12423515547763753,-0.05850259884419741,0.12080052422376578,nan,0.12080052422376578,-0.010017298791763274,-0.11291633929763675,-0.009747581828784537,nan,-0.009747581828784537,-0.00025134671491411353,0.03916577153443468,-0.0009618912926618419,nan,-0.0009618912926618419
8.691,4.293720023999413,ARM_NEUTRALIZE,INITIAL_HOLD,ARM_NEUTRALIZE_PROFILE,0.007133017294108868,0.00721804378554225,0.06538005918264389,-0.013239236548542976,0.010793671943247318,0.04542684182524681,0.003694406244903803,0.011378907598555088,0.03833244368433952,-0.02191860320470761,0.025667581864283487,-0.06748941202983769,0.0029759525787085295,-0.002693615155294538,-0.0021924790926277633,0.028739254100674714,0.028739254100674714,0.9547259790359374,0.028739254100674714,nan,"[1.4260260178273307, 0.11294353265349748, 0.3586092177508819, 0.20313206958071958, -0.014221327418500672, 0.03974864903117811]","[13.510768162427475, -5.532864876704263, 8.912280465490221, 7.063791984162212, -0.5678186263256553, -0.014880327756422401]",1.4260260178273307,13.510768162427475,0.040156000976839065,-0.06748941202983769,0.024888849230190274,False,False,0.23580738890798347,-0.08423577741186765,0.2109185396777932,nan,0.2109185396777932,-0.0965667091664395,0.039837643436156665,-0.09853794568007676,nan,-0.09853794568007676,0.15554863798397722,-0.07658563767871635,0.14928972640622304,nan,0.14928972640622304,0.12328642779961374,-0.06584580354655431,0.11974110436903997,nan,0.11974110436903997,-0.009910304583534035,-0.11622554750656909,-0.009662095596077053,nan,-0.009662095596077053,-0.00025971071312547167,0.04278014056980324,-0.0009534555119391839,nan,-0.0009534555119391839
8.73,4.374221789999865,ARM_NEUTRALIZE,INITIAL_HOLD,ARM_NEUTRALIZE_PROFILE,0.007133017294108868,0.00721804378554225,0.06538005918264389,-0.013641505502164364,0.010915558785200119,0.04406321793794632,0.002341379877179861,0.012055328115820885,0.03721576929092407,-0.02185146246332495,0.025728227320304997,-0.06734834580311995,0.0019013391574844718,-0.0035691752564162016,-0.0013380319578573103,0.029994335052426328,0.029994335052426328,0.9560964236912054,0.029994335052426328,nan,"[1.4631505672693568, 0.1378198814819163, 0.3826443868100706, 0.21908692602108584, -0.051930513466046345, 0.034691944473203985]","[13.319106265959523, -5.4011029671572155, 8.774378869922032, 6.949861901422844, -0.5950471949990912, -0.018902805080303783]",1.4631505672693568,13.319106265959523,0.03918962209086293,-0.06734834580311995,0.025536794851273054,False,False,0.2324622577640012,-0.08399170646121414,0.20692546291272815,nan,0.20692546291272815,-0.09426703001612857,0.05586762969601705,-0.09667244072269637,nan,-0.09667244072269637,0.1531418010975587,-0.06247829270144806,0.1464633966834482,nan,0.1464633966834482,0.12129797273874221,-0.05142361538733965,0.11747418453160102,nan,0.11747418453160102,-0.010385532757490878,-0.7949580922117901,-0.009479174315257117,nan,-0.009479174315257117,-0.0003299161865140121,0.03104398491007397,-0.0009354048414904714,nan,-0.0009354048414904714
8.76,4.447813283999494,ARM_NEUTRALIZE,INITIAL_HOLD,ARM_NEUTRALIZE_PROFILE,0.007133017294108868,0.00721804378554225,0.06538005918264389,-0.013997548259794712,0.010873801074922085,0.04320133104920387,0.00244865077547729,0.01187925972044468,0.036302585154771805,-0.021751177597582234,0.02567744201310241,-0.06725896910854043,0.0019458502065390348,-0.005778069607913494,-0.0003691094461828463,0.030850629549552373,0.030850629549552373,0.9569628330364337,0.030850629549552373,nan,"[1.4390605783128891, 0.19219716811822388, 0.36747335594478076, 0.20421240306488558, -0.005158039877914204, 0.03630570485933034]","[13.110717281544186, -5.260623982532855, 8.628759625964484, 6.83035852372461, -0.5398320566973457, -0.016455922611436143]",1.4390605783128891,13.110717281544186,0.03827519289364174,-0.06725896910854043,0.02511634522721362,False,False,0.22882518386106643,-0.08981033588833962,0.2037088386338528,nan,0.2037088386338528,-0.09181520920457498,0.03135623009501043,-0.09516968260124706,nan,-0.09516968260124706,0.15060026583623465,-0.09722399830015155,0.14418664586164515,nan,0.14418664586164515,0.11921224533065367,-0.08812156355982959,0.11564806652376165,nan,0.11564806652376165,-0.009421846797181388,-0.09672148886329746,-0.009331822018362619,nan,-0.009331822018362619,-0.0002872100310229442,0.05259703426944107,-0.0009208641180755633,nan,-0.0009208641180755633
8.76,4.524438135999844,ARM_NEUTRALIZE,INITIAL_HOLD,ARM_NEUTRALIZE_PROFILE,0.007133017294108868,0.00721804378554225,0.06538005918264389,-0.013997548259794712,0.010873801074922085,0.04320133104920387,0.00244865077547729,0.01187925972044468,0.036302585154771805,-0.021751177597582234,0.02567744201310241,-0.06725896910854043,0.0019458502065390348,-0.005778069607913494,-0.0003691094461828463,0.030850629549552373,0.030850629549552373,0.9569628330364337,0.030850629549552373,nan,"[1.4390605783128891, 0.19219716811822388, 0.36747335594478076, 0.20421240306488558, -0.005158039877914204, 0.03630570485933034]","[13.110717281544186, -5.260623982532855, 8.628759625964484, 6.83035852372461, -0.5398320566973457, -0.016455922611436143]",1.4390605783128891,13.110717281544186,0.03827519289364174,-0.06725896910854043,0.02511634522721362,False,False,0.22882518386106643,-0.08981033588833962,0.2037088386338528,nan,0.2037088386338528,-0.09181520920457498,0.03135623009501043,-0.09516968260124706,nan,-0.09516968260124706,0.15060026583623465,-0.09722399830015155,0.14418664586164515,nan,0.14418664586164515,0.11921224533065367,-0.08812156355982959,0.11564806652376165,nan,0.11564806652376165,-0.009421846797181388,-0.09672148886329746,-0.009331822018362619,nan,-0.009331822018362619,-0.0002872100310229442,0.05259703426944107,-0.0009208641180755633,nan,-0.0009208641180755633
8.779,4.598540506999598,ARM_NEUTRALIZE,INITIAL_HOLD,ARM_NEUTRALIZE_PROFILE,0.007133017294108868,0.00721804378554225,0.06538005918264389,-0.014191449619829655,0.01085593644529581,0.04262659326195717,0.0020735638681799173,0.011515508405864239,0.03581390902400017,-0.021750446342693658,0.025605354153763894,-0.06715624754128621,0.0007026907987892628,-0.007004920393228531,-0.00038754814886487934,0.03139565835543825,0.03139565835543825,0.9575401237168197,0.03139565835543825,nan,"[1.448219743660962, 0.208196251925317, 0.3780375452283617, 0.2113351431398076, -0.007794327679439395, 0.03571834895839225]","[12.999523633934142, -5.188397888222901, 8.554137190372964, 6.769155460105176, -0.5369550293306807, -0.016499224618071722]",1.448219743660962,12.999523633934142,0.037676818875010024,-0.06715624754128623,0.025276202819272064,False,False,0.22688448860296884,-0.10204349612363643,0.20160828578369677,nan,0.20160828578369677,-0.09055462605301035,0.03458912703018069,-0.09418833613941871,nan,-0.09418833613941871,0.14929785863930523,-0.09923901242456756,0.14269985877891334,nan,0.14269985877891334,0.11814405035818698,-0.08867129103971785,0.11445555628522383,nan,0.11445555628522383,-0.009371633196963103,-0.1392885514830673,-0.009235596515977556,nan,-0.009235596515977556,-0.00028796579361145547,0.0519587141641783,-0.0009113685863116873,nan,-0.0009113685863116873
8.779,4.671180847999494,ARM_NEUTRALIZE,INITIAL_HOLD,ARM_NEUTRALIZE_PROFILE,0.007133017294108868,0.00721804378554225,0.06538005918264389,-0.014191449619829655,0.01085593644529581,0.04262659326195717,0.0020735638681799173,0.011515508405864239,0.03581390902400017,-0.021750446342693658,0.025605354153763894,-0.06715624754128621,0.0007026907987892628,-0.007004920393228531,-0.00038754814886487934,0.03139565835543825,0.03139565835543825,0.9575401237168197,0.03139565835543825,nan,"[1.448219743660962, 0.208196251925317, 0.3780375452283617, 0.2113351431398076, -0.007794327679439395, 0.03571834895839225]","[12.999523633934142, -5.188397888222901, 8.554137190372964, 6.769155460105176, -0.5369550293306807, -0.016499224618071722]",1.448219743660962,12.999523633934142,0.037676818875010024,-0.06715624754128623,0.025276202819272064,False,False,0.22688448860296884,-0.10204349612363643,0.20160828578369677,nan,0.20160828578369677,-0.09055462605301035,0.03458912703018069,-0.09418833613941871,nan,-0.09418833613941871,0.14929785863930523,-0.09923901242456756,0.14269985877891334,nan,0.14269985877891334,0.11814405035818698,-0.08867129103971785,0.11445555628522383,nan,0.11445555628522383,-0.009371633196963103,-0.1392885514830673,-0.009235596515977556,nan,-0.009235596515977556,-0.00028796579361145547,0.0519587141641783,-0.0009113685863116873,nan,-0.0009113685863116873
8.811,4.7456587010001385,ARM_NEUTRALIZE,INITIAL_HOLD,ARM_NEUTRALIZE_PROFILE,0.007133017294108868,0.00721804378554225,0.06538005918264389,-0.01464170217514038,0.010828367434442043,0.04082443192601204,0.0009352905908599496,0.009740570560097694,0.033376507461071014,-0.021645297831298864,0.02553237304929603,-0.06690039382210446,0.0013486053794622421,-0.005371156148612499,0.000959528959356249,0.03301744500685885,0.03301744500685885,0.9593484264718103,0.03301744500685885,nan,"[1.5419329044718317, 0.1847058844349373, 0.4496864630779075, 0.2675732942915659, -0.014334637617905956, 0.034770470112030834]","[12.884363088514316, -5.11430562523424, 8.477943730287075, 6.706813384521411, -0.5339269166914501, -0.016502891605157725]",1.5419329044718317,12.884363088514316,0.034781384872148526,-0.06690039382210446,0.02691180602787266,False,False,0.2248745579170004,-0.09626204436624433,0.19796275188912774,nan,0.19796275188912774,-0.08926147211360469,0.03384291016339892,-0.09248519794480249,nan,-0.09248519794480249,0.14796803189231955,-0.09789469833722184,0.14011952250996215,nan,0.14011952250996215,0.11705597587672312,-0.08830529073547887,0.11238594090092754,nan,0.11238594090092754,-0.009318782661287273,-0.13046625482022453,-0.009068596037774577,nan,-0.009068596037774577,-0.0002880297946097343,0.05220834655779723,-0.000894888980530954,nan,-0.000894888980530954
8.837,4.817292889999408,ARM_NEUTRALIZE,INITIAL_HOLD,ARM_NEUTRALIZE_PROFILE,0.007133017294108868,0.00721804378554225,0.06538005918264389,-0.014742577448487282,0.01081546489149332,0.0404176265001297,0.0006101564504206181,0.009914708323776722,0.03270208090543747,-0.02168201829068078,0.025496681113200623,-0.06684184661433581,-0.0010151790920644999,-0.006137811578810215,0.00016048250836320297,0.033385717446011175,0.033385717446011175,0.9597565573635266,0.033385717446011175,nan,"[1.4763478964088712, 0.259407056934788, 0.41539837955080966, 0.2388601988418741, -0.007998529978818145, 0.03925988428716546]","[12.64354145349581, -4.957736555988643, 8.319621846153794, 6.578616254763419, -0.5195632878862995, -0.011221321709053137]",1.4763478964088712,12.64354145349581,0.03417747544195351,-0.0668418466143358,0.02576713169722697,False,False,0.2206714274758914,-0.10827815837240548,0.19490429577866444,nan,0.19490429577866444,-0.08652882634848602,0.08071260115620704,-0.09105633359490646,nan,-0.09105633359490646,0.14520479373623285,-0.05755480863137128,0.13795472430562214,nan,0.13795472430562214,0.11481851387083974,-0.04344117923618376,0.1106496169490807,nan,0.1106496169490807,-0.009068090046103094,0.11535813138649387,-0.008928489362653245,nan,-0.008928489362653245,-0.00019584901024849444,0.012742504669415927,-0.0008810632550115187,nan,-0.0008810632550115187
8.837,4.891491255999426,ARM_NEUTRALIZE,INITIAL_HOLD,ARM_NEUTRALIZE_PROFILE,0.007133017294108868,0.00721804378554225,0.06538005918264389,-0.014742577448487282,0.01081546489149332,0.0404176265001297,0.0006101564504206181,0.009914708323776722,0.03270208090543747,-0.02168201829068078,0.025496681113200623,-0.06684184661433581,-0.0010151790920644999,-0.006137811578810215,0.00016048250836320297,0.033385717446011175,0.033385717446011175,0.9597565573635266,0.033385717446011175,nan,"[1.4763478964088712, 0.259407056934788, 0.41539837955080966, 0.2388601988418741, -0.007998529978818145, 0.03925988428716546]","[12.64354145349581, -4.957736555988643, 8.319621846153794, 6.578616254763419, -0.5195632878862995, -0.011221321709053137]",1.4763478964088712,12.64354145349581,0.03417747544195351,-0.0668418466143358,0.02576713169722697,False,False,0.2206714274758914,-0.10827815837240548,0.19490429577866444,nan,0.19490429577866444,-0.08652882634848602,0.08071260115620704,-0.09105633359490646,nan,-0.09105633359490646,0.14520479373623285,-0.05755480863137128,0.13795472430562214,nan,0.13795472430562214,0.11481851387083974,-0.04344117923618376,0.1106496169490807,nan,0.1106496169490807,-0.009068090046103094,0.11535813138649387,-0.008928489362653245,nan,-0.008928489362653245,-0.00019584901024849444,0.012742504669415927,-0.0008810632550115187,nan,-0.0008810632550115187
8.853,4.966301894000026,ARM_NEUTRALIZE,INITIAL_HOLD,ARM_NEUTRALIZE_PROFILE,0.007133017294108868,0.00721804378554225,0.06538005918264389,-0.014822086319327354,0.010810339823365211,0.039826128631830215,0.0006106469663791358,0.010046938434243202,0.03252717852592468,-0.021749181014664734,0.025467632278001265,-0.06677922011350922,-0.001143735833466053,-0.004405768122524023,-0.0011438466608524318,0.03388118256637285,0.03388118256637285,0.9603491140976248,0.03388118256637285,nan,"[1.5865679374306598, 0.20791392393826605, 0.4934129523511065, 0.3014335006280108, -0.013047666837924594, 0.038761635504488856]","[12.64354145349581, -4.957736555988643, 8.319621846153794, 6.578616254763419, -0.5195632878862995, -0.011221321709053137]",1.5865679374306598,12.64354145349581,0.0340489530599165,-0.06677922011350922,0.027690834314740398,False,False,0.2206714274758914,-0.10827815837240548,0.19298059316115102,nan,0.19298059316115102,-0.08652882634848602,0.08071260115620704,-0.09015760888194982,nan,-0.09015760888194982,0.14520479373623285,-0.05755480863137128,0.13659311314572015,nan,0.13659311314572015,0.11481851387083974,-0.04344117923618376,0.10955750680906856,nan,0.10955750680906856,-0.009068090046103094,0.11535813138649387,-0.008840365300078033,nan,-0.008840365300078033,-0.00019584901024849444,0.012742504669415927,-0.0008723671732597583,nan,-0.0008723671732597583
8.855,5.039874989999589,ARM_NEUTRALIZE,INITIAL_HOLD,ARM_NEUTRALIZE_PROFILE,0.007133017294108868,0.00721804378554225,0.06538005918264389,-0.014822086319327354,0.010810339823365211,0.039826128631830215,0.0006106469663791358,0.010046938434243202,0.03252717852592468,-0.021749181014664734,0.025467632278001265,-0.06677922011350922,-0.001143735833466053,-0.004405768122524023,-0.0011438466608524318,0.03388118256637285,0.03388118256637285,0.9603491140976248,0.03388118256637285,nan,"[1.6004703755277954, 0.20141891552350605, 0.503253202445153, 0.30932608936732336, -0.01368453207565221, 0.03869878964820066]","[12.64354145349581, -4.957736555988643, 8.319621846153794, 6.578616254763419, -0.5195632878862995, -0.011221321709053137]",1.6004703755277954,12.64354145349581,0.0340489530599165,-0.06677922011350922,0.02793347763359011,False,False,0.2206714274758914,-0.10827815837240548,0.1927379498423013,nan,0.1927379498423013,-0.08652882634848602,0.08071260115620704,-0.09004424960016752,nan,-0.09004424960016752,0.14520479373623285,-0.05755480863137128,0.13642136838235935,nan,0.13642136838235935,0.11481851387083974,-0.04344117923618376,0.10941975514906173,nan,0.10941975514906173,-0.009068090046103094,0.11535813138649387,-0.00882924990478819,nan,-0.00882924990478819,-0.00019584901024849444,0.012742504669415927,-0.000871270306146294,nan,-0.000871270306146294
8.888,5.119178113999624,ARM_NEUTRALIZE,INITIAL_HOLD,ARM_NEUTRALIZE_PROFILE,0.007133017294108868,0.00721804378554225,0.06538005918264389,-0.014907339587807655,0.01081277709454298,0.038594719022512436,0.0005753703881055117,0.008657297119498253,0.03088078461587429,-0.021672107335831834,0.025581191217910988,-0.06647244984740874,0.0006152263376861811,-0.002602326450869441,0.0011621190933510663,0.03487339797810123,0.03487339797810123,0.9615816445905591,0.03487339797810123,nan,"[1.5808594136053182, 0.25249269611947883, 0.5012707055822212, 0.306149003760904, -0.01191811620556217, 0.034987700281243664]","[12.39063561010004, -4.797670941895372, 8.152511480112905, 6.442994734476524, -0.5071097249768173, -0.013877803496289011]",1.5808594136053182,12.39063561010004,0.032076513261119884,-0.06647244984740874,0.027591201778559643,False,False,0.21625738781110204,-0.1137679907683966,0.1886661860325424,nan,0.1886661860325424,-0.08373515436333179,0.08434595509651302,-0.0881419832478542,nan,-0.0881419832478542,0.1422881676346064,-0.06359477105203405,0.1335393433784015,nan,0.1335393433784015,0.11245147180527315,-0.04962043656719106,0.10710816368794487,nan,0.10710816368794487,-0.008850734369728386,-0.07558049359144095,-0.008642724001306033,nan,-0.008642724001306033,-0.0002422133639550239,0.012411995728412978,-0.0008528639315636718,nan,-0.0008528639315636718
8.909,5.195313886999429,ARM_NEUTRALIZE,INITIAL_HOLD,ARM_NEUTRALIZE_PROFILE,0.007133017294108868,0.00721804378554225,0.06538005918264389,-0.014892472885549068,0.010803875513374805,0.038291238248348236,0.0003078170702792704,0.008462618105113506,0.03014817275106907,-0.021700237653458514,0.025585189888866655,-0.06637366543833224,0.0013849979732185602,-0.001712236786261201,-0.00010237406968371922,0.03509678940366018,0.03509678940366018,0.9618847394073006,0.03509678940366018,nan,"[1.601754737918476, 0.26368042221718785, 0.5225231766770626, 0.32251869313416315, -0.024478341632294353, 0.030752505082848245]","[12.259352410403187, -4.715387715347678, 8.066050849035395, 6.372970764221541, -0.5126987118917485, -0.01742507693712927]",1.601754737918476,12.259352410403187,0.03131490023567142,-0.06637366543833226,0.02795589398609627,False,False,0.21396606372383875,-0.11345959708380016,0.18601016973774248,nan,0.18601016973774248,-0.08229904114091013,0.0805362253690385,-0.08690113268164887,nan,-0.08690113268164887,0.14077914494895172,-0.0671502924906059,0.13165939509795693,nan,0.13165939509795693,0.11122932296900512,-0.051842500109430915,0.10560030987458474,nan,0.10560030987458474,-0.008948280593244817,-0.14554038539677713,-0.008521052936333278,nan,-0.008521052936333278,-0.00030412496496623476,0.0011367262287745872,-0.0008408574318982282,nan,-0.0008408574318982282
8.915,5.2862734549999,ARM_NEUTRALIZE,INITIAL_HOLD,ARM_NEUTRALIZE_PROFILE,0.007133017294108868,0.00721804378554225,0.06538005918264389,-0.014892472885549068,0.010803875513374805,0.038291238248348236,0.0003078170702792704,0.008462618105113506,0.03014817275106907,-0.021700237653458514,0.025585189888866655,-0.06637366543833224,0.0013849979732185602,-0.001712236786261201,-0.00010237406968371922,0.03509678940366018,0.03509678940366018,0.9618847394073006,0.03509678940366018,nan,"[1.6457473129142033, 0.24312775780049933, 0.5536614516482922, 0.347493830559603, -0.026493624242232887, 0.030553637011894643]","[12.259352410403187, -4.715387715347678, 8.066050849035395, 6.372970764221541, -0.5126987118917485, -0.01742507693712927]",1.6457473129142033,12.259352410403187,0.03131490023567142,-0.06637366543833226,0.02872370926620224,False,False,0.21396606372383875,-0.11345959708380016,0.1852423544576365,nan,0.1852423544576365,-0.08229904114091013,0.0805362253690385,-0.08654242101752017,nan,-0.08654242101752017,0.14077914494895172,-0.0671502924906059,0.13111592967631763,nan,0.13111592967631763,0.11122932296900512,-0.051842500109430915,0.10516441149537276,nan,0.10516441149537276,-0.008948280593244817,-0.14554038539677713,-0.008485879619431666,nan,-0.008485879619431666,-0.00030412496496623476,0.0011367262287745872,-0.0008373865292829981,nan,-0.0008373865292829981
8.955,5.368225649999658,ARM_NEUTRALIZE,INITIAL_HOLD,ARM_NEUTRALIZE_PROFILE,0.007133017294108868,0.00721804378554225,0.06538005918264389,-0.015369804576039314,0.010619700886309147,0.037246424704790115,-0.00018042014562524855,0.00912606529891491,0.029965955764055252,-0.02161174197180304,0.025582047877620633,-0.06628980108299147,0.00046542147174477577,-0.004884775727987289,-0.0014942504931241267,0.036186318576007424,0.036186318576007424,0.9629348138287086,0.036186318576007424,nan,"[1.6734358943020413, 0.2733030607539694, 0.5884664841437535, 0.3749540466415987, -0.03425638662564461, 0.028106385673643645]","[11.988170450142945, -4.545584624133951, 7.889313067600501, 6.23075841963161, -0.5067703319570573, -0.018521286466889057]",1.6734358943020413,11.988170450142945,0.03132532719896669,-0.06628980108299147,0.029206966176626437,False,False,0.2092330456452851,-0.11787273454096829,0.18002607946865867,nan,0.18002607946865867,-0.07933541811916633,0.07727288329354483,-0.0841054563851012,nan,-0.0841054563851012,0.1376944887502427,-0.07485863176998653,0.1274238110642992,nan,0.1274238110642992,0.1087472493189301,-0.05769307531018219,0.10220306666135781,nan,0.10220306666135781,-0.00884481084407529,-0.16163860612981232,-0.008246924107621642,nan,-0.008246924107621642,-0.00032325743055228173,0.0009210456087335311,-0.0008138064013927278,nan,-0.0008138064013927278
8.996,5.451542083000277,ARM_NEUTRALIZE,INITIAL_HOLD,ARM_NEUTRALIZE_PROFILE,0.007133017294108868,0.00721804378554225,0.06538005918264389,-0.015691952779889107,0.01050290185958147,0.035981521010398865,1.513751340098679e-05,0.009585858322679996,0.02764326147735119,-0.021650598830730713,0.02550041809365252,-0.06604646681567182,-0.00022230829927138984,-0.007351134903728962,0.0010533604072406897,0.03736366681832006,0.03736366681832006,0.9642033894168504,0.03736366681832006,nan,"[1.707677527563017, 0.30042853040537865, 0.6316896686410688, 0.40972612294975247, -0.03684459985860436, 0.026598567636523938]","[11.706571215444045, -4.370903086921471, 7.708981713754887, 6.086223667852647, -0.49488999887807067, -0.018601348475961]",1.707677527563017,11.706571215444045,0.029258140987287854,-0.06604646681567182,0.029804595418290863,False,False,0.20431821182869303,-0.12421176693761779,0.17451361641040217,nan,0.17451361641040217,-0.07628665015236358,0.08085372312424438,-0.08153011717486533,nan,-0.08153011717486533,0.1345471128810578,-0.07624970091759055,0.12352204831243918,nan,0.12352204831243918,0.10622464201683446,-0.05865559296114771,0.09907357213993018,nan,0.09907357213993018,-0.008637459915613377,-0.17897141629707583,-0.007994400336500894,nan,-0.007994400336500894,-0.00032465477621634875,0.0018134084002657952,-0.0007888873577880978,nan,-0.0007888873577880978
8.999,5.528223831000105,ARM_NEUTRALIZE,INITIAL_HOLD,ARM_NEUTRALIZE_PROFILE,0.007133017294108868,0.00721804378554225,0.06538005918264389,-0.015691952779889107,0.01050290185958147,0.035981521010398865,1.513751340098679e-05,0.009585858322679996,0.02764326147735119,-0.021650598830730713,0.02550041809365252,-0.06604646681567182,-0.00022230829927138984,-0.007351134903728962,0.0010533604072406897,0.03736366681832006,0.03736366681832006,0.9642033894168504,0.03736366681832006,nan,"[1.5857917639728933, 0.37966850372561495, 0.5548325131479389, 0.34831729780658405, -0.03187059296622046, 0.025573516832772338]","[11.561220731130321, -4.2807007516410565, 7.615516052710864, 6.011493626009197, -0.48884108233045676, -0.019520327203999356]",1.5857917639728933,11.561220731130321,0.029258140987287854,-0.06604646681567182,0.02767728753233578,False,False,0.20178136730805019,-0.12402605310617741,0.1741040797757144,nan,0.1741040797757144,-0.07471232240873249,0.07898959270504073,-0.08133878786486483,nan,-0.08133878786486483,0.1329158293582866,-0.0800719631097058,0.12323217520674035,nan,0.12323217520674035,0.10492035673651312,-0.06213302483466934,0.0988410730481386,nan,0.0988410730481386,-0.008531886405679145,-0.17275947800883368,-0.007975639623855653,nan,-0.007975639623855653,-0.00034069398077640756,0.0004313174687072957,-0.0007870360508224769,nan,-0.0007870360508224769
9.008,5.604536496999572,ARM_NEUTRALIZE,INITIAL_HOLD,ARM_NEUTRALIZE_PROFILE,0.007133017294108868,0.00721804378554225,0.06538005918264389,-0.015775416046380997,0.010484099388122559,0.035599302500486374,-0.0004961361410096288,0.010179863311350346,0.027902688831090927,-0.021634851781442015,0.025427308170484622,-0.0659237162199798,-0.00022230829927138984,-0.007351134903728962,0.0010533604072406897,0.037714147290860006,0.037714147290860006,0.9645866915052088,0.037714147290860006,nan,"[1.6564636160036459, 0.3466516853503556, 0.6048545807689705, 0.38843859592904895, -0.035108042795505605, 0.02525404531092032]","[11.561220731130321, -4.2807007516410565, 7.615516052710864, 6.011493626009197, -0.48884108233045676, -0.019520327203999356]",1.6564636160036459,11.561220731130321,0.029705821182267948,-0.0659237162199798,0.028910744038754654,False,False,0.20178136730805019,-0.12402605310617741,0.17287062326929553,nan,0.17287062326929553,-0.07471232240873249,0.07898959270504073,-0.08076253567568359,nan,-0.08076253567568359,0.1329158293582866,-0.0800719631097058,0.1223591254280981,nan,0.1223591254280981,0.10492035673651312,-0.06213302483466934,0.09814082429572737,nan,0.09814082429572737,-0.008531886405679145,-0.17275947800883368,-0.007919135464966498,nan,-0.007919135464966498,-0.00034069398077640756,0.0004313174687072957,-0.0007814602208998022,nan,-0.0007814602208998022
9.009,5.681383834999906,ARM_NEUTRALIZE,INITIAL_HOLD,ARM_NEUTRALIZE_PROFILE,0.007133017294108868,0.00721804378554225,0.06538005918264389,-0.015775416046380997,0.010484099388122559,0.035599302500486374,-0.0004961361410096288,0.010179863311350346,0.027902688831090927,-0.021634851781442015,0.025427308170484622,-0.0659237162199798,-0.001013329136185348,-0.006873696111142635,0.0010958099737763414,0.037714147290860006,0.037714147290860006,0.9645866915052088,0.037714147290860006,nan,"[1.6643414726962287, 0.3429712700770706, 0.6104305868995834, 0.39291095412891136, -0.03546892432148342, 0.025218433524980186]","[11.561220731130321, -4.2807007516410565, 7.615516052710864, 6.011493626009197, -0.48884108233045676, -0.019520327203999356]",1.6643414726962287,11.561220731130321,0.029705821182267948,-0.0659237162199798,0.029048238576040497,False,False,0.20178136730805019,-0.12402605310617741,0.1727331287320097,nan,0.1727331287320097,-0.07471232240873249,0.07898959270504073,-0.08069830031132408,nan,-0.08069830031132408,0.1329158293582866,-0.0800719631097058,0.12226180576200751,nan,0.12226180576200751,0.10492035673651312,-0.06213302483466934,0.09806276691981121,nan,0.09806276691981121,-0.008531886405679145,-0.17275947800883368,-0.007912836894128564,nan,-0.007912836894128564,-0.00034069398077640756,0.0004313174687072957,-0.0007808386779826315,nan,-0.0007808386779826315
9.046,5.760589761000119,ARM_NEUTRALIZE,INITIAL_HOLD,ARM_NEUTRALIZE_PROFILE,0.007133017294108868,0.00721804378554225,0.06538005918264389,-0.015891674906015396,0.010453296825289726,0.0348043367266655,-0.0009246801491826773,0.009072472341358662,0.026553256437182426,-0.021718023811499454,0.02531868088209637,-0.0656818303778295,0.00010882308561122045,-0.007047932595014572,0.0012730390299111613,0.038411952786166444,0.038411952786166444,0.965383076890976,0.038411952786166444,nan,"[1.6599498018860712, 0.3876349067144059, 0.6313883908047174, 0.4100816663480663, -0.032574702827466516, 0.024395027138825146]","[11.261919050011084, -4.0982596269709495, 7.42773433651143, 5.86124022094668, -0.47243714890595095, -0.019010595330782903]",1.6599498018860712,11.261919050011084,0.028075616024974062,-0.0656818303778295,0.028971589460739522,False,False,0.19655756751576536,-0.12850249409420683,0.16758597805502584,nan,0.16758597805502584,-0.07152812409219766,0.08056391675120024,-0.07829362951002512,nan,-0.07829362951002512,0.12963842013556093,-0.08050018940237785,0.11861861385714992,nan,0.11861861385714992,0.10229794010583948,-0.062310281219286834,0.09514066482600089,nan,0.09514066482600089,-0.00824558375714357,-0.1706438833544006,-0.007677047939945574,nan,-0.007677047939945574,-0.00033179748128642217,0.00041886430880268277,-0.0007575710259722927,nan,-0.0007575710259722927
9.051,5.839425405999464,ARM_NEUTRALIZE,INITIAL_HOLD,ARM_NEUTRALIZE_PROFILE,0.007133017294108868,0.00721804378554225,0.06538005918264389,-0.015891674906015396,0.010453296825289726,0.0348043367266655,-0.0009246801491826773,0.009072472341358662,0.026553256437182426,-0.021718023811499454,0.02531868088209637,-0.0656818303778295,0.00010882308561122045,-0.007047932595014572,0.0012730390299111613,0.038411952786166444,0.038411952786166444,0.965383076890976,0.038411952786166444,nan,"[1.700294496296059, 0.36878647683088894, 0.6599446685013616, 0.43298585614315627, -0.03442287745819988, 0.024212649281850268]","[11.261919050011084, -4.0982596269709495, 7.42773433651143, 5.86124022094668, -0.47243714890595095, -0.019010595330782903]",1.700294496296059,11.261919050011084,0.028075616024974062,-0.0656818303778295,0.029675737213904763,False,False,0.19655756751576536,-0.12850249409420683,0.1668818303018606,nan,0.1668818303018606,-0.07152812409219766,0.08056391675120024,-0.07796466234972646,nan,-0.07796466234972646,0.12963842013556093,-0.08050018940237785,0.11812021278922966,nan,0.11812021278922966,0.10229794010583948,-0.062310281219286834,0.09474091130157489,nan,0.09474091130157489,-0.00824558375714357,-0.1706438833544006,-0.007644791207487446,nan,-0.007644791207487446,-0.00033179748128642217,0.00041886430880268277,-0.0007543879318853498,nan,-0.0007543879318853498
9.069,5.91156016900004,ARM_NEUTRALIZE,INITIAL_HOLD,ARM_NEUTRALIZE_PROFILE,0.007133017294108868,0.00721804378554225,0.06538005918264389,-0.015915831550955772,0.010430952534079552,0.0343770757317543,-0.001613782485947013,0.008048733696341515,0.026079723611474037,-0.0216480584434979,0.02529396599449297,-0.06555546805141119,0.0007260729325935245,-0.005767920985817909,0.0025085224770009526,0.038765412400298266,0.038765412400298266,0.9658104111765853,0.038765412400298266,nan,"[1.6950424662312167, 0.3924437486717706, 0.6674700947246183, 0.4394065087893072, -0.033126277266874116, 0.022351314806418113]","[11.110512616514049, -4.006321232530289, 7.331810578349146, 5.784687182886913, -0.46444527280428205, -0.020211240035844527]",1.6950424662312167,11.110512616514049,0.02734114832404537,-0.06555546805141117,0.02958407199685953,False,False,0.19391502674254024,-0.1387536787254023,0.1643309547456807,nan,0.1643309547456807,-0.0699234964002109,0.07774149243968735,-0.07677293194340241,nan,-0.07677293194340241,0.12796423472474228,-0.08665106591127432,0.11631468391319925,nan,0.11631468391319925,0.100961837539292,-0.06666636070297778,0.09329274720622519,nan,0.09329274720622519,-0.008106099205758,-0.19495601221404352,-0.007527936598522498,nan,-0.007527936598522498,-0.00035275268453638375,-0.00510707792354681,-0.0007428567200581388,nan,-0.0007428567200581388
9.101,5.985160864000136,ARM_NEUTRALIZE,INITIAL_HOLD,ARM_NEUTRALIZE_PROFILE,0.007133017294108868,0.00721804378554225,0.06538005918264389,-0.015913940966129303,0.010408199392259121,0.03414970636367798,-0.002058302750810981,0.007510732393711805,0.026445649564266205,-0.021690180958079466,0.025296455062930885,-0.06539873053334419,-0.0011983567383140326,-0.0050824908539652824,0.00068788230419159,0.03894450301443478,0.03894450301443478,0.9660374598580699,0.03894450301443478,nan,"[1.6309127750798786, 0.458877016588546, 0.6586561995461345, 0.43329457318166575, -0.03147999416118982, 0.020412947105689604]","[10.783226435782579, -3.8169452403028887, 7.136732543510606, 5.629178002578349, -0.4507438941013331, -0.020960011004697132]",1.6309127750798786,10.783226435782579,0.027568461911755635,-0.06539873053334419,0.028464797737981606,False,False,0.1882028052924989,-0.14779696661608954,0.15973800755451728,nan,0.15973800755451728,-0.06661826181161157,0.07925384287634116,-0.07462717661281033,nan,-0.07462717661281033,0.12455948071848955,-0.08690630406478111,0.11306376139773672,nan,0.11306376139773672,0.09824769032583003,-0.06755069250517853,0.09068527339278644,nan,0.09068527339278644,-0.00786696503532891,-0.18367355612729175,-0.007317535488707557,nan,-0.007317535488707557,-0.0003658212032862096,-0.0073390467249752345,-0.0007220943403159401,nan,-0.0007220943403159401
9.138,6.066093307999836,ARM_NEUTRALIZE,INITIAL_HOLD,ARM_NEUTRALIZE_PROFILE,0.007133017294108868,0.00721804378554225,0.06538005918264389,-0.01607825607061386,0.01030039694160223,0.03345257043838501,-0.003279675031080842,0.006786662619560957,0.0259570125490427,-0.021746449438288053,0.025320484890717688,-0.0652615669033666,1.196953235194087e-06,-0.004639023449271917,-0.00032361474586650675,0.03959329046322542,0.03959329046322542,0.9667360250283382,0.03959329046322542,nan,"[1.6160090904778077, 0.5058153002195943, 0.6830468584304361, 0.4545148092733223, -0.036179056700987214, 0.021125004871128776]","[10.459264742890403, -3.6256197383675333, 6.94236962306629, 5.474942125218402, -0.4412851304709231, -0.01885085907217667]",1.6160090904778077,10.459264742890403,0.027029272248664065,-0.0652615669033666,0.028204679370996688,False,False,0.1825486071011957,-0.1423510386749475,0.154343927730199,nan,0.154343927730199,-0.06327900185980884,0.08438900864620484,-0.07210714425560436,nan,-0.07210714425560436,0.12116720781294443,-0.0827854336458503,0.10924579118792974,nan,0.10924579118792974,0.09555576644119679,-0.06327741129320309,0.08762298652030326,nan,0.08762298652030326,-0.0077018784668103635,-0.1931769643250938,-0.007070434807112419,nan,-0.007070434807112419,-0.00032900955763892625,0.0018221650788419197,-0.0006977104471399638,nan,-0.0006977104471399638
9.174,6.145807410000089,ARM_NEUTRALIZE,INITIAL_HOLD,ARM_NEUTRALIZE_PROFILE,0.007133017294108868,0.00721804378554225,0.06538005918264389,-0.016469568014144897,0.010141393169760704,0.03265080228447914,-0.004778148606419563,0.006829592864960432,0.025591900572180748,-0.021679765952867143,0.02530331971797259,-0.06514924566775389,-0.0006557258311659098,-0.005853958427906036,-0.0012097525177523487,0.04045778370056461,0.04045778370056461,0.9675425390373583,0.04045778370056461,nan,"[1.762580760231814, 0.4593537817143916, 0.8012486331426235, 0.5500053324078037, -0.03567769091140602, 0.02177718750220585]","[10.300873314166425, -3.5296071183823137, 6.844716226368121, 5.3973012666386815, -0.4268135247239089, -0.01682009327991294]",1.762580760231814,10.300873314166425,0.026915040733807797,-0.06514924566775389,0.030762837598349885,False,False,0.17978415516302437,-0.1379850798484005,0.1490213175646745,nan,0.1490213175646745,-0.06160326551760065,0.08509651414910092,-0.0696205014400041,nan,-0.0696205014400041,0.11946283451480522,-0.0836568664210208,0.10547840773936228,nan,0.10547840773936228,0.09420067782490538,-0.06621368275458114,0.08460127387086333,nan,0.08460127387086333,-0.007449301298474431,-0.24703982255261583,-0.0068266081225615395,nan,-0.0068266081225615395,-0.00029356600822705303,-0.0051536255700303235,-0.000673649631964705,nan,-0.000673649631964705
9.206,6.22372939700017,ARM_NEUTRALIZE,INITIAL_HOLD,ARM_NEUTRALIZE_PROFILE,0.007133017294108868,0.00721804378554225,0.06538005918264389,-0.01677749864757061,0.01003236509859562,0.032195910811424255,-0.007253579795360565,0.007263049483299255,0.02490287646651268,-0.021729914821014832,0.02525573831467231,-0.06501035819217632,-0.000421038392232731,-0.0054026274010539055,-0.00034672132460400397,0.04099781555367961,0.04099781555367961,0.9680014916623163,0.04099781555367961,nan,"[1.7002454837783918, 0.5275576295183336, 0.7946890344562635, 0.5463201070154494, -0.036071552568758984, 0.023346898766314145]","[9.964496888138402, -3.3333753980540344, 6.64418824393258, 5.2380394383419455, -0.41465366877780435, -0.014011581268562587]",1.7002454837783918,9.964496888138402,0.026935470368102125,-0.06501035819217632,0.029674881784096774,False,False,0.17391327900274423,-0.15476133824262256,0.14423839721864745,nan,0.14423839721864745,-0.058178375901019486,0.09508438364989344,-0.06738599353013083,nan,-0.06738599353013083,0.11596296097892367,-0.08153533665490881,0.1020930207981672,nan,0.1020930207981672,0.09142103454838146,-0.062415249735310235,0.0818859499111141,nan,0.0818859499111141,-0.007237071775646697,-0.0938436090795735,-0.006607504417015635,nan,-0.006607504417015635,-0.000244548226547181,0.0044510548469476885,-0.000652028480149165,nan,-0.000652028480149165
9.209,6.309013633000177,ARM_NEUTRALIZE,INITIAL_HOLD,ARM_NEUTRALIZE_PROFILE,0.007133017294108868,0.00721804378554225,0.06538005918264389,-0.01677749864757061,0.01003236509859562,0.032195910811424255,-0.007253579795360565,0.007263049483299255,0.02490287646651268,-0.021729914821014832,0.02525573831467231,-0.06501035819217632,-0.0010463353246450424,-0.005121390335261822,5.1642637117766474e-05,0.04099781555367961,0.04099781555367961,0.9680014916623163,0.04099781555367961,nan,"[1.7260611884806445, 0.5154969234678864, 0.812961584123403, 0.5609760068516364, -0.03725415987816999, 0.023230199086994544]","[9.964496888138402, -3.3333753980540344, 6.64418824393258, 5.2380394383419455, -0.41465366877780435, -0.014011581268562587]",1.7260611884806445,9.964496888138402,0.026935470368102125,-0.06501035819217632,0.030125450829873668,False,False,0.17391327900274423,-0.15476133824262256,0.14378782817287056,nan,0.14378782817287056,-0.058178375901019486,0.09508438364989344,-0.06717549449943533,nan,-0.06717549449943533,0.11596296097892367,-0.08153533665490881,0.10177410464374143,nan,0.10177410464374143,0.09142103454838146,-0.062415249735310235,0.08163015620413014,nan,0.08163015620413014,-0.007237071775646697,-0.0938436090795735,-0.0065868640257082615,nan,-0.0065868640257082615,-0.000244548226547181,0.0044510548469476885,-0.0006499916865090165,nan,-0.0006499916865090165
9.236,6.397126734000267,ARM_NEUTRALIZE,INITIAL_HOLD,ARM_NEUTRALIZE_PROFILE,0.007133017294108868,0.00721804378554225,0.06538005918264389,-0.016949398443102837,0.00999665167182684,0.031901899725198746,-0.00795763824135065,0.007352687418460846,0.02489010989665985,-0.02180319880177222,0.025222600141068863,-0.0649129993618873,-0.0023096741642802954,-0.00537433847784996,0.0015636717434972531,0.04133364936929412,0.04133364936929412,0.9682980671817486,0.04133364936929412,nan,"[1.7833877140427805, 0.5073575935700952, 0.8757076236879309, 0.6120679575158521, -0.0356081126090332, 0.023527779166140964]","[9.788649603230441, -3.2325794569926276, 6.54189210928447, 5.156755687855002, -0.4023260206844569, -0.012659940910162381]",1.7833877140427805,9.788649603230441,0.027145968196430264,-0.0649129993618873,0.031125987449661635,False,False,0.17084416490040777,-0.15153654084408885,0.13971817745074613,nan,0.13971817745074613,-0.05641915485685178,0.09131768146719418,-0.06527421534964516,nan,-0.06527421534964516,0.11417755661725071,-0.08357160780299215,0.09889357529908083,nan,0.09889357529908083,0.09000236547401474,-0.06298063114398812,0.07931976436940635,nan,0.07931976436940635,-0.007021913727390583,0.028643770899679597,-0.006400434921942045,nan,-0.006400434921942045,-0.00022095765199026118,0.008264346448736498,-0.000631594864121547,nan,-0.000631594864121547
9.277,6.476246164000258,ARM_NEUTRALIZE,INITIAL_HOLD,ARM_NEUTRALIZE_PROFILE,0.007133017294108868,0.00721804378554225,0.06538005918264389,-0.017177527770400047,0.01000724546611309,0.03127283602952957,-0.009154265746474266,0.008911505341529846,0.024598976597189903,-0.02192131111123632,0.025138781164201547,-0.06473510134778201,-0.0027067656628787518,-0.00605694018304348,0.0014081047847867019,0.0419771952203188,0.0419771952203188,0.9689311279117792,0.0419771952203188,nan,"[1.6007386689938043, 0.6261993952505894, 0.8030585727550877, 0.5498633589236841, -0.5254899184304276, 0.010181092509367337]","[9.249560764398456, -2.9472143848037042, 6.216952295408523, 4.8921957410139285, -0.875879459321826, -0.024395344430915615]",1.6007386689938043,9.249560764398456,0.02771867887252716,-0.06473510134778201,0.02793816023793355,False,False,0.16143528970203658,-0.16206626298235646,0.13349712946410303,nan,0.13349712946410303,-0.051438594776963775,0.060717865816551364,-0.062367835998083904,nan,-0.062367835998083904,0.10850628699429787,-0.11692832306038053,0.09449027081335516,nan,0.09449027081335516,0.08538492333273684,-0.10419089255385997,0.07578799728344321,nan,0.07578799728344321,-0.015286980415753604,-1.2562030610809205,-0.006115451153106208,nan,-0.006115451153106208,-0.0004257790824775398,0.0747721350145305,-0.0006034726682161315,nan,-0.0006034726682161315
9.277,6.552276340999924,ARM_NEUTRALIZE,INITIAL_HOLD,ARM_NEUTRALIZE_PROFILE,0.007133017294108868,0.00721804378554225,0.06538005918264389,-0.017177527770400047,0.01000724546611309,0.03127283602952957,-0.009154265746474266,0.008911505341529846,0.024598976597189903,-0.02192131111123632,0.025138781164201547,-0.06473510134778201,-0.0027067656628787518,-0.00605694018304348,0.0014081047847867019,0.0419771952203188,0.0419771952203188,0.9689311279117792,0.0419771952203188,nan,"[1.6007386689938043, 0.6261993952505894, 0.8030585727550877, 0.5498633589236841, -0.5254899184304276, 0.010181092509367337]","[9.249560764398456, -2.9472143848037042, 6.216952295408523, 4.8921957410139285, -0.875879459321826, -0.024395344430915615]",1.6007386689938043,9.249560764398456,0.02771867887252716,-0.06473510134778201,0.02793816023793355,False,False,0.16143528970203658,-0.16206626298235646,0.13349712946410303,nan,0.13349712946410303,-0.051438594776963775,0.060717865816551364,-0.062367835998083904,nan,-0.062367835998083904,0.10850628699429787,-0.11692832306038053,0.09449027081335516,nan,0.09449027081335516,0.08538492333273684,-0.10419089255385997,0.07578799728344321,nan,0.07578799728344321,-0.015286980415753604,-1.2562030610809205,-0.006115451153106208,nan,-0.006115451153106208,-0.0004257790824775398,0.0747721350145305,-0.0006034726682161315,nan,-0.0006034726682161315
9.298,6.635435178999614,ARM_NEUTRALIZE,INITIAL_HOLD,ARM_NEUTRALIZE_PROFILE,0.007133017294108868,0.00721804378554225,0.06538005918264389,-0.01724117435514927,0.010024438612163067,0.030773770064115524,-0.008383304812014103,0.008411440066993237,0.023826705291867256,-0.021924953473584915,0.02512661510036543,-0.06468752019988068,5.490001058205962e-05,-0.004844017326831818,0.000576648628339172,0.04242136627965705,0.04242136627965705,0.9694313963650866,0.04242136627965705,nan,"[1.598349400810477, 0.6408262943887408, 0.8320041287841293, 0.5743253660005325, -0.0965043709347755, 0.01910501358916677]","[9.063799304814875, -2.846918776489783, 6.116105637218399, 4.812555051654607, -0.438493703643062, -0.01464249087844674]",1.598349400810477,9.063799304814875,0.02662224649869453,-0.06468752019988068,0.027896459641421345,False,False,0.1581931406089927,-0.16209583780038664,0.13029668096757135,nan,0.13029668096757135,-0.04968810618659525,0.09080661527050672,-0.06087263495703324,nan,-0.06087263495703324,0.10674618076924691,-0.08324551233724083,0.09222496933177693,nan,0.09222496933177693,0.08399493108485867,-0.0620497267863818,0.07397106247042788,nan,0.07397106247042788,-0.007653158877835686,0.10812759239063438,-0.005968839862457936,nan,-0.005968839862457936,-0.0002555596765221324,0.007112210933272661,-0.0005890050672913518,nan,-0.0005890050672913518
9.332,6.713327466999544,ARM_NEUTRALIZE,INITIAL_HOLD,ARM_NEUTRALIZE_PROFILE,0.007133017294108868,0.00721804378554225,0.06538005918264389,-0.017436524853110313,0.009971397928893566,0.0295969620347023,-0.006991450674831867,0.007435718085616827,0.023525113239884377,-0.021971957850983163,0.025108899685783486,-0.0645237793121312,-0.0004818023298867047,-0.004973229020833969,-0.0010309027275070542,0.04349337193023455,0.04349337193023455,0.9706108990053061,0.04349337193023455,nan,"[1.713505387808556, 0.6003682419321312, 0.9394702330363957, 0.6608152665502774, -0.16608669691451253, 0.0020278005509071248]","[8.881373508862609, -2.748351129221103, 6.0129411206252925, 4.730104036033511, -0.4944439248352842, -0.030374487931235726]",1.713505387808556,8.881373508862609,0.025643736836443307,-0.0645237793121312,0.029906310767921607,False,False,0.1550092098290543,-0.15792649261435504,0.1251028990611327,nan,0.1251028990611327,-0.047967776205812385,0.0776114340697962,-0.05844617875193796,nan,-0.05844617875193796,0.10494562028346888,-0.09262911652066252,0.08854877149250537,nan,0.08854877149250537,0.08255588939065728,-0.07376438223826305,0.07102248724191099,nan,0.07102248724191099,-0.008629674454859071,-0.20156340457141353,-0.00573091474993892,nan,-0.00573091474993892,-0.0005301348230073444,-0.013284095018722186,-0.0005655266191944286,nan,-0.0005655266191944286
9.337,6.789595731999725,ARM_NEUTRALIZE,INITIAL_HOLD,ARM_NEUTRALIZE_PROFILE,0.007133017294108868,0.00721804378554225,0.06538005918264389,-0.017436524853110313,0.009971397928893566,0.0295969620347023,-0.006991450674831867,0.007435718085616827,0.023525113239884377,-0.021971957850983163,0.025108899685783486,-0.0645237793121312,-0.0004818023298867047,-0.004973229020833969,-0.0010309027275070542,0.04349337193023455,0.04349337193023455,0.9706108990053061,0.04349337193023455,nan,"[1.5707262554807577, 0.6836466977289019, 0.873817257255095, 0.6100752646575508, -0.09805097400579862, 0.039312421375751534]","[8.694790346380957, -2.6446080943007395, 5.916283323327833, 4.654495935990429, -0.42440155648190464, 0.007108148649165989]",1.5707262554807577,8.694790346380957,0.025643736836443307,-0.0645237793121312,0.02741434480566085,False,False,0.15175271931496592,-0.17753188075316545,0.12433837450930507,nan,0.12433837450930507,-0.04615711867044059,0.10316128942727898,-0.058089004466196366,nan,-0.058089004466196366,0.10325862347290293,-0.07176951111160447,0.08800763527305522,nan,0.08800763527305522,0.08123627910372822,-0.05459734521627114,0.07058845705047816,nan,0.07058845705047816,-0.007407204511197918,-0.66904486000246,-0.005695892180009358,nan,-0.005695892180009358,0.0001240605976491338,0.002644922995242882,-0.0005620705922891293,nan,-0.0005620705922891293
9.356,6.873595629999727,ARM_NEUTRALIZE,INITIAL_HOLD,ARM_NEUTRALIZE_PROFILE,0.007133017294108868,0.00721804378554225,0.06538005918264389,-0.0176395233720541,0.009840697050094604,0.028854504227638245,-0.007560331374406815,0.007568080443888903,0.022859446704387665,-0.02194055369500919,0.025132469769401138,-0.06455881509281677,-0.0003571215202100575,-0.004945660475641489,-0.0019844425842165943,0.04421168675784608,0.04421168675784608,0.9713555302062017,0.04421168675784608,nan,"[1.5502445186812635, 0.7034022926187368, 0.8879053225673533, 0.6216291898218741, -0.11671643254401591, 0.0398048472083821]","[8.507823698431537, -2.5470732716744293, 5.81253211820751, 4.571534285841518, -0.4354404065233424, 0.00835316814394259]",1.5502445186812635,8.507823698431537,0.025238636170101462,-0.06455881509281677,0.02705687106198279,False,False,0.14848953571683143,-0.17317823514877748,0.12143266465484864,nan,0.12143266465484864,-0.044454814880262816,0.10182871783843404,-0.05673150085253638,nan,-0.05673150085253638,0.10144782334064129,-0.07545951683541546,0.08595095201585866,nan,0.08595095201585866,0.07978832515574208,-0.05797449076324456,0.06893884906684555,nan,0.06893884906684555,-0.00759986879005492,-0.6737242744228642,-0.005562782750979981,nan,-0.005562782750979981,0.0001457902870845018,0.001553356425183644,-0.0005489353549550393,nan,-0.0005489353549550393
9.389,6.952235081999788,ARM_NEUTRALIZE,INITIAL_HOLD,ARM_NEUTRALIZE_PROFILE,0.007133017294108868,0.00721804378554225,0.06538005918264389,-0.017940904945135117,0.009697036817669868,0.027651473879814148,-0.009458949789404869,0.00808218028396368,0.021933378651738167,-0.02194373914035602,0.025102765807349138,-0.06442777804876229,1.3228273019194603e-06,-0.004462447017431259,-0.002645721193403005,0.045368415575881546,0.045368415575881546,0.9725623706690443,0.045368415575881546,nan,"[1.6546181850841095, 0.6664715264572698, 0.9900254164724267, 0.7042417101087431, -0.13824422999068844, 0.04390812454179324]","[8.323181901225054, -2.448980392700937, 5.710084896430815, 4.490069097050854, -0.44372851891243875, 0.013762937487183366]",1.6546181850841095,8.323181901225054,0.025216392849523445,-0.06442777804876229,0.028878535193090638,False,False,0.14526692841877864,-0.15332674134443114,0.116388393225688,nan,0.116388393225688,-0.04274277116941505,0.091360372930487,-0.05437489367688691,nan,-0.05437489367688691,0.09965978201111714,-0.08178173961659092,0.08238057881524519,nan,0.08238057881524519,0.07836648938558621,-0.06074060448729645,0.06607515281431321,nan,0.06607515281431321,-0.007744523640019985,0.08627093118896165,-0.005331706654798181,nan,-0.005331706654798181,0.0002402085738975046,0.0076847201698316825,-0.000526132767732514,nan,-0.000526132767732514
9.421,7.027329204000125,ARM_NEUTRALIZE,INITIAL_HOLD,ARM_NEUTRALIZE_PROFILE,0.007133017294108868,0.00721804378554225,0.06538005918264389,-0.018045945093035698,0.009666032157838345,0.027137940749526024,-0.01004568301141262,0.009395277127623558,0.020493295043706894,-0.02196794551242981,0.025116531355836455,-0.06448096597450148,-0.0009943407494574785,-0.003733470803126693,-0.003119396977126598,0.045852289105526134,0.045852289105526134,0.9730774247926266,0.045852289105526134,nan,"[1.5605337378622863, 0.7388991010572971, 0.9847392186878051, 0.7022103678699978, -0.14711246621957355, 0.038453431199684265]","[7.949465919877288, -2.2459132026255153, 5.506873398727149, 4.329287420375887, -0.4397869442137025, 0.009572316179385282]",1.5605337378622863,7.949465919877288,0.024681209881589113,-0.06448096597450148,0.02723645181415099,False,False,0.13874435407693841,-0.1676141362328326,0.11150790226278742,nan,0.11150790226278742,-0.0391985800998258,0.09759163193243185,-0.052094802253301944,nan,-0.052094802253301944,0.09611307229827926,-0.07949853924782488,0.07892613065866058,nan,0.07892613065866058,0.07556031975073108,-0.05939609806267353,0.06330443678975901,nan,0.06330443678975901,-0.007675730183813734,0.341698904612087,-0.00510813327755324,nan,-0.00510813327755324,0.00016706843437219732,0.006638359973267338,-0.0005040705487514062,nan,-0.0005040705487514062
9.455,7.106534427999577,ARM_NEUTRALIZE,INITIAL_HOLD,ARM_NEUTRALIZE_PROFILE,0.007133017294108868,0.00721804378554225,0.06538005918264389,-0.01827588677406311,0.009688322432339191,0.025932790711522102,-0.009856208227574825,0.010827518999576569,0.019529830664396286,-0.021908922648165515,0.02510346542520425,-0.06430098114134232,0.0021075468976050615,-0.004519566893577576,-0.0011288811219856136,0.046987250104375614,0.046987250104375614,0.9742868160043914,0.046987250104375614,nan,"[1.6670218299700423, 0.6988017985625748, 1.0893558479204828, 0.7864300248173001, 0.739728739855017, 0.045290338475791975]","[7.76009498053589, -2.1477896487913792, 5.402078783565057, 4.245544188819434, 0.46060744807766824, 0.01774665175706909]",1.6670218299700423,7.76009498053589,0.024408897846717674,-0.06430098114134232,0.029095019635598324,False,False,0.13543920767783657,-0.15760863019351842,0.10634418804223825,nan,0.10634418804223825,-0.03748600101166222,0.09207947977817069,-0.049682393215437326,nan,-0.049682393215437326,0.09428406122534039,-0.0829459887761182,0.07527121495327334,nan,0.07527121495327334,0.07409872463381095,-0.06261137780231889,0.06037293136420835,nan,0.06037293136420835,0.008039116528164136,0.2583338696862666,-0.0048715855539345106,nan,-0.0048715855539345106,0.0003097375043656925,0.013512289106340447,-0.0004807280213795476,nan,-0.0004807280213795476
9.482,7.182491607999509,ARM_NEUTRALIZE,INITIAL_HOLD,ARM_NEUTRALIZE_PROFILE,0.007133017294108868,0.00721804378554225,0.06538005918264389,-0.018320830538868904,0.009724348783493042,0.025739815086126328,-0.009911646135151386,0.010988546535372734,0.01905548758804798,-0.02185090800764769,0.025123848253264726,-0.06431598731859799,0.0030884803272783756,-0.004097159951925278,-0.001211686409078538,0.04717551151051397,0.04717551151051397,0.9744809509165956,0.04717551151051397,nan,"[1.5281467649875629, 0.7913106286381161, 1.0503215979681233, 0.7582890943804962, 0.752282506801036, 0.04202835940695361]","[7.387583663299929, -1.9461295019628415, 5.19767503963279, 4.084765023222209, 0.48386400012465947, 0.01554082343173671]",1.5281467649875629,7.387583663299929,0.024126758822659213,-0.06431598731859799,0.026671192502732977,False,False,0.12893765869112794,-0.16662210600079577,0.10226646618839497,nan,0.10226646618839497,-0.03396636747944903,0.09480665348815641,-0.04777734335521029,nan,-0.04777734335521029,0.09071654289031894,-0.0844356084973661,0.072384972800967,nan,0.072384972800967,0.07129259882553018,-0.0626692197151058,0.058057957446624495,nan,0.058057957446624495,0.008445019934045561,0.1933931229717521,-0.00468478671478915,nan,-0.00468478671478915,0.0002712385373548898,0.0105430388356553,-0.0004622947135079821,nan,-0.0004622947135079821
9.482,7.2623727000000144,ARM_NEUTRALIZE,INITIAL_HOLD,ARM_NEUTRALIZE_PROFILE,0.007133017294108868,0.00721804378554225,0.06538005918264389,-0.018320830538868904,0.009724348783493042,0.025739815086126328,-0.009911646135151386,0.010988546535372734,0.01905548758804798,-0.02185090800764769,0.025123848253264726,-0.06431598731859799,0.0030884803272783756,-0.004097159951925278,-0.001211686409078538,0.04717551151051397,0.04717551151051397,0.9744809509165956,0.04717551151051397,nan,"[1.5281467649875629, 0.7913106286381161, 1.0503215979681233, 0.7582890943804962, 0.752282506801036, 0.04202835940695361]","[7.387583663299929, -1.9461295019628415, 5.19767503963279, 4.084765023222209, 0.48386400012465947, 0.01554082343173671]",1.5281467649875629,7.387583663299929,0.024126758822659213,-0.06431598731859799,0.026671192502732977,False,False,0.12893765869112794,-0.16662210600079577,0.10226646618839497,nan,0.10226646618839497,-0.03396636747944903,0.09480665348815641,-0.04777734335521029,nan,-0.04777734335521029,0.09071654289031894,-0.0844356084973661,0.072384972800967,nan,0.072384972800967,0.07129259882553018,-0.0626692197151058,0.058057957446624495,nan,0.058057957446624495,0.008445019934045561,0.1933931229717521,-0.00468478671478915,nan,-0.00468478671478915,0.0002712385373548898,0.0105430388356553,-0.0004622947135079821,nan,-0.0004622947135079821
9.493,7.345078857999397,ARM_NEUTRALIZE,INITIAL_HOLD,ARM_NEUTRALIZE_PROFILE,0.007133017294108868,0.00721804378554225,0.06538005918264389,-0.018347421661019325,0.009767397306859493,0.02552645094692707,-0.009526028297841549,0.01095900870859623,0.01882871240377426,-0.02178103529680197,0.025139804796747926,-0.06421370642405431,0.002840451430529356,-0.0041976142674684525,-0.0004991462337784464,0.0473715321910603,0.0473715321910603,0.9746951973493299,0.0473715321910603,nan,"[1.6229224755539164, 0.747032852801793, 1.11740455768338, 0.8120944557674655, 0.7479408686639754, 0.04159992659220207]","[7.387583663299929, -1.9461295019628415, 5.19767503963279, 4.084765023222209, 0.48386400012465947, 0.01554082343173671]",1.6229224755539164,7.387583663299929,0.02377741570882775,-0.06421370642405431,0.028325340703033025,False,False,0.12893765869112794,-0.16662210600079577,0.10061231798809492,nan,0.10061231798809492,-0.03396636747944903,0.09480665348815641,-0.04700455038140647,nan,-0.04700455038140647,0.09071654289031894,-0.0844356084973661,0.07121415428195306,nan,0.07121415428195306,0.07129259882553018,-0.0626692197151058,0.05711887673519646,nan,0.05711887673519646,0.008445019934045561,0.1933931229717521,-0.004609010834367291,nan,-0.004609010834367291,0.0002712385373548898,0.0105430388356553,-0.00045481715026698076,nan,-0.00045481715026698076
9.501,7.418392063000283,ARM_NEUTRALIZE,INITIAL_HOLD,ARM_NEUTRALIZE_PROFILE,0.007133017294108868,0.00721804378554225,0.06538005918264389,-0.018347421661019325,0.009767397306859493,0.02552645094692707,-0.009526028297841549,0.01095900870859623,0.01882871240377426,-0.02178103529680197,0.025139804796747926,-0.06421370642405431,0.002840451430529356,-0.0041976142674684525,-0.0004991462337784464,0.0473715321910603,0.0473715321910603,0.9746951973493299,0.0473715321910603,nan,"[1.5060421344957753, 0.8149480126219395, 1.064250682968649, 0.7705312796908155, -0.23456475803378737, 0.0070560159193872535]","[7.201942141787809, -1.8460901605756177, 5.095851484988427, 4.004165261277591, -0.49549170385952673, -0.018692252894266084]",1.5060421344957753,7.201942141787809,0.02377741570882775,-0.06421370642405431,0.02628539392071455,False,False,0.12569760291232956,-0.16595047560926898,0.09941220899161501,nan,0.09941220899161501,-0.032220351590715346,0.08827633075760503,-0.0464438776435525,nan,-0.0464438776435525,0.08893938660569045,-0.08939858980050185,0.07036470812128919,nan,0.07036470812128919,0.06988586760327298,-0.07057164291423504,0.05643755978306293,nan,0.05643755978306293,-0.008647961648665436,-1.13351151263512,-0.0045540343118320266,nan,-0.0045540343118320266,-0.00032624135762038264,-0.010023129942000941,-0.000449392067486825,nan,-0.000449392067486825
9.501,7.497907371999645,ARM_NEUTRALIZE,INITIAL_HOLD,ARM_NEUTRALIZE_PROFILE,0.007133017294108868,0.00721804378554225,0.06538005918264389,-0.018347421661019325,0.009767397306859493,0.02552645094692707,-0.009526028297841549,0.01095900870859623,0.01882871240377426,-0.02178103529680197,0.025139804796747926,-0.06421370642405431,0.002840451430529356,-0.0041976142674684525,-0.0004991462337784464,0.0473715321910603,0.0473715321910603,0.9746951973493299,0.0473715321910603,nan,"[1.5060421344957753, 0.8149480126219395, 1.064250682968649, 0.7705312796908155, -0.23456475803378737, 0.0070560159193872535]","[7.201942141787809, -1.8460901605756177, 5.095851484988427, 4.004165261277591, -0.49549170385952673, -0.018692252894266084]",1.5060421344957753,7.201942141787809,0.02377741570882775,-0.06421370642405431,0.02628539392071455,False,False,0.12569760291232956,-0.16595047560926898,0.09941220899161501,nan,0.09941220899161501,-0.032220351590715346,0.08827633075760503,-0.0464438776435525,nan,-0.0464438776435525,0.08893938660569045,-0.08939858980050185,0.07036470812128919,nan,0.07036470812128919,0.06988586760327298,-0.07057164291423504,0.05643755978306293,nan,0.05643755978306293,-0.008647961648665436,-1.13351151263512,-0.0045540343118320266,nan,-0.0045540343118320266,-0.00032624135762038264,-0.010023129942000941,-0.000449392067486825,nan,-0.000449392067486825
9.522,7.577356584999507,ARM_NEUTRALIZE,INITIAL_HOLD,ARM_NEUTRALIZE_PROFILE,0.007133017294108868,0.00721804378554225,0.06538005918264389,-0.018365999683737755,0.009836819022893906,0.025211535394191742,-0.009838733822107315,0.01032549049705267,0.018558800220489502,-0.021807812169986257,0.025077660647806473,-0.06411323156991168,0.0014335650485008955,-0.00594530301168561,0.0006012735539115973,0.04765047905240537,0.04765047905240537,0.9750110890043361,0.04765047905240537,nan,"[1.503643987783457, 0.8314715409551935, 1.0919975794626344, 0.794799628229611, -0.5772876716274, 0.012436969632844944]","[7.019774787465028, -1.7455811824970222, 4.996356386248482, 3.9263763725355516, -0.8299794605446158, -0.012498653966523422]",1.503643987783457,7.019774787465028,0.02340609969326467,-0.06411323156991168,0.02624353836463872,False,False,0.12251818278974991,-0.15404203329915822,0.09627464442511119,nan,0.09627464442511119,-0.03046613899542905,0.09491449094811263,-0.04497805502172805,nan,-0.04497805502172805,0.08720286954308154,-0.0803828396326585,0.06814391635765016,nan,0.06814391635765016,0.06852819537325683,-0.06220770903955403,0.054656324967023245,nan,0.054656324967023245,-0.014485874310429914,-0.9117241805546705,-0.004410303709359931,nan,-0.004410303709359931,-0.00021814266378328284,0.006865939399350901,-0.0004352087328469774,nan,-0.0004352087328469774
9.558,7.654692398999941,ARM_NEUTRALIZE,INITIAL_HOLD,ARM_NEUTRALIZE_PROFILE,0.007133017294108868,0.00721804378554225,0.06538005918264389,-0.018515128642320633,0.0097170015797019,0.02475825883448124,-0.01004749070852995,0.012272770516574383,0.01900382526218891,-0.02165559892169677,0.025092360147138077,-0.06391835835188701,0.002620439976453781,-0.004494867287576199,-0.00039324566023424214,0.0481061622202329,0.0481061622202329,0.9754658803976151,0.0481061622202329,nan,"[1.4455503606606026, 0.8833725814212597, 1.108563235456445, 0.8104972377354952, -0.24267386636829705, -0.004033550974181359]","[6.656294477394434, -1.5510081112948562, 4.796767054563074, 3.768702126103016, -0.48137601108961847, -0.02758867660227535]",1.4455503606606026,6.656294477394434,0.024753148088400848,-0.06391835835188701,0.02522961329691903,False,False,0.11617425461284814,-0.1551784764416592,0.09094464131592911,nan,0.09094464131592911,-0.02707019826723389,0.07535330828063884,-0.04248795833487656,nan,-0.04248795833487656,0.08371937855331613,-0.09120994888344369,0.06437130012804002,nan,0.06437130012804002,0.06577626062740816,-0.07135775549302421,0.051630415250604536,nan,0.051630415250604536,-0.008401596333630579,-0.09939465864649093,-0.004166138356959061,nan,-0.004166138356959061,-0.000481513242977627,-0.010315807856878134,-0.0004111144979311375,nan,-0.0004111144979311375
9.591,7.731516437000209,ARM_NEUTRALIZE,INITIAL_HOLD,ARM_NEUTRALIZE_PROFILE,0.007133017294108868,0.00721804378554225,0.06538005918264389,-0.018610818311572075,0.00973422545939684,0.024303924292325974,-0.01054272148758173,0.012809387408196926,0.017263144254684448,-0.02162087371664581,0.025244358159594277,-0.06370773417046816,0.0008902100380510092,-0.0014199261786416173,0.0003000660508405419,0.048541993154749635,0.048541993154749635,0.9759221023498115,0.048541993154749635,nan,"[1.5396362309337297, 0.8516793915848009, 1.2074764596478444, 0.8915808057561357, -0.5692352848006929, 0.04209155136034884]","[6.474042956383895, -1.4536006592755493, 4.700086597878579, 3.6929054859574437, -0.7952785219862798, 0.019785606621126932]",1.5396362309337297,6.474042956383895,0.02394254647475987,-0.06370773417046814,0.026871721512789354,False,False,0.11299336550444661,-0.16276770472118374,0.08612164399165725,nan,0.08612164399165725,-0.025370117513518586,0.05844470570774986,-0.04023472706805545,nan,-0.04023472706805545,0.08203198626183994,-0.1123504602411339,0.0609575464006606,nan,0.0609575464006606,0.06445335969491861,-0.09823282967457858,0.04889233908689003,nan,0.04889233908689003,-0.013880228679054696,-1.3161973632365878,-0.003945198740754973,nan,-0.003945198740754973,0.0003453239800430552,0.07802941249613629,-0.00038931217846733027,nan,-0.00038931217846733027
9.598,7.8075953099996696,ARM_NEUTRALIZE,INITIAL_HOLD,ARM_NEUTRALIZE_PROFILE,0.007133017294108868,0.00721804378554225,0.06538005918264389,-0.018610818311572075,0.00973422545939684,0.024303924292325974,-0.01054272148758173,0.012809387408196926,0.017263144254684448,-0.02162087371664581,0.025244358159594277,-0.06370773417046816,0.0008902100380510092,-0.0014199261786416173,0.0003000660508405419,0.048541993154749635,0.048541993154749635,0.9759221023498115,0.048541993154749635,nan,"[1.4128613241034158, 0.9219819334139951, 1.1494971435995796, 0.8463747839201395, 0.7155454597894338, 0.038208312176941754]","[6.289145524343974, -1.3561441544014636, 4.600967721980163, 3.6147025764701888, 0.4921647926923679, 0.0161651098316013]",1.4128613241034158,6.289145524343974,0.02394254647475987,-0.06370773417046814,0.024659081979691327,False,False,0.10976629653686754,-0.16330718288197602,0.08510721455717621,nan,0.08510721455717621,-0.02366918062597989,0.08928284738622534,-0.03976080100795723,nan,-0.03976080100795723,0.08030203552653692,-0.08078215212091676,0.060239525628454194,nan,0.060239525628454194,0.0630884614397269,-0.062026928399151575,0.04831643475446491,nan,0.04831643475446491,0.008589896094877147,-0.963798951081728,-0.0038987281261451644,nan,-0.0038987281261451644,0.00028213439050794875,-0.00041687067875201267,-0.00038472645860952704,nan,-0.00038472645860952704
9.613,7.884778431999621,ARM_NEUTRALIZE,INITIAL_HOLD,ARM_NEUTRALIZE_PROFILE,0.007133017294108868,0.00721804378554225,0.06538005918264389,-0.018635446205735207,0.009766766801476479,0.02407270297408104,-0.011425064876675606,0.013698361814022064,0.01693551428616047,-0.02165983608135017,0.025303748848661108,-0.06357622508656542,0.000510089157614857,-0.003844278864562511,0.0029052817262709145,0.04875251149526396,0.04875251149526396,0.976154065027318,0.04875251149526396,nan,"[1.5367832925313103, 0.8640874675592151, 1.2372100435209548, 0.9167268420076329, 0.7098686430087304, 0.03764812394489527]","[6.289145524343974, -1.3561441544014636, 4.600967721980163, 3.6147025764701888, 0.4921647926923679, 0.0161651098316013]",1.5367832925313103,6.289145524343974,0.024596521460581573,-0.06357622508656542,0.026821928344310547,False,False,0.10976629653686754,-0.16330718288197602,0.08294436819255699,nan,0.08294436819255699,-0.02366918062597989,0.08928284738622534,-0.038750351960107884,nan,-0.038750351960107884,0.08030203552653692,-0.08078215212091676,0.05870864672835392,nan,0.05870864672835392,0.0630884614397269,-0.062026928399151575,0.04708855970528385,nan,0.04708855970528385,0.008589896094877147,-0.963798951081728,-0.0037996489822894244,nan,-0.0037996489822894244,0.00028213439050794875,-0.00041687067875201267,-0.00037494932952938996,nan,-0.00037494932952938996
9.632,7.961509073999878,ARM_NEUTRALIZE,INITIAL_HOLD,ARM_NEUTRALIZE_PROFILE,0.007133017294108868,0.00721804378554225,0.06538005918264389,-0.018665609881281853,0.009849632158875465,0.023533575236797333,-0.011683646589517593,0.013886602595448494,0.01661648601293564,-0.021637623840203735,0.025191193295850484,-0.06334853950366112,-0.0005603514146059752,-0.007125546224415301,0.0038487589918077,0.04923030205200314,0.04923030205200314,0.9766944757372884,0.04923030205200314,nan,"[1.5102010984637941, 0.8869908003362561, 1.2524463801393066, 0.9306090005496266, -0.26339093943087893, 0.03240432582480828]","[6.106884168658475, -1.2605098763293008, 4.506013178837053, 3.5402037194416187, -0.47396318839930907, 0.011625058072386564]",1.5102010984637941,6.106884168658475,0.024605953277423508,-0.06334853950366112,0.026357981535428288,False,False,0.10658523578100709,-0.15538469929884818,0.0802272542455788,nan,0.0802272542455788,-0.022000047595852834,0.08871116561545292,-0.03748095749662013,nan,-0.03748095749662013,0.07864476610896265,-0.0777351593232004,0.05678545307084723,nan,0.05678545307084723,0.06178821109560584,-0.059995662700406176,0.045546019987321135,nan,0.045546019987321135,-0.008272218170818135,0.2539842292743076,-0.0036751790578283382,nan,-0.0036751790578283382,0.00020289553909869085,0.007255042608422635,-0.00036266663843324094,nan,-0.00036266663843324094
9.633,8.041003284999533,ARM_NEUTRALIZE,INITIAL_HOLD,ARM_NEUTRALIZE_PROFILE,0.007133017294108868,0.00721804378554225,0.06538005918264389,-0.018665609881281853,0.009849632158875465,0.023533575236797333,-0.011683646589517593,0.013886602595448494,0.01661648601293564,-0.021637623840203735,0.025191193295850484,-0.06334853950366112,-0.0005603514146059752,-0.007125546224415301,0.0038487589918077,0.04923030205200314,0.04923030205200314,0.9766944757372884,0.04923030205200314,nan,"[1.51835319980219, 0.8831822621200878, 1.2582164986898339, 0.9352370508797629, -0.26376438399654306, 0.03236747431821785]","[6.106884168658475, -1.2605098763293008, 4.506013178837053, 3.5402037194416187, -0.47396318839930907, 0.011625058072386564]",1.51835319980219,6.106884168658475,0.024605953277423508,-0.06334853950366112,0.026500262544739528,False,False,0.10658523578100709,-0.15538469929884818,0.08008497323626756,nan,0.08008497323626756,-0.022000047595852834,0.08871116561545292,-0.03741448596505996,nan,-0.03741448596505996,0.07864476610896265,-0.0777351593232004,0.05668474550391013,nan,0.05668474550391013,0.06178821109560584,-0.059995662700406176,0.045465245271112245,nan,0.045465245271112245,-0.008272218170818135,0.2539842292743076,-0.0036686612205838196,nan,-0.0036686612205838196,0.00020289553909869085,0.007255042608422635,-0.00036202345830891746,nan,-0.00036202345830891746
9.668,8.12781254499987,ARM_NEUTRALIZE,INITIAL_HOLD,ARM_NEUTRALIZE_PROFILE,0.007133017294108868,0.00721804378554225,0.06538005918264389,-0.01868515834212303,0.009999273344874382,0.022799052298069,-0.012121520936489105,0.01311990711838007,0.016052601858973503,-0.02172385727237366,0.02506919211943859,-0.06310022021640059,-0.0013731676153838634,-0.008277064189314842,0.0026844001840800056,0.04987439802493094,0.04987439802493094,0.9774307202043773,0.04987439802493094,nan,"[1.4345817603792423, 0.9408424514699747, 1.2626686192532766, 0.9411177125165856, -0.6765787090096237, 0.04347136239458164]","[5.740566340042666, -1.0708482953856744, 4.310476843174191, 3.3856792468065966, -0.8738341741171421, 0.024006194761252528]",1.4345817603792423,5.740566340042666,0.02401560449065114,-0.06310022021640059,0.025038175107674115,False,False,0.10019178356290492,-0.15235887391570374,0.07515360845523081,nan,0.07515360845523081,-0.01868982854384882,0.05874045716754936,-0.03511062706453484,nan,-0.03511062706453484,0.0752320132443609,-0.10915842817121596,0.053194288476780566,nan,0.053194288476780566,0.05909125027321682,-0.09605046375900009,0.042665647540964954,nan,0.042665647540964954,-0.015251283454789544,-1.287573808667621,-0.0034427573336789866,nan,-0.0034427573336789866,0.00041898713945887067,0.06756631203393036,-0.0003397312646542253,nan,-0.0003397312646542253
9.672,8.201047452999774,ARM_NEUTRALIZE,INITIAL_HOLD,ARM_NEUTRALIZE_PROFILE,0.007133017294108868,0.00721804378554225,0.06538005918264389,-0.01868515834212303,0.009999273344874382,0.022799052298069,-0.012121520936489105,0.01311990711838007,0.016052601858973503,-0.02172385727237366,0.02506919211943859,-0.06310022021640059,-0.0009116439614444971,-0.0071043698117136955,0.0013582552783191213,0.04987439802493094,0.04987439802493094,0.9774307202043773,0.04987439802493094,nan,"[1.4665146983867123, 0.9259238667140196, 1.28527099259497, 0.9592464425400522, -0.6780415443780229, 0.043327009812764286]","[5.740566340042666, -1.0708482953856744, 4.310476843174191, 3.3856792468065966, -0.8738341741171421, 0.024006194761252528]",1.4665146983867123,5.740566340042666,0.02401560449065114,-0.06310022021640059,0.025595510015739703,False,False,0.10019178356290492,-0.15235887391570374,0.07459627354716522,nan,0.07459627354716522,-0.01868982854384882,0.05874045716754936,-0.03485024864080559,nan,-0.03485024864080559,0.0752320132443609,-0.10915842817121596,0.052799802643203025,nan,0.052799802643203025,0.05909125027321682,-0.09605046375900009,0.042349241512850314,nan,0.042349241512850314,-0.015251283454789544,-1.287573808667621,-0.0034172260400857964,nan,-0.0034172260400857964,0.00041898713945887067,0.06756631203393036,-0.000337211836817758,nan,-0.000337211836817758
9.689,8.273430200999428,ARM_NEUTRALIZE,INITIAL_HOLD,ARM_NEUTRALIZE_PROFILE,0.007133017294108868,0.00721804378554225,0.06538005918264389,-0.01868024840950966,0.010073714889585972,0.02283923141658306,-0.012288259342312813,0.013333930633962154,0.016507558524608612,-0.021713270834494973,0.025102705784674658,-0.06299148241880628,-0.0006821469869464636,-0.005885237827897072,-0.00024447753094136644,0.04984176532549515,0.04984176532549515,0.9773912210936068,0.04984176532549515,nan,"[1.4229182811413028, 0.9556204635553819, 1.2846644619850054, 0.9600535605800615, -0.2944238020821867, 0.006634309858029413]","[5.5621193953142125, -0.9781515754998761, 4.214422096468892, 3.3099300265074816, -0.4840389820356541, -0.012076914500729454]",1.4229182811413028,5.5621193953142125,0.024521307311369655,-0.06299148241880628,0.02483460899273407,False,False,0.09707729683726907,-0.14903618638200605,0.072242687844535,nan,0.072242687844535,-0.017071965576042736,0.08861818004964407,-0.03375068906451863,nan,-0.03375068906451863,0.07355554165218425,-0.07707699358608133,0.05113391700718438,nan,0.05113391700718438,0.05776917697317874,-0.0595288986854444,0.04101308134556182,nan,0.04101308134556182,-0.008448073944523848,-0.7423172665498657,-0.0033094092019495536,nan,-0.0033094092019495536,-0.0002107819215195761,0.002549688467065103,-0.0003265724721397069,nan,-0.0003265724721397069
9.729,8.376387891999912,ARM_NEUTRALIZE,INITIAL_HOLD,ARM_NEUTRALIZE_PROFILE,0.007133017294108868,0.00721804378554225,0.06538005918264389,-0.018837936222553253,0.010222624987363815,0.022817902266979218,-0.01266519259661436,0.014630459249019623,0.015347427688539028,-0.021729769877233313,0.0250280747046164,-0.06278766532968465,-0.0007634391076862812,-0.0051453919149935246,0.0013817474246025092,0.04995052688487506,0.04995052688487506,0.9774171177305337,0.04995052688487506,nan,"[1.375439354997833, 0.9973665146965394, 1.3221867041357598, 0.9940625974549396, -0.29768696121642935, 0.023097952750370694]","[5.203171576013696, -0.790891977176815, 4.031484316876188, 3.167114260308141, -0.47303387330930446, 0.005794720943768925]",1.375439354997833,5.203171576013696,0.02469819786951051,-0.06278766532968465,0.02400594540621931,False,False,0.0908124755476214,-0.1633565652289824,0.06680653014140209,nan,0.06680653014140209,-0.013803669029343268,0.08830843977281788,-0.031210998559938294,nan,-0.031210998559938294,0.07036267507200389,-0.07042260507418617,0.047286163758742755,nan,0.047286163758742755,0.05527657162924182,-0.054369666215709336,0.03792690633272612,nan,0.03792690633272612,-0.008255998562709088,-0.5608256040904488,-0.0030603809492257324,nan,-0.0030603809492257324,0.00010113695970304093,0.0009404210942474123,-0.00030199836626100757,nan,-0.00030199836626100757
9.729,8.451993986999696,ARM_NEUTRALIZE,INITIAL_HOLD,ARM_NEUTRALIZE_PROFILE,0.007133017294108868,0.00721804378554225,0.06538005918264389,-0.018837936222553253,0.010222624987363815,0.022817902266979218,-0.01266519259661436,0.014630459249019623,0.015347427688539028,-0.021729769877233313,0.0250280747046164,-0.06278766532968465,-0.0007634391076862812,-0.0051453919149935246,0.0013817474246025092,0.04995052688487506,0.04995052688487506,0.9774171177305337,0.04995052688487506,nan,"[1.375439354997833, 0.9973665146965394, 1.3221867041357598, 0.9940625974549396, -0.29768696121642935, 0.023097952750370694]","[5.203171576013696, -0.790891977176815, 4.031484316876188, 3.167114260308141, -0.47303387330930446, 0.005794720943768925]",1.375439354997833,5.203171576013696,0.02469819786951051,-0.06278766532968465,0.02400594540621931,False,False,0.0908124755476214,-0.1633565652289824,0.06680653014140209,nan,0.06680653014140209,-0.013803669029343268,0.08830843977281788,-0.031210998559938294,nan,-0.031210998559938294,0.07036267507200389,-0.07042260507418617,0.047286163758742755,nan,0.047286163758742755,0.05527657162924182,-0.054369666215709336,0.03792690633272612,nan,0.03792690633272612,-0.008255998562709088,-0.5608256040904488,-0.0030603809492257324,nan,-0.0030603809492257324,0.00010113695970304093,0.0009404210942474123,-0.00030199836626100757,nan,-0.00030199836626100757
9.763,8.534709741999905,ARM_NEUTRALIZE,INITIAL_HOLD,ARM_NEUTRALIZE_PROFILE,0.007133017294108868,0.00721804378554225,0.06538005918264389,-0.019079837948083878,0.010275525972247124,0.022574348375201225,-0.01302921399474144,0.015250986441969872,0.014695649035274982,-0.02179776829019439,0.025071492566024527,-0.06262236009312595,-0.0008644018089398742,-0.004753534682095051,0.001236818614415825,0.05028708437561859,0.05028708437561859,0.9776658586164775,0.05028708437561859,nan,"[1.2907982625519323, 1.053190826560829, 1.322852223340365, 0.9972418604595905, -0.7117963351065831, 0.03348416903623363]","[4.860701148250947, -0.6146137067511157, 3.849656296215824, 3.0239205710026864, -0.8753321864500809, 0.01734645260477622]",1.322852223340365,4.860701148250947,0.024865942679534462,-0.06262236009312595,0.02308812681461675,False,False,0.08483523899244805,-0.14484726498469908,0.062306559331894606,nan,0.062306559331894606,-0.01072703281069387,0.05353385136084116,-0.029108680385980884,nan,-0.029108680385980884,0.06718917743909625,-0.10116825665880325,0.0441010506244795,nan,0.0441010506244795,0.05277737028278384,-0.08756553298871668,0.035372216379050136,nan,0.035372216379050136,-0.015277428702234808,-1.289014133494501,-0.0028542390509960283,nan,-0.0028542390509960283,0.0003027527114944917,0.06180673300977971,-0.0002816562854821216,nan,-0.0002816562854821216
9.803,8.617333301999679,ARM_NEUTRALIZE,INITIAL_HOLD,ARM_NEUTRALIZE_PROFILE,0.007133017294108868,0.00721804378554225,0.06538005918264389,-0.019398128613829613,0.010399455204606056,0.021700195968151093,-0.012165580876171589,0.01506851427257061,0.013575665652751923,-0.021808367232868706,0.025004553811991147,-0.06236397951753131,-0.0011236520949751139,-0.006253538653254509,0.003025118727236987,0.051205014717725365,0.051205014717725365,0.9785473635093118,0.051205014717725365,nan,"[1.2568840217666686, 1.089845304667071, 1.360470690054849, 1.0315089259161916, -0.6217597682056905, 0.020136059442779113]","[4.532291056494639, -0.4403752295790575, 3.678828387915585, 2.8909986426361627, -0.7718048800955721, 0.005329609066835393]",1.360470690054849,4.532291056494639,0.02365079656909349,-0.06236397951753131,0.02374469291833639,False,False,0.07910340159452378,-0.1531460501974375,0.05716663709898734,nan,0.05716663709898734,-0.007685997700380476,0.08306582912976598,-0.02670738660422159,nan,-0.02670738660422159,0.06420766798496214,-0.06553996682499985,0.040462975066625745,nan,0.040462975066625745,0.05045744498468796,-0.05046284497787443,0.03245421796374015,nan,0.03245421796374015,-0.013470536340627781,-0.6164512994708017,-0.002618781229001726,nan,-0.002618781229001726,9.301922606042012e-05,-0.0007147716193290077,-0.00025842130959337014,nan,-0.00025842130959337014
9.832,8.693583966000006,ARM_NEUTRALIZE,INITIAL_HOLD,ARM_NEUTRALIZE_PROFILE,0.007133017294108868,0.00721804378554225,0.06538005918264389,-0.019624013453722,0.010622126050293446,0.020685851573944092,-0.012259590439498425,0.016340205445885658,0.013099475763738155,-0.021799067670836222,0.024903604081230348,-0.06209331735143439,-0.0005915398942306638,-0.0071273744106292725,0.0019276165403425702,0.052202477568359905,0.052202477568359905,0.9795683400219258,0.052202477568359905,nan,"[1.3011828769670255, 1.0745888412195954, 1.4209991823653265, 1.0810728979693962, 0.6453345317205312, -0.009091729102103732]","[4.369453395870952, -0.35886065158176406, 3.592744098706953, 2.82296861276893, 0.5047782623970148, -0.02296182057361916]",1.4209991823653265,4.369453395870952,0.02426718230538428,-0.06209331735143439,0.02480111440042229,False,False,0.07626134827039532,-0.1413592860716812,0.05355142289674844,nan,0.05355142289674844,-0.00626329992595398,0.06262664258717487,-0.02501841331042648,nan,-0.02501841331042648,0.06270521370403248,-0.07882111209804302,0.03790409930361019,nan,0.03790409930361019,0.04927009697327467,-0.060834465520614715,0.030401815449631983,nan,0.030401815449631983,0.008810042671323792,0.06317108311659259,-0.0024531696840152644,nan,-0.0024531696840152644,-0.00040075937126182737,-0.007080953673185564,-0.00024207876373072955,nan,-0.00024207876373072955
9.872,8.775749548999556,ARM_NEUTRALIZE,INITIAL_HOLD,ARM_NEUTRALIZE_PROFILE,0.007133017294108868,0.00721804378554225,0.06538005918264389,-0.019779253751039505,0.010884147137403488,0.019865138456225395,-0.011543876491487026,0.015877122059464455,0.011144032701849937,-0.021803239676912313,0.024877762111700206,-0.061870829947376575,0.0004445248341653496,-0.005519369151443243,0.0013690027408301837,0.053003006097071696,0.053003006097071696,0.980394833906876,0.053003006097071696,nan,"[1.2700611288976191, 1.1108808722122148, 1.4542300033618711, 1.1116312641134203, -0.3742802097383773, 0.001168098789091754]","[4.061969561160302, -0.19345644143652724, 3.4303637592680447, 2.696632750882041, -0.5021764402415123, -0.011452700158392172]",1.4542300033618711,4.061969561160302,0.022572849935303705,-0.061870829947376575,0.025381101639952858,False,False,0.07089474295803644,-0.13763776348756532,0.048727994557176885,nan,0.048727994557176885,-0.003376451862258989,0.07871186476508454,-0.02276498067978852,nan,-0.02276498067978852,0.059871142140317524,-0.06602587679573849,0.034490040500364666,nan,0.034490040500364666,0.04706512022000364,-0.05129671821332299,0.027663494593117774,nan,0.027663494593117774,-0.008764632308158937,-0.959032915281904,-0.002232210323169309,nan,-0.002232210323169309,-0.0001998873260076195,0.005901211140335122,-0.00022027449586582942,nan,-0.00022027449586582942
9.89,8.848612173999754,ARM_NEUTRALIZE,INITIAL_HOLD,ARM_NEUTRALIZE_PROFILE,0.007133017294108868,0.00721804378554225,0.06538005918264389,-0.01981247030198574,0.011005948297679424,0.019601088017225266,-0.011339468881487846,0.016075538471341133,0.010967415757477283,-0.021794576601120823,0.024806726376622647,-0.061736150593310675,0.0008498398237861693,-0.005832992494106293,0.0002727605460677303,0.053255250664592566,0.053255250664592566,0.9806608442751279,0.053255250664592566,nan,"[1.2420817729600035, 1.13377040981474, 1.45739705980819, 1.1156873348355985, -0.3825776724920175, -0.0029259120986502665]","[3.913318906172395, -0.11419110145491085, 3.3481187639913546, 2.6321822093547613, -0.5049459981039663, -0.015001217438089486]",1.45739705980819,3.913318906172395,0.02252311479469838,-0.061736150593310675,0.025436377202537636,False,False,0.06830029959325135,-0.12340047212538166,0.04662188307609061,nan,0.04662188307609061,-0.0019930106968670813,0.06870088312542681,-0.02178103730981973,nan,-0.02178103730981973,0.0584356961794521,-0.07297622694425931,0.032999318976914466,nan,0.032999318976914466,0.045940246065659274,-0.05799713658279261,0.026467828649977654,nan,0.026467828649977654,-0.008812970211683258,-1.0729467251520939,-0.0021357301820810123,nan,-0.0021357301820810123,-0.00026182063610225015,-0.00886345006993712,-0.00021075383635686586,nan,-0.00021075383635686586
9.893,8.925636201000088,ARM_NEUTRALIZE,INITIAL_HOLD,ARM_NEUTRALIZE_PROFILE,0.007133017294108868,0.00721804378554225,0.06538005918264389,-0.01981247030198574,0.011005948297679424,0.019601088017225266,-0.011339468881487846,0.016075538471341133,0.010967415757477283,-0.021794576601120823,0.024806726376622647,-0.061736150593310675,0.0008498398237861693,-0.005832992494106293,0.0002727605460677303,0.053255250664592566,0.053255250664592566,0.9806608442751279,0.053255250664592566,nan,"[1.2619645301237954, 1.1244814869520612, 1.4714702246504958, 1.1269750258291487, -0.3834884938011524, -0.003015791937754623]","[3.913318906172395, -0.11419110145491085, 3.3481187639913546, 2.6321822093547613, -0.5049459981039663, -0.015001217438089486]",1.4714702246504958,3.913318906172395,0.02252311479469838,-0.061736150593310675,0.02568200026521178,False,False,0.06830029959325135,-0.12340047212538166,0.04627486349920795,nan,0.04627486349920795,-0.0019930106968670813,0.06870088312542681,-0.021618915021902205,nan,-0.021618915021902205,0.0584356961794521,-0.07297622694425931,0.03275369591424032,nan,0.03275369591424032,0.045940246065659274,-0.05799713658279261,0.02627082127719249,nan,0.02627082127719249,-0.008812970211683258,-1.0729467251520939,-0.002119833351339284,nan,-0.002119833351339284,-0.00026182063610225015,-0.00886345006993712,-0.0002091851372333321,nan,-0.0002091851372333321
9.908,9.011611300999903,ARM_NEUTRALIZE,INITIAL_HOLD,ARM_NEUTRALIZE_PROFILE,0.007133017294108868,0.00721804378554225,0.06538005918264389,-0.019849061965942383,0.01120775192975998,0.019152769818902016,-0.011821391060948372,0.016771754249930382,0.010748754255473614,-0.021775352438210882,0.0247953069553126,-0.06164873331034464,0.0008498398237861693,-0.005832992494106293,0.0002727605460677303,0.053674133939830344,0.053674133939830344,0.9811120669516703,0.053674133939830344,nan,"[1.2104036074824338, 1.1556926492188815, 1.4631227707082546, 1.1218801091615165, 0.6267217288173716, -0.0008289075658380599]","[3.763341562539541, -0.037001278608978776, 3.2701114281527923, 2.571215054260047, 0.5097726421685781, -0.012369442450094264]",1.4631227707082546,3.763341562539541,0.023164039917088944,-0.06164873331034464,0.02553630970976109,False,False,0.06568270114346308,-0.13504707901330754,0.04455717291487754,nan,0.04455717291487754,-0.0006457941391744271,0.07322771793477614,-0.02081643600913978,nan,-0.02081643600913978,0.057074211328360214,-0.06214427156844054,0.03153790161859912,nan,0.03153790161859912,0.044876168473682476,-0.048328054845263584,0.025295666756180613,nan,0.025295666756180613,0.008897211042432573,-0.9580169706587582,-0.0020411466192215896,nan,-0.0020411466192215896,-0.00021588749739009927,0.005054502224739077,-0.00020142033117153345,nan,-0.00020142033117153345
9.919,9.086375334999502,ARM_NEUTRALIZE,INITIAL_HOLD,ARM_NEUTRALIZE_PROFILE,0.007133017294108868,0.00721804378554225,0.06538005918264389,-0.019849061965942383,0.01120775192975998,0.019152769818902016,-0.011821391060948372,0.016771754249930382,0.010748754255473614,-0.021775352438210882,0.0247953069553126,-0.06164873331034464,0.0013455558801069856,-0.007022346369922161,0.0002320487983524808,0.053674133939830344,0.053674133939830344,0.9811120669516703,0.053674133939830344,nan,"[1.1334955642580644, 1.2044484568824323, 1.4370800238297405, 1.1024438996825527, 0.6232934582131128, -0.0027412876171397597]","[3.6153307139705446, 0.04497268228782043, 3.193741581661177, 2.511412889049033, 0.5096015631959251, -0.01396040285865741]",1.4370800238297405,3.6153307139705446,0.023164039917088944,-0.06164873331034464,0.025081778030467544,False,False,0.06309942450726336,-0.12018624353231763,0.04331619485420918,nan,0.04331619485420918,0.0007849213793758025,0.06283198337940647,-0.020236669863787596,nan,-0.020236669863787596,0.05574130605783889,-0.06780780766089133,0.030659528027371347,nan,0.030659528027371347,0.043832423790928665,-0.054453849192700576,0.02459114792294205,nan,0.02459114792294205,0.00889422515107885,-1.0521187961292855,-0.0019842979008816604,nan,-0.0019842979008816604,-0.00024365499478840036,-0.010186524328741203,-0.0001958105001251618,nan,-0.0001958105001251618
9.957,9.163798542000222,ARM_NEUTRALIZE,INITIAL_HOLD,ARM_NEUTRALIZE_PROFILE,0.007133017294108868,0.00721804378554225,0.06538005918264389,-0.019834674894809723,0.011134029366075993,0.01771511137485504,-0.012725439853966236,0.01747780852019787,0.0077925487421453,-0.021706606667030722,0.024780955438441526,-0.06142671031962682,0.001732939388602972,-0.004754353314638138,0.0008243603515438741,0.05490481412938617,0.05490481412938617,0.9825482091782677,0.05490481412938617,nan,"[1.0922199012668092, 1.2370160956330187, 1.46186495901629, 1.12576969182201, 0.6251572634693845, 0.004190451680665601]","[3.335564107865802, 0.18895967579786624, 3.049720836217825, 2.3993443770460097, 0.5223905450378172, -0.005950567227516439]",1.46186495901629,3.335564107865802,0.022981175471335744,-0.06142671031962682,0.025514356754366224,False,False,0.05821657609360553,-0.1292718396866533,0.039153742660692326,nan,0.039153742660692326,0.0032979684961738087,0.06524013754848618,-0.018292035272787416,nan,-0.018292035272787416,0.053227669858675775,-0.05735256634106595,0.02771331310430955,nan,0.02771331310430955,0.04187645926866512,-0.04214447773138409,0.022228071527209167,nan,0.022228071527209167,0.009117434992197637,0.5225638557019876,-0.0017936175981007902,nan,-0.0017936175981007902,-0.00010385699048143238,0.007058943862184003,-0.00017699416945477712,nan,-0.00017699416945477712
9.984,9.244085811999867,ARM_NEUTRALIZE,INITIAL_HOLD,ARM_NEUTRALIZE_PROFILE,0.007133017294108868,0.00721804378554225,0.06538005918264389,-0.019828589633107185,0.011139970272779465,0.017128312960267067,-0.012787752784788609,0.01812058873474598,0.007439194712787867,-0.021634846568677018,0.02479356818876306,-0.06133543898037443,0.0019112105946987867,-0.0043320925906300545,0.00191871973220259,0.05541246041259721,0.05541246041259721,0.9831347949741415,0.05541246041259721,nan,"[1.116239271367772, 1.2297111269021141, 1.5070074541316776, 1.1630645462242146, 0.6074223912050749, -0.003457526265864604]","[3.1970405875195467, 0.25759228246473476, 2.979814252759032, 2.344361590804494, 0.5121016988476634, -0.012863771383842254]",1.5070074541316776,3.1970405875195467,0.023392818884295296,-0.06133543898037442,0.026302241926695197,False,False,0.05579888457211002,-0.12095504880281979,0.03631683404667993,nan,0.03631683404667993,0.004495833456736875,0.060962879552739206,-0.016966674556114836,nan,-0.016966674556114836,0.05200756980849963,-0.059887232286804704,0.025705327881804435,nan,0.025705327881804435,0.040916828616830436,-0.04756084908047442,0.020617522872004107,nan,0.020617522872004107,0.008937860749948179,-1.0147326565524568,-0.0016636599269174244,nan,-0.0016636599269174244,-0.00022451516487187462,-0.007957720150226902,-0.00016416994755835245,nan,-0.00016416994755835245
9.984,9.323960501999863,ARM_NEUTRALIZE,INITIAL_HOLD,ARM_NEUTRALIZE_PROFILE,0.007133017294108868,0.00721804378554225,0.06538005918264389,-0.01982017233967781,0.011184127070009708,0.01612953096628189,-0.013376949355006218,0.01839544251561165,0.006145756226032972,-0.021625341604420038,0.024802106026392896,-0.06118620608230318,0.0019112105946987867,-0.0043320925906300545,0.00191871973220259,0.05628337923086057,0.05628337923086057,0.9841336412126765,0.05628337923086057,nan,"[1.116239271367772, 1.2297111269021141, 1.5070074541316776, 1.1630645462242146, 0.6074223912050749, -0.003457526265864604]","[3.1970405875195467, 0.25759228246473476, 2.979814252759032, 2.344361590804494, 0.5121016988476634, -0.012863771383842254]",1.5070074541316776,3.1970405875195467,0.023560674841383404,-0.06118620608230318,0.026302241926695197,False,False,0.05579888457211002,-0.12095504880281979,0.03631683404667993,nan,0.03631683404667993,0.004495833456736875,0.060962879552739206,-0.016966674556114836,nan,-0.016966674556114836,0.05200756980849963,-0.059887232286804704,0.025705327881804435,nan,0.025705327881804435,0.040916828616830436,-0.04756084908047442,0.020617522872004107,nan,0.020617522872004107,0.008937860749948179,-1.0147326565524568,-0.0016636599269174244,nan,-0.0016636599269174244,-0.00022451516487187462,-0.007957720150226902,-0.00016416994755835245,nan,-0.00016416994755835245
10.007,9.379119070999877,ARM_NEUTRALIZE,INITIAL_HOLD,ARM_NEUTRALIZE_PROFILE,0.007133017294108868,0.00721804378554225,0.06538005918264389,-0.01980528049170971,0.011228419840335846,0.015487582422792912,-0.013050887733697891,0.018409237265586853,0.0050649382174015045,-0.021644289486709246,0.024752334205198914,-0.06105970993155804,0.0011541848070919514,-0.006428127642720938,0.0013754751998931178,0.05684201123227933,0.05684201123227933,0.9847756226223225,0.05684201123227933,nan,"[1.11821461173599, 1.2355937742505574, 1.5347426143542382, 1.1870258986526683, 0.6225242278968922, 0.0008478239065712603]","[3.065211587975284, 0.3259862898775711, 2.912841696305691, 2.2923605387190222, 0.533333059882762, -0.007953559800902461]",1.5347426143542382,3.065211587975284,0.023127457415037047,-0.06105970993155804,0.026786311791147044,False,False,0.05349803448045254,-0.11906265645451683,0.03398150776174949,nan,0.03398150776174949,0.005689534074724278,0.06046897992612397,-0.01587564550309148,nan,-0.01587564550309148,0.05083867818991106,-0.0561671894282238,0.024052366398764013,nan,0.024052366398764013,0.040009239043437894,-0.04111058282720592,0.01929172880550431,nan,0.01929172880550431,0.00930841790469028,0.5374369304155043,-0.0015566795455460233,nan,-0.0015566795455460233,-0.00013881580578001262,0.005474421485011399,-0.0001536131244268019,nan,-0.0001536131244268019
10.01,9.45443757799967,ARM_NEUTRALIZE,INITIAL_HOLD,ARM_NEUTRALIZE_PROFILE,0.007133017294108868,0.00721804378554225,0.06538005918264389,-0.01980528049170971,0.011228419840335846,0.015487582422792912,-0.013050887733697891,0.018409237265586853,0.0050649382174015045,-0.021644289486709246,0.024752334205198914,-0.06105970993155804,0.0011541848070919514,-0.006428127642720938,0.0013754751998931178,0.05684201123227933,0.05684201123227933,0.9847756226223225,0.05684201123227933,nan,"[1.1353465301579673, 1.2275900015644812, 1.5468687148759752, 1.1967519039386028, 0.6217394214318455, 0.0007703792112188313]","[3.065211587975284, 0.3259862898775711, 2.912841696305691, 2.2923605387190222, 0.533333059882762, -0.007953559800902461]",1.5468687148759752,3.065211587975284,0.023127457415037047,-0.06105970993155804,0.026997952170679157,False,False,0.05349803448045254,-0.11906265645451683,0.033682499378102915,nan,0.033682499378102915,0.005689534074724278,0.06046897992612397,-0.015735953317138257,nan,-0.015735953317138257,0.05083867818991106,-0.0561671894282238,0.0238407260192319,nan,0.0238407260192319,0.040009239043437894,-0.04111058282720592,0.01912197799019838,nan,0.01912197799019838,0.00930841790469028,0.5374369304155043,-0.0015429820887400206,nan,-0.0015429820887400206,-0.00013881580578001262,0.005474421485011399,-0.00015226145950469807,nan,-0.00015226145950469807
10.03,9.532099373000165,ARM_NEUTRALIZE,INITIAL_HOLD,ARM_NEUTRALIZE_PROFILE,0.007133017294108868,0.00721804378554225,0.06538005918264389,-0.019775765016674995,0.011320265009999275,0.014739667996764183,-0.013267528265714645,0.018316689878702164,0.00369116198271513,-0.021578457486239596,0.024719802436554167,-0.061037933656563174,0.0014430835144594312,-0.006199439987540245,0.00028678876697085874,0.057492260382441596,0.057492260382441596,0.9855237952992397,0.057492260382441596,nan,"[1.1173916525267464, 1.241766187182652, 1.5590946706828952, 1.2075037507298143, 0.6073069352105493, -0.005182384172082896]","[2.9349591891379805, 0.3926261757542233, 2.845582623235758, 2.2393596721277897, 0.5240448790731816, -0.013398683169558667]",1.5590946706828952,2.9349591891379805,0.022916219391006205,-0.06103793365656317,0.02721133535371323,False,False,0.05122470126212075,-0.10542126919176899,0.031722537891228614,nan,0.031722537891228614,0.0068526194964251275,0.05271109838702763,-0.014820289009848359,nan,-0.014820289009848359,0.049664785913001275,-0.061265774475556437,0.022453450559288046,nan,0.022453450559288046,0.03908419941501062,-0.04955172103726383,0.018009283234594484,nan,0.018009283234594484,0.00914630856804255,-0.955348821473011,-0.0014531970215774185,nan,-0.0014531970215774185,-0.0002338511367403484,-0.010748256029677251,-0.00014340146983426148,nan,-0.00014340146983426148
10.065,9.60503599399999,ARM_NEUTRALIZE,INITIAL_HOLD,ARM_NEUTRALIZE_PROFILE,0.007133017294108868,0.00721804378554225,0.06538005918264389,-0.019672872498631477,0.011512958444654942,0.013259894214570522,-0.011410510167479515,0.018532007932662964,0.002689596964046359,-0.02155614616954722,0.02473837944184349,-0.06087414114504929,0.0011355809401720762,-0.0054723843932151794,0.00035282800672575896,0.058766602894916295,0.058766602894916295,0.9870033467470798,0.058766602894916295,nan,"[1.0497736581422197, 1.2830961155672977, 1.5646297521687427, 1.21466370524121, 0.6183464840043721, -0.0012596539437164738]","[2.6789476828726424, 0.5219706981548781, 2.717771362155614, 2.1395662634922976, 0.5437146607723422, -0.008624321630873387]",1.5646297521687427,2.717771362155614,0.02192872527365519,-0.060874141145049285,0.027307940750007448,False,False,0.04675645755480051,-0.10347427653985287,0.0284344508195134,nan,0.0284344508195134,0.009110107281736113,0.05743120946956492,-0.013284144554462904,nan,-0.013284144554462904,0.04743405858602667,-0.05030418300206238,0.020126117836019225,nan,0.020126117836019225,0.03734247586253314,-0.039692907961604074,0.016142594901600124,nan,0.016142594901600124,0.009489611021841426,0.32930931350834863,-0.001302571042165317,nan,-0.001302571042165317,-0.00015052280820970765,0.007986315814194136,-0.00012853769945612385,nan,-0.00012853769945612385
10.075,9.679505342000084,ARM_NEUTRALIZE,INITIAL_HOLD,ARM_NEUTRALIZE_PROFILE,0.007133017294108868,0.00721804378554225,0.06538005918264389,-0.019672872498631477,0.011512958444654942,0.013259894214570522,-0.011410510167479515,0.018532007932662964,0.002689596964046359,-0.02155614616954722,0.02473837944184349,-0.06087414114504929,0.000789397454354912,-0.005739382468163967,0.00016855730791576277,0.058766602894916295,0.058766602894916295,0.9870033467470798,0.058766602894916295,nan,"[1.101673503146087, 1.2588492944219978, 1.6013648522362343, 1.2441278991752218, 0.6159689724560037, -0.0014942667632596091]","[2.6789476828726424, 0.5219706981548781, 2.717771362155614, 2.1395662634922976, 0.5437146607723422, -0.008624321630873387]",1.6013648522362343,2.717771362155614,0.02192872527365519,-0.060874141145049285,0.027949089197234767,False,False,0.04675645755480051,-0.10347427653985287,0.02752862764292119,nan,0.02752862764292119,0.009110107281736113,0.05743120946956492,-0.012860957692335237,nan,-0.012860957692335237,0.04743405858602667,-0.05030418300206238,0.019484969388791906,nan,0.019484969388791906,0.03734247586253314,-0.039692907961604074,0.015628347706005477,nan,0.015628347706005477,0.009489611021841426,0.32930931350834863,-0.001261075637642101,nan,-0.001261075637642101,-0.00015052280820970765,0.007986315814194136,-0.00012444293328770883,nan,-0.00012444293328770883
10.084,9.755042339000283,ARM_NEUTRALIZE,INITIAL_HOLD,ARM_NEUTRALIZE_PROFILE,0.007133017294108868,0.00721804378554225,0.06538005918264389,-0.019605813547968864,0.01161003578454256,0.012675931677222252,-0.011367317289113998,0.018269704654812813,0.0012852400541305542,-0.021516209444794064,0.024696164498400827,-0.06082323446371228,0.000789397454354912,-0.005739382468163967,0.00016855730791576277,0.05926195849470613,0.05926195849470613,0.9875869565487574,0.05926195849470613,nan,"[1.0274491486274395, 1.2984319709996452, 1.5736019118545805, 1.2231243700830645, 0.5967345648429038, -0.005108014106837456]","[2.558753378037599, 0.5830298389357806, 2.6574705457004466, 2.0924650161669107, 0.5265861185572412, -0.012030262194735727]",1.5736019118545805,2.6574705457004466,0.021555738273652807,-0.06082323446371228,0.02746453447754002,False,False,0.04465867119328326,-0.09580154938025474,0.026726300652921864,nan,0.026726300652921864,0.010175790326801604,0.049469794452585626,-0.012486122680301734,nan,-0.012486122680301734,0.04638161079724323,-0.054261722650024685,0.018917076319703213,nan,0.018917076319703213,0.03652040401490897,-0.0438712642121233,0.015172856595577863,nan,0.015172856595577863,0.009190661564121072,-0.9318204529565843,-0.0012243213528431978,nan,-0.0012243213528431978,-0.00020996768517633768,-0.009302035983650231,-0.00012081602077370669,nan,-0.00012081602077370669
10.125,9.829711876000147,ARM_NEUTRALIZE,INITIAL_HOLD,ARM_NEUTRALIZE_PROFILE,0.007133017294108868,0.00721804378554225,0.06538005918264389,-0.019402069970965385,0.011750581674277782,0.011336758732795715,-0.010454108007252216,0.0178347397595644,0.0006493737455457449,-0.021516253479910815,0.024642497807822246,-0.060616922206153445,0.0008808778948150575,-0.00697527127340436,0.0011788330739364037,0.060376593804143085,0.060376593804143085,0.9889234151954419,0.060376593804143085,nan,"[0.9969263953112428, 1.321009174902288, 1.6001158517420724, 1.2467005151978359, 0.5966636183729737, -0.003483158665223686]","[2.3277700983121608, 0.6992591631901423, 2.542097019514068, 2.002237202410595, 0.5356981901964106, -0.00949922660355759]",1.6001158517420724,2.542097019514068,0.0206830365947577,-0.060616922206153445,0.027927290026252605,False,False,0.0406272524450193,-0.08807400146417634,0.023227604446799555,nan,0.023227604446799555,0.012204374722408318,0.05378201716041467,-0.010851584828690253,nan,-0.010851584828690253,0.04436796289565503,-0.044370524613053644,0.01644067286940243,nan,0.01644067286940243,0.03494563158798503,-0.035573529268319345,0.013186602811473186,nan,0.013186602811473186,0.009349697215902175,-0.7332371020128949,-0.001064047451569147,nan,-0.001064047451569147,-0.00016579278062511804,0.0015976731829478036,-0.00010500019354759381,nan,-0.00010500019354759381
10.138,9.906472214999667,ARM_NEUTRALIZE,INITIAL_HOLD,ARM_NEUTRALIZE_PROFILE,0.007133017294108868,0.00721804378554225,0.06538005918264389,-0.019402069970965385,0.011750581674277782,0.011336758732795715,-0.010454108007252216,0.0178347397595644,0.0006493737455457449,-0.021516253479910815,0.024642497807822246,-0.060616922206153445,-0.002578042447566986,-0.005536695942282676,0.004718844313174487,0.060376593804143085,0.060376593804143085,0.9889234151954419,0.060376593804143085,nan,"[0.948815811015224, 1.348414306032231, 1.5894182066675686, 1.23949279668464, 0.6062602427811368, -0.006570128798447709]","[2.2191938919088066, 0.7549129167305502, 2.488601353008276, 1.960702390705146, 0.5480647210431914, -0.012312862392777808]",1.5894182066675686,2.488601353008276,0.0206830365947577,-0.060616922206153445,0.02774058089749276,False,False,0.03873224015395582,-0.08738292491492057,0.02217228025675988,nan,0.02217228025675988,0.013175715962781887,0.04486495259717721,-0.010358553358474978,nan,-0.010358553358474978,0.043434287379580105,-0.046584265136991376,0.015693706482087344,nan,0.015693706482087344,0.03422071236952906,-0.035488519944624236,0.012587482012629436,nan,0.012587482012629436,0.00956553389622794,0.24777444760212017,-0.0010157034642430795,nan,-0.0010157034642430795,-0.00021489998909896002,-0.001043813564268345,-0.00010022960928594859,nan,-0.00010022960928594859
10.145,9.978737567999815,ARM_NEUTRALIZE,INITIAL_HOLD,ARM_NEUTRALIZE_PROFILE,0.007133017294108868,0.00721804378554225,0.06538005918264389,-0.01926206611096859,0.011733398772776127,0.010531861335039139,-0.011282918974757195,0.01797623373568058,-0.0001532223541289568,-0.021462804276204055,0.024605693321215413,-0.06050526667163656,-0.002578042447566986,-0.005536695942282676,0.004718844313174487,0.061036166866471286,0.061036166866471286,0.9897251624924601,0.061036166866471286,nan,"[0.9807524756270702, 1.3334939802631813, 1.6120232177278253, 1.2576236423482212, 0.6047972366984523, -0.00671449822634928]","[2.2191938919088066, 0.7549129167305502, 2.488601353008276, 1.960702390705146, 0.5480647210431914, -0.012312862392777808]",1.6120232177278253,2.488601353008276,0.02122434255755785,-0.06050526667163656,0.028135112767943976,False,False,0.03873224015395582,-0.08738292491492057,0.021614880307178008,nan,0.021614880307178008,0.013175715962781887,0.04486495259717721,-0.010098144548334909,nan,-0.010098144548334909,0.043434287379580105,-0.046584265136991376,0.01529917461163613,nan,0.01529917461163613,0.03422071236952906,-0.035488519944624236,0.012271039059629008,nan,0.012271039059629008,0.00956553389622794,0.24777444760212017,-0.0009901691911235327,nan,-0.0009901691911235327,-0.00021489998909896002,-0.001043813564268345,-9.770988742984561e-05,nan,-9.770988742984561e-05
10.163,10.057710699999916,ARM_NEUTRALIZE,INITIAL_HOLD,ARM_NEUTRALIZE_PROFILE,0.007133017294108868,0.00721804378554225,0.06538005918264389,-0.01926206611096859,0.011733398772776127,0.010531861335039139,-0.011282918974757195,0.01797623373568058,-0.0001532223541289568,-0.021462804276204055,0.024605693321215413,-0.06050526667163656,0.0072463396936655045,-0.007322015706449747,0.0034806684125214824,0.061036166866471286,0.061036166866471286,0.9897251624924601,0.061036166866471286,nan,"[0.9594649478170199, 1.348026319520125, 1.6178498736887887, 1.2633726437193316, 0.5884730225662798, -0.004912761574871025]","[2.117789178677563, 0.8068747909972382, 2.437720463438921, 1.9209678595431363, 0.5354106437591628, -0.010148956668075432]",1.6178498736887887,2.437720463438921,0.02122434255755785,-0.06050526667163656,0.02823680709884374,False,False,0.036962394031029966,-0.08430369860763604,0.02021657163414739,nan,0.02021657163414739,0.014082621754242908,0.04531405254490704,-0.009444875924924379,nan,-0.009444875924924379,0.042546248330251224,-0.044259336013566734,0.014309441231407483,nan,0.014309441231407483,0.0335272139740157,-0.03602499347507324,0.011477201661488107,nan,0.011477201661488107,0.009344678583819821,-0.9006570559446092,-0.0009261132191246517,nan,-0.0009261132191246517,-0.0001771327095001496,-0.008243765114357815,-9.13888446531883e-05,nan,-9.13888446531883e-05
10.165,10.131475180999587,ARM_NEUTRALIZE,INITIAL_HOLD,ARM_NEUTRALIZE_PROFILE,0.007133017294108868,0.00721804378554225,0.06538005918264389,-0.019178984686732292,0.011747842654585838,0.010068611241877079,-0.012185359373688698,0.018470481038093567,-0.00047433836152777076,-0.021339575634240958,0.02457878782675007,-0.0603979867205354,0.0072463396936655045,-0.007322015706449747,0.0034806684125214824,0.06141821227728738,0.06141821227728738,0.9901868509070582,0.06141821227728738,nan,"[0.9681881811630696, 1.3439509570843673, 1.6240242437635992, 1.268324932864328, 0.5880734146673006, -0.004952194878972356]","[2.117789178677563, 0.8068747909972382, 2.437720463438921, 1.9209678595431363, 0.5354106437591628, -0.010148956668075432]",1.6240242437635992,2.437720463438921,0.022132931340555273,-0.0603979867205354,0.028344570185885792,False,False,0.036962394031029966,-0.08430369860763604,0.02006432249083906,nan,0.02006432249083906,0.014082621754242908,0.04531405254490704,-0.009373747432208313,nan,-0.009373747432208313,0.042546248330251224,-0.044259336013566734,0.014201678144365432,nan,0.014201678144365432,0.0335272139740157,-0.03602499347507324,0.011390767910397143,nan,0.011390767910397143,0.009344678583819821,-0.9006570559446092,-0.0009191387455704872,nan,-0.0009191387455704872,-0.0001771327095001496,-0.008243765114357815,-9.070060366167987e-05,nan,-9.070060366167987e-05
10.173,10.203640536999956,ARM_NEUTRALIZE,INITIAL_HOLD,ARM_NEUTRALIZE_PROFILE,0.007133017294108868,0.00721804378554225,0.06538005918264389,-0.019178984686732292,0.011747842654585838,0.010068611241877079,-0.012185359373688698,0.018470481038093567,-0.00047433836152777076,-0.021339575634240958,0.02457878782675007,-0.0603979867205354,0.002169534796848893,-0.005529394373297691,0.0024914280511438855,0.06141821227728738,0.06141821227728738,0.9901868509070582,0.06141821227728738,nan,"[1.0027230531379043, 1.3278167882060739, 1.6484682855082118, 1.2879308134845293, 0.5864913857241414, -0.005108309481741841]","[2.117789178677563, 0.8068747909972382, 2.437720463438921, 1.9209678595431363, 0.5354106437591628, -0.010148956668075432]",1.6484682855082118,2.437720463438921,0.022132931340555273,-0.0603979867205354,0.02877119919682422,False,False,0.036962394031029966,-0.08430369860763604,0.019461575268123477,nan,0.019461575268123477,0.014082621754242908,0.04531405254490704,-0.00909215306320929,nan,-0.00909215306320929,0.042546248330251224,-0.044259336013566734,0.013775049133427003,nan,0.013775049133427003,0.0335272139740157,-0.03602499347507324,0.011048580740821684,nan,0.011048580740821684,0.009344678583819821,-0.9006570559446092,-0.000891527131650513,nan,-0.000891527131650513,-0.0001771327095001496,-0.008243765114357815,-8.79758898329093e-05,nan,-8.79758898329093e-05
10.185,10.280431872000008,ARM_NEUTRALIZE,INITIAL_HOLD,ARM_NEUTRALIZE_PROFILE,0.007133017294108868,0.00721804378554225,0.06538005918264389,-0.019077995792031288,0.011800620704889297,0.009471815079450607,-0.013057130388915539,0.018922144547104836,-0.0012360168620944023,-0.021296399838080442,0.02455911515671397,-0.060215297620930676,0.002169534796848893,-0.005529394373297691,0.0024914280511438855,0.06191727527052356,0.06191727527052356,0.9907821706583438,0.06191727527052356,nan,"[0.9547737820729298, 1.3548155728966416, 1.6355581020061112, 1.2789852037673919, 0.6122441267953953, -0.004157399986881837]","[2.0191131569977316, 0.8575723449105094, 2.388905504887942, 1.8832240363121233, 0.563487157384825, -0.008968737317143103]",1.6355581020061112,2.388905504887942,0.023023117641580444,-0.060215297620930676,0.028545873987675913,False,False,0.0352401725599476,-0.07989332242297346,0.018576226451056166,nan,0.018576226451056166,0.014967460992736825,0.0447129734317506,-0.008678531511602819,nan,-0.008678531511602819,0.04169426657931208,-0.039569980941883555,0.013148392591636165,nan,0.013148392591636165,0.0328684599863438,-0.029198255486873173,0.01054595709631223,nan,0.01054595709631223,0.009834706189068676,0.5270368808368988,-0.0008509696495086119,nan,-0.0008509696495086119,-0.00015653399593063,0.011079467584513863,-8.397367783717288e-05,nan,-8.397367783717288e-05
10.22,10.357833678999668,ARM_NEUTRALIZE,INITIAL_HOLD,ARM_NEUTRALIZE_PROFILE,0.007133017294108868,0.00721804378554225,0.06538005918264389,-0.01900915615260601,0.0118529312312603,0.009043501690030098,-0.01319264154881239,0.018652843311429024,-0.0018335492350161076,-0.021332925884946802,0.02461383931455676,-0.060110087212312625,0.00029808341059833765,-0.00774798821657896,-0.00042605053749866686,0.06227923509703036,0.06227923509703036,0.9912096758704309,0.06227923509703036,nan,"[0.9036860140993505, 1.3834180030075411, 1.6409883597902748, 1.2853336929225363, 0.5988514394067737, -0.0017492278271624107]","[1.8274605250689893, 0.9518445494760422, 2.2948428963064873, 1.8097720865338893, 0.5565336912949052, -0.00592514285397055]",1.6409883597902748,2.2948428963064873,0.022920215038986908,-0.060110087212312625,0.02864064986524162,False,False,0.03189520311267824,-0.08003884952241144,0.016122906762420675,nan,0.016122906762420675,0.016612821355519003,0.040034430010976944,-0.007532377728327405,nan,-0.007532377728327405,0.040052564356551024,-0.03758399660057924,0.011411914491309405,nan,0.011411914491309405,0.0315864816207041,-0.02750648889191597,0.009153176692388104,nan,0.009153176692388104,0.0097133453113738,0.5439612449777526,-0.0007385840365817173,nan,-0.0007385840365817173,-0.00010341325145279967,0.005241698381753396,-7.28834665013093e-05,nan,-7.28834665013093e-05
10.247,10.420987466000042,ARM_NEUTRALIZE,INITIAL_HOLD,ARM_NEUTRALIZE_PROFILE,0.007133017294108868,0.00721804378554225,0.06538005918264389,-0.018796052783727646,0.012056184001266956,0.007802832406014204,-0.013252669014036655,0.01854434795677662,-0.0042019011452794075,-0.021356560272398732,0.02452603584205203,-0.059871150191769626,-0.0012422720901668072,-0.008508235216140747,0.006156091112643481,0.06333136126071989,0.06333136126071989,0.9924484180824961,0.06333136126071989,nan,"[0.913225599236525, 1.3817405711539381, 1.6707951093770608, 1.3104074183237422, 0.5889297148901484, -0.00152762482451553]","[1.7360899106425998, 0.9973108337620933, 2.2532246487950776, 1.7775578240877485, 0.5512346234508125, -0.005247376129861626]",1.6707951093770608,2.2532246487950776,0.0231771881463717,-0.059871150191769626,0.029160875784848495,False,False,0.03030048505136751,-0.07519475589713906,0.014361691531191934,nan,0.014361691531191934,0.017406357714958354,0.04688834530864467,-0.006709564660064851,nan,-0.006709564660064851,0.039326188908566984,-0.02929097198348553,0.010165313123718489,nan,0.010165313123718489,0.031024236674917383,-0.023125157862877006,0.00815331268260941,nan,0.00815331268260941,0.009620859130207826,-0.5931728141324785,-0.0006579034574567388,nan,-0.0006579034574567388,-9.15839905566429e-05,-0.0007299069177336137,-6.492190763364631e-05,nan,-6.492190763364631e-05
10.253,10.496426665999934,ARM_NEUTRALIZE,INITIAL_HOLD,ARM_NEUTRALIZE_PROFILE,0.007133017294108868,0.00721804378554225,0.06538005918264389,-0.018796052783727646,0.012056184001266956,0.007802832406014204,-0.013252669014036655,0.01854434795677662,-0.0042019011452794075,-0.021356560272398732,0.02452603584205203,-0.059871150191769626,-0.004375480115413666,-0.004216711036860943,0.0018972388934344058,0.06333136126071989,0.06333136126071989,0.9924484180824961,0.06333136126071989,nan,"[0.9347608059364574, 1.3716796489076117, 1.686037890411129, 1.322633225675739, 0.5879431955157308, -0.0016249745480636211]","[1.7360899106425998, 0.9973108337620933, 2.2532246487950776, 1.7775578240877485, 0.5512346234508125, -0.005247376129861626]",1.686037890411129,2.2532246487950776,0.0231771881463717,-0.059871150191769626,0.02942691250105353,False,False,0.03030048505136751,-0.07519475589713906,0.01398583126918057,nan,0.01398583126918057,0.017406357714958354,0.04688834530864467,-0.006533968441079313,nan,-0.006533968441079313,0.039326188908566984,-0.02929097198348553,0.009899276407513452,nan,0.009899276407513452,0.031024236674917383,-0.023125157862877006,0.007939932090602536,nan,0.007939932090602536,0.009620859130207826,-0.5931728141324785,-0.000640685446238437,nan,-0.000640685446238437,-9.15839905566429e-05,-0.0007299069177336137,-6.322283443182587e-05,nan,-6.322283443182587e-05
10.264,10.576501044999532,ARM_NEUTRALIZE,INITIAL_HOLD,ARM_NEUTRALIZE_PROFILE,0.007133017294108868,0.00721804378554225,0.06538005918264389,-0.018796052783727646,0.012056184001266956,0.007802832406014204,-0.013252669014036655,0.01854434795677662,-0.0042019011452794075,-0.021356560272398732,0.02452603584205203,-0.059871150191769626,-0.004375480115413666,-0.004216711036860943,0.0018972388934344058,0.06333136126071989,0.06333136126071989,0.9924484180824961,0.06333136126071989,nan,"[0.8879819002065088, 1.394425888844941, 1.6698667934365226, 1.3103213551053965, 0.6023997136204414, -0.008294675680697389]","[1.6506681642686718, 1.0381104232917215, 2.209701859000522, 1.7433079274826357, 0.5674613549325761, -0.011742392621376241]",1.6698667934365226,2.209701859000522,0.0231771881463717,-0.059871150191769626,0.029144673615187355,False,False,0.02880959432433894,-0.06621404937463407,0.013311386467619646,nan,0.013311386467619646,0.01811844488571257,0.029831086028175385,-0.006218878049680118,nan,-0.006218878049680118,0.03856657292699861,-0.03858349753014763,0.009421899311811255,nan,0.009421899311811255,0.030426463210690535,-0.028985273176194114,0.007557041304907558,nan,0.007557041304907558,0.009904069021401618,0.32426070485948766,-0.0006097893943460154,nan,-0.0006097893943460154,-0.0002049434133049033,-0.0003090705081406353,-6.017401229163198e-05,nan,-6.017401229163198e-05
10.264,10.65056271100002,ARM_NEUTRALIZE,INITIAL_HOLD,ARM_NEUTRALIZE_PROFILE,0.007133017294108868,0.00721804378554225,0.06538005918264389,-0.018796052783727646,0.012056184001266956,0.007802832406014204,-0.013252669014036655,0.01854434795677662,-0.0042019011452794075,-0.021356560272398732,0.02452603584205203,-0.059871150191769626,-0.004375480115413666,-0.004216711036860943,0.0018972388934344058,0.06333136126071989,0.06333136126071989,0.9924484180824961,0.06333136126071989,nan,"[0.8879819002065088, 1.394425888844941, 1.6698667934365226, 1.3103213551053965, 0.6023997136204414, -0.008294675680697389]","[1.6506681642686718, 1.0381104232917215, 2.209701859000522, 1.7433079274826357, 0.5674613549325761, -0.011742392621376241]",1.6698667934365226,2.209701859000522,0.0231771881463717,-0.059871150191769626,0.029144673615187355,False,False,0.02880959432433894,-0.06621404937463407,0.013311386467619646,nan,0.013311386467619646,0.01811844488571257,0.029831086028175385,-0.006218878049680118,nan,-0.006218878049680118,0.03856657292699861,-0.03858349753014763,0.009421899311811255,nan,0.009421899311811255,0.030426463210690535,-0.028985273176194114,0.007557041304907558,nan,0.007557041304907558,0.009904069021401618,0.32426070485948766,-0.0006097893943460154,nan,-0.0006097893943460154,-0.0002049434133049033,-0.0003090705081406353,-6.017401229163198e-05,nan,-6.017401229163198e-05
10.295,10.726800872999775,ARM_NEUTRALIZE,INITIAL_HOLD,ARM_NEUTRALIZE_PROFILE,0.007133017294108868,0.00721804378554225,0.06538005918264389,-0.01866813935339451,0.012250700034201145,0.007226864341646433,-0.014522760175168514,0.019133375957608223,-0.005141996778547764,-0.021348986303096264,0.024671704678207226,-0.05974977657360609,0.0011634239926934242,-0.0054965452291071415,0.0007474032463505871,0.06381866015109676,0.06381866015109676,0.9930242081455847,0.06381866015109676,nan,"[0.9103942656338856, 1.3863853185438573, 1.7043935573525466, 1.339272134651043, 0.5801567858172724, -0.0028345439679213547]","[1.5699964104914337, 1.0782291914450963, 2.1712649091700316, 1.7137365576936325, 0.5499406702082466, -0.00581627000140362]",1.7043935573525466,2.1712649091700316,0.02456495002053203,-0.059749776573606084,0.029747279325580744,False,False,0.027401606607567963,-0.0666958757125349,0.011512229180980799,nan,0.011512229180980799,0.018818649481833205,0.04083182441749707,-0.0053783390280675025,nan,-0.0053783390280675025,0.03789572159803267,-0.028255929224757545,0.008148442272451928,nan,0.008148442272451928,0.029910345443547648,-0.022100643150629984,0.006535637113674109,nan,0.006535637113674109,0.009598275385758193,-0.6164804012177819,-0.0005273707045407514,nan,-0.0005273707045407514,-0.00010151306170946839,-1.864605316094503e-05,-5.204093667669622e-05,nan,-5.204093667669622e-05
10.333,10.802242873000068,ARM_NEUTRALIZE,INITIAL_HOLD,ARM_NEUTRALIZE_PROFILE,0.007133017294108868,0.00721804378554225,0.06538005918264389,-0.01851901225745678,0.012475632131099701,0.006704307626932859,-0.013720227405428886,0.020151972770690918,-0.006667274981737137,-0.02132808129572804,0.02462880491581478,-0.05959983634353009,4.5751556172035635e-05,-0.004860111512243748,0.0018871661741286523,0.0642535032193052,0.0642535032193052,0.9935466409278193,0.0642535032193052,nan,"[0.8539260911154336, 1.4056111959767073, 1.71254546539581, 1.3490904894602713, 0.6012599300719687, -0.002914075964984278]","[1.3987923156331286, 1.1510579522625612, 2.0982058711169036, 1.658417889302909, 0.5762998219828179, -0.005377139220729865]",1.71254546539581,2.0982058711169036,0.025274477290132984,-0.05959983634353009,0.029889556961255503,False,False,0.024413531459393845,-0.07026567260644388,0.009509709600744432,nan,0.009509709600744432,0.020089751148245405,0.021895458382065906,-0.004442792224443409,nan,-0.004442792224443409,0.03662060083566576,-0.03891526169391704,0.0067310438744102585,nan,0.0067310438744102585,0.028944852542310606,-0.0287772240057468,0.005398781593887014,nan,0.005398781593887014,0.010058329372257369,0.19296525713088852,-0.00043563606780935155,nan,-0.00043563606780935155,-9.384878373985828e-05,0.01118737182103336,-4.298856349765163e-05,nan,-4.298856349765163e-05
10.353,10.874327831999835,ARM_NEUTRALIZE,INITIAL_HOLD,ARM_NEUTRALIZE_PROFILE,0.007133017294108868,0.00721804378554225,0.06538005918264389,-0.01842585578560829,0.012396399863064289,0.0063481517136096954,-0.014246756210923195,0.01952959969639778,-0.007263548672199249,-0.02133160567756207,0.02462051066577722,-0.05953602883575537,-0.001395747298374772,-0.0012135508004575963,0.004203226882964373,0.06453555194002229,0.06453555194002229,0.993899984150295,0.06453555194002229,nan,"[0.8301195308888341, 1.4139544727150133, 1.7175299574148957, 1.3549810876066035, 0.5988057505310153, -0.0029805105902370845]","[1.3196792918607732, 1.185239570708306, 2.064044032880457, 1.6329103133777176, 0.5763792098498145, -0.0051935614355320715]",1.7175299574148957,2.064044032880457,0.02524152265907163,-0.05953602883575537,0.029976552758527925,False,False,0.023032748713357698,-0.07527435149034235,0.008544429714236773,nan,0.008544429714236773,0.02068633293378408,0.021762245703196563,-0.003991828088393226,nan,-0.003991828088393226,0.036024364279906074,-0.03498451542464915,0.006047811521378149,nan,0.006047811521378149,0.02849966135821358,-0.02422483543917382,0.004850780077224615,nan,0.004850780077224615,0.010059714951922594,0.12623890791808134,-0.0003914169747194062,nan,-0.0003914169747194062,-9.064474695463787e-05,0.01022011245506052,-3.8625023764441184e-05,nan,-3.8625023764441184e-05
10.354,10.949269855999773,ARM_NEUTRALIZE,INITIAL_HOLD,ARM_NEUTRALIZE_PROFILE,0.007133017294108868,0.00721804378554225,0.06538005918264389,-0.01842585578560829,0.012396399863064289,0.0063481517136096954,-0.014246756210923195,0.01952959969639778,-0.007263548672199249,-0.02133160567756207,0.02462051066577722,-0.05953602883575537,-0.001395747298374772,-0.0012135508004575963,0.004203226882964373,0.06453555194002229,0.06453555194002229,0.993899984150295,0.06453555194002229,nan,"[0.8327938074445083, 1.412705091231626, 1.7194228304451247, 1.356499307999432, 0.5986832429706522, -0.002992599635260595]","[1.3196792918607732, 1.185239570708306, 2.064044032880457, 1.6329103133777176, 0.5763792098498145, -0.0051935614355320715]",1.7194228304451247,2.064044032880457,0.02524152265907163,-0.05953602883575537,0.030009589625227623,False,False,0.023032748713357698,-0.07527435149034235,0.008497754783231365,nan,0.008497754783231365,0.02068633293378408,0.021762245703196563,-0.003970022267894668,nan,-0.003970022267894668,0.036024364279906074,-0.03498451542464915,0.006014774654678451,nan,0.006014774654678451,0.02849966135821358,-0.02422483543917382,0.004824282132598834,nan,0.004824282132598834,0.010059714951922594,0.12623890791808134,-0.00038927881443248484,nan,-0.00038927881443248484,-9.064474695463787e-05,0.01022011245506052,-3.841403012535909e-05,nan,-3.841403012535909e-05
10.356,11.025943998000002,ARM_NEUTRALIZE,INITIAL_HOLD,ARM_NEUTRALIZE_PROFILE,0.007133017294108868,0.00721804378554225,0.06538005918264389,-0.01842585578560829,0.012396399863064289,0.0063481517136096954,-0.014246756210923195,0.01952959969639778,-0.007263548672199249,-0.02133160567756207,0.02462051066577722,-0.05953602883575537,-0.001395747298374772,-0.0012135508004575963,0.004203226882964373,0.06453555194002229,0.06453555194002229,0.993899984150295,0.06453555194002229,nan,"[0.7603280713655639, 1.4417523560838723, 1.6915646133759952, 1.3358811547810165, 0.5889886934514545, -0.005753423917972641]","[1.2418908975053742, 1.21677350085285, 2.032418398309483, 1.609270420196682, 0.5669284892191105, -0.007930324685583802]",1.6915646133759952,2.032418398309483,0.02524152265907163,-0.05953602883575537,0.02952337201363603,False,False,0.021675085112016212,-0.0651146482543551,0.008404856871348704,nan,0.008404856871348704,0.021236703840900262,0.023889671580342643,-0.003926621771149011,nan,-0.003926621771149011,0.03547239282861003,-0.029558627554330842,0.005949020814974004,nan,0.005949020814974004,0.028087067387384757,-0.024800250252673822,0.004771542821112029,nan,0.004771542821112029,0.009894768760230654,-1.1607062309084157,-0.0003850231975167911,nan,-0.0003850231975167911,-0.00013841027651562143,0.022430316942756885,-3.799408588400668e-05,nan,-3.799408588400668e-05
10.371,11.105527300000176,ARM_NEUTRALIZE,INITIAL_HOLD,ARM_NEUTRALIZE_PROFILE,0.007133017294108868,0.00721804378554225,0.06538005918264389,-0.018342632800340652,0.012319008819758892,0.005966437514871359,-0.01451388094574213,0.018248382955789566,-0.0068824500776827335,-0.021362399475033225,0.024673618628866544,-0.059430565720775756,0.0001257903059013188,-0.008927475661039352,0.0017959345132112514,0.06484602556592298,0.06484602556592298,0.9942791024170353,0.06484602556592298,nan,"[0.7991517218183385, 1.423614534888723, 1.7190442847365113, 1.3579218288154309, 0.5872101972479609, -0.005928925908335107]","[1.2418908975053742, 1.21677350085285, 2.032418398309483, 1.609270420196682, 0.5669284892191105, -0.007930324685583802]",1.7190442847365113,2.032418398309483,0.024310992157460843,-0.059430565720775756,0.030002982756243024,False,False,0.021675085112016212,-0.0651146482543551,0.007727256343304401,nan,0.007727256343304401,0.021236703840900262,0.023889671580342643,-0.0036100570721556424,nan,-0.0036100570721556424,0.03547239282861003,-0.029558627554330842,0.005469410072367009,nan,0.005469410072367009,0.028087067387384757,-0.024800250252673822,0.004386860489852679,nan,0.004386860489852679,0.009894768760230654,-1.1607062309084157,-0.0003539825830316083,nan,-0.0003539825830316083,-0.00013841027651562143,0.022430316942756885,-3.493099830837831e-05,nan,-3.493099830837831e-05
10.371,11.177917244000128,ARM_NEUTRALIZE,INITIAL_HOLD,ARM_NEUTRALIZE_PROFILE,0.007133017294108868,0.00721804378554225,0.06538005918264389,-0.018342632800340652,0.012319008819758892,0.005966437514871359,-0.01451388094574213,0.018248382955789566,-0.0068824500776827335,-0.021362399475033225,0.024673618628866544,-0.059430565720775756,0.0001257903059013188,-0.008927475661039352,0.0017959345132112514,0.06484602556592298,0.06484602556592298,0.9942791024170353,0.06484602556592298,nan,"[0.7991517218183385, 1.423614534888723, 1.7190442847365113, 1.3579218288154309, 0.5872101972479609, -0.005928925908335107]","[1.2418908975053742, 1.21677350085285, 2.032418398309483, 1.609270420196682, 0.5669284892191105, -0.007930324685583802]",1.7190442847365113,2.032418398309483,0.024310992157460843,-0.059430565720775756,0.030002982756243024,False,False,0.021675085112016212,-0.0651146482543551,0.007727256343304401,nan,0.007727256343304401,0.021236703840900262,0.023889671580342643,-0.0036100570721556424,nan,-0.0036100570721556424,0.03547239282861003,-0.029558627554330842,0.005469410072367009,nan,0.005469410072367009,0.028087067387384757,-0.024800250252673822,0.004386860489852679,nan,0.004386860489852679,0.009894768760230654,-1.1607062309084157,-0.0003539825830316083,nan,-0.0003539825830316083,-0.00013841027651562143,0.022430316942756885,-3.493099830837831e-05,nan,-3.493099830837831e-05
10.397,11.256387698000253,ARM_NEUTRALIZE,INITIAL_HOLD,ARM_NEUTRALIZE_PROFILE,0.007133017294108868,0.00721804378554225,0.06538005918264389,-0.01828981749713421,0.01227576844394207,0.005722053349018097,-0.014744598418474197,0.01755920611321926,-0.006732203532010317,-0.02136702604820722,0.024610447922783444,-0.05937459297040166,-0.0022713053040206432,-0.004514570347964763,0.007115718908607961,0.06504597426119432,0.06504597426119432,0.994521918869293,0.06504597426119432,nan,"[0.7064607841832856, 1.446926265136129, 1.7075144527640291, 1.352177707752614, 0.6029538821031952, -0.004658220854865217]","[1.0864426115418493, 1.269404513274614, 1.9764684438752673, 1.567898164178999, 0.5855470635925083, -0.006375925558705858]",1.7075144527640291,1.9764684438752673,0.023896683164092054,-0.05937459297040166,0.0298017492261215,False,False,0.018962000705371018,-0.06922912302082862,0.006631933985151606,nan,0.006631933985151606,0.022155288296318076,0.027998464730755117,-0.003098339063891814,nan,-0.003098339063891814,0.03449588190739217,-0.018939085576395565,0.0046941326812706685,nan,0.0046941326812706685,0.027364985300898148,-0.01330163919889212,0.0037650322285453786,nan,0.0037650322285453786,0.010219724185073886,-1.0487610281119106,-0.00030380629530858336,nan,-0.00030380629530858336,-0.00011128089386147622,0.0007850682515831223,-2.997960265901326e-05,nan,-2.997960265901326e-05
10.436,11.333668207999835,ARM_NEUTRALIZE,INITIAL_HOLD,ARM_NEUTRALIZE_PROFILE,0.007133017294108868,0.00721804378554225,0.06538005918264389,-0.01816595159471035,0.012220185250043869,0.0050258394330739975,-0.015406240709125996,0.018115390092134476,-0.006103030405938625,-0.021449624634740785,0.02463500338130293,-0.0592061322847031,0.002591365249827504,-0.008829846978187561,0.003590015461668373,0.06563300303694553,0.06563300303694553,0.9952150093928175,0.06563300303694553,nan,"[0.6478434994179819, 1.4547933829305537, 1.7183845210441338, 1.3638013135550364, 0.6243994825296688, -0.00594466348508931]","[0.9442455315932878, 1.3163188448905503, 1.9281801054308703, 1.5320724703917794, 0.610821421662548, -0.007284546416951245]",1.7183845210441338,1.9281801054308703,0.024551305283294945,-0.0592061322847031,0.02999146770752592,False,False,0.01648019347354701,-0.06462905444226079,0.005173191371061259,nan,0.005173191371061259,0.02297409784938864,0.013142144228318735,-0.0024168366189761953,nan,-0.0024168366189761953,0.03365309141122008,-0.02401019217216281,0.0036616237036941612,nan,0.0036616237036941612,0.02673970898749989,-0.01599801392096715,0.0029368857229409295,nan,0.0029368857229409295,0.01066084494972408,0.23082114115545585,-0.00023698186816745355,nan,-0.00023698186816745355,-0.0001271393194901549,0.014370029973897566,-2.33853687522656e-05,nan,-2.33853687522656e-05
10.477,11.443216480000046,ARM_NEUTRALIZE,INITIAL_HOLD,ARM_NEUTRALIZE_PROFILE,0.007133017294108868,0.00721804378554225,0.06538005918264389,-0.01806756481528282,0.012253557331860065,0.004178004339337349,-0.015801576897501945,0.017528340220451355,-0.007030860986560583,-0.021402289010816818,0.024591931935401424,-0.05915090731668254,-0.00014205039769876748,-0.008880393579602242,0.0004753843822982173,0.06637859031623408,0.06637859031623408,0.9960612599670888,0.06637859031623408,nan,"[0.5918934652173504, 1.4604566840855941, 1.730191213356209, 1.3758932650518354, 0.619260347060629, -0.00599568845426096]","[0.8136117763849027, 1.356873248814888, 1.887125099130399, 1.5017655353539057, 0.6091035181674732, -0.006997964243783727]",1.730191213356209,1.887125099130399,0.024624490848419577,-0.05915090731668254,0.030197533362141538,False,False,0.0142002043309164,-0.06161400020374517,0.003869714541835101,nan,0.003869714541835101,0.023681905724052044,0.00822382525705002,-0.0018078719960002432,nan,-0.0018078719960002432,0.03293654637684984,-0.024607057790636343,0.0027390130147083025,nan,0.0027390130147083025,0.02621075318490096,-0.017564094991618314,0.0021968855537314036,nan,0.0021968855537314036,0.010630861877503506,0.2514256002378357,-0.0001772701057472601,nan,-0.0001772701057472601,-0.00012213751699086117,0.018637352287980597,-1.7493012540197982e-05,nan,-1.7493012540197982e-05
10.494,11.491364380999585,ARM_NEUTRALIZE,INITIAL_HOLD,ARM_NEUTRALIZE_PROFILE,0.007133017294108868,0.00721804378554225,0.06538005918264389,-0.01803545653820038,0.012282811105251312,0.0037657474167644978,-0.0165232066065073,0.01735682226717472,-0.006442792247980833,-0.021442792377202903,0.024545805805313174,-0.05913707880169314,0.0009977997979149222,0.0047250036150217065,0.006263285875320434,0.0667489876884542,0.0667489876884542,0.996473196408848,0.0667489876884542,nan,"[0.6190503086779139, 1.447769418329596, 1.7494130311085856, 1.391310546207453, 0.6180163027105947, -0.006118450740231162]","[0.8136117763849027, 1.356873248814888, 1.887125099130399, 1.5017655353539057, 0.6091035181674732, -0.006997964243783727]",1.7494130311085856,1.887125099130399,0.024815019801045106,-0.05913707880169314,0.030533017370138804,False,False,0.0142002043309164,-0.06161400020374517,0.003395738208999577,nan,0.003395738208999577,0.023681905724052044,0.00822382525705002,-0.001586437435482549,nan,-0.001586437435482549,0.03293654637684984,-0.024607057790636343,0.002403529006711036,nan,0.002403529006711036,0.02621075318490096,-0.017564094991618314,0.0019278032358601982,nan,0.0019278032358601982,0.010630861877503506,0.2514256002378357,-0.0001555574357983286,nan,-0.0001555574357983286,-0.00012213751699086117,0.018637352287980597,-1.535040645274312e-05,nan,-1.535040645274312e-05
10.518,11.584770821999882,ARM_NEUTRALIZE,INITIAL_HOLD,ARM_NEUTRALIZE_PROFILE,0.007133017294108868,0.00721804378554225,0.06538005918264389,-0.01800650916993618,0.012346170842647552,0.0032320942264050245,-0.017401188611984253,0.01772240921854973,-0.006689843721687794,-0.02141537060975636,0.02470860765373484,-0.059035129199680896,-0.002164375502616167,-0.0065616704523563385,-0.0003901987220160655,0.06723587603468947,0.06723587603468947,0.9970069810624402,0.06723587603468947,nan,"[0.53566927427854, 1.4660152528911687, 1.7409488551625674, 1.3866996604672919, 0.5955666574778106, -0.005354262843962178]","[0.6955455025311763, 1.3913235016626608, 1.8541104502084862, 1.4774634034866208, 0.5882427901531221, -0.006076982009799318]",1.7409488551625674,1.8541104502084862,0.025722347533617386,-0.059035129199680896,0.030385289631412682,False,False,0.012139559116607579,-0.05299140078628575,0.0027903665786784826,nan,0.0027903665786784826,0.024283176064390233,0.021694606961532668,-0.00130361698301798,nan,-0.00130361698301798,0.03236033205177247,-0.006013455555988999,0.001975042420359785,nan,0.001975042420359785,0.025786600968563,-0.004144994763289011,0.0015841261571213072,nan,0.0015841261571213072,0.01026677348929006,-0.8811214429258604,-0.00012782559879504288,nan,-0.00012782559879504288,-0.00010606334465546041,-0.003200704635399551,-1.2613829011125016e-05,nan,-1.2613829011125016e-05
10.518,11.666502019999825,ARM_NEUTRALIZE,INITIAL_HOLD,ARM_NEUTRALIZE_PROFILE,0.007133017294108868,0.00721804378554225,0.06538005918264389,-0.01800650916993618,0.012346170842647552,0.0032320942264050245,-0.017401188611984253,0.01772240921854973,-0.006689843721687794,-0.02141537060975636,0.02470860765373484,-0.059035129199680896,-0.002164375502616167,-0.0065616704523563385,-0.0003901987220160655,0.06723587603468947,0.06723587603468947,0.9970069810624402,0.06723587603468947,nan,"[0.53566927427854, 1.4660152528911687, 1.7409488551625674, 1.3866996604672919, 0.5955666574778106, -0.005354262843962178]","[0.6955455025311763, 1.3913235016626608, 1.8541104502084862, 1.4774634034866208, 0.5882427901531221, -0.006076982009799318]",1.7409488551625674,1.8541104502084862,0.025722347533617386,-0.059035129199680896,0.030385289631412682,False,False,0.012139559116607579,-0.05299140078628575,0.0027903665786784826,nan,0.0027903665786784826,0.024283176064390233,0.021694606961532668,-0.00130361698301798,nan,-0.00130361698301798,0.03236033205177247,-0.006013455555988999,0.001975042420359785,nan,0.001975042420359785,0.025786600968563,-0.004144994763289011,0.0015841261571213072,nan,0.0015841261571213072,0.01026677348929006,-0.8811214429258604,-0.00012782559879504288,nan,-0.00012782559879504288,-0.00010606334465546041,-0.003200704635399551,-1.2613829011125016e-05,nan,-1.2613829011125016e-05
10.542,11.747537252000257,ARM_NEUTRALIZE,INITIAL_HOLD,ARM_NEUTRALIZE_PROFILE,0.007133017294108868,0.00721804378554225,0.06538005918264389,-0.018003469333052635,0.012338264845311642,0.0028990418650209904,-0.017865337431430817,0.01763751357793808,-0.006954471115022898,-0.021441484441538733,0.024729625701500356,-0.05900592311426467,-0.0004024613881483674,-0.008504515513777733,-0.00020169673371128635,0.06754211388980558,0.06754211388980558,0.9973398008708528,0.06754211388980558,nan,"[0.5134321233115032, 1.4646407926963148, 1.7483420291696576, 1.3935809595142064, 0.617065551536347, -0.006338987065074888]","[0.6427477001809537, 1.4042265147072122, 1.839872565652582, 1.4669950368642684, 0.6111416556679079, -0.00692355705941548]",1.7483420291696576,1.839872565652582,0.02605027514711737,-0.05900592311426467,0.030514324860009268,False,False,0.011218063627778996,-0.05086635472418148,0.0022569825904877328,nan,0.0022569825904877328,0.02450837612544543,0.003598540850440391,-0.0010544280661249766,nan,-0.0010544280661249766,0.03211183408775309,-0.018064571545948562,0.0015975092277438208,nan,0.0015975092277438208,0.025603893503697073,-0.012427722499149862,0.0012813173670723765,nan,0.0012813173670723765,0.010666434087494459,0.3304001135549545,-0.00010339148744955076,nan,-0.00010339148744955076,-0.00012083886663649679,0.017396819593211387,-1.0202671109607944e-05,nan,-1.0202671109607944e-05
10.579,11.822693164999691,ARM_NEUTRALIZE,INITIAL_HOLD,ARM_NEUTRALIZE_PROFILE,0.007133017294108868,0.00721804378554225,0.06538005918264389,-0.01805357076227665,0.012187267653644085,0.0024664667434990406,-0.019054239615797997,0.016879897564649582,-0.006616863887757063,-0.021372938818686144,0.024632184797698492,-0.05893009242737144,-0.003551321104168892,-0.007948219776153564,-0.001032283063977956,0.06794981616878884,0.06794981616878884,0.9977713219377118,0.06794981616878884,nan,"[0.4554170188228073, 1.4702419518631664, 1.7532876325726205, 1.3990687261779393, 0.6109329405077184, -0.006018767703233709]","[0.5452672879260013, 1.428265267643012, 1.8168843278296265, 1.4500778525767253, 0.6068169349126934, -0.006424935100639981]",1.7532876325726205,1.8168843278296265,0.02630167060926762,-0.05893009242737145,0.030600641922888805,False,False,0.009516709477728647,-0.03708766901845158,0.0015681830296536692,nan,0.0015681830296536692,0.02492793151224859,-0.0004992099806045676,-0.0007326313487116404,nan,-0.0007326313487116404,0.03171061364851102,-0.01719854453599497,0.0011099717256222164,nan,0.0011099717256222164,0.025308632937712794,-0.013257290029702096,0.0008902772042247709,nan,0.0008902772042247709,0.010590953471086628,0.3306055212888849,-7.183784966369525e-05,nan,-7.183784966369525e-05,-0.00011213627173312091,0.011943545880328161,-7.088958398995728e-06,nan,-7.088958398995728e-06
10.609,11.900651942999502,ARM_NEUTRALIZE,INITIAL_HOLD,ARM_NEUTRALIZE_PROFILE,0.007133017294108868,0.00721804378554225,0.06538005918264389,-0.018125906586647034,0.01209120824933052,0.002214146312326193,-0.019589928910136223,0.016517670825123787,-0.007123632822185755,-0.021349341849846465,0.024629151430006775,-0.05880265737456952,8.671416435390711e-05,-0.005361249670386314,-0.002391344401985406,0.06820332481811657,0.06820332481811657,0.9980237249814037,0.06820332481811657,nan,"[0.4362509628334747, 1.4681827490884374, 1.7621044821842942, 1.406877585668344, 0.6100552867221266, -0.00611847035757622]","[0.5004588868508539, 1.4381857799328566, 1.8075513330126247, 1.4433292306628023, 0.6071139469004623, -0.006408721746373352]",1.7621044821842942,1.8075513330126247,0.026595956624582216,-0.05880265737456952,0.030754524978265696,False,False,0.008734655346413156,-0.03499190793267609,0.0011206396799736118,nan,0.0011206396799736118,0.02510107711519094,0.0032797502750029892,-0.0005235458773840684,nan,-0.0005235458773840684,0.031547722159882774,-0.010763432930695266,0.000793197181617078,nan,0.000793197181617078,0.025190847265342597,-0.006335218222433098,0.0006362012229214065,nan,0.0006362012229214065,0.01059613730819109,0.37616875059441773,-5.1336064308064866e-05,nan,-5.1336064308064866e-05,-0.00011185329531837596,0.00817515229165226,-5.065842392996131e-06,nan,-5.065842392996131e-06
10.609,11.97510808900006,ARM_NEUTRALIZE,INITIAL_HOLD,ARM_NEUTRALIZE_PROFILE,0.007133017294108868,0.00721804378554225,0.06538005918264389,-0.018125906586647034,0.01209120824933052,0.002214146312326193,-0.019589928910136223,0.016517670825123787,-0.007123632822185755,-0.021349341849846465,0.024629151430006775,-0.05880265737456952,8.671416435390711e-05,-0.005361249670386314,-0.002391344401985406,0.06820332481811657,0.06820332481811657,0.9980237249814037,0.06820332481811657,nan,"[0.4362509628334747, 1.4681827490884374, 1.7621044821842942, 1.406877585668344, 0.6100552867221266, -0.00611847035757622]","[0.5004588868508539, 1.4381857799328566, 1.8075513330126247, 1.4433292306628023, 0.6071139469004623, -0.006408721746373352]",1.7621044821842942,1.8075513330126247,0.026595956624582216,-0.05880265737456952,0.030754524978265696,False,False,0.008734655346413156,-0.03499190793267609,0.0011206396799736118,nan,0.0011206396799736118,0.02510107711519094,0.0032797502750029892,-0.0005235458773840684,nan,-0.0005235458773840684,0.031547722159882774,-0.010763432930695266,0.000793197181617078,nan,0.000793197181617078,0.025190847265342597,-0.006335218222433098,0.0006362012229214065,nan,0.0006362012229214065,0.01059613730819109,0.37616875059441773,-5.1336064308064866e-05,nan,-5.1336064308064866e-05,-0.00011185329531837596,0.00817515229165226,-5.065842392996131e-06,nan,-5.065842392996131e-06
10.62,12.049286647999907,ARM_NEUTRALIZE,INITIAL_HOLD,ARM_NEUTRALIZE_PROFILE,0.007133017294108868,0.00721804378554225,0.06538005918264389,-0.018125906586647034,0.01209120824933052,0.002214146312326193,-0.019589928910136223,0.016517670825123787,-0.007123632822185755,-0.021349341849846465,0.024629151430006775,-0.05880265737456952,8.671416435390711e-05,-0.005361249670386314,-0.002391344401985406,0.06820332481811657,0.06820332481811657,0.9980237249814037,0.06820332481811657,nan,"[0.40266435055003286, 1.4722664962348226, 1.7599994364222034, 1.4056841258771668, 0.5786762446519544, -0.008320801336092592]","[0.45880117128435915, 1.4460402242313208, 1.799733499731884, 1.43755370415494, 0.5761046389068004, -0.008574567369337708]",1.7599994364222034,1.799733499731884,0.026595956624582216,-0.05880265737456952,0.03071778499881206,False,False,0.008007591050918528,-0.04021068063981062,0.0009797723534158143,nan,0.0009797723534158143,0.025238163029113636,0.004159250969719708,-0.00045773479698471564,nan,-0.00045773479698471564,0.03141127522876186,-0.010354507109356956,0.0006934902299498003,nan,0.0006934902299498003,0.02509004531174419,-0.010637499500771131,0.0005562290721692065,nan,0.0005562290721692065,0.010054922784936693,-0.9216751562435029,-4.4882987316139863e-05,nan,-4.4882987316139863e-05,-0.00014965443252901167,0.01925092239176882,-4.4290528098526495e-06,nan,-4.4290528098526495e-06
10.624,12.122451354999612,ARM_NEUTRALIZE,INITIAL_HOLD,ARM_NEUTRALIZE_PROFILE,0.007133017294108868,0.00721804378554225,0.06538005918264389,-0.018177637830376625,0.012065233662724495,0.0018534238915890455,-0.01951955445110798,0.016059046611189842,-0.006883916445076466,-0.021349317057544503,0.02460774753490076,-0.05883278704431036,8.671416435390711e-05,-0.005361249670386314,-0.002391344401985406,0.06855478031427711,0.06855478031427711,0.9983849877564127,0.06855478031427711,nan,"[0.4054299945160277, 1.4709744292818272, 1.7619569799916361, 1.4072542166965216, 0.578549551586352, -0.008333303406737819]","[0.45880117128435915, 1.4460402242313208, 1.799733499731884, 1.43755370415494, 0.5761046389068004, -0.008574567369337708]",1.7619569799916361,1.799733499731884,0.02619721912060384,-0.058832787044310365,0.0307519505793499,False,False,0.008007591050918528,-0.04021068063981062,0.0009315027602712911,nan,0.0009315027602712911,0.025238163029113636,0.004159250969719708,-0.00043518397449873736,nan,-0.00043518397449873736,0.03141127522876186,-0.010354507109356956,0.0006593246494119576,nan,0.0006593246494119576,0.02509004531174419,-0.010637499500771131,0.0005288258178161309,nan,0.0005288258178161309,0.010054922784936693,-0.9216751562435029,-4.26717761819323e-05,nan,-4.26717761819323e-05,-0.00014965443252901167,0.01925092239176882,-4.210850513776529e-06,nan,-4.210850513776529e-06
10.652,12.197731360000034,ARM_NEUTRALIZE,INITIAL_HOLD,ARM_NEUTRALIZE_PROFILE,0.007133017294108868,0.00721804378554225,0.06538005918264389,-0.018212219700217247,0.012060771696269512,0.0017274543642997742,-0.019718162715435028,0.01593937911093235,-0.00729781948029995,-0.02133850740888169,0.024644576331817367,-0.0588413196341381,0.0002795852196868509,-0.006157184019684791,0.0038985952269285926,0.0686839657567629,0.0686839657567629,0.9985115034541664,0.0686839657567629,nan,"[0.3843346266268403, 1.469850995015907, 1.767950192392323, 1.4127074550296057, 0.5752880973854633, -0.005710217811060875]","[0.42075732925258824, 1.4528348602638823, 1.7937304548494777, 1.4333850808237856, 0.5736195876604525, -0.005874866336654177]",1.767950192392323,1.7937304548494777,0.02638423613602342,-0.0588413196341381,0.030856551868513243,False,False,0.0073436007473555165,-0.02816351274923675,0.000635696083294085,nan,0.000635696083294085,0.02535675179935648,-0.0029303907435491595,-0.0002969875773858599,nan,-0.0002969875773858599,0.03130650233041887,-0.016812932606026697,0.0004499504619056294,nan,0.0004499504619056294,0.02501728910934009,-0.02062540734921158,0.00036089265160374473,nan,0.00036089265160374473,0.010011550458607132,-0.9471226716918394,-2.912098830298339e-05,nan,-2.912098830298339e-05,-0.00010253576068919301,0.010449660964915952,-2.873658880157273e-06,nan,-2.873658880157273e-06
10.688,12.269374939000045,ARM_NEUTRALIZE,INITIAL_HOLD,ARM_NEUTRALIZE_PROFILE,0.007133017294108868,0.00721804378554225,0.06538005918264389,-0.018298037350177765,0.012074613012373447,0.001511028385721147,-0.019313720986247063,0.014800673350691795,-0.008135993033647537,-0.02136592284620007,0.02466774693412721,-0.05861867264201365,-0.0005923614371567965,-0.007785734720528126,0.0002874097262974838,0.06891718145654219,0.06891718145654219,0.9987296135018763,0.06891718145654219,nan,"[0.32893601596855937, 1.4716279876468406, 1.7691983529732365, 1.4149100588919805, 0.6090132849332296, -0.006303584801249917]","[0.34926334986828234, 1.462131365269825, 1.7835861925680547, 1.426450141682944, 0.6080820977381516, -0.006395474345807386]",1.7691983529732365,1.7835861925680547,0.02565685352127263,-0.05861867264201365,0.030878336380243787,False,False,0.00609579541174643,-0.03385470081509827,0.0003547789047024241,nan,0.0003547789047024241,0.025519006420638313,-0.0009783570896609705,-0.00016574732829749417,nan,-0.00016574732829749417,0.03112945155342217,-0.005551698680890279,0.0002511151731783845,nan,0.0002511151731783845,0.02489625158790698,-0.00198049948695439,0.00020141244065505215,nan,0.00020141244065505215,0.01061303472796471,0.40421459843788626,-1.6252282506521235e-05,nan,-1.6252282506521235e-05,-0.00011162208456116929,0.00848245649012742,-1.6037751006858694e-06,nan,-1.6037751006858694e-06
10.699,12.345134920999953,ARM_NEUTRALIZE,INITIAL_HOLD,ARM_NEUTRALIZE_PROFILE,0.007133017294108868,0.00721804378554225,0.06538005918264389,-0.018298037350177765,0.012074613012373447,0.001511028385721147,-0.019313720986247063,0.014800673350691795,-0.008135993033647537,-0.02136592284620007,0.02466774693412721,-0.05861867264201365,-0.0005923614371567965,-0.007785734720528126,0.0002874097262974838,0.06891718145654219,0.06891718145654219,0.9987296135018763,0.06891718145654219,nan,"[0.3008354910156719, 1.4734736430159876, 1.768679932118668, 1.4148072608109636, 0.576352340364939, -0.0074102067826749725]","[0.3173910968633294, 1.4657391148317451, 1.7803981142721261, 1.4242060862092687, 0.5755939345529351, -0.007485046261807788]",1.768679932118668,1.7803981142721261,0.02565685352127263,-0.05861867264201365,0.03086928822942056,False,False,0.005539519656781344,-0.023844602191954604,0.00028894983170404953,nan,0.00028894983170404953,0.025581973529081203,0.001965358431389662,-0.00013499298290332862,nan,-0.00013499298290332862,0.03107380909034685,-0.004402766571111907,0.0002045208609262883,nan,0.0002045208609262883,0.024857085431293946,-0.006375602428108395,0.00016404044902049164,nan,0.00016404044902049164,0.010046009312457471,-0.8451813158158765,-1.3236678485730943e-05,nan,-1.3236678485730943e-05,-0.00013063870193263938,0.016622203992241326,-1.3061953213452156e-06,nan,-1.3061953213452156e-06
10.714,12.446183695999935,ARM_NEUTRALIZE,INITIAL_HOLD,ARM_NEUTRALIZE_PROFILE,0.007133017294108868,0.00721804378554225,0.06538005918264389,-0.01834206096827984,0.01210015732795,0.0012866921024397016,-0.019742082804441452,0.014427410438656807,-0.008637523278594017,-0.021383939153810365,0.02463950538658269,-0.05857953768669473,-0.0027635004371404648,-0.0026077802758663884,0.005890013184398413,0.069143143903019,0.069143143903019,0.9989550121900447,0.069143143903019,nan,"[0.3052011817281922, 1.4714340584685905, 1.771770000791824, 1.4172857182668583, 0.5761523497852976, -0.007429941851387438]","[0.3173910968633294, 1.4657391148317451, 1.7803981142721261, 1.4242060862092687, 0.5755939345529351, -0.007485046261807788]",1.771770000791824,1.7803981142721261,0.025932736334817037,-0.05857953768669473,0.030923220101879867,False,False,0.005539519656781344,-0.023844602191954604,0.00021275415464683256,nan,0.00021275415464683256,0.025581973529081203,0.001965358431389662,-9.939551717845496e-05,nan,-9.939551717845496e-05,0.03107380909034685,-0.004402766571111907,0.000150588988466982,nan,0.000150588988466982,0.024857085431293946,-0.006375602428108395,0.00012078320604452797,nan,0.00012078320604452797,0.010046009312457471,-0.8451813158158765,-9.746184398017402e-06,nan,-9.746184398017402e-06,-0.00013063870193263938,0.016622203992241326,-9.617533942053724e-07,nan,-9.617533942053724e-07
10.717,12.520449249000194,ARM_NEUTRALIZE,INITIAL_HOLD,ARM_NEUTRALIZE_PROFILE,0.007133017294108868,0.00721804378554225,0.06538005918264389,-0.01834206096827984,0.01210015732795,0.0012866921024397016,-0.019742082804441452,0.014427410438656807,-0.008637523278594017,-0.021383939153810365,0.02463950538658269,-0.05857953768669473,-0.0027635004371404648,-0.0026077802758663884,0.005890013184398413,0.069143143903019,0.069143143903019,0.9989550121900447,0.069143143903019,nan,"[0.27614454757666257, 1.4721374036625867, 1.769537491898281, 1.4162701629038814, 0.6101864829872642, -0.0069150545105694725]","[0.28756310842570926, 1.4668028250598388, 1.7776196350219309, 1.4227526233289278, 0.6096634031922795, -0.006966672020327353]",1.769537491898281,1.7776196350219309,0.025932736334817037,-0.05857953768669473,0.030884255471107486,False,False,0.005018923049298074,-0.02260012872546454,0.00019929148265518393,nan,0.00019929148265518393,0.02560053877484858,-0.00570252749747239,-9.310596082438838e-05,nan,-9.310596082438838e-05,0.031025315479232596,-0.007870400516126037,0.0001410600081251101,nan,0.0001410600081251101,0.024831717718476476,-0.005587101481008553,0.00011314027804729121,nan,0.00011314027804729121,0.010640633714618986,0.4573458695345715,-9.12946467313859e-06,nan,-9.12946467313859e-06,-0.00012159136466127762,0.012261019732952865,-9.008954969553108e-07,nan,-9.008954969553108e-07
10.732,12.598027944999558,ARM_NEUTRALIZE,INITIAL_HOLD,ARM_NEUTRALIZE_PROFILE,0.007133017294108868,0.00721804378554225,0.06538005918264389,-0.018356649205088615,0.012025886215269566,0.0011395654873922467,-0.019795624539256096,0.014811422675848007,-0.00956743210554123,-0.021416440940574735,0.024704188591819037,-0.05844462665005123,0.00321517838165164,-0.008069077506661415,0.0012632376747205864,0.06927971909064776,0.06927971909064776,0.9991014743978796,0.06927971909064776,nan,"[0.2795267797518235, 1.4705572760414563, 1.7719314612328092, 1.4181902985946784, 0.61003154425758, -0.0069303438631080905]","[0.28756310842570926, 1.4668028250598388, 1.7776196350219309, 1.4227526233289278, 0.6096634031922795, -0.006966672020327353]",1.7719314612328092,1.7776196350219309,0.02651001225341029,-0.05844462665005123,0.030926038118186783,False,False,0.005018923049298074,-0.02260012872546454,0.00014026039513173605,nan,0.00014026039513173605,0.02560053877484858,-0.00570252749747239,-6.552753123395538e-05,nan,-6.552753123395538e-05,0.031025315479232596,-0.007870400516126037,9.927736104581308e-05,nan,9.927736104581308e-05,0.024831717718476476,-0.005587101481008553,7.962758815782678e-05,nan,7.962758815782678e-05,0.010640633714618986,0.4573458695345715,-6.425273701291673e-06,nan,-6.425273701291673e-06,-0.00012159136466127762,0.012261019732952865,-6.340459546582723e-07,nan,-6.340459546582723e-07
10.752,12.672827673000029,ARM_NEUTRALIZE,INITIAL_HOLD,ARM_NEUTRALIZE_PROFILE,0.007133017294108868,0.00721804378554225,0.06538005918264389,-0.018354900181293488,0.011798695661127567,0.0009578783647157252,-0.02061905898153782,0.014634562656283379,-0.010848975740373135,-0.02134195166133124,0.024706718975697515,-0.058376744325129466,0.0018133093835785985,-0.00374397705309093,0.0011147136101499204,0.06943222371619719,0.06943222371619719,0.9992803772623073,0.06943222371619719,nan,"[0.25627103278100255, 1.4709377770800163, 1.7737092772090541, 1.4195391543645928, 0.6141781184696342, -0.006983954228499614]","[0.26092201710371626, 1.4687649076810032, 1.7770012788420944, 1.42217957658663, 0.6139650587015808, -0.00700497896461436]",1.7737092772090541,1.7770012788420944,0.027513929054935507,-0.05837674432512947,0.030957066860466814,False,False,0.004553948289404808,-0.02834301344531619,8.117498988999272e-05,nan,8.117498988999272e-05,0.02563478357678406,-0.0012447170752183196,-3.792372522860854e-05,nan,-3.792372522860854e-05,0.031014523127944393,-0.003113079079857564,5.745626747757915e-05,nan,5.745626747757915e-05,0.024821716166055552,-0.002737961790757643,4.608406141737298e-05,nan,4.608406141737298e-05,0.010715711766542846,0.4142013702066488,-3.718594456067481e-06,nan,-3.718594456067481e-06,-0.00012225994696546394,0.005582495881724561,-3.6695086956528566e-07,nan,-3.6695086956528566e-07
10.753,12.749364417999459,ARM_NEUTRALIZE,INITIAL_HOLD,ARM_NEUTRALIZE_PROFILE,0.007133017294108868,0.00721804378554225,0.06538005918264389,-0.018354900181293488,0.011798695661127567,0.0009578783647157252,-0.02061905898153782,0.014634562656283379,-0.010848975740373135,-0.02134195166133124,0.024706718975697515,-0.058376744325129466,0.0018133093835785985,-0.00374397705309093,0.0011147136101499204,0.06943222371619719,0.06943222371619719,0.9992803772623073,0.06943222371619719,nan,"[0.25640965395474863, 1.4708730153681748, 1.7738073943168926, 1.4196178513461788, 0.6141717682880218, -0.00698458086436757]","[0.26092201710371626, 1.4687649076810032, 1.7770012788420944, 1.42217957658663, 0.6139650587015808, -0.00700497896461436]",1.7738073943168926,1.7770012788420944,0.027513929054935507,-0.05837674432512947,0.030958779327051128,False,False,0.004553948289404808,-0.02834301344531619,7.875559399514453e-05,nan,7.875559399514453e-05,0.02563478357678406,-0.0012447170752183196,-3.6793420127745335e-05,nan,-3.6793420127745335e-05,0.031014523127944393,-0.003113079079857564,5.574380089326536e-05,nan,5.574380089326536e-05,0.024821716166055552,-0.002737961790757643,4.471053997731622e-05,nan,4.471053997731622e-05,0.010715711766542846,0.4142013702066488,-3.6077628788322436e-06,nan,-3.6077628788322436e-06,-0.00012225994696546394,0.005582495881724561,-3.560140104583425e-07,nan,-3.560140104583425e-07
10.776,12.823749965999923,ARM_NEUTRALIZE,INITIAL_HOLD,ARM_NEUTRALIZE_PROFILE,0.007133017294108868,0.00721804378554225,0.06538005918264389,-0.018367024138569832,0.011672289110720158,0.0009738047956489027,-0.02095692791044712,0.014933033846318722,-0.011371571570634842,-0.021268852826499676,0.02474935224721178,-0.058307632641982125,0.006399671081453562,-0.003064864547923208,-0.006514490582048893,0.06941367313899698,0.06941367313899698,0.999263192864259,0.06941367313899698,nan,"[0.20955460400588596, 1.4701249649717518, 1.7751408102798054, 1.4214605151994555, 0.6049984605917745, -0.006663960315511702]","[0.2115817260278168, 1.4691779242801701, 1.7765756224708453, 1.4226113378344287, 0.6049055989268364, -0.0066731239038246865]",1.7751408102798054,1.7765756224708453,0.0281336269841812,-0.058307632641982125,0.030982051825902607,False,False,0.0036927977562379866,-0.026194011037416483,3.537995362237756e-05,nan,3.537995362237756e-05,0.02564199207630491,-0.008569173498904585,-1.6528978218466328e-05,nan,-1.6528978218466328e-05,0.03100709402278401,-0.006317699988934262,2.5042196881402967e-05,nan,2.5042196881402967e-05,0.024829251821412157,-0.004145928236429806,2.008564408675917e-05,nan,2.008564408675917e-05,0.010557594365021572,0.40750264602406777,-1.6207418020545983e-06,nan,-1.6207418020545983e-06,-0.0001164679835152782,0.010886991629322738,-1.599347873588574e-07,nan,-1.599347873588574e-07
10.776,12.89851539600022,ARM_NEUTRALIZE,INITIAL_HOLD,ARM_NEUTRALIZE_PROFILE,0.007133017294108868,0.00721804378554225,0.06538005918264389,-0.018367024138569832,0.011672289110720158,0.0009738047956489027,-0.02095692791044712,0.014933033846318722,-0.011371571570634842,-0.021268852826499676,0.02474935224721178,-0.058307632641982125,0.006399671081453562,-0.003064864547923208,-0.006514490582048893,0.06941367313899698,0.06941367313899698,0.999263192864259,0.06941367313899698,nan,"[0.20955460400588596, 1.4701249649717518, 1.7751408102798054, 1.4214605151994555, 0.6049984605917745, -0.006663960315511702]","[0.2115817260278168, 1.4691779242801701, 1.7765756224708453, 1.4226113378344287, 0.6049055989268364, -0.0066731239038246865]",1.7751408102798054,1.7765756224708453,0.0281336269841812,-0.058307632641982125,0.030982051825902607,False,False,0.0036927977562379866,-0.026194011037416483,3.537995362237756e-05,nan,3.537995362237756e-05,0.02564199207630491,-0.008569173498904585,-1.6528978218466328e-05,nan,-1.6528978218466328e-05,0.03100709402278401,-0.006317699988934262,2.5042196881402967e-05,nan,2.5042196881402967e-05,0.024829251821412157,-0.004145928236429806,2.008564408675917e-05,nan,2.008564408675917e-05,0.010557594365021572,0.40750264602406777,-1.6207418020545983e-06,nan,-1.6207418020545983e-06,-0.0001164679835152782,0.010886991629322738,-1.599347873588574e-07,nan,-1.599347873588574e-07
10.808,12.97581600400008,ARM_NEUTRALIZE,INITIAL_HOLD,ARM_NEUTRALIZE_PROFILE,0.007133017294108868,0.00721804378554225,0.06538005918264389,-0.018419457599520683,0.011421089991927147,0.0010538478381931782,-0.0206326674669981,0.014977127313613892,-0.012166284956037998,-0.021084435042835158,0.024757317107477174,-0.05837664686568512,0.005789053160697222,-0.0020448111463338137,0.0005020928801968696,0.06934303163644862,0.06934303163644862,0.9991812311256372,0.06934303163644862,nan,"[0.19035778630338399, 1.4691462603911818, 1.7773754609013999, 1.4233887103467002, 0.5734736454851542, -0.006858537741616036]","[0.19073446977727976, 1.468970279580078, 1.7776420802931594, 1.4236025582864342, 0.5734563897629222, -0.006860240536140366]",1.7773754609013999,1.7776420802931594,0.02824959820959296,-0.05837664686568511,0.03102105383688117,False,False,0.0033289444946591473,-0.016521162128860047,6.574366857331482e-06,nan,6.574366857331482e-06,0.025638367992613986,4.1709157667670386e-05,-3.0714445740931406e-06,nan,-3.0714445740931406e-06,0.03102570722311704,-0.0003117109295420154,4.653386235869972e-06,nan,4.653386235869972e-06,0.02484655188191276,-0.002744195786027598,3.7323506469622014e-06,nan,3.7323506469622014e-06,0.010008702117962898,-0.7821991299539168,-3.011691677573536e-07,nan,-3.011691677573536e-07,-0.00011973378483443042,0.014792845608306114,-2.971937093448028e-08,nan,-2.971937093448028e-08
10.825,13.050035659999594,ARM_NEUTRALIZE,INITIAL_HOLD,ARM_NEUTRALIZE_PROFILE,0.007133017294108868,0.00721804378554225,0.06538005918264389,-0.018443290144205093,0.01132572628557682,0.0009005310712382197,-0.02038625441491604,0.014848828315734863,-0.01232153084129095,-0.02099317419728021,0.024807603223476183,-0.058352843973185964,0.005789053160697222,-0.0020448111463338137,0.0005020928801968696,0.06948834508872548,0.06948834508872548,0.999333866053269,0.06948834508872548,nan,"[0.1695344091808624, 1.4676394106219455, 1.7780774844946057, 1.4243504081722727, 0.6036992060200165, -0.006704575423395744]","[0.1696145344115961, 1.4676019773282878, 1.7781341977346692, 1.4243958962722307, 0.6036955355146156, -0.006704937628837741]",1.7780774844946057,1.7781341977346692,0.02806968460265874,-0.058352843973185964,0.03103330646000929,False,False,0.0029603320847195747,-0.024299774026129022,1.3984490902230196e-06,nan,1.3984490902230196e-06,0.025614486613157794,-0.007940013073459519,-6.53334224193225e-07,nan,-6.53334224193225e-07,0.031034296292777874,-0.004513638889962496,9.898327685831099e-07,nan,9.898327685831099e-07,0.02486039824184605,-0.002624759608039866,7.939171147441915e-07,nan,7.939171147441915e-07,0.010536474774320403,0.43733605622847427,-6.406240445587519e-08,nan,-6.406240445587519e-08,-0.00011702323776408008,0.011447832777661815,-6.3216775314945545e-09,nan,-6.3216775314945545e-09
10.833,13.128473613000097,ARM_NEUTRALIZE,INITIAL_HOLD,ARM_NEUTRALIZE_PROFILE,0.007133017294108868,0.00721804378554225,0.06538005918264389,-0.018443290144205093,0.01132572628557682,0.0009005310712382197,-0.02038625441491604,0.014848828315734863,-0.01232153084129095,-0.02099317419728021,0.024807603223476183,-0.058352843973185964,-0.0008208842482417822,-0.008069202303886412,0.0074623250402510175,0.06948834508872548,0.06948834508872548,0.999333866053269,0.06948834508872548,nan,"[0.16958923899944744, 1.4676137949615413, 1.778116293451979, 1.4243815357490124, 0.6036966942875273, -0.006704823281136599]","[0.1696145344115961, 1.4676019773282878, 1.7781341977346692, 1.4243958962722307, 0.6036955355146156, -0.006704937628837741]",1.778116293451979,1.7781341977346692,0.02806968460265874,-0.058352843973185964,0.031033983804094722,False,False,0.0029603320847195747,-0.024299774026129022,4.4148822764267237e-07,nan,4.4148822764267237e-07,0.025614486613157794,-0.007940013073459519,-2.062566100691221e-07,nan,-2.062566100691221e-07,0.031034296292777874,-0.004513638889962496,3.1248868315181255e-07,nan,3.1248868315181255e-07,0.02486039824184605,-0.002624759608039866,2.506384124689731e-07,nan,2.506384124689731e-07,0.010536474774320403,0.43733605622847427,-2.0224402590141022e-08,nan,-2.0224402590141022e-08,-0.00011702323776408008,0.011447832777661815,-1.9957438770167035e-09,nan,-1.9957438770167035e-09
10.844,13.203711918999943,ARM_NEUTRALIZE,INITIAL_HOLD,ARM_NEUTRALIZE_PROFILE,0.007133017294108868,0.00721804378554225,0.06538005918264389,-0.018443290144205093,0.01132572628557682,0.0009005310712382197,-0.02038625441491604,0.014848828315734863,-0.01232153084129095,-0.02099317419728021,0.024807603223476183,-0.058352843973185964,-0.0008208842482417822,-0.008069202303886412,0.0074623250402510175,0.06948834508872548,0.06948834508872548,0.999333866053269,0.06948834508872548,nan,"[0.1518916703885197, 1.4669082448132584, 1.7798555144604953, 1.4257555199934926, 0.5722425721044985, -0.007176734973037408]","[0.15189278865109312, 1.466907722377929, 1.779856305975143, 1.425756154845203, 0.5722425208773285, -0.007176740028134114]",1.7798555144604953,1.779856305975143,0.02806968460265874,-0.058352843973185964,0.03106433893711319,False,False,0.0026510292719974515,-0.014795942548158855,1.951736380845226e-08,nan,1.951736380845226e-08,0.025602369578425765,-0.0024873256178392627,-9.118216626191611e-09,nan,-9.118216626191611e-09,0.03106435275164987,-0.002483523548167381,1.3814536681255873e-08,nan,1.3814536681255873e-08,0.024884139232622893,-0.0052525088900423015,1.1080252604322993e-08,nan,1.1080252604322993e-08,0.009987516109221772,-0.7768535245733625,-8.940827817688346e-10,nan,-8.940827817688346e-10,-0.00012525774305061077,0.01429640539503198,-8.822808152467165e-11,nan,-8.822808152467165e-11
10.855,13.278276158000153,ARM_NEUTRALIZE,INITIAL_HOLD,ARM_NEUTRALIZE_PROFILE,0.007133017294108868,0.00721804378554225,0.06538005918264389,-0.0184547770768404,0.011278754100203514,0.0008125544991344213,-0.0198325514793396,0.015311453491449356,-0.012904005125164986,-0.02098365200668106,0.02479077429473237,-0.05819954625729025,0.00041686504846438766,-0.005412368103861809,0.0032100845128297814,0.06957145427605058,0.06957145427605058,0.9994215028392945,0.06957145427605058,nan,"[0.15189278865109312, 1.466907722377929, 1.779856305975143, 1.425756154845203, 0.5722425208773285, -0.007176740028134114]","[0.15189278865109312, 1.466907722377929, 1.779856305975143, 1.425756154845203, 0.5722425208773285, -0.007176740028134114]",1.779856305975143,1.779856305975143,0.02818304551448896,-0.05819954625729025,0.03106435275164987,False,False,0.0026510292719974515,-0.014795942548158855,0.0,nan,0.0,0.025602369578425765,-0.0024873256178392627,0.0,nan,0.0,0.03106435275164987,-0.002483523548167381,0.0,nan,0.0,0.024884139232622893,-0.0052525088900423015,0.0,nan,0.0,0.009987516109221772,-0.7768535245733625,0.0,nan,0.0,-0.00012525774305061077,0.01429640539503198,0.0,nan,0.0
10.888,13.353765851999924,ARM_NEUTRALIZE,INITIAL_HOLD,ARM_NEUTRALIZE_PROFILE,0.007133017294108868,0.00721804378554225,0.06538005918264389,-0.018498802557587624,0.011215961538255215,0.000689601234626025,-0.02101087011396885,0.014618497341871262,-0.012777084484696388,-0.02098588571632832,0.024796079918232204,-0.058066879650648745,-0.0015973520930856466,-0.007036981638520956,-0.0014334046281874171,0.06969812683847068,0.06969812683847068,0.9995445345605682,0.06969812683847068,nan,"[0.12040243746000916, 1.4641751720022145, 1.7826375383745374, 1.4283310672129101, 0.5724373610845134, -0.006703864073926779]","[0.12040243746000916, 1.4641751720022145, 1.7826375383745374, 1.4283310672129101, 0.5724373610845134, -0.006703864073926779]",1.7826375383745374,1.7826375383745374,0.02860788379816717,-0.05806687965064875,0.031112894414282444,False,False,0.002101418961103718,-0.014339683231303798,0.0,nan,0.0,0.025554677577392937,-0.00023086508732843292,0.0,nan,0.0,0.031112894414282444,0.0003505354947211732,0.0,nan,0.0,0.024929079931389708,-0.002133769304814951,0.0,nan,0.0,0.009990916712352416,-0.7627845897875225,0.0,nan,0.0,-0.00011700450069618284,0.014491096914525221,0.0,nan,0.0
10.891,13.451747172000069,ARM_NEUTRALIZE,INITIAL_HOLD,ARM_NEUTRALIZE_PROFILE,0.007133017294108868,0.00721804378554225,0.06538005918264389,-0.018498802557587624,0.011215961538255215,0.000689601234626025,-0.02101087011396885,0.014618497341871262,-0.012777084484696388,-0.02098588571632832,0.024796079918232204,-0.058066879650648745,-0.0015973520930856466,-0.007036981638520956,-0.0014334046281874171,0.06969812683847068,0.06969812683847068,0.9995445345605682,0.06969812683847068,nan,"[0.12040243746000916, 1.4641751720022145, 1.7826375383745374, 1.4283310672129101, 0.5724373610845134, -0.006703864073926779]","[0.12040243746000916, 1.4641751720022145, 1.7826375383745374, 1.4283310672129101, 0.5724373610845134, -0.006703864073926779]",1.7826375383745374,1.7826375383745374,0.02860788379816717,-0.05806687965064875,0.031112894414282444,False,False,0.002101418961103718,-0.014339683231303798,0.0,nan,0.0,0.025554677577392937,-0.00023086508732843292,0.0,nan,0.0,0.031112894414282444,0.0003505354947211732,0.0,nan,0.0,0.024929079931389708,-0.002133769304814951,0.0,nan,0.0,0.009990916712352416,-0.7627845897875225,0.0,nan,0.0,-0.00011700450069618284,0.014491096914525221,0.0,nan,0.0
10.906,13.533225278999453,ARM_NEUTRALIZE,INITIAL_HOLD,ARM_NEUTRALIZE_PROFILE,0.007133017294108868,0.00721804378554225,0.06538005918264389,-0.018564768135547638,0.011208235286176205,0.0007962380768731236,-0.022062908858060837,0.014509079046547413,-0.012181838043034077,-0.02099378321226872,0.024785877010173128,-0.058053458861283984,-0.0015973520930856466,-0.007036981638520956,-0.0014334046281874171,0.0696230403876662,0.0696230403876662,0.9994390591704357,0.0696230403876662,nan,"[0.10721464659391204, 1.462771838447801, 1.7837186121798174, 1.4293384632749038, 0.6025957073457123, -0.005984176694567758]","[0.10721464659391204, 1.462771838447801, 1.7837186121798174, 1.4293384632749038, 0.6025957073457123, -0.005984176694567758]",1.7837186121798174,1.7837186121798174,0.029080620697721923,-0.058053458861283984,0.031131762711641642,False,False,0.001871248589425889,-0.02040346958152973,0.0,nan,0.0,0.025530184786364707,-0.004376564331313047,0.0,nan,0.0,0.031131762711641642,-0.000640477590720159,0.0,nan,0.0,0.02494666230954312,0.0015747620327908156,0.0,nan,0.0,0.01051727915156686,0.4772747840786672,0.0,nan,0.0,-0.00010444358634131845,0.004424587832966322,0.0,nan,0.0
10.906,13.606491978999657,ARM_NEUTRALIZE,INITIAL_HOLD,ARM_NEUTRALIZE_PROFILE,0.007133017294108868,0.00721804378554225,0.06538005918264389,-0.018564768135547638,0.011208235286176205,0.0007962380768731236,-0.022062908858060837,0.014509079046547413,-0.012181838043034077,-0.02099378321226872,0.024785877010173128,-0.058053458861283984,-0.0015973520930856466,-0.007036981638520956,-0.0014334046281874171,0.0696230403876662,0.0696230403876662,0.9994390591704357,0.0696230403876662,nan,"[0.10721464659391204, 1.462771838447801, 1.7837186121798174, 1.4293384632749038, 0.6025957073457123, -0.005984176694567758]","[0.10721464659391204, 1.462771838447801, 1.7837186121798174, 1.4293384632749038, 0.6025957073457123, -0.005984176694567758]",1.7837186121798174,1.7837186121798174,0.029080620697721923,-0.058053458861283984,0.031131762711641642,False,False,0.001871248589425889,-0.02040346958152973,0.0,nan,0.0,0.025530184786364707,-0.004376564331313047,0.0,nan,0.0,0.031131762711641642,-0.000640477590720159,0.0,nan,0.0,0.02494666230954312,0.0015747620327908156,0.0,nan,0.0,0.01051727915156686,0.4772747840786672,0.0,nan,0.0,-0.00010444358634131845,0.004424587832966322,0.0,nan,0.0
10.932,13.68730651900023,ARM_NEUTRALIZE,INITIAL_HOLD,ARM_NEUTRALIZE_PROFILE,0.007133017294108868,0.00721804378554225,0.06538005918264389,-0.018574919551610947,0.01115703396499157,0.0009433616069145501,-0.02113158255815506,0.013940845616161823,-0.012305669486522675,-0.020920306552369042,0.024785028459792757,-0.05797981526787635,0.00551812257617712,-0.0005321212811395517,0.007055959664285183,0.06948742083977012,0.06948742083977012,0.999291585955039,0.06948742083977012,nan,"[0.09754239662127005, 1.462256771791898, 1.7858366898609503, 1.431693303125247, 0.5764463661948247, -0.00475365350942545]","[0.09754239662127005, 1.462256771791898, 1.7858366898609503, 1.431693303125247, 0.5764463661948247, -0.00475365350942545]",1.7858366898609503,1.7858366898609503,0.0281481874979068,-0.05797981526787635,0.03116873014099042,False,False,0.0017024359813273549,-0.0181682241444179,0.0,nan,0.0,0.025521195177351963,0.010648298568423828,0.0,nan,0.0,0.03116873014099042,0.010906717990094975,0.0,nan,0.0,0.024987762018288784,0.00847257327881435,0.0,nan,0.0,0.010060887051256628,-0.6254228380101563,0.0,nan,0.0,-8.29669052384574e-05,-0.0026013542444305038,0.0,nan,0.0
10.943,13.764245043999836,ARM_NEUTRALIZE,INITIAL_HOLD,ARM_NEUTRALIZE_PROFILE,0.007133017294108868,0.00721804378554225,0.06538005918264389,-0.018574919551610947,0.01115703396499157,0.0009433616069145501,-0.02113158255815506,0.013940845616161823,-0.012305669486522675,-0.020920306552369042,0.024785028459792757,-0.05797981526787635,0.00551812257617712,-0.0005321212811395517,0.007055959664285183,0.06948742083977012,0.06948742083977012,0.999291585955039,0.06948742083977012,nan,"[0.08967180249678576, 1.4602193252113462, 1.7858828705561278, 1.431103245958983, 0.5752929266925434, -0.007699611545945257]","[0.08967180249678576, 1.4602193252113462, 1.7858828705561278, 1.431103245958983, 0.5752929266925434, -0.007699611545945257]",1.7858828705561278,1.7858828705561278,0.0281481874979068,-0.05797981526787635,0.031169536146172128,False,False,0.0015650681997669835,-0.011271816717213435,0.0,nan,0.0,0.025485635026187836,-0.0018942724920277846,0.0,nan,0.0,0.031169536146172128,-0.0021991474764685662,0.0,nan,0.0,0.02497746357796249,-0.004890629564591299,0.0,nan,0.0,0.010040755734219253,-0.7313332785252062,0.0,nan,0.0,-0.0001343835726013154,0.012340644645826706,0.0,nan,0.0
10.953,13.842450608000036,ARM_NEUTRALIZE,INITIAL_HOLD,ARM_NEUTRALIZE_PROFILE,0.007133017294108868,0.00721804378554225,0.06538005918264389,-0.018549276515841484,0.011000040918588638,0.001165203982964158,-0.022096998989582062,0.011639278382062912,-0.012803241610527039,-0.020817417727857748,0.02487719103669983,-0.05784683613942212,0.003346955170854926,-0.008780199103057384,0.0010845332872122537,0.06926349215835728,0.06926349215835728,0.9990675784419517,0.06926349215835728,nan,"[0.08967180249678576, 1.4602193252113462, 1.7858828705561278, 1.431103245958983, 0.5752929266925434, -0.007699611545945257]","[0.08967180249678576, 1.4602193252113462, 1.7858828705561278, 1.431103245958983, 0.5752929266925434, -0.007699611545945257]",1.7858828705561278,1.7858828705561278,0.028065515518840532,-0.05784683613942212,0.031169536146172128,False,False,0.0015650681997669835,-0.011271816717213435,0.0,nan,0.0,0.025485635026187836,-0.0018942724920277846,0.0,nan,0.0,0.031169536146172128,-0.0021991474764685662,0.0,nan,0.0,0.02497746357796249,-0.004890629564591299,0.0,nan,0.0,0.010040755734219253,-0.7313332785252062,0.0,nan,0.0,-0.0001343835726013154,0.012340644645826706,0.0,nan,0.0
10.969,13.920349586000157,ARM_NEUTRALIZE,INITIAL_HOLD,ARM_NEUTRALIZE_PROFILE,0.007133017294108868,0.00721804378554225,0.06538005918264389,-0.01854838989675045,0.010889354161918163,0.0013060106430202723,-0.02241664193570614,0.011127346195280552,-0.013403883203864098,-0.020743626004325742,0.024875504264643737,-0.05773607057355886,-0.0024116565473377705,-0.005150974728167057,0.0016783263999968774,0.06912667279307207,0.06912667279307207,0.9989255753956772,0.06912667279307207,nan,"[0.08558904836309011, 1.4583275499081199, 1.7866404201789439, 1.4323568385477616, 0.6037953000678098, -0.007053299405840976]","[0.08558904836309011, 1.4583275499081199, 1.7866404201789439, 1.4323568385477616, 0.6037953000678098, -0.007053299405840976]",1.7866404201789439,1.7866404201789439,0.02838992345826444,-0.05773607057355886,0.03118275788133751,False,False,0.0014938106975845855,-0.021227164143965284,0.0,nan,0.0,0.02545261731843862,-0.00790543148185524,0.0,nan,0.0,0.03118275788133751,-0.004737135377159652,0.0,nan,0.0,0.024999342896115273,-0.0026988531656789543,0.0,nan,0.0,0.010538215994250422,0.48772371299103934,0.0,nan,0.0,-0.0001231032977608848,0.009584692032276349,0.0,nan,0.0
10.972,13.997799886999928,ARM_NEUTRALIZE,INITIAL_HOLD,ARM_NEUTRALIZE_PROFILE,0.007133017294108868,0.00721804378554225,0.06538005918264389,-0.01854838989675045,0.010889354161918163,0.0013060106430202723,-0.02241664193570614,0.011127346195280552,-0.013403883203864098,-0.020743626004325742,0.024875504264643737,-0.05773607057355886,-0.0024116565473377705,-0.005150974728167057,0.0016783263999968774,0.06912667279307207,0.06912667279307207,0.9989255753956772,0.06912667279307207,nan,"[0.08558904836309011, 1.4583275499081199, 1.7866404201789439, 1.4323568385477616, 0.6037953000678098, -0.007053299405840976]","[0.08558904836309011, 1.4583275499081199, 1.7866404201789439, 1.4323568385477616, 0.6037953000678098, -0.007053299405840976]",1.7866404201789439,1.7866404201789439,0.02838992345826444,-0.05773607057355886,0.03118275788133751,False,False,0.0014938106975845855,-0.021227164143965284,0.0,nan,0.0,0.02545261731843862,-0.00790543148185524,0.0,nan,0.0,0.03118275788133751,-0.004737135377159652,0.0,nan,0.0,0.024999342896115273,-0.0026988531656789543,0.0,nan,0.0,0.010538215994250422,0.48772371299103934,0.0,nan,0.0,-0.0001231032977608848,0.009584692032276349,0.0,nan,0.0
10.986,14.072976894000021,ARM_NEUTRALIZE,INITIAL_HOLD,ARM_NEUTRALIZE_PROFILE,0.007133017294108868,0.00721804378554225,0.06538005918264389,-0.018575020134449005,0.010741259902715683,0.0014522087294608355,-0.023482220247387886,0.011524061672389507,-0.013521897606551647,-0.020772028836623206,0.024936193867805517,-0.05768217649438929,-0.0024116565473377705,-0.005150974728167057,0.0016783263999968774,0.06899337869535728,0.06899337869535728,0.9987783024718574,0.06899337869535728,nan,"[-0.08703300374907795, 1.4580666596124336, 1.7883083587079107, 1.4333400078471035, 0.5752418415948201, -0.007585489562673136]","[-0.08703300374907795, 1.4580666596124336, 1.7883083587079107, 1.4333400078471035, 0.5752418415948201, -0.007585489562673136]",1.7883083587079107,1.7883083587079107,0.029445889017958648,-0.05768217649438929,0.03121186890038885,False,False,-0.001519012473321979,-0.011677066450789975,0.0,nan,0.0,0.025448063923792397,-0.0012751831164505218,0.0,nan,0.0,0.03121186890038885,-0.001678001534445609,0.0,nan,0.0,0.025016502437493315,-0.003983646581497677,0.0,nan,0.0,0.01003986413106528,-0.7286015943792664,0.0,nan,0.0,-0.00013239176824431098,0.012902561913467604,0.0,nan,0.0
10.994,14.148540283999864,ARM_NEUTRALIZE,INITIAL_HOLD,ARM_NEUTRALIZE_PROFILE,0.007133017294108868,0.00721804378554225,0.06538005918264389,-0.018575020134449005,0.010741259902715683,0.0014522087294608355,-0.023482220247387886,0.011524061672389507,-0.013521897606551647,-0.020772028836623206,0.024936193867805517,-0.05768217649438929,0.00643516518175602,-0.0069970889016985885,0.008176335133612156,0.06899337869535728,0.06899337869535728,0.9987783024718574,0.06899337869535728,nan,"[-0.08703300374907795, 1.4580666596124336, 1.7883083587079107, 1.4333400078471035, 0.5752418415948201, -0.007585489562673136]","[-0.08703300374907795, 1.4580666596124336, 1.7883083587079107, 1.4333400078471035, 0.5752418415948201, -0.007585489562673136]",1.7883083587079107,1.7883083587079107,0.029445889017958648,-0.05768217649438929,0.03121186890038885,False,False,-0.001519012473321979,-0.011677066450789975,0.0,nan,0.0,0.025448063923792397,-0.0012751831164505218,0.0,nan,0.0,0.03121186890038885,-0.001678001534445609,0.0,nan,0.0,0.025016502437493315,-0.003983646581497677,0.0,nan,0.0,0.01003986413106528,-0.7286015943792664,0.0,nan,0.0,-0.00013239176824431098,0.012902561913467604,0.0,nan,0.0
10.995,14.22210326899949,ARM_NEUTRALIZE,INITIAL_HOLD,ARM_NEUTRALIZE_PROFILE,0.007133017294108868,0.00721804378554225,0.06538005918264389,-0.018575020134449005,0.010741259902715683,0.0014522087294608355,-0.023482220247387886,0.011524061672389507,-0.013521897606551647,-0.020772028836623206,0.024936193867805517,-0.05768217649438929,0.00643516518175602,-0.0069970889016985885,0.008176335133612156,0.06899337869535728,0.06899337869535728,0.9987783024718574,0.06899337869535728,nan,"[-0.08703300374907795, 1.4580666596124336, 1.7883083587079107, 1.4333400078471035, 0.5752418415948201, -0.007585489562673136]","[-0.08703300374907795, 1.4580666596124336, 1.7883083587079107, 1.4333400078471035, 0.5752418415948201, -0.007585489562673136]",1.7883083587079107,1.7883083587079107,0.029445889017958648,-0.05768217649438929,0.03121186890038885,False,False,-0.001519012473321979,-0.011677066450789975,0.0,nan,0.0,0.025448063923792397,-0.0012751831164505218,0.0,nan,0.0,0.03121186890038885,-0.001678001534445609,0.0,nan,0.0,0.025016502437493315,-0.003983646581497677,0.0,nan,0.0,0.01003986413106528,-0.7286015943792664,0.0,nan,0.0,-0.00013239176824431098,0.012902561913467604,0.0,nan,0.0
11.012,14.301843057999577,ARM_NEUTRALIZE,INITIAL_HOLD,ARM_NEUTRALIZE_PROFILE,0.007133017294108868,0.00721804378554225,0.06538005918264389,-0.018610920757055283,0.010666826739907265,0.0015554005512967706,-0.023854339495301247,0.011455279774963856,-0.012742371298372746,-0.020662429444830547,0.024946558809200478,-0.0575451012187267,0.0016629936872050166,-0.005479541141539812,0.0005244497442618019,0.06890741251604568,0.06890741251604568,0.9986750050604081,0.06890741251604568,nan,"[-0.09031261117646297, 1.4565826475152674, 1.7890148732133084, 1.4341946120685445, 0.6025973414045332, -0.006734788192553874]","[-0.09031261117646297, 1.4565826475152674, 1.7890148732133084, 1.4341946120685445, 0.6025973414045332, -0.006734788192553874]",1.7890148732133084,1.7890148732133084,0.029370409833459565,-0.0575451012187267,0.03122419990472114,False,False,-0.0015762524211027085,-0.01695949671144273,0.0,nan,0.0,0.02542216302655742,-0.0077721054108850565,0.0,nan,0.0,0.03122419990472114,-0.004649751779827058,0.0,nan,0.0,0.0250314180949589,-0.00283486602658797,0.0,nan,0.0,0.010517307671273457,0.4685993451466497,0.0,nan,0.0,-0.00011754422838450296,0.00991928153469646,0.0,nan,0.0
11.044,14.381414855999537,ARM_NEUTRALIZE,INITIAL_HOLD,ARM_NEUTRALIZE_PROFILE,0.007133017294108868,0.00721804378554225,0.06538005918264389,-0.018664060160517693,0.010566351003944874,0.0018994449637830257,-0.023298542946577072,0.010837213136255741,-0.012834466062486172,-0.020641686456359054,0.02494756281536516,-0.057457133770327844,0.002060510916635394,-0.00674636848270893,0.007879684679210186,0.06860385374038873,0.06860385374038873,0.9983309635981539,0.06860385374038873,nan,"[-0.10190298764256486, 1.4552023835017376, 1.7912771947531763, 1.4359280802084926, 0.5725393121212188, -0.007190959889400603]","[-0.10190298764256486, 1.4552023835017376, 1.7912771947531763, 1.4359280802084926, 0.5725393121212188, -0.007190959889400603]",1.7912771947531763,1.7912771947531763,0.028722653274083847,-0.057457133770327844,0.03126368486433062,False,False,-0.0017785426519818515,-0.013971797374084206,0.0,nan,0.0,0.02539807287497453,-0.001172506052586981,0.0,nan,0.0,0.03126368486433062,-0.001762030088967051,0.0,nan,0.0,0.02506167282147942,-0.003828507769670368,0.0,nan,0.0,0.009992696093618747,-0.7258998237790042,0.0,nan,0.0,-0.0001255059264488878,0.011061426109861217,0.0,nan,0.0
11.054,14.471476353000071,ARM_NEUTRALIZE,INITIAL_HOLD,ARM_NEUTRALIZE_PROFILE,0.007133017294108868,0.00721804378554225,0.06538005918264389,-0.01870122179389,0.010507270693778992,0.002171484287828207,-0.023617934435606003,0.010649439878761768,-0.013547703623771667,-0.020581732246110627,0.024947949705122072,-0.05728761103296509,0.0041846614331007,-0.004677835851907729,0.006232723128050567,0.06836337369632427,0.06836337369632427,0.9980590589751552,0.06836337369632427,nan,"[-0.10190298764256486, 1.4552023835017376, 1.7912771947531763, 1.4359280802084926, 0.5725393121212188, -0.007190959889400603]","[-0.10190298764256486, 1.4552023835017376, 1.7912771947531763, 1.4359280802084926, 0.5725393121212188, -0.007190959889400603]",1.7912771947531763,1.7912771947531763,0.02923623898885596,-0.05728761103296509,0.03126368486433062,False,False,-0.0017785426519818515,-0.013971797374084206,0.0,nan,0.0,0.02539807287497453,-0.001172506052586981,0.0,nan,0.0,0.03126368486433062,-0.001762030088967051,0.0,nan,0.0,0.02506167282147942,-0.003828507769670368,0.0,nan,0.0,0.009992696093618747,-0.7258998237790042,0.0,nan,0.0,-0.0001255059264488878,0.011061426109861217,0.0,nan,0.0
11.069,14.552575077000256,ARM_NEUTRALIZE,INITIAL_HOLD,ARM_NEUTRALIZE_PROFILE,0.007133017294108868,0.00721804378554225,0.06538005918264389,-0.01876758597791195,0.010430815629661083,0.0024870093911886215,-0.02372019551694393,0.009975219145417213,-0.015187716111540794,-0.02053850751361403,0.025007022959204053,-0.05716387649475251,0.006248872727155685,-0.00406345585361123,0.00530130509287119,0.06809330998598503,0.06809330998598503,0.9977440506620288,0.06809330998598503,nan,"[-0.10882287759779904, 1.454330212545104, 1.792150381346311, 1.4366775535269714, 0.5975371112636597, -0.005847395395657844]","[-0.10882287759779904, 1.454330212545104, 1.792150381346311, 1.4366775535269714, 0.5975371112636597, -0.005847395395657844]",1.792150381346311,1.792150381346311,0.02988008355152142,-0.05716387649475251,0.0312789248453651,False,False,-0.0018993175155763709,-0.015205487428864132,0.0,nan,0.0,0.025382850620141006,-0.009223413219639352,0.0,nan,0.0,0.0312789248453651,-0.0067836896236075726,0.0,nan,0.0,0.02507475359854272,-0.005817177686121149,0.0,nan,0.0,0.010428989994406557,0.4541791880958442,0.0,nan,0.0,-0.00010205630232018592,0.0029852691194115037,0.0,nan,0.0
11.069,14.631028327999957,ARM_NEUTRALIZE,INITIAL_HOLD,ARM_NEUTRALIZE_PROFILE,0.007133017294108868,0.00721804378554225,0.06538005918264389,-0.01876758597791195,0.010430815629661083,0.0024870093911886215,-0.02372019551694393,0.009975219145417213,-0.015187716111540794,-0.02053850751361403,0.025007022959204053,-0.05716387649475251,0.006248872727155685,-0.00406345585361123,0.00530130509287119,0.06809330998598503,0.06809330998598503,0.9977440506620288,0.06809330998598503,nan,"[-0.10882287759779904, 1.454330212545104, 1.792150381346311, 1.4366775535269714, 0.5975371112636597, -0.005847395395657844]","[-0.10882287759779904, 1.454330212545104, 1.792150381346311, 1.4366775535269714, 0.5975371112636597, -0.005847395395657844]",1.792150381346311,1.792150381346311,0.02988008355152142,-0.05716387649475251,0.0312789248453651,False,False,-0.0018993175155763709,-0.015205487428864132,0.0,nan,0.0,0.025382850620141006,-0.009223413219639352,0.0,nan,0.0,0.0312789248453651,-0.0067836896236075726,0.0,nan,0.0,0.02507475359854272,-0.005817177686121149,0.0,nan,0.0,0.010428989994406557,0.4541791880958442,0.0,nan,0.0,-0.00010205630232018592,0.0029852691194115037,0.0,nan,0.0
11.1,14.713232099999914,ARM_NEUTRALIZE,INITIAL_HOLD,ARM_NEUTRALIZE_PROFILE,0.007133017294108868,0.00721804378554225,0.06538005918264389,-0.018817033618688583,0.010383357293903828,0.0026044489350169897,-0.02328435517847538,0.00969404075294733,-0.01477704755961895,-0.020410454355925412,0.025037365034827522,-0.056987726613896096,0.0032397902105003595,-0.004009007476270199,0.0031059975735843186,0.06800148229226298,0.06800148229226298,0.9976270746862882,0.06800148229226298,nan,"[-0.12602389733800057, 1.452649652543542, 1.7939597584779647, 1.438272512559057, 0.573797668308573, -0.007153802305873724]","[-0.12602389733800057, 1.452649652543542, 1.7939597584779647, 1.438272512559057, 0.573797668308573, -0.007153802305873724]",1.7939597584779647,1.7939597584779647,0.029231776490258633,-0.056987726613896096,0.03131050443372274,False,False,-0.002199531944743427,-0.014223995577639368,0.0,nan,0.0,0.025353519314836426,-0.0009180356403274694,0.0,nan,0.0,0.03131050443372274,-0.0017287846336257063,0.0,nan,0.0,0.02510259088508704,-0.0036565918484572765,0.0,nan,0.0,0.010014658552250921,-0.7188197351645303,0.0,nan,0.0,-0.00012485740427425895,0.010906981728710383,0.0,nan,0.0
11.102,14.788360511000064,ARM_NEUTRALIZE,INITIAL_HOLD,ARM_NEUTRALIZE_PROFILE,0.007133017294108868,0.00721804378554225,0.06538005918264389,-0.018817033618688583,0.010383357293903828,0.0026044489350169897,-0.02328435517847538,0.00969404075294733,-0.01477704755961895,-0.020410454355925412,0.025037365034827522,-0.056987726613896096,0.0032397902105003595,-0.004009007476270199,0.0031059975735843186,0.06800148229226298,0.06800148229226298,0.9976270746862882,0.06800148229226298,nan,"[-0.12602389733800057, 1.452649652543542, 1.7939597584779647, 1.438272512559057, 0.573797668308573, -0.007153802305873724]","[-0.12602389733800057, 1.452649652543542, 1.7939597584779647, 1.438272512559057, 0.573797668308573, -0.007153802305873724]",1.7939597584779647,1.7939597584779647,0.029231776490258633,-0.056987726613896096,0.03131050443372274,False,False,-0.002199531944743427,-0.014223995577639368,0.0,nan,0.0,0.025353519314836426,-0.0009180356403274694,0.0,nan,0.0,0.03131050443372274,-0.0017287846336257063,0.0,nan,0.0,0.02510259088508704,-0.0036565918484572765,0.0,nan,0.0,0.010014658552250921,-0.7188197351645303,0.0,nan,0.0,-0.00012485740427425895,0.010906981728710383,0.0,nan,0.0
11.12,14.866784562999783,ARM_NEUTRALIZE,INITIAL_HOLD,ARM_NEUTRALIZE_PROFILE,0.007133017294108868,0.00721804378554225,0.06538005918264389,-0.01890501379966736,0.01032803114503622,0.0027757780626416206,-0.024103013798594475,0.009611462242901325,-0.015439157374203205,-0.02035636304052309,0.025060902496255293,-0.056891132524033626,-0.0023705570492893457,-0.007028172723948955,0.0063193095847964295,0.06787449520378727,0.06787449520378727,0.9974568745528141,0.06787449520378727,nan,"[-0.13366179909328535, 1.4518098627012996, 1.7944267732676857, 1.4384090958800917, 0.5721389405469346, -0.0070592080965162386]","[-0.13366179909328535, 1.4518098627012996, 1.7944267732676857, 1.4384090958800917, 0.5721389405469346, -0.0070592080965162386]",1.7944267732676857,1.7944267732676857,0.030194421025205413,-0.056891132524033626,0.03131865537945888,False,False,-0.002332838478317001,-0.004853844557290578,0.0,nan,0.0,0.025338862217064495,-0.0010238961699430762,0.0,nan,0.0,0.03131865537945888,-0.0018612037583870642,0.0,nan,0.0,0.0251049747137424,-0.004351774961157722,0.0,nan,0.0,0.009985708291416096,-0.7037839856873711,0.0,nan,0.0,-0.00012320642386765002,0.01006604688681009,0.0,nan,0.0
11.151,14.939918467999632,ARM_NEUTRALIZE,INITIAL_HOLD,ARM_NEUTRALIZE_PROFILE,0.007133017294108868,0.00721804378554225,0.06538005918264389,-0.018939459696412086,0.010134303011000156,0.00309770624153316,-0.024982871487736702,0.009165538474917412,-0.015265916474163532,-0.02041317536361822,0.02507008307911174,-0.056683223318044186,0.001077327411621809,-0.013939503580331802,0.001561791170388462,0.06758232100314696,0.06758232100314696,0.9971336873920184,0.06758232100314696,nan,"[-0.1428882861944638, 1.4505749008838607, 1.7950129947635254, 1.4393394226552798, 0.6014315341873366, -0.006772022678025397]","[-0.1428882861944638, 1.4505749008838607, 1.7950129947635254, 1.4393394226552798, 0.6014315341873366, -0.006772022678025397]",1.7950129947635254,1.7950129947635254,0.030678969492212355,-0.056683223318044186,0.03132888687470725,False,False,-0.002493871056625352,-0.015735745214508542,0.0,nan,0.0,0.025317308067213773,-0.00728692971309522,0.0,nan,0.0,0.03132888687470725,-0.004745246446344865,0.0,nan,0.0,0.025121211979088898,-0.0027412976033739725,0.0,nan,0.0,0.010496960496889862,0.5062601452450283,0.0,nan,0.0,-0.00011819409275126702,0.007090297101967499,0.0,nan,0.0
11.182,15.016380514000048,ARM_NEUTRALIZE,INITIAL_HOLD,ARM_NEUTRALIZE_PROFILE,0.007133017294108868,0.00721804378554225,0.06538005918264389,-0.018955035135149956,0.01004983950406313,0.003120133653283119,-0.02499963343143463,0.009067442268133163,-0.01592521369457245,-0.02038930414796605,0.024951409537101926,-0.05658315490641419,-0.0022738471161574125,-0.00103542860597372,0.005146431736648083,0.06756407235702078,0.06756407235702078,0.9971107062701113,0.06756407235702078,nan,"[-0.16189210668734616, 1.449773992473366, 1.7968262539278108, 1.4405887174244338, 0.5726199226883426, -0.006921644182535406]","[-0.16189210668734616, 1.449773992473366, 1.7968262539278108, 1.4405887174244338, 0.5726199226883426, -0.006921644182535406]",1.7968262539278108,1.7968262539278108,0.030996977468937675,-0.05658315490641419,0.031360534217315994,False,False,-0.0028255502946841204,-0.004060278836652113,0.0,nan,0.0,0.025303329578443723,-0.0008443622222069199,0.0,nan,0.0,0.031360534217315994,-0.001836003426126536,0.0,nan,0.0,0.025143016286138575,-0.004344187866559331,0.0,nan,0.0,0.009994103013426958,-0.6894239525420416,0.0,nan,0.0,-0.00012080548063675423,0.009318110239892879,0.0,nan,0.0
11.22,15.095251943999756,ARM_NEUTRALIZE,INITIAL_HOLD,ARM_NEUTRALIZE_PROFILE,0.007133017294108868,0.00721804378554225,0.06538005918264389,-0.019008737057447433,0.009901145473122597,0.0032759648747742176,-0.02481948956847191,0.009466368705034256,-0.016748687252402306,-0.020304009720389496,0.02510490239113278,-0.05652717615897152,0.0014149199705570936,-0.007404953241348266,0.00394668709486723,0.06743521991544017,0.06743521991544017,0.9969544457810053,0.06743521991544017,nan,"[-0.18000895346446374, 1.4478178045778498, 1.7976587858804995, 1.441642946494134, 0.6010753480229237, -0.0067553386893474425]","[-0.18000895346446374, 1.4478178045778498, 1.7976587858804995, 1.441642946494134, 0.6010753480229237, -0.0067553386893474425]",1.7976587858804995,1.7976587858804995,0.031402829865760845,-0.05652717615897152,0.03137506464101847,False,False,-0.0031417489210241456,-0.014670694898545219,0.0,nan,0.0,0.02526918765887931,-0.0071023697837325605,0.0,nan,0.0,0.03137506464101847,-0.004807017433082417,0.0,nan,0.0,0.025161416054475083,-0.0029738873178280015,0.0,nan,0.0,0.010490743875570807,0.5250736348340296,0.0,nan,0.0,-0.00011790290221647126,0.006060861320915005,0.0,nan,0.0
11.255,15.174399460999666,ARM_NEUTRALIZE,INITIAL_HOLD,ARM_NEUTRALIZE_PROFILE,0.007133017294108868,0.00721804378554225,0.06538005918264389,-0.019104834645986557,0.00977641623467207,0.0030881352722644806,-0.025107353925704956,0.007559535559266806,-0.018470004200935364,-0.020264084478260024,0.025088509842816374,-0.05643835459364884,0.0038712748792022467,-0.006164073944091797,0.002771371742710472,0.0676406233596005,0.0676406233596005,0.997142837840284,0.0676406233596005,nan,"[-0.18987032538395807, 1.4478088790698909, 1.7988825301712874, 1.4424979290819424, 0.5726329063243893, -0.006064009047032597]","[-0.18987032538395807, 1.4478088790698909, 1.7988825301712874, 1.4424979290819424, 0.5726329063243893, -0.006064009047032597]",1.7988825301712874,1.7988825301712874,0.03207283670343179,-0.056438354593648835,0.0313964230080952,False,False,-0.003313862329783035,-0.005327878812537937,0.0,nan,0.0,0.025269031879378012,0.0012089724163744208,0.0,nan,0.0,0.0313964230080952,0.000502603173993248,0.0,nan,0.0,0.02517633831567956,-0.00182184757963741,0.0,nan,0.0,0.009994329620624853,-0.6947053279897341,0.0,nan,0.0,-0.00010583692374144249,0.011782265717596024,0.0,nan,0.0
11.29,15.252234341000076,ARM_NEUTRALIZE,INITIAL_HOLD,ARM_NEUTRALIZE_PROFILE,0.007133017294108868,0.00721804378554225,0.06538005918264389,-0.019207701086997986,0.009658372029662132,0.0030206458177417517,-0.02341815084218979,0.006598460953682661,-0.02080802619457245,-0.020148657148095522,0.02509085199332969,-0.0563365386480044,-0.003766779787838459,-0.006278725340962409,0.0058727189898490914,0.0677383575383,0.0677383575383,0.9972111374212502,0.0677383575383,nan,"[-0.20550296703112494, 1.4467784692250378, 1.7996249555510186, 1.4426321695531688, 0.5713755213724332, -0.006901686174632785]","[-0.20550296703112494, 1.4467784692250378, 1.7996249555510186, 1.4426321695531688, 0.5713755213724332, -0.006901686174632785]",1.7996249555510186,1.7996249555510186,0.032014425341380756,-0.0563365386480044,0.03140938077542188,False,False,-0.0035867033973104867,-0.003284687475374533,0.0,nan,0.0,0.025251047834940366,-0.0007876748586396516,0.0,nan,0.0,0.03140938077542188,-0.0019660186495920723,0.0,nan,0.0,0.025178681253891888,-0.004445232855956931,0.0,nan,0.0,0.00997238411324819,-0.6946249571941832,0.0,nan,0.0,-0.00012045714768671445,0.009331954713651985,0.0,nan,0.0
11.333,15.334323916999892,ARM_NEUTRALIZE,INITIAL_HOLD,ARM_NEUTRALIZE_PROFILE,0.007133017294108868,0.00721804378554225,0.06538005918264389,-0.019271140918135643,0.009507008828222752,0.003279451746493578,-0.024795671924948692,0.006642818916589022,-0.020393507555127144,-0.02017006578701282,0.02507068098248067,-0.056171215741207065,0.003455123398452997,-0.007569491863250732,0.0014025229029357442,0.06751965918014323,0.06751965918014323,0.9969521610387918,0.06751965918014323,nan,"[-0.2248271005144479, 1.4453879498682438, 1.8009541888601628, 1.4447155805537242, 0.5771844634619039, -0.005144473172935805]","[-0.2248271005144479, 1.4453879498682438, 1.8009541888601628, 1.4447155805537242, 0.5771844634619039, -0.005144473172935805]",1.8009541888601628,1.8009541888601628,0.03278486754234809,-0.05617121574120706,0.03143258027319362,False,False,-0.003923973151689353,-0.012288195907186368,0.0,nan,0.0,0.025226778693851593,0.009595961858962882,0.0,nan,0.0,0.03143258027319362,0.008969670160215392,0.0,nan,0.0,0.02521504363552385,0.007161570035737114,0.0,nan,0.0,0.01007376927876713,-0.7110774896349652,0.0,nan,0.0,-8.978799514824942e-05,-0.004732965559346141,0.0,nan,0.0
11.366,15.41457918099968,ARM_NEUTRALIZE,INITIAL_HOLD,ARM_NEUTRALIZE_PROFILE,0.007133017294108868,0.00721804378554225,0.06538005918264389,-0.019155269488692284,0.009182337671518326,0.0034079686738550663,-0.024091804400086403,0.0073056090623140335,-0.020770147442817688,-0.020035714829951295,0.02519743348488707,-0.05612391493580253,0.005109067540615797,0.004191998392343521,0.0017073722556233402,0.06734591653897654,0.06734591653897654,0.9968183969896773,0.06734591653897654,nan,"[-0.23973992715051484, 1.444868828416304, 1.8018805108184996, 1.4446130904079622, 0.5705863246434317, -0.006930204546481703]","[-0.23973992715051484, 1.444868828416304, 1.8018805108184996, 1.4446130904079622, 0.5705863246434317, -0.006930204546481703]",1.8018805108184996,1.8018805108184996,0.032637187192216394,-0.05612391493580253,0.03144874764130012,False,False,-0.004184251077267831,-0.010664326076010916,0.0,nan,0.0,0.02521771831529751,-0.0007301409192406513,0.0,nan,0.0,0.03144874764130012,-0.0020628509185234446,0.0,nan,0.0,0.025213254845029454,-0.004082402754939798,0.0,nan,0.0,0.009958610031881143,-0.7121752041729225,0.0,nan,0.0,-0.00012095488717278613,0.009917256250275579,0.0,nan,0.0
11.417,15.523200888999781,ARM_NEUTRALIZE,INITIAL_HOLD,ARM_NEUTRALIZE_PROFILE,0.007133017294108868,0.00721804378554225,0.06538005918264389,-0.019107760861516,0.008928356692194939,0.0038550563622266054,-0.02563585713505745,0.006867826916277409,-0.020308660343289375,-0.02019048529295958,0.025186871984890963,-0.056043990406914435,-0.0004877855535596609,-0.008880771696567535,0.003317418741062285,0.0669091143305883,0.0669091143305883,0.996368190386198,0.0669091143305883,nan,"[-0.2635254088739461, 1.4425349103429475, 1.8026011319838284, 1.44593073814542, 0.5993030574888877, -0.006810503669847016]","[-0.2635254088739461, 1.4425349103429475, 1.8026011319838284, 1.44593073814542, 0.5993030574888877, -0.006810503669847016]",1.8026011319838284,1.8026011319838284,0.033418646030922844,-0.056043990406914435,0.03146132485329467,False,False,-0.004599386047514642,-0.003574932817579514,0.0,nan,0.0,0.025176983760445637,-0.007012726642652211,0.0,nan,0.0,0.03146132485329467,-0.005067208253027651,0.0,nan,0.0,0.02523625213642955,-0.003776770617117715,0.0,nan,0.0,0.01045981157044995,0.5684048588406264,0.0,nan,0.0,-0.0001188657127579873,0.0030483731510111984,0.0,nan,0.0
11.457,15.606435808999777,ARM_NEUTRALIZE,INITIAL_HOLD,ARM_NEUTRALIZE_PROFILE,0.007133017294108868,0.00721804378554225,0.06538005918264389,-0.019131610170006752,0.008722992613911629,0.003783037420362234,-0.024803582578897476,0.006137098651379347,-0.020792661234736443,-0.020234976509961967,0.025120634611201353,-0.055991667689188084,-0.0007714770035818219,-0.005598060321062802,0.005178686697036029,0.06697976274060537,0.06697976274060537,0.99643883186036,0.06697976274060537,nan,"[-0.27668949069729415, 1.4430859294895972, 1.8041344889167998, 1.4463857167105605, 0.5700154806090872, -0.006632807515775922]","[-0.27668949069729415, 1.4430859294895972, 1.8041344889167998, 1.4463857167105605, 0.5700154806090872, -0.006632807515775922]",1.8041344889167998,1.8041344889167998,0.032942623602674095,-0.055991667689188084,0.0314880869803833,False,False,-0.004829142618334004,-0.0011673104729864603,0.0,nan,0.0,0.025186600858796204,-0.0005087550175737241,0.0,nan,0.0,0.0314880869803833,-0.001996626055224409,0.0,nan,0.0,0.02524419301041725,-0.004463016047837992,0.0,nan,0.0,0.009948646923966464,-0.677091683640744,0.0,nan,0.0,-0.00011576432980131557,0.008185179311155805,0.0,nan,0.0
11.491,15.684045099000286,ARM_NEUTRALIZE,INITIAL_HOLD,ARM_NEUTRALIZE_PROFILE,0.007133017294108868,0.00721804378554225,0.06538005918264389,-0.019184798002243042,0.008559362962841988,0.003369142534211278,-0.02501889504492283,0.0060661607421934605,-0.020000191405415535,-0.020237107537027045,0.025123842271615602,-0.05598312597727401,0.0016496316529810429,-0.0006653327145613727,0.0024287092965096235,0.06737789194303383,0.06737789194303383,0.9968522384093391,0.06737789194303383,nan,"[-0.28262945005100276, 1.4427087257762, 1.8042096222371193, 1.446164806032766, 0.5701001434364552, -0.006841149267453322]","[-0.28262945005100276, 1.4427087257762, 1.8042096222371193, 1.446164806032766, 0.5701001434364552, -0.006841149267453322]",1.8042096222371193,1.8042096222371193,0.03259986306217023,-0.05598312597727401,0.03148939830420083,False,False,-0.0049328144664908535,-0.009527617155234586,0.0,nan,0.0,0.025180017412046674,-0.0006203081375675664,0.0,nan,0.0,0.03148939830420083,-0.0021587090201971946,0.0,nan,0.0,0.025240337391736922,-0.004137010345168559,0.0,nan,0.0,0.009950124569058083,-0.7047486674484685,0.0,nan,0.0,-0.00011940057933745862,0.009368368222818006,0.0,nan,0.0
11.491,15.759625685999708,ARM_NEUTRALIZE,INITIAL_HOLD,ARM_NEUTRALIZE_PROFILE,0.007133017294108868,0.00721804378554225,0.06538005918264389,-0.019184798002243042,0.008559362962841988,0.003369142534211278,-0.02501889504492283,0.0060661607421934605,-0.020000191405415535,-0.020237107537027045,0.025123842271615602,-0.05598312597727401,0.0016496316529810429,-0.0006653327145613727,0.0024287092965096235,0.06737789194303383,0.06737789194303383,0.9968522384093391,0.06737789194303383,nan,"[-0.28262945005100276, 1.4427087257762, 1.8042096222371193, 1.446164806032766, 0.5701001434364552, -0.006841149267453322]","[-0.28262945005100276, 1.4427087257762, 1.8042096222371193, 1.446164806032766, 0.5701001434364552, -0.006841149267453322]",1.8042096222371193,1.8042096222371193,0.03259986306217023,-0.05598312597727401,0.03148939830420083,False,False,-0.0049328144664908535,-0.009527617155234586,0.0,nan,0.0,0.025180017412046674,-0.0006203081375675664,0.0,nan,0.0,0.03148939830420083,-0.0021587090201971946,0.0,nan,0.0,0.025240337391736922,-0.004137010345168559,0.0,nan,0.0,0.009950124569058083,-0.7047486674484685,0.0,nan,0.0,-0.00011940057933745862,0.009368368222818006,0.0,nan,0.0
11.509,15.84396135499992,ARM_NEUTRALIZE,INITIAL_HOLD,ARM_NEUTRALIZE_PROFILE,0.007133017294108868,0.00721804378554225,0.06538005918264389,-0.019241461530327797,0.008490991778671741,0.0029550848994404078,-0.02471088245511055,0.006359145976603031,-0.020112525671720505,-0.020240179848515862,0.025204898506696275,-0.05597971322570576,-0.00028121587820351124,-0.0030175317078828807,0.003771289717406035,0.06777987123115893,0.06777987123115893,0.9972667113220468,0.06777987123115893,nan,"[-0.2886887337474871, 1.4423678778638622, 1.8043292548566587, 1.446007159816994, 0.5706028762030236, -0.006745385593736567]","[-0.2886887337474871, 1.4423678778638622, 1.8043292548566587, 1.446007159816994, 0.5706028762030236, -0.006745385593736567]",1.8043292548566587,1.8043292548566587,0.03248969279875778,-0.05597971322570576,0.03149148628730458,False,False,-0.005038568917306918,-0.009329482648216604,0.0,nan,0.0,0.02517406849372783,-0.00048703499340861764,0.0,nan,0.0,0.03149148628730458,-0.0020076760166554647,0.0,nan,0.0,0.025237585946218388,-0.003956283556851618,0.0,nan,0.0,0.009958898911092362,-0.6972674926761595,0.0,nan,0.0,-0.0001177291879272957,0.009122947113386102,0.0,nan,0.0
11.527,15.923738241999672,ARM_NEUTRALIZE,INITIAL_HOLD,ARM_NEUTRALIZE_PROFILE,0.007133017294108868,0.00721804378554225,0.06538005918264389,-0.019225185737013817,0.008436880074441433,0.002595499623566866,-0.024392617866396904,0.006867678370326757,-0.020626598969101906,-0.020249075388109897,0.025273927680821665,-0.05592598571207725,-0.00028121587820351124,-0.0030175317078828807,0.003771289717406035,0.06810390112142117,0.06810390112142117,0.9976254437829738,0.06810390112142117,nan,"[-0.2946281082310818, 1.4420842081782534, 1.8047817341404546, 1.4464406955244926, 0.5983688181056065, -0.005905649063493907]","[-0.2946281082310818, 1.4420842081782534, 1.8047817341404546, 1.4464406955244926, 0.5983688181056065, -0.005905649063493907]",1.8047817341404546,1.8047817341404546,0.03267447624073683,-0.05592598571207724,0.03149938354060389,False,False,-0.0051422305575545835,-0.002814902820554962,0.0,nan,0.0,0.02516911752372586,-0.007638905552581268,0.0,nan,0.0,0.03149938354060389,-0.005511271488159546,0.0,nan,0.0,0.025245152571739204,-0.004096349207131287,0.0,nan,0.0,0.010443506017209891,0.5141871640756568,0.0,nan,0.0,-0.00010307302062528834,0.002818989147956412,0.0,nan,0.0
11.53,15.999692911000238,ARM_NEUTRALIZE,INITIAL_HOLD,ARM_NEUTRALIZE_PROFILE,0.007133017294108868,0.00721804378554225,0.06538005918264389,-0.019225185737013817,0.008436880074441433,0.002595499623566866,-0.024392617866396904,0.006867678370326757,-0.020626598969101906,-0.020249075388109897,0.025273927680821665,-0.05592598571207725,0.005464606452733278,-0.006837412249296904,0.0009605564409866938,0.06810390112142117,0.06810390112142117,0.9976254437829738,0.06810390112142117,nan,"[-0.2946281082310818, 1.4420842081782534, 1.8047817341404546, 1.4464406955244926, 0.5983688181056065, -0.005905649063493907]","[-0.2946281082310818, 1.4420842081782534, 1.8047817341404546, 1.4464406955244926, 0.5983688181056065, -0.005905649063493907]",1.8047817341404546,1.8047817341404546,0.03267447624073683,-0.05592598571207724,0.03149938354060389,False,False,-0.0051422305575545835,-0.002814902820554962,0.0,nan,0.0,0.02516911752372586,-0.007638905552581268,0.0,nan,0.0,0.03149938354060389,-0.005511271488159546,0.0,nan,0.0,0.025245152571739204,-0.004096349207131287,0.0,nan,0.0,0.010443506017209891,0.5141871640756568,0.0,nan,0.0,-0.00010307302062528834,0.002818989147956412,0.0,nan,0.0
11.568,16.07877112999995,ARM_NEUTRALIZE,INITIAL_HOLD,ARM_NEUTRALIZE_PROFILE,0.007133017294108868,0.00721804378554225,0.06538005918264389,-0.019059142097830772,0.008273684419691563,0.0014616783009842038,-0.023413507267832756,0.006319830194115639,-0.021027669310569763,-0.020171663717472338,0.02525478300225674,-0.055902179523191445,0.0024416435044258833,-0.005826855078339577,-0.00040822691516950656,0.06908475233576623,0.06908475233576623,0.9987544666497713,0.06908475233576623,nan,"[-0.3099334958371223, 1.4417670068565143, 1.8060670741445155, 1.448071391150917, 0.5647984588112521, -0.005067857886088173]","[-0.3099334958371223, 1.4417670068565143, 1.8060670741445155, 1.448071391150917, 0.5647984588112521, -0.005067857886088173]",1.8060670741445155,1.8060670741445155,0.032098215727638046,-0.055902179523191445,0.03152181695568235,False,False,-0.005409359964573923,-0.007958644045685852,0.0,nan,0.0,0.025163581316269834,-0.010722670185429564,0.0,nan,0.0,0.03152181695568235,-0.014111953762312146,0.0,nan,0.0,0.025273613579518184,-0.02029406516017092,0.0,nan,0.0,0.009857592716445929,-0.8261821436412307,0.0,nan,0.0,-8.845080613539835e-05,-0.0003513815567374196,0.0,nan,0.0
11.572,16.1545604060002,ARM_NEUTRALIZE,INITIAL_HOLD,ARM_NEUTRALIZE_PROFILE,0.007133017294108868,0.00721804378554225,0.06538005918264389,-0.019059142097830772,0.008273684419691563,0.0014616783009842038,-0.023413507267832756,0.006319830194115639,-0.021027669310569763,-0.020171663717472338,0.02525478300225674,-0.055902179523191445,0.0024416435044258833,-0.005826855078339577,-0.00040822691516950656,0.06908475233576623,0.06908475233576623,0.9987544666497713,0.06908475233576623,nan,"[-0.3099334958371223, 1.4417670068565143, 1.8060670741445155, 1.448071391150917, 0.5647984588112521, -0.005067857886088173]","[-0.3099334958371223, 1.4417670068565143, 1.8060670741445155, 1.448071391150917, 0.5647984588112521, -0.005067857886088173]",1.8060670741445155,1.8060670741445155,0.032098215727638046,-0.055902179523191445,0.03152181695568235,False,False,-0.005409359964573923,-0.007958644045685852,0.0,nan,0.0,0.025163581316269834,-0.010722670185429564,0.0,nan,0.0,0.03152181695568235,-0.014111953762312146,0.0,nan,0.0,0.025273613579518184,-0.02029406516017092,0.0,nan,0.0,0.009857592716445929,-0.8261821436412307,0.0,nan,0.0,-8.845080613539835e-05,-0.0003513815567374196,0.0,nan,0.0
11.579,16.23460637900007,ARM_NEUTRALIZE,INITIAL_HOLD,ARM_NEUTRALIZE_PROFILE,0.007133017294108868,0.00721804378554225,0.06538005918264389,-0.019059142097830772,0.008273684419691563,0.0014616783009842038,-0.023413507267832756,0.006319830194115639,-0.021027669310569763,-0.020171663717472338,0.02525478300225674,-0.055902179523191445,0.0024416435044258833,-0.005826855078339577,-0.00040822691516950656,0.06908475233576623,0.06908475233576623,0.9987544666497713,0.06908475233576623,nan,"[-0.3152532402647123, 1.441372231128916, 1.8062215501377272, 1.448027276484877, 0.5713342861886996, -0.0064837909672187674]","[-0.3152532402647123, 1.441372231128916, 1.8062215501377272, 1.448027276484877, 0.5713342861886996, -0.0064837909672187674]",1.8062215501377272,1.8062215501377272,0.032098215727638046,-0.055902179523191445,0.03152451307037918,False,False,-0.0055022070201999895,4.290151789140828e-06,0.0,nan,0.0,0.02515669118001629,-0.0002866291752329257,0.0,nan,0.0,0.03152451307037918,-0.0019091876154235556,0.0,nan,0.0,0.025272843633347364,-0.004351059460383088,0.0,nan,0.0,0.009971664423524373,-0.6621270456128681,0.0,nan,0.0,-0.00011316350038903522,0.007356286008981663,0.0,nan,0.0
11.579,16.307933571999456,ARM_NEUTRALIZE,INITIAL_HOLD,ARM_NEUTRALIZE_PROFILE,0.007133017294108868,0.00721804378554225,0.06538005918264389,-0.019059142097830772,0.008273684419691563,0.0014616783009842038,-0.023413507267832756,0.006319830194115639,-0.021027669310569763,-0.020171663717472338,0.02525478300225674,-0.055902179523191445,0.0024416435044258833,-0.005826855078339577,-0.00040822691516950656,0.06908475233576623,0.06908475233576623,0.9987544666497713,0.06908475233576623,nan,"[-0.3152532402647123, 1.441372231128916, 1.8062215501377272, 1.448027276484877, 0.5713342861886996, -0.0064837909672187674]","[-0.3152532402647123, 1.441372231128916, 1.8062215501377272, 1.448027276484877, 0.5713342861886996, -0.0064837909672187674]",1.8062215501377272,1.8062215501377272,0.032098215727638046,-0.055902179523191445,0.03152451307037918,False,False,-0.0055022070201999895,4.290151789140828e-06,0.0,nan,0.0,0.02515669118001629,-0.0002866291752329257,0.0,nan,0.0,0.03152451307037918,-0.0019091876154235556,0.0,nan,0.0,0.025272843633347364,-0.004351059460383088,0.0,nan,0.0,0.009971664423524373,-0.6621270456128681,0.0,nan,0.0,-0.00011316350038903522,0.007356286008981663,0.0,nan,0.0
11.603,16.38142675800009,ARM_NEUTRALIZE,INITIAL_HOLD,ARM_NEUTRALIZE_PROFILE,0.007133017294108868,0.00721804378554225,0.06538005918264389,-0.0189852062612772,0.008196527138352394,0.0008203389006666839,-0.023714426904916763,0.006293044425547123,-0.021534478291869164,-0.02014907655593234,0.02527250421430281,-0.05592467841932225,-0.00192559277638793,0.0002073952928185465,0.0018646670505404472,0.06964966987895915,0.06964966987895915,0.999393624288494,0.06964966987895915,nan,"[-0.3198777344058287, 1.4411762023815753, 1.806313773892352, 1.447787644614965, 0.5699697571436825, -0.00663936151580606]","[-0.3198777344058287, 1.4411762023815753, 1.806313773892352, 1.447787644614965, 0.5699697571436825, -0.00663936151580606]",1.806313773892352,1.806313773892352,0.032645217212840444,-0.05592467841932225,0.03152612267854593,False,False,-0.005582919669201658,-3.736464466482653e-05,0.0,nan,0.0,0.025153269832946634,-0.0007824967599156219,0.0,nan,0.0,0.03152612267854593,-0.002519025623090603,0.0,nan,0.0,0.02526866126822469,-0.0051655073094596556,0.0,nan,0.0,0.00994784889894973,-0.6692005341616537,0.0,nan,0.0,-0.00011587871868101729,0.007669853952433792,0.0,nan,0.0
11.632,16.45652256699941,ARM_NEUTRALIZE,INITIAL_HOLD,ARM_NEUTRALIZE_PROFILE,0.007133017294108868,0.00721804378554225,0.06538005918264389,-0.018916616216301918,0.008123792707920074,-0.00022852268011774868,-0.023895757272839546,0.007355408743023872,-0.021267708390951157,-0.020276295256619874,0.02536442742783233,-0.055951911218613024,0.004485848359763622,-0.005991840735077858,0.001041250070556999,0.07059666990148898,0.07059666990148898,1.0004403690175077,0.07059666990148898,nan,"[-0.3246354186369346, 1.440931443893482, 1.806363046806147, 1.4475847342601824, 0.5698966619304361, -0.006665725022012297]","[-0.3246354186369346, 1.440931443893482, 1.806363046806147, 1.4475847342601824, 0.5698966619304361, -0.006665725022012297]",1.806363046806147,1.806363046806147,0.032824147721181585,-0.055951911218613024,0.0315269826531237,False,False,-0.005665956923804671,-0.008255204471282303,0.0,nan,0.0,0.0251489979914572,-0.00045097144969508677,0.0,nan,0.0,0.0315269826531237,-0.0021495416996421147,0.0,nan,0.0,0.025265119814447345,-0.004124450075042767,0.0,nan,0.0,0.009946573146811133,-0.6920681459640045,0.0,nan,0.0,-0.00011633884866668609,0.008653550539756364,0.0,nan,0.0
11.663,16.542963533999682,ARM_NEUTRALIZE,INITIAL_HOLD,ARM_NEUTRALIZE_PROFILE,0.007133017294108868,0.00721804378554225,0.06538005918264389,-0.018905729055404663,0.008127352222800255,-0.0006516209105029702,-0.02350267954170704,0.008244449272751808,-0.02203245833516121,-0.020227099125177925,0.025355339881681132,-0.05594856572779284,0.0033374971244484186,-0.00866617076098919,-0.0028340877033770076,0.07098609673176896,0.07098609673176896,1.0008632008801637,0.07098609673176896,nan,"[-0.3336584595415434, 1.4406340129182682, 1.8066011091799534, 1.447233643281776, 0.570239483133196, -0.006581603148524321]","[-0.3336584595415434, 1.4406340129182682, 1.8066011091799534, 1.447233643281776, 0.570239483133196, -0.006581603148524321]",1.8066011091799534,1.8066011091799534,0.03325321202142384,-0.05594856572779283,0.03153113762537174,False,False,-0.0058234386961322215,-1.9451671587854963e-05,0.0,nan,0.0,0.025143806841642302,-0.0006244691114644457,0.0,nan,0.0,0.03153113762537174,-0.002370265975395747,0.0,nan,0.0,0.025258992120900103,-0.005014414846654604,0.0,nan,0.0,0.00995255650554494,-0.6669665667890193,0.0,nan,0.0,-0.00011487064500137478,0.00723896007282707,0.0,nan,0.0
11.691,16.622503630999745,ARM_NEUTRALIZE,INITIAL_HOLD,ARM_NEUTRALIZE_PROFILE,0.007133017294108868,0.00721804378554225,0.06538005918264389,-0.01891530491411686,0.008201410062611103,-0.0016255957307294011,-0.025009093806147575,0.008168032392859459,-0.021749718114733696,-0.020117232889360043,0.025280816431692613,-0.056025136233902255,0.0007245086599141359,-0.0065352306701242915,0.004728709813207389,0.07189742616720357,0.07189742616720357,1.0018377542845687,0.07189742616720357,nan,"[-0.33823779165970846, 1.440542205724096, 1.8067832450247587, 1.4471680363797537, 0.5700141721360157, -0.006581596005710951]","[-0.33823779165970846, 1.440542205724096, 1.8067832450247587, 1.4471680363797537, 0.5700141721360157, -0.006581596005710951]",1.8067832450247587,1.8067832450247587,0.03413534479459473,-0.056025136233902255,0.0315343164955495,False,False,-0.005903363119136529,-0.00795175515352124,0.0,nan,0.0,0.02514220450382698,-0.0002972343144096246,0.0,nan,0.0,0.0315343164955495,-0.002009184145813976,0.0,nan,0.0,0.02525784706444778,-0.00396251782306041,0.0,nan,0.0,0.009948624086803193,-0.68897225156431,0.0,nan,0.0,-0.00011487052033576362,0.008216762568871789,0.0,nan,0.0
11.725999999999999,16.706748902000072,ARM_NEUTRALIZE,INITIAL_HOLD,ARM_NEUTRALIZE_PROFILE,0.007133017294108868,0.00721804378554225,0.06538005918264389,-0.01902756839990616,0.008284718729555607,-0.0025050691328942776,-0.025482123717665672,0.007537555880844593,-0.022621512413024902,-0.0201867687376739,0.02528407905167769,-0.05600776714070455,-0.005901186726987362,-0.006515828426927328,-0.0008937238017097108,0.07275922405927081,0.07275922405927081,1.002719850487059,0.07275922405927081,nan,"[-0.346494172829314, 1.4404278034918714, 1.8071423425710678, 1.446975743434896, 0.5700954615432758, -0.00652897573210292]","[-0.346494172829314, 1.4404278034918714, 1.8071423425710678, 1.446975743434896, 0.5700954615432758, -0.00652897573210292]",1.8071423425710678,1.8071423425710678,0.03489822633991467,-0.05600776714070455,0.03154058393006842,False,False,-0.006047464154845805,0.00043950944880296466,0.0,nan,0.0,0.02514020780820303,-0.0005685701650153131,0.0,nan,0.0,0.03154058393006842,-0.002347784017454418,0.0,nan,0.0,0.02525449091943166,-0.0049556445324717615,0.0,nan,0.0,0.009950042854606878,-0.6643094979392652,0.0,nan,0.0,-0.0001139521233080032,0.007001927171788401,0.0,nan,0.0
11.763,16.789247357000022,ARM_NEUTRALIZE,INITIAL_HOLD,ARM_NEUTRALIZE_PROFILE,0.007133017294108868,0.00721804378554225,0.06538005918264389,-0.01895364187657833,0.008032652549445629,-0.002892298623919487,-0.025468239560723305,0.008154287002980709,-0.022089125588536263,-0.020213832128555043,0.02535155353521067,-0.055987319736048924,-0.004156250972300768,-0.004723610356450081,-0.00043895619455724895,0.07309098586414908,0.07309098586414908,1.0031035473402208,0.07309098586414908,nan,"[-0.35425650606234316, 1.4403322343675957, 1.8075005483669409, 1.4468693808631512, 0.5700351759489223, -0.0064119058571185045]","[-0.35425650606234316, 1.4403322343675957, 1.8075005483669409, 1.4468693808631512, 0.5700351759489223, -0.0064119058571185045]",1.8075005483669409,1.8075005483669409,0.03468505574617834,-0.055987319736048924,0.03154683580060613,False,False,-0.006182942427399141,0.0008194637531255267,0.0,nan,0.0,0.02513853981232117,-0.00018018743852941794,0.0,nan,0.0,0.03154683580060613,-0.001892811539493196,0.0,nan,0.0,0.025252634542353825,-0.004253950048880691,0.0,nan,0.0,0.009948990672493885,-0.6630893915023436,0.0,nan,0.0,-0.000111908868534627,0.006936913410802092,0.0,nan,0.0
11.796,16.86717053099983,ARM_NEUTRALIZE,INITIAL_HOLD,ARM_NEUTRALIZE_PROFILE,0.007133017294108868,0.00721804378554225,0.06538005918264389,-0.018852798268198967,0.007729976437985897,-0.0031459175515919924,-0.024027040228247643,0.009389805607497692,-0.021944889798760414,-0.02026351151664689,0.025407610605079525,-0.05593752388433265,0.0059769032523036,-0.0061042411252856255,0.0016339846188202507,0.07328938649531701,0.07328938649531701,1.0033528354665167,0.07328938649531701,nan,"[-0.3620107417127171, 1.4402606502280924, 1.8078239339811866, 1.4467416912374553, 0.569654309107495, -0.006496339991765553]","[-0.3620107417127171, 1.4402606502280924, 1.8078239339811866, 1.4467416912374553, 0.569654309107495, -0.006496339991765553]",1.8078239339811866,1.8078239339811866,0.03386805721850848,-0.05593752388433266,0.031552479944328304,False,False,-0.0063182793704736895,-0.007286419129758903,0.0,nan,0.0,0.025137290433394632,-0.0002451818429828194,0.0,nan,0.0,0.031552479944328304,-0.002003468831456668,0.0,nan,0.0,0.025250405937964793,-0.003905838616129362,0.0,nan,0.0,0.00994234329209931,-0.6836650663349687,0.0,nan,0.0,-0.00011338252218529021,0.007840201579520919,0.0,nan,0.0
11.825,16.942484829000023,ARM_NEUTRALIZE,INITIAL_HOLD,ARM_NEUTRALIZE_PROFILE,0.007133017294108868,0.00721804378554225,0.06538005918264389,-0.01877635531127453,0.007555573247373104,-0.003115128492936492,-0.023102274164557457,0.01010699849575758,-0.021329984068870544,-0.02024838076505313,0.025480624278663915,-0.05590528383660082,-0.0034047290682792664,-0.0023511475883424278,0.0027346315328031783,0.07323250814805658,0.07323250814805658,1.0033192907630513,0.07323250814805658,nan,"[-0.365207422016434, 1.4402301511770113, 1.8079763053149052, 1.4466776654977112, 0.5698743373093, -0.006373949049613271]","[-0.365207422016434, 1.4402301511770113, 1.8079763053149052, 1.4466776654977112, 0.5698743373093, -0.006373949049613271]",1.8079763053149052,1.8079763053149052,0.0330277869459323,-0.05590528383660082,0.03155513932578735,False,False,-0.006374071966907202,0.0011301482068606736,0.0,nan,0.0,0.02513675812453453,-0.00016179171849948,0.0,nan,0.0,0.03155513932578735,-0.0018964602912836782,0.0,nan,0.0,0.02524928847800023,-0.004234100823463929,0.0,nan,0.0,0.00994618350866805,-0.6604177380713747,0.0,nan,0.0,-0.00011124639727011498,0.006766142035806512,0.0,nan,0.0
11.86,17.030657213999802,ARM_AND_OFFBOARD,INITIAL_HOLD,NEUTRAL,0.007133017294108868,0.00721804378554225,0.06538005918264389,-0.018755871802568436,0.007507938425987959,-0.0030309713911265135,-0.023302191868424416,0.009693028405308723,-0.021534467115998268,-0.0202437504002022,0.025446338001627912,-0.055873663976820094,0.0032665454782545567,0.000910652335733175,-0.003024364821612835,0.07314634455478938,0.07314634455478938,1.0032344100140853,0.07314634455478938,nan,"[-0.3723333640740904, 1.4401797000652066, 1.808266948753205, 1.4465593758697777, 0.5694758670339136, -0.006467780975837361]","[-0.3723333640740904, 1.4401797000652066, 1.808266948753205, 1.4465593758697777, 0.5694758670339136, -0.006467780975837361]",1.808266948753205,1.808266948753205,0.03317650101365419,-0.05587366397682009,0.031560212010735,False,False,-0.006498443118119646,-0.007000251741129608,0.0,nan,0.0,0.02513587758652225,-0.00023919348318815562,0.0,nan,0.0,0.031560212010735,-0.0020175051287232267,0.0,nan,0.0,0.025247223934521834,-0.003897647181756949,0.0,nan,0.0,0.009939228890391227,-0.6817166459419489,0.0,nan,0.0,-0.00011288407332621375,0.00772070534275052,0.0,nan,0.0
11.905,17.14275875200019,ARM_AND_OFFBOARD,INITIAL_HOLD,NEUTRAL,0.007133017294108868,0.00721804378554225,0.06538005918264389,-0.01878969930112362,0.0073799253441393375,-0.0027577639557421207,-0.02325512282550335,0.00970072578638792,-0.023192178457975388,-0.020232943315498422,0.025540584114236674,-0.055890786029512786,0.0034857187420129776,-0.010317896492779255,0.002112260088324548,0.07290251287406853,0.07290251287406853,1.0029609410497657,0.07290251287406853,nan,"[-0.37859364175057947, 1.440139061454756, 1.808525319656874, 1.4464058182117066, 0.5695993187823977, -0.0064351221667078885]","[-0.37859364175057947, 1.440139061454756, 1.808525319656874, 1.4464058182117066, 0.5695993187823977, -0.0064351221667078885]",1.808525319656874,1.808525319656874,0.03424590428122049,-0.05589078602951279,0.031564721433695375,False,False,-0.006607705575663481,0.0013228811355338113,0.0,nan,0.0,0.02513516830896645,-0.0005398042203638611,0.0,nan,0.0,0.031564721433695375,-0.002382610633650358,0.0,nan,0.0,0.02524454384779684,-0.004922625438226316,0.0,nan,0.0,0.009941383529869618,-0.6577432490757347,0.0,nan,0.0,-0.00011231406957712409,0.006592348226220713,0.0,nan,0.0
11.941,17.228901630999644,ARM_AND_OFFBOARD,INITIAL_HOLD,NEUTRAL,0.007133017294108868,0.00721804378554225,0.06538005918264389,-0.01869608648121357,0.007272788789123297,-0.0026340805925428867,-0.0224457997828722,0.009599735960364342,-0.023630840703845024,-0.020262184027054302,0.02549888829491839,-0.05583844109281235,0.0012762914411723614,-0.006449928507208824,0.0030697660986334094,0.07275347969829647,0.07275347969829647,1.0028347504310657,0.07275347969829647,nan,"[-0.3844675433280046, 1.4400991772674994, 1.8087783901798553, 1.4463265123530988, 0.5695695617004253, -0.006323926861255447]","[-0.3844675433280046, 1.4400991772674994, 1.8087783901798553, 1.4463265123530988, 0.5695695617004253, -0.006323926861255447]",1.8087783901798553,1.8087783901798553,0.03397624892144506,-0.055838441092812344,0.03156913834756114,False,False,-0.006710224498127637,0.001661111405128866,0.0,nan,0.0,0.02513447219857934,-0.00015205071491252646,0.0,nan,0.0,0.03156913834756114,-0.0019223356444790128,0.0,nan,0.0,0.025243159699448015,-0.004219478634884623,0.0,nan,0.0,0.009940864170813413,-0.6569507020573271,0.0,nan,0.0,-0.00011037334538421817,0.006555189530645629,0.0,nan,0.0
11.964,17.30737987700013,ARM_AND_OFFBOARD,INITIAL_HOLD,NEUTRAL,0.007133017294108868,0.00721804378554225,0.06538005918264389,-0.01848907396197319,0.0070761204697191715,-0.0026782469358295202,-0.022494764998555183,0.009635698981583118,-0.02398342452943325,-0.02024403087026092,0.02550287700839094,-0.0558019776777522,0.001671184436418116,-0.004880223423242569,0.0009825874585658318,0.07272169369781212,0.07272169369781212,1.0028736631376765,0.07272169369781212,nan,"[-0.3874970918542433, 1.4400892716701903, 1.8088837418824704, 1.4462391289189498, 0.5695005888976352, -0.006409570522579421]","[-0.3874970918542433, 1.4400892716701903, 1.8088837418824704, 1.4462391289189498, 0.5695005888976352, -0.006409570522579421]",1.8088837418824704,1.8088837418824704,0.03426464357560029,-0.0558019776777522,0.03157097708164436,False,False,-0.006763100094759444,0.0015679974378938356,0.0,nan,0.0,0.02513429931329192,-0.0005310226561641912,0.0,nan,0.0,0.03157097708164436,-0.0023894775538776123,0.0,nan,0.0,0.02524163457081041,-0.004910556247587634,0.0,nan,0.0,0.009939660368310399,-0.6557016431506578,0.0,nan,0.0,-0.00011186810925778445,0.006476834846617343,0.0,nan,0.0
11.964,17.39320667099946,ARM_AND_OFFBOARD,INITIAL_HOLD,NEUTRAL,0.007133017294108868,0.00721804378554225,0.06538005918264389,-0.01848907396197319,0.0070761204697191715,-0.0026782469358295202,-0.022494764998555183,0.009635698981583118,-0.02398342452943325,-0.02024403087026092,0.02550287700839094,-0.0558019776777522,0.001671184436418116,-0.004880223423242569,0.0009825874585658318,0.07272169369781212,0.07272169369781212,1.0028736631376765,0.07272169369781212,nan,"[-0.3874970918542433, 1.4400892716701903, 1.8088837418824704, 1.4462391289189498, 0.5695005888976352, -0.006409570522579421]","[-0.3874970918542433, 1.4400892716701903, 1.8088837418824704, 1.4462391289189498, 0.5695005888976352, -0.006409570522579421]",1.8088837418824704,1.8088837418824704,0.03426464357560029,-0.0558019776777522,0.03157097708164436,False,False,-0.006763100094759444,0.0015679974378938356,0.0,nan,0.0,0.02513429931329192,-0.0005310226561641912,0.0,nan,0.0,0.03157097708164436,-0.0023894775538776123,0.0,nan,0.0,0.02524163457081041,-0.004910556247587634,0.0,nan,0.0,0.009939660368310399,-0.6557016431506578,0.0,nan,0.0,-0.00011186810925778445,0.006476834846617343,0.0,nan,0.0
11.981,17.46926353300023,ARM_AND_OFFBOARD,INITIAL_HOLD,NEUTRAL,0.007133017294108868,0.00721804378554225,0.06538005918264389,-0.01829899661242962,0.006899467669427395,-0.0026684082113206387,-0.0223800390958786,0.009676395915448666,-0.024131597951054573,-0.02023964187606351,0.02559109490989496,-0.05577687406839688,0.0025188298895955086,-0.004089683759957551,0.006644989363849164,0.07264628508569161,0.07264628508569161,1.0028591091255874,0.07264628508569161,nan,"[-0.3904011247941356, 1.440077515190457, 1.809003090455017, 1.4462265102983705, 0.5692088295280879, -0.006410700163238969]","[-0.3904011247941356, 1.440077515190457, 1.809003090455017, 1.4462265102983705, 0.5692088295280879, -0.006410700163238969]",1.809003090455017,1.809003090455017,0.03430499683015446,-0.05577687406839688,0.03157306010719285,False,False,-0.006813785031146935,-0.006492882954096063,0.0,nan,0.0,0.02513409412401213,-0.0002173914553048555,0.0,nan,0.0,0.03157306010719285,-0.0020272280973901713,0.0,nan,0.0,0.025241414334334245,-0.003870160170848103,0.0,nan,0.0,0.009934568206688255,-0.6778599692261614,0.0,nan,0.0,-0.00011188782520665796,0.0074704856225645145,0.0,nan,0.0
11.981,17.526958274000208,ARM_AND_OFFBOARD,INITIAL_HOLD,NEUTRAL,0.007133017294108868,0.00721804378554225,0.06538005918264389,-0.01829899661242962,0.006899467669427395,-0.0026684082113206387,-0.0223800390958786,0.009676395915448666,-0.024131597951054573,-0.02023964187606351,0.02559109490989496,-0.05577687406839688,0.0025188298895955086,-0.004089683759957551,0.006644989363849164,0.07264628508569161,0.07264628508569161,1.0028591091255874,0.07264628508569161,nan,"[-0.3904011247941356, 1.440077515190457, 1.809003090455017, 1.4462265102983705, 0.5692088295280879, -0.006410700163238969]","[-0.3904011247941356, 1.440077515190457, 1.809003090455017, 1.4462265102983705, 0.5692088295280879, -0.006410700163238969]",1.809003090455017,1.809003090455017,0.03430499683015446,-0.05577687406839688,0.03157306010719285,False,False,-0.006813785031146935,-0.006492882954096063,0.0,nan,0.0,0.02513409412401213,-0.0002173914553048555,0.0,nan,0.0,0.03157306010719285,-0.0020272280973901713,0.0,nan,0.0,0.025241414334334245,-0.003870160170848103,0.0,nan,0.0,0.009934568206688255,-0.6778599692261614,0.0,nan,0.0,-0.00011188782520665796,0.0074704856225645145,0.0,nan,0.0
12.007,17.609757712999453,ARM_AND_OFFBOARD,INITIAL_HOLD,NEUTRAL,0.007133017294108868,0.00721804378554225,0.06538005918264389,-0.01775818131864071,0.006446283310651779,-0.002197141060605645,-0.02063019573688507,0.009379811584949493,-0.026273684576153755,-0.020222600771223634,0.025712457949145607,-0.0556414582554321,0.0032708127982914448,-0.0028754782397299996,0.007843409664928913,0.07201975684023235,0.07201975684023235,1.0023751878026104,0.07201975684023235,nan,"[-0.39276102952325964, 1.4400689894947603, 1.8091115112399785, 1.4461749288652677, 0.569431724602089, -0.006294788889925476]","[-0.39276102952325964, 1.4400689894947603, 1.8091115112399785, 1.4461749288652677, 0.569431724602089, -0.006294788889925476]",1.8091115112399785,1.8091115112399785,0.03469715179547975,-0.0556414582554321,0.03157495240686803,False,False,-0.006854973138703535,0.001899477119528441,0.0,nan,0.0,0.0251339453225512,-0.00014057340658339096,0.0,nan,0.0,0.03157495240686803,-0.001924676846164298,0.0,nan,0.0,0.025240514068493702,-0.004204846296082016,0.0,nan,0.0,0.00993845845961605,-0.6550223917181036,0.0,nan,0.0,-0.00010986479184715847,0.006426544607153814,0.0,nan,0.0
12.05,17.692488554999727,ARM_AND_OFFBOARD,INITIAL_HOLD,NEUTRAL,0.007133017294108868,0.00721804378554225,0.06538005918264389,-0.01746826432645321,0.006222281605005264,-0.0021440000273287296,-0.020449992269277573,0.00948808342218399,-0.02656678296625614,-0.020107624511187694,0.025933460342982738,-0.05539716927418314,-0.0007445032824762166,-0.004661997314542531,0.003893778426572681,0.07187289594754256,0.07187289594754256,1.002315546042126,0.07187289594754256,nan,"[-0.39827010488538545, 1.4400625693666684, 1.8093191382257552, 1.4460744112152981, 0.5690094277588449, -0.0064039411007878536]","[-0.39827010488538545, 1.4400625693666684, 1.8093191382257552, 1.4460744112152981, 0.5690094277588449, -0.0064039411007878536]",1.8093191382257552,1.8093191382257552,0.03484278789098244,-0.05539716927418313,0.03157857618138582,False,False,-0.006951124642513129,-0.0063741898758896826,0.0,nan,0.0,0.025133833270177597,-0.00022795959123672355,0.0,nan,0.0,0.03157857618138582,-0.0020343738656141215,0.0,nan,0.0,0.025238759704545366,-0.0038586771504488014,0.0,nan,0.0,0.009931087989280662,-0.6786537874846535,0.0,nan,0.0,-0.00011176985731253808,0.00732883947644562,0.0,nan,0.0
12.069,17.76757806400019,ARM_AND_OFFBOARD,INITIAL_HOLD,NEUTRAL,0.007133017294108868,0.00721804378554225,0.06538005918264389,-0.017287401482462883,0.006073544733226299,-0.0022506644017994404,-0.02119738608598709,0.008705922402441502,-0.026872731745243073,-0.020143626282940932,0.02602085030838559,-0.055332688786268076,0.004943481180816889,-0.001538346637971699,0.0020268496591597795,0.07191370873386568,0.07191370873386568,1.0024181445332536,0.07191370873386568,nan,"[-0.40046232092241546, 1.4400524806688975, 1.8094157817006402, 1.4460294629651111, 0.5691874917836056, -0.00627454269140339]","[-0.40046232092241546, 1.4400524806688975, 1.8094157817006402, 1.4460294629651111, 0.5691874917836056, -0.00627454269140339]",1.8094157817006402,1.8094157817006402,0.0353166529162593,-0.055332688786268076,0.031580262928223135,False,False,-0.006989386030274325,0.002037332545636962,0.0,nan,0.0,0.025133657189184255,-0.0001541783453296913,0.0,nan,0.0,0.031580262928223135,-0.0019467809019894406,0.0,nan,0.0,0.025237975209586594,-0.0042217787405717105,0.0,nan,0.0,0.009934195792792089,-0.6547360351826563,0.0,nan,0.0,-0.00010951142902193567,0.0063928221962060855,0.0,nan,0.0
12.077,17.84748324100019,ARM_AND_OFFBOARD,INITIAL_HOLD,NEUTRAL,0.007133017294108868,0.00721804378554225,0.06538005918264389,-0.017287401482462883,0.006073544733226299,-0.0022506644017994404,-0.02119738608598709,0.008705922402441502,-0.026872731745243073,-0.020143626282940932,0.02602085030838559,-0.055332688786268076,0.004943481180816889,-0.001538346637971699,0.0020268496591597795,0.07191370873386568,0.07191370873386568,1.0024181445332536,0.07191370873386568,nan,"[-0.4030260578122365, 1.4400233525499082, 1.809478710610327, 1.4459395951002125, 0.5697874920412366, -0.006354131039448176]","[-0.4030260578122365, 1.4400233525499082, 1.809478710610327, 1.4459395951002125, 0.5697874920412366, -0.006354131039448176]",1.809478710610327,1.809478710610327,0.0353166529162593,-0.055332688786268076,0.03158136124489186,False,False,-0.007034131680156541,0.0021384042658194897,0.0,nan,0.0,0.02513314880760298,-0.0001769535503239605,0.0,nan,0.0,0.03158136124489186,-0.0019082360856054843,0.0,nan,0.0,0.025236406719452376,-0.004096099326930242,0.0,nan,0.0,0.009944667772800564,-0.6484520785395078,0.0,nan,0.0,-0.00011090050774154037,0.006657341060049206,0.0,nan,0.0
12.089,17.92463755100016,ARM_AND_OFFBOARD,INITIAL_HOLD,NEUTRAL,0.007133017294108868,0.00721804378554225,0.06538005918264389,-0.01718801073729992,0.00598412100225687,-0.0023599069099873304,-0.021272459998726845,0.008552242070436478,-0.02716648206114769,-0.020046298522378672,0.026143870375351264,-0.05524664760954761,0.001353274448774755,-0.004835449159145355,0.0018831845372915274,0.07198428978722031,0.07198428978722031,1.002525122078182,0.07198428978722031,nan,"[-0.4030260578122365, 1.4400233525499082, 1.809478710610327, 1.4459395951002125, 0.5697874920412366, -0.006354131039448176]","[-0.4030260578122365, 1.4400233525499082, 1.809478710610327, 1.4459395951002125, 0.5697874920412366, -0.006354131039448176]",1.809478710610327,1.809478710610327,0.035548222830507806,-0.05524664760954761,0.03158136124489186,False,False,-0.007034131680156541,0.0021384042658194897,0.0,nan,0.0,0.02513314880760298,-0.0001769535503239605,0.0,nan,0.0,0.03158136124489186,-0.0019082360856054843,0.0,nan,0.0,0.025236406719452376,-0.004096099326930242,0.0,nan,0.0,0.009944667772800564,-0.6484520785395078,0.0,nan,0.0,-0.00011090050774154037,0.006657341060049206,0.0,nan,0.0
12.096,18.003678170000057,ARM_AND_OFFBOARD,INITIAL_HOLD,NEUTRAL,0.007133017294108868,0.00721804378554225,0.06538005918264389,-0.01718801073729992,0.00598412100225687,-0.0023599069099873304,-0.021272459998726845,0.008552242070436478,-0.02716648206114769,-0.020046298522378672,0.026143870375351264,-0.05524664760954761,0.001353274448774755,-0.004835449159145355,0.0018831845372915274,0.07198428978722031,0.07198428978722031,1.002525122078182,0.07198428978722031,nan,"[-0.4054528641073511, 1.4400511408589147, 1.809589322587853, 1.4459297959661446, 0.5689079541380022, -0.0063801534148803865]","[-0.4054528641073511, 1.4400511408589147, 1.809589322587853, 1.4459297959661446, 0.5689079541380022, -0.0063801534148803865]",1.809589322587853,1.809589322587853,0.035548222830507806,-0.05524664760954761,0.03158329178809183,False,False,-0.007076487440314416,-0.006123381578661439,0.0,nan,0.0,0.025133633805088706,-0.0001893447795290685,0.0,nan,0.0,0.03158329178809183,-0.0019968239953314358,0.0,nan,0.0,0.025236235692299047,-0.0037917706802682734,0.0,nan,0.0,0.009929316940493038,-0.6773379612201325,0.0,nan,0.0,-0.00011135468387202252,0.0072310018956831135,0.0,nan,0.0
12.106,18.091837951999878,ARM_AND_OFFBOARD,INITIAL_HOLD,NEUTRAL,0.007133017294108868,0.00721804378554225,0.06538005918264389,-0.017061978578567505,0.005871008615940809,-0.0024434186052531004,-0.021229427307844162,0.00857804249972105,-0.028196120634675026,-0.020029561001675113,0.026162278013808757,-0.05520664365211754,0.001353274448774755,-0.004835449159145355,0.0018831845372915274,0.07202247196724317,0.07202247196724317,1.0026057985869474,0.07202247196724317,nan,"[-0.4054528641073511, 1.4400511408589147, 1.809589322587853, 1.4459297959661446, 0.5689079541380022, -0.0063801534148803865]","[-0.4054528641073511, 1.4400511408589147, 1.809589322587853, 1.4459297959661446, 0.5689079541380022, -0.0063801534148803865]",1.809589322587853,1.809589322587853,0.03632206788979954,-0.05520664365211754,0.03158329178809183,False,False,-0.007076487440314416,-0.006123381578661439,0.0,nan,0.0,0.025133633805088706,-0.0001893447795290685,0.0,nan,0.0,0.03158329178809183,-0.0019968239953314358,0.0,nan,0.0,0.025236235692299047,-0.0037917706802682734,0.0,nan,0.0,0.009929316940493038,-0.6773379612201325,0.0,nan,0.0,-0.00011135468387202252,0.0072310018956831135,0.0,nan,0.0
12.111,18.13713458500024,ARM_AND_OFFBOARD,INITIAL_HOLD,NEUTRAL,0.007133017294108868,0.00721804378554225,0.06538005918264389,-0.017061978578567505,0.005871008615940809,-0.0024434186052531004,-0.021229427307844162,0.00857804249972105,-0.028196120634675026,-0.020029561001675113,0.026162278013808757,-0.05520664365211754,0.00044820221955887973,-0.004683557897806167,0.003900818526744843,0.07202247196724317,0.07202247196724317,1.0026057985869474,0.07202247196724317,nan,"[-0.4054528641073511, 1.4400511408589147, 1.809589322587853, 1.4459297959661446, 0.5689079541380022, -0.0063801534148803865]","[-0.4054528641073511, 1.4400511408589147, 1.809589322587853, 1.4459297959661446, 0.5689079541380022, -0.0063801534148803865]",1.809589322587853,1.809589322587853,0.03632206788979954,-0.05520664365211754,0.03158329178809183,False,False,-0.007076487440314416,-0.006123381578661439,0.0,nan,0.0,0.025133633805088706,-0.0001893447795290685,0.0,nan,0.0,0.03158329178809183,-0.0019968239953314358,0.0,nan,0.0,0.025236235692299047,-0.0037917706802682734,0.0,nan,0.0,0.009929316940493038,-0.6773379612201325,0.0,nan,0.0,-0.00011135468387202252,0.0072310018956831135,0.0,nan,0.0
12.148,18.217516638000234,ARM_AND_OFFBOARD,INITIAL_HOLD,NEUTRAL,0.007133017294108868,0.00721804378554225,0.06538005918264389,-0.01668737456202507,0.005633899476379156,-0.002609784482046962,-0.02104046940803528,0.010502544231712818,-0.028966763988137245,-0.019981654606077908,0.026155433938299097,-0.055120920305033266,0.001409481163136661,-0.004650025628507137,0.001968803117051721,0.07205927714681247,0.07205927714681247,1.0027644734593562,0.07205927714681247,nan,"[-0.4096983193972568, 1.4400380068359633, 1.8097455840957621, 1.4458240458189566, 0.5695428074599721, -0.00630582221253859]","[-0.4096983193972568, 1.4400380068359633, 1.8097455840957621, 1.4458240458189566, 0.5695428074599721, -0.00630582221253859]",1.8097455840957621,1.8097455840957621,0.037310564243843825,-0.055120920305033266,0.031586019065898974,False,False,-0.007150584613369482,0.00235742357092145,0.0,nan,0.0,0.02513340457314417,-0.00010578117018815518,0.0,nan,0.0,0.031586019065898974,-0.001933066677547317,0.0,nan,0.0,0.025234390004046148,-0.004173799988700121,0.0,nan,0.0,0.009940397221228636,-0.6476533087401122,0.0,nan,0.0,-0.00011005735965419206,0.006554088901651101,0.0,nan,0.0
12.184,18.29593688499972,ARM_AND_OFFBOARD,INITIAL_HOLD,NEUTRAL,0.007133017294108868,0.00721804378554225,0.06538005918264389,-0.016506878659129143,0.005539685487747192,-0.0024737257044762373,-0.021260445937514305,0.011146673932671547,-0.0293844323605299,-0.01997373630165477,0.026178085783548945,-0.05508596294149169,0.0075743552297353745,-0.00847685243934393,-0.0018017718102782954,0.07187348391975491,0.07187348391975491,1.0026249228331519,0.07187348391975491,nan,"[-0.414193626047447, 1.440059400053136, 1.8099173838018507, 1.4457798031723321, 0.5687360971697669, -0.0063064053437287765]","[-0.414193626047447, 1.440059400053136, 1.8099173838018507, 1.4457798031723321, 0.5687360971697669, -0.0063064053437287765]",1.8099173838018507,1.8099173838018507,0.037943375790430466,-0.05508596294149169,0.03158901753642418,False,False,-0.007229042515302098,-0.005972669361385512,0.0,nan,0.0,0.025133777955221426,-0.00034952582707339604,0.0,nan,0.0,0.03158901753642418,-0.002133838603887269,0.0,nan,0.0,0.025233617824192756,-0.003940193784056918,0.0,nan,0.0,0.009926317470554835,-0.6722150847647478,0.0,nan,0.0,-0.00011006753721343188,0.006994593844627262,0.0,nan,0.0
12.184,18.370703507000144,ARM_AND_OFFBOARD,INITIAL_HOLD,NEUTRAL,0.007133017294108868,0.00721804378554225,0.06538005918264389,-0.016506878659129143,0.005539685487747192,-0.0024737257044762373,-0.021260445937514305,0.011146673932671547,-0.0293844323605299,-0.01997373630165477,0.026178085783548945,-0.05508596294149169,0.0075743552297353745,-0.00847685243934393,-0.0018017718102782954,0.07187348391975491,0.07187348391975491,1.0026249228331519,0.07187348391975491,nan,"[-0.414193626047447, 1.440059400053136, 1.8099173838018507, 1.4457798031723321, 0.5687360971697669, -0.0063064053437287765]","[-0.414193626047447, 1.440059400053136, 1.8099173838018507, 1.4457798031723321, 0.5687360971697669, -0.0063064053437287765]",1.8099173838018507,1.8099173838018507,0.037943375790430466,-0.05508596294149169,0.03158901753642418,False,False,-0.007229042515302098,-0.005972669361385512,0.0,nan,0.0,0.025133777955221426,-0.00034952582707339604,0.0,nan,0.0,0.03158901753642418,-0.002133838603887269,0.0,nan,0.0,0.025233617824192756,-0.003940193784056918,0.0,nan,0.0,0.009926317470554835,-0.6722150847647478,0.0,nan,0.0,-0.00011006753721343188,0.006994593844627262,0.0,nan,0.0
12.206,18.44492275599987,ARM_AND_OFFBOARD,INITIAL_HOLD,NEUTRAL,0.007133017294108868,0.00721804378554225,0.06538005918264389,-0.0161261186003685,0.005382340867072344,-0.002328781643882394,-0.020565591752529144,0.011064605787396431,-0.030025610700249672,-0.01982614324162524,0.026156713641630993,-0.05514044456107089,-0.0010125599801540375,-0.004702236969023943,0.002107995562255383,0.07161595027530192,0.07161595027530192,1.0024729461716322,0.07161595027530192,nan,"[-0.41582505149631477, 1.4400502992339188, 1.8099754524145324, 1.4457115131484775, 0.5693196991874367, -0.006263872168250793]","[-0.41582505149631477, 1.4400502992339188, 1.8099754524145324, 1.4457115131484775, 0.5693196991874367, -0.006263872168250793]",1.8099754524145324,1.8099754524145324,0.03803822239912282,-0.05514044456107089,0.03159003102490754,False,False,-0.007257516260885666,0.0025743606282472506,0.0,nan,0.0,0.02513361911596146,-0.00018355593099098126,0.0,nan,0.0,0.03159003102490754,-0.00203633867681472,0.0,nan,0.0,0.025232425938430225,-0.004291199659863097,0.0,nan,0.0,0.009936503247284456,-0.6491193919012052,0.0,nan,0.0,-0.00010932519326001255,0.006211679330495722,0.0,nan,0.0
12.263,18.571410603000004,ARM_AND_OFFBOARD,INITIAL_HOLD,NEUTRAL,0.007133017294108868,0.00721804378554225,0.06538005918264389,-0.015785299241542816,0.005289676133543253,-0.0026290095411241055,-0.01926547661423683,0.010854365304112434,-0.030346307903528214,-0.019689497854916492,0.026302224840297095,-0.05507946696244702,-0.001705725910142064,-0.004765588324517012,-0.0007184034911915654,0.07179276609313642,0.07179276609313642,1.0027672148206475,0.07179276609313642,nan,"[-0.42139880639717797, 1.4400745274805409, 1.8101844332925663, 1.4456092694105662, 0.5691175692325833, -0.0062267313679257455]","[-0.42139880639717797, 1.4400745274805409, 1.8101844332925663, 1.4456092694105662, 0.5691175692325833, -0.0062267313679257455]",1.8101844332925663,1.8101844332925663,0.03754829208771772,-0.05507946696244701,0.03159367842930294,False,False,-0.007354796635604899,0.0026646864548101022,0.0,nan,0.0,0.025134041978637,-0.00013397419969514554,0.0,nan,0.0,0.03159367842930294,-0.0019627741482255733,0.0,nan,0.0,0.02523064144856413,-0.0041897477319391896,0.0,nan,0.0,0.009932975414055356,-0.6492495670559423,0.0,nan,0.0,-0.0001086769640075147,0.006063654948496655,0.0,nan,0.0
12.264,18.652720512999622,ARM_AND_OFFBOARD,INITIAL_HOLD,NEUTRAL,0.007133017294108868,0.00721804378554225,0.06538005918264389,-0.015785299241542816,0.005289676133543253,-0.0026290095411241055,-0.01926547661423683,0.010854365304112434,-0.030346307903528214,-0.019689497854916492,0.026302224840297095,-0.05507946696244702,-0.001705725910142064,-0.004765588324517012,-0.0007184034911915654,0.07179276609313642,0.07179276609313642,1.0027672148206475,0.07179276609313642,nan,"[-0.42139880639717797, 1.4400745274805409, 1.8101844332925663, 1.4456092694105662, 0.5691175692325833, -0.0062267313679257455]","[-0.42139880639717797, 1.4400745274805409, 1.8101844332925663, 1.4456092694105662, 0.5691175692325833, -0.0062267313679257455]",1.8101844332925663,1.8101844332925663,0.03754829208771772,-0.05507946696244701,0.03159367842930294,False,False,-0.007354796635604899,0.0026646864548101022,0.0,nan,0.0,0.025134041978637,-0.00013397419969514554,0.0,nan,0.0,0.03159367842930294,-0.0019627741482255733,0.0,nan,0.0,0.02523064144856413,-0.0041897477319391896,0.0,nan,0.0,0.009932975414055356,-0.6492495670559423,0.0,nan,0.0,-0.0001086769640075147,0.006063654948496655,0.0,nan,0.0
12.28,18.72708365499966,ARM_AND_OFFBOARD,INITIAL_HOLD,NEUTRAL,0.007133017294108868,0.00721804378554225,0.06538005918264389,-0.015613077208399773,0.0052615622989833355,-0.0028934567235410213,-0.01950296200811863,0.010776501148939133,-0.030810434371232986,-0.019715790219250153,0.026352679030674394,-0.055151178510434204,0.005477765575051308,-0.0007717146072536709,-0.0018422284629195929,0.07198948262848112,0.07198948262848112,1.0030287821177588,0.07198948262848112,nan,"[-0.4233002155073062, 1.440100430253479, 1.8102596290847812, 1.4455844456166318, 0.5685419709899326, -0.006356746102550161]","[-0.4233002155073062, 1.440100430253479, 1.8102596290847812, 1.4455844456166318, 0.5685419709899326, -0.006356746102550161]",1.8102596290847812,1.8102596290847812,0.03802343185783288,-0.055151178510434204,0.031594990843460735,True,False,-0.007387982485004052,-0.005683660843774805,0.0,nan,0.0,0.025134494067310165,-0.00021340100701538946,0.0,nan,0.0,0.031594990843460735,-0.002046117977436571,0.0,nan,0.0,0.025230208191627135,-0.0038072426514274443,0.0,nan,0.0,0.00992292932955241,-0.675777903383848,0.0,nan,0.0,-0.00011094614920281742,0.00717223467750811,0.0,nan,0.0
12.28,18.803698388000157,ARM_AND_OFFBOARD,INITIAL_HOLD,NEUTRAL,0.007133017294108868,0.00721804378554225,0.06538005918264389,-0.015613077208399773,0.0052615622989833355,-0.0028934567235410213,-0.01950296200811863,0.010776501148939133,-0.030810434371232986,-0.019715790219250153,0.026352679030674394,-0.055151178510434204,0.005477765575051308,-0.0007717146072536709,-0.0018422284629195929,0.07198948262848112,0.07198948262848112,1.0030287821177588,0.07198948262848112,nan,"[-0.4233002155073062, 1.440100430253479, 1.8102596290847812, 1.4455844456166318, 0.5685419709899326, -0.006356746102550161]","[-0.4233002155073062, 1.440100430253479, 1.8102596290847812, 1.4455844456166318, 0.5685419709899326, -0.006356746102550161]",1.8102596290847812,1.8102596290847812,0.03802343185783288,-0.055151178510434204,0.031594990843460735,True,False,-0.007387982485004052,-0.005683660843774805,0.0,nan,0.0,0.025134494067310165,-0.00021340100701538946,0.0,nan,0.0,0.031594990843460735,-0.002046117977436571,0.0,nan,0.0,0.025230208191627135,-0.0038072426514274443,0.0,nan,0.0,0.00992292932955241,-0.675777903383848,0.0,nan,0.0,-0.00011094614920281742,0.00717223467750811,0.0,nan,0.0
12.304,18.887317087000156,ARM_AND_OFFBOARD,INITIAL_HOLD,NEUTRAL,0.007133017294108868,0.00721804378554225,0.06538005918264389,-0.015410369262099266,0.005267076659947634,-0.00374449766241014,-0.019859934225678444,0.011086910963058472,-0.0323607474565506,-0.019586509348627643,0.026389896014482998,-0.05519266269087446,0.004171933047473431,-0.008190709166228771,0.003297518705949188,0.07273386356555578,0.07273386356555578,1.0038766050490966,0.07273386356555578,nan,"[-0.4251396521963642, 1.440091898237791, 1.810306036625617, 1.4455477960858516, 0.5687538130589797, -0.006309791676074354]","[-0.4251396521963642, 1.440091898237791, 1.810306036625617, 1.4455477960858516, 0.5687538130589797, -0.006309791676074354]",1.810306036625617,1.810306036625617,0.03955445054728616,-0.05519266269087445,0.031595800807846075,True,False,-0.007420086711610097,-0.0055131782581708515,0.0,nan,0.0,0.02513434515554458,-0.0001850794208276737,0.0,nan,0.0,0.031595800807846075,-0.0020436912950805774,0.0,nan,0.0,0.025229568536645708,-0.0038201225250323882,0.0,nan,0.0,0.009926626671151517,-0.6709434600355084,0.0,nan,0.0,-0.00011012663986242899,0.007022528636489546,0.0,nan,0.0
12.343,18.963893422999718,ARM_AND_OFFBOARD,INITIAL_HOLD,NEUTRAL,0.007133017294108868,0.00721804378554225,0.06538005918264389,-0.015345778316259384,0.0052838874980807304,-0.004045785404741764,-0.01944253034889698,0.010622664354741573,-0.033328860998153687,-0.01952320718360293,0.026417299711514096,-0.05519604988537008,0.002493790816515684,-0.011004731059074402,-0.0007252405630424606,0.07299989800889357,0.07299989800889357,1.0041769523187878,0.07299989800889357,nan,"[-0.4282060142230885, 1.4401183829169222, 1.8104190169268022, 1.4454527211313284, 0.5688863097181274, -0.0062955358420219735]","[-0.4282060142230885, 1.4401183829169222, 1.8104190169268022, 1.4454527211313284, 0.5688863097181274, -0.0062955358420219735]",1.8104190169268022,1.8104190169268022,0.04002081907951819,-0.05519604988537008,0.03159777268609165,True,False,-0.007473604825034563,0.002705464339772744,0.0,nan,0.0,0.025134807400396753,-0.000507296862546505,0.0,nan,0.0,0.03159777268609165,-0.0024239809188614583,0.0,nan,0.0,0.025227909165653095,-0.004864452048647128,0.0,nan,0.0,0.009928939174101536,-0.6480695313401591,0.0,nan,0.0,-0.00010987782862059703,0.005984194501445883,0.0,nan,0.0
12.343,19.038563449999856,ARM_AND_OFFBOARD,INITIAL_HOLD,NEUTRAL,0.007133017294108868,0.00721804378554225,0.06538005918264389,-0.015345778316259384,0.0052838874980807304,-0.004045785404741764,-0.01944253034889698,0.010622664354741573,-0.033328860998153687,-0.01952320718360293,0.026417299711514096,-0.05519604988537008,0.002493790816515684,-0.011004731059074402,-0.0007252405630424606,0.07299989800889357,0.07299989800889357,1.0041769523187878,0.07299989800889357,nan,"[-0.4282060142230885, 1.4401183829169222, 1.8104190169268022, 1.4454527211313284, 0.5688863097181274, -0.0062955358420219735]","[-0.4282060142230885, 1.4401183829169222, 1.8104190169268022, 1.4454527211313284, 0.5688863097181274, -0.0062955358420219735]",1.8104190169268022,1.8104190169268022,0.04002081907951819,-0.05519604988537008,0.03159777268609165,True,False,-0.007473604825034563,0.002705464339772744,0.0,nan,0.0,0.025134807400396753,-0.000507296862546505,0.0,nan,0.0,0.03159777268609165,-0.0024239809188614583,0.0,nan,0.0,0.025227909165653095,-0.004864452048647128,0.0,nan,0.0,0.009928939174101536,-0.6480695313401591,0.0,nan,0.0,-0.00010987782862059703,0.005984194501445883,0.0,nan,0.0
12.35,19.20008671799951,ARM_AND_OFFBOARD,INITIAL_HOLD,NEUTRAL,0.007133017294108868,0.00721804378554225,0.06538005918264389,-0.015133187174797058,0.0051386067643761635,-0.004484897013753653,-0.020868422463536263,0.010303352028131485,-0.03360346704721451,-0.01947437552360527,0.02635804431467004,-0.05526791299557675,-0.002115190727636218,-0.00520033948123455,0.0038612254429608588,0.07335679944013826,0.07335679944013826,1.0046120280796351,0.07335679944013826,nan,"[-0.4282060142230885, 1.4401183829169222, 1.8104190169268022, 1.4454527211313284, 0.5688863097181274, -0.0062955358420219735]","[-0.4282060142230885, 1.4401183829169222, 1.8104190169268022, 1.4454527211313284, 0.5688863097181274, -0.0062955358420219735]",1.8104190169268022,1.8104190169268022,0.04087594790002377,-0.055267912995576755,0.03159777268609165,True,False,-0.007473604825034563,0.002705464339772744,0.0,nan,0.0,0.025134807400396753,-0.000507296862546505,0.0,nan,0.0,0.03159777268609165,-0.0024239809188614583,0.0,nan,0.0,0.025227909165653095,-0.004864452048647128,0.0,nan,0.0,0.009928939174101536,-0.6480695313401591,0.0,nan,0.0,-0.00010987782862059703,0.005984194501445883,0.0,nan,0.0
12.367,19.23898305700004,ARM_AND_OFFBOARD,INITIAL_HOLD,NEUTRAL,0.007133017294108868,0.00721804378554225,0.06538005918264389,-0.015020200051367283,0.0050527979619801044,-0.004941411782056093,-0.020980102941393852,0.010090325027704239,-0.03490064665675163,-0.019533901752607812,0.02633628921441216,-0.055202710490342616,-0.002115190727636218,-0.00520033948123455,0.0038612254429608588,0.07376016951493199,0.07376016951493199,1.005066355168324,0.07376016951493199,nan,"[-0.4298724555859364, 1.4401291150450273, 1.8104803869526989, 1.4454551456984919, 0.5685984287211314, -0.006304452677753415]","[-0.4298724555859364, 1.4401291150450273, 1.8104803869526989, 1.4454551456984919, 0.5685984287211314, -0.006304452677753415]",1.8104803869526989,1.8104803869526989,0.04195276529211902,-0.05520271049034261,0.03159884379510558,True,False,-0.00750268971360768,-0.0054095112275249595,0.0,nan,0.0,0.02513499471136793,-0.00019381025222531907,0.0,nan,0.0,0.03159884379510558,-0.0020444864966516394,0.0,nan,0.0,0.025227951482333033,-0.00380360346353076,0.0,nan,0.0,0.009923914702850034,-0.6718640974923659,0.0,nan,0.0,-0.00011003345676297016,0.006886513263560136,0.0,nan,0.0
12.402,19.312819122000292,ARM_AND_OFFBOARD,INITIAL_HOLD,NEUTRAL,0.007133017294108868,0.00721804378554225,0.06538005918264389,-0.014887843281030655,0.004943381063640118,-0.005996648222208023,-0.02122494764626026,0.009861514903604984,-0.035140614956617355,-0.019581520577784287,0.02642683039119857,-0.055224762342907796,0.001774366945028305,-0.002636956050992012,-0.000853026926051825,0.07473102937151332,0.07473102937151332,1.0061189497908374,0.07473102937151332,nan,"[-0.4326485424965366, 1.440138722682325, 1.8105750659557458, 1.4453803746399918, 0.5692150432730907, -0.006231956059350543]","[-0.4326485424965366, 1.440138722682325, 1.8105750659557458, 1.4453803746399918, 0.5692150432730907, -0.006231956059350543]",1.8105750659557458,1.8105750659557458,0.04222097462529437,-0.055224762342907796,0.03160049625544126,True,False,-0.007551141570519171,0.0030494270999533307,0.0,nan,0.0,0.025135162396272115,-8.013113039970394e-05,0.0,nan,0.0,0.03160049625544126,-0.0019377412444194625,0.0,nan,0.0,0.025226646481177006,-0.004130134400883473,0.0,nan,0.0,0.009934676656997432,-0.6428470727253048,0.0,nan,0.0,-0.00010876815207527812,0.006223703025606464,0.0,nan,0.0
12.402,19.38629620499978,ARM_AND_OFFBOARD,INITIAL_HOLD,NEUTRAL,0.007133017294108868,0.00721804378554225,0.06538005918264389,-0.014887843281030655,0.004943381063640118,-0.005996648222208023,-0.02122494764626026,0.009861514903604984,-0.035140614956617355,-0.019581520577784287,0.02642683039119857,-0.055224762342907796,0.001774366945028305,-0.002636956050992012,-0.000853026926051825,0.07473102937151332,0.07473102937151332,1.0061189497908374,0.07473102937151332,nan,"[-0.4326485424965366, 1.440138722682325, 1.8105750659557458, 1.4453803746399918, 0.5692150432730907, -0.006231956059350543]","[-0.4326485424965366, 1.440138722682325, 1.8105750659557458, 1.4453803746399918, 0.5692150432730907, -0.006231956059350543]",1.8105750659557458,1.8105750659557458,0.04222097462529437,-0.055224762342907796,0.03160049625544126,True,False,-0.007551141570519171,0.0030494270999533307,0.0,nan,0.0,0.025135162396272115,-8.013113039970394e-05,0.0,nan,0.0,0.03160049625544126,-0.0019377412444194625,0.0,nan,0.0,0.025226646481177006,-0.004130134400883473,0.0,nan,0.0,0.009934676656997432,-0.6428470727253048,0.0,nan,0.0,-0.00010876815207527812,0.006223703025606464,0.0,nan,0.0
12.418,19.46070734299974,ARM_AND_OFFBOARD,INITIAL_HOLD,NEUTRAL,0.007133017294108868,0.00721804378554225,0.06538005918264389,-0.014816034585237503,0.004881358239799738,-0.006788051687180996,-0.02145632542669773,0.009564819745719433,-0.03605307638645172,-0.019556107243458083,0.026498562131110653,-0.05528174147328276,0.003456377424299717,-0.004599791020154952,0.005812293384224177,0.07546825295620177,0.07546825295620177,1.0069088953620215,0.07546825295620177,nan,"[-0.43416707594018283, 1.4401739767044857, 1.810642924787884, 1.4453821265199929, 0.5684377007478661, -0.006302601145885371]","[-0.43416707594018283, 1.4401739767044857, 1.810642924787884, 1.4453821265199929, 0.5684377007478661, -0.006302601145885371]",1.810642924787884,1.810642924787884,0.043031197920947804,-0.05528174147328276,0.031601680615488625,True,False,-0.007577644978912446,-0.005322851225932646,0.0,nan,0.0,0.02513577769503339,-0.00018323257261874395,0.0,nan,0.0,0.031601680615488625,-0.0020285212766226056,0.0,nan,0.0,0.025226677057251123,-0.0037654897234655786,0.0,nan,0.0,0.009921109470516498,-0.6722365869485605,0.0,nan,0.0,-0.0001100011414356672,0.0069029053144855764,0.0,nan,0.0
12.467,19.57619191499998,ARM_AND_OFFBOARD,INITIAL_HOLD,NEUTRAL,0.007133017294108868,0.00721804378554225,0.06538005918264389,-0.014561871066689491,0.004696647636592388,-0.01059455145150423,-0.018664943054318428,0.009115656837821007,-0.03908991441130638,-0.019499415946430253,0.026658450955980954,-0.055169749392776656,0.0006509462837129831,-0.008763853460550308,0.004322192631661893,0.07905167348347444,0.07905167348347444,1.0107103709824354,0.07905167348347444,nan,"[-0.43667020148975355, 1.4401913521185767, 1.8107286145259291, 1.4453128543450253, 0.5690449954194212, -0.006199535792381959]","[-0.43667020148975355, 1.4401913521185767, 1.8107286145259291, 1.4453128543450253, 0.5690449954194212, -0.006199535792381959]",1.8107286145259291,1.8107286145259291,0.0442662027679032,-0.05516974939277666,0.031603176183552684,True,False,-0.007621332761343247,0.003135842300613246,0.0,nan,0.0,0.025136080953218176,-0.00016190919671333736,0.0,nan,0.0,0.031603176183552684,-0.002036014193825885,0.0,nan,0.0,0.025225468029717923,-0.004251839452026141,0.0,nan,0.0,0.00993170876206495,-0.6452535928793288,0.0,nan,0.0,-0.00010820231167230077,0.0059361444918534356,0.0,nan,0.0
12.492,19.650944037000045,ARM_AND_OFFBOARD,INITIAL_HOLD,NEUTRAL,0.007133017294108868,0.00721804378554225,0.06538005918264389,-0.0145076559856534,0.004679474979639053,-0.011764373630285263,-0.0184909887611866,0.009170501492917538,-0.040471285581588745,-0.019464373736760614,0.026635980687930695,-0.055194430572494145,0.0019647583831101656,-0.005961006041616201,0.0034796176478266725,0.08016250111874168,0.08016250111874168,1.0118792009502748,0.08016250111874168,nan,"[-0.4381182727116096, 1.4402264823315654, 1.8107910954840554, 1.4453090766804377, 0.5683963833787014, -0.006305390462011245]","[-0.4381182727116096, 1.4402264823315654, 1.8107910954840554, 1.4453090766804377, 0.5683963833787014, -0.006305390462011245]",1.8107910954840554,1.8107910954840554,0.045430603337667054,-0.055194430572494145,0.03160426668199179,True,False,-0.007646606371968012,-0.00524857586716934,0.0,nan,0.0,0.025136694091101752,-0.00019056218790187995,0.0,nan,0.0,0.03160426668199179,-0.0020398660083205352,0.0,nan,0.0,0.025225402097032834,-0.0037701216800560757,0.0,nan,0.0,0.00992038834638631,-0.6726434858160688,0.0,nan,0.0,-0.00011004982418594267,0.006934459327663904,0.0,nan,0.0
12.492,19.72677550699973,ARM_AND_OFFBOARD,INITIAL_HOLD,NEUTRAL,0.007133017294108868,0.00721804378554225,0.06538005918264389,-0.0145076559856534,0.004679474979639053,-0.011764373630285263,-0.0184909887611866,0.009170501492917538,-0.040471285581588745,-0.019464373736760614,0.026635980687930695,-0.055194430572494145,0.0019647583831101656,-0.005961006041616201,0.0034796176478266725,0.08016250111874168,0.08016250111874168,1.0118792009502748,0.08016250111874168,nan,"[-0.4381182727116096, 1.4402264823315654, 1.8107910954840554, 1.4453090766804377, 0.5683963833787014, -0.006305390462011245]","[-0.4381182727116096, 1.4402264823315654, 1.8107910954840554, 1.4453090766804377, 0.5683963833787014, -0.006305390462011245]",1.8107910954840554,1.8107910954840554,0.045430603337667054,-0.055194430572494145,0.03160426668199179,True,False,-0.007646606371968012,-0.00524857586716934,0.0,nan,0.0,0.025136694091101752,-0.00019056218790187995,0.0,nan,0.0,0.03160426668199179,-0.0020398660083205352,0.0,nan,0.0,0.025225402097032834,-0.0037701216800560757,0.0,nan,0.0,0.00992038834638631,-0.6726434858160688,0.0,nan,0.0,-0.00011004982418594267,0.006934459327663904,0.0,nan,0.0
12.529,19.80723765499988,ARM_AND_OFFBOARD,INITIAL_HOLD,NEUTRAL,0.007133017294108868,0.00721804378554225,0.06538005918264389,-0.014402011409401894,0.004660243168473244,-0.01454538106918335,-0.017755575478076935,0.008229725994169712,-0.041706815361976624,-0.019402431325907098,0.02664960744722491,-0.055243314435994256,0.0036871875636279583,-0.005219619255512952,0.008055388927459717,0.08281531141465398,0.08281531141465398,1.014658300142388,0.08281531141465398,nan,"[-0.44040156402323793, 1.4402373388901957, 1.810862440362236, 1.4452536855831102, 0.56891285101332, -0.006175557132842086]","[-0.44040156402323793, 1.4402373388901957, 1.810862440362236, 1.4452536855831102, 0.56891285101332, -0.006175557132842086]",1.810862440362236,1.810862440362236,0.04607002602706893,-0.055243314435994256,0.031605511885020476,True,False,-0.007686457323138107,0.0032033896173423674,0.0,nan,0.0,0.025136883573795288,-0.00012575941057493985,0.0,nan,0.0,0.031605511885020476,-0.001977479712150951,0.0,nan,0.0,0.025224435340008178,-0.0041670222432888555,0.0,nan,0.0,0.009929402407090393,-0.6456747180401162,0.0,nan,0.0,-0.00010778380511311525,0.0058328769819608285,0.0,nan,0.0
12.557,19.883237516999543,ARM_AND_OFFBOARD,INITIAL_HOLD,NEUTRAL,0.007133017294108868,0.00721804378554225,0.06538005918264389,-0.014273909851908684,0.004488558042794466,-0.0160585455596447,-0.01815996877849102,0.007590200286358595,-0.04171403497457504,-0.019347178425047476,0.026683488195861277,-0.05519205169554328,-0.00036705128150060773,-0.0035423685330897565,0.003306793980300427,0.08424934993592222,0.08424934993592222,1.0161687161394728,0.08424934993592222,nan,"[-0.442991647247476, 1.4402748563617795, 1.8109459744905414, 1.4452199730070052, 0.5684966897506828, -0.006265589791794971]","[-0.442991647247476, 1.4402748563617795, 1.8109459744905414, 1.4452199730070052, 0.5684966897506828, -0.006265589791794971]",1.8109459744905414,1.8109459744905414,0.04612435712595761,-0.05519205169554328,0.03160696983059719,True,False,-0.007731662803301731,-0.0050191868047722,0.0,nan,0.0,0.02513753837720145,-0.00018877443055763995,0.0,nan,0.0,0.03160696983059719,-0.002067396357456152,0.0,nan,0.0,0.025223846944555817,-0.0038079183191768035,0.0,nan,0.0,0.009922139022838117,-0.668261425257628,0.0,nan,0.0,-0.00010935517144616824,0.006844316043872733,0.0,nan,0.0
12.557,19.957911843000147,ARM_AND_OFFBOARD,INITIAL_HOLD,NEUTRAL,0.007133017294108868,0.00721804378554225,0.06538005918264389,-0.014273909851908684,0.004488558042794466,-0.0160585455596447,-0.01815996877849102,0.007590200286358595,-0.04171403497457504,-0.019347178425047476,0.026683488195861277,-0.05519205169554328,-0.00036705128150060773,-0.0035423685330897565,0.003306793980300427,0.08424934993592222,0.08424934993592222,1.0161687161394728,0.08424934993592222,nan,"[-0.442991647247476, 1.4402748563617795, 1.8109459744905414, 1.4452199730070052, 0.5684966897506828, -0.006265589791794971]","[-0.442991647247476, 1.4402748563617795, 1.8109459744905414, 1.4452199730070052, 0.5684966897506828, -0.006265589791794971]",1.8109459744905414,1.8109459744905414,0.04612435712595761,-0.05519205169554328,0.03160696983059719,True,False,-0.007731662803301731,-0.0050191868047722,0.0,nan,0.0,0.02513753837720145,-0.00018877443055763995,0.0,nan,0.0,0.03160696983059719,-0.002067396357456152,0.0,nan,0.0,0.025223846944555817,-0.0038079183191768035,0.0,nan,0.0,0.009922139022838117,-0.668261425257628,0.0,nan,0.0,-0.00010935517144616824,0.006844316043872733,0.0,nan,0.0
12.584,20.03324303699992,ARM_AND_OFFBOARD,INITIAL_HOLD,NEUTRAL,0.007133017294108868,0.00721804378554225,0.06538005918264389,-0.014128812588751316,0.004239700734615326,-0.018650764599442482,-0.017748065292835236,0.00739194406196475,-0.04350866377353668,-0.019275189458334237,0.026660839585680284,-0.05520020727474434,0.004876104649156332,-0.009114200249314308,0.0027476125396788133,0.08673012903710418,0.08673012903710418,1.0187575661689663,0.08673012903710418,nan,"[-0.4437398923427051, 1.4402955054304765, 1.810992380749283, 1.4452113764022922, 0.5685702059519684, -0.006138994366168626]","[-0.4437398923427051, 1.4402955054304765, 1.810992380749283, 1.4452113764022922, 0.5685702059519684, -0.006138994366168626]",1.810992380749283,1.810992380749283,0.04756719964442538,-0.05520020727474434,0.03160777977260576,True,False,-0.007744722143825378,0.003332841618689384,0.0,nan,0.0,0.025137898771437683,-0.00011744944254941554,0.0,nan,0.0,0.03160777977260576,-0.0019646251372811606,0.0,nan,0.0,0.025223696905499082,-0.004152074868488808,0.0,nan,0.0,0.009923422122604109,-0.6459736393348601,0.0,nan,0.0,-0.00010714566445102491,0.005802940563077028,0.0,nan,0.0
12.61,20.11013815499973,ARM_AND_OFFBOARD,INITIAL_HOLD,NEUTRAL,0.007133017294108868,0.00721804378554225,0.06538005918264389,-0.014081020839512348,0.004153846763074398,-0.019806595519185066,-0.01713651232421398,0.006844634190201759,-0.04356469213962555,-0.01933576500900201,0.026717205253217725,-0.05517139953107288,0.006661608815193176,-0.004492111504077911,-0.0008998240809887642,0.08784185139565237,0.08784185139565237,1.0199122618417944,0.08784185139565237,nan,"[-0.4449457955560193, 1.440289538393009, 1.8110039115553287, 1.445151177214144, 0.5691962064938147, -0.006231404270262188]","[-0.4449457955560193, 1.440289538393009, 1.8110039115553287, 1.445151177214144, 0.5691962064938147, -0.006231404270262188]",1.8110039115553287,1.8110039115553287,0.04731164204565266,-0.05517139953107289,0.031607981023136666,True,False,-0.007765769125358091,0.003322135533506961,0.0,nan,0.0,0.025137794626987287,-0.0001505880404547254,0.0,nan,0.0,0.031607981023136666,-0.0019313897389071127,0.0,nan,0.0,0.025222646231458867,-0.004037512071237044,0.0,nan,0.0,0.009934347893178597,-0.6404277198694885,0.0,nan,0.0,-0.00010875852153890975,0.006125771609684947,0.0,nan,0.0
12.636,20.25719901299999,ARM_AND_OFFBOARD,INITIAL_HOLD,NEUTRAL,0.007133017294108868,0.00721804378554225,0.06538005918264389,-0.014018186368048191,0.004059342201799154,-0.021378837525844574,-0.017524434253573418,0.008175111375749111,-0.043859850615262985,-0.019271736439272776,0.026750565630937632,-0.055190852088125464,-0.0018192643765360117,-0.004324172157794237,0.0014054459752514963,0.08935578867721641,0.08935578867721641,1.0214830970475264,0.08935578867721641,nan,"[-0.44725859210994184, 1.4403499303518286, 1.8110998369561289, 1.4451718965745244, 0.5679840186790497, -0.006193576351198643]","[-0.44725859210994184, 1.4403499303518286, 1.8110998369561289, 1.4451718965745244, 0.5679840186790497, -0.006193576351198643]",1.8110998369561289,1.8110998369561289,0.04793354501710576,-0.055190852088125464,0.03160965523721693,True,False,-0.007806135040152817,-0.005217761387089306,0.0,nan,0.0,0.025138848665510416,-0.00019350509719534117,0.0,nan,0.0,0.03160965523721693,-0.002091842702683155,0.0,nan,0.0,0.02522300785251641,-0.003988933633735712,0.0,nan,0.0,0.00991319122465839,-0.6688760907540912,0.0,nan,0.0,-0.00010809829980207297,0.006763725219955297,0.0,nan,0.0
12.67,20.330407906999426,ARM_AND_OFFBOARD,INITIAL_HOLD,NEUTRAL,0.007133017294108868,0.00721804378554225,0.06538005918264389,-0.013969575054943562,0.003985935356467962,-0.023624079301953316,-0.01670893281698227,0.00819788035005331,-0.04569235071539879,-0.019251722461473247,0.026777733193359403,-0.055266331400991825,-0.0014888931764289737,-0.0008920536492951215,-0.0005064104916527866,0.09152869821063193,0.09152869821063193,1.0237271572223983,0.09152869821063193,nan,"[-0.4478797235186424, 1.44034871164144, 1.8111155466309372, 1.4451133005912722, 0.5689145176912482, -0.006163412280258448]","[-0.4478797235186424, 1.44034871164144, 1.8111155466309372, 1.4451133005912722, 0.5689145176912482, -0.006163412280258448]",1.8111155466309372,1.8111155466309372,0.04933745627832085,-0.055266331400991825,0.03160992942276675,True,False,-0.007816975828322192,0.0034790174500209034,0.0,nan,0.0,0.025138827395001506,-0.0001525351271166002,0.0,nan,0.0,0.03160992942276675,-0.0020370124067204897,0.0,nan,0.0,0.025221985159680216,-0.004231885838640493,0.0,nan,0.0,0.00992943149610781,-0.6427240803890062,0.0,nan,0.0,-0.00010757183744836141,0.005767510109346697,0.0,nan,0.0
12.708,20.408899248000125,ARM_AND_OFFBOARD,INITIAL_HOLD,NEUTRAL,0.007133017294108868,0.00721804378554225,0.06538005918264389,-0.013971212320029736,0.003939952235668898,-0.025725219398736954,-0.017075492069125175,0.006530729588121176,-0.047831907868385315,-0.01934489473671354,0.026955856233301025,-0.05540526121906584,0.0002709458349272609,0.0021610010880976915,-0.00149290484841913,0.093575136533198,0.093575136533198,1.0258279308480043,0.093575136533198,nan,"[-0.4500203177307973, 1.4403852690740433, 1.8111847006294184, 1.445098743915524, 0.5685507854274263, -0.006230552805240635]","[-0.4500203177307973, 1.4403852690740433, 1.8111847006294184, 1.445098743915524, 0.5685507854274263, -0.006230552805240635]",1.8111847006294184,1.8111847006294184,0.051206584231772566,-0.05540526121906583,0.031611136387731165,True,False,-0.00785433624527343,-0.004849283060923876,0.0,nan,0.0,0.02513946544256651,-0.0001746291314388833,0.0,nan,0.0,0.031611136387731165,-0.0020106968214654687,0.0,nan,0.0,0.02522173109776027,-0.0036937443447140218,0.0,nan,0.0,0.009923083170508384,-0.6644609353540698,0.0,nan,0.0,-0.00010874366067081809,0.006847243743405833,0.0,nan,0.0
12.748,20.48282140900028,ARM_AND_OFFBOARD,INITIAL_HOLD,NEUTRAL,0.007133017294108868,0.00721804378554225,0.06538005918264389,-0.01386576984077692,0.0036150850355625153,-0.027509871870279312,-0.017619162797927856,0.006171591114252806,-0.0482281930744648,-0.01924965882565501,0.02698334685792138,-0.055482996414393894,0.000109313172288239,-0.003342647105455398,0.002250362886115909,0.0953019919199338,0.0953019919199338,1.027609782555601,0.0953019919199338,nan,"[-0.4515614149159907, 1.4404291659616013, 1.8112423173691445, 1.4450293488386314, 0.5686195962147963, -0.006226921349988423]","[-0.4515614149159907, 1.4404291659616013, 1.8112423173691445, 1.4450293488386314, 0.5686195962147963, -0.006226921349988423]",1.8112423173691445,1.8112423173691445,0.05171539463070221,-0.055482996414393894,0.03161214198954365,True,False,-0.007881233465248272,0.003379403401634855,0.0,nan,0.0,0.025140231587785777,-0.0004926677489492867,0.0,nan,0.0,0.03161214198954365,-0.0024294963412099056,0.0,nan,0.0,0.025220519925183815,-0.004826745638034071,0.0,nan,0.0,0.009924284145308881,-0.6436754747027881,0.0,nan,0.0,-0.00010868027982002815,0.005687016300746195,0.0,nan,0.0
12.797,20.596939344999555,ARM_AND_OFFBOARD,INITIAL_HOLD,NEUTRAL,0.007133017294108868,0.00721804378554225,0.06538005918264389,-0.013718506321310997,0.0032161579001694918,-0.028875727206468582,-0.017119623720645905,0.007973732426762581,-0.048522934317588806,-0.019256058114190025,0.027078757621619036,-0.055494326690241694,0.0010706521570682526,-0.0001866702223196624,0.001285779639147222,0.09661756773772541,0.09661756773772541,1.0289722071669216,0.09661756773772541,nan,"[-0.45391212276072945, 1.4404591360948358, 1.8113197745344658, 1.4449993132135015, 0.5690946634996294, -0.006207253224302358]","[-0.45391212276072945, 1.4404591360948358, 1.8113197745344658, 1.4449993132135015, 0.5690946634996294, -0.006207253224302358]",1.8113197745344658,1.8113197745344658,0.052068580544692634,-0.055494326690241694,0.03161349387210777,True,False,-0.007922261056891422,0.003561058390778105,0.0,nan,0.0,0.02514075466528798,-0.0001469824353083301,0.0,nan,0.0,0.03161349387210777,-0.0019329645569778542,0.0,nan,0.0,0.025219995704632403,-0.004024300583022692,0.0,nan,0.0,0.009932575633597729,-0.638793231985836,0.0,nan,0.0,-0.00010833700626911025,0.006018044195412895,0.0,nan,0.0
12.797,20.67137868000009,ARM_AND_OFFBOARD,INITIAL_HOLD,NEUTRAL,0.007133017294108868,0.00721804378554225,0.06538005918264389,-0.013718506321310997,0.0032161579001694918,-0.028875727206468582,-0.017119623720645905,0.007973732426762581,-0.048522934317588806,-0.019256058114190025,0.027078757621619036,-0.055494326690241694,0.0010706521570682526,-0.0001866702223196624,0.001285779639147222,0.09661756773772541,0.09661756773772541,1.0289722071669216,0.09661756773772541,nan,"[-0.45391212276072945, 1.4404591360948358, 1.8113197745344658, 1.4449993132135015, 0.5690946634996294, -0.006207253224302358]","[-0.45391212276072945, 1.4404591360948358, 1.8113197745344658, 1.4449993132135015, 0.5690946634996294, -0.006207253224302358]",1.8113197745344658,1.8113197745344658,0.052068580544692634,-0.055494326690241694,0.03161349387210777,True,False,-0.007922261056891422,0.003561058390778105,0.0,nan,0.0,0.02514075466528798,-0.0001469824353083301,0.0,nan,0.0,0.03161349387210777,-0.0019329645569778542,0.0,nan,0.0,0.025219995704632403,-0.004024300583022692,0.0,nan,0.0,0.009932575633597729,-0.638793231985836,0.0,nan,0.0,-0.00010833700626911025,0.006018044195412895,0.0,nan,0.0
12.82,20.748326095000266,ARM_AND_OFFBOARD,INITIAL_HOLD,NEUTRAL,0.007133017294108868,0.00721804378554225,0.06538005918264389,-0.013677483424544334,0.0030952277593314648,-0.029377348721027374,-0.016658421605825424,0.008042006753385067,-0.04956386238336563,-0.019248237369877127,0.027180339171678343,-0.055484612630983365,-0.0032433434389531612,-0.008219823241233826,0.0038001765497028836,0.09710324868288284,0.09710324868288284,1.0294728651342113,0.09710324868288284,nan,"[-0.4547774687517834, 1.4405023892170583, 1.8113675949669503, 1.4450198908223608, 0.5682590335002242, -0.00624188904260939]","[-0.4547774687517834, 1.4405023892170583, 1.8113675949669503, 1.4450198908223608, 0.5682590335002242, -0.00624188904260939]",1.8113675949669503,1.8113675949669503,0.05290324505525279,-0.055484612630983365,0.03161432849610435,True,False,-0.007937364193604246,-0.004740142840153016,0.0,nan,0.0,0.02514150957468253,-0.00016677492155051695,0.0,nan,0.0,0.03161432849610435,-0.002027126170811653,0.0,nan,0.0,0.025220354851659188,-0.0037285348039967645,0.0,nan,0.0,0.00991799113877967,-0.6682020914927704,0.0,nan,0.0,-0.00010894151533769048,0.006630284548401793,0.0,nan,0.0
12.853,20.824980724999477,ARM_AND_OFFBOARD,INITIAL_HOLD,NEUTRAL,0.007133017294108868,0.00721804378554225,0.06538005918264389,-0.013593045994639397,0.0028571495786309242,-0.030629709362983704,-0.016147617250680923,0.008236013352870941,-0.05067165195941925,-0.019332454955355908,0.02713882623515747,-0.055580997754512515,0.007782614324241877,-0.005543353967368602,0.006334031932055951,0.09831817102610306,0.09831817102610306,1.03072330526905,0.09831817102610306,nan,"[-0.45565222492163154, 1.440511892598013, 1.8113884408992598, 1.4450114096151945, 0.5684029169838445, -0.006192976338591097]","[-0.45565222492163154, 1.440511892598013, 1.8113884408992598, 1.4450114096151945, 0.5684029169838445, -0.006192976338591097]",1.8113884408992598,1.8113884408992598,0.0538162965199174,-0.055580997754512515,0.0316146923262588,True,False,-0.007952631568920232,-0.004754377510115263,0.0,nan,0.0,0.025141675439970257,-0.00032353570142163086,0.0,nan,0.0,0.0316146923262588,-0.0021525149837799467,0.0,nan,0.0,0.02522020682666959,-0.0038761933779974224,0.0,nan,0.0,0.009920502379308083,-0.6640135417821361,0.0,nan,0.0,-0.0001080878276065178,0.006468041685449879,0.0,nan,0.0
12.858,20.89834551199965,ARM_AND_OFFBOARD,INITIAL_HOLD,NEUTRAL,0.007133017294108868,0.00721804378554225,0.06538005918264389,-0.013593045994639397,0.0028571495786309242,-0.030629709362983704,-0.016147617250680923,0.008236013352870941,-0.05067165195941925,-0.019332454955355908,0.02713882623515747,-0.055580997754512515,0.007782614324241877,-0.005543353967368602,0.006334031932055951,0.09831817102610306,0.09831817102610306,1.03072330526905,0.09831817102610306,nan,"[-0.45599144659402047, 1.440523049322687, 1.8114084763341785, 1.4449786710143446, 0.5688374303968547, -0.0061473504422226224]","[-0.45599144659402047, 1.440523049322687, 1.8114084763341785, 1.4449786710143446, 0.5688374303968547, -0.0061473504422226224]",1.8114084763341785,1.8114084763341785,0.0538162965199174,-0.055580997754512515,0.0316150420105652,True,False,-0.00795855210399754,0.003716242320489154,0.0,nan,0.0,0.025141870161549562,-0.00015823457351821061,0.0,nan,0.0,0.0316150420105652,-0.002048074195229523,0.0,nan,0.0,0.025219635430292264,-0.004227020199685544,0.0,nan,0.0,0.00992808606900919,-0.6415821070512719,0.0,nan,0.0,-0.0001072915054907142,0.005704734596234941,0.0,nan,0.0
12.86,20.979098044999773,ARM_AND_OFFBOARD,INITIAL_HOLD,NEUTRAL,0.007133017294108868,0.00721804378554225,0.06538005918264389,-0.013593045994639397,0.0028571495786309242,-0.030629709362983704,-0.016147617250680923,0.008236013352870941,-0.05067165195941925,-0.019332454955355908,0.02713882623515747,-0.055580997754512515,0.007782614324241877,-0.005543353967368602,0.006334031932055951,0.09831817102610306,0.09831817102610306,1.03072330526905,0.09831817102610306,nan,"[-0.45599144659402047, 1.440523049322687, 1.8114084763341785, 1.4449786710143446, 0.5688374303968547, -0.0061473504422226224]","[-0.45599144659402047, 1.440523049322687, 1.8114084763341785, 1.4449786710143446, 0.5688374303968547, -0.0061473504422226224]",1.8114084763341785,1.8114084763341785,0.0538162965199174,-0.055580997754512515,0.0316150420105652,True,False,-0.00795855210399754,0.003716242320489154,0.0,nan,0.0,0.025141870161549562,-0.00015823457351821061,0.0,nan,0.0,0.0316150420105652,-0.002048074195229523,0.0,nan,0.0,0.025219635430292264,-0.004227020199685544,0.0,nan,0.0,0.00992808606900919,-0.6415821070512719,0.0,nan,0.0,-0.0001072915054907142,0.005704734596234941,0.0,nan,0.0
12.862,21.061364606000097,ARM_AND_OFFBOARD,INITIAL_HOLD,NEUTRAL,0.007133017294108868,0.00721804378554225,0.06538005918264389,-0.013593045994639397,0.0028571495786309242,-0.030629709362983704,-0.016147617250680923,0.008236013352870941,-0.05067165195941925,-0.019332454955355908,0.02713882623515747,-0.055580997754512515,0.007782614324241877,-0.005543353967368602,0.006334031932055951,0.09831817102610306,0.09831817102610306,1.03072330526905,0.09831817102610306,nan,"[-0.45599144659402047, 1.440523049322687, 1.8114084763341785, 1.4449786710143446, 0.5688374303968547, -0.0061473504422226224]","[-0.45599144659402047, 1.440523049322687, 1.8114084763341785, 1.4449786710143446, 0.5688374303968547, -0.0061473504422226224]",1.8114084763341785,1.8114084763341785,0.0538162965199174,-0.055580997754512515,0.0316150420105652,True,False,-0.00795855210399754,0.003716242320489154,0.0,nan,0.0,0.025141870161549562,-0.00015823457351821061,0.0,nan,0.0,0.0316150420105652,-0.002048074195229523,0.0,nan,0.0,0.025219635430292264,-0.004227020199685544,0.0,nan,0.0,0.00992808606900919,-0.6415821070512719,0.0,nan,0.0,-0.0001072915054907142,0.005704734596234941,0.0,nan,0.0
12.889,21.13875489899965,ARM_AND_OFFBOARD,INITIAL_HOLD,NEUTRAL,0.007133017294108868,0.00721804378554225,0.06538005918264389,-0.013562864623963833,0.0027189627289772034,-0.03163399547338486,-0.017000015825033188,0.009144877083599567,-0.05091815069317818,-0.019254769472754774,0.02714092066128894,-0.055492740600599194,-3.9286911487579346e-05,0.0011798985069617636,0.005460340529680252,0.09929898317466944,0.09929898317466944,1.0317267296486552,0.09929898317466944,nan,"[-0.4567852728311935, 1.4405648664648258, 1.8114522756251183, 1.4449875591603023, 0.568127881062056, -0.006254310622431866]","[-0.4567852728311935, 1.4405648664648258, 1.8114522756251183, 1.4449875591603023, 0.568127881062056, -0.006254310622431866]",1.8114522756251183,1.8114522756251183,0.05445445238856713,-0.05549274060059919,0.03161580645240214,True,False,-0.007972406985524927,-0.004715585004694179,0.0,nan,0.0,0.025142600008363658,-0.00018868020361743085,0.0,nan,0.0,0.03161580645240214,-0.0020486910863534765,0.0,nan,0.0,0.025219790557703625,-0.003748795604178553,0.0,nan,0.0,0.009915702096911616,-0.6693097574279363,0.0,nan,0.0,-0.00010915831280389199,0.006727652943371231,0.0,nan,0.0
12.901,21.27001231200029,ARM_AND_OFFBOARD,INITIAL_HOLD,NEUTRAL,0.007133017294108868,0.00721804378554225,0.06538005918264389,-0.013562864623963833,0.0027189627289772034,-0.03163399547338486,-0.017000015825033188,0.009144877083599567,-0.05091815069317818,-0.019254769472754774,0.02714092066128894,-0.055492740600599194,-3.9286911487579346e-05,0.0011798985069617636,0.005460340529680252,0.09929898317466944,0.09929898317466944,1.0317267296486552,0.09929898317466944,nan,"[-0.45759878687654626, 1.4405615304429522, 1.8114652313773694, 1.4449827204812984, 0.5684154098673774, -0.006212658812344552]","[-0.45759878687654626, 1.4405615304429522, 1.8114652313773694, 1.4449827204812984, 0.5684154098673774, -0.006212658812344552]",1.8114652313773694,1.8114652313773694,0.05445445238856713,-0.05549274060059919,0.03161603257293599,True,False,-0.007986605484127551,-0.0046088164345925685,0.0,nan,0.0,0.025142541783798045,-0.00018500184789539247,0.0,nan,0.0,0.03161603257293599,-0.002025663808225063,0.0,nan,0.0,0.02521970610682356,-0.003693605185952536,0.0,nan,0.0,0.0099207204212588,-0.6634402473045807,0.0,nan,0.0,-0.00010843135157845296,0.006786283793471011,0.0,nan,0.0
12.904,21.346154865000244,ARM_AND_OFFBOARD,INITIAL_HOLD,NEUTRAL,0.007133017294108868,0.00721804378554225,0.06538005918264389,-0.013580608181655407,0.002674926770851016,-0.032120250165462494,-0.01615205593407154,0.009241925552487373,-0.050056811422109604,-0.019272057690635364,0.027251403998863017,-0.055442724587263015,-3.9286911487579346e-05,0.0011798985069617636,0.005460340529680252,0.09977978009364347,0.09977978009364347,1.0322130588950278,0.09977978009364347,nan,"[-0.45759878687654626, 1.4405615304429522, 1.8114652313773694, 1.4449827204812984, 0.5684154098673774, -0.006212658812344552]","[-0.45759878687654626, 1.4405615304429522, 1.8114652313773694, 1.4449827204812984, 0.5684154098673774, -0.006212658812344552]",1.8114652313773694,1.8114652313773694,0.05340399300205685,-0.05544272458726301,0.03161603257293599,True,False,-0.007986605484127551,-0.0046088164345925685,0.0,nan,0.0,0.025142541783798045,-0.00018500184789539247,0.0,nan,0.0,0.03161603257293599,-0.002025663808225063,0.0,nan,0.0,0.02521970610682356,-0.003693605185952536,0.0,nan,0.0,0.0099207204212588,-0.6634402473045807,0.0,nan,0.0,-0.00010843135157845296,0.006786283793471011,0.0,nan,0.0
12.928,21.429330281000148,ARM_AND_OFFBOARD,INITIAL_HOLD,NEUTRAL,0.007133017294108868,0.00721804378554225,0.06538005918264389,-0.013596393167972565,0.0026599480770528316,-0.032458920031785965,-0.01635330356657505,0.009281485341489315,-0.05112670734524727,-0.019352856262796793,0.02734144918502841,-0.05548413770544392,-0.004011979326605797,-0.0009413667139597237,0.00010845332872122538,0.1001146869760618,0.1001146869760618,1.0325518673578353,0.1001146869760618,nan,"[-0.4578931996034302, 1.4405836776898462, 1.8114949177274697, 1.4449751123718106, 0.5685419342365114, -0.006106139781939625]","[-0.4578931996034302, 1.4405836776898462, 1.8114949177274697, 1.4449751123718106, 0.5685419342365114, -0.006106139781939625]",1.8114949177274697,1.8114949177274697,0.05447491818857003,-0.05548413770544392,0.031616550697488144,True,False,-0.007991743955571451,0.003733509268846342,0.0,nan,0.0,0.025142928326176595,-9.874277888737769e-05,0.0,nan,0.0,0.031616550697488144,-0.0019545946662222536,0.0,nan,0.0,0.025219573320263144,-0.004110857610115509,0.0,nan,0.0,0.009922928688084198,-0.642689044134279,0.0,nan,0.0,-0.00010657224378185504,0.005603692649195631,0.0,nan,0.0
12.929,21.505999807999615,ARM_AND_OFFBOARD,INITIAL_HOLD,NEUTRAL,0.007133017294108868,0.00721804378554225,0.06538005918264389,-0.013596393167972565,0.0026599480770528316,-0.032458920031785965,-0.01635330356657505,0.009281485341489315,-0.05112670734524727,-0.019352856262796793,0.02734144918502841,-0.05548413770544392,0.0002565773029346019,-0.00488359062001109,0.00514840241521597,0.1001146869760618,0.1001146869760618,1.0325518673578353,0.1001146869760618,nan,"[-0.4578931996034302, 1.4405836776898462, 1.8114949177274697, 1.4449751123718106, 0.5685419342365114, -0.006106139781939625]","[-0.4578931996034302, 1.4405836776898462, 1.8114949177274697, 1.4449751123718106, 0.5685419342365114, -0.006106139781939625]",1.8114949177274697,1.8114949177274697,0.05447491818857003,-0.05548413770544392,0.031616550697488144,True,False,-0.007991743955571451,0.003733509268846342,0.0,nan,0.0,0.025142928326176595,-9.874277888737769e-05,0.0,nan,0.0,0.031616550697488144,-0.0019545946662222536,0.0,nan,0.0,0.025219573320263144,-0.004110857610115509,0.0,nan,0.0,0.009922928688084198,-0.642689044134279,0.0,nan,0.0,-0.00010657224378185504,0.005603692649195631,0.0,nan,0.0
12.971,21.61231931600014,ARM_AND_OFFBOARD,INITIAL_HOLD,NEUTRAL,0.007133017294108868,0.00721804378554225,0.06538005918264389,-0.013416837900876999,0.0026642531156539917,-0.033108267933130264,-0.016416197642683983,0.009457802399992943,-0.05136462301015854,-0.019263998149055477,0.027418329757351933,-0.05554270441178013,0.005136457271873951,-0.005388859659433365,0.0017130186315625912,0.10071238323098,0.10071238323098,1.0331988206805673,0.10071238323098,nan,"[-0.45938693456023033, 1.4406212422520104, 1.8115396665021217, 1.444957660972945, 0.5682613612015338, -0.0062218414055054015]","[-0.45938693456023033, 1.4406212422520104, 1.8115396665021217, 1.444957660972945, 0.5682613612015338, -0.0062218414055054015]",1.8115396665021217,1.8115396665021217,0.05474729279386044,-0.05554270441178012,0.031617331710942054,True,False,-0.008017814548719748,-0.004578720014672093,0.0,nan,0.0,0.02514358395146843,-0.00018290909848492576,0.0,nan,0.0,0.031617331710942054,-0.0020565216945732127,0.0,nan,0.0,0.025219268735893863,-0.0037613681961619623,0.0,nan,0.0,0.009918031764831525,-0.6665025247931825,0.0,nan,0.0,-0.0001085916180629809,0.0065258613538391064,0.0,nan,0.0
12.971,21.688495067000076,ARM_AND_OFFBOARD,INITIAL_HOLD,NEUTRAL,0.007133017294108868,0.00721804378554225,0.06538005918264389,-0.013416837900876999,0.0026642531156539917,-0.033108267933130264,-0.016416197642683983,0.009457802399992943,-0.05136462301015854,-0.019263998149055477,0.027418329757351933,-0.05554270441178013,0.005136457271873951,-0.005388859659433365,0.0017130186315625912,0.10071238323098,0.10071238323098,1.0331988206805673,0.10071238323098,nan,"[-0.45938693456023033, 1.4406212422520104, 1.8115396665021217, 1.444957660972945, 0.5682613612015338, -0.0062218414055054015]","[-0.45938693456023033, 1.4406212422520104, 1.8115396665021217, 1.444957660972945, 0.5682613612015338, -0.0062218414055054015]",1.8115396665021217,1.8115396665021217,0.05474729279386044,-0.05554270441178012,0.031617331710942054,True,False,-0.008017814548719748,-0.004578720014672093,0.0,nan,0.0,0.02514358395146843,-0.00018290909848492576,0.0,nan,0.0,0.031617331710942054,-0.0020565216945732127,0.0,nan,0.0,0.025219268735893863,-0.0037613681961619623,0.0,nan,0.0,0.009918031764831525,-0.6665025247931825,0.0,nan,0.0,-0.0001085916180629809,0.0065258613538391064,0.0,nan,0.0
12.999,21.760749905999546,ARM_AND_OFFBOARD,INITIAL_HOLD,NEUTRAL,0.007133017294108868,0.00721804378554225,0.06538005918264389,-0.013329382985830307,0.0026864251121878624,-0.033536460250616074,-0.01547370757907629,0.009171467274427414,-0.0525803305208683,-0.019166684282084977,0.027427300363236436,-0.055560326597543536,8.558662375435233e-05,-0.002916134428232908,0.0020403254311531786,0.10111242856250484,0.10111242856250484,1.033625901377302,0.10111242856250484,nan,"[-0.4603395501725665, 1.4406410311107378, 1.8115731503832668, 1.444918701987163, 0.5689438957765947, -0.006162418577472874]","[-0.4603395501725665, 1.4406410311107378, 1.8115731503832668, 1.444918701987163, 0.5689438957765947, -0.006162418577472874]",1.8115731503832668,1.8115731503832668,0.05557195871923547,-0.055560326597543536,0.03161791611491438,True,False,-0.008034440827660916,0.003848425312500599,0.0,nan,0.0,0.025143929332208437,-7.985815851764143e-05,0.0,nan,0.0,0.03161791611491438,-0.001958264162969012,0.0,nan,0.0,0.02521858877331873,-0.004099961868641424,0.0,nan,0.0,0.009929944240425037,-0.6380784491468088,0.0,nan,0.0,-0.00010755449406296691,0.005926404609112024,0.0,nan,0.0
12.999,21.8342036869999,ARM_AND_OFFBOARD,INITIAL_HOLD,NEUTRAL,0.007133017294108868,0.00721804378554225,0.06538005918264389,-0.013329382985830307,0.0026864251121878624,-0.033536460250616074,-0.01547370757907629,0.009171467274427414,-0.0525803305208683,-0.019166684282084977,0.027427300363236436,-0.055560326597543536,8.558662375435233e-05,-0.002916134428232908,0.0020403254311531786,0.10111242856250484,0.10111242856250484,1.033625901377302,0.10111242856250484,nan,"[-0.4603395501725665, 1.4406410311107378, 1.8115731503832668, 1.444918701987163, 0.5689438957765947, -0.006162418577472874]","[-0.4603395501725665, 1.4406410311107378, 1.8115731503832668, 1.444918701987163, 0.5689438957765947, -0.006162418577472874]",1.8115731503832668,1.8115731503832668,0.05557195871923547,-0.055560326597543536,0.03161791611491438,True,False,-0.008034440827660916,0.003848425312500599,0.0,nan,0.0,0.025143929332208437,-7.985815851764143e-05,0.0,nan,0.0,0.03161791611491438,-0.001958264162969012,0.0,nan,0.0,0.02521858877331873,-0.004099961868641424,0.0,nan,0.0,0.009929944240425037,-0.6380784491468088,0.0,nan,0.0,-0.00010755449406296691,0.005926404609112024,0.0,nan,0.0
13.024,21.921896386999833,ARM_AND_OFFBOARD,INITIAL_HOLD,NEUTRAL,0.007133017294108868,0.00721804378554225,0.06538005918264389,-0.013275894336402416,0.0027143892366439104,-0.033880751579999924,-0.01511047501116991,0.00975064653903246,-0.05339366942644119,-0.019163350646950628,0.027464284218192022,-0.05556553832672311,-0.005433707498013973,-0.0009333841153420504,0.00330875045619905,0.10143724725905774,0.10143724725905774,1.033969547794801,0.10143724725905774,nan,"[-0.46099686487550345, 1.4406828048335725, 1.8116140011643982, 1.444937747854984, 0.5681398720347732, -0.006233669237446165]","[-0.46099686487550345, 1.4406828048335725, 1.8116140011643982, 1.444937747854984, 0.5681398720347732, -0.006233669237446165]",1.8116140011643982,1.8116140011643982,0.05634079780951293,-0.05556553832672311,0.031618629095547135,True,False,-0.008045913133448934,-0.004579026432841884,0.0,nan,0.0,0.025144658421212718,-0.00017223108780375592,0.0,nan,0.0,0.031618629095547135,-0.002033702021608238,0.0,nan,0.0,0.025218921186421106,-0.003724385222356728,0.0,nan,0.0,0.009915911378866049,-0.6678831843093198,0.0,nan,0.0,-0.00010879805267371978,0.00661810937842084,0.0,nan,0.0
13.062,22.000389527000152,ARM_AND_OFFBOARD,INITIAL_HOLD,NEUTRAL,0.007133017294108868,0.00721804378554225,0.06538005918264389,-0.013174773193895817,0.0028264308348298073,-0.034606944769620895,-0.014797302894294262,0.009952088817954063,-0.053202226758003235,-0.019249247840659532,0.027550472029387776,-0.05563785660475776,-0.0007886308012530208,-0.008074531331658363,-0.00012451953080017022,0.10212293365431573,0.10212293365431573,1.0346946861395898,0.10212293365431573,nan,"[-0.4618339070646979, 1.4407000283215738, 1.8116453815506421, 1.444915650223929, 0.5686845822185518, -0.006115236619916487]","[-0.4618339070646979, 1.4407000283215738, 1.8116453815506421, 1.444915650223929, 0.5686845822185518, -0.006115236619916487]",1.8116453815506421,1.8116453815506421,0.056111328417672766,-0.05563785660475776,0.03161917678660764,True,False,-0.008060522275628479,0.0038539773997801566,0.0,nan,0.0,0.025144959027787017,-0.00011771272156847979,0.0,nan,0.0,0.03161917678660764,-0.0019824279988524774,0.0,nan,0.0,0.025218535510002305,-0.004131267265528687,0.0,nan,0.0,0.009925418365042127,-0.6416878842189294,0.0,nan,0.0,-0.00010673101355607173,0.00556927354561863,0.0,nan,0.0
13.07,22.07440578099977,ARM_AND_OFFBOARD,INITIAL_HOLD,NEUTRAL,0.007133017294108868,0.00721804378554225,0.06538005918264389,-0.01314124371856451,0.0029091802425682545,-0.03512647747993469,-0.015003298409283161,0.009297428652644157,-0.054113972932100296,-0.019280738184649548,0.027521932881314878,-0.055660616184083106,-0.006048282142728567,-0.0034135808236896987,0.005286784842610359,0.10262151760984745,0.10262151760984745,1.0352139778790528,0.10262151760984745,nan,"[-0.4618339070646979, 1.4407000283215738, 1.8116453815506421, 1.444915650223929, 0.5686845822185518, -0.006115236619916487]","[-0.4618339070646979, 1.4407000283215738, 1.8116453815506421, 1.444915650223929, 0.5686845822185518, -0.006115236619916487]",1.8116453815506421,1.8116453815506421,0.056919796285695635,-0.055660616184083106,0.03161917678660764,True,False,-0.008060522275628479,0.0038539773997801566,0.0,nan,0.0,0.025144959027787017,-0.00011771272156847979,0.0,nan,0.0,0.03161917678660764,-0.0019824279988524774,0.0,nan,0.0,0.025218535510002305,-0.004131267265528687,0.0,nan,0.0,0.009925418365042127,-0.6416878842189294,0.0,nan,0.0,-0.00010673101355607173,0.00556927354561863,0.0,nan,0.0
13.087,22.153200705000017,ARM_AND_OFFBOARD,INITIAL_HOLD,NEUTRAL,0.007133017294108868,0.00721804378554225,0.06538005918264389,-0.013127801939845085,0.0029662426095455885,-0.035470228642225266,-0.014877169393002987,0.008962487801909447,-0.05505716800689697,-0.01935409580381584,0.027562709819988505,-0.05558817751726895,-0.006048282142728567,-0.0034135808236896987,0.005286784842610359,0.10295318918630017,0.10295318918630017,1.0355576913834268,0.10295318918630017,nan,"[-0.4624810596908543, 1.440721693279639, 1.8116610192823213, 1.444889180822707, 0.5685612369595167, -0.006190621117697479]","[-0.4624810596908543, 1.440721693279639, 1.8116610192823213, 1.444889180822707, 0.5685612369595167, -0.006190621117697479]",1.8116610192823213,1.8116610192823213,0.0577316906532899,-0.05558817751726895,0.03161944971651298,True,False,-0.008071817219717836,0.0036820791253587178,0.0,nan,0.0,0.02514533715263756,-0.0004797854043956809,0.0,nan,0.0,0.03161944971651298,-0.002421990374759453,0.0,nan,0.0,0.025218073531799945,-0.004797490113718705,0.0,nan,0.0,0.009923265584155239,-0.6411813107344887,0.0,nan,0.0,-0.0001080467212473124,0.005508297802282353,0.0,nan,0.0
13.131,22.26333582799998,ARM_AND_OFFBOARD,INITIAL_HOLD,NEUTRAL,0.007133017294108868,0.00721804378554225,0.06538005918264389,-0.013119379058480263,0.0031634371262043715,-0.036153752356767654,-0.014428224414587021,0.01032104343175888,-0.055828530341386795,-0.019390739909181193,0.027574238116534915,-0.05565408510820964,0.004234364256262779,-0.005379039794206618,0.006904914043843747,0.10361329199916897,0.10361329199916897,1.0362416339659113,0.10361329199916897,nan,"[-0.46322414676407186, 1.440763867298231, 1.8117254659053244, 1.4449368645144944, 0.5683157283458455, -0.006085222406280661]","[-0.46322414676407186, 1.440763867298231, 1.8117254659053244, 1.4449368645144944, 0.5683157283458455, -0.006085222406280661]",1.8117254659053244,1.8117254659053244,0.058579197650335604,-0.05565408510820964,0.03162057452227618,True,False,-0.00808478653577449,0.0038708996284230225,0.0,nan,0.0,0.02514607322812079,-0.00011410356350126529,0.0,nan,0.0,0.03162057452227618,-0.001970747470035051,0.0,nan,0.0,0.025218905769221145,-0.0041231169301166395,0.0,nan,0.0,0.009918980650504672,-0.6425339399119204,0.0,nan,0.0,-0.0001062071667057296,0.005569198374932978,0.0,nan,0.0
13.162,22.343076307000047,ARM_AND_OFFBOARD,INITIAL_HOLD,NEUTRAL,0.007133017294108868,0.00721804378554225,0.06538005918264389,-0.012903477996587753,0.0031358615960925817,-0.03637395054101944,-0.013703894801437855,0.009870911948382854,-0.05703088641166687,-0.019338210415894973,0.027585746605077673,-0.05555622289166825,-0.00036599746090359986,-0.00324652181006968,0.0009499692823737864,0.10378826450907318,0.10378826450907318,1.0364590193212453,0.10378826450907318,nan,"[-0.46439217261820304, 1.4407967431649, 1.811756123333271, 1.444917743882774, 0.5681582668426439, -0.00621573499928692]","[-0.46439217261820304, 1.4407967431649, 1.811756123333271, 1.444917743882774, 0.5681582668426439, -0.00621573499928692]",1.811756123333271,1.811756123333271,0.05947901848822029,-0.05555622289166825,0.03162110959533404,True,False,-0.008105172432677499,-0.0044668329456417875,0.0,nan,0.0,0.02514664702023861,-0.00016571638393465414,0.0,nan,0.0,0.03162110959533404,-0.002029197496916475,0.0,nan,0.0,0.02521857205124256,-0.003713967360704893,0.0,nan,0.0,0.009916232428828664,-0.6665334780160407,0.0,nan,0.0,-0.00010848504116900415,0.006515641228412883,0.0,nan,0.0
13.195,22.415169851999963,ARM_AND_OFFBOARD,INITIAL_HOLD,NEUTRAL,0.007133017294108868,0.00721804378554225,0.06538005918264389,-0.012563874013721943,0.0031214153859764338,-0.036766182631254196,-0.012051472440361977,0.009793227538466454,-0.05699547007679939,-0.01925487561642337,0.027666816300467956,-0.05558664336277564,0.0016036131419241428,-0.0010882613714784386,-0.0009350704494863747,0.10410861927880886,0.10410861927880886,1.0368470049202185,0.10410861927880886,nan,"[-0.46497204706507245, 1.4408047640475377, 1.8117689981539418, 1.4449172670699952, 0.5683182863924414, -0.006168080072639405]","[-0.46497204706507245, 1.4408047640475377, 1.8117689981539418, 1.4449172670699952, 0.5683182863924414, -0.006168080072639405]",1.8117689981539418,1.8117689981539418,0.059073081034226725,-0.05558664336277564,0.03162133430334535,True,False,-0.00811529315102355,-0.004489749269173142,0.0,nan,0.0,0.025146787011049554,-0.0003226762502793612,0.0,nan,0.0,0.03162133430334535,-0.002154644752651205,0.0,nan,0.0,0.025218563729289656,-0.003862220649054949,0.0,nan,0.0,0.00991902529684019,-0.6623581623360737,0.0,nan,0.0,-0.00010765330579420862,0.006357653969848851,0.0,nan,0.0
13.198,22.498751447999894,ARM_AND_OFFBOARD,INITIAL_HOLD,NEUTRAL,0.007133017294108868,0.00721804378554225,0.06538005918264389,-0.012563874013721943,0.0031214153859764338,-0.036766182631254196,-0.012051472440361977,0.009793227538466454,-0.05699547007679939,-0.01925487561642337,0.027666816300467956,-0.05558664336277564,0.0016036131419241428,-0.0010882613714784386,-0.0009350704494863747,0.10410861927880886,0.10410861927880886,1.0368470049202185,0.10410861927880886,nan,"[-0.46502167962677976, 1.4408147172127137, 1.8117817915686463, 1.4448928173604345, 0.5687604666097607, -0.0061226919040571525]","[-0.46502167962677976, 1.4408147172127137, 1.8117817915686463, 1.4448928173604345, 0.5687604666097607, -0.0061226919040571525]",1.8117817915686463,1.8117817915686463,0.059073081034226725,-0.05558664336277564,0.03162155759055452,True,False,-0.008116159402641543,0.003972819297088303,0.0,nan,0.0,0.02514696072655287,-0.00015595620435472543,0.0,nan,0.0,0.03162155759055452,-0.002048351454528557,0.0,nan,0.0,0.025218137001356666,-0.0042115812491558425,0.0,nan,0.0,0.009926742797519594,-0.6399390359419971,0.0,nan,0.0,-0.00010686113281099807,0.005594021615560676,0.0,nan,0.0
13.219,22.579801163999946,ARM_AND_OFFBOARD,INITIAL_HOLD,NEUTRAL,0.007133017294108868,0.00721804378554225,0.06538005918264389,-0.012435469776391983,0.003132274141535163,-0.036961231380701065,-0.01162412017583847,0.009603669866919518,-0.057382941246032715,-0.01923462427414193,0.027752427664440686,-0.055631489954178465,0.004038061015307903,-0.0011177998967468736,0.0022193249315023422,0.10427539956280794,0.10427539956280794,1.0370405235266542,0.10427539956280794,nan,"[-0.4655350198433026, 1.4408558980968982, 1.811819387598506, 1.4449102631085484, 0.5680529014601324, -0.006230131255795375]","[-0.4655350198433026, 1.4408558980968982, 1.811819387598506, 1.4449102631085484, 0.5680529014601324, -0.006230131255795375]",1.811819387598506,1.811819387598506,0.059330873841708716,-0.055631489954178465,0.03162221376506125,True,False,-0.008125118879602766,-0.004467455635603017,0.0,nan,0.0,0.02514767946857077,-0.00018644699817442988,0.0,nan,0.0,0.03162221376506125,-0.0020487519463619386,0.0,nan,0.0,0.025218441487101728,-0.003733632348756395,0.0,nan,0.0,0.009914393455986215,-0.6677229440930197,0.0,nan,0.0,-0.00010873630324503836,0.006620104431142837,0.0,nan,0.0
13.246,22.670428022000124,ARM_AND_OFFBOARD,INITIAL_HOLD,NEUTRAL,0.007133017294108868,0.00721804378554225,0.06538005918264389,-0.012123038060963154,0.003195923287421465,-0.03717898949980736,-0.009892201982438564,0.00981941819190979,-0.05730124190449715,-0.019116160552465965,0.027956780487979328,-0.05568008862057305,0.00041815286385826766,-0.003112094243988395,-0.003563475096598267,0.10442859564213437,0.10442859564213437,1.0372547605276767,0.10442859564213437,nan,"[-0.46605558779049433, 1.440856388368105, 1.811826532265809, 1.4449078467346466, 0.5683000614789625, -0.0061964162780408305]","[-0.46605558779049433, 1.440856388368105, 1.811826532265809, 1.4449078467346466, 0.5683000614789625, -0.0061964162780408305]",1.811826532265809,1.811826532265809,0.05897210321403392,-0.055680088620573054,0.03162233846302964,True,False,-0.00813420450426161,-0.0043512916045551926,0.0,nan,0.0,0.02514768802541756,-0.0001709477145117799,0.0,nan,0.0,0.03162233846302964,-0.0020591214220501003,0.0,nan,0.0,0.02521839931342118,-0.003760239590201795,0.0,nan,0.0,0.009918707212094091,-0.6636000366733861,0.0,nan,0.0,-0.0001081478658759849,0.006529227202065021,0.0,nan,0.0
13.273,22.752068009999675,TAKEOFF_TRANSITION,TAKEOFF_TRANSITION,NEUTRAL,0.007133017294108868,0.00721804378554225,0.06538005918264389,-0.011940243653953075,0.003262170823290944,-0.0373125895857811,-0.009433435276150703,0.009904463775455952,-0.05685211718082428,-0.01905193593021994,0.027985847753871473,-0.05569759585122566,0.0020928827580064535,-0.00017149938503280206,0.006205032113939524,0.10452376918749838,0.10452376918749838,1.037386437008965,0.10452376918749838,0.10452376918749838,"[-0.4660867177506002, 1.4408733824822886, 1.8118488875989407, 1.4449077359850864, 0.568522774634345, -0.006092108934524079]","[-0.4660867177506002, 1.4408733824822886, 1.8118488875989407, 1.4449077359850864, 0.568522774634345, -0.006092108934524079]",1.8118488875989407,1.8118488875989407,0.05847436473986544,-0.05569759585122566,0.03162272863719817,True,True,-0.008134747824561472,0.003966678672704137,0.0,nan,0.0,0.025147984628663522,-0.00010485709363531421,0.0,nan,0.0,0.03162272863719817,-0.001963621581824541,0.0,nan,0.0,0.02521839738047671,-0.004104017539529425,0.0,nan,0.0,0.00992259428994302,-0.6415895723858047,0.0,nan,0.0,-0.00010632735929760884,0.005541402014363964,0.0,nan,0.0
13.273,22.82771908399991,TAKEOFF_TRANSITION,TAKEOFF_TRANSITION,NEUTRAL,0.007133017294108868,0.00721804378554225,0.06538005918264389,-0.011940243653953075,0.003262170823290944,-0.0373125895857811,-0.009433435276150703,0.009904463775455952,-0.05685211718082428,-0.01905193593021994,0.027985847753871473,-0.05569759585122566,0.0020928827580064535,-0.00017149938503280206,0.006205032113939524,0.10452376918749838,0.10452376918749838,1.037386437008965,0.10452376918749838,0.10452376918749838,"[-0.4660867177506002, 1.4408733824822886, 1.8118488875989407, 1.4449077359850864, 0.568522774634345, -0.006092108934524079]","[-0.4660867177506002, 1.4408733824822886, 1.8118488875989407, 1.4449077359850864, 0.568522774634345, -0.006092108934524079]",1.8118488875989407,1.8118488875989407,0.05847436473986544,-0.05569759585122566,0.03162272863719817,True,True,-0.008134747824561472,0.003966678672704137,0.0,nan,0.0,0.025147984628663522,-0.00010485709363531421,0.0,nan,0.0,0.03162272863719817,-0.001963621581824541,0.0,nan,0.0,0.02521839738047671,-0.004104017539529425,0.0,nan,0.0,0.00992259428994302,-0.6415895723858047,0.0,nan,0.0,-0.00010632735929760884,0.005541402014363964,0.0,nan,0.0
13.3,22.91389465500015,TAKEOFF_TRANSITION,TAKEOFF_TRANSITION,NEUTRAL,0.007132995578253263,0.007218021810830829,0.06538290455240024,-0.011830286122858524,0.0033213291317224503,-0.037566304206848145,-0.009680522605776787,0.010296626016497612,-0.05733531340956688,-0.01905458799317387,0.028053490270495612,-0.05559549813562145,0.001487224129959941,-0.007612743880599737,0.0014758645556867131,0.10475366270859669,0.10475366270859669,1.0376390617755327,0.10475087110233788,0.10475366270859669,"[-0.46705503406751164, 1.4409151059337848, 1.8118873430860725, 1.4449057622116779, 0.5681564538685131, -0.006209760796665884]","[-0.46705503406751164, 1.4409151059337848, 1.8118873430860725, 1.4449057622116779, 0.5681564538685131, -0.006209760796665884]",1.8118873430860725,1.8118873430860725,0.05905142834020046,-0.05559549813562145,0.03162339981206408,True,True,-0.008151648132492362,-0.004383347130312755,0.0,nan,0.0,0.02514871284026743,-0.00016523562579811159,0.0,nan,0.0,0.03162339981206408,-0.002028581765336618,0.0,nan,0.0,0.025218362931632043,-0.00370833303206236,0.0,nan,0.0,0.009916200786460827,-0.6661329606801001,0.0,nan,0.0,-0.0001083807716630858,0.006489680533222264,0.0,nan,0.0
13.321,22.95546816299975,TAKEOFF_TRANSITION,TAKEOFF_TRANSITION,NEUTRAL,0.0071328962435741865,0.007217921292069493,0.06539592010641491,-0.011684156022965908,0.0034330349881201982,-0.038041871041059494,-0.010278325527906418,0.010992873460054398,-0.05770950764417648,-0.019055093081207265,0.02803475090165944,-0.05554429315445199,0.003995827399194241,-0.0077036237344145775,0.0015036489348858604,0.10520353348535429,0.10520353348535429,1.0381133036743255,0.10518796487449486,0.10520353348535429,"[-0.46754579980814065, 1.440922231697652, 1.8118985395351115, 1.4449085409221551, 0.5683144121427539, -0.006162215626431316]","[-0.46754579980814065, 1.440922231697652, 1.8118985395351115, 1.4449085409221551, 0.5683144121427539, -0.006162215626431316]",1.8118985395351115,1.8118985395351115,0.05963953818650548,-0.055544293154451994,0.03162359522696434,True,True,-0.008160213610522327,-0.004414558854687924,0.0,nan,0.0,0.025148837208308628,-0.00032268355406741634,0.0,nan,0.0,0.03162359522696434,-0.002154737186595484,0.0,nan,0.0,0.02521841142927883,-0.003857453640906167,0.0,nan,0.0,0.009918957678427098,-0.6619510140536263,0.0,nan,0.0,-0.00010755095189907138,0.0063310004986575335,0.0,nan,0.0
13.353,23.03777081899989,TAKEOFF_TRANSITION,TAKEOFF_TRANSITION,NEUTRAL,0.007132463635012912,0.007217483526758051,0.06545260363475418,-0.011446695774793625,0.0035742183681577444,-0.03850246220827103,-0.010667956434190273,0.011539100669324398,-0.057366106659173965,-0.019008194300713273,0.02810603261071683,-0.055527627603996495,-0.0002962872968055308,-0.0051334756426513195,-0.00012160926416981903,0.10566510426729621,0.10566510426729621,1.038571695114856,0.1055938513926309,0.10566510426729621,"[-0.46751251238950214, 1.4409314616152273, 1.8119098025404377, 1.44488718793961, 0.5687536077260843, -0.00611665850927794]","[-0.46751251238950214, 1.4409314616152273, 1.8119098025404377, 1.44488718793961, 0.5687536077260843, -0.00611665850927794]",1.8119098025404377,1.8119098025404377,0.059479629554750155,-0.055527627603996495,0.03162379180349095,True,True,-0.008159632635467595,0.004045533811827292,0.0,nan,0.0,0.025148998300760006,-0.00015578241626394354,0.0,nan,0.0,0.03162379180349095,-0.0020482110589112117,0.0,nan,0.0,0.025218038749428295,-0.004206778953917187,0.0,nan,0.0,0.00992662308741643,-0.6395293799527935,0.0,nan,0.0,-0.00010675583020702817,0.0055666382817297294,0.0,nan,0.0
13.385,23.113598384999932,TAKEOFF_TRANSITION,TAKEOFF_TRANSITION,NEUTRAL,0.007131516482859518,0.007216525084428125,0.0655767064166557,-0.011192705482244492,0.0036146792117506266,-0.03863982483744621,-0.010834085755050182,0.01110297255218029,-0.0571913942694664,-0.019058981062780745,0.028168167554208777,-0.05562933592895553,-0.004229784943163395,-0.005328133702278138,-0.0043321060948073855,0.10587651198898708,0.10587651198898708,1.0387064206503094,0.10568326557729188,0.10587651198898708,"[-0.46839886617612775, 1.440972936870078, 1.8119526185831516, 1.444908355087943, 0.5682832792231547, -0.006190582811453117]","[-0.46839886617612775, 1.440972936870078, 1.8119526185831516, 1.444908355087943, 0.5682832792231547, -0.006190582811453117]",1.8119526185831516,1.8119526185831516,0.05925798673704503,-0.05562933592895554,0.03162453908440899,True,True,-0.00817510242738173,-0.004294246609944315,0.0,nan,0.0,0.025149722180515255,-0.00017009943716878728,0.0,nan,0.0,0.03162453908440899,-0.0020584529476409754,0.0,nan,0.0,0.025218408185859964,-0.003755737531579394,0.0,nan,0.0,0.009918414306474332,-0.6632484713114615,0.0,nan,0.0,-0.00010804605267722422,0.00650401410039902,0.0,nan,0.0
13.419,23.188271005999923,TAKEOFF_TRANSITION,TAKEOFF_TRANSITION,NEUTRAL,0.007129735845085243,0.0072147232212205975,0.06581001856249681,-0.011094608344137669,0.0036356609780341387,-0.03870638832449913,-0.009589092805981636,0.011020858772099018,-0.0571790412068367,-0.019017168618390517,0.028150370163557592,-0.05551259316545973,-0.0029791295528411865,-0.01048812735825777,0.005667024292051793,0.10615373623305004,0.10615373623305004,1.0387720007350902,0.10573111347964152,0.10615373623305004,"[-0.4687837749607412, 1.4409858522319308, 1.8119691172570909, 1.444877125567977, 0.568992309637684, -0.006164728045960177]","[-0.4687837749607412, 1.4409858522319308, 1.8119691172570909, 1.444877125567977, 0.568992309637684, -0.006164728045960177]",1.8119691172570909,1.8119691172570909,0.059015699455733046,-0.05551259316545973,0.03162482704059144,True,True,-0.008181820352993086,0.004012492872594661,0.0,nan,0.0,0.025149947596103672,-0.00014022577906105282,0.0,nan,0.0,0.03162482704059144,-0.001929281191840517,0.0,nan,0.0,0.025217863127912743,-0.003992820812988592,0.0,nan,0.0,0.00993078922170465,-0.6360261504852459,0.0,nan,0.0,-0.0001075948018920414,0.0058306577127011,0.0,nan,0.0
13.426,23.26344360300027,TAKEOFF_TRANSITION,TAKEOFF_TRANSITION,NEUTRAL,0.007129251029701276,0.007214232626774363,0.06587354260944465,-0.010954204015433788,0.003674340434372425,-0.0387989841401577,-0.009368852712213993,0.01017002109438181,-0.05706578865647316,-0.019054073310318474,0.028102343220105665,-0.0554355632728117,-0.0029791295528411865,-0.01048812735825777,0.005667024292051793,0.10628207769539261,0.10628207769539261,1.0388632368189101,0.10579687365794717,0.10628207769539261,"[-0.4687837749607412, 1.4409858522319308, 1.8119691172570909, 1.444877125567977, 0.568992309637684, -0.006164728045960177]","[-0.4687837749607412, 1.4409858522319308, 1.8119691172570909, 1.444877125567977, 0.568992309637684, -0.006164728045960177]",1.8119691172570909,1.8119691172570909,0.05871719480006339,-0.0554355632728117,0.03162482704059144,True,True,-0.008181820352993086,0.004012492872594661,0.0,nan,0.0,0.025149947596103672,-0.00014022577906105282,0.0,nan,0.0,0.03162482704059144,-0.001929281191840517,0.0,nan,0.0,0.025217863127912743,-0.003992820812988592,0.0,nan,0.0,0.00993078922170465,-0.6360261504852459,0.0,nan,0.0,-0.0001075948018920414,0.0058306577127011,0.0,nan,0.0
13.435,23.343763652000234,TAKEOFF_TRANSITION,TAKEOFF_TRANSITION,NEUTRAL,0.0071285620206291145,0.007213535404624684,0.0659638216024282,-0.010954204015433788,0.003674340434372425,-0.0387989841401577,-0.009368852712213993,0.01017002109438181,-0.05706578865647316,-0.019054073310318474,0.028102343220105665,-0.0554355632728117,-0.0043446957133710384,-0.006813297513872384,0.004252593498677016,0.10637085030971238,0.10637085030971238,1.0388632368189101,0.10579687365794717,0.10637085030971238,"[-0.4687837749607412, 1.4409858522319308, 1.8119691172570909, 1.444877125567977, 0.568992309637684, -0.006164728045960177]","[-0.4687837749607412, 1.4409858522319308, 1.8119691172570909, 1.444877125567977, 0.568992309637684, -0.006164728045960177]",1.8119691172570909,1.8119691172570909,0.05871719480006339,-0.0554355632728117,0.03162482704059144,True,True,-0.008181820352993086,0.004012492872594661,0.0,nan,0.0,0.025149947596103672,-0.00014022577906105282,0.0,nan,0.0,0.03162482704059144,-0.001929281191840517,0.0,nan,0.0,0.025217863127912743,-0.003992820812988592,0.0,nan,0.0,0.00993078922170465,-0.6360261504852459,0.0,nan,0.0,-0.0001075948018920414,0.0058306577127011,0.0,nan,0.0
13.439,23.421314234999954,TAKEOFF_TRANSITION,TAKEOFF_TRANSITION,NEUTRAL,0.007128231181136406,0.007213200621482307,0.06600717060528989,-0.010954204015433788,0.003674340434372425,-0.0387989841401577,-0.009368852712213993,0.01017002109438181,-0.05706578865647316,-0.019054073310318474,0.028102343220105665,-0.0554355632728117,-0.0043446957133710384,-0.006813297513872384,0.004252593498677016,0.10641347690301628,0.10641347690301628,1.0388632368189101,0.10579687365794717,0.10641347690301628,"[-0.4691778903913967, 1.4410291352649038, 1.8120088934921996, 1.444914207528295, 0.5681516516759164, -0.006203779452452811]","[-0.4691778903913967, 1.4410291352649038, 1.8120088934921996, 1.444914207528295, 0.5681516516759164, -0.006203779452452811]",1.8120088934921996,1.8120088934921996,0.05871719480006339,-0.0554355632728117,0.031625521266858136,True,True,-0.00818869896489094,-0.004321542367061898,0.0,nan,0.0,0.0251507030275393,-0.00016447298280677653,0.0,nan,0.0,0.031625521266858136,-0.002027723673694068,0.0,nan,0.0,0.025218510330213384,-0.0037035257727487795,0.0,nan,0.0,0.0099161169723887,-0.6657235880752794,0.0,nan,0.0,-0.00010827637751287256,0.0064623016970219,0.0,nan,0.0
13.46,23.503323903999444,TAKEOFF_TRANSITION,TAKEOFF_TRANSITION,NEUTRAL,0.007126230655586501,0.007211176249408341,0.06626929405094596,-0.010865801014006138,0.0037004214245826006,-0.03871184587478638,-0.009060141630470753,0.010039590299129486,-0.05725431442260742,-0.019112927340388094,0.028107003512031353,-0.05536644842531106,0.002630464965477586,-0.007544304244220256,0.004456571768969298,0.10656959389594133,0.10656959389594133,1.0387752680493512,0.10569510786241687,0.10656959389594133,"[-0.46959765312403434, 1.441035845422332, 1.812019181267911, 1.444919703967533, 0.5683087187493719, -0.006156089223174998]","[-0.46959765312403434, 1.441035845422332, 1.812019181267911, 1.444919703967533, 0.5683087187493719, -0.006156089223174998]",1.812019181267911,1.812019181267911,0.058829720887841684,-0.05536644842531106,0.031625700822417,True,True,-0.008196025206652635,-0.004354200141400456,0.0,nan,0.0,0.02515082014187975,-0.0003216793825197684,0.0,nan,0.0,0.031625700822417,-0.0021534677560975614,0.0,nan,0.0,0.025218606261175225,-0.003852397639324131,0.0,nan,0.0,0.009918858309966971,-0.6615613594123797,0.0,nan,0.0,-0.00010744402599094371,0.006303047152777873,0.0,nan,0.0
13.465,23.576896677999684,TAKEOFF_TRANSITION,TAKEOFF_TRANSITION,NEUTRAL,0.007125685817843289,0.007210624917128554,0.06634068266509327,-0.01073373481631279,0.0037597573827952147,-0.038467083126306534,-0.008236704394221306,0.009780929423868656,-0.05683833360671997,-0.01911239857515086,0.02808997020069606,-0.05530006736459065,0.002630464965477586,-0.007544304244220256,0.004456571768969298,0.1063745042870337,0.1063745042870337,1.038529359996887,0.10542964261323322,0.1063745042870337,"[-0.46959765312403434, 1.441035845422332, 1.812019181267911, 1.444919703967533, 0.5683087187493719, -0.006156089223174998]","[-0.46959765312403434, 1.441035845422332, 1.812019181267911, 1.444919703967533, 0.5683087187493719, -0.006156089223174998]",1.812019181267911,1.812019181267911,0.05825895679516822,-0.05530006736459065,0.031625700822417,True,True,-0.008196025206652635,-0.004354200141400456,0.0,nan,0.0,0.02515082014187975,-0.0003216793825197684,0.0,nan,0.0,0.031625700822417,-0.0021534677560975614,0.0,nan,0.0,0.025218606261175225,-0.003852397639324131,0.0,nan,0.0,0.009918858309966971,-0.6615613594123797,0.0,nan,0.0,-0.00010744402599094371,0.006303047152777873,0.0,nan,0.0
13.48,23.695733581999775,TAKEOFF_TRANSITION,TAKEOFF_TRANSITION,NEUTRAL,0.007123883151794572,0.007208800763066696,0.06657688111608501,-0.01073373481631279,0.0037597573827952147,-0.038467083126306534,-0.008236704394221306,0.009780929423868656,-0.05683833360671997,-0.01911239857515086,0.02808997020069606,-0.05530006736459065,0.0024193294811993837,-0.0028150409925729036,-0.0015549848321825262,0.10660687052667242,0.10660687052667242,1.038529359996887,0.10542964261323322,0.10660687052667242,"[-0.469498334661649, 1.441044809381823, 1.8120296843406098, 1.444901063769182, 0.5687461605341398, -0.006111084827241498]","[-0.469498334661649, 1.441044809381823, 1.8120296843406098, 1.444901063769182, 0.5687461605341398, -0.006111084827241498]",1.8120296843406098,1.8120296843406098,0.05825895679516822,-0.05530006736459065,0.03162588413561718,True,True,-0.008194291772475992,0.004103776511724668,0.0,nan,0.0,0.025150976592486884,-0.0001554211870610467,0.0,nan,0.0,0.03162588413561718,-0.0020476277543245913,0.0,nan,0.0,0.025218280928340775,-0.004202486097136381,0.0,nan,0.0,0.009926493109396972,-0.639174058019267,0.0,nan,0.0,-0.000106658551104033,0.005541527942514869,0.0,nan,0.0
13.486,23.772959679999985,TAKEOFF_TRANSITION,TAKEOFF_TRANSITION,NEUTRAL,0.007123088849310384,0.00720799699239386,0.0666809564197263,-0.010645702481269836,0.0038041200023144484,-0.0382763147354126,-0.007714425213634968,0.010237053036689758,-0.05577709153294563,-0.019089086513132143,0.0281306741108666,-0.05531017527072866,0.0024193294811993837,-0.0028150409925729036,-0.0015549848321825262,0.10650514115406189,0.10650514115406189,1.038337858334589,0.10522538479990971,0.10650514115406189,"[-0.469498334661649, 1.441044809381823, 1.8120296843406098, 1.444901063769182, 0.5687461605341398, -0.006111084827241498]","[-0.469498334661649, 1.441044809381823, 1.8120296843406098, 1.444901063769182, 0.5687461605341398, -0.006111084827241498]",1.8120296843406098,1.8120296843406098,0.05723105408017016,-0.05531017527072866,0.03162588413561718,True,True,-0.008194291772475992,0.004103776511724668,0.0,nan,0.0,0.025150976592486884,-0.0001554211870610467,0.0,nan,0.0,0.03162588413561718,-0.0020476277543245913,0.0,nan,0.0,0.025218280928340775,-0.004202486097136381,0.0,nan,0.0,0.009926493109396972,-0.639174058019267,0.0,nan,0.0,-0.000106658551104033,0.005541527942514869,0.0,nan,0.0
13.507,23.847243918999993,TAKEOFF_TRANSITION,TAKEOFF_TRANSITION,NEUTRAL,0.007119960661432128,0.007204831516110311,0.06709083440671167,-0.010515522211790085,0.0038826584350317717,-0.03793458640575409,-0.006763947196304798,0.009491292759776115,-0.056153956800699234,-0.019097504399094713,0.02811615327820282,-0.05536455247114198,0.0008104941807687283,-0.00671039754524827,-0.0011792698642238966,0.10654757672977773,0.10654757672977773,1.0379951141027561,0.10486425384841089,0.10654757672977773,"[-0.46986837488501715, 1.4410847126313397, 1.8120647515628912, 1.444923641578806, 0.5680395168034161, -0.006218765074089517]","[-0.46986837488501715, 1.4410847126313397, 1.8120647515628912, 1.444923641578806, 0.5680395168034161, -0.006218765074089517]",1.8120647515628912,1.8120647515628912,0.057350697330555395,-0.05536455247114198,0.03162649617410551,True,True,-0.008200750192738582,-0.004340839652326376,0.0,nan,0.0,0.025151673035573197,-0.00018601122876012752,0.0,nan,0.0,0.03162649617410551,-0.0020480796177364145,0.0,nan,0.0,0.0252186749854566,-0.0037249316147302167,0.0,nan,0.0,0.009914159849657267,-0.6669695429230811,0.0,nan,0.0,-0.00010853792595089118,0.006568443469654673,0.0,nan,0.0
13.507,23.920025030999568,TAKEOFF_TRANSITION,TAKEOFF_TRANSITION,NEUTRAL,0.007119960661432128,0.007204831516110311,0.06709083440671167,-0.010515522211790085,0.0038826584350317717,-0.03793458640575409,-0.006763947196304798,0.009491292759776115,-0.056153956800699234,-0.019097504399094713,0.02811615327820282,-0.05536455247114198,0.0008104941807687283,-0.00671039754524827,-0.0011792698642238966,0.10654757672977773,0.10654757672977773,1.0379951141027561,0.10486425384841089,0.10654757672977773,"[-0.46986837488501715, 1.4410847126313397, 1.8120647515628912, 1.444923641578806, 0.5680395168034161, -0.006218765074089517]","[-0.46986837488501715, 1.4410847126313397, 1.8120647515628912, 1.444923641578806, 0.5680395168034161, -0.006218765074089517]",1.8120647515628912,1.8120647515628912,0.057350697330555395,-0.05536455247114198,0.03162649617410551,True,True,-0.008200750192738582,-0.004340839652326376,0.0,nan,0.0,0.025151673035573197,-0.00018601122876012752,0.0,nan,0.0,0.03162649617410551,-0.0020480796177364145,0.0,nan,0.0,0.0252186749854566,-0.0037249316147302167,0.0,nan,0.0,0.009914159849657267,-0.6669695429230811,0.0,nan,0.0,-0.00010853792595089118,0.006568443469654673,0.0,nan,0.0
13.539,24.004015304999484,TAKEOFF_TRANSITION,TAKEOFF_TRANSITION,NEUTRAL,0.0071140773158015445,0.007198878040236629,0.06786171325339622,-0.010422693565487862,0.003940703347325325,-0.03765685856342316,-0.006606698501855135,0.009767773561179638,-0.0565815307199955,-0.01903438675542709,0.028249777589681026,-0.05534160746944633,0.0023820982314646244,-0.003638869384303689,-0.0009102325420826669,0.10701552706749444,0.10701552706749444,1.0377166847496206,0.10457318185244016,0.10701552706749444,"[-0.47014805311037405, 1.44109963891263, 1.8120893098086004, 1.4449310843346146, 0.568515470587564, -0.006081211798020872]","[-0.47014805311037405, 1.44109963891263, 1.8120893098086004, 1.4449310843346146, 0.568515470587564, -0.006081211798020872]",1.8120893098086004,1.8120893098086004,0.05779729651164221,-0.05534160746944633,0.03162692479635165,True,True,-0.008205631498617194,0.0040849095108128255,0.0,nan,0.0,0.025151933548326788,-0.0001039682300694404,0.0,nan,0.0,0.03162692479635165,-0.001962374164946999,0.0,nan,0.0,0.025218804886050883,-0.004095136511261,0.0,nan,0.0,0.009922466810277975,-0.6408355624756694,0.0,nan,0.0,-0.0001061371683865886,0.005491098542149384,0.0,nan,0.0
13.579,24.08704302499973,TAKEOFF_TRANSITION,TAKEOFF_TRANSITION,NEUTRAL,0.007104635310663285,0.007189323485172314,0.06909887361901124,-0.010110974311828613,0.003953422885388136,-0.036929789930582047,-0.006539628375321627,0.008917922154068947,-0.05570176988840103,-0.018963424639005032,0.02837154189676558,-0.05538033124489041,-0.0005151947843842208,-0.005072266794741153,0.0039555453695356855,0.10746592837489737,0.10746592837489737,1.0369866202606117,0.10380423026880177,0.10746592837489737,"[-0.47086037793148355, 1.4411394925085992, 1.8121239510441298, 1.444939147931898, 0.5681474525463082, -0.006199122949107195]","[-0.47086037793148355, 1.4411394925085992, 1.8121239510441298, 1.444939147931898, 0.5681474525463082, -0.006199122949107195]",1.8121239510441298,1.8121239510441298,0.05678893592535191,-0.05538033124489042,0.0316275293999686,True,True,-0.008218063912089235,-0.004281182428082876,0.0,nan,0.0,0.02515262912479521,-0.00016397032070168802,0.0,nan,0.0,0.0316275293999686,-0.0020268593857535712,0.0,nan,0.0,0.025218945622373035,-0.0037003525430515357,0.0,nan,0.0,0.009916043683751319,-0.6654477582050277,0.0,nan,0.0,-0.00010819510619786143,0.00644112178391544,0.0,nan,0.0
13.582,24.164472211999964,TAKEOFF_TRANSITION,TAKEOFF_TRANSITION,NEUTRAL,0.007103827053803687,0.007188505593786104,0.06920477732667588,-0.010110974311828613,0.003953422885388136,-0.036929789930582047,-0.006539628375321627,0.008917922154068947,-0.05570176988840103,-0.018963424639005032,0.02837154189676558,-0.05538033124489041,-0.0005151947843842208,-0.005072266794741153,0.0039555453695356855,0.10757026314494986,0.10757026314494986,1.0369866202606117,0.10380423026880177,0.10757026314494986,"[-0.47086037793148355, 1.4411394925085992, 1.8121239510441298, 1.444939147931898, 0.5681474525463082, -0.006199122949107195]","[-0.47086037793148355, 1.4411394925085992, 1.8121239510441298, 1.444939147931898, 0.5681474525463082, -0.006199122949107195]",1.8121239510441298,1.8121239510441298,0.05678893592535191,-0.05538033124489042,0.0316275293999686,True,True,-0.008218063912089235,-0.004281182428082876,0.0,nan,0.0,0.02515262912479521,-0.00016397032070168802,0.0,nan,0.0,0.0316275293999686,-0.0020268593857535712,0.0,nan,0.0,0.025218945622373035,-0.0037003525430515357,0.0,nan,0.0,0.009916043683751319,-0.6654477582050277,0.0,nan,0.0,-0.00010819510619786143,0.00644112178391544,0.0,nan,0.0
13.602,24.242709260999618,TAKEOFF_TRANSITION,TAKEOFF_TRANSITION,NEUTRAL,0.007098062952875278,0.007182672784026915,0.06996003186293284,-0.009928770363330841,0.00394992483779788,-0.03660668432712555,-0.006349352188408375,0.008083624765276909,-0.05683041363954544,-0.018972184998673015,0.02837463310455803,-0.055327611290936884,0.0038018396589905024,-0.00046818796545267045,0.004830117803066969,0.10796679448605562,0.10796679448605562,1.0366617579417257,0.10345569607929601,0.10796679448605562,"[-0.4712309556508327, 1.4411453559691407, 1.8121331055951289, 1.4449460890382053, 0.5683092322652428, -0.006152388665766888]","[-0.4712309556508327, 1.4411453559691407, 1.8121331055951289, 1.4449460890382053, 0.5683092322652428, -0.006152388665766888]",1.8121331055951289,1.8121331055951289,0.05775253394440868,-0.055327611290936884,0.031627689177025076,True,True,-0.008224531713426408,-0.004306864755269861,0.0,nan,0.0,0.02515273146148722,-0.00032243384697496684,0.0,nan,0.0,0.031627689177025076,-0.0021540268525652587,0.0,nan,0.0,0.025219066767531828,-0.0038498589704406257,0.0,nan,0.0,0.00991886727250968,-0.6613049058259838,0.0,nan,0.0,-0.00010737943908001313,0.006286099125188328,0.0,nan,0.0
13.602,24.317116192999492,TAKEOFF_TRANSITION,TAKEOFF_TRANSITION,NEUTRAL,0.007098062952875278,0.007182672784026915,0.06996003186293284,-0.009928770363330841,0.00394992483779788,-0.03660668432712555,-0.006349352188408375,0.008083624765276909,-0.05683041363954544,-0.018972184998673015,0.02837463310455803,-0.055327611290936884,0.0038018396589905024,-0.00046818796545267045,0.004830117803066969,0.10796679448605562,0.10796679448605562,1.0366617579417257,0.10345569607929601,0.10796679448605562,"[-0.4712309556508327, 1.4411453559691407, 1.8121331055951289, 1.4449460890382053, 0.5683092322652428, -0.006152388665766888]","[-0.4712309556508327, 1.4411453559691407, 1.8121331055951289, 1.4449460890382053, 0.5683092322652428, -0.006152388665766888]",1.8121331055951289,1.8121331055951289,0.05775253394440868,-0.055327611290936884,0.031627689177025076,True,True,-0.008224531713426408,-0.004306864755269861,0.0,nan,0.0,0.02515273146148722,-0.00032243384697496684,0.0,nan,0.0,0.031627689177025076,-0.0021540268525652587,0.0,nan,0.0,0.025219066767531828,-0.0038498589704406257,0.0,nan,0.0,0.00991886727250968,-0.6613049058259838,0.0,nan,0.0,-0.00010737943908001313,0.006286099125188328,0.0,nan,0.0
13.632,24.392991054999584,TAKEOFF_TRANSITION,TAKEOFF_TRANSITION,NEUTRAL,0.007088142782086623,0.0071726343635156245,0.07125984497891225,-0.009619083255529404,0.003971538972109556,-0.03651062399148941,-0.004568380303680897,0.008551831357181072,-0.05742428079247475,-0.01894187062490656,0.028537993027657645,-0.05530154422859251,0.002186469966545701,-0.0017398381605744364,-0.0010708478512242434,0.10910477714416167,0.10910477714416167,1.0365628652096843,0.10330965097230967,0.10910477714416167,"[-0.4710780598215612, 1.4411533296219663, 1.8121423708964515, 1.4449291476333952, 0.5687502363135426, -0.00610684562717342]","[-0.4710780598215612, 1.4411533296219663, 1.8121423708964515, 1.4449291476333952, 0.5687502363135426, -0.00610684562717342]",1.8121423708964515,1.8121423708964515,0.058237032399442445,-0.055301544228592514,0.031627850887039344,True,True,-0.008221863177793054,0.004149907361855384,0.0,nan,0.0,0.025152870627982438,-0.0001549574821873321,0.0,nan,0.0,0.031627850887039344,-0.0020468268723227824,0.0,nan,0.0,0.02521877108423798,-0.004198728164497687,0.0,nan,0.0,0.009926564245167135,-0.638879979279227,0.0,nan,0.0,-0.00010658456310519426,0.005521149780120185,0.0,nan,0.0
13.667,24.46643293299985,TAKEOFF_TRANSITION,TAKEOFF_TRANSITION,NEUTRAL,0.007074524095584699,0.007158853340503995,0.07304426459372959,-0.00930127501487732,0.004061470273882151,-0.03667833283543587,-0.0036312344018369913,0.008842118084430695,-0.05833474546670914,-0.01895063595671592,0.028698362113117604,-0.05541373834786234,-0.00019373299437575042,-0.0023593760561197996,0.0016231508925557139,0.11098111985815565,0.11098111985815565,1.036728014007602,0.10342130003702217,0.11098111985815565,"[-0.47173286057855746, 1.4411927647755614, 1.8121819452877588, 1.4449585141359758, 0.5682811784937587, -0.006181180941488975]","[-0.47173286057855746, 1.4411927647755614, 1.8121819452877588, 1.4449585141359758, 0.5682811784937587, -0.006181180941488975]",1.8121819452877588,1.8121819452877588,0.059112701208503766,-0.05541373834786234,0.03162854159046713,True,True,-0.00823329160694719,-0.004185510777428554,0.0,nan,0.0,0.025153558901253703,-0.0001707356946653234,0.0,nan,0.0,0.03162854159046713,-0.0020582909472351895,0.0,nan,0.0,0.025219283626397804,-0.0037488639296014235,0.0,nan,0.0,0.009918377641829679,-0.6626412112779593,0.0,nan,0.0,-0.00010788195909050557,0.006460888016596541,0.0,nan,0.0
13.698,24.546103712999866,TAKEOFF_TRANSITION,TAKEOFF_TRANSITION,NEUTRAL,0.007060515667210189,0.007144677929846102,0.07487975103074432,-0.00917606707662344,0.004101365804672241,-0.036948587745428085,-0.0028511008713394403,0.007993808016180992,-0.058722157031297684,-0.018912643571050998,0.028658147201204454,-0.055382842507751245,0.0009291426977142692,-0.002795215696096421,-0.005544159561395645,0.11304187596341,0.11304187596341,1.0369972975064574,0.1036670241531902,0.11304187596341,"[-0.47190289482159026, 1.4412036325384463, 1.812195384934179, 1.4449356785033631, 0.5689921220553371, -0.006155993262634258]","[-0.47190289482159026, 1.4412036325384463, 1.812195384934179, 1.4449356785033631, 0.5689921220553371, -0.006155993262634258]",1.812195384934179,1.812195384934179,0.05933229701592966,-0.055382842507751245,0.03162877615654747,True,True,-0.008236259264329249,0.00410454933173484,0.0,nan,0.0,0.02515374857949837,-0.00013963649366448557,0.0,nan,0.0,0.03162877615654747,-0.0019279708699651771,0.0,nan,0.0,0.025218885069421937,-0.0039855411686955215,0.0,nan,0.0,0.009930785947775078,-0.635457665862187,0.0,nan,0.0,-0.00010744235116355583,0.005790345549912996,0.0,nan,0.0
13.734,24.625333314000272,TAKEOFF_TRANSITION,TAKEOFF_TRANSITION,NEUTRAL,0.007041830547294998,0.007125770080877709,0.077328011696497,-0.008846810087561607,0.004197999835014343,-0.037840064615011215,-0.001996952574700117,0.007824658416211605,-0.05955485627055168,-0.018855220923805482,0.02873630986792106,-0.05542140293888878,0.002604356501251459,0.0003996594459749764,0.0050086770206689835,0.11629577181105752,0.11629577181105752,1.037886260132309,0.10449339455398293,0.11629577181105752,"[-0.4721924837333472, 1.4412457032773545, 1.812233540856417, 1.444976840191755, 0.5681536766141702, -0.006195206810242332]","[-0.4721924837333472, 1.4412457032773545, 1.812233540856417, 1.444976840191755, 0.5681536766141702, -0.006195206810242332]",1.812233540856417,1.812233540856417,0.06009986692432905,-0.05542140293888878,0.031629442103019656,True,True,-0.008241313544316675,-0.0042327271042018645,0.0,nan,0.0,0.025154482852411064,-0.0001637838385524456,0.0,nan,0.0,0.031629442103019656,-0.002026324979471233,0.0,nan,0.0,0.025219603476410057,-0.00369638640687023,0.0,nan,0.0,0.009916152314228377,-0.6651650944219327,0.0,nan,0.0,-0.00010812675668070426,0.006422371426563109,0.0,nan,0.0
13.772,24.71262612800001,TAKEOFF_TRANSITION,TAKEOFF_TRANSITION,NEUTRAL,0.0070191552346698,0.0071028244755846,0.08029909650814904,-0.008504170924425125,0.004236073233187199,-0.038539256900548935,-0.002240176312625408,0.007234984077513218,-0.06019186973571777,-0.018859982670165868,0.028815136727598195,-0.055431184761301766,0.0006123401108197868,-0.0047799511812627316,-0.0005741883651353413,0.11988221785827131,0.11988221785827131,1.0385827137802233,0.10513152742615085,0.11988221785827131,"[-0.4723307931016632, 1.4412593029032326, 1.8122514275607031, 1.4449712130979768, 0.5687480677803186, -0.0061036753004433675]","[-0.4723307931016632, 1.4412593029032326, 1.8122514275607031, 1.4449712130979768, 0.5687480677803186, -0.0061036753004433675]",1.8122514275607031,1.8122514275607031,0.06066650283966544,-0.05543118476130177,0.03162975428490178,True,True,-0.008243727498180142,0.004178897616865613,0.0,nan,0.0,0.025154720210659676,-0.00015518825226779666,0.0,nan,0.0,0.03162975428490178,-0.002046571809434114,0.0,nan,0.0,0.02521950526509631,-0.0041959795105791274,0.0,nan,0.0,0.009926526397122437,-0.6386990551660394,0.0,nan,0.0,-0.00010652923046539087,0.00550692598369771,0.0,nan,0.0
13.814,24.79979874899982,TAKEOFF_TRANSITION,TAKEOFF_TRANSITION,NEUTRAL,0.006990407125305245,0.0070737336850272454,0.08406588343226057,-0.008167221210896969,0.004273406229913235,-0.03899358958005905,-0.0011701782932505012,0.006959324702620506,-0.06093562766909599,-0.0187855415764665,0.028884479395398958,-0.05554969003947605,0.0010402667103335261,-0.00393455708399415,-0.0019353317329660054,0.12402108461348066,0.12402108461348066,1.039034477142876,0.10553021721139479,0.12402108461348066,"[-0.4729148170104462, 1.4412964116493168, 1.8122887433655281, 1.4450026666264955, 0.568291238963369, -0.00617836867259763]","[-0.4729148170104462, 1.4412964116493168, 1.8122887433655281, 1.4450026666264955, 0.568291238963369, -0.00617836867259763]",1.8122887433655281,1.8122887433655281,0.06134290698182795,-0.05554969003947605,0.031630405568559006,True,True,-0.008253920638298773,-0.00415813342051094,0.0,nan,0.0,0.025155367880460133,-0.00016959558356394812,0.0,nan,0.0,0.031630405568559006,-0.0020569875414742883,0.0,nan,0.0,0.025220054232730327,-0.003745554975687822,0.0,nan,0.0,0.009918553230148675,-0.6624300137601188,0.0,nan,0.0,-0.00010783287573890021,0.00644702793349247,0.0,nan,0.0
13.82,24.87613428900022,TAKEOFF_TRANSITION,TAKEOFF_TRANSITION,NEUTRAL,0.006985975195919621,0.007069248926468439,0.08464658713860379,-0.008167221210896969,0.004273406229913235,-0.03899358958005905,-0.0011701782932505012,0.006959324702620506,-0.06093562766909599,-0.0187855415764665,0.028884479395398958,-0.05554969003947605,0.0010402667103335261,-0.00393455708399415,-0.0019353317329660054,0.12459666687656464,0.12459666687656464,1.039034477142876,0.10553021721139479,0.12459666687656464,"[-0.4727251921881287, 1.441310458463524, 1.8123069348506649, 1.4450105448962163, 0.5685247686628996, -0.0060743339157464105]","[-0.4727251921881287, 1.441310458463524, 1.8123069348506649, 1.4450105448962163, 0.5685247686628996, -0.0060743339157464105]",1.8123069348506649,1.8123069348506649,0.06134290698182795,-0.05554969003947605,0.03163072306987047,True,True,-0.008250611060805824,0.004154160845108366,0.0,nan,0.0,0.025155613043617464,-0.00010347014324113378,0.0,nan,0.0,0.03163072306987047,-0.0019608983355710085,0.0,nan,0.0,0.025220191734476316,-0.00408862184062663,0.0,nan,0.0,0.009922629092306678,-0.640391040896715,0.0,nan,0.0,-0.0001060171266953347,0.005458383169773963,0.0,nan,0.0
13.842,24.954926710999644,TAKEOFF_TRANSITION,TAKEOFF_TRANSITION,NEUTRAL,0.006969015086851758,0.007052086650700439,0.08686882430412321,-0.007973217405378819,0.004325023386627436,-0.039347629994153976,-0.0013957726769149303,0.00815894827246666,-0.06145767122507095,-0.01877623039899703,0.02891456370018184,-0.055604248175613616,-0.0008295640000142157,-0.0069772410206496716,-0.0010020101908594361,0.12712710380374131,0.12712710380374131,1.03938721081104,0.10585110662688665,0.12712710380374131,"[-0.473014233368778, 1.4413062052931875, 1.812301298149525, 1.4449830516119504, 0.5690015341045012, -0.00615330670855081]","[-0.473014233368778, 1.4413062052931875, 1.812301298149525, 1.4449830516119504, 0.5690015341045012, -0.00615330670855081]",1.812301298149525,1.812301298149525,0.062012595258441834,-0.05560424817561361,0.03163062469087663,True,True,-0.008255655781082005,0.004137855199454194,0.0,nan,0.0,0.025155538811791445,-0.00013959836877982303,0.0,nan,0.0,0.03163062469087663,-0.0019274796088465888,0.0,nan,0.0,0.025219711886143692,-0.003982929847979152,0.0,nan,0.0,0.00993095021902235,-0.6352802175624904,0.0,nan,0.0,-0.00010739546194926675,0.005777703340948766,0.0,nan,0.0
13.877,25.027644523999697,TAKEOFF_TRANSITION,TAKEOFF_TRANSITION,NEUTRAL,0.006939696530792041,0.007022418613649318,0.09071035531401074,-0.007669064681977034,0.004464416299015284,-0.03981204703450203,-0.0009625581442378461,0.007924390956759453,-0.06117464229464531,-0.01880057527669485,0.02901113362695429,-0.0556397092411247,0.006766953505575657,-0.005870710127055646,-0.005230657756328582,0.131362311165876,0.131362311165876,1.039849911633438,0.10626412049963352,0.131362311165876,"[-0.4735565950329643, 1.441353086817686, 1.8123476861960035, 1.4450362152472456, 0.5683206186254054, -0.006145195568183277]","[-0.4735565950329643, 1.441353086817686, 1.8123476861960035, 1.4450362152472456, 0.5683206186254054, -0.006145195568183277]",1.8123476861960035,1.8123476861960035,0.06169326827210904,-0.0556397092411247,0.031631434315021245,True,True,-0.008265121777858653,-0.004236206193779497,0.0,nan,0.0,0.025156357048752298,-0.0003212165695339787,0.0,nan,0.0,0.031631434315021245,-0.0021518103965521376,0.0,nan,0.0,0.025220639766621922,-0.0038432636659026615,0.0,nan,0.0,0.009919066001984334,-0.660859296731722,0.0,nan,0.0,-0.00010725389584376188,0.006252591113460002,0.0,nan,0.0
13.908,25.10638034800013,TAKEOFF_TRANSITION,TAKEOFF_TRANSITION,NEUTRAL,0.006911282816530871,0.006993666204228357,0.09443332735322171,-0.007369990460574627,0.004620000254362822,-0.04035339877009392,0.0006532964762300253,0.008194902911782265,-0.0624336302280426,-0.01870035457780991,0.028993307109342815,-0.05577813915808032,0.0011268988018855453,-0.004988897126168013,0.0015568612143397338,0.1355619806416925,0.1355619806416925,1.040389761336695,0.10675509915112105,0.1355619806416925,"[-0.4733242476340536, 1.4413603752287074, 1.8123562697748947, 1.4450224094124202, 0.5687621000970486, -0.006100334969350703]","[-0.4733242476340536, 1.4413603752287074, 1.8123562697748947, 1.4450224094124202, 0.5687621000970486, -0.006100334969350703]",1.8123562697748947,1.8123562697748947,0.06297254491817325,-0.05577813915808032,0.0316315841267345,True,True,-0.008261066550739216,0.004218260943621729,0.0,nan,0.0,0.02515648425552186,-0.00015429190173065952,0.0,nan,0.0,0.0316315841267345,-0.0020452421290648344,0.0,nan,0.0,0.025220398809348232,-0.0041928101592743775,0.0,nan,0.0,0.009926771307251059,-0.6384703145051654,0.0,nan,0.0,-0.00010647093068971714,0.005490656775483549,0.0,nan,0.0
13.924,25.18147684499945,TAKEOFF_TRANSITION,TAKEOFF_TRANSITION,NEUTRAL,0.006895703613099486,0.006977901294671152,0.09647462819249608,-0.007369990460574627,0.004620000254362822,-0.04035339877009392,0.0006532964762300253,0.008194902911782265,-0.0624336302280426,-0.01870035457780991,0.028993307109342815,-0.05577813915808032,-0.0004316505219321698,-0.004771484993398189,0.005034677684307099,0.13758989311426476,0.13758989311426476,1.040389761336695,0.10675509915112105,0.13758989311426476,"[-0.47356461010582274, 1.4413990107820518, 1.8123899665515306, 1.4450494389247412, 0.5680561711616905, -0.006208332386811112]","[-0.47356461010582274, 1.4413990107820518, 1.8123899665515306, 1.4450494389247412, 0.5680561711616905, -0.006208332386811112]",1.8123899665515306,1.8123899665515306,0.06297254491817325,-0.05577813915808032,0.03163217224643411,True,True,-0.008265261667269819,-0.0042308151346929,0.0,nan,0.0,0.02515715857313605,-0.0001852416236017611,0.0,nan,0.0,0.03163217224643411,-0.002046061410680449,0.0,nan,0.0,0.025220870563333442,-0.0037158528460068648,0.0,nan,0.0,0.00991445052304396,-0.6662800852038306,0.0,nan,0.0,-0.00010835584120805208,0.006519468440374606,0.0,nan,0.0
13.93,25.258601247000115,TAKEOFF_TRANSITION,TAKEOFF_TRANSITION,NEUTRAL,0.00688969942932849,0.00697182554025075,0.09726134013350582,-0.007237595971673727,0.004696736112236977,-0.04055801406502724,0.0010211527114734054,0.008190331049263477,-0.06325706839561462,-0.01870448643346035,0.029025998093430507,-0.05581756782364329,0.0036471886560320854,-0.0069248098880052575,-0.00414842739701271,0.13856020676569933,0.13856020676569933,1.0405937837410477,0.10693805160674608,0.13856020676569933,"[-0.47356461010582274, 1.4413990107820518, 1.8123899665515306, 1.4450494389247412, 0.5680561711616905, -0.006208332386811112]","[-0.47356461010582274, 1.4413990107820518, 1.8123899665515306, 1.4450494389247412, 0.5680561711616905, -0.006208332386811112]",1.8123899665515306,1.8123899665515306,0.06379326749402436,-0.0558175678236433,0.03163217224643411,True,True,-0.008265261667269819,-0.0042308151346929,0.0,nan,0.0,0.02515715857313605,-0.0001852416236017611,0.0,nan,0.0,0.03163217224643411,-0.002046061410680449,0.0,nan,0.0,0.025220870563333442,-0.0037158528460068648,0.0,nan,0.0,0.00991445052304396,-0.6662800852038306,0.0,nan,0.0,-0.00010835584120805208,0.006519468440374606,0.0,nan,0.0
13.962,25.355159314999582,ABORT,TAKEOFF_TRANSITION,NEUTRAL,0.006856172077702202,0.006937898538243942,0.10165433822964165,-0.007051864173263311,0.004797105677425861,-0.04080105572938919,0.0008707372471690178,0.009311751462519169,-0.064395010471344,-0.018660938958152472,0.02898249901907464,-0.0558682866848266,0.0016451483825221658,-0.0036138046998530626,-0.000888236914761364,0.14314871894101525,0.14314871894101525,1.0408359998667462,0.10715176604951084,0.14314871894101525,"[-0.473601611416383, 1.4414110989107913, 1.8124116042356015, 1.4450664372813269, 0.5685331361563816, -0.006071552174327788]","[-0.473601611416383, 1.4414110989107913, 1.8124116042356015, 1.4450664372813269, 0.5685331361563816, -0.006071552174327788]",1.8124116042356015,1.8124116042356015,0.06507060989615694,-0.0558682866848266,0.03163254989526365,True,True,-0.008265907461966648,0.004189424243217754,0.0,nan,0.0,0.02515736955078296,-0.00010333535839032027,0.0,nan,0.0,0.03163254989526365,-0.0019604444164859026,0.0,nan,0.0,0.025221167240623288,-0.004086531843056166,0.0,nan,0.0,0.009922775132618078,-0.6402183142983907,0.0,nan,0.0,-0.00010596857614864064,0.005445458970527329,0.0,nan,0.0
13.987,25.395368585999677,ABORT,TAKEOFF_TRANSITION,ACTIVE_ARM_PROFILE,0.006856172077702202,0.006937898538243942,0.10165433822964165,-0.006803703028708696,0.004988805390894413,-0.04069700092077255,0.0002453550696372986,0.009816624224185944,-0.06376152485609055,-0.01858139457770594,0.029007509081933853,-0.05595026049217105,0.00471921730786562,-0.005549189634621143,0.00292830914258957,0.14301851247281253,0.14301851247281253,1.04073119789868,0.10701188885988525,0.14301851247281253,"[-0.00025546470613463916, -1.0316242013054568e-06, -1.4816520157234689e-06, -2.2912719032068746e-05, 0.0004779326152945986, -7.897282655602296e-05]","[-0.47385593068136445, 1.441406581125328, 1.81240573912967, 1.4450400295603216, 0.5690096937314834, -0.006150510316377769]",0.0004779326152945986,1.81240573912967,0.064513241758905,-0.05595026049217105,8.341497739558154e-06,True,True,-0.008270346170491827,0.004164412941513387,-0.008265887470247138,nan,-0.008265887470247138,0.025157290700551727,-0.0001391991047796218,0.025157308705790683,nan,0.025157308705790683,0.03163244752985417,-0.0019266296429016922,0.03163247338956021,nan,0.03163247338956021,0.0252207063389438,-0.003980340245563362,0.025221106241331493,nan,0.025221106241331493,0.009931092631378924,-0.6351029260389817,0.009922751133639366,nan,0.009922751133639366,-0.00010734665569867019,0.005764246096428603,-0.00010596831985566118,nan,-0.00010596831985566118
13.995,25.470251194999946,ABORT,TAKEOFF_TRANSITION,ACTIVE_ARM_PROFILE,0.006856172077702202,0.006937898538243942,0.10165433822964165,-0.006803703028708696,0.004988805390894413,-0.04069700092077255,0.0002453550696372986,0.009816624224185944,-0.06376152485609055,-0.01858139457770594,0.029007509081933853,-0.05595026049217105,-0.007939180359244347,-0.003098508575931192,-0.0032146656885743137,0.14301851247281253,0.14301851247281253,1.04073119789868,0.10701188885988525,0.14301851247281253,"[-0.00025694581121114704, 3.4761334678529673e-06, 4.186343960468851e-06, -1.8393529940297606e-05, 0.00047971060188466483, -7.899181425904401e-05]","[-0.47385593068136445, 1.441406581125328, 1.81240573912967, 1.4450400295603216, 0.5690096937314834, -0.006150510316377769]",0.00047971060188466483,1.81240573912967,0.064513241758905,-0.05595026049217105,8.372529459611117e-06,True,True,-0.008270346170491827,0.004164412941513387,-0.008265861620086985,nan,-0.008265861620086985,0.025157290700551727,-0.0001391991047796218,0.025157230030577474,nan,0.025157230030577474,0.03163244752985417,-0.0019266296429016922,0.03163237446436844,nan,0.03163237446436844,0.0252207063389438,-0.003980340245563362,0.02522102736660232,nan,0.02522102736660232,0.009931092631378924,-0.6351029260389817,0.009922720101919313,nan,0.009922720101919313,-0.00010734665569867019,0.005764246096428603,-0.00010596798845772607,nan,-0.00010596798845772607
14.004,25.542908309000268,ABORT,TAKEOFF_TRANSITION,ACTIVE_ARM_PROFILE,0.006856172077702202,0.006937898538243942,0.10165433822964165,-0.006716327276080847,0.005079076625406742,-0.04059433937072754,-0.0006351927295327187,0.009770459495484829,-0.06385006010532379,-0.018717007842430907,0.02907957786404311,-0.05599580989797266,-0.007939180359244347,-0.003098508575931192,-0.0032146656885743137,0.14290680262557784,0.14290680262557784,1.0406284088001092,0.10689692546694125,0.14290680262557784,"[-0.002675126318881427, 0.0022620756920266934, 0.0039139788573917525, 0.00048334216254741644, -0.08155455954485373, 0.023749702337983243]","[-0.47627134119179865, 1.4436567501704263, 1.816304931224916, 1.4455333133600354, 0.48697209835278243, 0.017678219347109277]",0.08155455954485373,1.816304931224916,0.06459640488456012,-0.05599580989797266,0.0014233955840714657,True,True,-0.00831250303668618,-0.024086505814247164,-0.008265813274514944,nan,-0.008265813274514944,0.025196563559115148,0.04264128900466976,0.025157082890359953,nan,0.025157082890359953,0.03170050127008395,0.05332303938114473,0.031632189452169016,nan,0.031632189452169016,0.025229315765395555,0.04429962875224831,0.025220879853245393,nan,0.025220879853245393,0.008499266481601708,0.3100552283511396,0.009922662065673174,nan,0.009922662065673174,0.00030854313349681917,-0.0020517385080730186,-0.00010596736866958355,nan,-0.00010596736866958355
14.024,25.619743424000262,ABORT,TAKEOFF_TRANSITION,ACTIVE_ARM_PROFILE,0.006856172077702202,0.006937898538243942,0.10165433822964165,-0.006716327276080847,0.005079076625406742,-0.04059433937072754,-0.0006351927295327187,0.009770459495484829,-0.06385006010532379,-0.018717007842430907,0.02907957786404311,-0.05599580989797266,0.002826245268806815,0.002008264884352684,0.0006884725880809126,0.14290680262557784,0.14290680262557784,1.0406284088001092,0.10689692546694125,0.14290680262557784,"[-0.036538219792878454, 0.01915265953605613, 0.028869842197851707, 0.013497157159089479, -0.017217464467207542, 0.043758396629803104]","[-0.5101226023796962, 1.4605113223369233, 1.8412155139495283, 1.4585110253554339, 0.5512949894105059, 0.03768706532832517]",0.043758396629803104,1.8412155139495283,0.06459640488456012,-0.05599580989797266,0.0007637280965836545,True,True,-0.00890331900036756,-0.045483237238090155,-0.00826560676216447,nan,-0.00826560676216447,0.025490731337435513,0.0006770944769540557,0.025156454368017844,nan,0.025156454368017844,0.03213527295721885,0.007034939386632027,0.031631399156335144,nan,0.031631399156335144,0.02545581956909082,-0.0017617702129385654,0.025220249737005585,nan,0.025220249737005585,0.009621912714960601,-0.1576694477582556,0.009922414158758504,nan,0.009922414158758504,0.000657763375393472,0.05014064514649935,-0.00010596472119018246,nan,-0.00010596472119018246
14.032,25.723737536000044,ABORT,TAKEOFF_TRANSITION,ACTIVE_ARM_PROFILE,0.006856172077702202,0.006937898538243942,0.10165433822964165,-0.006593056954443455,0.00520912604406476,-0.0406099334359169,0.00016230106120929122,0.008713473565876484,-0.06434795260429382,-0.01867430938318535,0.02921647143945521,-0.05601658831683097,0.0022758357226848602,-0.011566936038434505,0.004859070293605329,0.14290903893185897,0.14290903893185897,1.0406438569268792,0.10689396334710097,0.14290903893185897,"[-0.03654571143386643, 0.019175460418082012, 0.02889851173092348, 0.013520015862883844, -0.017208471157127512, 0.04375830058728967]","[-0.5101226023796962, 1.4605113223369233, 1.8412155139495283, 1.4585110253554339, 0.5512949894105059, 0.03768706532832517]",0.04375830058728967,1.8412155139495283,0.06493542921689316,-0.05601658831683096,0.000763726420325573,True,True,-0.00890331900036756,-0.045483237238090155,-0.008265476008362853,nan,-0.008265476008362853,0.025490731337435513,0.0006770944769540557,0.025156056417554133,nan,0.025156056417554133,0.03213527295721885,0.007034939386632027,0.03163089877858803,nan,0.03163089877858803,0.02545581956909082,-0.0017617702129385654,0.025219850777361635,nan,0.025219850777361635,0.009621912714960601,-0.1576694477582556,0.009922257195886955,nan,0.009922257195886955,0.000657763375393472,0.05014064514649935,-0.00010596304493210104,nan,-0.00010596304493210104
14.073,25.8064255700001,ABORT,TAKEOFF_TRANSITION,ACTIVE_ARM_PROFILE,0.006856172077702202,0.006937898538243942,0.10165433822964165,-0.006383331026881933,0.0054393913596868515,-0.040870849043130875,0.0004742057353723794,0.009272563271224499,-0.06512653082609177,-0.018626611642422044,0.02925668731753507,-0.05582228495188268,0.0008391584269702435,-0.006183771416544914,-0.0009006040054373436,0.14314663451635654,0.14314663451635654,1.0409046345756803,0.10712194348119512,0.14314663451635654,"[-0.15490469026916398, 0.01622985646108718, 0.040168841663674196, 0.007203641322448888, -0.006775588892613967, 0.06462648812454022]","[-0.628409262546398, 1.4573456158104698, 1.8522090897686814, 1.4519739900776671, 0.5616410570222219, 0.05855617998777922]",0.15490469026916398,1.8522090897686814,0.06578503110997366,-0.05582228495188268,0.0027035968719789326,True,True,-0.01096781068146413,-0.05061429260052294,-0.008264213809485197,nan,-0.008264213809485197,0.025435479335397027,-0.0036766880895343058,0.02515221490302498,nan,0.02515221490302498,0.03232714705183071,0.003245974252094229,0.031626068508087316,nan,0.031626068508087316,0.025341726780174767,-0.0037665681045232846,0.025215999520965315,nan,0.025215999520965315,0.009802485659418991,-0.08351391805195625,0.009920741994356662,nan,0.009920741994356662,0.0010219981381771603,0.06720277816952155,-0.00010594686359708161,nan,-0.00010594686359708161
14.093,25.882250632999785,ABORT,TAKEOFF_TRANSITION,ACTIVE_ARM_PROFILE,0.006856172077702202,0.006937898538243942,0.10165433822964165,-0.0063042594119906425,0.0055354805663228035,-0.040983397513628006,0.00015589414397254586,0.008835074491798878,-0.06556997448205948,-0.018610744099975634,0.029223810413702464,-0.05584298631558671,0.001285593956708908,-0.005755398888140917,0.0018088568467646844,0.14325043591951017,0.14325043591951017,1.0410172040513308,0.10722208888397326,0.14325043591951017,"[-0.21485219221596627, 0.013671981307053632, 0.04506075154301754, 0.004491267403073839, -0.012250394934917794, 0.06840483688059686]","[-0.6882955096744824, 1.4546013110214155, 1.8568665854450677, 1.4490747137480866, 0.5560927178808939, 0.062335314027962455]",0.21485219221596627,1.8568665854450677,0.06616271153631546,-0.05584298631558671,0.0037498781592963434,True,True,-0.012013022870512202,-0.046052273925184906,-0.008263144711215859,nan,-0.008263144711215859,0.02538758218114978,-0.007117515104345268,0.025148961092070578,nan,0.025148961092070578,0.032408435686281045,-0.0003856187211290149,0.031621977208432274,nan,0.031621977208432274,0.025291124862298453,-0.007035314935647786,0.02521273745852732,nan,0.02521273745852732,0.009705648873385542,-0.02459127256167483,0.009919458599669494,nan,0.009919458599669494,0.0010879564700525535,0.07650045520765265,-0.00010593315780350892,nan,-0.00010593315780350892
14.099,25.95967281999947,ABORT,TAKEOFF_TRANSITION,ACTIVE_ARM_PROFILE,0.006856172077702202,0.006937898538243942,0.10165433822964165,-0.0063042594119906425,0.0055354805663228035,-0.040983397513628006,0.00015589414397254586,0.008835074491798878,-0.06556997448205948,-0.018610744099975634,0.029223810413702464,-0.05584298631558671,0.001285593956708908,-0.005755398888140917,0.0018088568467646844,0.14325043591951017,0.14325043591951017,1.0410172040513308,0.10722208888397326,0.14325043591951017,"[-0.27289572333300793, 0.01144674561304284, 0.05066659597964188, 0.003094391639957176, -0.012106566493433644, 0.07148937329653157]","[-0.746316695727754, 1.4523080679090437, 1.8623869182366763, 1.447609658103579, 0.5562097222810813, 0.06542013690664823]",0.27289572333300793,1.8623869182366763,0.06616271153631546,-0.05584298631558671,0.004762928886772502,True,True,-0.013025683603054006,-0.05131303265456604,-0.008262754716281503,nan,-0.008262754716281503,0.02534755753829021,-0.00588390822689403,0.025147774138704396,nan,0.025147774138704396,0.03250478366930043,0.0014836390263398965,0.03162048474867796,nan,0.03162048474867796,0.025265554817576863,-0.003735599290905523,0.025211547495113423,nan,0.025211547495113423,0.009707690985408135,-0.013047176556501443,0.009918990431830177,nan,0.009918990431830177,0.00114179678612647,0.08124147398063114,-0.00010592815808531839,nan,-0.00010592815808531839
14.103,26.034646023999812,ABORT,TAKEOFF_TRANSITION,ACTIVE_ARM_PROFILE,0.006856172077702202,0.006937898538243942,0.10165433822964165,-0.0063042594119906425,0.0055354805663228035,-0.040983397513628006,0.00015589414397254586,0.008835074491798878,-0.06556997448205948,-0.018610744099975634,0.029223810413702464,-0.05584298631558671,0.001285593956708908,-0.005755398888140917,0.0018088568467646844,0.14325043591951017,0.14325043591951017,1.0410172040513308,0.10722208888397326,0.14325043591951017,"[-0.27291170968448747, 0.011495400228859694, 0.050727773661965146, 0.0031431696411734944, -0.012087375742550805, 0.07148916835219703]","[-0.746316695727754, 1.4523080679090437, 1.8623869182366763, 1.447609658103579, 0.5562097222810813, 0.06542013690664823]",0.27291170968448747,1.8623869182366763,0.06616271153631546,-0.05584298631558671,0.004763207901241202,True,True,-0.013025683603054006,-0.05131303265456604,-0.008262475701812804,nan,-0.008262475701812804,0.02534755753829021,-0.00588390822689403,0.0251469249554621,nan,0.0251469249554621,0.03250478366930043,0.0014836390263398965,0.03161941699669268,nan,0.03161941699669268,0.025265554817576863,-0.003735599290905523,0.025210696158389657,nan,0.025210696158389657,0.009707690985408135,-0.013047176556501443,0.009918655490041341,nan,0.009918655490041341,0.00114179678612647,0.08124147398063114,-0.00010592458113189748,nan,-0.00010592458113189748
14.124,26.113249551999616,ABORT,TAKEOFF_TRANSITION,ACTIVE_ARM_PROFILE,0.006856172077702202,0.006937898538243942,0.10165433822964165,-0.006112534552812576,0.00579129857942462,-0.04139671474695206,0.0007104432443156838,0.00893754605203867,-0.06626299023628235,-0.018689855982113913,0.02910773881780346,-0.055856103456811655,-0.002175187924876809,-0.00729791633784771,-0.0021805160213261834,0.14364228416746283,0.14364228416746283,1.0414307560772535,0.10760464532920827,0.14364228416746283,"[-0.32723602673966595, 0.010233277015332576, 0.057423602747532804, 0.0033513004930497718, -0.006307276758754522, 0.07441610630275593]","[-0.8005418271952295, 1.4507440723971106, 1.8687031770129534, 1.4475151511256916, 0.5618707543278594, 0.06834834641215154]",0.32723602673966595,1.8687031770129534,0.06686679545252154,-0.055856103456811655,0.0057113460977513755,True,True,-0.013972090684488236,-0.04210157595789332,-0.008260744586736861,nan,-0.008260744586736861,0.025320260667120564,-0.0010916567842222595,0.025141656289934353,nan,0.025141656289934353,0.03261502318135445,0.0059060799916505966,0.03161279224505274,nan,0.03161279224505274,0.02526390535964662,2.2965778427335402e-05,0.025205414131819193,nan,0.025205414131819193,0.009806494633685325,0.04248026343974476,0.009916577379960108,nan,0.009916577379960108,0.0011929036831856976,0.0793368950916065,-0.00010590238831149741,nan,-0.00010590238831149741
14.131,26.18859503600015,ABORT,TAKEOFF_TRANSITION,ACTIVE_ARM_PROFILE,0.006856172077702202,0.006937898538243942,0.10165433822964165,-0.006112534552812576,0.00579129857942462,-0.04139671474695206,0.0007104432443156838,0.00893754605203867,-0.06626299023628235,-0.018689855982113913,0.02910773881780346,-0.055856103456811655,0.002871914766728878,-0.006599206011742353,0.004850723315030337,0.14364228416746283,0.14364228416746283,1.0414307560772535,0.10760464532920827,0.14364228416746283,"[-0.3272751468142472, 0.010352339341837543, 0.057573310171284184, 0.0034706647549919505, -0.006260315223674694, 0.0744156047850918]","[-0.8005418271952295, 1.4507440723971106, 1.8687031770129534, 1.4475151511256916, 0.5618707543278594, 0.06834834641215154]",0.3272751468142472,1.8687031770129534,0.06686679545252154,-0.055856103456811655,0.005712028871856444,True,True,-0.013972090684488236,-0.04210157595789332,-0.008260061812631793,nan,-0.008260061812631793,0.025320260667120564,-0.0010916567842222595,0.025139578260321756,nan,0.025139578260321756,0.03261502318135445,0.0059060799916505966,0.0316101793575936,nan,0.0316101793575936,0.02526390535964662,2.2965778427335402e-05,0.02520333083243909,nan,0.02520333083243909,0.009806494633685325,0.04248026343974476,0.009915757746551174,nan,0.009915757746551174,0.0011929036831856976,0.0793368950916065,-0.0001058936351770015,nan,-0.0001058936351770015
14.149,26.263976919000015,ABORT,TAKEOFF_TRANSITION,ACTIVE_ARM_PROFILE,0.006856172077702202,0.006937898538243942,0.10165433822964165,-0.005972542334347963,0.005817686207592487,-0.04155045002698898,0.001663758186623454,0.008726713247597218,-0.06677903980016708,-0.01867214872295153,0.029073836425837277,-0.05580094176494224,0.004946388769894838,-0.005676977802067995,-0.0008303582435473793,0.14378262123343732,0.14378262123343732,1.04158382124828,0.10773973498367508,0.14378262123343732,"[-0.38420883591279514, -0.002864828262901888, 0.04800265311824167, -0.018760763933626596, -0.007170135821177666, 0.09151206018404727]","[-0.8573598437756234, 1.437174854361192, 1.858689856317854, 1.4249307792255828, 0.5608220751244565, 0.08544628472778673]",0.38420883591279514,1.858689856317854,0.0673673791388803,-0.05580094176494224,0.0067057092019329086,True,True,-0.014963752148268838,-0.0355559897123872,-0.00825804294633593,nan,-0.00825804294633593,0.025083433135472788,0.05913374238523096,0.025133433821164616,nan,0.025133433821164616,0.03244025776616688,0.0612047068348415,0.03160245341956084,nan,0.03160245341956084,0.024869733710494835,0.047683406940603246,0.02519717081132602,nan,0.02519717081132602,0.009788191728788753,0.14040716315595742,0.00991333420668349,nan,0.00991333420668349,0.001491319002096425,-0.005401548533448264,-0.00010586775339840776,nan,-0.00010586775339840776
14.187,26.336198453999714,ABORT,TAKEOFF_TRANSITION,ACTIVE_ARM_PROFILE,0.006856172077702202,0.006937898538243942,0.10165433822964165,-0.005684555042535067,0.00580555060878396,-0.04215555638074875,0.002949328860267997,0.008176674135029316,-0.0669301375746727,-0.01855582856095866,0.029119532878209543,-0.05584563042514867,0.0027686588000506163,-0.004031640477478504,-0.0003324918798170979,0.14436009779848863,0.14436009779848863,1.0421872299539898,0.1083060197411818,0.14436009779848863,"[-0.479201958986781, 0.008081796598180644, 0.07024236502853551, -0.013529199879047717, -0.003833066750550827, 0.061702078077362575]","[-0.9520301815317395, 1.4471390789758918, 1.879694310911277, 1.4291774517213984, 0.5637716578676513, 0.05564044071491613]",0.479201958986781,1.879694310911277,0.06749222071024986,-0.05584563042514866,0.008363651966326158,True,True,-0.016616061246088165,-0.04487058120093347,-0.008252409279762007,nan,-0.008252409279762007,0.025257341662407562,-0.0024435832736736073,0.025116287702292833,nan,0.025116287702292833,0.03280685465640776,0.002890936807344526,0.03158089411227209,nan,0.03158089411227209,0.024943852127800703,-0.0013975627134124337,0.025179981210850504,nan,0.025179981210850504,0.009839671659217508,-0.04055535877371502,0.00990657129446334,nan,0.00990657129446334,0.0009711088877359941,0.06224204483513414,-0.00010579553003659521,nan,-0.00010579553003659521
14.219,26.41144534399973,ABORT,TAKEOFF_TRANSITION,ACTIVE_ARM_PROFILE,0.006856172077702202,0.006937898538243942,0.10165433822964165,-0.005563012324273586,0.005802333354949951,-0.042536597698926926,0.003303467994555831,0.00804450735449791,-0.06673391163349152,-0.018640301461811726,0.029122264343174234,-0.055878958521817235,0.003899842966347933,-0.0009128144010901453,-0.0015241266228258608,0.14472923565559365,0.14472923565559365,1.042567586164147,0.10867013498008005,0.14472923565559365,"[-0.5753603748163135, 0.005116878671428209, 0.07878709643759996, -0.015859199237339555, -0.019734494758696992, 0.06848978077431626]","[-1.0478238098268824, 1.4430639266493004, 1.8868430479983815, 1.4257344024705847, 0.5474323221413765, 0.06243281997228306]",0.5753603748163135,1.8868430479983815,0.06729815719077514,-0.055878958521817235,0.010041932926053336,True,True,-0.018287975462270012,-0.03580692388909751,-0.008246042536216676,nan,-0.008246042536216676,0.025186216836788233,0.0025182177333929515,0.025096910456546738,nan,0.025096910456546738,0.03293162365593716,0.006914395028451128,0.031556529415014745,nan,0.031556529415014745,0.02488375958206568,0.001959420704998124,0.025160554825487028,nan,0.025160554825487028,0.009554496453205275,-0.7539342091232556,0.009898928362962101,nan,0.009898928362962101,0.0010896582698212143,0.07766438981938333,-0.00010571390865971592,nan,-0.00010571390865971592
14.253,26.48663103600029,ABORT,TAKEOFF_TRANSITION,ACTIVE_ARM_PROFILE,0.006856172077702202,0.006937898538243942,0.10165433822964165,-0.005246700718998909,0.005799144972115755,-0.04307510331273079,0.003842687699943781,0.006571303121745586,-0.06798765808343887,-0.01852943370860475,0.029155701920484604,-0.0559091766984425,-0.003056909888982773,0.0005937257083132857,-0.00532559072598815,0.14523907029027863,0.14523907029027863,1.043104419078793,0.10916864460010911,0.14523907029027863,"[-0.6210988904489331, 0.004380847547477504, 0.08431992675588995, -0.015234562657957073, -0.0017525754855677634, 0.07222882071833486]","[-1.0930701766973288, 1.4408300359931785, 1.890492489185234, 1.4248573810293388, 0.5648234434263465, 0.06617816924214648]",0.6210988904489331,1.890492489185234,0.06841249831096474,-0.0559091766984425,0.010840220618817443,True,True,-0.019077673538724582,-0.04203775118709631,-0.00823745291990714,nan,-0.00823745291990714,0.025147228089709373,-0.0018845298471712993,0.02507076787597797,nan,0.02507076787597797,0.032995318420505626,0.003654174397119519,0.031523658073574885,nan,0.031523658073574885,0.024868452670305352,0.0003422155438129607,0.02513434594878808,nan,0.02513434594878808,0.009858028780241668,0.06384140091175729,0.009888616992854564,nan,0.009888616992854564,0.0011550269462174967,0.07479356668637349,-0.00010560379015014238,nan,-0.00010560379015014238
14.285,26.565226265000092,ABORT,TAKEOFF_TRANSITION,ACTIVE_ARM_PROFILE,0.006856172077702202,0.006937898538243942,0.10165433822964165,-0.005068585276603699,0.005778960417956114,-0.04352251812815666,0.003709763288497925,0.004767590202391148,-0.06904420256614685,-0.018606482177871433,0.02922753766883687,-0.05604646538785382,0.009918425232172012,-0.005643131211400031,0.0044063637033104905,0.14567039025642284,0.14567039025642284,1.0435508290355329,0.1095934368982348,0.14567039025642284,"[-0.706813245734597, 0.004189236440647534, 0.09681615339067523, -0.011541462778237454, -0.004865361206132361, 0.07418953459003678]","[-1.17821346780897, 1.4389003855326288, 1.9008033276988372, 1.4268080339842135, 0.5610251260311055, 0.06814620413185993]",0.706813245734597,1.9008033276988372,0.06930796612215469,-0.05604646538785382,0.012336218334776484,True,True,-0.020563704304606745,-0.029613050574148803,-0.008227485969830261,nan,-0.008227485969830261,0.025113549335760155,-0.0020080652223713243,0.025040433366726327,nan,0.025040433366726327,0.03317527650120944,0.004707758461414229,0.031485515855426284,nan,0.031485515855426284,0.02490249798693167,0.002641095023338805,0.025103934512908287,nan,0.025103934512908287,0.009791735635658938,0.18086868361471564,0.00987665220800475,nan,0.00987665220800475,0.0011893756348371198,0.07867136095849593,-0.00010547601428124337,nan,-0.00010547601428124337
14.321,26.642937136999535,ABORT,TAKEOFF_TRANSITION,ACTIVE_ARM_PROFILE,0.006856172077702202,0.006937898538243942,0.10165433822964165,-0.0047686039470136166,0.005744784604758024,-0.04425608739256859,0.004446438048034906,0.005264065228402615,-0.07041612267494202,-0.018442438222940852,0.029229545765316476,-0.056040760642880515,0.002824983559548855,-0.0026437966153025627,-0.0002430850581731644,0.14637763232043902,0.14637763232043902,1.0442827769288328,0.11029008893206306,0.14637763232043902,"[-0.7848449519314284, 0.005356351404018642, 0.10264846328809649, -0.025316316602384765, 0.0031033408676210796, 0.05374884369280857]","[-1.255467089118468, 1.4376993915929435, 1.9036580082029253, 1.4106590658645537, 0.5680597792534022, 0.04771548824923392]",0.7848449519314284,1.9036580082029253,0.07075246657620053,-0.056040760642880515,0.013698128528860055,True,True,-0.02191203435554634,-0.034278670852010015,-0.008213905826686284,nan,-0.008213905826686284,0.025092588037216146,0.00040782722522633317,0.0249991020693222,nan,0.0249991020693222,0.03322510007509827,0.004285933312753731,0.03143354641860846,nan,0.03143354641860846,0.024620645322444012,0.0019260452637942724,0.02506249840163293,nan,0.02506249840163293,0.009914513496124044,0.08091197008628129,0.009860349980172359,nan,0.009860349980172359,0.0008327923741457965,0.04720639264437612,-0.0001053019174335006,nan,-0.0001053019174335006
14.337,26.73871324099946,ABORT,TAKEOFF_TRANSITION,ACTIVE_ARM_PROFILE,0.006856172077702202,0.006937898538243942,0.10165433822964165,-0.004645189270377159,0.0057525658048689365,-0.04452803358435631,0.0048477244563400745,0.006013843230903149,-0.07198154926300049,-0.018420357222360753,0.029246608319717312,-0.056105957252653146,-0.0005183276371099055,0.0009836407843977217,0.002676567295566201,0.14663891760277642,0.14663891760277642,1.0445542028733115,0.11054710593799848,0.14663891760277642,"[-0.8214100794219636, 0.0064455962685292965, 0.10731837628305517, -0.02500498773843962, -0.024100765698685026, 0.05636336282703835]","[-1.2916375239318116, 1.4375873854653782, 1.9068174837943686, 1.4097660974307251, 0.5403818654614185, 0.0503350673265142]",0.8214100794219636,1.9068174837943686,0.07239482147993904,-0.056105957252653146,0.014336310394981386,True,True,-0.022543327534917168,-0.03461185141968935,-0.008207017139935782,nan,-0.008207017139935782,0.025090633161507725,0.004021707929687267,0.024978136284367628,nan,0.024978136284367628,0.03328024332680535,0.006748020284885268,0.03140718431277184,nan,0.03140718431277184,0.024605060083157326,0.0035663040579246887,0.02504147944861391,nan,0.02504147944861391,0.00943144277037078,-0.6729164773860122,0.009852080484064545,nan,0.009852080484064545,0.0008785126540606925,0.05983462233010181,-0.00010521360476730592,nan,-0.00010521360476730592
14.358,26.82090129700009,ABORT,TAKEOFF_TRANSITION,ACTIVE_ARM_PROFILE,0.006856172077702202,0.006937898538243942,0.10165433822964165,-0.004486327525228262,0.005726792383939028,-0.04484071210026741,0.005969200283288956,0.005590660497546196,-0.07323256880044937,-0.018422129704115803,0.029342745336451252,-0.05610302820244735,0.000543666654266417,-0.0038252070080488916,0.0024977563880383973,0.1469384866075667,0.1469384866075667,1.0448660377999976,0.1108415600168695,0.1469384866075667,"[-0.8588925524722377, 0.006159593333546675, 0.11084557484345414, -0.025449101875030092, 0.0021713604826901415, 0.061779343819437005]","[-1.3285541984912435, 1.43557936933452, 1.9081794453164163, 1.4075956031685783, 0.5659747811361633, 0.055758301831093766]",0.8588925524722377,1.9081794453164163,0.07368782782748716,-0.05610302820244734,0.014990502961498712,True,True,-0.02318764505486648,-0.0352019037451786,-0.008197142093367768,nan,-0.008197142093367768,0.02505558666859109,-0.00196369102632302,0.024948081484336807,nan,0.024948081484336807,0.033304014039650554,0.0018705834681547935,0.03136939379736648,nan,0.03136939379736648,0.02456717781188722,0.00015022077957357053,0.025011348431281957,nan,0.025011348431281957,0.009878123414080342,0.06389360283795256,0.009840226024409706,nan,0.009840226024409706,0.0009731659522733693,0.05809998887302999,-0.00010508700709741561,nan,-0.00010508700709741561
14.371,26.89608838999993,ABORT,TAKEOFF_TRANSITION,ACTIVE_ARM_PROFILE,0.006856172077702202,0.006937898538243942,0.10165433822964165,-0.0043885656632483006,0.005701818969100714,-0.044993262737989426,0.0058775232173502445,0.006001278758049011,-0.07386285811662674,-0.018405576100524977,0.029380789251302334,-0.05608071119446124,0.00848262570798397,-0.005021438002586365,-0.001457343809306621,0.1470832787543355,0.1470832787543355,1.0450180330577679,0.11098340417978271,0.1470832787543355,"[-0.8592707620530011, 0.007310677861735565, 0.11229293358650957, -0.024295098260505205, 0.0026253806420235273, 0.06177449518896979]","[-1.3285541984912435, 1.43557936933452, 1.9081794453164163, 1.4075956031685783, 0.5659747811361633, 0.055758301831093766]",0.8592707620530011,1.9081794453164163,0.07433896982780454,-0.05608071119446124,0.014997103963945619,True,True,-0.02318764505486648,-0.0352019037451786,-0.00819054109092086,nan,-0.00819054109092086,0.02505558666859109,-0.00196369102632302,0.024927991269351146,nan,0.024927991269351146,0.033304014039650554,0.0018705834681547935,0.03134413262184264,nan,0.03134413262184264,0.02456717781188722,0.00015022077957357053,0.024991207268628583,nan,0.024991207268628583,0.009878123414080342,0.06389360283795256,0.009832301877758909,nan,0.009832301877758909,0.0009731659522733693,0.05809998887302999,-0.00010500238253155021,nan,-0.00010500238253155021
14.377,26.967233276000115,ABORT,TAKEOFF_TRANSITION,ACTIVE_ARM_PROFILE,0.006856172077702202,0.006937898538243942,0.10165433822964165,-0.0043885656632483006,0.005701818969100714,-0.044993262737989426,0.0058775232173502445,0.006001278758049011,-0.07386285811662674,-0.018405576100524977,0.029380789251302334,-0.05608071119446124,0.00848262570798397,-0.005021438002586365,-0.001457343809306621,0.1470832787543355,0.1470832787543355,1.0450180330577679,0.11098340417978271,0.1470832787543355,"[-0.8953591865457939, 0.006291199374564983, 0.11492152735006929, -0.02506623167890137, -0.005922024893179507, 0.06326442171861185]","[-1.3644606992874835, 1.4340062043119888, 1.9101118408180404, 1.406269379096566, 0.5572089860362942, 0.05725056061465713]",0.8953591865457939,1.9101118408180404,0.07433896982780454,-0.05608071119446124,0.01562696579320222,True,True,-0.023814331716630832,-0.033223089521818606,-0.008187365923428613,nan,-0.008187365923428613,0.025028129759270712,-0.006016759640009537,0.024918327616285145,nan,0.024918327616285145,0.033337740703604624,-0.0029041902062866337,0.0313319816699252,nan,0.0313319816699252,0.024544030835211395,-0.0059057033361978335,0.02498151910907593,nan,0.02498151910907593,0.00972513142803244,0.06895110120459161,0.009828490260803489,nan,0.009828490260803489,0.0009992107813383555,0.06560710965669858,-0.00010496167702163069,nan,-0.00010496167702163069
14.409,27.03921942299985,ABORT,TAKEOFF_TRANSITION,ACTIVE_ARM_PROFILE,0.006856172077702202,0.006937898538243942,0.10165433822964165,-0.0041570840403437614,0.005670581478625536,-0.04533567279577255,0.00559091055765748,0.006065788678824902,-0.07500449568033218,-0.01827920249770094,0.029329836677847995,-0.05611671223047569,0.001909240847453475,-0.004113388247787952,-0.001282882876694202,0.14740746671760785,0.14740746671760785,1.045359318924079,0.11130064840444588,0.14740746671760785,"[-0.9310437582125369, 0.008390495221547665, 0.12154875896060979, -0.022140554938295934, -0.017404859468356158, 0.06480277142369945]","[-1.3990944272755579, 1.4329072472283637, 1.912717630711437, 1.4059886923150295, 0.5444646704233804, 0.05880238209025458]",0.9310437582125369,1.912717630711437,0.07545678528416683,-0.05611671223047569,0.016249779060950764,True,True,-0.024418804302262842,-0.03248230546901598,-0.008169025241312078,nan,-0.008169025241312078,0.02500894933982334,0.0038497753742600563,0.02486250757233448,nan,0.02486250757233448,0.033383220316859585,0.0065319605519893915,0.031261794271283984,nan,0.031261794271283984,0.02453913192670676,0.0037017565397843323,0.024925557508598713,nan,0.024925557508598713,0.009502701159673776,-0.6987363571461226,0.009806473263243501,nan,0.009806473263243501,0.001026295175490688,0.07091857859060431,-0.00010472655027016067,nan,-0.00010472655027016067
14.442,27.11751456499951,ABORT,TAKEOFF_TRANSITION,ACTIVE_ARM_PROFILE,0.006856172077702202,0.006937898538243942,0.10165433822964165,-0.003994264639914036,0.005674564279615879,-0.045637909322977066,0.007041925564408302,0.006241952069103718,-0.07566250115633011,-0.01825944451456427,0.02931112833072537,-0.05615022493188555,0.00413450226187706,-0.002328736474737524,0.005343573167920113,0.14769676428247822,0.14769676428247822,1.0456609356015476,0.11158489173422849,0.14769676428247822,"[-0.997342245649755, 0.009302715930115514, 0.13123744047651414, -0.018513243673109026, -0.013092460094987497, 0.06834304733936195]","[-1.4641624033313094, 1.4300743946098418, 1.9176973056421558, 1.4058614329554833, 0.547299907392911, 0.06235843310860589]",0.997342245649755,1.9176973056421558,0.07624542453497987,-0.05615022493188555,0.017406905955822317,True,True,-0.02555445472204454,-0.0217031293678838,-0.00814754876622222,nan,-0.00814754876622222,0.02495950673440639,0.003445864513775423,0.024797143712048147,nan,0.024797143712048147,0.03347013204007965,0.00615340618783421,0.0311796066018744,nan,0.0311796066018744,0.0245369108318787,0.0032312734563962556,0.02486002788919846,nan,0.02486002788919846,0.009552185379866351,-0.7033001528488676,0.009780691915709853,nan,0.009780691915709853,0.0010883599741298156,0.0747516944240263,-0.00010445122278840072,nan,-0.00010445122278840072
14.473,27.192272575999596,ABORT,TAKEOFF_TRANSITION,ACTIVE_ARM_PROFILE,0.006856172077702202,0.006937898538243942,0.10165433822964165,-0.0036947678308933973,0.00569111155346036,-0.04624089598655701,0.008012117817997932,0.0046811699867248535,-0.07581865787506104,-0.01801606753031639,0.02932777827851591,-0.056122464609287895,0.0038572275079786777,-0.007005482912063599,-0.00044568988960236224,0.14827635386198462,0.14827635386198462,1.046262898364838,0.1121552945056066,0.14827635386198462,"[-1.0289909918297029, 0.011728145523810013, 0.13868698449445788, -0.014233486085415166, -0.0033451533931937063, 0.07044376869919766]","[-1.494513970299467, 1.4285518466880913, 1.920182713982456, 1.406183201176353, 0.5554900205639854, 0.06447578424983169]",1.0289909918297029,1.920182713982456,0.07638439805581797,-0.056122464609287895,0.017959280780790385,True,True,-0.026084189498778443,-0.020556080421241636,-0.00812490871798806,nan,-0.00812490871798806,0.024932933260152446,-0.003956430719518983,0.024728238505608926,nan,0.024728238505608926,0.03351351059887442,0.0002335853896789867,0.031092966089783805,nan,0.031092966089783805,0.024542526746761162,-0.0012450991894188083,0.024790947942988455,nan,0.024790947942988455,0.009695129820812554,0.20816170334540138,0.009753513761508044,nan,0.009753513761508044,0.001125314722965065,0.07355007313575895,-0.00010416097834925723,nan,-0.00010416097834925723
14.511,27.270025644999805,ABORT,TAKEOFF_TRANSITION,ACTIVE_ARM_PROFILE,0.006856172077702202,0.006937898538243942,0.10165433822964165,-0.003356808563694358,0.005702096503227949,-0.046968527138233185,0.00894094817340374,0.004946090746670961,-0.07646150887012482,-0.018043830828996476,0.02929557291913414,-0.056243602798927046,0.004284536466002464,0.004264617338776589,0.00490111531689763,0.14897848264232236,0.14897848264232236,1.0469894359000316,0.11284741641255842,0.14897848264232236,"[-1.0876225232514947, 0.016003651464095114, 0.15234602030335787, -0.005763677964179401, -0.0043806935380349315, 0.07185557571590422]","[-1.5513618688301556, 1.4273988486206937, 1.9270160193216808, 1.409210738905695, 0.5523133255394174, 0.06591045736305719]",1.0876225232514947,1.9270160193216808,0.07714121276341182,-0.056243602798927046,0.018982594049587166,True,True,-0.027076372500978607,-0.02663600959751206,-0.00809377845139144,nan,-0.00809377845139144,0.024912809647607226,0.0028193338501682303,0.024633493237217155,nan,0.024633493237217155,0.033632774275837996,0.0049741070387834775,0.03097383461923427,nan,0.03097383461923427,0.02459536724836653,0.002266765325148714,0.024695962405866103,nan,0.024695962405866103,0.00963968603330212,-0.755415138399749,0.009716143559061668,nan,0.009716143559061668,0.0011503544924806874,0.08028587845796006,-0.00010376188967792259,nan,-0.00010376188967792259
14.517,27.345458124000288,ABORT,TAKEOFF_TRANSITION,ACTIVE_ARM_PROFILE,0.006856172077702202,0.006937898538243942,0.10165433822964165,-0.003356808563694358,0.005702096503227949,-0.046968527138233185,0.00894094817340374,0.004946090746670961,-0.07646150887012482,-0.018043830828996476,0.02929557291913414,-0.056243602798927046,0.004284536466002464,0.004264617338776589,0.00490111531689763,0.14897848264232236,0.14897848264232236,1.0469894359000316,0.11284741641255842,0.14897848264232236,"[-1.1126061282513473, 0.010708225517327415, 0.14583333559458958, -0.022986568574837798, 0.006119783956361287, 0.05435959448572271]","[-1.576043895565988, 1.4211855663016713, 1.9193492339255003, 1.3910676642900761, 0.5624517746282786, 0.04841834235317668]",1.1126061282513473,1.9193492339255003,0.07714121276341182,-0.056243602798927046,0.01941864021585231,True,True,-0.02750715513358415,-0.009072959766792557,-0.00808851491773184,nan,-0.00808851491773184,0.024804367413784334,-0.0016654774107310241,0.024617473621460897,nan,0.024617473621460897,0.03349896362763083,0.004472807061503374,0.0309536917623394,nan,0.0309536917623394,0.024278710859888974,-0.00021831309370603375,0.024679902165255355,nan,0.024679902165255355,0.009816635350948566,0.06176681331315457,0.009709824971399337,nan,0.009709824971399337,0.0008450594924207522,0.023601116122545035,-0.00010369441140406281,nan,-0.00010369441140406281
14.532,27.425881463999758,ABORT,TAKEOFF_TRANSITION,ACTIVE_ARM_PROFILE,0.006856172077702202,0.006937898538243942,0.10165433822964165,-0.0032101080287247896,0.005721020046621561,-0.04711011424660683,0.009495489299297333,0.004866353236138821,-0.0765712559223175,-0.018005588421928054,0.029481292246073987,-0.05623465849923574,-0.0006279258523136377,-0.008660638704895973,0.0027508663479238757,0.1491096009953833,0.1491096009953833,1.0471306633947226,0.11297460086082022,0.1491096009953833,"[-1.1133842826477698, 0.013076545971971174, 0.1488112309901421, -0.020612242191255396, 0.00705391624972255, 0.054349618580017]","[-1.576043895565988, 1.4211855663016713, 1.9193492339255003, 1.3910676642900761, 0.5624517746282786, 0.04841834235317668]",1.1133842826477698,1.9193492339255003,0.07731107905321845,-0.056234658499235736,0.01943222157215875,True,True,-0.02750715513358415,-0.009072959766792557,-0.008074933561425399,nan,-0.008074933561425399,0.024804367413784334,-0.0016654774107310241,0.024576138631785035,nan,0.024576138631785035,0.03349896362763083,0.004472807061503374,0.030901717682907028,nan,0.030901717682907028,0.024278710859888974,-0.00021831309370603375,0.024638462352344872,nan,0.024638462352344872,0.009816635350948566,0.06176681331315457,0.009693521287230977,nan,0.009693521287230977,0.0008450594924207522,0.023601116122545035,-0.0001035202990036297,nan,-0.0001035202990036297
14.564,27.50310755800001,ABORT,TAKEOFF_TRANSITION,ACTIVE_ARM_PROFILE,0.006856172077702202,0.006937898538243942,0.10165433822964165,-0.003054053522646427,0.005806379951536655,-0.047093477100133896,0.009676847606897354,0.004338561557233334,-0.07629293948411942,-0.017999180192964814,0.0294572030123711,-0.056236445983615456,0.0007656252128072083,-0.0013131303712725642,-0.0014016735367476938,0.14908187505911938,0.14908187505911938,1.04711402964372,0.11294275351061332,0.14908187505911938,"[-1.1600419059905807, 0.027835244780561836, 0.16712730885418314, -0.010330020667802083, 0.00635507580457577, 0.044804384152183754]","[-1.6209242885753299, 1.4305352473488533, 1.9308640830729724, 1.3959271510839462, 0.5596194652277845, 0.03889589194135043]",1.1600419059905807,1.9308640830729724,0.07702647019772181,-0.05623644598361545,0.020246550720646163,True,True,-0.028290465761186212,-0.02376679264923046,-0.008043915040540051,nan,-0.008043915040540051,0.024967550132068972,0.00027743087695950605,0.0244817334625496,nan,0.0244817334625496,0.03369993565812468,0.0015752194170455317,0.030783013848621713,nan,0.030783013848621713,0.024363524904399192,0.0009133658097160195,0.0245438177768514,nan,0.0245438177768514,0.009767202226474758,0.08556212424071057,0.009656285229471083,nan,0.009656285229471083,0.0006788613798764942,0.03253633631625752,-0.00010312264290748038,nan,-0.00010312264290748038
14.564,27.577055707999534,ABORT,TAKEOFF_TRANSITION,ACTIVE_ARM_PROFILE,0.006856172077702202,0.006937898538243942,0.10165433822964165,-0.003054053522646427,0.005806379951536655,-0.047093477100133896,0.009676847606897354,0.004338561557233334,-0.07629293948411942,-0.017999180192964814,0.0294572030123711,-0.056236445983615456,0.0007656252128072083,-0.0013131303712725642,-0.0014016735367476938,0.14908187505911938,0.14908187505911938,1.04711402964372,0.11294275351061332,0.14908187505911938,"[-1.1600419059905807, 0.027835244780561836, 0.16712730885418314, -0.010330020667802083, 0.00635507580457577, 0.044804384152183754]","[-1.6209242885753299, 1.4305352473488533, 1.9308640830729724, 1.3959271510839462, 0.5596194652277845, 0.03889589194135043]",1.1600419059905807,1.9308640830729724,0.07702647019772181,-0.05623644598361545,0.020246550720646163,True,True,-0.028290465761186212,-0.02376679264923046,-0.008043915040540051,nan,-0.008043915040540051,0.024967550132068972,0.00027743087695950605,0.0244817334625496,nan,0.0244817334625496,0.03369993565812468,0.0015752194170455317,0.030783013848621713,nan,0.030783013848621713,0.024363524904399192,0.0009133658097160195,0.0245438177768514,nan,0.0245438177768514,0.009767202226474758,0.08556212424071057,0.009656285229471083,nan,0.009656285229471083,0.0006788613798764942,0.03253633631625752,-0.00010312264290748038,nan,-0.00010312264290748038
14.575,27.656807880000088,ABORT,TAKEOFF_TRANSITION,ACTIVE_ARM_PROFILE,0.006856172077702202,0.006937898538243942,0.10165433822964165,-0.002959632780402899,0.0058884103782474995,-0.04705703631043434,0.010111142881214619,0.0045258235186338425,-0.07687798142433167,-0.01798018481053572,0.029504028410221688,-0.05627902270160204,-0.0030118629802018404,-0.010485479608178139,0.00044387567322701346,0.14903866735853866,0.14903866735853866,1.0470777765238681,0.1128969882390311,0.14903866735853866,"[-1.1606901868195918, 0.029808293772842904, 0.1696081950441382, -0.008351968133024487, 0.007133301899975954, 0.044796073219995014]","[-1.6209242885753299, 1.4305352473488533, 1.9308640830729724, 1.3959271510839462, 0.5596194652277845, 0.03889589194135043]",1.1606901868195918,1.9308640830729724,0.07767201759170442,-0.05627902270160204,0.020257865355589967,True,True,-0.028290465761186212,-0.02376679264923046,-0.008032600405596247,nan,-0.008032600405596247,0.024967550132068972,0.00027743087695950605,0.02444729726133114,nan,0.02444729726133114,0.03369993565812468,0.0015752194170455317,0.03073971421623974,nan,0.03073971421623974,0.024363524904399192,0.0009133658097160195,0.024509294247342113,nan,0.024509294247342113,0.009767202226474758,0.08556212424071057,0.00964270262178141,nan,0.00964270262178141,0.0006788613798764942,0.03253633631625752,-0.00010297758977687695,nan,-0.00010297758977687695
14.589,27.761694445999638,ABORT,TAKEOFF_TRANSITION,ACTIVE_ARM_PROFILE,0.006856172077702202,0.006937898538243942,0.10165433822964165,-0.002788900164887309,0.006015200167894363,-0.04703898727893829,0.011880094185471535,0.004168051760643721,-0.07692534476518631,-0.01804688948730965,0.02939967247051739,-0.05631581332295518,0.0007357842987403274,-0.0027287448756396766,0.002302845707163215,0.14900867035729137,0.14900867035729137,1.0470599798862024,0.11286245295120527,0.14900867035729137,"[-1.1854062436651438, 0.03222345901366581, 0.1731345540879388, -0.007719781105411447, 0.007427102616340046, 0.04784907412632893]","[-1.6447872751264498, 1.4303540848726568, 1.931125853349363, 1.3939564262518662, 0.55888920116446, 0.04195982917196231]",1.1854062436651438,1.931125853349363,0.07794881628721412,-0.05631581332295519,0.020689241925654932,True,True,-0.028706953445862382,-0.024075103031433696,-0.00801771152020745,nan,-0.00801771152020745,0.024964388250378278,0.0005936655197034998,0.024401982794208365,nan,0.024401982794208365,0.03370450441133155,0.0019523836492968472,0.03068273639352481,nan,0.03068273639352481,0.024329129267428584,0.0015799678303590084,0.02446386486525126,nan,0.02446386486525126,0.009754456714160753,0.10896665818009793,0.009624829319622134,nan,0.009624829319622134,0.0007323371726251082,0.0386563702649939,-0.00010278671491016078,nan,-0.00010278671491016078
14.635,27.855974721000166,ABORT,TAKEOFF_TRANSITION,ACTIVE_ARM_PROFILE,0.006856172077702202,0.006937898538243942,0.10165433822964165,-0.0024561069440096617,0.00620613619685173,-0.0468018464744091,0.011597825214266777,0.003563676495105028,-0.07637171447277069,-0.017933918971850756,0.02942410845579528,-0.0563777747533478,-0.002312176162377,-0.005388504825532436,-0.0012433812953531736,0.1487497656925406,0.1487497656925406,1.0468231246825066,0.11259553817745203,0.1487497656925406,"[-1.2335704506744047, 0.04278079263970162, 0.1864270715729345, -0.001729000040725083, -0.003366423600410684, 0.04093582235877393]","[-1.689924875119139, 1.4316999106816453, 1.9328359404834758, 1.3907123396280572, 0.5444623968135861, 0.03508537837545415]",1.2335704506744047,1.9328359404834758,0.07732947763545839,-0.05637777475334779,0.02152986591957867,True,True,-0.029494753182182976,-0.011614926372829022,-0.007964887262604307,nan,-0.007964887262604307,0.02498787734190344,-0.005432347071067779,0.024241211653727692,nan,0.024241211653727692,0.03373435106231781,-0.00983800210132403,0.030480584848518982,nan,0.030480584848518982,0.02427250927462321,-0.01803406062145258,0.02430268601810098,nan,0.02430268601810098,0.009502661477696961,0.0827821626379863,0.00956141665354097,nan,0.00956141665354097,0.0006123553719596941,0.04127613647570147,-0.00010210951021242244,nan,-0.00010210951021242244
14.672,27.9309809209999,ABORT,TAKEOFF_TRANSITION,ACTIVE_ARM_PROFILE,0.006856172077702202,0.006937898538243942,0.10165433822964165,-0.0021350847091525793,0.006387311965227127,-0.046659916639328,0.010993982665240765,0.0035117960069328547,-0.07646279782056808,-0.01796748692044448,0.02948042052874567,-0.05651788407504025,-0.001503906212747097,-0.0032422333024442183,0.008948427625000477,0.14858756354930663,0.14858756354930663,1.0466815835966072,0.11242572664781042,0.14858756354930663,"[-1.2767983930647695, 0.05404290746425633, 0.19902429384496642, 0.0034070862365051307, -0.0019018497576601574, 0.0350546765924247]","[-1.7304655904874577, 1.4347834239949298, 1.9351494953849389, 1.387649083915507, 0.5427010998620231, 0.02923868274330066]",1.2767983930647695,1.9351494953849389,0.07732890673342664,-0.05651788407504025,0.02228433584315296,True,True,-0.030202322146474003,-0.017469717235904646,-0.007917986303321042,nan,-0.007917986303321042,0.025041694801749337,-0.0053909831183670785,0.024098468129147444,nan,0.024098468129147444,0.033774730212773996,-0.010292905637192689,0.030301100993722647,nan,0.030301100993722647,0.024219045376608683,-0.017693786603529386,0.024159580503882287,nan,0.024159580503882287,0.009471921046786846,0.05729460375711357,0.009505114586936272,nan,0.009505114586936272,0.0005103112828166445,0.03208524179341793,-0.00010150824194295279,nan,-0.00010150824194295279
14.704,28.008395804999964,ABORT,TAKEOFF_TRANSITION,ACTIVE_ARM_PROFILE,0.006856172077702202,0.006937898538243942,0.10165433822964165,-0.0017878114013001323,0.006582575384527445,-0.04690675064921379,0.012214535847306252,0.0032529993914067745,-0.07501215487718582,-0.018072464595551663,0.02956941024300833,-0.05647458647581838,-0.0015267484122887254,-0.0005225449567660688,0.0007826389046385885,0.14881277443082638,0.14881277443082638,1.0469289713840164,0.11264241060505271,0.14881277443082638,"[-1.316073561665231, 0.06475551996363214, 0.2097850996491196, 0.007291489537879535, -0.002519654192615803, 0.03195482040685039]","[-1.767232187820546, 1.4378611755055795, 1.9363103260930565, 1.3838792646453653, 0.5390718912098261, 0.02617098633287434]",1.316073561665231,1.9363103260930565,0.07606970665333562,-0.056474586475818385,0.022969816849506906,True,True,-0.030844020324691357,-0.015445111459733329,-0.007874203475184449,nan,-0.007874203475184449,0.025095411699168402,-0.006128447451986551,0.023965214666962102,nan,0.023965214666962102,0.033794990530688906,-0.01127436314566937,0.03013354982018737,nan,0.03013354982018737,0.024153249618139583,-0.018394085939485154,0.024025989118328865,nan,0.024025989118328865,0.009408579406564144,0.05555400223654002,0.009452555668236969,nan,0.009452555668236969,0.00045676988000309393,0.025379388527949794,-0.0001009469479799193,nan,-0.0001009469479799193
14.714,28.086862537999878,ABORT,TAKEOFF_TRANSITION,ACTIVE_ARM_PROFILE,0.006856172077702202,0.006937898538243942,0.10165433822964165,-0.0017878114013001323,0.006582575384527445,-0.04690675064921379,0.012214535847306252,0.0032529993914067745,-0.07501215487718582,-0.018072464595551663,0.02956941024300833,-0.05647458647581838,0.002801676979288459,-0.00461596017703414,-0.002705121878534555,0.14881277443082638,0.14881277443082638,1.0469289713840164,0.11264241060505271,0.14881277443082638,"[-1.3168928649009286, 0.06724907730980789, 0.2129204662863346, 0.009791370406784888, -0.0015361249418154076, 0.031944316974804925]","[-1.767232187820546, 1.4378611755055795, 1.9363103260930565, 1.3838792646453653, 0.5390718912098261, 0.02617098633287434]",1.3168928649009286,1.9363103260930565,0.07606970665333562,-0.056474586475818385,0.022984116388542072,True,True,-0.030844020324691357,-0.015445111459733329,-0.007859903936149283,nan,-0.007859903936149283,0.025095411699168402,-0.006128447451986551,0.023921693881184043,nan,0.023921693881184043,0.033794990530688906,-0.01127436314566937,0.030078827349110784,nan,0.030078827349110784,0.024153249618139583,-0.018394085939485154,0.02398235796625885,nan,0.02398235796625885,0.009408579406564144,0.05555400223654002,0.009435389844520829,nan,0.009435389844520829,0.00045676988000309393,0.025379388527949794,-0.0001007636285079665,nan,-0.0001007636285079665
14.73,28.1620595280001,ABORT,TAKEOFF_TRANSITION,ACTIVE_ARM_PROFILE,0.006856172077702202,0.006937898538243942,0.10165433822964165,-0.0016338361892849207,0.00665632076561451,-0.047114625573158264,0.012534793466329575,0.003200303763151169,-0.07554013282060623,-0.018057531610086004,0.029541390907798407,-0.05656636543309798,0.0032156328670680523,-0.010233456268906593,-0.0005165325128473328,0.1490112885568551,0.1490112885568551,1.047137056509817,0.11283717184978413,0.1490112885568551,"[-1.3348767231452694, 0.07303371178858986, 0.21848997239820145, 0.011940620671212723, -0.0010086156241580395, 0.03035557496723593]","[-1.783869957825515, 1.4395489773689896, 1.9367285280569801, 1.3819212929547888, 0.5379834943527043, 0.024599501118313615]",1.3348767231452694,1.9367285280569801,0.07663990251804088,-0.05656636543309799,0.023297993927117747,True,True,-0.031134404191467624,-0.008031195154169442,-0.007836410264349877,nan,-0.007836410264349877,0.025124869398806204,-0.004671284086750357,0.023850190663142715,nan,0.023850190663142715,0.03380228953189768,-0.009574348313737475,0.029988920130957532,nan,0.029988920130957532,0.02411907656547818,-0.017085355178755333,0.023910673420033824,nan,0.023910673420033824,0.00938958329783901,0.05714009167692419,0.009407186961367626,nan,0.009407186961367626,0.00042934228886259973,0.020625605880419458,-0.00010046244065163714,nan,-0.00010046244065163714
14.731,28.23709772500024,ABORT,TAKEOFF_TRANSITION,ACTIVE_ARM_PROFILE,0.006856172077702202,0.006937898538243942,0.10165433822964165,-0.0016338361892849207,0.00665632076561451,-0.047114625573158264,0.012534793466329575,0.003200303763151169,-0.07554013282060623,-0.018057531610086004,0.029541390907798407,-0.05656636543309798,0.0032156328670680523,-0.010233456268906593,-0.0005165325128473328,0.1490112885568551,0.1490112885568551,1.047137056509817,0.11283717184978413,0.1490112885568551,"[-1.3349622949201783, 0.07329415031568526, 0.21881744442131437, 0.012201719655926138, -0.0009058913335671462, 0.030354477940782717]","[-1.783869957825515, 1.4395489773689896, 1.9367285280569801, 1.3819212929547888, 0.5379834943527043, 0.024599501118313615]",1.3349622949201783,1.9367285280569801,0.07663990251804088,-0.05656636543309799,0.023299487436336683,True,True,-0.031134404191467624,-0.008031195154169442,-0.00783491675513094,nan,-0.00783491675513094,0.025124869398806204,-0.004671284086750357,0.023845645153345855,nan,0.023845645153345855,0.03380228953189768,-0.009574348313737475,0.029983204665946044,nan,0.029983204665946044,0.02411907656547818,-0.017085355178755333,0.02390611638307696,nan,0.02390611638307696,0.00938958329783901,0.05714009167692419,0.00940539408427504,nan,0.00940539408427504,0.00042934228886259973,0.020625605880419458,-0.00010044329392804705,nan,-0.00010044329392804705
14.753,28.320008843999858,ABORT,TAKEOFF_TRANSITION,ACTIVE_ARM_PROFILE,0.006856172077702202,0.006937898538243942,0.10165433822964165,-0.0014113885117694736,0.006655620411038399,-0.047465730458498,0.01234233658760786,0.0023322636261582375,-0.07605629414319992,-0.018005766397312564,0.029429067003965116,-0.05663621529301153,0.002632241230458021,-0.006067770067602395,0.004143168684095145,0.1493493459128535,0.1493493459128535,1.0474878260798748,0.11317020557708889,0.1493493459128535,"[-1.3525360644638682, 0.0812379919643584, 0.2266931435119296, 0.016020119161571564, -0.0014719868911014398, 0.02797855732571506]","[-1.7995181512872995, 1.4416323095317365, 1.9372352985976127, 1.3798643210484336, 0.5351058487869693, 0.022248266305331728]",1.3525360644638682,1.9372352985976127,0.07708652674015512,-0.056636215293011535,0.02360620757686077,True,True,-0.03140751668936481,-0.014058166900028007,-0.007801309112504038,nan,-0.007801309112504038,0.025161230404458834,-0.004949427278724044,0.023743359966972084,nan,0.023743359966972084,0.03381113434638383,-0.00978938777683841,0.02985459260040464,nan,0.02985459260040464,0.02408317563309126,-0.01680184557749322,0.02380357180716,nan,0.02380357180716,0.00933935890801152,0.03232406526749181,0.009365049925807434,nan,0.009365049925807434,0.0003883054998885527,0.016760868272792058,-0.00010001244540315468,nan,-0.00010001244540315468
14.794,28.401297640999474,ABORT,TAKEOFF_TRANSITION,ACTIVE_ARM_PROFILE,0.006856172077702202,0.006937898538243942,0.10165433822964165,-0.0010397466830909252,0.006584899965673685,-0.04801243916153908,0.013029228895902634,0.002648967318236828,-0.07611746340990067,-0.018014259235863687,0.029501980219853223,-0.05663871692801456,-0.0019265810260549188,-0.0003750242758542301,-0.0012644792441278696,0.14987532950999818,0.14987532950999818,1.0480336419304686,0.11368840584184119,0.14987532950999818,"[-1.385612813563834, 0.09713155030558557, 0.24211096729667494, 0.02404276319256564, -0.009475699430131665, 0.022918880759823984]","[-1.8287862374695474, 1.4459341653337972, 1.9380778660861442, 1.3762658666273928, 0.5225300422749121, 0.017237416633315007]",1.385612813563834,1.9380778660861442,0.07726995580063753,-0.05663871692801456,0.024183505754511246,True,True,-0.031918341159002495,-0.013209256810204597,-0.007734835404491247,nan,-0.007734835404491247,0.025236311952150814,0.019743250933033987,0.02354104659175184,nan,0.02354104659175184,0.03382583992322896,0.018948505125832467,0.02960020638871367,nan,0.02960020638871367,0.02402037075546115,0.018690346771466748,0.023600745376473577,nan,0.023600745376473577,0.009119869678282377,-0.30637529182494366,0.009285251832267525,nan,0.009285251832267525,0.00030084967478938296,-0.006349343160988959,-9.916025534152531e-05,nan,-9.916025534152531e-05
14.826,28.480502837999666,ABORT,TAKEOFF_TRANSITION,ACTIVE_ARM_PROFILE,0.006856172077702202,0.006937898538243942,0.10165433822964165,-0.0005893084453418851,0.0065217153169214725,-0.04901803284883499,0.014384080655872822,0.0015974020352587104,-0.07674546539783478,-0.01807289049375308,0.029587205169474162,-0.05671867337822266,0.001796777592971921,-0.006075138226151466,0.002395097631961108,0.1508567923399636,0.1508567923399636,1.049038470837537,0.11466055402188281,0.1508567923399636,"[-1.4153786924619085, 0.10912405996085534, 0.252479267321402, 0.027683335367711205, 0.013584826421974238, 0.02594565673227386]","[-1.855380005360978, 1.4482723243666538, 1.936306910965241, 1.3702276052839553, 0.5417826203173602, 0.020304858931671162]",1.4153786924619085,1.936306910965241,0.07809814292739078,-0.05671867337822266,0.02470301834603255,True,True,-0.03238248996921911,-0.00847028656298599,-0.007679471623186558,nan,-0.007679471623186558,0.025277120525709407,0.003519581274360114,0.023372546386248767,nan,0.023372546386248767,0.03379493092546415,0.003066874298214193,0.02938833641768276,nan,0.02938833641768276,0.02391498321392227,0.003111070816494361,0.023431817863821914,nan,0.023431817863821914,0.009455890554620261,0.1678998600443338,0.00921879060524489,nan,0.00921879060524489,0.0003543866425106401,0.0039829792492155625,-9.845049405977164e-05,nan,-9.845049405977164e-05
14.854,28.551786715000162,ABORT,TAKEOFF_TRANSITION,ACTIVE_ARM_PROFILE,0.006856172077702202,0.006937898538243942,0.10165433822964165,-0.0003990145050920546,0.006499487441033125,-0.04948471859097481,0.014215265400707722,0.0016112469602376223,-0.07692690938711166,-0.01804479707158996,0.02958219081761699,-0.05678095009886538,0.00414211954921484,-0.006333145778626203,0.00409688474610448,0.151313728502297,0.151313728502297,1.0495049200006397,0.11511370465425573,0.151313728502297,"[-1.4301168309140255, 0.12052760949661627, 0.2641638814109208, 0.0354722861302807, -0.008868019690887859, 0.020679949364982773]","[-1.8671990661905276, 1.4507916328391983, 1.9368205956717635, 1.3691097850421443, 0.5158255792958724, 0.015076574013246597]",1.4301168309140255,1.9368205956717635,0.07824588982836302,-0.05678095009886538,0.02496024738763677,True,True,-0.03258877149518824,-0.010549684092838798,-0.007628524107551468,nan,-0.007628524107551468,0.0253210907534287,0.01592670031775071,0.02321748712815476,nan,0.02321748712815476,0.033803896414910106,0.01591440172410396,0.029193366919441695,nan,0.029193366919441695,0.02389547357025723,0.017501929338713473,0.023276365384074314,nan,0.023276365384074314,0.009002854724720066,-0.29619013924161247,0.00915763086645775,nan,0.00915763086645775,0.0002631358564517683,-0.005468534132784607,-9.779734911289166e-05,nan,-9.779734911289166e-05
14.854,28.62881041699984,ABORT,TAKEOFF_TRANSITION,ACTIVE_ARM_PROFILE,0.006856172077702202,0.006937898538243942,0.10165433822964165,-0.0003990145050920546,0.006499487441033125,-0.04948471859097481,0.014215265400707722,0.0016112469602376223,-0.07692690938711166,-0.01804479707158996,0.02958219081761699,-0.05678095009886538,0.00414211954921484,-0.006333145778626203,0.00409688474610448,0.151313728502297,0.151313728502297,1.0495049200006397,0.11511370465425573,0.151313728502297,"[-1.4301168309140255, 0.12052760949661627, 0.2641638814109208, 0.0354722861302807, -0.008868019690887859, 0.020679949364982773]","[-1.8671990661905276, 1.4507916328391983, 1.9368205956717635, 1.3691097850421443, 0.5158255792958724, 0.015076574013246597]",1.4301168309140255,1.9368205956717635,0.07824588982836302,-0.05678095009886538,0.02496024738763677,True,True,-0.03258877149518824,-0.010549684092838798,-0.007628524107551468,nan,-0.007628524107551468,0.0253210907534287,0.01592670031775071,0.02321748712815476,nan,0.02321748712815476,0.033803896414910106,0.01591440172410396,0.029193366919441695,nan,0.029193366919441695,0.02389547357025723,0.017501929338713473,0.023276365384074314,nan,0.023276365384074314,0.009002854724720066,-0.29619013924161247,0.00915763086645775,nan,0.00915763086645775,0.0002631358564517683,-0.005468534132784607,-9.779734911289166e-05,nan,-9.779734911289166e-05
14.872,28.703639024999575,ABORT,TAKEOFF_TRANSITION,ACTIVE_ARM_PROFILE,0.006856172077702202,0.006937898538243942,0.10165433822964165,-0.0001197468809550628,0.006478877738118172,-0.0503065250813961,0.014540360309183598,0.0016902654897421598,-0.0774865597486496,-0.01800080592912581,0.029559879465335736,-0.05676810488074264,-0.001374580548144877,-0.002188347047194838,0.0037837545387446885,0.15212158993268707,0.15212158993268707,1.05032651438713,0.11591606762354208,0.15212158993268707,"[-1.4434533864790031, 0.1269303233798736, 0.27001353108537524, 0.038093359291812734, 0.012744833635542855, 0.02448130980511168]","[-1.878588475488955, 1.4512681881703042, 1.9352187705125807, 1.3657896712430704, 0.5351009887733134, 0.018902896784295468]",1.4434533864790031,1.9352187705125807,0.07885712407276681,-0.05676810488074264,0.025193014193120804,True,True,-0.03278755418730306,-0.012447673914655358,-0.007594539994182255,nan,-0.007594539994182255,0.02532940821302443,0.00378571970213668,0.023114056149424498,nan,0.023114056149424498,0.033775939291841084,0.0033114373278723378,0.029063314149465228,nan,0.029063314149465228,0.02383752665292249,0.004071221270583268,0.023172672110135184,nan,0.023172672110135184,0.009339274084771532,0.16849774875119256,0.00911683477521239,nan,0.00911683477521239,0.00032991778705060426,0.002202810336127372,-9.736167424936583e-05,nan,-9.736167424936583e-05
14.872,28.76350155,ABORT,TAKEOFF_TRANSITION,ACTIVE_ARM_PROFILE,0.006856172077702202,0.006937898538243942,0.10165433822964165,-0.0001197468809550628,0.006478877738118172,-0.0503065250813961,0.014540360309183598,0.0016902654897421598,-0.0774865597486496,-0.01800080592912581,0.029559879465335736,-0.05676810488074264,-0.001374580548144877,-0.002188347047194838,0.0037837545387446885,0.15212158993268707,0.15212158993268707,1.05032651438713,0.11591606762354208,0.15212158993268707,"[-1.4434533864790031, 0.1269303233798736, 0.27001353108537524, 0.038093359291812734, 0.012744833635542855, 0.02448130980511168]","[-1.878588475488955, 1.4512681881703042, 1.9352187705125807, 1.3657896712430704, 0.5351009887733134, 0.018902896784295468]",1.4434533864790031,1.9352187705125807,0.07885712407276681,-0.05676810488074264,0.025193014193120804,True,True,-0.03278755418730306,-0.012447673914655358,-0.007594539994182255,nan,-0.007594539994182255,0.02532940821302443,0.00378571970213668,0.023114056149424498,nan,0.023114056149424498,0.033775939291841084,0.0033114373278723378,0.029063314149465228,nan,0.029063314149465228,0.02383752665292249,0.004071221270583268,0.023172672110135184,nan,0.023172672110135184,0.009339274084771532,0.16849774875119256,0.00911683477521239,nan,0.00911683477521239,0.00032991778705060426,0.002202810336127372,-9.736167424936583e-05,nan,-9.736167424936583e-05
14.903,28.84092333299941,ABORT,TAKEOFF_TRANSITION,ACTIVE_ARM_PROFILE,0.006856172077702202,0.006937898538243942,0.10165433822964165,6.934665725566447e-05,0.006464497651904821,-0.050902966409921646,0.013920907862484455,0.0011779948836192489,-0.07792978733778,-0.017987772383532236,0.029644059508735134,-0.056768275587987645,0.0029691888485103846,-0.005039790645241737,-0.003131303936243057,0.152708926741613,0.152708926741613,1.050922851282635,0.11649980822131302,0.152708926741613,"[-1.4662901904877226, 0.1405337842721934, 0.2821325696946073, 0.04472867646364945, -0.016760508637920706, 0.022305732889464313]","[-1.897942761280204, 1.4542725710826974, 1.9340106660607292, 1.3617990317627806, 0.5014150716112233, 0.016771965601571574]",1.4662901904877226,1.9340106660607292,0.079172161156389,-0.056768275587987645,0.025591591613705597,True,True,-0.033125350198732306,-0.010118323671837494,-0.007533758585026707,nan,-0.007533758585026707,0.025381844586836344,-0.00288926175657254,0.022929067340999146,nan,0.022929067340999146,0.03375485389144828,-0.0032842358954311597,0.028830711623165008,nan,0.028830711623165008,0.023767876854731362,-0.0023181858518543305,0.022987214180381386,nan,0.022987214180381386,0.008751343918738996,-0.3836016840075707,0.009043869978779663,nan,0.009043869978779663,0.00029272602177865537,-0.002634755094095241,-9.658245921288527e-05,nan,-9.658245921288527e-05
14.936,28.913269059999948,ABORT,TAKEOFF_TRANSITION,ACTIVE_ARM_PROFILE,0.006856172077702202,0.006937898538243942,0.10165433822964165,0.0006451905937865376,0.006421693600714207,-0.052543509751558304,0.014005136676132679,0.0008842726820148528,-0.08045094460248947,-0.0178182653479291,0.029639222313004383,-0.05686637890590709,0.0019899639301002026,-0.0040941648185253135,0.005342006217688323,0.15432374762350842,0.15432374762350842,1.0525632970704102,0.11810459000009198,0.15432374762350842,"[-1.4863127297530347, 0.15508364093819144, 0.2956743177633338, 0.05311038367254418, 0.003291261614416101, 0.020878706404553644]","[-1.9140795020131582, 1.456995962218054, 1.9326819698953135, 1.3583242821822776, 0.5168021507543675, 0.015394754885778706]",1.4863127297530347,1.9326819698953135,0.08166566156547159,-0.056866378905907095,0.025941050848495142,True,True,-0.03340698945506304,-0.007440315910333775,-0.0074659386065678976,nan,-0.0074659386065678976,0.025429376728967945,-0.008050681054166781,0.022722656578615837,nan,0.022722656578615837,0.03373166376860315,-0.013131088102998355,0.028571173410045017,nan,0.028571173410045017,0.02370723103386929,-0.01868098178302861,0.022780279971785958,nan,0.022780279971785958,0.00901989911205181,0.08631744260577104,0.008962455760335745,nan,0.008962455760335745,0.000268689160294322,0.0032137471798566047,-9.57130100223663e-05,nan,-9.57130100223663e-05
14.967,28.987430399000004,ABORT,TAKEOFF_TRANSITION,ACTIVE_ARM_PROFILE,0.006856172077702202,0.006937898538243942,0.10165433822964165,0.0008201114251278341,0.006316458340734243,-0.05341881886124611,0.014517979696393013,0.0020345766097307205,-0.07953740656375885,-0.017827006938329414,0.02961480706616952,-0.05692970635848979,0.0010140876984223723,-0.003827276173979044,0.001455768360756338,0.1551918305396769,0.1551918305396769,1.0534380751424084,0.11896990821763272,0.1551918305396769,"[-1.4967527212713672, 0.16769413282966586, 0.309244176425448, 0.06281929170398275, 0.008188094752153211, 0.020019176067988958]","[-1.9207027086643857, 1.45799003233861, 1.9316454906200986, 1.3563873098433326, 0.5171171399578335, 0.014584155566128226]",1.4967527212713672,1.9316454906200986,0.08087713075606981,-0.05692970635848979,0.026123263074370323,True,True,-0.03352258621816695,-0.007459672083552649,-0.0073993231437966284,nan,-0.0073993231437966284,0.025446726525567342,-0.00808118939249002,0.022519911771412958,nan,0.022519911771412958,0.033713573792621965,-0.01001242048340243,0.02831624472137967,nan,0.02831624472137967,0.023673424489034645,-0.011162115268087074,0.022577021015029387,nan,0.022577021015029387,0.009025396710760525,0.14002196469002806,0.008882487497870182,nan,0.008882487497870182,0.00025454153325199513,-0.0022938735834764604,-9.485900267086436e-05,nan,-9.485900267086436e-05
14.975,29.061916822000057,ABORT,TAKEOFF_TRANSITION,ACTIVE_ARM_PROFILE,0.006856172077702202,0.006937898538243942,0.10165433822964165,0.0008201114251278341,0.006316458340734243,-0.05341881886124611,0.014517979696393013,0.0020345766097307205,-0.07953740656375885,-0.017827006938329414,0.02961480706616952,-0.05692970635848979,0.0010140876984223723,-0.003827276173979044,0.001455768360756338,0.1551918305396769,0.1551918305396769,1.0534380751424084,0.11896990821763272,0.1551918305396769,"[-1.4977636931585805, 0.17077103557617085, 0.31311303399639623, 0.06590399730470474, 0.009401711859334153, 0.02000621545212104]","[-1.9207027086643857, 1.45799003233861, 1.9316454906200986, 1.3563873098433326, 0.5171171399578335, 0.014584155566128226]",1.4977636931585805,1.9316454906200986,0.08087713075606981,-0.05692970635848979,0.0261409078624473,True,True,-0.03352258621816695,-0.007459672083552649,-0.0073816783557196525,nan,-0.0073816783557196525,0.025446726525567342,-0.00808118939249002,0.02246620968772279,nan,0.02246620968772279,0.033713573792621965,-0.01001242048340243,0.02824872041847591,nan,0.02824872041847591,0.023673424489034645,-0.011162115268087074,0.02252318274584208,nan,0.02252318274584208,0.009025396710760525,0.14002196469002806,0.008861305883491346,nan,0.008861305883491346,0.00025454153325199513,-0.0022938735834764604,-9.463279725088297e-05,nan,-9.463279725088297e-05
14.987,29.139737183999387,ABORT,TAKEOFF_TRANSITION,ACTIVE_ARM_PROFILE,0.006856172077702202,0.006937898538243942,0.10165433822964165,0.0009369292529299855,0.006228955462574959,-0.05398925766348839,0.015911979600787163,0.00229261489585042,-0.07989764213562012,-0.017826925417063568,0.029631164871729503,-0.0569460518771129,0.0021313666366040707,-0.003302215598523617,-0.00032758802990429065,0.15575772526089074,0.15575772526089074,1.054008080136301,0.11953411064226391,0.15575772526089074,"[-1.5041993181505362, 0.17706144076190075, 0.31833536597740386, 0.06880524317787669, 0.0018169146131610673, 0.019508738088482584]","[-1.9256019956355626, 1.4596045778535787, 1.9309884573502984, 1.3546008383257055, 0.5076880519573752, 0.014106373989467073]",1.5041993181505362,1.9309884573502984,0.08149895948236494,-0.0569460518771129,0.02625323070798056,True,True,-0.033608094906814046,0.0026290670864746856,-0.007354864198833487,nan,-0.007354864198833487,0.025474905660726854,-0.009278038972376099,0.02238460054110679,nan,0.02238460054110679,0.033702106398768805,-0.014861642866041507,0.02814610613692197,nan,0.02814610613692197,0.023642244679058955,-0.02151078908156389,0.02244136664296964,nan,0.02244136664296964,0.00886082807969224,0.12204551619466529,0.00882911693746498,nan,0.00882911693746498,0.0002462026716338883,-0.002362596217893897,-9.428904091935767e-05,nan,-9.428904091935767e-05
15.02,29.213301850999414,ABORT,TAKEOFF_TRANSITION,ACTIVE_ARM_PROFILE,0.006856172077702202,0.006937898538243942,0.10165433822964165,0.0010416698642075062,0.006184366997331381,-0.05433501675724983,0.01652807928621769,0.0024629689287394285,-0.07988040894269943,-0.017784806573880253,0.029675818294514357,-0.05700234199739222,0.0041618626564741135,-0.007048760540783406,-0.0035769972018897525,0.1560995038909488,0.1560995038909488,1.0543536688567903,0.11987440264088398,0.1560995038909488,"[-1.51778006093753, 0.19174452257002153, 0.33242252617324136, 0.07832004736128817, 0.008529253711538216, 0.019826923922748086]","[-1.9348356369385835, 1.4610572141225664, 1.9284398270749432, 1.3508516452960206, 0.5091819306867479, 0.014480289476737985]",1.51778006093753,1.9348356369385835,0.08160957881087447,-0.05700234199739222,0.02649025938448007,True,True,-0.0337692523494999,-0.0005827452061222486,-0.00727899296501983,nan,-0.00727899296501983,0.02550025894645458,-0.006901215921807275,0.022153685704943124,nan,0.022153685704943124,0.03365762440904785,-0.00756744666647194,0.02785575681952776,nan,0.02785575681952776,0.02357680891639813,-0.007201652354124101,0.022209866219625753,nan,0.022209866219625753,0.008886901182145301,0.1623228465302954,0.008738037622141013,nan,0.008738037622141013,0.0002527287280109647,-0.0033703304988099278,-9.331637498341929e-05,nan,-9.331637498341929e-05
15.022,29.28685511799995,ABORT,TAKEOFF_TRANSITION,ACTIVE_ARM_PROFILE,0.006856172077702202,0.006937898538243942,0.10165433822964165,0.0010416698642075062,0.006184366997331381,-0.05433501675724983,0.01652807928621769,0.0024629689287394285,-0.07988040894269943,-0.017784806573880253,0.029675818294514357,-0.05700234199739222,0.0041618626564741135,-0.007048760540783406,-0.0035769972018897525,0.1560995038909488,0.1560995038909488,1.0543536688567903,0.11987440264088398,0.1560995038909488,"[-1.5180492431722472, 0.1925637813128085, 0.33345265148129577, 0.07914138369867695, 0.008852392434913009, 0.01982347301814158]","[-1.9348356369385835, 1.4610572141225664, 1.9284398270749432, 1.3508516452960206, 0.5091819306867479, 0.014480289476737985]",1.5180492431722472,1.9348356369385835,0.08160957881087447,-0.05700234199739222,0.026494957500763763,True,True,-0.0337692523494999,-0.0005827452061222486,-0.007274294848736139,nan,-0.007274294848736139,0.02550025894645458,-0.006901215921807275,0.022139386942455742,nan,0.022139386942455742,0.03365762440904785,-0.00756744666647194,0.02783777774119409,nan,0.02783777774119409,0.02357680891639813,-0.007201652354124101,0.022195531196272048,nan,0.022195531196272048,0.008886901182145301,0.1623228465302954,0.008732397787477432,nan,0.008732397787477432,0.0002527287280109647,-0.0033703304988099278,-9.325614533586345e-05,nan,-9.325614533586345e-05
15.039,29.357118742999774,ABORT,TAKEOFF_TRANSITION,ACTIVE_ARM_PROFILE,0.006856172077702202,0.006937898538243942,0.10165433822964165,0.0012257283087819815,0.006123978644609451,-0.05483037978410721,0.01667269505560398,0.001920122653245926,-0.08071360737085342,-0.01770770519716738,0.029645349689184603,-0.057079329638772644,-0.003961692098528147,-0.007437804713845253,0.002299743704497815,0.1565880944850876,0.1565880944850876,1.0548488686251745,0.12036046974928172,0.1565880944850876,"[-1.523063280656464, 0.20208203668525007, 0.3426318017981125, 0.08563360692405432, -0.007135622136313428, 0.016753804340079143]","[-1.937535429803855, 1.4635320435459995, 1.92876266503701, 1.3502825808359626, 0.490415790536288, 0.011440289314595634]",1.523063280656464,1.937535429803855,0.0824399905764002,-0.05707932963877265,0.026582468963681757,True,True,-0.03381637262412074,-0.003596877167784255,-0.007233903660438981,nan,-0.007233903660438981,0.025543452868318717,0.0134164296660902,0.022016455969025135,nan,0.022016455969025135,0.03366325899443634,0.013183456006657702,0.02768320593101865,nan,0.02768320593101865,0.023566876867914033,0.015256177341404616,0.02207228847673067,nan,0.02207228847673067,0.008559370248629072,-0.2802925241495276,0.008683910349085933,nan,0.008683910349085933,0.00019967071592041918,-0.005677951286810166,-9.273833204887763e-05,nan,-9.273833204887763e-05
15.072,29.42942436999965,ABORT,TAKEOFF_TRANSITION,ACTIVE_ARM_PROFILE,0.006856172077702202,0.006937898538243942,0.10165433822964165,0.0015598913887515664,0.006047610659152269,-0.05578198656439781,0.017108052968978882,0.002273046877235174,-0.08241640776395798,-0.017798866001022217,0.02971248524770122,-0.05703207248913081,-9.582494385540485e-05,-0.004017907194793224,-0.001660918584093451,0.1575279009137686,0.1575279009137686,1.0558004593717962,0.12129579949721483,0.1575279009137686,"[-1.5299276176360481, 0.21802371627617037, 0.3600457241096153, 0.09857371566571926, -0.0065556476519531195, 0.013652852330187142]","[-1.9397747356266282, 1.465397395942217, 1.9284771962643352, 1.3491106656001335, 0.48544366510160714, 0.008398630004093922]",1.5299276176360481,1.9397747356266282,0.08420401704913186,-0.05703207248913081,0.026702274244941905,True,True,-0.03385545588368721,0.004918393967720848,-0.00715318163874531,nan,-0.00715318163874531,0.02557600940934268,0.02111016596661011,0.021770777712889558,nan,0.021770777712889558,0.03365827662444154,0.018481041621727312,0.027374293281001626,nan,0.027374293281001626,0.023546423088494528,0.016684750751763032,0.021825987194203013,nan,0.021825987194203013,0.008472590288971737,-0.29599983458048895,0.008587007925098955,nan,0.008587007925098955,0.0001465837462282238,-0.008859499767391855,-9.170347922212184e-05,nan,-9.170347922212184e-05
15.088,29.503721801999745,ABORT,TAKEOFF_TRANSITION,ACTIVE_ARM_PROFILE,0.006856172077702202,0.006937898538243942,0.10165433822964165,0.001713358098641038,0.006029527634382248,-0.05628741905093193,0.01806577853858471,0.0026458052452653646,-0.08235441148281097,-0.01780534937988902,0.029697322542653573,-0.05709376808147458,-9.582494385540485e-05,-0.004017907194793224,-0.001660918584093451,0.15802807461396798,0.15802807461396798,1.0563060174233352,0.12179392651587448,0.15802807461396798,"[-1.5338411699174856, 0.2262328971351714, 0.36790243649925514, 0.10390068947300578, -0.007038948456800705, 0.013345462244587401]","[-1.9413835420761112, 1.4665920605025673, 1.9275139469182971, 1.3474053346856074, 0.4821936414978955, 0.008120786660375879]",1.5338411699174856,1.9413835420761112,0.08435414471311536,-0.05709376808147458,0.026770578617701924,True,True,-0.03388353485325801,-0.0006656371144406134,-0.007112956235556089,nan,-0.007112956235556089,0.025596860239377683,0.020669886802245477,0.021648351308043295,nan,0.021648351308043295,0.03364146475183549,0.01812288457493578,0.02722035590881413,nan,0.02722035590881413,0.023516659449200006,0.016797395525558943,0.021703250322803843,nan,0.021703250322803843,0.008415866676319439,-0.31322983296464507,0.008538719502768785,nan,0.008538719502768785,0.00014173446507559362,-0.008665192080623144,-9.11877912930493e-05,nan,-9.11877912930493e-05
15.09,29.574631896000028,ABORT,TAKEOFF_TRANSITION,ACTIVE_ARM_PROFILE,0.006856172077702202,0.006937898538243942,0.10165433822964165,0.001713358098641038,0.006029527634382248,-0.05628741905093193,0.01806577853858471,0.0026458052452653646,-0.08235441148281097,-0.01780534937988902,0.029697322542653573,-0.05709376808147458,-0.0005112352082505822,-0.0029540634714066974,0.007043327204883099,0.15802807461396798,0.15802807461396798,1.0563060174233352,0.12179392651587448,0.15802807461396798,"[-1.5341320965646545, 0.2271183352082052, 0.36901577483806147, 0.1047883729677416, -0.0066897067415713826, 0.013341732577553738]","[-1.9413835420761112, 1.4665920605025673, 1.9275139469182971, 1.3474053346856074, 0.4821936414978955, 0.008120786660375879]",1.5341320965646545,1.9413835420761112,0.08435414471311536,-0.05709376808147458,0.02677565624557681,True,True,-0.03388353485325801,-0.0006656371144406134,-0.007107878607681203,nan,-0.007107878607681203,0.025596860239377683,0.020669886802245477,0.02163289749834634,nan,0.02163289749834634,0.03364146475183549,0.01812288457493578,0.027200924489113276,nan,0.027200924489113276,0.023516659449200006,0.016797395525558943,0.021687757323105093,nan,0.021687757323105093,0.008415866676319439,-0.31322983296464507,0.008532624084952721,nan,0.008532624084952721,0.00014173446507559362,-0.008665192080623144,-9.112269632330883e-05,nan,-9.112269632330883e-05
15.122,29.647805581000284,ABORT,TAKEOFF_TRANSITION,ACTIVE_ARM_PROFILE,0.006856172077702202,0.006937898538243942,0.10165433822964165,0.001974281156435609,0.006012630648910999,-0.05697984993457794,0.01826426200568676,0.002503352938219905,-0.08278637379407883,-0.017851760916795214,0.029722743463819763,-0.05703204492414148,0.0031038117595016956,-0.0005230436800047752,0.00300743174739182,0.15871198642243503,0.15871198642243503,1.0569987950234985,0.12247453996052765,0.15871198642243503,"[-1.5400197986732767, 0.24196452738487131, 0.38324223481602765, 0.11429615416276416, 0.009499434731219853, 0.01833063453548073]","[-1.9425316583489056, 1.4670132772076103, 1.9236026299946292, 1.3424515594735782, 0.4926931663512103, 0.013170449903723484]",1.5400197986732767,1.9425316583489056,0.08481411279096544,-0.05703204492414148,0.02687841603274888,True,True,-0.033903573262414,-0.003704037319750996,-0.007025157229665121,nan,-0.007025157229665121,0.025604211857745085,-0.007135556891647311,0.021381134181847096,nan,0.021381134181847096,0.03357319939342851,-0.007677944534391945,0.026884360563187583,nan,0.026884360563187583,0.023430199761346415,-0.006375950902708573,0.021435355548839158,nan,0.021435355548839158,0.008599117954904756,0.17108627642938787,0.008433321541766667,nan,0.008433321541766667,0.00022986771478894497,-0.0065387382896598765,-9.00622118349751e-05,nan,-9.00622118349751e-05
15.131,29.7209378689995,ABORT,TAKEOFF_TRANSITION,ACTIVE_ARM_PROFILE,0.006856172077702202,0.006937898538243942,0.10165433822964165,0.0022552101872861385,0.005991485435515642,-0.05773095414042473,0.019229691475629807,0.001611606334336102,-0.08291278034448624,-0.017814609539815975,0.029814077589383557,-0.05702465741059945,-0.001352890394628048,-0.00051746959798038,0.0012896608095616102,0.15945449498828693,0.15945449498828693,1.0577503274485553,0.12321371290968457,0.15945449498828693,"[-1.5413812880061775, 0.24610823337781085, 0.3884524769404428, 0.11845036836361443, 0.011133829086345954, 0.01831318030111954]","[-1.9425316583489056, 1.4670132772076103, 1.9236026299946292, 1.3424515594735782, 0.4926931663512103, 0.013170449903723484]",1.5413812880061775,1.9425316583489056,0.08512876983533713,-0.05702465741059945,0.026902178504338778,True,True,-0.033903573262414,-0.003704037319750996,-0.00700139475807522,nan,-0.00700139475807522,0.025604211857745085,-0.007135556891647311,0.02130881286903568,nan,0.02130881286903568,0.03357319939342851,-0.007677944534391945,0.026793424683290434,nan,0.026793424683290434,0.023430199761346415,-0.006375950902708573,0.021362850833201216,nan,0.021362850833201216,0.008599117954904756,0.17108627642938787,0.008404795978993707,nan,0.008404795978993707,0.00022986771478894497,-0.0065387382896598765,-8.975757797695762e-05,nan,-8.975757797695762e-05
15.134,29.783739853000043,ABORT,TAKEOFF_TRANSITION,ACTIVE_ARM_PROFILE,0.006856172077702202,0.006937898538243942,0.10165433822964165,0.0022552101872861385,0.005991485435515642,-0.05773095414042473,0.019229691475629807,0.001611606334336102,-0.08291278034448624,-0.017814609539815975,0.029814077589383557,-0.05702465741059945,-0.001352890394628048,-0.00051746959798038,0.0012896608095616102,0.15945449498828693,0.15945449498828693,1.0577503274485553,0.12321371290968457,0.15945449498828693,"[-1.5418378690134102, 0.24749784210276682, 0.39019975291213477, 0.11984350105900196, 0.011681929907150288, 0.018307326952354677]","[-1.9425316583489056, 1.4670132772076103, 1.9236026299946292, 1.3424515594735782, 0.4926931663512103, 0.013170449903723484]",1.5418378690134102,1.9425316583489056,0.08512876983533713,-0.05702465741059945,0.026910147346217064,True,True,-0.033903573262414,-0.003704037319750996,-0.0069934259161969345,nan,-0.0069934259161969345,0.025604211857745085,-0.007135556891647311,0.02128455962147076,nan,0.02128455962147076,0.03357319939342851,-0.007677944534391945,0.026762928964643426,nan,0.026762928964643426,0.023430199761346415,-0.006375950902708573,0.02133853608074952,nan,0.02133853608074952,0.008599117954904756,0.17108627642938787,0.008395229815037788,nan,0.008395229815037788,0.00022986771478894497,-0.0065387382896598765,-8.96554177687432e-05,nan,-8.96554177687432e-05
15.164,29.85904933599977,ABORT,TAKEOFF_TRANSITION,ACTIVE_ARM_PROFILE,0.006856172077702202,0.006937898538243942,0.10165433822964165,0.0024408274330198765,0.005862314719706774,-0.05846930295228958,0.02018090896308422,0.0009007934713736176,-0.08327176421880722,-0.017893800004833947,0.02992561730668275,-0.057071013718765794,-0.004790956620126963,-0.006596447899937629,0.006513216998428107,0.1601881163327726,0.1601881163327726,1.0584883512182532,0.12394562980687278,0.1601881163327726,"[-1.5453252786054763, 0.2639569831828996, 0.40642974145421656, 0.1323798011140947, -0.00710218769425214, 0.01661127239918894]","[-1.9413783535512064, 1.4693483590213963, 1.9220732097652768, 1.3408279824336538, 0.4683381219572899, 0.011533889108316186]",1.5453252786054763,1.9413783535512064,0.08568703070807732,-0.057071013718765794,0.026971014125964247,True,True,-0.0338834442964151,0.004555745781691928,-0.006912430170450854,nan,-0.006912430170450854,0.025644966723699092,0.011310905342057517,0.021038048283526192,nan,0.021038048283526192,0.033546505974779706,0.010598441225385044,0.02645296880837434,nan,0.02645296880837434,0.02340186299633995,0.011920750191800906,0.02109139960376374,nan,0.02109139960376374,0.008174042240761459,-0.26779309042798083,0.008297998800120783,nan,0.008297998800120783,0.00020130434050003032,-0.008363065103696457,-8.861705581147454e-05,nan,-8.861705581147454e-05
15.2,29.931680847999814,ABORT,TAKEOFF_TRANSITION,ACTIVE_ARM_PROFILE,0.006856172077702202,0.006937898538243942,0.10165433822964165,0.0025712191127240658,0.005741260480135679,-0.05876388028264046,0.020410599187016487,0.0005949246697127819,-0.08394312858581543,-0.01783423538100597,0.029923627106971166,-0.05714127044084363,-0.0037470527458935976,-0.005459027364850045,-0.0035592273343354455,0.160479897791619,0.160479897791619,1.0587825685336816,0.1242365026775102,0.160479897791619,"[-1.548107341751111, 0.2828312671303851, 0.4260731822248963, 0.14771031577379248, 0.00570147538777255, 0.017343073821118566]","[-1.9384149079762214, 1.4707361314386047, 1.9197293379371967, 1.3386276407424946, 0.47424461236716325, 0.012339347703541682]",1.548107341751111,1.9384149079762214,0.08639094472981769,-0.057141270440843626,0.027019570287853966,True,True,-0.033831722413927956,0.0014386174827709462,-0.006812152126073989,nan,-0.006812152126073989,0.02566918792164774,-0.010957931769475413,0.020732851082634906,nan,0.020732851082634906,0.03350559769413497,-0.01571669781743574,0.02606921780986075,nan,0.02606921780986075,0.023363459789160324,-0.02022737284773355,0.02078542843974713,nan,0.02078542843974713,0.008277129945651218,0.1592894333698896,0.008177620427913167,nan,0.008177620427913167,0.0002153622449752035,-0.0046135338363786985,-8.733149561974958e-05,nan,-8.733149561974958e-05
15.23,30.005218115999924,ABORT,TAKEOFF_TRANSITION,ACTIVE_ARM_PROFILE,0.006856172077702202,0.006937898538243942,0.10165433822964165,0.002882859203964472,0.005580898839980364,-0.05936550348997116,0.022251509130001068,0.0004897306789644063,-0.08577096462249756,-0.017867945804610246,0.029915441389889143,-0.05746776924263598,0.003823541570454836,-0.011236131191253662,0.004047880880534651,0.16107457307341486,0.16107457307341486,1.0593841264119508,0.12482868057410255,0.16107457307341486,"[-1.5507934010182887, 0.29909339096926363, 0.4448202044930169, 0.16347184040042767, -0.0036605845394540528, 0.0131942038944649]","[-1.9361696562126254, 1.4719897623150533, 1.9196048759856166, 1.3393426117033718, 0.45896278008674807, 0.00825369697101541]",1.5507934010182887,1.9361696562126254,0.088611668909767,-0.05746776924263598,0.02706645086596992,True,True,-0.033792535378116995,0.00884433854960896,-0.006726084512147073,nan,-0.006726084512147073,0.025691067908046428,0.017814460378699486,0.020470903464678104,nan,0.020470903464678104,0.03350342542328644,0.01625684067069233,0.02573984827548882,nan,0.02573984827548882,0.023375938386483774,0.016793694623568937,0.020522816537201626,nan,0.020522816537201626,0.00801041165662042,-0.28715397818467836,0.008074300909381493,nan,0.008074300909381493,0.0001440541876061019,-0.0059592788865463365,-8.622811253176905e-05,nan,-8.622811253176905e-05
15.27,30.08369164600026,ABORT,TAKEOFF_TRANSITION,ACTIVE_ARM_PROFILE,0.006856172077702202,0.006937898538243942,0.10165433822964165,0.0032833698205649853,0.005461483728140593,-0.06007550284266472,0.022709064185619354,0.001874511013738811,-0.08736029267311096,-0.017843127288996417,0.029774121586597858,-0.057574535444041446,-0.0019287236500531435,-0.005563030485063791,-0.0023653898388147345,0.16177603719319364,0.16177603719319364,1.0600946561741644,0.12552690282163373,0.16177603719319364,"[-1.5516493188247693, 0.31911165324386354, 0.4670006347368854, 0.18182220453146888, 0.013754822240993963, 0.01734878751682556]","[-1.9302541185568998, 1.4713990341983114, 1.9158718292449712, 1.3370317221897825, 0.46824942058458585, 0.012495090359525231]",1.5516493188247693,1.9302541185568998,0.09028308880216057,-0.057574535444041446,0.027081389449819457,True,True,-0.033689289768998876,-6.211447787632818e-05,-0.006607900319179421,nan,-0.006607900319179421,0.025680757757425177,-0.0052600124472540625,0.020111208726837315,nan,0.020111208726837315,0.03343827146653133,-0.00534490699897025,0.02528757278146928,nan,0.02528757278146928,0.02333560575582183,-0.0027904448864593673,0.020162209633513145,nan,0.020162209633513145,0.008172494109756734,0.2477861794251236,0.007932427173624844,nan,0.007932427173624844,0.00021808046710791729,-0.005878267456819342,-8.471299628957986e-05,nan,-8.471299628957986e-05
15.292,30.157856283,ABORT,TAKEOFF_TRANSITION,ACTIVE_ARM_PROFILE,0.006856172077702202,0.006937898538243942,0.10165433822964165,0.003462931839749217,0.005433855578303337,-0.060517095029354095,0.02276541478931904,0.0017038154182955623,-0.08801591396331787,-0.017910485858538164,0.029884557204328654,-0.057695766704899,0.0009736313368193805,-0.007887991145253181,0.004341694526374341,0.1622139019622385,0.1622139019622385,1.0605366695842595,0.12596327358988713,0.1622139019622385,"[-1.5514303368266056, 0.3325384860376239, 0.48201524676903174, 0.19488554654725823, -0.005423790509743319, 0.012989929214930892]","[-1.926218040748594, 1.4732084988630025, 1.9162789134013347, 1.3384482350771258, 0.44448859062926765, 0.008185167060821058]",1.5514303368266056,1.926218040748594,0.0909283685562847,-0.057695766704898996,0.0270775674929489,True,True,-0.033618846922377266,0.004001001032422074,-0.006541279429428363,nan,-0.006541279429428363,0.025712338873522533,0.01791988065147173,0.019908447402568804,nan,0.019908447402568804,0.03344537642539258,0.016195613236070973,0.025032623324460018,nan,0.025032623324460018,0.023360328569602906,0.01698940143209629,0.019958934117804583,nan,0.019958934117804583,0.007757789394029935,-0.32792616450288214,0.007852452396363377,nan,0.007852452396363377,0.00014285811503711443,-0.007202615177829209,-8.385891936443177e-05,nan,-8.385891936443177e-05
15.292,30.232566392999615,ABORT,TAKEOFF_TRANSITION,ACTIVE_ARM_PROFILE,0.006856172077702202,0.006937898538243942,0.10165433822964165,0.003462931839749217,0.005433855578303337,-0.060517095029354095,0.02276541478931904,0.0017038154182955623,-0.08801591396331787,-0.017910485858538164,0.029884557204328654,-0.057695766704899,0.0009736313368193805,-0.007887991145253181,0.004341694526374341,0.1622139019622385,0.1622139019622385,1.0605366695842595,0.12596327358988713,0.1622139019622385,"[-1.5514303368266056, 0.3325384860376239, 0.48201524676903174, 0.19488554654725823, -0.005423790509743319, 0.012989929214930892]","[-1.926218040748594, 1.4732084988630025, 1.9162789134013347, 1.3384482350771258, 0.44448859062926765, 0.008185167060821058]",1.5514303368266056,1.926218040748594,0.0909283685562847,-0.057695766704898996,0.0270775674929489,True,True,-0.033618846922377266,0.004001001032422074,-0.006541279429428363,nan,-0.006541279429428363,0.025712338873522533,0.01791988065147173,0.019908447402568804,nan,0.019908447402568804,0.03344537642539258,0.016195613236070973,0.025032623324460018,nan,0.025032623324460018,0.023360328569602906,0.01698940143209629,0.019958934117804583,nan,0.019958934117804583,0.007757789394029935,-0.32792616450288214,0.007852452396363377,nan,0.007852452396363377,0.00014285811503711443,-0.007202615177829209,-8.385891936443177e-05,nan,-8.385891936443177e-05
15.294,30.30679392699949,ABORT,TAKEOFF_TRANSITION,ACTIVE_ARM_PROFILE,0.006856172077702202,0.006937898538243942,0.10165433822964165,0.003462931839749217,0.005433855578303337,-0.060517095029354095,0.02276541478931904,0.0017038154182955623,-0.08801591396331787,-0.017910485858538164,0.029884557204328654,-0.057695766704899,0.0009736313368193805,-0.007887991145253181,0.004341694526374341,0.1622139019622385,0.1622139019622385,1.0605366695842595,0.12596327358988713,0.1622139019622385,"[-1.5517805380530474, 0.3336043268677166, 0.4833554211926836, 0.19595409029041044, -0.005003392865910765, 0.012985439650354673]","[-1.926218040748594, 1.4732084988630025, 1.9162789134013347, 1.3384482350771258, 0.44448859062926765, 0.008185167060821058]",1.5517805380530474,1.926218040748594,0.0909283685562847,-0.057695766704898996,0.027083679657394832,True,True,-0.033618846922377266,0.004001001032422074,-0.0065351672649824315,nan,-0.0065351672649824315,0.025712338873522533,0.01791988065147173,0.019889844970781497,nan,0.019889844970781497,0.03344537642539258,0.016195613236070973,0.025009232868216276,nan,0.025009232868216276,0.023360328569602906,0.01698940143209629,0.019940284511284993,nan,0.019940284511284993,0.007757789394029935,-0.32792616450288214,0.007845115073310873,nan,0.007845115073310873,0.00014285811503711443,-0.007202615177829209,-8.378056168059586e-05,nan,-8.378056168059586e-05
15.311,30.383991517999675,ABORT,TAKEOFF_TRANSITION,ACTIVE_ARM_PROFILE,0.006856172077702202,0.006937898538243942,0.10165433822964165,0.0037616887129843235,0.005410109180957079,-0.06121091544628143,0.02356007508933544,0.0025649715680629015,-0.0889357328414917,-0.017899386028312446,0.02982207553037276,-0.05770361150503848,-0.004821911454200745,-0.0035232717636972666,0.001336347777396441,0.16290181344152535,0.16290181344152535,1.0612313728144576,0.1266487636790726,0.16290181344152535,"[-1.5503091925787087, 0.3423382868998294, 0.49301257198517007, 0.20432309886554006, -0.005036548802789183, 0.015880769101448637]","[-1.9217488267600233, 1.4728184169887415, 1.9144636123435892, 1.3376700636831178, 0.4408566555769982, 0.01111892905660485]",1.5503091925787087,1.9217488267600233,0.09203923507620694,-0.057703611505038485,0.027057999834433306,True,True,-0.03354084442330052,0.0021368027513792263,-0.006482844588867212,nan,-0.006482844588867212,0.025705530660464326,0.010559823291807246,0.019730600398425332,nan,0.019730600398425332,0.03341369344501999,0.010018863817613534,0.024809000810153213,nan,0.024809000810153213,0.023346746916632632,0.012234601230150532,0.019780636103551068,nan,0.019780636103551068,0.00769440016914924,-0.286388690570682,0.00778230452869529,nan,0.00778230452869529,0.0001940619213334216,-0.007718035330564478,-8.310978723583851e-05,nan,-8.310978723583851e-05
15.317,30.45595385999968,ABORT,TAKEOFF_TRANSITION,ACTIVE_ARM_PROFILE,0.006856172077702202,0.006937898538243942,0.10165433822964165,0.0037616887129843235,0.005410109180957079,-0.06121091544628143,0.02356007508933544,0.0025649715680629015,-0.0889357328414917,-0.017899386028312446,0.02982207553037276,-0.05770361150503848,-0.004821911454200745,-0.0035232717636972666,0.001336347777396441,0.16290181344152535,0.16290181344152535,1.0612313728144576,0.1266487636790726,0.16290181344152535,"[-1.5464442584834692, 0.3457278632022966, 0.4959225124334555, 0.20761192689859234, -0.004824631619238126, 0.01662958135543165]","[-1.9168168678795467, 1.4729604930057811, 1.9132901880900801, 1.3377031559506563, 0.4397876671789716, 0.011881420522184069]",1.5464442584834692,1.9168168678795467,0.09203923507620694,-0.057703611505038485,0.02699054400909879,True,True,-0.03345476550226323,0.0021018276013089233,-0.00646422149316444,nan,-0.00646422149316444,0.02570801035474979,0.005892543476531755,0.019673920825985167,nan,0.019673920825985167,0.0333932133282735,0.006498929757090332,0.024737732651547183,nan,0.024737732651547183,0.023347324485658127,0.010519057692121038,0.01972381279486791,nan,0.01972381279486791,0.007675742801938057,-0.2717675343023419,0.007759948508889588,nan,0.007759948508889588,0.00020736990792613597,-0.004228377795939903,-8.287103995440777e-05,nan,-8.287103995440777e-05
15.324,30.56401447099961,ABORT,TAKEOFF_TRANSITION,ACTIVE_ARM_PROFILE,0.006856172077702202,0.006937898538243942,0.10165433822964165,0.003974329214543104,0.005402802024036646,-0.06163980811834335,0.02379932813346386,0.002383133629336953,-0.08842388540506363,-0.01798052093275833,0.029848784114913846,-0.057765906703773746,-0.004821911454200745,-0.0035232717636972666,0.001336347777396441,0.1633267882838361,0.1633267882838361,1.0616609947360642,0.12707210198228844,0.1633267882838361,"[-1.5476949559305366, 0.3495343730158733, 0.5007087684592184, 0.211428089809325, -0.003323236934711119, 0.01661354746825492]","[-1.9168168678795467, 1.4729604930057811, 1.9132901880900801, 1.3377031559506563, 0.4397876671789716, 0.011881420522184069]",1.5476949559305366,1.9168168678795467,0.09160169679447748,-0.05776590670377375,0.027012372797496402,True,True,-0.03345476550226323,0.0021018276013089233,-0.006442392704766828,nan,-0.006442392704766828,0.02570801035474979,0.005892543476531755,0.019607484696728777,nan,0.019607484696728777,0.0333932133282735,0.006498929757090332,0.0246541967250542,nan,0.0246541967250542,0.023347324485658127,0.010519057692121038,0.019657208187283136,nan,0.019657208187283136,0.007675742801938057,-0.2717675343023419,0.00773374422827265,nan,0.00773374422827265,0.00020736990792613597,-0.004228377795939903,-8.259119583128054e-05,nan,-8.259119583128054e-05
15.328,30.600869498000066,ABORT,TAKEOFF_TRANSITION,ACTIVE_ARM_PROFILE,0.006856172077702202,0.006937898538243942,0.10165433822964165,0.003974329214543104,0.005402802024036646,-0.06163980811834335,0.02379932813346386,0.002383133629336953,-0.08842388540506363,-0.01798052093275833,0.029848784114913846,-0.057765906703773746,-0.004821911454200745,-0.0035232717636972666,0.001336347777396441,0.1633267882838361,0.1633267882838361,1.0616609947360642,0.12707210198228844,0.1633267882838361,"[-1.5484124424796388, 0.35171805028863923, 0.5034544959148051, 0.21361730476619104, -0.002461933112937308, 0.016604349321727874]","[-1.9168168678795467, 1.4729604930057811, 1.9132901880900801, 1.3377031559506563, 0.4397876671789716, 0.011881420522184069]",1.5484124424796388,1.9168168678795467,0.09160169679447748,-0.05776590670377375,0.027024895300117008,True,True,-0.03345476550226323,0.0021018276013089233,-0.006429870202146221,nan,-0.006429870202146221,0.02570801035474979,0.005892543476531755,0.01956937233851804,nan,0.01956937233851804,0.0333932133282735,0.006498929757090332,0.024606274740591808,nan,0.024606274740591808,0.023347324485658127,0.010519057692121038,0.019618999178251918,nan,0.019618999178251918,0.007675742801938057,-0.2717675343023419,0.007718711640722686,nan,0.007718711640722686,0.00020736990792613597,-0.004228377795939903,-8.24306578893027e-05,nan,-8.24306578893027e-05
15.328,30.6836917189994,ABORT,TAKEOFF_TRANSITION,ACTIVE_ARM_PROFILE,0.006856172077702202,0.006937898538243942,0.10165433822964165,0.003974329214543104,0.005402802024036646,-0.06163980811834335,0.02379932813346386,0.002383133629336953,-0.08842388540506363,-0.01798052093275833,0.029848784114913846,-0.057765906703773746,-0.004821911454200745,-0.0035232717636972666,0.001336347777396441,0.1633267882838361,0.1633267882838361,1.0616609947360642,0.12707210198228844,0.1633267882838361,"[-1.5484124424796388, 0.35171805028863923, 0.5034544959148051, 0.21361730476619104, -0.002461933112937308, 0.016604349321727874]","[-1.9168168678795467, 1.4729604930057811, 1.9132901880900801, 1.3377031559506563, 0.4397876671789716, 0.011881420522184069]",1.5484124424796388,1.9168168678795467,0.09160169679447748,-0.05776590670377375,0.027024895300117008,True,True,-0.03345476550226323,0.0021018276013089233,-0.006429870202146221,nan,-0.006429870202146221,0.02570801035474979,0.005892543476531755,0.01956937233851804,nan,0.01956937233851804,0.0333932133282735,0.006498929757090332,0.024606274740591808,nan,0.024606274740591808,0.023347324485658127,0.010519057692121038,0.019618999178251918,nan,0.019618999178251918,0.007675742801938057,-0.2717675343023419,0.007718711640722686,nan,0.007718711640722686,0.00020736990792613597,-0.004228377795939903,-8.24306578893027e-05,nan,-8.24306578893027e-05
15.364,30.761338688999786,ABORT,TAKEOFF_TRANSITION,ACTIVE_ARM_PROFILE,0.006856172077702202,0.006937898538243942,0.10165433822964165,0.004297858104109764,0.005400210153311491,-0.06280853599309921,0.023506565019488335,0.0016170429298654199,-0.08910427242517471,-0.018061091307101814,0.029855874546840078,-0.05781409081523188,-0.0011219308944419026,-0.004073286894708872,0.0020236205309629445,0.1644899585189373,0.1644899585189373,1.0628309451807365,0.12823282957136076,0.1644899585189373,"[-1.5437138956268197, 0.37199630191714117, 0.526393930229827, 0.23432282602610544, 0.019850053391423608, 0.017070666564577015]","[-1.905570992227795, 1.4733118859169407, 1.9111738489324506, 1.3384312850879223, 0.4542399393458499, 0.012431674237053044]",1.5437138956268197,1.9111738489324506,0.09216693979552652,-0.05781409081523188,0.026942890187476098,True,True,-0.033258487944870296,0.0023385140469043397,-0.006315597757394198,nan,-0.006315597757394198,0.02571414331801769,0.005162155766616858,0.019221583044320683,nan,0.019221583044320683,0.033356276241883975,0.006010323647352184,0.024168968996860184,nan,0.024168968996860184,0.023360032736483127,0.010360628233755756,0.019270327909749727,nan,0.019270327909749727,0.007927982535644418,0.28895739783460106,0.007581533747267409,nan,0.007581533747267409,0.00021697364697192967,-0.002709299811755307,-8.096569009004851e-05,nan,-8.096569009004851e-05
15.387,30.84809541999948,ABORT,TAKEOFF_TRANSITION,ACTIVE_ARM_PROFILE,0.006856172077702202,0.006937898538243942,0.10165433822964165,0.0044425190426409245,0.005400623194873333,-0.06364201754331589,0.024373859167099,0.0009322626865468919,-0.08889933675527573,-0.01807458665159873,0.029786139083142187,-0.05785437245119757,-0.0012065706541761756,-0.00993606261909008,0.002731956308707596,0.16532112438607216,0.16532112438607216,1.0636650056243988,0.12906292295281396,0.16532112438607216,"[-1.5416886329469468, 0.38518883073736876, 0.5417180402071364, 0.2478271239994113, 0.02055788306846866, 0.016996682509306346]","[-1.8992802251485517, 1.4735223107166235, 1.9101744298402192, 1.3389205571469973, 0.449827261543602, 0.012412373763692384]",1.5416886329469468,1.9101744298402192,0.09218484799543915,-0.05785437245119757,0.02690754268549455,True,True,-0.033148693346861435,0.002431263778025711,-0.006241150661366884,nan,-0.006241150661366884,0.025717815923600007,0.005128248424690755,0.018995002585325785,nan,0.018995002585325785,0.03333883308811725,0.005926681744130625,0.023884069669051693,nan,0.023884069669051693,0.023368572144851996,0.010139880615236992,0.01904317285531401,nan,0.01904317285531401,0.007850966779165525,0.2859790512324803,0.007492164032380752,nan,0.007492164032380752,0.0002166367901645927,-0.00295555570262478,-8.00112815389348e-05,nan,-8.00112815389348e-05
15.39,30.923906877999798,ABORT,TAKEOFF_TRANSITION,ACTIVE_ARM_PROFILE,0.006856172077702202,0.006937898538243942,0.10165433822964165,0.0044425190426409245,0.005400623194873333,-0.06364201754331589,0.024373859167099,0.0009322626865468919,-0.08889933675527573,-0.01807458665159873,0.029786139083142187,-0.05785437245119757,-0.003690840909257531,-0.006833110470324755,-0.000910353264771401,0.16532112438607216,0.16532112438607216,1.0636650056243988,0.12906292295281396,0.16532112438607216,"[-1.5422496130729972, 0.38689617919325636, 0.5438648379917952, 0.24953880219601432, 0.021231309388601093, 0.01698949076835367]","[-1.8992802251485517, 1.4735223107166235, 1.9101744298402192, 1.3389205571469973, 0.449827261543602, 0.012412373763692384]",1.5422496130729972,1.9101744298402192,0.09218484799543915,-0.05785437245119757,0.026917333635732385,True,True,-0.033148693346861435,0.002431263778025711,-0.006231359711129049,nan,-0.006231359711129049,0.025717815923600007,0.005128248424690755,0.018965203733291705,nan,0.018965203733291705,0.03333883308811725,0.005926681744130625,0.023846600979334876,nan,0.023846600979334876,0.023368572144851996,0.010139880615236992,0.01901329843504869,nan,0.01901329843504869,0.007850966779165525,0.2859790512324803,0.007480410525824851,nan,0.007480410525824851,0.0002166367901645927,-0.00295555570262478,-7.988576198036007e-05,nan,-7.988576198036007e-05
15.412,31.01018783299969,ABORT,TAKEOFF_TRANSITION,ACTIVE_ARM_PROFILE,0.006856172077702202,0.006937898538243942,0.10165433822964165,0.004557715263217688,0.0053962841629981995,-0.06416046619415283,0.02402651682496071,0.0006892853998579085,-0.08923982083797455,-0.018126213361508027,0.029761375564802687,-0.057935971658879454,0.0032331030815839767,-0.0001458448969060556,-0.0007113312603905797,0.16583789930142998,0.16583789930142998,1.0641839081952635,0.12957892847052394,0.16583789930142998,"[-1.5396922364158687, 0.39982336026750226, 0.5588512908301829, 0.2628873081039744, 0.02080292890700251, 0.016592112799687968]","[-1.8925772235113387, 1.4738322419459113, 1.9092961165131306, 1.3396198165662077, 0.44442228234603454, 0.012068142527966423]",1.5396922364158687,1.9092961165131306,0.09242020476225084,-0.057935971658879454,0.026872698992851846,True,True,-0.0330317038985255,0.0029641184113707794,-0.006159004905673654,nan,-0.006159004905673654,0.025723225244005832,0.005416878109353231,0.01874499118095044,nan,0.01874499118095044,0.033323503628695406,0.006067731865569226,0.02356970857468832,nan,0.02356970857468832,0.0233807765240428,0.010174916673605648,0.018792527435923675,nan,0.018792527435923675,0.007756632096166172,0.2962765812806121,0.007393552492680673,nan,0.007393552492680673,0.00021062882171296593,-0.0028841357338894556,-7.895817650388345e-05,nan,-7.895817650388345e-05
15.418,31.08600338999986,ABORT,TAKEOFF_TRANSITION,ACTIVE_ARM_PROFILE,0.006856172077702202,0.006937898538243942,0.10165433822964165,0.004557715263217688,0.0053962841629981995,-0.06416046619415283,0.02402651682496071,0.0006892853998579085,-0.08923982083797455,-0.018126213361508027,0.029761375564802687,-0.057935971658879454,0.0032331030815839767,-0.0001458448969060556,-0.0007113312603905797,0.16583789930142998,0.16583789930142998,1.0641839081952635,0.12957892847052394,0.16583789930142998,"[-1.5336494919222656, 0.40371659380256447, 0.5624130734459413, 0.2672413888201565, -0.005640848238652691, 0.01568043732541484]","[-1.8853942968402937, 1.4742553199626465, 1.9084945706276233, 1.3404949416426903, 0.4166097781236448, 0.011171084139893393]",1.5336494919222656,1.9084945706276233,0.09242020476225084,-0.057935971658879454,0.026767233205581713,True,True,-0.032906338178186445,0.004372702338760491,-0.006139104972604732,nan,-0.006139104972604732,0.025730609348390665,0.007167191814397533,0.01868442554159938,nan,0.01868442554159938,0.03330951401388749,0.007188635183178579,0.02349355412599512,nan,0.02349355412599512,0.02339605033799419,0.01078624355892991,0.018731808205480094,nan,0.018731808205480094,0.007271212324260645,-0.27789153053427373,0.0073696636986304576,nan,0.0073696636986304576,0.00019497219925845855,-0.00466930425151733,-7.870306022264394e-05,nan,-7.870306022264394e-05
15.448,31.159965734999787,ABORT,TAKEOFF_TRANSITION,ACTIVE_ARM_PROFILE,0.006856172077702202,0.006937898538243942,0.10165433822964165,0.004884116351604462,0.005405582953244448,-0.06558072566986084,0.023537805303931236,0.0015319099184125662,-0.08896571397781372,-0.018154623857382545,0.02976143253986692,-0.05814278360512181,-0.0003993387508671731,-0.007690026424825192,-0.004138794727623462,0.16725371024975663,0.16725371024975663,1.06560562960164,0.1309926323840461,0.16725371024975663,"[-1.5319052677163245, 0.4213560598799902, 0.5834371123615847, 0.28552811604518796, -0.00263075436440687, 0.014885813287809524]","[-1.8778895239446898, 1.4743625002181053, 1.9074737409443503, 1.3412049221441174, 0.4127046446558194, 0.010450310087336571]",1.5319052677163245,1.9074737409443503,0.09203952026225508,-0.05814278360512181,0.02673679075029506,True,True,-0.03277535518154373,0.004528119880952114,-0.006038564431248671,nan,-0.006038564431248671,0.025732479996741553,0.009812780034053614,0.01837842942860534,nan,0.01837842942860534,0.033291697174812285,0.009207750516146142,0.023108798585774522,nan,0.023108798585774522,0.023408441835369054,0.011528326429221185,0.018425036103364073,nan,0.018425036103364073,0.007203054887517268,-0.30238414069635255,0.007248970212987379,nan,0.007248970212987379,0.00018239231887839935,-0.007783392950008365,-7.74141348309991e-05,nan,-7.74141348309991e-05
15.448,31.2346839439997,ABORT,TAKEOFF_TRANSITION,ACTIVE_ARM_PROFILE,0.006856172077702202,0.006937898538243942,0.10165433822964165,0.004884116351604462,0.005405582953244448,-0.06558072566986084,0.023537805303931236,0.0015319099184125662,-0.08896571397781372,-0.018154623857382545,0.02976143253986692,-0.05814278360512181,-0.0003993387508671731,-0.007690026424825192,-0.004138794727623462,0.16725371024975663,0.16725371024975663,1.06560562960164,0.1309926323840461,0.16725371024975663,"[-1.5319052677163245, 0.4213560598799902, 0.5834371123615847, 0.28552811604518796, -0.00263075436440687, 0.014885813287809524]","[-1.8778895239446898, 1.4743625002181053, 1.9074737409443503, 1.3412049221441174, 0.4127046446558194, 0.010450310087336571]",1.5319052677163245,1.9074737409443503,0.09203952026225508,-0.05814278360512181,0.02673679075029506,True,True,-0.03277535518154373,0.004528119880952114,-0.006038564431248671,nan,-0.006038564431248671,0.025732479996741553,0.009812780034053614,0.01837842942860534,nan,0.01837842942860534,0.033291697174812285,0.009207750516146142,0.023108798585774522,nan,0.023108798585774522,0.023408441835369054,0.011528326429221185,0.018425036103364073,nan,0.018425036103364073,0.007203054887517268,-0.30238414069635255,0.007248970212987379,nan,0.007248970212987379,0.00018239231887839935,-0.007783392950008365,-7.74141348309991e-05,nan,-7.74141348309991e-05
15.466,31.312680195999747,ABORT,TAKEOFF_TRANSITION,ACTIVE_ARM_PROFILE,0.006856172077702202,0.006937898538243942,0.10165433822964165,0.005111634731292725,0.005432849749922752,-0.06651170551776886,0.024198364466428757,0.0021154885180294514,-0.089440256357193,-0.018036676727927473,0.029772413418125074,-0.058165226606248184,0.009361879900097847,-0.0014025266282260414,0.0030532742384821177,0.16818182675920793,0.16818182675920793,1.0665377924257777,0.13191933331016767,0.16818182675920793,"[-1.5273704666570946, 0.4327953515143767, 0.5965258336574257, 0.2977618144908224, -0.002700241002794511, 0.012038884088803534]","[-1.8698520513669867, 1.4751413771054507, 1.9071581951243757, 1.3427511716238814, 0.4084303901802457, 0.0076482849857012385]",1.5273704666570946,1.9071581951243757,0.09268007116829614,-0.058165226606248184,0.026657643540888572,True,True,-0.03263507482152406,0.0068193233425946215,-0.005977431280635487,nan,-0.005977431280635487,0.025746073962893412,0.016020040638307843,0.018192370091641312,nan,0.018192370091641312,0.03328618986131282,0.014477035269455603,0.022874849990786733,nan,0.022874849990786733,0.023435428979848183,0.015603799713693231,0.01823850493027077,nan,0.01823850493027077,0.007128455073850404,-0.35655448481169627,0.007175583169946521,nan,0.007175583169946521,0.00013348775513133404,-0.006751735941208785,-7.663041048424501e-05,nan,-7.663041048424501e-05
15.466,31.386120365999886,ABORT,TAKEOFF_TRANSITION,ACTIVE_ARM_PROFILE,0.006856172077702202,0.006937898538243942,0.10165433822964165,0.005111634731292725,0.005432849749922752,-0.06651170551776886,0.024198364466428757,0.0021154885180294514,-0.089440256357193,-0.018036676727927473,0.029772413418125074,-0.058165226606248184,0.009361879900097847,-0.0014025266282260414,0.0030532742384821177,0.16818182675920793,0.16818182675920793,1.0665377924257777,0.13191933331016767,0.16818182675920793,"[-1.5273704666570946, 0.4327953515143767, 0.5965258336574257, 0.2977618144908224, -0.002700241002794511, 0.012038884088803534]","[-1.8698520513669867, 1.4751413771054507, 1.9071581951243757, 1.3427511716238814, 0.4084303901802457, 0.0076482849857012385]",1.5273704666570946,1.9071581951243757,0.09268007116829614,-0.058165226606248184,0.026657643540888572,True,True,-0.03263507482152406,0.0068193233425946215,-0.005977431280635487,nan,-0.005977431280635487,0.025746073962893412,0.016020040638307843,0.018192370091641312,nan,0.018192370091641312,0.03328618986131282,0.014477035269455603,0.022874849990786733,nan,0.022874849990786733,0.023435428979848183,0.015603799713693231,0.01823850493027077,nan,0.01823850493027077,0.007128455073850404,-0.35655448481169627,0.007175583169946521,nan,0.007175583169946521,0.00013348775513133404,-0.006751735941208785,-7.663041048424501e-05,nan,-7.663041048424501e-05
15.492,31.462488696000037,ABORT,TAKEOFF_TRANSITION,ACTIVE_ARM_PROFILE,0.006856172077702202,0.006937898538243942,0.10165433822964165,0.0052781072445213795,0.005461692810058594,-0.06716702878475189,0.023848356679081917,0.002253008773550391,-0.08972032368183136,-0.018036205582267935,0.029807902606495545,-0.05826204051193122,-0.0003007767954841256,-0.002127195708453655,0.005116840358823538,0.16883519607172615,0.16883519607172615,1.0671940572499978,0.1325717013116966,0.16883519607172615,"[-1.5235802402317467, 0.4473344362873978, 0.613976899527831, 0.31306032968639386, 0.014293831339852873, 0.015845968790589554]","[-1.8609435803406222, 1.4741030347815027, 1.9050224063798726, 1.3424327562338367, 0.4192802865224589, 0.011520985361899997]",1.5235802402317467,1.9050224063798726,0.09286310702533593,-0.05826204051193122,0.026591491610370152,True,True,-0.032479592670795476,0.011746663161203331,-0.0058881010604253225,nan,-0.0058881010604253225,0.025727951470577715,-0.00820415351066106,0.017920492699809824,nan,0.017920492699809824,0.03324891331559421,-0.009959960745513575,0.02253299488764714,nan,0.02253299488764714,0.023429871582902884,-0.00992292683848986,0.017965938072496364,nan,0.017965938072496364,0.007317821488522114,0.3162661801621957,0.007068347068916929,nan,0.007068347068916929,0.00020107912763922542,-0.003536984386093461,-7.548520092482617e-05,nan,-7.548520092482617e-05
15.5,31.53666972999963,ABORT,TAKEOFF_TRANSITION,ACTIVE_ARM_PROFILE,0.006856172077702202,0.006937898538243942,0.10165433822964165,0.0052781072445213795,0.005461692810058594,-0.06716702878475189,0.023848356679081917,0.002253008773550391,-0.08972032368183136,-0.018036205582267935,0.029807902606495545,-0.05826204051193122,-0.0003007767954841256,-0.002127195708453655,0.005116840358823538,0.16883519607172615,0.16883519607172615,1.0671940572499978,0.1325717013116966,0.16883519607172615,"[-1.5165162101877363, 0.4523653219501085, 0.6193487645293735, 0.3193649435332033, 0.020365988418273032, 0.01628173877769115]","[-1.8522911489879315, 1.4742996056516409, 1.9043156667174113, 1.343890795734661, 0.423445653683509, 0.011977118585077965]",1.5165162101877363,1.9043156667174113,0.09286310702533593,-0.05826204051193122,0.02646820102764237,True,True,-0.032328579255388235,0.010926667157594223,-0.005860378227745863,nan,-0.005860378227745863,0.025731382279475135,0.004877396057387106,0.017836117989601566,nan,0.017836117989601566,0.033236578381529824,0.005487983903734525,0.022426903222333188,nan,0.022426903222333188,0.023455319172816402,0.009319389277967723,0.017881349392716232,nan,0.017881349392716232,0.007390520860036887,0.3480881344045712,0.00703506730671499,nan,0.00703506730671499,0.00020904015421141509,-0.0023610482939835954,-7.512979540893254e-05,nan,-7.512979540893254e-05
15.511,31.613246150000123,ABORT,TAKEOFF_TRANSITION,ACTIVE_ARM_PROFILE,0.006856172077702202,0.006937898538243942,0.10165433822964165,0.005548491142690182,0.005509474780410528,-0.06832045316696167,0.024788569658994675,0.0017365069361403584,-0.0908270925283432,-0.018040205908906568,0.02982739772949791,-0.05824634825425208,0.007212421856820583,-0.008510436862707138,0.001851056469604374,0.16998582333294313,0.16998582333294313,1.06834906782436,0.13372081712925948,0.16998582333294313,"[-1.5187103884248698, 0.45904332470126885, 0.6277455984988541, 0.32605988132788694, 0.02299998079577533, 0.01625360950759283]","[-1.8522911489879315, 1.4742996056516409, 1.9043156667174113, 1.343890795734661, 0.423445653683509, 0.011977118585077965]",1.5187103884248698,1.9043156667174113,0.0941650114385928,-0.05824634825425209,0.026506496662255956,True,True,-0.032328579255388235,0.010926667157594223,-0.0058220825931322795,nan,-0.0058220825931322795,0.025731382279475135,0.004877396057387106,0.017719564854136578,nan,0.017719564854136578,0.033236578381529824,0.005487983903734525,0.022280350822822446,nan,0.022280350822822446,0.023455319172816402,0.009319389277967723,0.017764500684982795,nan,0.017764500684982795,0.007390520860036887,0.3480881344045712,0.0069890954672551416,nan,0.0069890954672551416,0.00020904015421141509,-0.0023610482939835954,-7.46388470295341e-05,nan,-7.46388470295341e-05
15.537,31.689244897000208,ABORT,TAKEOFF_TRANSITION,ACTIVE_ARM_PROFILE,0.006856172077702202,0.006937898538243942,0.10165433822964165,0.005758936516940594,0.005538552068173885,-0.06906276196241379,0.02570784091949463,0.0017053616466000676,-0.09086105227470398,-0.017949144583509075,0.0297707271841084,-0.058251852240255905,0.0055526867508888245,-0.013091932982206345,0.00015565598732792,0.1707263611584438,0.1707263611584438,1.0690926198994746,0.1344603322465509,0.1707263611584438,"[-1.505345750307093, 0.47507700513462425, 0.6458365144396906, 0.3440511429430957, 0.014247037634701643, 0.015623135794803298]","[-1.8336950169514588, 1.4744111835910019, 1.902386337673489, 1.345919577289593, 0.40841258483729637, 0.011413712398055602]",1.505345750307093,1.902386337673489,0.09444327484556127,-0.058251852240255905,0.026273239723763213,True,True,-0.03200401552321619,0.0055375514049961164,-0.005730775799452975,nan,-0.005730775799452975,0.025733329681889572,-0.006739332157606691,0.017441671741776372,nan,0.017441671741776372,0.033202905237359026,-0.00851111434619411,0.021930931630782524,nan,0.021930931630782524,0.0234907280907537,-0.008108608513170523,0.017485902851147025,nan,0.017485902851147025,0.007128144311991491,0.3209925836867469,0.006879486596610402,nan,0.006879486596610402,0.0001992068612217679,-0.0035382259390342673,-7.346829788373087e-05,nan,-7.346829788373087e-05
15.537,31.763393133000136,ABORT,TAKEOFF_TRANSITION,ACTIVE_ARM_PROFILE,0.006856172077702202,0.006937898538243942,0.10165433822964165,0.005758936516940594,0.005538552068173885,-0.06906276196241379,0.02570784091949463,0.0017053616466000676,-0.09086105227470398,-0.017949144583509075,0.0297707271841084,-0.058251852240255905,0.0055526867508888245,-0.013091932982206345,0.00015565598732792,0.1707263611584438,0.1707263611584438,1.0690926198994746,0.1344603322465509,0.1707263611584438,"[-1.505345750307093, 0.47507700513462425, 0.6458365144396906, 0.3440511429430957, 0.014247037634701643, 0.015623135794803298]","[-1.8336950169514588, 1.4744111835910019, 1.902386337673489, 1.345919577289593, 0.40841258483729637, 0.011413712398055602]",1.505345750307093,1.902386337673489,0.09444327484556127,-0.058251852240255905,0.026273239723763213,True,True,-0.03200401552321619,0.0055375514049961164,-0.005730775799452975,nan,-0.005730775799452975,0.025733329681889572,-0.006739332157606691,0.017441671741776372,nan,0.017441671741776372,0.033202905237359026,-0.00851111434619411,0.021930931630782524,nan,0.021930931630782524,0.0234907280907537,-0.008108608513170523,0.017485902851147025,nan,0.017485902851147025,0.007128144311991491,0.3209925836867469,0.006879486596610402,nan,0.006879486596610402,0.0001992068612217679,-0.0035382259390342673,-7.346829788373087e-05,nan,-7.346829788373087e-05
15.574,31.85222406399953,ABORT,TAKEOFF_TRANSITION,ACTIVE_ARM_PROFILE,0.006856172077702202,0.006937898538243942,0.10165433822964165,0.0059991441667079926,0.005624799523502588,-0.0708368644118309,0.026691272854804993,0.0020252710673958063,-0.09058070927858353,-0.017820593603161336,0.029652523795704086,-0.05835853008637408,0.003508014604449272,-0.004300086293369532,0.0007199041428975766,0.17249832959934508,0.17249832959934508,1.0708684411652882,0.13623095965708582,0.17249832959934508,"[-1.5029421508865597, 0.4984814595982431, 0.674268162535239, 0.36881509894764447, 0.00434625401538146, 0.015140923687465481]","[-1.8237424345227256, 1.474840235033997, 1.9019290122638146, 1.34764986592943, 0.38944965514206314, 0.01102827792637727]",1.5029421508865597,1.9019290122638146,0.09445311356920612,-0.05835853008637408,0.02623128899997588,True,True,-0.03183031019075866,0.012282168970265196,-0.005599021190782783,nan,-0.005599021190782783,0.025740818042230273,0.00632895098557653,0.017040675312093842,nan,0.017040675312093842,0.03319492340320718,0.006398904467277091,0.02142672392559498,nan,0.02142672392559498,0.023520927324528706,0.009598423318110111,0.017083889516823637,nan,0.017083889516823637,0.006797178752985467,-0.28064897401181266,0.006721322310289036,nan,0.006721322310289036,0.00019247976064029615,-0.004836888467859998,-7.177920949917741e-05,nan,-7.177920949917741e-05
15.602,31.930879183999423,ABORT,TAKEOFF_TRANSITION,ACTIVE_ARM_PROFILE,0.006856172077702202,0.006937898538243942,0.10165433822964165,0.006050097290426493,0.0056792800314724445,-0.07185658067464828,0.025753188878297806,0.0014141203137114644,-0.09037145972251892,-0.01778973205993928,0.029655476802451976,-0.05841367192731462,-0.0019187338184565306,-0.00643540732562542,0.002834899118170143,0.1735173560659548,0.1735173560659548,1.0718887010480371,0.1372495385381872,0.1735173560659548,"[-1.488361366818893, 0.5161833841558775, 0.6947164383191606, 0.3891424137277132, 0.02316179658138072, 0.01534288331501903]","[-1.803372946000918, 1.4749241814273268, 1.900224671009971, 1.3503145243325427, 0.40131617089256494, 0.011304448494662143]",1.488361366818893,1.900224671009971,0.09397992980440979,-0.05841367192731463,0.025976806310472767,True,True,-0.03147479554910593,0.012648510209496328,-0.005497989238633159,nan,-0.005497989238633159,0.025742283183189052,0.004887389325753793,0.01673318358558226,nan,0.01673318358558226,0.03316517703675004,0.005459862819753703,0.021040087820352583,nan,0.021040087820352583,0.023567434387103958,0.009282303190732913,0.016775618008397383,nan,0.016775618008397383,0.007004288523571489,0.3720366703718442,0.006600038912549229,nan,0.006600038912549229,0.00019729984635397102,-0.0022037803231787674,-7.048398424241341e-05,nan,-7.048398424241341e-05
15.602,32.00687173099959,ABORT,TAKEOFF_TRANSITION,ACTIVE_ARM_PROFILE,0.006856172077702202,0.006937898538243942,0.10165433822964165,0.006050097290426493,0.0056792800314724445,-0.07185658067464828,0.025753188878297806,0.0014141203137114644,-0.09037145972251892,-0.01778973205993928,0.029655476802451976,-0.05841367192731462,-0.0019187338184565306,-0.00643540732562542,0.002834899118170143,0.1735173560659548,0.1735173560659548,1.0718887010480371,0.1372495385381872,0.1735173560659548,"[-1.488361366818893, 0.5161833841558775, 0.6947164383191606, 0.3891424137277132, 0.02316179658138072, 0.01534288331501903]","[-1.803372946000918, 1.4749241814273268, 1.900224671009971, 1.3503145243325427, 0.40131617089256494, 0.011304448494662143]",1.488361366818893,1.900224671009971,0.09397992980440979,-0.05841367192731463,0.025976806310472767,True,True,-0.03147479554910593,0.012648510209496328,-0.005497989238633159,nan,-0.005497989238633159,0.025742283183189052,0.004887389325753793,0.01673318358558226,nan,0.01673318358558226,0.03316517703675004,0.005459862819753703,0.021040087820352583,nan,0.021040087820352583,0.023567434387103958,0.009282303190732913,0.016775618008397383,nan,0.016775618008397383,0.007004288523571489,0.3720366703718442,0.006600038912549229,nan,0.006600038912549229,0.00019729984635397102,-0.0022037803231787674,-7.048398424241341e-05,nan,-7.048398424241341e-05
15.633,32.08364614099992,ABORT,TAKEOFF_TRANSITION,ACTIVE_ARM_PROFILE,0.006856172077702202,0.006937898538243942,0.10165433822964165,0.0061949254013597965,0.005770184099674225,-0.0736955925822258,0.025535140186548233,0.0021229644771665335,-0.09044613689184189,-0.017762590983787043,0.029529593110210448,-0.05836544882471761,0.003837690455839038,-0.00512328092008829,0.0036260234192013745,0.17535506562373304,0.17535506562373304,1.073728968434665,0.13908635169524186,0.17535506562373304,"[-1.4841145403936007, 0.5358563303234166, 0.7184682799878679, 0.4100171538757988, 0.015187301334854145, 0.014883519895933553]","[-1.7926466689918874, 1.4748768568839774, 1.8991805002835402, 1.3514189842601272, 0.3855634454370533, 0.010928151351813544]",1.4841145403936007,1.8991805002835402,0.09400560643480677,-0.05836544882471761,0.02590268520659071,True,True,-0.03128758669881737,0.006845855195717667,-0.005384901492226661,nan,-0.005384901492226661,0.0257414572140906,-0.006834745611879068,0.01638899993229265,nan,0.01638899993229265,0.03314695281962088,-0.00832882015851095,0.020607315762692098,nan,0.020607315762692098,0.023586710849296644,-0.007303468375117712,0.016430561524507725,nan,0.016430561524507725,0.006729351598210087,0.3637933339738214,0.0064642831854243524,nan,0.0064642831854243524,0.00019073222224541553,-0.005010892610350302,-6.903420422470875e-05,nan,-6.903420422470875e-05
15.641,32.15885082499972,ABORT,TAKEOFF_TRANSITION,ACTIVE_ARM_PROFILE,0.006856172077702202,0.006937898538243942,0.10165433822964165,0.0061949254013597965,0.005770184099674225,-0.0736955925822258,0.025535140186548233,0.0021229644771665335,-0.09044613689184189,-0.017762590983787043,0.029529593110210448,-0.05836544882471761,0.003837690455839038,-0.00512328092008829,0.0036260234192013745,0.17535506562373304,0.17535506562373304,1.073728968434665,0.13908635169524186,0.17535506562373304,"[-1.4745227064432667, 0.5415598050133854, 0.7246639478692412, 0.4172254399756309, 0.0038595014128159823, 0.01449706808248622]","[-1.781371390287384, 1.4754567511329804, 1.8989338446296926, 1.3534906968039864, 0.37221476107847024, 0.010563281227302972]",1.4745227064432667,1.8989338446296926,0.09400560643480677,-0.05836544882471761,0.02573527612285281,True,True,-0.031090795961343787,0.013793766045550186,-0.005355519838490978,nan,-0.005355519838490978,0.02575157827804908,0.006108098703238166,0.016299576584107012,nan,0.016299576584107012,0.03314264786634258,0.006093689810752654,0.020494876005523775,nan,0.020494876005523775,0.023622869054341855,0.009259458668866745,0.016340911403685127,nan,0.016340911403685127,0.006496373105343345,-0.28949225517875987,0.006429012098204333,nan,0.006429012098204333,0.0001843640372305444,-0.004795843711866088,-6.865753269462099e-05,nan,-6.865753269462099e-05
15.646,32.233004660000006,ABORT,TAKEOFF_TRANSITION,ACTIVE_ARM_PROFILE,0.006856172077702202,0.006937898538243942,0.10165433822964165,0.006277460139244795,0.005821844097226858,-0.07437152415513992,0.025677591562271118,0.0028060199692845345,-0.09153347462415695,-0.017719806706641993,0.029502988144569402,-0.058321206935530806,0.003837690455839038,-0.00512328092008829,0.0036260234192013745,0.176030351682115,0.176030351682115,1.074405636754541,0.13976117628666562,0.176030351682115,"[-1.4755771224193825, 0.5447689302659309, 0.7286990603028511, 0.4204427033913139, 0.005125270800554739, 0.014483550515277596]","[-1.781371390287384, 1.4754567511329804, 1.8989338446296926, 1.3534906968039864, 0.37221476107847024, 0.010563281227302972]",1.4755771224193825,1.8989338446296926,0.0951083037030838,-0.058321206935530806,0.025753679153321662,True,True,-0.031090795961343787,0.013793766045550186,-0.005337116808022124,nan,-0.005337116808022124,0.02575157827804908,0.006108098703238166,0.0162435667823412,nan,0.0162435667823412,0.03314264786634258,0.006093689810752654,0.02042445000786912,nan,0.02042445000786912,0.023622869054341855,0.009259458668866745,0.0162847595641775,nan,0.0162847595641775,0.006496373105343345,-0.28949225517875987,0.006406920254817339,nan,0.006406920254817339,0.0001843640372305444,-0.004795843711866088,-6.842160663997091e-05,nan,-6.842160663997091e-05
15.684,32.312154055000065,ABORT,TAKEOFF_TRANSITION,ACTIVE_ARM_PROFILE,0.006856172077702202,0.006937898538243942,0.10165433822964165,0.006552435923367739,0.0059939236380159855,-0.07607948035001755,0.026086049154400826,0.003453410929068923,-0.09322898834943771,-0.017592140779343193,0.02952066158688074,-0.05836111871504731,0.0054247681982815266,-0.001004267134703696,-0.0019331902731209991,0.17773658489790703,0.17773658489790703,1.0761161227151426,0.14146602726328408,0.17773658489790703,"[-1.4598320419145223, 0.5702247602207559, 0.7589133079032601, 0.4490711755753567, 0.0057861934529531344, 0.013877194779969836]","[-1.7575587194267166, 1.4763587915735592, 1.8982744760374648, 1.3575031124293422, 0.36319097756507956, 0.01006035165142042]",1.4598320419145223,1.8982744760374648,0.09687131812972517,-0.05836111871504731,0.02547887565752028,True,True,-0.03067518645113143,0.014865454002183325,-0.005196310793611153,nan,-0.005196310793611153,0.025767321853723324,0.006290287816022571,0.015815022311475947,nan,0.015815022311475947,0.03313113971342396,0.006331512305144801,0.019885603753310572,nan,0.019885603753310572,0.02369289891796278,0.009213311601861604,0.015855128328371264,nan,0.015855128328371264,0.006338878372047496,-0.30335523570827555,0.006237890245136124,nan,0.006237890245136124,0.0001755862602257352,-0.004786248647737031,-6.661647962530849e-05,nan,-6.661647962530849e-05
15.705,32.38819099899956,ABORT,TAKEOFF_TRANSITION,ACTIVE_ARM_PROFILE,0.006856172077702202,0.006937898538243942,0.10165433822964165,0.0067718978971242905,0.006104733794927597,-0.07709504663944244,0.027475673705339432,0.0038721859455108643,-0.09405718743801117,-0.01762126937733763,0.029587571612505987,-0.058328860303005325,-0.0014614751562476158,-0.0005865751300007099,0.004614321049302816,0.17875134644724489,0.17875134644724489,1.0771336341750075,0.142479913129426,0.17875134644724489,"[-1.4523404378978, 0.5841563837702983, 0.7756576400998806, 0.464818959407523, 0.007541504065212871, 0.013884037712979242]","[-1.7455704868687592, 1.4766048825345792, 1.8978107972146574, 1.3595306579235782, 0.35954832865808584, 0.010124841167842057]",1.4523404378978,1.8978107972146574,0.09806457555258198,-0.058328860303005325,0.025348122501172844,True,True,-0.03046595232150029,0.008301161374441656,-0.005117829820327446,nan,-0.005117829820327446,0.02577161695125252,0.006481187797940811,0.015576164707917246,nan,0.015576164707917246,0.0331230469912942,0.0063870916775148456,0.019585267303302088,nan,0.019585267303302088,0.023728286262571174,0.009591803126692739,0.015615664995216027,nan,0.015615664995216027,0.006275302155126283,-0.31683037547131554,0.0061436780786357816,nan,0.0061436780786357816,0.0001767118146203117,-0.0045344247581475434,-6.561035694223951e-05,nan,-6.561035694223951e-05
15.706,32.46225213900016,ABORT,TAKEOFF_TRANSITION,ACTIVE_ARM_PROFILE,0.006856172077702202,0.006937898538243942,0.10165433822964165,0.0067718978971242905,0.006104733794927597,-0.07709504663944244,0.027475673705339432,0.0038721859455108643,-0.09405718743801117,-0.01762126937733763,0.029587571612505987,-0.058328860303005325,-0.0014614751562476158,-0.0005865751300007099,0.004614321049302816,0.17875134644724489,0.17875134644724489,1.0771336341750075,0.142479913129426,0.17875134644724489,"[-1.4525551957395686, 0.5848100013451578, 0.7764794903536373, 0.4654742345201957, 0.0077993092465123166, 0.01388128452673639]","[-1.7455704868687592, 1.4766048825345792, 1.8978107972146574, 1.3595306579235782, 0.35954832865808584, 0.010124841167842057]",1.4525551957395686,1.8978107972146574,0.09806457555258198,-0.058328860303005325,0.025351870732606183,True,True,-0.03046595232150029,0.008301161374441656,-0.005114081588894106,nan,-0.005114081588894106,0.02577161695125252,0.006481187797940811,0.015564756929187048,nan,0.015564756929187048,0.0331230469912942,0.0063870916775148456,0.019570923310415683,nan,0.019570923310415683,0.023728286262571174,0.009591803126692739,0.015604228286993512,nan,0.015604228286993512,0.006275302155126283,-0.31683037547131554,0.006139178529393405,nan,0.006139178529393405,0.0001767118146203117,-0.0045344247581475434,-6.556230477738111e-05,nan,-6.556230477738111e-05
15.739,32.53891375300009,ABORT,TAKEOFF_TRANSITION,ACTIVE_ARM_PROFILE,0.006856172077702202,0.006937898538243942,0.10165433822964165,0.006955421529710293,0.006187682971358299,-0.07775919139385223,0.028129417449235916,0.004506566096097231,-0.0942436084151268,-0.017619724707695166,0.029606680718209263,-0.05843629686293832,0.00432048412039876,-0.004321268759667873,-2.072885399684257e-05,0.17941512557700043,0.17941512557700043,1.0777993968931048,0.1431430691275826,0.17941512557700043,"[-1.435794215162737, 0.6041523957467274, 0.7948047255610475, 0.48602666800194827, 0.035099780443448414, 0.017765709273959086]","[-1.721692404282207, 1.4742863079242168, 1.8888998111761794, 1.3583671913808428, 0.3783051035744495, 0.014100506855003279]",1.435794215162737,1.8888998111761794,0.09845522328000496,-0.058436296862938324,0.02505933643567765,True,True,-0.03004920116130183,0.030687536326814098,-0.004989864725624179,nan,-0.004989864725624179,0.02573115019034855,0.02325316270468543,0.015186701700756372,nan,0.015186701700756372,0.032967520945323514,0.02239168790129431,0.0190955615738733,nan,0.0190955615738733,0.023707979940663648,0.02178820078887149,0.015225214331532282,nan,0.015225214331532282,0.0066026696344723135,-0.36205685152864964,0.005990062899007023,nan,0.005990062899007023,0.0002461002708198379,-0.00436121761138672,-6.396984996283946e-05,nan,-6.396984996283946e-05
15.773,32.619371984999816,ABORT,TAKEOFF_TRANSITION,ACTIVE_ARM_PROFILE,0.006856172077702202,0.006937898538243942,0.10165433822964165,0.007266075350344181,0.006411831360310316,-0.07890810817480087,0.030192846432328224,0.005630563944578171,-0.09437279403209686,-0.017548157204813085,0.02954722382520711,-0.05855941367743305,0.004310889169573784,-0.0025126719847321506,0.004480403382331133,0.18056367801672019,0.18056367801672019,1.0789516269591133,0.14429048105225414,0.18056367801672019,"[-1.435907566787401, 0.6009487428879838, 0.7951560378700728, 0.4992602564301707, -0.7921097494049988, 0.03104532259266247]","[-1.7144173866811314, 1.4485960816499346, 1.860976797979723, 1.3490571816941264, -0.4577737641853037, 0.02747483874762181]",1.435907566787401,1.860976797979723,0.09924482595805545,-0.05855941367743305,0.025061314794740525,True,True,-0.029922228151022523,0.015277216183122881,-0.004860913356282,nan,-0.004860913356282,0.02528277115627997,0.025198187171280268,0.014794236957163797,nan,0.014794236957163797,0.032480172427967524,0.02309544287765631,0.018602081500022034,nan,0.018602081500022034,0.02354548961823788,0.021587403840031896,0.01483175431918021,nan,0.01483175431918021,-0.007989659414281647,-0.5118954868602653,0.005835263749982776,nan,0.005835263749982776,0.00047952639760051596,-0.009274164361898263,-6.231669898522653e-05,nan,-6.231669898522653e-05
15.775,32.694377977999466,ABORT,TAKEOFF_TRANSITION,ACTIVE_ARM_PROFILE,0.006856172077702202,0.006937898538243942,0.10165433822964165,0.007266075350344181,0.006411831360310316,-0.07890810817480087,0.030192846432328224,0.005630563944578171,-0.09437279403209686,-0.017548157204813085,0.02954722382520711,-0.05855941367743305,0.004310889169573784,-0.0025126719847321506,0.004480403382331133,0.18056367801672019,0.18056367801672019,1.0789516269591133,0.14429048105225414,0.18056367801672019,"[-1.43634375649674, 0.6022762904999769, 0.7968252790039658, 0.5005911706290649, -0.7915861272351586, 0.03103973065945465]","[-1.7144173866811314, 1.4485960816499346, 1.860976797979723, 1.3490571816941264, -0.4577737641853037, 0.02747483874762181]",1.43634375649674,1.860976797979723,0.09924482595805545,-0.05855941367743305,0.025068927741331806,True,True,-0.029922228151022523,0.015277216183122881,-0.004853300409690718,nan,-0.004853300409690718,0.02528277115627997,0.025198187171280268,0.01477106688035753,nan,0.01477106688035753,0.032480172427967524,0.02309544287765631,0.01857294774622588,nan,0.01857294774622588,0.02354548961823788,0.021587403840031896,0.014808525484347964,nan,0.014808525484347964,-0.007989659414281647,-0.5118954868602653,0.005826124819082628,nan,0.005826124819082628,0.00047952639760051596,-0.009274164361898263,-6.221910133919845e-05,nan,-6.221910133919845e-05
15.796,32.76715377900018,ABORT,TAKEOFF_TRANSITION,ACTIVE_ARM_PROFILE,0.006856172077702202,0.006937898538243942,0.10165433822964165,0.007440535817295313,0.006575034931302071,-0.07944078743457794,0.02969801239669323,0.006034690886735916,-0.09406884014606476,-0.017460115442496777,0.029521130780888045,-0.05850707435892447,0.0005897865630686283,-0.009858020581305027,0.0010367378126829876,0.18109643201984096,0.18109643201984096,1.0794864548640608,0.14482260059451227,0.18109643201984096,"[-1.4026701830245365, 0.6185015045116912, 0.8148722497734773, 0.5124263284018987, 0.10090592440221399, 0.016514779712150957]","[-1.6761542143811976, 1.4508528071042441, 1.861459972567699, 1.3468884275995499, 0.4292087221289581, 0.013008726258782096]",1.4026701830245365,1.861459972567699,0.09882983416377103,-0.05850707435892447,0.024481213013329634,True,True,-0.02925440981213079,0.015277191767102974,-0.004773196798801154,nan,-0.004773196798801154,0.025322158445771237,0.013426969374977053,0.014527270763503663,nan,0.014527270763503663,0.03248860541538967,0.015457114496123622,0.018266401673708875,nan,0.018266401673708875,0.02350763771862141,0.01811099032366675,0.014564111114102544,nan,0.014564111114102544,0.007491105379427765,0.5026996851828276,0.00572996476384064,nan,0.00572996476384064,0.0002270451047063915,-0.001979219108615836,-6.119217651220406e-05,nan,-6.119217651220406e-05
15.839,32.863666039000236,ABORT,TAKEOFF_TRANSITION,ACTIVE_ARM_PROFILE,0.006856172077702202,0.006937898538243942,0.10165433822964165,0.007781209424138069,0.0068655721843242645,-0.08037997782230377,0.029358996078372,0.0061393119394779205,-0.09416799992322922,-0.01749709776832753,0.029465273559878685,-0.05846182884587546,0.0020434216130524874,-0.00537665793672204,0.0018793739145621664,0.1820366807698199,0.1820366807698199,1.0804298125194631,0.14576190440904238,0.1820366807698199,"[-1.3749472324802963, 0.6482245330367482, 0.8498454375251545, 0.5374464925284503, 0.10338849969621797, 0.018172614114163654]","[-1.6389853569084438, 1.4518271262545193, 1.8602849063500366, 1.3430869772234484, 0.4203519967101786, 0.014787656779067699]",1.3749472324802963,1.8602849063500366,0.09882941875454584,-0.05846182884587546,0.02399735624796509,True,True,-0.028605690870026734,0.011997701450599719,-0.004608334622061645,nan,-0.004608334622061645,0.02533916352290877,0.01625485750906437,0.014025511129214756,nan,0.014025511129214756,0.03246809664096251,0.016825605928655375,0.01763549562309679,nan,0.01763549562309679,0.023441289893207262,0.017956068319663322,0.014061079045290699,nan,0.014061079045290699,0.007336526359924989,-0.4702102451993012,0.005532056631528828,nan,0.005532056631528828,0.00025809329944959103,-0.006991849740499755,-5.9078650536957445e-05,nan,-5.9078650536957445e-05
15.873,32.95243777199994,ABORT,TAKEOFF_TRANSITION,ACTIVE_ARM_PROFILE,0.006856172077702202,0.006937898538243942,0.10165433822964165,0.008220752701163292,0.007122542709112167,-0.08196646720170975,0.030102044343948364,0.005774203687906265,-0.09557873010635376,-0.017460673435573386,0.02946213590034469,-0.058412419840682024,-0.0017603596206754446,-0.006869866047054528,0.004296936560422183,0.1836259686455213,0.1836259686455213,1.0820211400608424,0.14735057219538164,0.1836259686455213,"[-1.3635445599897735, 0.6709082217748004, 0.8770955882748674, 0.557467810528775, 0.49864893054526294, 0.022620077406041824]","[-1.6200773644783102, 1.4516683009447877, 1.8588131764638909, 1.3402078538309443, 0.8066026966371458, 0.01933133794795454]",1.3635445599897735,1.8588131764638909,0.10037314456894174,-0.058412419840682024,0.023798342069478885,True,True,-0.028275684147178737,0.020877664474086406,-0.004477342077699852,nan,-0.004477342077699852,0.025336391498318456,-0.014249647566893058,0.013626834049647875,nan,0.013626834049647875,0.032442410108749264,-0.01692157124599734,0.017134204238636257,nan,0.017134204238636257,0.02339103971043688,-0.01996664280418025,0.013661390942825842,nan,0.013661390942825842,0.014077872811783188,0.4426574414826241,0.005374807162219827,nan,0.005374807162219827,0.00033739549600753094,-0.0030293618713642598,-5.7399331783877164e-05,nan,-5.7399331783877164e-05
15.873,33.02786134500002,ABORT,TAKEOFF_TRANSITION,ACTIVE_ARM_PROFILE,0.006856172077702202,0.006937898538243942,0.10165433822964165,0.008220752701163292,0.007122542709112167,-0.08196646720170975,0.030102044343948364,0.005774203687906265,-0.09557873010635376,-0.017460673435573386,0.02946213590034469,-0.058412419840682024,-0.0017603596206754446,-0.006869866047054528,0.004296936560422183,0.1836259686455213,0.1836259686455213,1.0820211400608424,0.14735057219538164,0.1836259686455213,"[-1.3635445599897735, 0.6709082217748004, 0.8770955882748674, 0.557467810528775, 0.49864893054526294, 0.022620077406041824]","[-1.6200773644783102, 1.4516683009447877, 1.8588131764638909, 1.3402078538309443, 0.8066026966371458, 0.01933133794795454]",1.3635445599897735,1.8588131764638909,0.10037314456894174,-0.058412419840682024,0.023798342069478885,True,True,-0.028275684147178737,0.020877664474086406,-0.004477342077699852,nan,-0.004477342077699852,0.025336391498318456,-0.014249647566893058,0.013626834049647875,nan,0.013626834049647875,0.032442410108749264,-0.01692157124599734,0.017134204238636257,nan,0.017134204238636257,0.02339103971043688,-0.01996664280418025,0.013661390942825842,nan,0.013661390942825842,0.014077872811783188,0.4426574414826241,0.005374807162219827,nan,0.005374807162219827,0.00033739549600753094,-0.0030293618713642598,-5.7399331783877164e-05,nan,-5.7399331783877164e-05
15.907,33.11838889199953,ABORT,TAKEOFF_TRANSITION,ACTIVE_ARM_PROFILE,0.006856172077702202,0.006937898538243942,0.10165433822964165,0.008786884136497974,0.007414923049509525,-0.08350370824337006,0.03172164410352707,0.006388548295944929,-0.09496883302927017,-0.01761922488917481,0.02948836184021381,-0.05838728655865503,-0.003634311957284808,-0.0010159956291317942,-0.0015994146233424542,0.18516872677409726,0.18516872677409726,1.0835647078941766,0.1488930832508359,0.18516872677409726,"[-1.33592690216644, 0.6957456371935568, 0.9061283371904472, 0.5817048933668028, 0.46032209679370967, 0.015545838272830593]","[-1.5849315949196336, 1.4535938352643396, 1.8590368235136365, 1.3414749523137384, 0.7592387716446439, 0.012353608881587482]",1.33592690216644,1.8590368235136365,0.10033023223785467,-0.05838728655865503,0.023316323008772545,True,True,-0.02766227475023264,0.012970905303441466,-0.0043459517414600945,nan,-0.0043459517414600945,0.025369998412054784,-0.010769571705492378,0.013226946286641297,nan,0.013226946286641297,0.032446313486129696,-0.016193439704502523,0.01663139055653501,nan,0.01663139055653501,0.02341315475090866,-0.02147294293842688,0.013260489086695429,nan,0.013260489086695429,0.0132512163739964,-0.5758352981429588,0.005217080165262132,nan,0.005217080165262132,0.00021561114948731586,0.002609179255786645,-5.5714913356126505e-05,nan,-5.5714913356126505e-05
15.941,33.198049960999924,ABORT,TAKEOFF_TRANSITION,ACTIVE_ARM_PROFILE,0.006856172077702202,0.006937898538243942,0.10165433822964165,0.009060606360435486,0.007534171920269728,-0.08408482372760773,0.03297896683216095,0.0061662085354328156,-0.09567340463399887,-0.0175957625874085,0.029430391688841963,-0.05828409606006018,0.001418486936017871,0.00032463457318954153,-0.0014634557301178575,0.1857532001259583,0.1857532001259583,1.084148865871593,0.14947764635550498,0.1857532001259583,"[-1.308176852636749, 0.7201351765634716, 0.9348356138858156, 0.606362507369532, 0.43465248126930733, 0.013767495070254328]","[-1.549639331560488, 1.4550285736748108, 1.8588810314680662, 1.3431195532586169, 0.7245151360775349, 0.01067195653409197]",1.308176852636749,1.8588810314680662,0.10138557459165526,-0.05828409606006018,0.022831993276887935,True,True,-0.02704630855413459,0.02034147715977027,-0.004214315277246655,nan,-0.004214315277246655,0.025395039321222335,-0.010611151699786466,0.012826309430759051,nan,0.012826309430759051,0.032443594401986076,-0.016003571451520978,0.01612763497477617,nan,0.01612763497477617,0.023441858452278197,-0.021410567404139904,0.012858836238031482,nan,0.012858836238031482,0.012645174605087739,-0.5512163817082641,0.005059057704975344,nan,0.005059057704975344,0.00018626077914962735,0.0012931819114916226,-5.402733957839868e-05,nan,-5.402733957839868e-05
15.984,33.27881197700026,ABORT,TAKEOFF_TRANSITION,ACTIVE_ARM_PROFILE,0.006856172077702202,0.006937898538243942,0.10165433822964165,0.00951318722218275,0.007921692915260792,-0.08630847185850143,0.03529065102338791,0.007839138619601727,-0.09636994451284409,-0.017585070121581038,0.02953535231453847,-0.058452910632582,0.0015168492682278156,-0.0006971244583837692,-0.003201289800927043,0.18798416304860788,0.18798416304860788,1.0863790084410323,0.1517088355383587,0.18798416304860788,"[-1.2829712159774638, 0.7493739009663005, 0.9698059450732689, 0.6356851127540326, 0.16806177056090232, 0.022664216768139893]","[-1.5148883990309627, 1.4552160974945099, 1.8573227601675633, 1.3433172858312377, 0.4464658136038149, 0.019691048512184638]",1.2829712159774638,1.8573227601675633,0.10292739358091474,-0.058452910632582,0.02239207192712202,True,True,-0.026439790363355975,0.013010639415977446,-0.004047718436233955,nan,-0.004047718436233955,0.025398312229302,-0.005814789731861033,0.01231927032892614,nan,0.01231927032892614,0.032416397437152966,-0.0008729409012757882,0.015490090590209143,nan,0.015490090590209143,0.02344530953670887,0.006078388305042015,0.012350511313239602,nan,0.012350511313239602,0.00779229844498186,-0.37545927483533725,0.004859067201962837,nan,0.004859067201962837,0.00034367362970755266,-0.0018869057886369625,-5.189157528219677e-05,nan,-5.189157528219677e-05
16.016,33.351407684999685,ABORT,TAKEOFF_TRANSITION,ACTIVE_ARM_PROFILE,0.006856172077702202,0.006937898538243942,0.10165433822964165,0.009627950377762318,0.008018259890377522,-0.08683542162179947,0.036032676696777344,0.007311689201742411,-0.09655071794986725,-0.0175963808774702,0.02952101883865372,-0.05846019967814662,-0.0038134062197059393,-0.007332950364798307,0.0030822623521089563,0.18851323429523406,0.18851323429523406,1.0869076426320596,0.15223802952427562,0.18851323429523406,"[-1.257768444589285, 0.7679186505200539, 0.9922599627143063, 0.6548031257303253, 0.5436834729616021, 0.01802607387720937]","[-1.4825870344221357, 1.4521562097154324, 1.85261138728475, 1.3407758733161486, 0.8135660385248163, 0.015143909279317264]",1.257768444589285,1.85261138728475,0.1033143539182827,-0.05846019967814662,0.021952200585770878,True,True,-0.025876025198044772,0.018235156935696797,-0.003923824612273895,nan,-0.003923824612273895,0.025344907112815562,-0.008510870989938645,0.011942198273768957,nan,0.011942198273768957,0.0323341684680587,-0.0104121515780173,0.015015965082977884,nan,0.015015965082977884,0.023400953520669177,-0.01121181596768845,0.0119724830243246,nan,0.0119724830243246,0.014199406054665076,0.44693462895834246,0.004710339362807553,nan,0.004710339362807553,0.0002643110785474079,0.005459195893180206,-5.030326181763566e-05,nan,-5.030326181763566e-05
16.051,33.4253395300002,ABORT,TAKEOFF_TRANSITION,ACTIVE_ARM_PROFILE,0.006856172077702202,0.006937898538243942,0.10165433822964165,0.010009347461163998,0.008289254270493984,-0.0883357897400856,0.036160994321107864,0.008562443777918816,-0.0967499390244484,-0.017642724441369956,0.029514433866561607,-0.05845248933069189,-7.61808332754299e-05,-0.005511119496077299,-0.0022358677815645924,0.19002109725834995,0.19002109725834995,1.088413381947381,0.15374648931656418,0.19002109725834995,"[-1.2496575952469222, 0.7926990843354178, 1.0229136351198556, 0.6825251267443975, -0.6845773642299434, 0.009927635027640372]","[-1.466726402174769, 1.4533501040762231, 1.8536076511664352, 1.3448515207235563, -0.42399799416544426, 0.007144822311399862]",1.2496575952469222,1.8536076511664352,0.10364112916683076,-0.05845248933069189,0.021810639559613435,True,True,-0.025599204943880238,0.011630378463393012,-0.003788565384266804,nan,-0.003788565384266804,0.025365744500332355,0.007350313495057359,0.011530535501135107,nan,0.011530535501135107,0.032351556553012806,0.008401635861335677,0.014498345656627425,nan,0.014498345656627425,0.02347208698707881,0.012648575259121879,0.011559776297797468,nan,0.011559776297797468,-0.007400161020038709,0.55555030461732,0.00454796797039826,nan,0.00454796797039826,0.00012470067380387917,-6.747479124010738e-05,-4.856924436476357e-05,nan,-4.856924436476357e-05
16.054,33.502163534999454,ABORT,TAKEOFF_TRANSITION,ACTIVE_ARM_PROFILE,0.006856172077702202,0.006937898538243942,0.10165433822964165,0.010009347461163998,0.008289254270493984,-0.0883357897400856,0.036160994321107864,0.008562443777918816,-0.0967499390244484,-0.017642724441369956,0.029514433866561607,-0.05845248933069189,-7.61808332754299e-05,-0.005511119496077299,-0.0022358677815645924,0.19002109725834995,0.19002109725834995,1.088413381947381,0.15374648931656418,0.19002109725834995,"[-1.2503208726944528, 0.7947177756816497, 1.0254519114131666, 0.6845489373795968, -0.6837811355045839, 0.009919131839450843]","[-1.466726402174769, 1.4533501040762231, 1.8536076511664352, 1.3448515207235563, -0.42399799416544426, 0.007144822311399862]",1.2503208726944528,1.8536076511664352,0.10364112916683076,-0.05845248933069189,0.021822215934927065,True,True,-0.025599204943880238,0.011630378463393012,-0.003776989008953172,nan,-0.003776989008953172,0.025365744500332355,0.007350313495057359,0.011495302690561844,nan,0.011495302690561844,0.032351556553012806,0.008401635861335677,0.014454044377983831,nan,0.014454044377983831,0.02347208698707881,0.012648575259121879,0.011524454138776364,nan,0.011524454138776364,-0.007400161020038709,0.55555030461732,0.004534071157541777,nan,0.004534071157541777,0.00012470067380387917,-6.747479124010738e-05,-4.8420835733939634e-05,nan,-4.8420835733939634e-05
16.059,33.57748221200018,ABORT,TAKEOFF_TRANSITION,ACTIVE_ARM_PROFILE,0.006856172077702202,0.006937898538243942,0.10165433822964165,0.010009347461163998,0.008289254270493984,-0.0883357897400856,0.036160994321107864,0.008562443777918816,-0.0967499390244484,-0.017642724441369956,0.029514433866561607,-0.05845248933069189,-7.61808332754299e-05,-0.005511119496077299,-0.0022358677815645924,0.19002109725834995,0.19002109725834995,1.088413381947381,0.15374648931656418,0.19002109725834995,"[-1.2346099818683225, 0.7982112228911366, 1.0292472674006208, 0.6902647900941363, 0.19324261993866276, 0.009988617537173042]","[-1.4499104594933727, 1.4534803152437366, 1.8531741178142263, 1.347195608416595, 0.45169920625403287, 0.007228474726111301]",1.2346099818683225,1.8531741178142263,0.10364112916683076,-0.05845248933069189,0.02154800916158972,True,True,-0.02530571137726323,0.018388971867938995,-0.0037577022156735102,nan,-0.0037577022156735102,0.02536801711392833,-0.00020855737727477658,0.011436603148107669,nan,0.011436603148107669,0.03234398996859955,0.0018162460619143906,0.01438023633530422,nan,0.01438023633530422,0.023512999035277815,0.007468388046098202,0.011465605737547596,nan,0.011465605737547596,0.007883638377777835,0.5691588324955454,0.004510918404668127,nan,0.004510918404668127,0.00012616068386783752,0.0013823641314185606,-4.817357987827915e-05,nan,-4.817357987827915e-05
16.089,33.65430451700013,ABORT,TAKEOFF_TRANSITION,ACTIVE_ARM_PROFILE,0.006856172077702202,0.006937898538243942,0.10165433822964165,0.010517681017518044,0.008607899770140648,-0.08990462869405746,0.036212120205163956,0.009009557776153088,-0.09792160242795944,-0.017632090577561745,0.02950712832566137,-0.05857582129065752,0.0056527904234826565,-0.00627617072314024,0.00020435417536646204,0.19160123527969683,0.19160123527969683,1.0899893656367343,0.15532778868297537,0.19160123527969683,"[-1.2252935991133922, 0.8181489754947832, 1.0536677002793422, 0.71211952017334, 0.5266651757320238, 0.011770237368811918]","[-1.43397600763904, 1.4532759103392867, 1.8522680633156816, 1.3488571015966384, 0.7771771278027378, 0.009094937917362399]",1.2252935991133922,1.8522680633156816,0.10479088702332105,-0.05857582129065752,0.021385407608140165,True,True,-0.025027602727904608,0.010797260718443509,-0.003642195119764443,nan,-0.003642195119764443,0.025364449575338455,-0.01342587774583678,0.011085056181136085,nan,0.011085056181136085,0.03232817633439744,-0.015626576245374814,0.013938205742606142,nan,0.013938205742606142,0.023541997561769,-0.015748623412747173,0.011113167267022038,nan,0.011113167267022038,0.01356429975135054,0.4406044624921052,0.004372258379232187,nan,0.004372258379232187,0.0001587366119224498,-0.0006721748257750371,-4.669278390459229e-05,nan,-4.669278390459229e-05
16.123,33.73059294799987,ABORT,TAKEOFF_TRANSITION,ACTIVE_ARM_PROFILE,0.006856172077702202,0.006937898538243942,0.10165433822964165,0.011144790798425674,0.008936245925724506,-0.09189628809690475,0.03658924251794815,0.008652422577142715,-0.09882315993309021,-0.017523018029738553,0.02945879582011991,-0.05868203382125318,0.0036232746206223965,-0.006494263187050819,-0.001473659882321953,0.19360844659831136,0.19360844659831136,1.0919897283459146,0.15733688683472052,0.19360844659831136,"[-1.2008090079877851, 0.8412369513483654, 1.0815100629069594, 0.7398527415546778, 0.20852742521531198, 0.008952589821366866]","[-1.4020218038184202, 1.453630047490428, 1.8515251922759157, 1.3537988325251211, 0.4500725109810983, 0.006373050481594663]",1.2008090079877851,1.8515251922759157,0.10573388304442337,-0.05868203382125318,0.020958070876993737,True,True,-0.02446989666138144,0.01868339938750391,-0.0035118257843877055,nan,-0.0035118257843877055,0.025370630434629504,0.0016671217444944979,0.010688275844161177,nan,0.010688275844161177,0.03231521078883581,0.003187817296027592,0.013439299297658375,nan,0.013439299297658375,0.023628247037218664,0.007941086848441246,0.010715380717182865,nan,0.010715380717182865,0.007855247189338499,0.5984612938899503,0.004215757038625059,nan,0.004215757038625059,0.00011123071429963716,0.001297727958375034,-4.502145466374564e-05,nan,-4.502145466374564e-05
16.185,33.88976829300009,ABORT,TAKEOFF_TRANSITION,ACTIVE_ARM_PROFILE,0.006856172077702202,0.006937898538243942,0.10165433822964165,0.011444630101323128,0.009133891202509403,-0.09486541152000427,0.038138214498758316,0.008778305724263191,-0.10094249993562698,-0.017477292286430544,0.029192646543450818,-0.05866895944650896,0.004087862558662891,-0.007502335123717785,-0.002553858794271945,0.1965855751892277,0.1965855751892277,1.0949633221571962,0.16031491308371065,0.1965855751892277,"[-1.1666715076728085, 0.8819527439952444, 1.1310143189300919, 0.786650181196145, 0.227756902040921, 0.009297412110117113]","[-1.3543749299697216, 1.4532299307285468, 1.849330837550562, 1.3593760950985776, 0.45308471506630166, 0.006891062354745131]",1.1666715076728085,1.849330837550562,0.1082634303437499,-0.05866895944650896,0.020362259098096795,True,True,-0.023638301834439268,0.010620348955723462,-0.003276042736342472,nan,-0.003276042736342472,0.025363647079742258,-4.476411391952191e-05,0.009970667850026595,nan,0.009970667850026595,0.03227691207392169,0.0019876119155604922,0.012536988321390361,nan,0.012536988321390361,0.02372558863237373,0.007738665640070306,0.009995952909091013,nan,0.009995952909091013,0.007907820068367322,0.5747772427529003,0.003932712233611057,nan,0.003932712233611057,0.00012027172705053601,0.0015479228692395972,-4.19987261858012e-05,nan,-4.19987261858012e-05
16.199,33.97014882700023,ABORT,TAKEOFF_TRANSITION,ACTIVE_ARM_PROFILE,0.006856172077702202,0.006937898538243942,0.10165433822964165,0.011444630101323128,0.009133891202509403,-0.09486541152000427,0.038138214498758316,0.008778305724263191,-0.10094249993562698,-0.017477292286430544,0.029192646543450818,-0.05866895944650896,0.000457360059954226,-0.0021161176264286037,0.003087158547714353,0.1965855751892277,0.1965855751892277,1.0949633221571962,0.16031491308371065,0.1965855751892277,"[-1.1531898736164339, 0.8911247074988221, 1.1418144283276885, 0.797412136935746, 0.4931195492717645, 0.011187620340179134]","[-1.3378669730000998, 1.4531912510863023, 1.8485496038236497, 1.3609040500136664, 0.7148144252137075, 0.008820067913661656]",1.1531898736164339,1.8485496038236497,0.1082634303437499,-0.05866895944650896,0.02012696019526406,True,True,-0.02335018363254182,0.019357937054892884,-0.0032232234372777608,nan,-0.0032232234372777608,0.0253629719926316,-0.014385017965719608,0.00980991180090575,nan,0.00980991180090575,0.03226327697315945,-0.01626616646327294,0.012334855752064472,nan,0.012334855752064472,0.023752256476464062,-0.017133158711334168,0.009834789191571408,nan,0.009834789191571408,0.012475865260729968,0.4899176949931113,0.003869305519987271,nan,0.003869305519987271,0.00015393922534290283,-0.00794183751931507,-4.1321585056311116e-05,nan,-4.1321585056311116e-05
16.202,34.04554090199963,ABORT,TAKEOFF_TRANSITION,ACTIVE_ARM_PROFILE,0.006856172077702202,0.006937898538243942,0.10165433822964165,0.011444630101323128,0.009133891202509403,-0.09486541152000427,0.038138214498758316,0.008778305724263191,-0.10094249993562698,-0.017477292286430544,0.029192646543450818,-0.05866895944650896,0.000457360059954226,-0.0021161176264286037,0.003087158547714353,0.1965855751892277,0.1965855751892277,1.0949633221571962,0.16031491308371065,0.1965855751892277,"[-1.1538370684716004, 0.8930944513191712, 1.1442911586373619, 0.7993868759168594, 0.49389647171426126, 0.011179323330128117]","[-1.3378669730000998, 1.4531912510863023, 1.8485496038236497, 1.3609040500136664, 0.7148144252137075, 0.008820067913661656]",1.1538370684716004,1.8485496038236497,0.1082634303437499,-0.05866895944650896,0.02013825587638868,True,True,-0.02335018363254182,0.019357937054892884,-0.003211927756153139,nan,-0.003211927756153139,0.0253629719926316,-0.014385017965719608,0.009775533285819848,nan,0.009775533285819848,0.03226327697315945,-0.01626616646327294,0.012291628653476733,nan,0.012291628653476733,0.023752256476464062,-0.017133158711334168,0.0098003234944835,nan,0.0098003234944835,0.012475865260729968,0.4899176949931113,0.0038557456653330663,nan,0.0038557456653330663,0.00015393922534290283,-0.00794183751931507,-4.117677491284982e-05,nan,-4.117677491284982e-05
16.211,34.12246400099957,ABORT,TAKEOFF_TRANSITION,ACTIVE_ARM_PROFILE,0.006856172077702202,0.006937898538243942,0.10165433822964165,0.011497005820274353,0.009155942127108574,-0.09566435217857361,0.037075795233249664,0.0076461187563836575,-0.10072013735771179,-0.01745577275451278,0.029232463335229896,-0.05863028725925452,-0.002455715322867036,-0.008650154806673527,-0.0014324986841529597,0.19738572045515707,0.19738572045515707,1.0957629237448947,0.16111518325880955,0.19738572045515707,"[-1.1557757944204827, 0.8989949825528133, 1.151710410013384, 0.8053023705695017, 0.49622380742701244, 0.011154468947316455]","[-1.3378669730000998, 1.4531912510863023, 1.8485496038236497, 1.3609040500136664, 0.7148144252137075, 0.008820067913661656]",1.1557757944204827,1.8485496038236497,0.10759936706863527,-0.05863028725925452,0.020172093027490533,True,True,-0.02335018363254182,0.019357937054892884,-0.00317809060505129,nan,-0.00317809060505129,0.0253629719926316,-0.014385017965719608,0.009672549588176033,nan,0.009672549588176033,0.03226327697315945,-0.01626616646327294,0.01216213828893203,nan,0.01216213828893203,0.023752256476464062,-0.017133158711334168,0.009697078635910773,nan,0.009697078635910773,0.012475865260729968,0.4899176949931113,0.0038151259943463084,nan,0.0038151259943463084,0.00015393922534290283,-0.00794183751931507,-4.074298409923523e-05,nan,-4.074298409923523e-05
16.222,34.19981738000024,ABORT,TAKEOFF_TRANSITION,ACTIVE_ARM_PROFILE,0.006856172077702202,0.006937898538243942,0.10165433822964165,0.011497005820274353,0.009155942127108574,-0.09566435217857361,0.037075795233249664,0.0076461187563836575,-0.10072013735771179,-0.01745577275451278,0.029232463335229896,-0.05863028725925452,-0.002455715322867036,-0.008650154806673527,-0.0014324986841529597,0.19738572045515707,0.19738572045515707,1.0957629237448947,0.16111518325880955,0.19738572045515707,"[-1.1424774348110314, 0.9061022996259067, 1.1601949445085131, 0.8143354427930163, -0.6937686896838622, 0.009501972309206567]","[-1.322205061247469, 1.4531050742820317, 1.8479891324990068, 1.362725386059471, -0.47801538849415326, 0.007197871911799904]",1.1601949445085131,1.8479891324990068,0.10759936706863527,-0.05863028725925452,0.02024922174666646,True,True,-0.023076831705301615,0.009915118263187377,-0.003136838838110236,nan,-0.003136838838110236,0.025361467923658232,0.005832191405230123,0.009546999435293975,nan,0.009546999435293975,0.03225349490318141,0.006468449866997215,0.012004273156514953,nan,0.012004273156514953,0.023784044787248604,0.010704034864702153,0.00957121009482454,nan,0.00957121009482454,-0.008342942404422793,0.6029552974114701,0.0037656054778074195,nan,0.0037656054778074195,0.0001256265639977272,0.0011161864724787748,-4.021413823125608e-05,nan,-4.021413823125608e-05
16.227,34.27645399299945,ABORT,TAKEOFF_TRANSITION,ACTIVE_ARM_PROFILE,0.006856172077702202,0.006937898538243942,0.10165433822964165,0.011595332995057106,0.009174113161861897,-0.09676364064216614,0.03630760684609413,0.006975146010518074,-0.10099814832210541,-0.017506298688948815,0.029151694315440024,-0.05869414484735466,-0.002455715322867036,-0.008650154806673527,-0.0014324986841529597,0.19848716492916268,0.19848716492916268,1.0968633002950876,0.16221688525458133,0.19848716492916268,"[-1.1435495237909852, 0.9093652128370838, 1.1642976892230639, 0.8176066305706023, -0.6924817048102487, 0.009488228174853128]","[-1.322205061247469, 1.4531050742820317, 1.8479891324990068, 1.362725386059471, -0.47801538849415326, 0.007197871911799904]",1.1642976892230639,1.8479891324990068,0.10755241020661784,-0.05869414484735466,0.020320828150304164,True,True,-0.023076831705301615,0.009915118263187377,-0.0031181273555356947,nan,-0.0031181273555356947,0.025361467923658232,0.005832191405230123,0.009490050856552114,nan,0.009490050856552114,0.03225349490318141,0.006468449866997215,0.011932666752877248,nan,0.011932666752877248,0.023784044787248604,0.010704034864702153,0.009514117097654668,nan,0.009514117097654668,-0.008342942404422793,0.6029552974114701,0.003743143354339502,nan,0.003743143354339502,0.0001256265639977272,0.0011161864724787748,-3.997425783395214e-05,nan,-3.997425783395214e-05
16.242,34.358914825000284,ABORT,TAKEOFF_TRANSITION,ACTIVE_ARM_PROFILE,0.006856172077702202,0.006937898538243942,0.10165433822964165,0.011595332995057106,0.009174113161861897,-0.09676364064216614,0.03630760684609413,0.006975146010518074,-0.10099814832210541,-0.017506298688948815,0.029151694315440024,-0.05869414484735466,-0.0023627683985978365,-0.006416544318199158,0.001165613532066346,0.19848716492916268,0.19848716492916268,1.0968633002950876,0.16221688525458133,0.19848716492916268,"[-1.1295373534596962, 0.9188549177701094, 1.175458292769965, 0.8280503435397913, 0.24731765188270632, 0.010995580162976026]","[-1.3049853985396964, 1.4528327450502911, 1.8468750810120065, 1.3633823088882502, 0.45793354696702826, 0.008746343813460124]",1.175458292769965,1.8468750810120065,0.10755241020661784,-0.05869414484735466,0.020515617428707347,True,True,-0.022776291894968104,0.009263118239774076,-0.0030621460528334407,nan,-0.0030621460528334407,0.025356714881914932,-0.005778942858076978,0.00931967121868477,nan,0.00931967121868477,0.03223405103669652,-0.002446052688999294,0.011718433607989173,nan,0.011718433607989173,0.023795510253542318,0.004474113080620167,0.009343305386502802,nan,0.009343305386502802,0.007992448149910736,0.5497833084532626,0.0036759408262563575,nan,0.0036759408262563575,0.0001526524970563159,0.0018817658161835414,-3.925657995459049e-05,nan,-3.925657995459049e-05
16.256,34.434963066999444,ABORT,TAKEOFF_TRANSITION,ACTIVE_ARM_PROFILE,0.006856172077702202,0.006937898538243942,0.10165433822964165,0.01168444100767374,0.009189553558826447,-0.09745700657367706,0.03671833127737045,0.0071635483764112,-0.10112430155277252,-0.017546736196295522,0.029105277984918024,-0.05872687716455775,-0.0001325347402598709,-0.007090266793966293,-0.0006481141899712375,0.19918260406114263,0.19918260406114263,1.0975576774520455,0.16291259095826494,0.19918260406114263,"[-1.115443643109592, 0.9283252726557201, 1.186283518516868, 0.8382934701534454, 0.4789315397062085, 0.01351120755803738]","[-1.2879103853669989, 1.45322947587274, 1.8462912496502382, 1.3645288012328247, 0.6859685418925698, 0.011300191381760987]",1.186283518516868,1.8462912496502382,0.1078224310691981,-0.05872687716455775,0.02070455326026247,True,True,-0.022478276695283128,0.022121439425675075,-0.003010112502580189,nan,-0.003010112502580189,0.025363639141010808,-0.016394483334630842,0.009161306603694408,nan,0.009161306603694408,0.03222386125715726,-0.018077303472489096,0.011519307996894792,nan,0.011519307996894792,0.02381552031980405,-0.019134270137011793,0.009184539167657615,nan,0.009184539167657615,0.011972409621129998,0.5135174929839349,0.0036134773616107027,nan,0.0036134773616107027,0.00019722554571721673,-0.015176735114626493,-3.85895120908784e-05,nan,-3.85895120908784e-05
16.264,34.51020954700016,ABORT,TAKEOFF_TRANSITION,ACTIVE_ARM_PROFILE,0.006856172077702202,0.006937898538243942,0.10165433822964165,0.011858967132866383,0.009232445620000362,-0.09845222532749176,0.03598754480481148,0.008126437664031982,-0.10148512572050095,-0.01759267186924187,0.029058725298643336,-0.05877351340762917,-0.0001325347402598709,-0.007090266793966293,-0.0006481141899712375,0.20018224117868058,0.20018224117868058,1.0985550347982131,0.16391281177638053,0.20018224117868058,"[-1.1171416618771874, 0.9334932092479351, 1.1927816149008643, 0.8434745123453995, 0.4809699194581402, 0.013489439030878847]","[-1.2879103853669989, 1.45322947587274, 1.8462912496502382, 1.3645288012328247, 0.6859685418925698, 0.011300191381760987]",1.1927816149008643,1.8462912496502382,0.10798320754956112,-0.05877351340762917,0.02081796643727514,True,True,-0.022478276695283128,0.022121439425675075,-0.0029804764843249943,nan,-0.0029804764843249943,0.025363639141010808,-0.016394483334630842,0.00907110909462596,nan,0.00907110909462596,0.03222386125715726,-0.018077303472489096,0.01140589481988212,nan,0.01140589481988212,0.02381552031980405,-0.019134270137011793,0.00909411292272327,nan,0.00909411292272327,0.011972409621129998,0.5135174929839349,0.0035779009235335103,nan,0.0035779009235335103,0.00019722554571721673,-0.015176735114626493,-3.820957961865219e-05,nan,-3.820957961865219e-05
16.274,34.591109154999685,ABORT,TAKEOFF_TRANSITION,ACTIVE_ARM_PROFILE,0.006856172077702202,0.006937898538243942,0.10165433822964165,0.011858967132866383,0.009232445620000362,-0.09845222532749176,0.03598754480481148,0.008126437664031982,-0.10148512572050095,-0.01759267186924187,0.029058725298643336,-0.05877351340762917,-0.0005423225229606032,-0.003228083485737443,-0.0014535163063555952,0.20018224117868058,0.20018224117868058,1.0985550347982131,0.16391281177638053,0.20018224117868058,"[-1.1192582765915482, 0.9399351466650679, 1.2008816233837971, 0.849932786157499, 0.48351080101889216, 0.013462304121787727]","[-1.2879103853669989, 1.45322947587274, 1.8462912496502382, 1.3645288012328247, 0.6859685418925698, 0.011300191381760987]",1.2008816233837971,1.8462912496502382,0.10798320754956112,-0.05877351340762917,0.020959338254741788,True,True,-0.022478276695283128,0.022121439425675075,-0.002943534588563239,nan,-0.002943534588563239,0.025363639141010808,-0.016394483334630842,0.008958676076489574,nan,0.008958676076489574,0.03222386125715726,-0.018077303472489096,0.011264523002415473,nan,0.011264523002415473,0.02381552031980405,-0.019134270137011793,0.008981394780706808,nan,0.008981394780706808,0.011972409621129998,0.5135174929839349,0.0035335541743951766,nan,0.0035335541743951766,0.00019722554571721673,-0.015176735114626493,-3.77359861127828e-05,nan,-3.77359861127828e-05
16.29,34.67681093200008,ABORT,TAKEOFF_TRANSITION,ACTIVE_ARM_PROFILE,0.006856172077702202,0.006937898538243942,0.10165433822964165,0.011994893662631512,0.009282863698899746,-0.09924359619617462,0.03597039356827736,0.008653688244521618,-0.10152017325162888,-0.01761233815690375,0.0290693355398862,-0.05885259383569286,0.004295353777706623,-0.00575199443846941,0.003272716887295247,0.20097732553124414,0.20097732553124414,1.09934823091263,0.16470837633035362,0.20097732553124414,"[-1.1070807391007913, 0.9525566938441352, 1.2158643594135288, 0.8647887095922716, -0.7075617945200359, 0.006282502803558845]","[-1.272360405940902, 1.4555869633044307, 1.8483680901954895, 1.369094635835624, -0.5091524879079523, 0.004163624623279637]",1.2158643594135288,1.8483680901954895,0.10805138180852146,-0.05885259383569286,0.021220836329417788,True,True,-0.02220687835568036,0.01559131327687658,-0.002884674372959222,nan,-0.002884674372959222,0.025404785058768198,0.013045483075646295,0.008779534439276437,nan,0.008779534439276437,0.03226010896271081,0.011577778371244858,0.011039272633293021,nan,0.011039272633293021,0.023895209166724385,0.012721579128662834,0.008801798850266176,nan,0.008801798850266176,-0.008886387308714383,-0.4282507578804901,0.003462895666979814,nan,0.003462895666979814,7.266895849333821e-05,-0.0034205027117218054,-3.6981400694538155e-05,nan,-3.6981400694538155e-05
16.316,34.76072999400003,ABORT,TAKEOFF_TRANSITION,ACTIVE_ARM_PROFILE,0.006856172077702202,0.006937898538243942,0.10165433822964165,0.012242496944963932,0.009372705593705177,-0.10014644265174866,0.03625037148594856,0.00887234602123499,-0.10193143039941788,-0.017560084213992178,0.02903958818922018,-0.058861670192624053,0.0007545985281467438,-0.005136498715728521,-0.0006506353383883827,0.201887334781833,0.201887334781833,1.1002544803911916,0.1656193592529002,0.201887334781833,"[-1.0808600343750603, 0.963194361606148, 1.2286784784314735, 0.8768167476467441, -0.6851864238637084, 0.013776146668790862]","[-1.2406985402666624, 1.449664404933165, 1.8403595958483783, 1.3645204519444816, -0.49330893687347055, 0.011727023936532587]",1.2286784784314735,1.8403595958483783,0.10854871929258847,-0.058861670192624053,0.021444484897023344,True,True,-0.021654274552340702,0.016916945470342303,-0.0027897081992768087,nan,-0.0027897081992768087,0.02530141691504806,0.005172848152074205,0.008490503968375918,nan,0.008490503968375918,0.032120334368226366,0.0059108841447432035,0.010675849471203022,nan,0.010675849471203022,0.023815374597232264,0.009502529932259095,0.008512035414168336,nan,0.008512035414168336,-0.008609865177954923,0.5842029421632772,0.003348893908432236,nan,0.003348893908432236,0.0002046751791526802,-0.0007560889266685668,-3.576393845536912e-05,nan,-3.576393845536912e-05
16.327,34.87175265299993,ABORT,TAKEOFF_TRANSITION,ACTIVE_ARM_PROFILE,0.006856172077702202,0.006937898538243942,0.10165433822964165,0.012430653907358646,0.009444201365113258,-0.10073596239089966,0.03618962690234184,0.00928063876926899,-0.10204329341650009,-0.0175231354341714,0.02902911251381039,-0.05888902474001979,0.0007545985281467438,-0.005136498715728521,-0.0006506353383883827,0.20248256761213354,0.20248256761213354,1.1008466618910235,0.16621538242496425,0.20248256761213354,"[-1.08314677799387, 0.9701540879944469, 1.2374295480451245, 0.8837941235140397, -0.6824413117486984, 0.013746830714503057]","[-1.2406985402666624, 1.449664404933165, 1.8403595958483783, 1.3645204519444816, -0.49330893687347055, 0.011727023936532587]",1.2374295480451245,1.8403595958483783,0.10866762665385811,-0.05888902474001979,0.021597219874852785,True,True,-0.021654274552340702,0.016916945470342303,-0.002749796993979612,nan,-0.002749796993979612,0.02530141691504806,0.005172848152074205,0.008369033827862169,nan,0.008369033827862169,0.032120334368226366,0.0059108841447432035,0.010523114493373582,nan,0.010523114493373582,0.023815374597232264,0.009502529932259095,0.008390257232134834,nan,0.008390257232134834,-0.008609865177954923,0.5842029421632772,0.003300982663688925,nan,0.003300982663688925,0.0002046751791526802,-0.0007560889266685668,-3.525227852968278e-05,nan,-3.525227852968278e-05
16.327,34.95233857599942,ABORT,TAKEOFF_TRANSITION,ACTIVE_ARM_PROFILE,0.006856172077702202,0.006937898538243942,0.10165433822964165,0.012430653907358646,0.009444201365113258,-0.10073596239089966,0.03618962690234184,0.00928063876926899,-0.10204329341650009,-0.0175231354341714,0.02902911251381039,-0.05888902474001979,0.0007545985281467438,-0.005136498715728521,-0.0006506353383883827,0.20248256761213354,0.20248256761213354,1.1008466618910235,0.16621538242496425,0.20248256761213354,"[-1.08314677799387, 0.9701540879944469, 1.2374295480451245, 0.8837941235140397, -0.6824413117486984, 0.013746830714503057]","[-1.2406985402666624, 1.449664404933165, 1.8403595958483783, 1.3645204519444816, -0.49330893687347055, 0.011727023936532587]",1.2374295480451245,1.8403595958483783,0.10866762665385811,-0.05888902474001979,0.021597219874852785,True,True,-0.021654274552340702,0.016916945470342303,-0.002749796993979612,nan,-0.002749796993979612,0.02530141691504806,0.005172848152074205,0.008369033827862169,nan,0.008369033827862169,0.032120334368226366,0.0059108841447432035,0.010523114493373582,nan,0.010523114493373582,0.023815374597232264,0.009502529932259095,0.008390257232134834,nan,0.008390257232134834,-0.008609865177954923,0.5842029421632772,0.003300982663688925,nan,0.003300982663688925,0.0002046751791526802,-0.0007560889266685668,-3.525227852968278e-05,nan,-3.525227852968278e-05
16.351,35.034766710999975,ABORT,TAKEOFF_TRANSITION,ACTIVE_ARM_PROFILE,0.006856172077702202,0.006937898538243942,0.10165433822964165,0.012554794549942017,0.009515095502138138,-0.10128428786993027,0.03492195904254913,0.008152409456670284,-0.10103965550661087,-0.01753830641457022,0.02904818653245744,-0.058976805842728186,0.008764056488871574,-0.005277901887893677,-0.0016219075769186013,0.20303497778819707,0.20303497778819707,1.1013969505213757,0.16676833240654973,0.20303497778819707,"[-1.0703097171867537, 0.9835539862599381, 1.2530670393012195, 0.8951476053942589, 0.3028580886636286, 0.02703295508203899]","[-1.2229054816754512, 1.4479806758629985, 1.8370311298992252, 1.3607520552491237, 0.4860410560726341, 0.025076683981305754]",1.2530670393012195,1.8370311298992252,0.10721481701804693,-0.058976805842728186,0.021870145584023466,True,True,-0.021343727095923803,0.017118123320534136,-0.0026632985149256123,nan,-0.0026632985149256123,0.02527203029906211,-0.009520331439430912,0.008105774867711121,nan,0.008105774867711121,0.03206224167837313,-0.00425289501816446,0.010192096094349661,nan,0.010192096094349661,0.023749603667376995,0.0026767583620807625,0.008126330661904223,nan,0.008126330661904223,0.008483016728337844,0.4514461739622078,0.003197145914860612,nan,0.003197145914860612,0.00043767070095590555,0.0014089878960062419,-3.4143371769408635e-05,nan,-3.4143371769408635e-05
16.352,35.113928402000056,ABORT,TAKEOFF_TRANSITION,ACTIVE_ARM_PROFILE,0.006856172077702202,0.006937898538243942,0.10165433822964165,0.012554794549942017,0.009515095502138138,-0.10128428786993027,0.03492195904254913,0.008152409456670284,-0.10103965550661087,-0.01753830641457022,0.02904818653245744,-0.058976805842728186,0.008764056488871574,-0.005277901887893677,-0.0016219075769186013,0.20303497778819707,0.20303497778819707,1.1013969505213757,0.16676833240654973,0.20303497778819707,"[-1.0705151973869467, 0.9841793672426563, 1.2538533852305682, 0.8957745723083632, 0.30310475653767643, 0.027030320834759865]","[-1.2229054816754512, 1.4479806758629985, 1.8370311298992252, 1.3607520552491237, 0.4860410560726341, 0.025076683981305754]",1.2538533852305682,1.8370311298992252,0.10721481701804693,-0.058976805842728186,0.021883869909550255,True,True,-0.021343727095923803,0.017118123320534136,-0.002659712208884589,nan,-0.002659712208884589,0.02527203029906211,-0.009520331439430912,0.00809485991048333,nan,0.00809485991048333,0.03206224167837313,-0.00425289501816446,0.010178371768822872,nan,0.010178371768822872,0.023749603667376995,0.0026767583620807625,0.008115388024952035,nan,0.008115388024952035,0.008483016728337844,0.4514461739622078,0.0031928407482995826,nan,0.0031928407482995826,0.00043767070095590555,0.0014089878960062419,-3.4097395481076214e-05,nan,-3.4097395481076214e-05
16.366,35.19099329300025,ABORT,TAKEOFF_TRANSITION,ACTIVE_ARM_PROFILE,0.006856172077702202,0.006937898538243942,0.10165433822964165,0.012417199090123177,0.009516117163002491,-0.10143129527568817,0.035570379346609116,0.007986096665263176,-0.10168856382369995,-0.017408566605173544,0.029053678641479636,-0.05905826458338961,0.008764056488871574,-0.005277901887893677,-0.0016219075769186013,0.20317811587120074,0.20317811587120074,1.1015423920720364,0.16691084954167845,0.20317811587120074,"[-1.0541476704862285, 0.9922881076691973, 1.2626133847969736, 0.9012326875511983, 0.6059661684727944, 0.02431266897683284]","[-1.2036700664984616, 1.4473609704983799, 1.8348160950352772, 1.357459589847779, 0.7854597231425509, 0.022395798327039754]",1.2626133847969736,1.8348160950352772,0.10802589337439104,-0.0590582645833896,0.022036760744457304,True,True,-0.02100800576809725,0.025726822064785507,-0.0026096581158843073,nan,-0.0026096581158843073,0.02526121440005724,-0.015529555170709496,0.007942519792845753,nan,0.007942519792845753,0.03202358202695077,-0.01653678040427942,0.009986821282493466,nan,0.009986821282493466,0.023692139305615534,-0.018362593065708206,0.007962661581249812,nan,0.007962661581249812,0.013708858310640615,0.5663733396012269,0.0031327535150956947,nan,0.0031327535150956947,0.0003908804194194815,-0.020485624635505552,-3.3455704173732505e-05,nan,-3.3455704173732505e-05
16.371,35.26532471599967,ABORT,TAKEOFF_TRANSITION,ACTIVE_ARM_PROFILE,0.006856172077702202,0.006937898538243942,0.10165433822964165,0.012417199090123177,0.009516117163002491,-0.10143129527568817,0.035570379346609116,0.007986096665263176,-0.10168856382369995,-0.017408566605173544,0.029053678641479636,-0.05905826458338961,0.0020252761896699667,-0.0042603015899658194,0.0040217405185103425,0.20317811587120074,0.20317811587120074,1.1015423920720364,0.16691084954167845,0.20317811587120074,"[-1.0551678577801413, 0.9953930575953932, 1.2665175085275735, 0.9043455114576988, 0.6071908481776215, 0.024299590219849617]","[-1.2036700664984616, 1.4473609704983799, 1.8348160950352772, 1.357459589847779, 0.7854597231425509, 0.022395798327039754]",1.2665175085275735,1.8348160950352772,0.10802589337439104,-0.0590582645833896,0.022104900557961518,True,True,-0.02100800576809725,0.025726822064785507,-0.0025918524886185193,nan,-0.0025918524886185193,0.02526121440005724,-0.015529555170709496,0.007888328193524079,nan,0.007888328193524079,0.03202358202695077,-0.01653678040427942,0.009918681468989252,nan,0.009918681468989252,0.023692139305615534,-0.018362593065708206,0.007908332555046586,nan,0.007908332555046586,0.013708858310640615,0.5663733396012269,0.0031113788219641085,nan,0.0031113788219641085,0.0003908804194194815,-0.020485624635505552,-3.322743680230708e-05,nan,-3.322743680230708e-05
16.391,35.34467319699979,ABORT,TAKEOFF_TRANSITION,ACTIVE_ARM_PROFILE,0.006856172077702202,0.006937898538243942,0.10165433822964165,0.01229405403137207,0.009545118547976017,-0.10162390023469925,0.0362820141017437,0.008903305977582932,-0.10171540826559067,-0.017388976907302775,0.029068241119592865,-0.059061823252198616,0.0012220969656482339,-0.0014083990827202803,-0.005172930657863617,0.20336767292145191,0.20336767292145191,1.1017338474517935,0.1670998923944086,0.20336767292145191,"[-1.0422783513957292, 1.0106532103450434, 1.2844650164091669, 0.9208060592620121, 0.5001544849249138, 0.0060298181908254945]","[-1.1867218029680902, 1.4502682564989646, 1.8372312686241068, 1.3615359447200606, 0.6735510413135015, 0.0041780593890790646]",1.2844650164091669,1.8372312686241068,0.10835902215895722,-0.059061823252198616,0.022418143663022954,True,True,-0.02071220276699659,0.018259258534012692,-0.002521013812882681,nan,-0.002521013812882681,0.025311956113064582,0.009791115251972985,0.007672729996692759,nan,0.007672729996692759,0.03206573475808305,0.010780401925561511,0.0096475910950601,nan,0.0096475910950601,0.023763285119616562,0.014005018363754403,0.007692187613180423,nan,0.007692187613180423,0.011755683351156954,0.6754033407064265,0.003026340820600864,nan,0.003026340820600864,7.292089268329249e-05,0.0035311581657520782,-3.2319288043260115e-05,nan,-3.2319288043260115e-05
16.392,35.42050964699956,ABORT,TAKEOFF_TRANSITION,ACTIVE_ARM_PROFILE,0.006856172077702202,0.006937898538243942,0.10165433822964165,0.01229405403137207,0.009545118547976017,-0.10162390023469925,0.0362820141017437,0.008903305977582932,-0.10171540826559067,-0.017388976907302775,0.029068241119592865,-0.059061823252198616,0.0012220969656482339,-0.0014083990827202803,-0.005172930657863617,0.20336767292145191,0.20336767292145191,1.1017338474517935,0.1670998923944086,0.20336767292145191,"[-1.042480348033462, 1.0112679890716187, 1.285238031199274, 0.9214223970332419, 0.500396970970516, 0.006027228602666439]","[-1.1867218029680902, 1.4502682564989646, 1.8372312686241068, 1.3615359447200606, 0.6735510413135015, 0.0041780593890790646]",1.285238031199274,1.8372312686241068,0.10835902215895722,-0.059061823252198616,0.022431635316276934,True,True,-0.02071220276699659,0.018259258534012692,-0.002517488306476286,nan,-0.002517488306476286,0.025311956113064582,0.009791115251972985,0.0076620000837427996,nan,0.0076620000837427996,0.03206573475808305,0.010780401925561511,0.00963409944180612,nan,0.00963409944180612,0.023763285119616562,0.014005018363754403,0.007681430489768059,nan,0.007681430489768059,0.011755683351156954,0.6754033407064265,0.0030221086407149628,nan,0.0030221086407149628,7.292089268329249e-05,0.0035311581657520782,-3.227409120361395e-05,nan,-3.227409120361395e-05
16.424,35.50402212799963,ABORT,TAKEOFF_TRANSITION,ACTIVE_ARM_PROFILE,0.006856172077702202,0.006937898538243942,0.10165433822964165,0.012249934487044811,0.009569043293595314,-0.10191299766302109,0.0361022874712944,0.008249354548752308,-0.10087472200393677,-0.01737003082127364,0.029101287338261235,-0.05918776416218498,0.00014140078565105796,-0.004380722530186175,0.005930418148636819,0.2036557778166095,0.2036557778166095,1.1020226322100635,0.1673878039434568,0.2036557778166095,"[-1.0168879851311137, 1.0282792596325452, 1.3064452932120876, 0.9430924044687835, 0.6527022279152481, 0.009949687741440345]","[-1.1547146577473015, 1.4477560748418037, 1.833889995259651, 1.3636329895486523, 0.8181556988063937, 0.008182755759725742]",1.3064452932120876,1.833889995259651,0.10745760350250942,-0.05918776416218498,0.022801771863733653,True,True,-0.02015357269872986,0.01058839879202848,-0.002405529234220785,nan,-0.002405529234220785,0.02526811027173892,-0.014760825555791952,0.00732125156118139,nan,0.00732125156118139,0.03200741853666411,-0.016008335989589947,0.00920564667293046,nan,0.00920564667293046,0.02379988545643741,-0.014965632168966694,0.007339817847907052,nan,0.007339817847907052,0.01427951073812661,0.5279419915814665,0.002887707825903087,nan,0.002887707825903087,0.0001428160298937442,-0.005789655434739189,-3.083878073970809e-05,nan,-3.083878073970809e-05
16.431,35.57973028499964,ABORT,TAKEOFF_TRANSITION,ACTIVE_ARM_PROFILE,0.006856172077702202,0.006937898538243942,0.10165433822964165,0.012226724997162819,0.009610743261873722,-0.1022351086139679,0.035600244998931885,0.007868528366088867,-0.10197068005800247,-0.017377721469415096,0.029091814421393265,-0.05914081723967141,0.0013622076949104667,-0.0024967896752059455,0.003998257219791412,0.20397767885670834,0.20397767885670834,1.1023448162219696,0.16770961613585106,0.20397767885670834,"[-1.0182781793516265, 1.0325103292294073, 1.3117653851979727, 0.9473342038227965, 0.6543710809364423, 0.009931865511661503]","[-1.1547146577473015, 1.4477560748418037, 1.833889995259651, 1.3636329895486523, 0.8181556988063937, 0.008182755759725742]",1.3117653851979727,1.833889995259651,0.10829270877636879,-0.05914081723967141,0.022894624985396312,True,True,-0.02015357269872986,0.01058839879202848,-0.0023812657678306407,nan,-0.0023812657678306407,0.02526811027173892,-0.014760825555791952,0.0072474054658351154,nan,0.0072474054658351154,0.03200741853666411,-0.016008335989589947,0.0091127935512678,nan,0.0091127935512678,0.02379988545643741,-0.014965632168966694,0.007265784482970557,nan,0.007265784482970557,0.01427951073812661,0.5279419915814665,0.002858580845951395,nan,0.002858580845951395,0.0001428160298937442,-0.005789655434739189,-3.052772415002032e-05,nan,-3.052772415002032e-05
16.451,35.653056956,ABORT,TAKEOFF_TRANSITION,ACTIVE_ARM_PROFILE,0.006856172077702202,0.006937898538243942,0.10165433822964165,0.012244305573403835,0.009638890624046326,-0.1023746058344841,0.03561519458889961,0.007653606589883566,-0.10204408317804337,-0.017373197383450365,0.029124615643632907,-0.059133035328289014,0.00038163037970662117,8.585047908127286e-05,-0.0018217707984149456,0.20411794961917784,0.20411794961917784,1.102484740402411,0.16784997289930784,0.20411794961917784,"[-1.008171097242558, 1.0447589459805238, 1.3271736989514002, 0.963700173752496, 0.6498421417261702, 0.00883493650838999]","[-1.1406623740198998, 1.4479974321938254, 1.8342005369157002, 1.3679612503373064, 0.8088907582929756, 0.0071364040705649496]",1.3271736989514002,1.8342005369157002,0.10835134835840912,-0.059133035328289014,0.02316355079257395,True,True,-0.01990831408026228,0.017122121462067104,-0.002312409009935722,nan,-0.002312409009935722,0.02527232275220559,-0.0063562375803520735,0.007037839255179871,nan,0.007037839255179871,0.032012838511026764,-0.005856071965547679,0.008849287718452815,nan,0.008849287718452815,0.023875427858084386,-0.002166067582947297,0.007055686824061894,nan,0.007055686824061894,0.014117807021166051,0.622568057962545,0.0027759220298327544,nan,0.0027759220298327544,0.00012455374778408412,-0.0074502378535121015,-2.9644983491972828e-05,nan,-2.9644983491972828e-05
16.486,35.73239283800012,ABORT,TAKEOFF_TRANSITION,ACTIVE_ARM_PROFILE,0.006856172077702202,0.006937898538243942,0.10165433822964165,0.01237992849200964,0.009749618358910084,-0.10293322801589966,0.035374175757169724,0.00829262938350439,-0.10287419706583023,-0.017338679914370957,0.029176752002312675,-0.05927502880316328,0.0008582017035223544,-0.004214542917907238,0.0010949252173304562,0.20468143520004026,0.20468143520004026,1.1030457937679579,0.16841407778009113,0.20468143520004026,"[-0.9880519205618273, 1.065491598246745, 1.3527175197585035, 0.9914464253144991, 0.6421406154432454, 0.008251828260546282]","[-1.113738200216125, 1.4480190096985446, 1.8337025211764482, 1.3749439050042345, 0.7930202007765439, 0.006640535591511619]",1.3527175197585035,1.8337025211764482,0.10910178932781335,-0.05927502880316328,0.023609374569197338,True,True,-0.0194383985990072,0.008243118404058192,-0.0021936394045498527,nan,-0.0021936394045498527,0.025272699350707306,-0.004128743435268208,0.006676362808964966,nan,0.006676362808964966,0.032004146496650066,-0.0032726613316300434,0.008394771927452728,nan,0.008394771927452728,0.02399729817255203,0.001402048516188071,0.006693293693685962,nan,0.006693293693685962,0.013840813538377184,0.6222537386982233,0.0026333455381098037,nan,0.0026333455381098037,0.00011589921016774696,-0.0065469717735015046,-2.8122362287902138e-05,nan,-2.8122362287902138e-05
16.513,35.809203441000136,ABORT,TAKEOFF_TRANSITION,ACTIVE_ARM_PROFILE,0.006856172077702202,0.006937898538243942,0.10165433822964165,0.012526057660579681,0.009828940965235233,-0.10338324308395386,0.03517308086156845,0.007919032126665115,-0.10212082415819168,-0.017353404260121642,0.029110320585073658,-0.059272114825663344,0.006211994215846062,-0.0037801447324454784,-0.00045670851250179063,0.2051363338849724,0.2051363338849724,1.1034981156846069,0.16886963569690186,0.2051363338849724,"[-0.9798651154126017, 1.0810625867914019, 1.3720188752175306, 1.010408477442862, 0.6379179156265602, 0.008102189322005151]","[-1.1003921034007544, 1.4478876440053046, 1.8332599402552936, 1.3781637825977728, 0.7826040501763479, 0.0065570385489828135]",1.3720188752175306,1.8332599402552936,0.10829828906250501,-0.059272114825663344,0.02394624677205514,True,True,-0.019205465267289057,0.008353675614833937,-0.002103592777904924,nan,-0.002103592777904924,0.025270406586836103,-0.006493934125419337,0.0064023050271991774,nan,0.0064023050271991774,0.03199642200236941,-0.0060362447666470285,0.008050175230314267,nan,0.008050175230314267,0.024053495638070466,-0.0018631899424913952,0.006418540916629665,nan,0.006418540916629665,0.01365901741502018,0.5961455158615481,0.0025252494298773197,nan,0.0025252494298773197,0.00011444191185994157,-0.007310327408145648,-2.696796842897536e-05,nan,-2.696796842897536e-05
16.552,35.91434638099963,ABORT,TAKEOFF_TRANSITION,ACTIVE_ARM_PROFILE,0.006856172077702202,0.006937898538243942,0.10165433822964165,0.01262681931257248,0.009944180957973003,-0.10404180735349655,0.02863580361008644,0.007559267804026604,-0.0917302817106247,-0.017310037468946098,0.029027371633044696,-0.0593528683676567,0.008820469491183758,-0.04604283347725868,0.004571335390210158,0.2057990340386856,0.2057990340386856,1.1041587909740394,0.16953283618547402,0.2057990340386856,"[-0.9586080457392049, 1.11019764294121, 1.4062642253971869, 1.0448807919791758, -0.6388064658929495, -0.0007217300616905248]","[-1.0718290624776103, 1.4547869057788752, 1.8395462912380223, 1.3903439140201432, -0.5028907549379318, -0.0021732185992860867]",1.4062642253971869,1.8395462912380223,0.09639292692329142,-0.05935286836765669,0.024543940886188574,True,True,-0.01870694615879831,0.02508509976398213,-0.0019760795245407827,nan,-0.0019760795245407827,0.025390821420741894,0.015533200373694305,0.0060142172035373975,nan,0.0060142172035373975,0.032106139524954,0.015722183225808484,0.007562198638765429,nan,0.007562198638765429,0.024266079034716448,0.01259200479070494,0.006029468923833874,nan,0.006029468923833874,-0.008777099451506842,-0.44118563745917927,0.0023721766613539847,nan,0.0023721766613539847,-3.79298199231215e-05,-0.004301503918123062,-2.533325403600005e-05,nan,-2.533325403600005e-05
16.584,36.00338289599949,ABORT,TAKEOFF_TRANSITION,ACTIVE_ARM_PROFILE,0.006856172077702202,0.006937898538243942,0.10165433822964165,0.011949067935347557,0.009933183901011944,-0.10325092077255249,0.02531697414815426,0.007841333746910095,-0.027218066155910492,-0.01624327002473882,0.025659714279406408,-0.05864616186409642,0.05286112800240517,-0.15415652096271515,0.03537628799676897,0.20499042536025308,0.20499042536025308,1.103360341208809,0.16872158643835544,0.20499042536025308,"[-0.8636845147026747, 1.20548144710821, 1.5253208267269551, 1.1498012357376204, -1.1299607438408987, 0.008097899320763284]","[-0.9710462745400903, 1.5322380047251347, 1.9361802805167205, 1.4773864298093247, -1.0010787541004331, 0.0067215262032161395]",1.5253208267269551,1.9361802805167205,0.037990246382673835,-0.05864616186409642,0.026621870575627288,True,True,-0.016947954679949362,0.07038655389024698,-0.0018738161998983153,nan,-0.0018738161998983153,0.026742598106642035,0.04883980609736266,0.005702977782897894,nan,0.005702977782897894,0.03379272080720419,0.05659601874240999,0.007170850231576903,nan,0.007170850231576903,0.025785257524456817,0.04961596462437792,0.005717440217335851,nan,0.005717440217335851,-0.017472120330815244,-1.0662368023783055,0.002249415067492675,nan,0.002249415067492675,0.00011731276300519511,-0.004026466652166081,-2.4022242637136628e-05,nan,-2.4022242637136628e-05
16.606,36.08146253799987,ABORT,TAKEOFF_TRANSITION,ACTIVE_ARM_PROFILE,0.006856172077702202,0.006937898538243942,0.10165433822964165,0.011701398529112339,0.009945015422999859,-0.1022290587425232,0.024070894345641136,0.007253148127347231,0.000827352050691843,-0.01410499312424778,0.0213373296785561,-0.05733752187462219,0.1137356162071228,-0.22878068685531616,0.06810276955366137,0.20396313032563848,0.20396313032563848,1.1023360304352432,0.1676935386145584,0.20396313032563848,"[-0.8046434008116662, 1.26001817534308, 1.5918917154147492, 1.2096989877215736, -0.9527049984199709, 0.006949262394662831]","[-0.9080506902274063, 1.5747392638680169, 1.987617926605494, 1.5252181914211276, -0.828570136680082, 0.005623585416884369]",1.5918917154147492,1.987617926605494,0.02515354097879746,-0.05733752187462219,0.027783751769207943,True,True,-0.015848474319475336,0.03531941169421619,-0.001804797670867349,nan,-0.001804797670867349,0.02748438501492867,0.03457395149148415,0.005492919220220695,nan,0.005492919220220695,0.03469047709092887,0.03834339950633062,0.00690672532172093,nan,0.00690672532172093,0.026620079251611806,0.03399626665380129,0.005506848957827888,nan,0.005506848957827888,-0.014461276968766867,-0.9074072928360158,0.0021665620538690008,nan,0.0021665620538690008,9.815008129177016e-05,-0.004278724364401271,-2.3137428080121866e-05,nan,-2.3137428080121866e-05
16.616,36.161171601000206,ABORT,TAKEOFF_TRANSITION,ACTIVE_ARM_PROFILE,0.006856172077702202,0.006937898538243942,0.10165433822964165,0.011701398529112339,0.009945015422999859,-0.1022290587425232,0.024070894345641136,0.007253148127347231,0.000827352050691843,-0.01410499312424778,0.0213373296785561,-0.05733752187462219,0.13468587398529053,-0.24494127929210663,0.09156154096126559,0.20396313032563848,0.20396313032563848,1.1023360304352432,0.1676935386145584,0.20396313032563848,"[-0.8064204830969218, 1.2654267425183154, 1.5986923775701134, 1.2151212707223222, -0.9505717071885016, 0.0069264802766275165]","[-0.9080506902274063, 1.5747392638680169, 1.987617926605494, 1.5252181914211276, -0.828570136680082, 0.005623585416884369]",1.5986923775701134,1.987617926605494,0.02515354097879746,-0.05733752187462219,0.02790244571513482,True,True,-0.015848474319475336,0.03531941169421619,-0.0017737817339107727,nan,-0.0017737817339107727,0.02748438501492867,0.03457395149148415,0.005398521915197546,nan,0.005398521915197546,0.03469047709092887,0.03834339950633062,0.006788031375794052,nan,0.006788031375794052,0.026620079251611806,0.03399626665380129,0.005412212266489906,nan,0.005412212266489906,-0.014461276968766867,-0.9074072928360158,0.0021293290979759348,nan,0.0021293290979759348,9.815008129177016e-05,-0.004278724364401271,-2.273980510982763e-05,nan,-2.273980510982763e-05
16.646,36.2392815409994,ABORT,TAKEOFF_TRANSITION,ACTIVE_ARM_PROFILE,0.006856172077702202,0.006937898538243942,0.10165433822964165,0.011070089414715767,0.009899407625198364,-0.098066046833992,0.01872100494801998,0.0028252145275473595,0.04962844401597977,-0.008508004182165784,0.011733621991703845,-0.0531495963101012,0.14694641530513763,-0.24786233901977536,0.12026156485080722,0.19978678596283939,0.19978678596283939,1.0981664665981248,0.16351550330450276,0.19978678596283939,"[-0.7373023978628177, 1.3391923719821974, 1.686198223913779, 1.2968267535049498, -0.8479485475376056, 0.006228688344485865]","[-0.8336797517718499, 1.6325177835927518, 2.055021788698231, 1.5908960220435682, -0.7322527434028053, 0.0049931348358474]",1.686198223913779,2.055021788698231,0.05311723184464427,-0.0531495963101012,0.029429710848576027,True,True,-0.014550456575627813,0.021579666538707076,-0.0016821021500724401,nan,-0.0016821021500724401,0.028492810421053782,0.02443258742278498,0.005119494212371779,nan,0.005119494212371779,0.03586689641300733,0.02583325915906831,0.006437185564431305,nan,0.006437185564431305,0.027766373641540554,0.02465362548270361,0.0051324769649302646,nan,0.0051324769649302646,-0.01278022132914014,-0.761119719289368,0.0020192727128947336,nan,0.0020192727128947336,8.714664288156371e-05,-0.004172699138237854,-2.1564476810309428e-05,nan,-2.1564476810309428e-05
16.646,36.31191334399955,ABORT,TAKEOFF_TRANSITION,ACTIVE_ARM_PROFILE,0.006856172077702202,0.006937898538243942,0.10165433822964165,0.011070089414715767,0.009899407625198364,-0.098066046833992,0.01872100494801998,0.0028252145275473595,0.04962844401597977,-0.008508004182165784,0.011733621991703845,-0.0531495963101012,0.14694641530513763,-0.24786233901977536,0.12026156485080722,0.19978678596283939,0.19978678596283939,1.0981664665981248,0.16351550330450276,0.19978678596283939,"[-0.7373023978628177, 1.3391923719821974, 1.686198223913779, 1.2968267535049498, -0.8479485475376056, 0.006228688344485865]","[-0.8336797517718499, 1.6325177835927518, 2.055021788698231, 1.5908960220435682, -0.7322527434028053, 0.0049931348358474]",1.686198223913779,2.055021788698231,0.05311723184464427,-0.0531495963101012,0.029429710848576027,True,True,-0.014550456575627813,0.021579666538707076,-0.0016821021500724401,nan,-0.0016821021500724401,0.028492810421053782,0.02443258742278498,0.005119494212371779,nan,0.005119494212371779,0.03586689641300733,0.02583325915906831,0.006437185564431305,nan,0.006437185564431305,0.027766373641540554,0.02465362548270361,0.0051324769649302646,nan,0.0051324769649302646,-0.01278022132914014,-0.761119719289368,0.0020192727128947336,nan,0.0020192727128947336,8.714664288156371e-05,-0.004172699138237854,-2.1564476810309428e-05,nan,-2.1564476810309428e-05
16.687,36.38793318500029,ABORT,TAKEOFF_TRANSITION,ACTIVE_ARM_PROFILE,0.006856172077702202,0.006937898538243942,0.10165433822964165,0.010343536734580994,0.009734120219945908,-0.09275670349597931,0.009853766299784184,-0.0009016261319629848,0.0584368035197258,-0.003682289189839928,0.0035379267641496835,-0.04765507221217056,0.10236617922782898,-0.1879315227270126,0.14598950743675235,0.19446242236685315,0.19446242236685315,1.092849008273346,0.15818936053406565,0.19446242236685315,"[-0.688701722310068, 1.3947188227919696, 1.7508919646644343, 1.359533941446051, -0.7385620398418139, 0.0058594338180401094]","[-0.7780960729711408, 1.6667913962729475, 2.0929924866763616, 1.6322964758397531, -0.6312489536721818, 0.00471340210901438]",1.7508919646644343,2.0929924866763616,0.059268622774412756,-0.04765507221217056,0.03055882963010659,True,True,-0.013580338370184464,0.015993730252246846,-0.001560225751718088,nan,-0.001560225751718088,0.029090997808876473,0.0067326438776199315,0.004748562211617274,nan,0.004748562211617274,0.03652961011200606,0.008694560043858462,0.00597078048189947,nan,0.00597078048189947,0.028488947872103765,0.012879544226623324,0.004760604301254377,nan,0.004760604301254377,-0.011017372641348722,0.8323313484757833,0.0018729666841364716,nan,0.0018729666841364716,8.226438577274564e-05,0.005199161494724269,-2.0002026654756584e-05,nan,-2.0002026654756584e-05
16.708,36.465225863999876,ABORT,TAKEOFF_TRANSITION,ACTIVE_ARM_PROFILE,0.006856172077702202,0.006937898538243942,0.10165433822964165,0.009792568162083626,0.009547586552798748,-0.08957386761903763,0.003769524162635207,-0.004336618818342686,0.049016695469617844,-0.002030183467997637,0.00045772972346711514,-0.04461131572692084,0.07896425575017929,-0.1537201404571533,0.154996931552887,0.1912685536244851,0.1912685536244851,1.0896597009151527,0.15499425605997372,0.1912685536244851,"[-0.6681622606807697, 1.4156077108201237, 1.7746087061776612, 1.383232236091713, -0.7331723576968738, 0.00549427437365995]","[-0.7540703613356073, 1.677069848585867, 2.1033678040595687, 1.6453574272953961, -0.6300443262265751, 0.004392936238928243]",1.7746087061776612,2.1033678040595687,0.04935232527398835,-0.04461131572692085,0.030972764857356824,True,True,-0.013161010597009692,0.0252288062943532,-0.0014993792105616136,nan,-0.0014993792105616136,0.029270390643746147,0.010845174370254035,0.004563375173315232,nan,0.004563375173315232,0.036710693561282426,0.009313548019270854,0.005737928703925602,nan,0.005737928703925602,0.02871690447844788,0.010020332194053738,0.004574947638923948,nan,0.004574947638923948,-0.010996347926162997,-0.6321737051999979,0.0017999237002570417,nan,0.0017999237002570417,7.667120119947413e-05,-0.003806355314353055,-1.9221976628841205e-05,nan,-1.9221976628841205e-05
16.715,36.541374698000254,ABORT,TAKEOFF_TRANSITION,ACTIVE_ARM_PROFILE,0.006856172077702202,0.006937898538243942,0.10165433822964165,0.009792568162083626,0.009547586552798748,-0.08957386761903763,0.003769524162635207,-0.004336618818342686,0.049016695469617844,-0.002030183467997637,0.00045772972346711514,-0.04461131572692084,0.059172917157411575,-0.12076345086097716,0.1590133905410767,0.1912685536244851,0.1912685536244851,1.0896597009151527,0.15499425605997372,0.1912685536244851,"[-0.6453879329054307, 1.4268056050790865, 1.7864169662553913, 1.3974511460768047, -0.7017380886480094, 0.005507979965807635]","[-0.7301478623441994, 1.6847732726099371, 2.1107821626270624, 1.656073005263454, -0.5999883746635063, 0.004421361336405683]",1.7864169662553913,2.1107821626270624,0.04935232527398835,-0.04461131572692085,0.031178857874645013,True,True,-0.012743484224304602,0.02481611875612219,-0.0014793398424645821,nan,-0.0014793398424645821,0.029404840756643402,0.0028891744209772335,0.004502385162103415,nan,0.004502385162103415,0.03684009853020864,0.0038014268063939483,0.005661240655563629,nan,0.005661240655563629,0.028903926595244656,0.007972242865145876,0.004513802960436176,nan,0.004513802960436176,-0.01047177261156751,0.8131484158816447,0.0017758675219920975,nan,0.0017758675219920975,7.71673127406558e-05,0.004779504537541418,-1.896507279657212e-05,nan,-1.896507279657212e-05
16.765,36.61840048999966,ABORT,TAKEOFF_TRANSITION,ACTIVE_ARM_PROFILE,0.006856172077702202,0.006937898538243942,0.10165433822964165,0.008626027964055538,0.009096873924136162,-0.08512305468320847,-0.007436361629515886,-0.009801658801734447,0.026525968685746193,9.310486341309632e-05,-0.0036038934883312044,-0.03830436393825941,0.025582868605852127,-0.048704273998737314,0.14919275045394897,0.18679825499157252,0.18679825499157252,1.085195468696145,0.15052224542195744,0.18679825499157252,"[-0.6108644260726653, 1.4648906692465193, 1.8298296011611865, 1.44067472926563, -0.7203217313753149, 0.005358196762930825]","[-0.6876301175123869, 1.6985277958725373, 2.1236018912436188, 1.6749043466490616, -0.6281686680170337, 0.0043740639189130265]",1.8298296011611865,2.1236018912436188,0.029240366007759585,-0.03830436393825941,0.03193655129071736,True,True,-0.012001409586466671,0.013195001525596287,-0.0013398140681931672,nan,-0.0013398140681931672,0.02964490247461793,0.009260556978079924,0.004077737114522927,nan,0.004077737114522927,0.03706384500377968,0.007650889108487772,0.0051272937130623225,nan,0.0051272937130623225,0.029232595504990577,0.008772105353272205,0.004088078029027428,nan,0.004088078029027428,-0.010963611514764438,-0.6523348383644855,0.0016083743714009491,nan,0.0016083743714009491,7.634181707771859e-05,-0.0035520595598809712,-1.7176358405126364e-05,nan,-1.7176358405126364e-05
16.803,36.68852261400025,ABORT,TAKEOFF_TRANSITION,ACTIVE_ARM_PROFILE,0.006856172077702202,0.006937898538243942,0.10165433822964165,0.006326401140540838,0.00811471976339817,-0.08131890743970871,-0.01858515292406082,-0.017141040414571762,0.010770400054752827,0.0007747538703971956,-0.004813712218776416,-0.03240983809946921,-0.009332270361483097,0.021836273372173327,0.13532452285289764,0.18297779700340225,0.18297779700340225,1.0813678613750433,0.14670392450611056,0.18297779700340225,"[-0.5758635520888149, 1.4992842572272633, 1.8693219538598438, 1.4801588007225428, -0.7527281649618396, 0.005411903277982583]","[-0.6468027937622141, 1.7151885274651737, 2.1407971805171804, 1.6966105921804293, -0.667569439626181, 0.004502465267965728]",1.8693219538598438,2.1407971805171804,0.02748135173247722,-0.03240983809946921,0.032625822874667795,True,True,-0.011288838362248477,0.022815144188063602,-0.0012381233360687872,nan,-0.0012381233360687872,0.02993568709670047,0.011473441644226104,0.003768240384767134,nan,0.003768240384767134,0.0373639594174362,0.010671503845824132,0.0047381365427684,nan,0.0047381365427684,0.02961144095775925,0.01026474230902015,0.003777796432780256,nan,0.003777796432780256,-0.011651284707170362,-0.6558191597547335,0.0014863001439087559,nan,0.0014863001439087559,7.858284338269073e-05,-0.003899317193377369,-1.587268761757929e-05,nan,-1.587268761757929e-05
16.824,36.7639612819994,ABORT,TAKEOFF_TRANSITION,ACTIVE_ARM_PROFILE,0.006856172077702202,0.006937898538243942,0.10165433822964165,0.005332640837877989,0.007653561420738697,-0.07997764647006989,-0.023969616740942,-0.020026152953505516,0.007412061560899019,0.0005687348729206762,-0.004386811071736586,-0.029650269010988925,-0.02610619366168976,0.052932735532522215,0.14020735025405884,0.18163978415192072,0.18163978415192072,1.0800179308399274,0.14536950720015424,0.18163978415192072,"[-0.5584740337792427, 1.518357298758534, 1.8918788539337656, 1.5019781044066758, -0.7407035133598926, 0.005616047969887806]","[-0.6262882246342727, 1.7247504465135919, 2.151394918648854, 1.7088946537041352, -0.6592962426214891, 0.004746672976198978]",1.8918788539337656,2.151394918648854,0.032101837726326535,-0.029650269010988925,0.033019515050001086,True,True,-0.010930791586337918,0.023619545936173575,-0.0011835809099961028,nan,-0.0011835809099961028,0.03010257406690453,0.005602106364436685,0.0036022399818808996,nan,0.0036022399818808996,0.037548924841098064,0.008007373181668054,0.004529409791096974,nan,0.004529409791096974,0.02982583827686547,0.010465545140444177,0.003611375062105824,nan,0.003611375062105824,-0.011506890179772356,0.9808308570707586,0.0014208249094475756,nan,0.0014208249094475756,8.28450719501106e-05,0.004035648353657939,-1.5173456074374988e-05,nan,-1.5173456074374988e-05
16.832,36.83977743200012,ABORT,TAKEOFF_TRANSITION,ACTIVE_ARM_PROFILE,0.006856172077702202,0.006937898538243942,0.10165433822964165,0.003765022847801447,0.006913992576301098,-0.07805970311164856,-0.029924778267741203,-0.022929301485419273,0.006021344102919102,4.946789777918074e-05,-0.003325014191902707,-0.026831944698858246,-0.03798984736204147,0.06337057054042818,0.12173704802989958,0.17974062543085662,0.17974062543085662,1.0780884482098698,0.14347961960073397,0.17974062543085662,"[-0.5596465049426075, 1.5219257261187635, 1.8963657481733338, 1.5055555811002024, -0.7392960251007897, 0.00560101694028473]","[-0.6262882246342727, 1.7247504465135919, 2.151394918648854, 1.7088946537041352, -0.6592962426214891, 0.004746672976198978]",1.8963657481733338,2.151394918648854,0.03817724198771416,-0.026831944698858246,0.033097826127670316,True,True,-0.010930791586337918,0.023619545936173575,-0.0011631174278106974,nan,-0.0011631174278106974,0.03010257406690453,0.005602106364436685,0.003539959175326648,nan,0.003539959175326648,0.037548924841098064,0.008007373181668054,0.0044510987134277515,nan,0.0044510987134277515,0.02982583827686547,0.010465545140444177,0.0035489363148904253,nan,0.0035489363148904253,-0.011506890179772356,0.9808308570707586,0.001396259605143068,nan,0.001396259605143068,8.28450719501106e-05,0.004035648353657939,-1.4911115117836562e-05,nan,-1.4911115117836562e-05
16.852,36.91117439499976,ABORT,TAKEOFF_TRANSITION,ACTIVE_ARM_PROFILE,0.006856172077702202,0.006937898538243942,0.10165433822964165,0.002673902316018939,0.006393620744347572,-0.07686353474855423,-0.03458934277296066,-0.0246510598808527,0.0048544323071837425,-0.0007022187654605359,-0.0019936048018295116,-0.024347559461537566,-0.044117044657468796,0.08833940327167512,0.12322611361742018,0.1785676863022414,0.1785676863022414,1.0768858345298116,0.14231585784515463,0.1785676863022414,"[-0.54299276056393, 1.5407897372934758, 1.9185490597015442, 1.5269739677447718, -0.744371410139266, 0.005682278820967609]","[-0.6067472539897333, 1.7348271565382216, 2.1625291917824274, 1.721503455091686, -0.667837586736444, 0.004864948972733033]",1.9185490597015442,2.1625291917824274,0.0427511742498353,-0.02434755946153757,0.033484997952833204,True,True,-0.010589737309555147,0.02286080918070467,-0.0011127258232213472,nan,-0.0011127258232213472,0.03027844583460304,0.005206480250722151,0.003386591837893426,nan,0.003386591837893426,0.037743254567095263,0.007608495203431098,0.00425825661426206,nan,0.00425825661426206,0.03004590337580826,0.010235376341536734,0.0033951800464202993,nan,0.0033951800464202993,-0.01165596475712416,0.886148191375474,0.0013357672075191337,nan,0.0013357672075191337,8.490937751570726e-05,0.0050235448281793355,-1.4265096926518908e-05,nan,-1.4265096926518908e-05
16.852,36.9853157259995,ABORT,TAKEOFF_TRANSITION,ACTIVE_ARM_PROFILE,0.006856172077702202,0.006937898538243942,0.10165433822964165,0.002673902316018939,0.006393620744347572,-0.07686353474855423,-0.03458934277296066,-0.0246510598808527,0.0048544323071837425,-0.0007022187654605359,-0.0019936048018295116,-0.024347559461537566,-0.044117044657468796,0.08833940327167512,0.12322611361742018,0.1785676863022414,0.1785676863022414,1.0768858345298116,0.14231585784515463,0.1785676863022414,"[-0.54299276056393, 1.5407897372934758, 1.9185490597015442, 1.5269739677447718, -0.744371410139266, 0.005682278820967609]","[-0.6067472539897333, 1.7348271565382216, 2.1625291917824274, 1.721503455091686, -0.667837586736444, 0.004864948972733033]",1.9185490597015442,2.1625291917824274,0.0427511742498353,-0.02434755946153757,0.033484997952833204,True,True,-0.010589737309555147,0.02286080918070467,-0.0011127258232213472,nan,-0.0011127258232213472,0.03027844583460304,0.005206480250722151,0.003386591837893426,nan,0.003386591837893426,0.037743254567095263,0.007608495203431098,0.00425825661426206,nan,0.00425825661426206,0.03004590337580826,0.010235376341536734,0.0033951800464202993,nan,0.0033951800464202993,-0.01165596475712416,0.886148191375474,0.0013357672075191337,nan,0.0013357672075191337,8.490937751570726e-05,0.0050235448281793355,-1.4265096926518908e-05,nan,-1.4265096926518908e-05
16.854,37.06058370299979,ABORT,TAKEOFF_TRANSITION,ACTIVE_ARM_PROFILE,0.006856172077702202,0.006937898538243942,0.10165433822964165,0.002673902316018939,0.006393620744347572,-0.07686353474855423,-0.03458934277296066,-0.0246510598808527,0.0048544323071837425,-0.0007022187654605359,-0.0019936048018295116,-0.024347559461537566,-0.044117044657468796,0.08833940327167512,0.12322611361742018,0.1785676863022414,0.1785676863022414,1.0768858345298116,0.14231585784515463,0.1785676863022414,"[-0.5432780092779617, 1.5416578945219226, 1.9196406693306967, 1.5278443265716601, -0.7440289844758735, 0.005678621944791188]","[-0.6067472539897333, 1.7348271565382216, 2.1625291917824274, 1.721503455091686, -0.667837586736444, 0.004864948972733033]",1.9196406693306967,2.1625291917824274,0.0427511742498353,-0.02434755946153757,0.03350405013500839,True,True,-0.010589737309555147,0.02286080918070467,-0.0011077472939744152,nan,-0.0011077472939744152,0.03027844583460304,0.005206480250722151,0.00337143963583204,nan,0.00337143963583204,0.037743254567095263,0.007608495203431098,0.004239204432086873,nan,0.004239204432086873,0.03004590337580826,0.010235376341536734,0.0033799894192172997,nan,0.0033799894192172997,-0.01165596475712416,0.886148191375474,0.001329790752249609,nan,0.001329790752249609,8.490937751570726e-05,0.0050235448281793355,-1.4201272396902623e-05,nan,-1.4201272396902623e-05
16.886,37.1456521049995,ABORT,TAKEOFF_TRANSITION,ACTIVE_ARM_PROFILE,0.006856172077702202,0.006937898538243942,0.10165433822964165,-0.00025774602545425296,0.004985447973012924,-0.07399887591600418,-0.045058708637952805,-0.0299287848174572,0.006167182698845863,-0.0025691800862485486,0.0018655463983945487,-0.019629512045003017,-0.04903296381235123,0.0989951714873314,0.11128152906894682,0.17580805309679134,0.17580805309679134,1.0740104778787523,0.1395926051613805,0.17580805309679134,"[-0.5082699828327217, 1.57491148779106, 1.9588101309360983, 1.5659237287847905, -0.7517389573903082, 0.005582508259762644]","[-0.5672620191593848, 1.7544543226524094, 2.184564960773305, 1.745921874288551, -0.6809222063223688, 0.004826232905555129]",1.9588101309360983,2.184564960773305,0.05444312194584843,-0.019629512045003017,0.03418768620625615,True,True,-0.00990058995584242,0.012148266538520108,-0.0010296052663563704,nan,-0.0010296052663563704,0.030621004506131477,0.005086360490186667,0.0031336136166950045,nan,0.0031336136166950045,0.038127851289194936,0.007738982561651606,0.003940165082938783,nan,0.003940165082938783,0.030472085188925746,0.01082800865451164,0.003141560286524448,nan,0.003141560286524448,-0.011884334450269485,0.8795805367254905,0.0012359854717007516,nan,0.0012359854717007516,8.423365467002952e-05,0.0053671095224213095,-1.319949498260748e-05,nan,-1.319949498260748e-05
16.93,37.226919191999514,ABORT,TAKEOFF_TRANSITION,ACTIVE_ARM_PROFILE,0.006856172077702202,0.006937898538243942,0.10165433822964165,-0.0034128837287425995,0.003404978197067976,-0.07136905193328857,-0.05329735204577446,-0.0352521575987339,0.005805725231766701,-0.004955046584751121,0.006648120509287105,-0.015633689094695268,-0.0616689994931221,0.12292404472827913,0.08656745404005049,0.17336386179583838,0.17336386179583838,1.0713798985851388,0.1372081443958901,0.17336386179583838,"[-0.47382493721373137, 1.6113870949267626, 2.0024193426506285, 1.60688317775611, -0.7754633192615712, 0.005404136842188755]","[-0.526931048345927, 1.7730160593574542, 2.2056495043554527, 1.7689220242502322, -0.7117123032530727, 0.004723318794398595]",2.0024193426506285,2.2056495043554527,0.06416407714542433,-0.015633689094695268,0.03494881053487398,True,True,-0.009196681724621847,0.011956413362167247,-0.0009268764921868278,nan,-0.0009268764921868278,0.030944967926522793,0.010638820234706414,0.00282095759590437,nan,0.00282095759590437,0.03849584599598366,0.010179230263894445,0.003547035461109675,nan,0.003547035461109675,0.03087351353420953,0.009581787198154251,0.002828111387456103,nan,0.002828111387456103,-0.012421723018718467,-0.7239570549390442,0.0011126651308399124,nan,0.0011126651308399124,8.243746458358459e-05,-0.003930884701224602,-1.1882516540938392e-05,nan,-1.1882516540938392e-05
16.963,37.31177670499983,ABORT,TAKEOFF_TRANSITION,ACTIVE_ARM_PROFILE,0.006856172077702202,0.006937898538243942,0.10165433822964165,-0.005374344997107983,0.0023833203595131636,-0.0697285607457161,-0.05765640363097191,-0.03835403919219971,0.006596225779503584,-0.00618094393967253,0.009214700380324705,-0.013931279707842477,-0.06068318337202072,0.12756149470806122,0.07781460136175154,0.17187910807163584,0.17187910807163584,1.0697447160305047,0.135772411929066,0.17187910807163584,"[-0.43938332755547443, 1.6407412593880164, 2.0377937619856303, 1.6408298730285777, -0.7539212470225248, 0.005574912931464172]","[-0.4882837021968827, 1.7895700240077632, 2.224929118612694, 1.7900360591170263, -0.695218990349544, 0.004948012243581049]",2.0377937619856303,2.224929118612694,0.06956150800944823,-0.013931279707842477,0.03556621062325091,True,True,-0.008522158287163073,0.01172243682656119,-0.0008534725429513159,nan,-0.0008534725429513159,0.031233889113929436,0.0035955492171112213,0.0025975519642902276,nan,0.0025975519642902276,0.038832338743286954,0.006347184969416858,0.0032661281200360437,nan,0.0032661281200360437,0.03124202296101597,0.009264634841334302,0.002604139211586788,nan,0.002604139211586788,-0.012133860403990226,0.8743895055485981,0.0010245476572943273,nan,0.0010245476572943273,8.635910507948097e-05,0.005538116154258588,-1.0941481086577804e-05,nan,-1.0941481086577804e-05
16.971,37.391812750999634,ABORT,TAKEOFF_TRANSITION,ACTIVE_ARM_PROFILE,0.006856172077702202,0.006937898538243942,0.10165433822964165,-0.007086055353283882,0.0015102808829396963,-0.06841739267110825,-0.06035191938281059,-0.04031575471162796,0.006226891651749611,-0.007380555592178012,0.01187771031003683,-0.012357498274806674,-0.06264932453632355,0.1264074742794037,0.07816189527511595,0.17072855177364624,0.17072855177364624,1.068441958222787,0.13467189278710417,0.17072855177364624,"[-0.44037566428905617, 1.6437614458636574, 2.041591305253851, 1.6438577185291277, -0.7527300004100416, 0.005562191217459812]","[-0.4882837021968827, 1.7895700240077632, 2.224929118612694, 1.7900360591170263, -0.695218990349544, 0.004948012243581049]",2.041591305253851,2.224929118612694,0.07284564798805794,-0.012357498274806674,0.035632490256768304,True,True,-0.008522158287163073,0.01172243682656119,-0.0008361529996618296,nan,-0.0008361529996618296,0.031233889113929436,0.0035955492171112213,0.002544839766266089,nan,0.002544839766266089,0.038832338743286954,0.006347184969416858,0.00319984848651865,nan,0.00319984848651865,0.03124202296101597,0.009264634841334302,0.0025512933383604955,nan,0.0025512933383604955,-0.012133860403990226,0.8743895055485981,0.0010037564817032656,nan,0.0010037564817032656,8.635910507948097e-05,0.005538116154258588,-1.071944529070465e-05,nan,-1.071944529070465e-05
16.998,37.47007518200007,ABORT,TAKEOFF_TRANSITION,ACTIVE_ARM_PROFILE,0.006856172077702202,0.006937898538243942,0.10165433822964165,-0.009649712592363358,0.00016991532174870372,-0.06636203825473785,-0.06283537298440933,-0.04240218922495842,0.0051672207191586494,-0.008623650774994487,0.014457556223999277,-0.010816878312932042,-0.056551218032836914,0.11842097342014314,0.07110258191823958,0.1689608019408674,0.1689608019408674,1.0664057119385337,0.13299367043015622,0.1689608019408674,"[-0.408155120216534, 1.6688661890297427, 2.0718339354068758, 1.6730608754951661, -0.7516561520820941, 0.005415258188299542]","[-0.4527930721914649, 1.8047222289129015, 2.242657556354289, 1.8092614387386827, -0.6980707034346373, 0.004843001574644033]",2.0718339354068758,2.242657556354289,0.07597979941484131,-0.010816878312932042,0.0361603237274015,True,True,-0.00790272993996144,0.00950707430979806,-0.0007790792333096505,nan,-0.0007790792333096505,0.031498344978460935,0.0029702792168439657,0.0023711352046818512,nan,0.0023711352046818512,0.03914175835311262,0.005527094128186555,0.00298143462571112,nan,0.00298143462571112,0.031577569135359695,0.00842336563946347,0.0023771482716701334,nan,0.0023771482716701334,-0.012183632186647309,0.8876822273319153,0.0009352425100564651,nan,0.0009352425100564651,8.45263231568083e-05,0.005391737676579508,-9.987762074601772e-06,nan,-9.987762074601772e-06
17.001,37.55214792999959,ABORT,TAKEOFF_TRANSITION,ACTIVE_ARM_PROFILE,0.006856172077702202,0.006937898538243942,0.10165433822964165,-0.009649712592363358,0.00016991532174870372,-0.06636203825473785,-0.06283537298440933,-0.04240218922495842,0.0051672207191586494,-0.008623650774994487,0.014457556223999277,-0.010816878312932042,-0.056551218032836914,0.11842097342014314,0.07110258191823958,0.1689608019408674,0.1689608019408674,1.0664057119385337,0.13299367043015622,0.1689608019408674,"[-0.40851090692123887, 1.669949029317116, 2.0731954847274356, 1.6741464618052768, -0.751229049373504, 0.005410697018133572]","[-0.4527930721914649, 1.8047222289129015, 2.242657556354289, 1.8092614387386827, -0.6980707034346373, 0.004843001574644033]",2.0731954847274356,2.242657556354289,0.07597979941484131,-0.010816878312932042,0.036184087245973565,True,True,-0.00790272993996144,0.00950707430979806,-0.000772869583877729,nan,-0.000772869583877729,0.031498344978460935,0.0029702792168439657,0.0023522360763939473,nan,0.0023522360763939473,0.03914175835311262,0.005527094128186555,0.00295767110713906,nan,0.00295767110713906,0.031577569135359695,0.00842336563946347,0.002358201216244124,nan,0.002358201216244124,-0.012183632186647309,0.8876822273319153,0.0009277881615473802,nan,0.0009277881615473802,8.45263231568083e-05,0.005391737676579508,-9.908154637461853e-06,nan,-9.908154637461853e-06
17.02,37.62881193799967,ABORT,TAKEOFF_TRANSITION,ACTIVE_ARM_PROFILE,0.006856172077702202,0.006937898538243942,0.10165433822964165,-0.011350019834935665,-0.0007330398075282574,-0.06497041881084442,-0.0649452731013298,-0.04382960498332977,0.004276780411601067,-0.009727421210178172,0.016916889356330022,-0.009390721403184964,-0.06189737468957901,0.10590101778507234,0.059778995811939226,0.16779189008371487,0.16779189008371487,1.0650311513001665,0.13189423605657874,0.16779189008371487,"[-0.3954085276376876, 1.6831664155383272, 2.0891988403105235, 1.6892544630402513, -0.7490991607377732, 0.005452583849002281]","[-0.43747261970782547, 1.8111888878313869, 2.250172635060825, 1.8176015932019904, -0.6986034917879039, 0.004913324008002646]",2.0891988403105235,2.250172635060825,0.07846791460138401,-0.009390721403184964,0.03646339849226587,True,True,-0.007635337601226588,0.009142162022429703,-0.0007341569034859437,nan,-0.0007341569034859437,0.03161120946819196,0.001936636802279429,0.002234413658057103,nan,0.002234413658057103,0.039272921220088186,0.004425612687506186,0.002809522727822318,nan,0.002809522727822318,0.031723132290869316,0.007246972633903129,0.00224008000680807,nan,0.00224008000680807,-0.01219293109762809,0.8712907827822445,0.0008813156811722858,nan,0.0008813156811722858,8.575368115693038e-05,0.005423306454963819,-9.411859749224757e-06,nan,-9.411859749224757e-06
17.032,37.70530545499969,ABORT,TAKEOFF_TRANSITION,ACTIVE_ARM_PROFILE,0.006856172077702202,0.006937898538243942,0.10165433822964165,-0.013888099230825901,-0.002116906689479947,-0.0628504753112793,-0.06719689816236496,-0.04640732705593109,0.0033308130223304033,-0.010947468808879422,0.01914195129907689,-0.00817675370558756,-0.06601481139659882,0.09880056977272035,0.05710455775260924,0.16605465355709548,0.16605465355709548,1.0629433162043918,0.13027700724580385,0.16605465355709548,"[-0.3967779712981026, 1.6873343306042239, 2.094439522609007, 1.693432947706921, -0.7474552176424007, 0.005435027640506399]","[-0.43747261970782547, 1.8111888878313869, 2.250172635060825, 1.8176015932019904, -0.6986034917879039, 0.004913324008002646]",2.094439522609007,2.250172635060825,0.08173223013297219,-0.00817675370558756,0.03655486565342539,True,True,-0.007635337601226588,0.009142162022429703,-0.0007102556026911391,nan,-0.0007102556026911391,0.03161120946819196,0.001936636802279429,0.002161669817213732,nan,0.002161669817213732,0.039272921220088186,0.004425612687506186,0.0027180555666628005,nan,0.0027180555666628005,0.031723132290869316,0.007246972633903129,0.0021671516916305852,nan,0.0021671516916305852,-0.01219293109762809,0.8712907827822445,0.0008526234614426101,nan,0.0008526234614426101,8.575368115693038e-05,0.005423306454963819,-9.105446106805009e-06,nan,-9.105446106805009e-06
17.052,37.77924849299961,ABORT,TAKEOFF_TRANSITION,ACTIVE_ARM_PROFILE,0.006856172077702202,0.006937898538243942,0.10165433822964165,-0.015574906021356583,-0.0030552977696061134,-0.061498530209064484,-0.06886203587055206,-0.047295987606048584,0.0028545765671879053,-0.012266356426625005,0.0212682771587565,-0.0070499794577892775,-0.0636221393942833,0.0929611325263977,0.051918204873800264,0.1649905322038542,0.1649905322038542,1.0616171824994352,0.12930339428661386,0.1649905322038542,"[-0.3824859747109809, 1.7004812132814833, 2.1102840347568614, 1.7081987318406835, -0.7784672132970661, 0.005250722013368042]","[-0.4209524971174121, 1.8175544474018448, 2.2574903995652584, 1.8255688571707536, -0.7322902322784548, 0.00475758285985646]",2.1102840347568614,2.2574903995652584,0.08358851018678727,-0.007049979457789278,0.03683140455877769,True,True,-0.007347007069190781,0.00993641498127201,-0.000671367467784398,nan,-0.000671367467784398,0.03172230944142829,0.008849078623289236,0.0020433134013584757,nan,0.0020433134013584757,0.03940064030457613,0.008221382603924784,0.00256923574579844,nan,0.00256923574579844,0.03186218727949974,0.007550990648694217,0.0020484951304881177,nan,0.0020484951304881177,-0.012780875633453093,-0.7351070545476684,0.0008059403574056934,nan,0.0008059403574056934,8.303548534094318e-05,-0.0038922332256092693,-8.60690189927486e-06,nan,-8.60690189927486e-06
17.066,37.8590927489995,ABORT,TAKEOFF_TRANSITION,ACTIVE_ARM_PROFILE,0.006856172077702202,0.006937898538243942,0.10165433822964165,-0.015574906021356583,-0.0030552977696061134,-0.061498530209064484,-0.06886203587055206,-0.047295987606048584,0.0028545765671879053,-0.012266356426625005,0.0212682771587565,-0.0070499794577892775,-0.0636221393942833,0.0929611325263977,0.051918204873800264,0.1649905322038542,0.1649905322038542,1.0616171824994352,0.12930339428661386,0.1649905322038542,"[-0.3669789618750453, 1.7108545298828626, 2.1228245957164074, 1.7205155403561927, -0.7441835631436787, 0.005276219846398129]","[-0.4039262676383614, 1.8233040134114826, 2.264217116553507, 1.8332501895202098, -0.699830319590884, 0.004802556984542724]",2.1228245957164074,2.264217116553507,0.08358851018678727,-0.007049979457789278,0.03705027863756882,True,True,-0.007049843305581227,0.009358131066547558,-0.0006448521353109435,nan,-0.0006448521353109435,0.03182265829885722,0.0014090929072927555,0.001962613729741554,nan,0.001962613729741554,0.039518043663870905,0.003693387499798667,0.0024677650263020857,nan,0.0024677650263020857,0.031996251819937704,0.006482593687839086,0.0019675908089927703,nan,0.0019675908089927703,-0.012214343282145101,0.8767804045877862,0.0007741101339352151,nan,0.0007741101339352151,8.382043189492094e-05,0.005418471676034094,-8.266976483795887e-06,nan,-8.266976483795887e-06
17.098,37.95991099299954,ABORT,TAKEOFF_TRANSITION,ACTIVE_ARM_PROFILE,0.006856172077702202,0.006937898538243942,0.10165433822964165,-0.01969568245112896,-0.005404628347605467,-0.058094628155231476,-0.0687393918633461,-0.04894701763987541,0.0014179840218275785,-0.014638511878716736,0.025243270442921777,-0.005092881461627163,-0.056150179356336594,0.08743537217378616,0.045576892793178544,0.16241019429174836,0.16241019429174836,1.058291723508102,0.12698468173361363,0.16241019429174836,"[-0.34041584993579305, 1.7324558421659209, 2.1489105596373435, 1.7453657364256643, -0.7766699905007484, 0.0051685023794024185]","[-0.3740161484531066, 1.8347186766709138, 2.277494520229106, 1.847887903790747, -0.7363346482397527, 0.0047377480056773275]",2.1489105596373435,2.277494520229106,0.08439742418028577,-0.005092881461627162,0.03750556459654561,True,True,-0.006527813246134606,0.007804871321181718,-0.0005864358387800903,nan,-0.0005864358387800903,0.03202188175574072,0.008031326498037006,0.0017848231645341932,nan,0.0017848231645341932,0.039749778074126496,0.007367479670558952,0.00224421347758089,nan,0.00224421347758089,0.03225172812892474,0.006548917230819726,0.001789349376801374,nan,0.001789349376801374,-0.012851464008297953,-0.7326164772799523,0.000703984527373188,nan,0.000703984527373188,8.268930182886436e-05,-0.004037282717180769,-7.518082088868992e-06,nan,-7.518082088868992e-06
17.098,38.03726806800023,ABORT,TAKEOFF_TRANSITION,ACTIVE_ARM_PROFILE,0.006856172077702202,0.006937898538243942,0.10165433822964165,-0.01969568245112896,-0.005404628347605467,-0.058094628155231476,-0.0687393918633461,-0.04894701763987541,0.0014179840218275785,-0.014638511878716736,0.025243270442921777,-0.005092881461627163,-0.056150179356336594,0.08743537217378616,0.045576892793178544,0.16241019429174836,0.16241019429174836,1.058291723508102,0.12698468173361363,0.16241019429174836,"[-0.34041584993579305, 1.7324558421659209, 2.1489105596373435, 1.7453657364256643, -0.7766699905007484, 0.0051685023794024185]","[-0.3740161484531066, 1.8347186766709138, 2.277494520229106, 1.847887903790747, -0.7363346482397527, 0.0047377480056773275]",2.1489105596373435,2.277494520229106,0.08439742418028577,-0.005092881461627162,0.03750556459654561,True,True,-0.006527813246134606,0.007804871321181718,-0.0005864358387800903,nan,-0.0005864358387800903,0.03202188175574072,0.008031326498037006,0.0017848231645341932,nan,0.0017848231645341932,0.039749778074126496,0.007367479670558952,0.00224421347758089,nan,0.00224421347758089,0.03225172812892474,0.006548917230819726,0.001789349376801374,nan,0.001789349376801374,-0.012851464008297953,-0.7326164772799523,0.000703984527373188,nan,0.000703984527373188,8.268930182886436e-05,-0.004037282717180769,-7.518082088868992e-06,nan,-7.518082088868992e-06
17.135,38.11132959999941,ABORT,TAKEOFF_TRANSITION,ACTIVE_ARM_PROFILE,0.006856172077702202,0.006937898538243942,0.10165433822964165,-0.02442222088575363,-0.008186708204448223,-0.05361201614141464,-0.06829839199781418,-0.048996418714523315,-0.00014511612243950367,-0.016868872743662663,0.028882056553679977,-0.003427255999984338,-0.052422672510147095,0.06087020039558411,0.032491549849510186,0.15910604135348186,0.15910604135348186,1.0539268227072474,0.12406511770190437,0.15910604135348186,"[-0.3294078629633691, 1.7485533919045824, 2.1689895075965278, 1.7632017155593562, -0.7485944202006043, 0.005202133451896483]","[-0.35935621450681204, 1.839701490365861, 2.2835979433717646, 1.8545809605283585, -0.7126430428926037, 0.004818196880423842]",2.1689895075965278,2.2835979433717646,0.08405557955915223,-0.003427255999984338,0.03785600834876997,True,True,-0.006271949130646881,0.009245492486800596,-0.0005226973399778054,nan,-0.0005226973399778054,0.032108848260731016,0.0014767007832282852,0.0015908344250812924,nan,0.0015908344250812924,0.03985630290360831,0.003988930159340029,0.0020002945548383416,nan,0.0020002945548383416,0.03236854400601885,0.006553123358704754,0.001594868692695553,nan,0.001594868692695553,-0.012437967489907109,0.9252251853790101,0.0006274699046513853,nan,0.0006274699046513853,8.409339957271555e-05,0.006779197666164891,-6.700957291016124e-06,nan,-6.700957291016124e-06
17.182,38.18891056299981,ABORT,TAKEOFF_TRANSITION,ACTIVE_ARM_PROFILE,0.006856172077702202,0.006937898538243942,0.10165433822964165,-0.027796566486358643,-0.009987457655370235,-0.05061005428433418,-0.0670345276594162,-0.04937051236629486,-0.0014270588289946318,-0.01886394387742992,0.031485163841127296,-0.002121507950608767,-0.042947541922330856,0.04490041360259057,0.0316578447818756,0.157072356574669,0.157072356574669,1.051025158872127,0.12235118113443935,0.157072356574669,"[-0.2888387049775801, 1.7760975050032428, 2.2023146098263386, 1.7951203249555163, -0.7765920968261963, 0.0050872857717783925]","[-0.3144851530860305, 1.8541527186259414, 2.300460222169527, 1.8733734822582595, -0.7458049220723716, 0.004758499416278124]",2.2023146098263386,2.300460222169527,0.08326531022420394,-0.0021215079506087665,0.03843764110624387,True,True,-0.005488801369989638,0.0073793684038226445,-0.00044761496093433106,nan,-0.00044761496093433106,0.03236106977482667,0.007119549024280088,0.0013623204760636193,nan,0.0013623204760636193,0.040150605188018496,0.006202946281842946,0.0017129640817746226,nan,0.0017129640817746226,0.0326965353849582,0.005431490631915115,0.0013657752450139116,nan,0.0013657752450139116,-0.013016751467742615,-0.7408692216968169,0.0005373375668411163,nan,0.0005373375668411163,8.305148226828152e-05,-0.003858282298672246,-5.738404439112251e-06,nan,-5.738404439112251e-06
17.195,38.26283950099969,ABORT,TAKEOFF_TRANSITION,ACTIVE_ARM_PROFILE,0.006856172077702202,0.006937898538243942,0.10165433822964165,-0.03048297017812729,-0.01128240954130888,-0.04821943864226341,-0.06643004715442657,-0.048529259860515594,-0.002510051243007183,-0.01972453519284156,0.03250041065691964,-0.0015252567070090778,-0.033262014389038086,0.03915730118751526,0.028229957446455952,0.15552601121601645,0.15552601121601645,1.0487232694011515,0.12108705625656915,0.15552601121601645,"[-0.28996217840299293, 1.7795168072726721, 2.2066139961125866, 1.7985482983853076, -0.7752434277031583, 0.0050728828910566294]","[-0.3144851530860305, 1.8541527186259414, 2.300460222169527, 1.8733734822582595, -0.7458049220723716, 0.004758499416278124]",2.2066139961125866,2.300460222169527,0.08230638240617376,-0.0015252567070090778,0.03851267955275399,True,True,-0.005488801369989638,0.0073793684038226445,-0.0004280066506022178,nan,-0.0004280066506022178,0.03236106977482667,0.007119549024280088,0.0013026423933411649,nan,0.0013026423933411649,0.040150605188018496,0.006202946281842946,0.0016379256352645026,nan,0.0016379256352645026,0.0326965353849582,0.005431490631915115,0.0013059458219931742,nan,0.0013059458219931742,-0.013016751467742615,-0.7408692216968169,0.0005137988501241197,nan,0.0005137988501241197,8.305148226828152e-05,-0.003858282298672246,-5.487026748745468e-06,nan,-5.487026748745468e-06
17.198,38.33806557800017,ABORT,TAKEOFF_TRANSITION,ACTIVE_ARM_PROFILE,0.006856172077702202,0.006937898538243942,0.10165433822964165,-0.03048297017812729,-0.01128240954130888,-0.04821943864226341,-0.06643004715442657,-0.048529259860515594,-0.002510051243007183,-0.01972453519284156,0.03250041065691964,-0.0015252567070090778,-0.033262014389038086,0.03915730118751526,0.028229957446455952,0.15552601121601645,0.15552601121601645,1.0487232694011515,0.12108705625656915,0.15552601121601645,"[-0.27665426184041847, 1.784082809728471, 2.2120823800045963, 1.8046496234187677, -0.7434047733465932, 0.005216126189244903]","[-0.3009220483837312, 1.8579420535028237, 2.30495203433004, 1.8786961701270244, -0.7142726072845291, 0.004905014215380374]",2.2120823800045963,2.30495203433004,0.08230638240617376,-0.0015252567070090778,0.03860812085643258,True,True,-0.00525208053614179,0.006882170880470042,-0.0004235527773519803,nan,-0.0004235527773519803,0.03242720614488892,-0.00022574676569189073,0.0012890869868955775,nan,0.0012890869868955775,0.040229002099600564,0.0018926145072602,0.0016208812431679834,nan,0.0016208812431679834,0.03278943381332411,0.0045832151293987294,0.0012923560397908422,nan,0.0012923560397908422,-0.012466408753919467,0.8600790242372208,0.0005084522160207685,nan,0.0005084522160207685,8.560864791551381e-05,0.005562513116072622,-5.429928286314589e-06,nan,-5.429928286314589e-06
17.198,38.4105470859995,ABORT,TAKEOFF_TRANSITION,ACTIVE_ARM_PROFILE,0.006856172077702202,0.006937898538243942,0.10165433822964165,-0.03048297017812729,-0.01128240954130888,-0.04821943864226341,-0.06643004715442657,-0.048529259860515594,-0.002510051243007183,-0.01972453519284156,0.03250041065691964,-0.0015252567070090778,-0.033262014389038086,0.03915730118751526,0.028229957446455952,0.15552601121601645,0.15552601121601645,1.0487232694011515,0.12108705625656915,0.15552601121601645,"[-0.27665426184041847, 1.784082809728471, 2.2120823800045963, 1.8046496234187677, -0.7434047733465932, 0.005216126189244903]","[-0.3009220483837312, 1.8579420535028237, 2.30495203433004, 1.8786961701270244, -0.7142726072845291, 0.004905014215380374]",2.2120823800045963,2.30495203433004,0.08230638240617376,-0.0015252567070090778,0.03860812085643258,True,True,-0.00525208053614179,0.006882170880470042,-0.0004235527773519803,nan,-0.0004235527773519803,0.03242720614488892,-0.00022574676569189073,0.0012890869868955775,nan,0.0012890869868955775,0.040229002099600564,0.0018926145072602,0.0016208812431679834,nan,0.0016208812431679834,0.03278943381332411,0.0045832151293987294,0.0012923560397908422,nan,0.0012923560397908422,-0.012466408753919467,0.8600790242372208,0.0005084522160207685,nan,0.0005084522160207685,8.560864791551381e-05,0.005562513116072622,-5.429928286314589e-06,nan,-5.429928286314589e-06
17.225,38.48535718199946,ABORT,TAKEOFF_TRANSITION,ACTIVE_ARM_PROFILE,0.006856172077702202,0.006937898538243942,0.10165433822964165,-0.03474077209830284,-0.013406616635620594,-0.04439876228570938,-0.06470778584480286,-0.0479811355471611,-0.005221376661211252,-0.020945597549895834,0.03406165864150873,-0.00044546309553400866,-0.027483562007546425,0.027458775788545612,0.027600027620792385,0.1532178619893533,0.1532178619893533,1.0450624064042886,0.11929032022150378,0.1532178619893533,"[-0.26742418809169316, 1.7947986789130645, 2.225003387692083, 1.8164546182093948, -0.7700973689671162, 0.004927396489226326]","[-0.2894638536131133, 1.8618766147415522, 2.30934631343727, 1.8837026599520355, -0.7436399417610372, 0.004644848930492646]",2.225003387692083,2.30934631343727,0.08072514906502283,-0.0004454630955340086,0.03883363498325472,True,True,-0.005052097311059711,0.00436098304457022,-0.00038466472938705407,nan,-0.00038466472938705407,0.03249587719312608,0.006523305427145919,0.0011707308356485799,nan,0.0011707308356485799,0.04030569673827333,0.005414012150470139,0.0014720617550186138,nan,0.0014720617550186138,0.03287681354473815,0.004729569385392485,0.0011736997439276628,nan,0.0011736997439276628,-0.012978965433068979,-0.7178207674244899,0.00046176921635280276,nan,0.00046176921635280276,8.106790709483391e-05,-0.0040978411850954456,-4.931385193374766e-06,nan,-4.931385193374766e-06
17.225,38.55936621699948,ABORT,TAKEOFF_TRANSITION,ACTIVE_ARM_PROFILE,0.006856172077702202,0.006937898538243942,0.10165433822964165,-0.03474077209830284,-0.013406616635620594,-0.04439876228570938,-0.06470778584480286,-0.0479811355471611,-0.005221376661211252,-0.020945597549895834,0.03406165864150873,-0.00044546309553400866,-0.027483562007546425,0.027458775788545612,0.027600027620792385,0.1532178619893533,0.1532178619893533,1.0450624064042886,0.11929032022150378,0.1532178619893533,"[-0.26742418809169316, 1.7947986789130645, 2.225003387692083, 1.8164546182093948, -0.7700973689671162, 0.004927396489226326]","[-0.2894638536131133, 1.8618766147415522, 2.30934631343727, 1.8837026599520355, -0.7436399417610372, 0.004644848930492646]",2.225003387692083,2.30934631343727,0.08072514906502283,-0.0004454630955340086,0.03883363498325472,True,True,-0.005052097311059711,0.00436098304457022,-0.00038466472938705407,nan,-0.00038466472938705407,0.03249587719312608,0.006523305427145919,0.0011707308356485799,nan,0.0011707308356485799,0.04030569673827333,0.005414012150470139,0.0014720617550186138,nan,0.0014720617550186138,0.03287681354473815,0.004729569385392485,0.0011736997439276628,nan,0.0011736997439276628,-0.012978965433068979,-0.7178207674244899,0.00046176921635280276,nan,0.00046176921635280276,8.106790709483391e-05,-0.0040978411850954456,-4.931385193374766e-06,nan,-4.931385193374766e-06
17.264,38.63463049100028,ABORT,TAKEOFF_TRANSITION,ACTIVE_ARM_PROFILE,0.006856172077702202,0.006937898538243942,0.10165433822964165,-0.036369629204273224,-0.01423182524740696,-0.043061621487140656,-0.06368688493967056,-0.04719158262014389,-0.005510264076292515,-0.021505428328314716,0.034657653441713565,3.1440090423785673e-06,-0.02719442918896675,0.02230418846011162,0.016378380358219143,0.15251011801968728,0.15251011801968728,1.0437925277552584,0.11879467681837175,0.15251011801968728,"[-0.2478647026524612, 1.81020815467332, 2.2436410009792946, 1.8343892118597185, -0.7395843939809599, 0.005148306326928159]","[-0.26690264315705875, 1.868150311292386, 2.3164967165417654, 1.8924783065650261, -0.7167303754131864, 0.004904240753080717]",2.2436410009792946,2.3164967165417654,0.07945708145724448,3.1440090423785673e-06,0.03915892269983001,True,True,-0.0046583299053661875,0.006667098934596062,-0.0003322747446040178,nan,-0.0003322747446040178,0.03260537385420914,-0.0006494202926647097,0.001011281408708934,nan,0.001011281408708934,0.040430494815291596,0.0012810464086484077,0.0012715721154615799,nan,0.0012715721154615799,0.033029977472126326,0.004062243295306356,0.0010138459621104254,nan,0.0010138459621104254,-0.012509304900015117,0.8541790018970064,0.0003988778713195657,nan,0.0003988778713195657,8.559514845174476e-05,0.00569977636915104,-4.259747854407214e-06,nan,-4.259747854407214e-06
17.308,38.713986267999644,ABORT,TAKEOFF_TRANSITION,ACTIVE_ARM_PROFILE,0.006856172077702202,0.006937898538243942,0.10165433822964165,-0.042496487498283386,-0.0174120981246233,-0.038371115922927856,-0.059725213795900345,-0.04531791806221008,-0.008804276585578918,-0.02265104186047804,0.03609648428473616,0.0009578377995917248,-0.009504277259111404,0.015998307615518573,0.015635546296834942,0.1504517701967581,0.1504517701967581,1.0393862164728855,0.11761818725112196,0.1504517701967581,"[-0.23053272411506068, 1.8257982482674124, 2.262168589162744, 1.8519704711847802, -0.7649052734683748, 0.0049117604050906635]","[-0.2464879202674541, 1.8743580425438284, 2.323227044111769, 1.9006534103984163, -0.7457519228719062, 0.004707215480504835]",2.262168589162744,2.323227044111769,0.07548728466870805,0.0009578377995917247,0.0394822901160848,True,True,-0.004302025775060336,0.0026153612125806363,-0.00027847070566079657,nan,-0.00027847070566079657,0.03271371920362576,0.0057307054898807705,0.0008475282942145557,nan,0.0008475282942145557,0.040547961191125914,0.004454526166419594,0.0010656710750411198,nan,0.0010656710750411198,0.03317265995071139,0.0037294416339369307,0.0008496775788262093,nan,0.0008496775788262093,-0.013015826457193569,-0.7238384202780191,0.000334289030697198,nan,0.000334289030697198,8.215640873565633e-05,-0.0039057010631977224,-3.5699824022662047e-06,nan,-3.5699824022662047e-06
17.352,38.79128174499965,ABORT,TAKEOFF_TRANSITION,ACTIVE_ARM_PROFILE,0.006856172077702202,0.006937898538243942,0.10165433822964165,-0.04592280462384224,-0.0192930456250906,-0.03535446524620056,-0.0548989474773407,-0.04372521862387657,-0.011329254135489464,-0.023085135325657313,0.03672072685836958,0.001301389896750213,-0.013858257792890072,0.009469723328948023,0.011811101809144018,0.14914789654314303,0.14914789654314303,1.0365519737568674,0.11689825710006702,0.14914789654314303,"[-0.21660037674831822, 1.8397314514083538, 2.2788538942046648, 1.8679321344670767, -0.7612524364145625, 0.005040228257881202]","[-0.22978917021885029, 1.8798716722847424, 2.3293256868583505, 1.908174148710869, -0.745420002712541, 0.004871148496025479]",2.2788538942046648,2.3293256868583505,0.0710924832671649,0.001301389896750213,0.03977350362576593,True,True,-0.004010577605744636,0.003674085101647644,-0.0002301878704263141,nan,-0.0002301878704263141,0.03280995019634059,0.005918021080459541,0.0007005790167707443,nan,0.0007005790167707443,0.04065440258695663,0.004585414199543204,0.0008808989611907014,nan,0.0008808989611907014,0.033303921596444575,0.0032687211722836236,0.0007023556461886286,nan,0.0007023556461886286,-0.013010033357558903,-0.5824261280617528,0.0002763280967039896,nan,0.0002763280967039896,8.501757960921452e-05,-0.005242627547611067,-2.950998542870301e-06,nan,-2.950998542870301e-06
17.368,38.86812254300003,ABORT,TAKEOFF_TRANSITION,ACTIVE_ARM_PROFILE,0.006856172077702202,0.006937898538243942,0.10165433822964165,-0.04753638058900833,-0.019944775849580765,-0.034129798412323,-0.052814826369285583,-0.04217756912112236,-0.011049486696720123,-0.023354388265438227,0.03702593905175853,0.0015087309173499295,-0.013858257792890072,0.009469723328948023,0.011811101809144018,0.14872309750488122,0.14872309750488122,1.0354138986547867,0.11674233848096154,0.14872309750488122,"[-0.20907253928381817, 1.8455970966555162, 2.2858460271537373, 1.8747484707720063, -0.7690008774436068, 0.004889793381831917]","[-0.2213323611600869, 1.882909983472505, 2.33276276666389, 1.9121559809944904, -0.754283623929227, 0.004732622995635135]",2.2858460271537373,2.33276276666389,0.06848681900662223,0.0015087309173499295,0.03989553936746442,True,True,-0.0038629784434567327,0.0033472871762840577,-0.00021397425744891854,nan,-0.00021397425744891854,0.03286297873026722,0.005995647308014249,0.0006512327283804444,nan,0.0006512327283804444,0.040714390946217094,0.004873087403344717,0.0008188515787526732,nan,0.0008188515787526732,0.03337341768005597,0.003954765052947867,0.0006528842183557843,nan,0.0006528842183557843,-0.013164732731439699,-0.7308986103193023,0.0002568645306766336,nan,0.0002568645306766336,8.259985352943033e-05,-0.0038784826707614715,-2.743140725764887e-06,nan,-2.743140725764887e-06
17.37,38.937979677999465,ABORT,TAKEOFF_TRANSITION,ACTIVE_ARM_PROFILE,0.006856172077702202,0.006937898538243942,0.10165433822964165,-0.04753638058900833,-0.019944775849580765,-0.034129798412323,-0.052814826369285583,-0.04217756912112236,-0.011049486696720123,-0.023354388265438227,0.03702593905175853,0.0015087309173499295,-0.008030956611037254,0.0029296185821294798,0.010600042529404163,0.14872309750488122,0.14872309750488122,1.0354138986547867,0.11674233848096154,0.14872309750488122,"[-0.2091858101591183, 1.8459418376633694, 2.2862795000217915, 1.8750940860238803, -0.7688649018801433, 0.004888341254109717]","[-0.2213323611600869, 1.882909983472505, 2.33276276666389, 1.9121559809944904, -0.754283623929227, 0.004732622995635135]",2.2862795000217915,2.33276276666389,0.06848681900662223,0.0015087309173499295,0.03990310489623003,True,True,-0.0038629784434567327,0.0033472871762840577,-0.00021199730772831528,nan,-0.00021199730772831528,0.03286297873026722,0.005995647308014249,0.0006452158627267522,nan,0.0006452158627267522,0.040714390946217094,0.004873087403344717,0.0008112860499870644,nan,0.0008112860499870644,0.03337341768005597,0.003954765052947867,0.0006468520942654737,nan,0.0006468520942654737,-0.013164732731439699,-0.7308986103193023,0.00025449130939194167,nan,0.00025449130939194167,8.259985352943033e-05,-0.0038784826707614715,-2.7177963158530146e-06,nan,-2.7177963158530146e-06
17.37,39.01207110799987,ABORT,TAKEOFF_TRANSITION,ACTIVE_ARM_PROFILE,0.006856172077702202,0.006937898538243942,0.10165433822964165,-0.04753638058900833,-0.019944775849580765,-0.034129798412323,-0.052814826369285583,-0.04217756912112236,-0.011049486696720123,-0.023354388265438227,0.03702593905175853,0.0015087309173499295,-0.008030956611037254,0.0029296185821294798,0.010600042529404163,0.14872309750488122,0.14872309750488122,1.0354138986547867,0.11674233848096154,0.14872309750488122,"[-0.2091858101591183, 1.8459418376633694, 2.2862795000217915, 1.8750940860238803, -0.7688649018801433, 0.004888341254109717]","[-0.2213323611600869, 1.882909983472505, 2.33276276666389, 1.9121559809944904, -0.754283623929227, 0.004732622995635135]",2.2862795000217915,2.33276276666389,0.06848681900662223,0.0015087309173499295,0.03990310489623003,True,True,-0.0038629784434567327,0.0033472871762840577,-0.00021199730772831528,nan,-0.00021199730772831528,0.03286297873026722,0.005995647308014249,0.0006452158627267522,nan,0.0006452158627267522,0.040714390946217094,0.004873087403344717,0.0008112860499870644,nan,0.0008112860499870644,0.03337341768005597,0.003954765052947867,0.0006468520942654737,nan,0.0006468520942654737,-0.013164732731439699,-0.7308986103193023,0.00025449130939194167,nan,0.00025449130939194167,8.259985352943033e-05,-0.0038784826707614715,-2.7177963158530146e-06,nan,-2.7177963158530146e-06
17.409,39.10145350199946,ABORT,TAKEOFF_TRANSITION,ACTIVE_ARM_PROFILE,0.006856172077702202,0.006937898538243942,0.10165433822964165,-0.051310088485479355,-0.021507535129785538,-0.03093927539885044,-0.04983419552445412,-0.040671806782484055,-0.012896418571472168,-0.02369345766791542,0.03732895296041218,0.0019901702638254696,-0.002960219280794263,-0.0037811505608260627,0.0030780299566686158,0.14755854072037997,0.14755854072037997,1.032439387473983,0.11626766408338439,0.14755854072037997,"[-0.19463814634141535, 1.8580620366971492, 2.30090432192662, 1.8891463099619594, -0.7748222633390411, 0.005392890562310958]","[-0.2047008523592887, 1.888687980084168, 2.3394129855738197, 1.9198499190378864, -0.7627425286577091, 0.005263887106390017]",2.30090432192662,2.3394129855738197,0.06560457699346785,0.0019901702638254696,0.04015835619098708,True,True,-0.00357270385530839,0.003997441322542679,-0.00017562735167213697,nan,-0.00017562735167213697,0.03296382379530982,0.0016227837933903346,0.0005345235486328634,nan,0.0005345235486328634,0.04083045916217376,0.0023517887508636027,0.000672102971186677,nan,0.000672102971186677,0.03350770223135768,0.003855847340168363,0.0005358790706201377,nan,0.0005358790706201377,-0.013312368470064229,-0.5159860724675953,0.0002108311429565926,nan,0.0002108311429565926,9.187216145978283e-05,7.843237699541733e-05,-2.2515350522718053e-06,nan,-2.2515350522718053e-06
17.459,39.17950894000023,ABORT,TAKEOFF_TRANSITION,ACTIVE_ARM_PROFILE,0.006856172077702202,0.006937898538243942,0.10165433822964165,-0.05474048852920532,-0.02298812009394169,-0.027872230857610703,-0.0458969846367836,-0.03822515159845352,-0.012238586321473122,-0.023705857983877046,0.037430011571320886,0.0021627677702709745,-0.003912671469151974,-0.005483819171786307,0.005723657086491586,0.14651568956467165,0.14651568956467165,1.0295854980127055,0.11591692135721039,0.14651568956467165,"[-0.17665310183844432, 1.8730875849034163, 2.3188728702820023, 1.9067796691017664, -0.7383382348737605, 0.005018812044276888]","[-0.184383604732644, 1.896615445458065, 2.3484564967188355, 1.93036719500208, -0.729058183985924, 0.004919707331529912]",2.3188728702820023,2.3484564967188355,0.06097112766401859,0.0021627677702709745,0.04047196652159231,True,True,-0.003218100989280437,0.002109524380051844,-0.00013492272833873567,nan,-0.00013492272833873567,0.033102184167422166,-0.001304219034749564,0.00041063863262871467,nan,0.00041063863262871467,0.040988298207595086,0.0005623239723646627,0.0005163316860027772,nan,0.0005163316860027772,0.033691263325273724,0.003096551826033459,0.00041167998935991157,nan,0.00041167998935991157,-0.01272446574916497,0.863427184710437,0.00016196744274536885,nan,0.00016196744274536885,8.58650911697012e-05,0.005633392263476354,-1.7297035416779285e-06,nan,-1.7297035416779285e-06
17.465,39.25509439899997,ABORT,TAKEOFF_TRANSITION,ACTIVE_ARM_PROFILE,0.006856172077702202,0.006937898538243942,0.10165433822964165,-0.056640949100255966,-0.023860584944486618,-0.026058131828904152,-0.04360257461667061,-0.038411643356084824,-0.01296172384172678,-0.023780866923054495,0.037408624945702275,0.002255629339625545,-0.003912671469151974,-0.005483819171786307,0.005723657086491586,0.14591403630624195,0.14591403630624195,1.0278972781951958,0.11573220264417719,0.14591403630624195,"[-0.17690805720454905, 1.8738635440335625, 2.3198485512192115, 1.9075575960211046, -0.7380321747371871, 0.005015543527510653]","[-0.184383604732644, 1.896615445458065, 2.3484564967188355, 1.93036719500208, -0.729058183985924, 0.004919707331529912]",2.3198485512192115,2.3484564967188355,0.059536922522637765,0.002255629339625545,0.04048899536639555,True,True,-0.003218100989280437,0.002109524380051844,-0.0001304729177545802,nan,-0.0001304729177545802,0.033102184167422166,-0.001304219034749564,0.0003970955909467569,nan,0.0003970955909467569,0.040988298207595086,0.0005623239723646627,0.0004993028411995337,nan,0.0004993028411995337,0.033691263325273724,0.003096551826033459,0.0003981026032775607,nan,0.0003981026032775607,-0.01272446574916497,0.863427184710437,0.00015662568565305915,nan,0.00015662568565305915,8.58650911697012e-05,0.005633392263476354,-1.6726571624504948e-06,nan,-1.6726571624504948e-06
17.467,39.33094984299987,ABORT,TAKEOFF_TRANSITION,ACTIVE_ARM_PROFILE,0.006856172077702202,0.006937898538243942,0.10165433822964165,-0.056640949100255966,-0.023860584944486618,-0.026058131828904152,-0.04360257461667061,-0.038411643356084824,-0.01296172384172678,-0.023780866923054495,0.037408624945702275,0.002255629339625545,-0.003912671469151974,-0.005483819171786307,0.005723657086491586,0.14591403630624195,0.14591403630624195,1.0278972781951958,0.11573220264417719,0.14591403630624195,"[-0.176991878868956, 1.8741186560823662, 2.3201693257976657, 1.9078133550198744, -0.7379315513596597, 0.005014468937398379]","[-0.184383604732644, 1.896615445458065, 2.3484564967188355, 1.93036719500208, -0.729058183985924, 0.004919707331529912]",2.3201693257976657,2.3484564967188355,0.059536922522637765,0.002255629339625545,0.04049459393894628,True,True,-0.003218100989280437,0.002109524380051844,-0.00012900995372617727,nan,-0.00012900995372617727,0.033102184167422166,-0.001304219034749564,0.00039264304573361983,nan,0.00039264304573361983,0.040988298207595086,0.0005623239723646627,0.0004937042686488056,nan,0.0004937042686488056,0.033691263325273724,0.003096551826033459,0.00039363876665742675,nan,0.00039363876665742675,-0.01272446574916497,0.863427184710437,0.0001548694764107305,nan,0.0001548694764107305,8.58650911697012e-05,0.005633392263476354,-1.6539020268819187e-06,nan,-1.6539020268819187e-06
17.472,39.40731776299981,ABORT,TAKEOFF_TRANSITION,ACTIVE_ARM_PROFILE,0.006856172077702202,0.006937898538243942,0.10165433822964165,-0.056640949100255966,-0.023860584944486618,-0.026058131828904152,-0.04360257461667061,-0.038411643356084824,-0.01296172384172678,-0.023780866923054495,0.037408624945702275,0.002255629339625545,0.008225029334425926,-0.007057075388729571,0.0044861016795039186,0.14591403630624195,0.14591403630624195,1.0278972781951958,0.11573220264417719,0.14591403630624195,"[-0.1771988996827862, 1.8747487259376356, 2.3209615674544923, 1.90844502269725, -0.737683034062211, 0.005011814939519057]","[-0.184383604732644, 1.896615445458065, 2.3484564967188355, 1.93036719500208, -0.729058183985924, 0.004919707331529912]",2.3209615674544923,2.3484564967188355,0.059536922522637765,0.002255629339625545,0.04050842116432936,True,True,-0.003218100989280437,0.002109524380051844,-0.000125396758904682,nan,-0.000125396758904682,0.033102184167422166,-0.001304219034749564,0.0003816462522416089,nan,0.0003816462522416089,0.040988298207595086,0.0005623239723646627,0.00047987704326573136,nan,0.00047987704326573136,0.033691263325273724,0.003096551826033459,0.0003826140859088008,nan,0.0003826140859088008,-0.01272446574916497,0.863427184710437,0.00015053203132209259,nan,0.00015053203132209259,8.58650911697012e-05,0.005633392263476354,-1.6075810255468213e-06,nan,-1.6075810255468213e-06
17.499,39.480560934000096,ABORT,TAKEOFF_TRANSITION,ACTIVE_ARM_PROFILE,0.006856172077702202,0.006937898538243942,0.10165433822964165,-0.05783693119883537,-0.02443041279911995,-0.024993963539600372,-0.04137730225920677,-0.03713555261492729,-0.013931374996900558,-0.023673373020339863,0.03733850396059864,0.002349948365862736,0.0028049475513398647,-0.01107559911906719,0.013245989568531515,0.14563296642154736,0.14563296642154736,1.026915079727946,0.11571595825281747,0.14563296642154736,"[-0.1668552417437294, 1.8825246026095763, 2.330008111596178, 1.9175967093666177, -0.7293995840923762, 0.004855520326836235]","[-0.17298379081810655, 1.901176901172514, 2.3534612696762567, 1.936296309121205, -0.7220425921790175, 0.004776952592772308]",2.330008111596178,2.3534612696762567,0.05731678305322148,0.002349948365862736,0.04066631314552877,True,True,-0.0030191367023570947,-0.0003641261325883702,-0.00010696335971793237,nan,-0.00010696335971793237,0.03318179658832321,-0.0014706440915351407,0.00032554402298826807,nan,0.00032554402298826807,0.04107564797401686,0.00018575937657921981,0.00040933482848808794,nan,0.00040933482848808794,0.03379474588837894,0.0027191556166282892,0.0003263695845226733,nan,0.0003263695845226733,-0.012602020573158512,0.8706629723777107,0.00012840373193070617,nan,0.00012840373193070617,8.337355095555665e-05,0.005375755496754229,-1.3712656452468183e-06,nan,-1.3712656452468183e-06
17.499,39.551597910000055,ABORT,TAKEOFF_TRANSITION,ACTIVE_ARM_PROFILE,0.006856172077702202,0.006937898538243942,0.10165433822964165,-0.05783693119883537,-0.02443041279911995,-0.024993963539600372,-0.04137730225920677,-0.03713555261492729,-0.013931374996900558,-0.023673373020339863,0.03733850396059864,0.002349948365862736,0.0028049475513398647,-0.01107559911906719,0.013245989568531515,0.14563296642154736,0.14563296642154736,1.026915079727946,0.11571595825281747,0.14563296642154736,"[-0.1668552417437294, 1.8825246026095763, 2.330008111596178, 1.9175967093666177, -0.7293995840923762, 0.004855520326836235]","[-0.17298379081810655, 1.901176901172514, 2.3534612696762567, 1.936296309121205, -0.7220425921790175, 0.004776952592772308]",2.330008111596178,2.3534612696762567,0.05731678305322148,0.002349948365862736,0.04066631314552877,True,True,-0.0030191367023570947,-0.0003641261325883702,-0.00010696335971793237,nan,-0.00010696335971793237,0.03318179658832321,-0.0014706440915351407,0.00032554402298826807,nan,0.00032554402298826807,0.04107564797401686,0.00018575937657921981,0.00040933482848808794,nan,0.00040933482848808794,0.03379474588837894,0.0027191556166282892,0.0003263695845226733,nan,0.0003263695845226733,-0.012602020573158512,0.8706629723777107,0.00012840373193070617,nan,0.00012840373193070617,8.337355095555665e-05,0.005375755496754229,-1.3712656452468183e-06,nan,-1.3712656452468183e-06
17.534,39.62764284599962,ABORT,TAKEOFF_TRANSITION,ACTIVE_ARM_PROFILE,0.006856172077702202,0.006937898538243942,0.10165433822964165,-0.060603659600019455,-0.025784870609641075,-0.022586723789572716,-0.03743443638086319,-0.034849707037210464,-0.016571294516324997,-0.02352275450507189,0.037073088062361405,0.002583944057487881,-0.0024476333055645227,-0.011224359273910522,0.0029886232223361744,0.145111853417819,0.145111853417819,1.0247054556212547,0.11582575128923789,0.145111853417819,"[-0.1644089251680266, 1.88832161259565, 2.3369754132812233, 1.9240597657434768, -0.7322922854520864, 0.0049466592146542926]","[-0.16931941094829414, 1.9032667237061318, 2.35576720198307, 1.9390427768244356, -0.7263975126865175, 0.004883706999337659]",2.3369754132812233,2.35576720198307,0.0537628766871628,0.002583944057487881,0.040787915499912564,True,True,-0.002955181208585067,-0.000550652845097744,-8.570414473803127e-05,nan,-8.570414473803127e-05,0.03321827087231721,-0.0016242516823763153,0.00026084139595429837,nan,0.00026084139595429837,0.04111589408509886,0.00016418852731797662,0.00032797858518629486,nan,0.00032797858518629486,0.0338426807926,0.002619563924495213,0.0002615028752255312,nan,0.0002615028752255312,-0.012678028274677011,0.8614444622883463,0.00010288319341606768,nan,0.00010288319341606768,8.523676684113468e-05,0.005503673599101953,-1.0987234286996577e-06,nan,-1.0987234286996577e-06
17.534,39.70151008599987,ABORT,TAKEOFF_TRANSITION,ACTIVE_ARM_PROFILE,0.006856172077702202,0.006937898538243942,0.10165433822964165,-0.060603659600019455,-0.025784870609641075,-0.022586723789572716,-0.03743443638086319,-0.034849707037210464,-0.016571294516324997,-0.02352275450507189,0.037073088062361405,0.002583944057487881,-0.0024476333055645227,-0.011224359273910522,0.0029886232223361744,0.145111853417819,0.145111853417819,1.0247054556212547,0.11582575128923789,0.145111853417819,"[-0.1644089251680266, 1.88832161259565, 2.3369754132812233, 1.9240597657434768, -0.7322922854520864, 0.0049466592146542926]","[-0.16931941094829414, 1.9032667237061318, 2.35576720198307, 1.9390427768244356, -0.7263975126865175, 0.004883706999337659]",2.3369754132812233,2.35576720198307,0.0537628766871628,0.002583944057487881,0.040787915499912564,True,True,-0.002955181208585067,-0.000550652845097744,-8.570414473803127e-05,nan,-8.570414473803127e-05,0.03321827087231721,-0.0016242516823763153,0.00026084139595429837,nan,0.00026084139595429837,0.04111589408509886,0.00016418852731797662,0.00032797858518629486,nan,0.00032797858518629486,0.0338426807926,0.002619563924495213,0.0002615028752255312,nan,0.0002615028752255312,-0.012678028274677011,0.8614444622883463,0.00010288319341606768,nan,0.00010288319341606768,8.523676684113468e-05,0.005503673599101953,-1.0987234286996577e-06,nan,-1.0987234286996577e-06
17.546,39.77446767099991,ABORT,TAKEOFF_TRANSITION,ACTIVE_ARM_PROFILE,0.006856172077702202,0.006937898538243942,0.10165433822964165,-0.06211516633629799,-0.02654203400015831,-0.021207481622695923,-0.03516780957579613,-0.03285148739814758,-0.017447832971811295,-0.02355766781795414,0.03692919863707024,0.0026466226099889816,-0.0024476333055645227,-0.011224359273910522,0.0029886232223361744,0.1448205033233304,0.1448205033233304,1.0234390524012753,0.11589847285846128,0.1448205033233304,"[-0.16082592376467225, 1.891872583915294, 2.340984240173169, 1.9280644568079779, -0.7645486389488308, 0.004763672096956272]","[-0.16535679997270428, 1.9056623496099603, 2.3583233125471708, 1.9418891925814106, -0.7591095669566875, 0.004705586459936973]",2.340984240173169,2.3583233125471708,0.051190056945097574,0.0026466226099889816,0.040857882728319514,True,True,-0.0028860206000853594,-0.00033612677391953,-7.907870783043468e-05,nan,-7.907870783043468e-05,0.03326008243198508,0.00529677882940302,0.00024067681445048492,nan,0.00024067681445048492,0.041160506630487426,0.004051822753554675,0.0003026239021679117,nan,0.0003026239021679117,0.03389236011943986,0.0029622412978691664,0.0002412871574646487,nan,0.0002412871574646487,-0.013248961326782549,-0.7223242559217834,9.492971451590705e-05,nan,9.492971451590705e-05,8.212797696316443e-05,-0.0038805258900706605,-1.0137856141050592e-06,nan,-1.0137856141050592e-06
17.552,39.84859639899969,ABORT,TAKEOFF_TRANSITION,ACTIVE_ARM_PROFILE,0.006856172077702202,0.006937898538243942,0.10165433822964165,-0.06211516633629799,-0.02654203400015831,-0.021207481622695923,-0.03516780957579613,-0.03285148739814758,-0.017447832971811295,-0.02355766781795414,0.03692919863707024,0.0026466226099889816,-0.0040932404808700085,-0.009215323254466055,0.008765428327023985,0.1448205033233304,0.1448205033233304,1.0234390524012753,0.11589847285846128,0.1448205033233304,"[-0.16100862975989835, 1.8924286513842556, 2.341683432190107, 1.92862193443311, -0.7643293102768912, 0.0047613298139998015]","[-0.16535679997270428, 1.9056623496099603, 2.3583233125471708, 1.9418891925814106, -0.7591095669566875, 0.004705586459936973]",2.341683432190107,2.3583233125471708,0.051190056945097574,0.0026466226099889816,0.04087008593111874,True,True,-0.0028860206000853594,-0.00033612677391953,-7.588988665060623e-05,nan,-7.588988665060623e-05,0.03326008243198508,0.00529677882940302,0.00023097160625387345,nan,0.00023097160625387345,0.041160506630487426,0.004051822753554675,0.00029042069936868753,nan,0.00029042069936868753,0.03389236011943986,0.0029622412978691664,0.00023155733739988957,nan,0.00023155733739988957,-0.013248961326782549,-0.7223242559217834,9.110170704653385e-05,nan,9.110170704653385e-05,8.212797696316443e-05,-0.0038805258900706605,-9.729050645013073e-07,nan,-9.729050645013073e-07
17.609,40.000485378999656,ABORT,TAKEOFF_TRANSITION,ACTIVE_ARM_PROFILE,0.006856172077702202,0.006937898538243942,0.10165433822964165,-0.06619037687778473,-0.027948161587119102,-0.017443034797906876,-0.030143823474645615,-0.030678436160087585,-0.01959885098040104,-0.023551294482704422,0.036451200312474494,0.002886496354112839,0.00943070463836193,-0.01398635283112526,0.002414088463410737,0.14400354081563355,0.14400354081563355,1.019976761885337,0.11607173225945333,0.14400354081563355,"[-0.1477076078778794, 1.9042319342024598, 2.3556397104698674, 1.942259726859078, -0.7651230405892724, 0.004746365953340902]","[-0.15054697866248903, 1.9128735867310893, 2.366505612178613, 1.9509232941378412, -0.7617145294314299, 0.004709965342689552]",2.3556397104698674,2.366505612178613,0.04726448453808771,0.002886496354112839,0.04111366893842513,True,True,-0.002627540456590083,0.00041001867847217585,-4.95563688763731e-05,nan,-4.95563688763731e-05,0.03338594226289082,0.005388883564524213,0.0001508252894378767,nan,0.0001508252894378767,0.04130331469944082,0.004166575806284103,0.00018964576101569014,nan,0.00018964576101569014,0.034050034936559115,0.003017284939353775,0.00015120777398246535,nan,0.00015120777398246535,-0.013294426498857703,-0.7248427512753516,5.948974229531487e-05,nan,5.948974229531487e-05,8.220440288475572e-05,-0.0037111333999697155,-6.353105056025631e-07,nan,-6.353105056025631e-07
17.619,40.08064431599996,ABORT,TAKEOFF_TRANSITION,ACTIVE_ARM_PROFILE,0.006856172077702202,0.006937898538243942,0.10165433822964165,-0.06619037687778473,-0.027948161587119102,-0.017443034797906876,-0.030143823474645615,-0.030678436160087585,-0.01959885098040104,-0.023551294482704422,0.036451200312474494,0.002886496354112839,0.00943070463836193,-0.01398635283112526,0.002414088463410737,0.14400354081563355,0.14400354081563355,1.019976761885337,0.11607173225945333,0.14400354081563355,"[-0.14369424273415327, 1.9070958319571862, 2.3590511710786246, 1.9458455834838992, -0.7305731294882111, 0.004800326947559889]","[-0.146309497313847, 1.9150553846419291, 2.369059409298279, 1.9538253211515124, -0.7274336577208032, 0.004766799496962176]",2.3590511710786246,2.369059409298279,0.04726448453808771,0.002886496354112839,0.04117321015835003,True,True,-0.0025535824550644293,-0.00048194744026131,-4.5644803193516104e-05,nan,-4.5644803193516104e-05,0.03342402182004811,-0.0011881053562315166,0.00013892040133471964,nan,0.00013892040133471964,0.04134788686760693,0.0005655622021617183,0.00017467670925690182,nan,0.00017467670925690182,0.0341006848629295,0.0028684610059251034,0.00013927269574526627,nan,0.00013927269574526627,-0.012696112417053484,0.9108128620799438,5.4794119114673356e-05,nan,5.4794119114673356e-05,8.31963460043994e-05,0.00672852149286809,-5.851644027298419e-07,nan,-5.851644027298419e-07
17.663,40.16064535900023,ABORT,TAKEOFF_TRANSITION,ACTIVE_ARM_PROFILE,0.006856172077702202,0.006937898538243942,0.10165433822964165,-0.06868278980255127,-0.02891707234084606,-0.01523064635694027,-0.026687046512961388,-0.029354173690080643,-0.02085821144282818,-0.023284342690223635,0.03607757096882485,0.0029048880909091175,0.008634096942842007,-0.01378566212952137,-0.0027272270526736957,0.14371434625844517,0.14371434625844517,1.017962075909588,0.11641249533780768,0.14371434625844517,"[-0.13854047633334987, 1.914511542204488, 2.3676115885788813, 1.954104558507145, -0.7630645793039667, 0.00471019311577303]","[-0.14030340751520304, 1.9198770403592338, 2.3743580963069775, 1.9594836632667632, -0.7609482757072593, 0.004687592414271276]",2.3676115885788813,2.3743580963069775,0.04482109937525089,0.0029048880909091175,0.041322617629074854,True,True,-0.002448756412907649,-0.001894573476490035,-3.076895360941238e-05,nan,-3.076895360941238e-05,0.033508175587712685,0.0051168777588271284,9.364560880998837e-05,nan,9.364560880998837e-05,0.041440366401941375,0.003878796564595573,0.00011774877286652163,nan,0.00011774877286652163,0.034199441563044886,0.00263157485648618,9.388308886503632e-05,nan,9.388308886503632e-05,-0.013281052848465258,-0.719448180641033,3.6936465734341284e-05,nan,3.6936465734341284e-05,8.18139216205438e-05,-0.0038348372267750647,-3.944566544660281e-07,nan,-3.944566544660281e-07
17.701999999999998,40.23790273499981,ABORT,TAKEOFF_TRANSITION,ACTIVE_ARM_PROFILE,0.006856172077702202,0.006937898538243942,0.10165433822964165,-0.07086074352264404,-0.029824530705809593,-0.013288525864481926,-0.023401513695716858,-0.026533043012022972,-0.020819002762436867,-0.022944246200246654,0.03575814704213317,0.0028731082885196046,0.005141987930983305,-0.01046037022024393,7.933900633361319e-05,0.14353834742157076,0.14353834742157076,1.0162009566286674,0.11680721435170466,0.14353834742157076,"[-0.13545099669115626, 1.9210365533137943, 2.3754769881412496, 1.9617883241424836, -0.738307846202231, 0.004936926912639808]","[-0.1366281109380948, 1.9246191119439244, 2.379981650856146, 1.9653799679420252, -0.7368947841722584, 0.004921836358906138]",2.3754769881412496,2.379981650856146,0.04104953216238936,0.0028731082885196046,0.0414598947484231,True,True,-0.0023846103866498325,-0.002014649763616899,-2.0544519281210857e-05,nan,-2.0544519281210857e-05,0.0335909403502308,-0.0012961472571540664,6.252744374150507e-05,nan,6.252744374150507e-05,0.04153851594448987,0.0006794265844923906,7.862119606677487e-05,nan,7.862119606677487e-05,0.03430235149332894,0.0028491050945789152,6.268600986083714e-05,nan,6.268600986083714e-05,-0.012861240224578907,0.86634275263953,2.4662584957936204e-05,nan,2.4662584957936204e-05,8.590224970728144e-05,0.005512553541089794,-2.633798486016632e-07,nan,-2.633798486016632e-07
17.701999999999998,40.31057363199943,ABORT,TAKEOFF_TRANSITION,ACTIVE_ARM_PROFILE,0.006856172077702202,0.006937898538243942,0.10165433822964165,-0.07086074352264404,-0.029824530705809593,-0.013288525864481926,-0.023401513695716858,-0.026533043012022972,-0.020819002762436867,-0.022944246200246654,0.03575814704213317,0.0028731082885196046,0.005141987930983305,-0.01046037022024393,7.933900633361319e-05,0.14353834742157076,0.14353834742157076,1.0162009566286674,0.11680721435170466,0.14353834742157076,"[-0.13545099669115626, 1.9210365533137943, 2.3754769881412496, 1.9617883241424836, -0.738307846202231, 0.004936926912639808]","[-0.1366281109380948, 1.9246191119439244, 2.379981650856146, 1.9653799679420252, -0.7368947841722584, 0.004921836358906138]",2.3754769881412496,2.379981650856146,0.04104953216238936,0.0028731082885196046,0.0414598947484231,True,True,-0.0023846103866498325,-0.002014649763616899,-2.0544519281210857e-05,nan,-2.0544519281210857e-05,0.0335909403502308,-0.0012961472571540664,6.252744374150507e-05,nan,6.252744374150507e-05,0.04153851594448987,0.0006794265844923906,7.862119606677487e-05,nan,7.862119606677487e-05,0.03430235149332894,0.0028491050945789152,6.268600986083714e-05,nan,6.268600986083714e-05,-0.012861240224578907,0.86634275263953,2.4662584957936204e-05,nan,2.4662584957936204e-05,8.590224970728144e-05,0.005512553541089794,-2.633798486016632e-07,nan,-2.633798486016632e-07
17.737,40.388419979999526,ABORT,TAKEOFF_TRANSITION,ACTIVE_ARM_PROFILE,0.006856172077702202,0.006937898538243942,0.10165433822964165,-0.07277815788984299,-0.030617879703640938,-0.011904878541827202,-0.01968325674533844,-0.0233434047549963,-0.02284873276948929,-0.02285699311410904,0.03546045048534392,0.0028896123380658693,0.007195945363491774,-0.014847193844616413,0.0018669269047677534,0.14369327994893483,0.14369327994893483,1.014980589981964,0.11743217031390904,0.14369327994893483,"[-0.1296194057054472, 1.927080851569586, 2.3825384042952242, 1.9686863319140384, -0.7294745477007356, 0.00477738800640461]","[-0.13039279457687242, 1.9294346681026684, 2.385498062648087, 1.9710461175949212, -0.7285461361625551, 0.0047674731945232494]",2.3825384042952242,2.385498062648087,0.038136724175393315,0.0028896123380658693,0.04158313971016347,True,True,-0.00227578358624303,-3.411279818745297e-05,-1.3498182204653084e-05,nan,-1.3498182204653084e-05,0.033674987660515576,-0.001179728776730192,4.1081848490165385e-05,nan,4.1081848490165385e-05,0.041634795493155075,0.0005804492798859289,5.1655782991606725e-05,nan,5.1655782991606725e-05,0.03440124446068271,0.0027574599862151663,4.118602977282171e-05,nan,4.118602977282171e-05,-0.012715528828719513,0.9076510798420613,1.6203838154753292e-05,nan,1.6203838154753292e-05,8.32081042450028e-05,0.006835374895580585,-1.7304611204559182e-07,nan,-1.7304611204559182e-07
17.738,40.46317257699957,ABORT,TAKEOFF_TRANSITION,ACTIVE_ARM_PROFILE,0.006856172077702202,0.006937898538243942,0.10165433822964165,-0.07277815788984299,-0.030617879703640938,-0.011904878541827202,-0.01968325674533844,-0.0233434047549963,-0.02284873276948929,-0.02285699311410904,0.03546045048534392,0.0028896123380658693,0.007195945363491774,-0.014847193844616413,0.0018669269047677534,0.14369327994893483,0.14369327994893483,1.014980589981964,0.11743217031390904,0.14369327994893483,"[-0.12962937390352391, 1.9271111898771371, 2.382576551289305, 1.9687167471578502, -0.7294625814177295, 0.004777260214536407]","[-0.13039279457687242, 1.9294346681026684, 2.385498062648087, 1.9710461175949212, -0.7285461361625551, 0.0047674731945232494]",2.382576551289305,2.385498062648087,0.038136724175393315,0.0028896123380658693,0.04158380550080992,True,True,-0.00227578358624303,-3.411279818745297e-05,-1.3324204327723466e-05,nan,-1.3324204327723466e-05,0.033674987660515576,-0.001179728776730192,4.055234513391376e-05,nan,4.055234513391376e-05,0.041634795493155075,0.0005804492798859289,5.098999234515178e-05,nan,5.098999234515178e-05,0.03440124446068271,0.0027574599862151663,4.065518362551118e-05,nan,4.065518362551118e-05,-0.012715528828719513,0.9076510798420613,1.5994987117070453e-05,nan,1.5994987117070453e-05,8.32081042450028e-05,0.006835374895580585,-1.7081572318816804e-07,nan,-1.7081572318816804e-07
17.763,40.54141700499986,ABORT,TAKEOFF_TRANSITION,ACTIVE_ARM_PROFILE,0.006856172077702202,0.006937898538243942,0.10165433822964165,-0.07379873096942902,-0.031046785414218903,-0.011128378100693226,-0.018031161278486252,-0.021939750760793686,-0.02269929088652134,-0.02276235891937358,0.035249197197838186,0.002900770274848492,0.0065254406072199345,-0.011996675282716751,0.003803531173616649,0.1437636626667511,0.1437636626667511,1.0142932281040788,0.11776113962686456,0.1437636626667511,"[-0.1272935643865634, 1.930201570808219, 2.386209521798517, 1.972226049669658, -0.7371191394978792, 0.004925635575155109]","[-0.12783407793471124, 1.931846629035707, 2.3882779966586, 1.9738752796733066, -0.7364702821982926, 0.004918706214845932]",2.386209521798517,2.3882779966586,0.03635564945434808,0.002900770274848492,0.04164721279782352,True,True,-0.002231125556211744,-0.0003573876524211733,-9.43374106681695e-06,nan,-9.43374106681695e-06,0.033717084320226576,-0.001291151854553775,2.8711682456685622e-05,nan,2.8711682456685622e-05,0.0416833144946267,0.0006770425534955255,3.6101696803181316e-05,nan,3.6101696803181316e-05,0.0344506226540231,0.0027859776920422345,2.8784493686349194e-05,nan,2.8784493686349194e-05,-0.012853831267451987,0.8593766335931683,1.1324696253386599e-05,nan,1.1324696253386599e-05,8.58476183873691e-05,0.005649860122862053,-1.209401524521512e-07,nan,-1.209401524521512e-07
17.805,40.62763874899974,ABORT,TAKEOFF_TRANSITION,ACTIVE_ARM_PROFILE,0.006856172077702202,0.006937898538243942,0.10165433822964165,-0.07697278261184692,-0.03193432092666626,-0.008253363892436028,-0.015851253643631935,-0.021483352407813072,-0.022025680169463158,-0.022353159182499,0.03494577716275084,0.00288859561357603,0.01142395380884409,-0.008405813947319984,-0.0036191365215927354,0.14358985366740223,0.14358985366740223,1.0116913837314574,0.1184422822902876,0.14358985366740223,"[-0.1226511512977802, 1.9362318324207546, 2.393383529933708, 1.9790942501967301, -0.7339363253099817, 0.004850324143920512]","[-0.12292092884581696, 1.937052903005405, 2.394415933428202, 1.9799174029707125, -0.7336124719451437, 0.0048468656074229935]",2.393383529933708,2.394415933428202,0.03461108579170155,0.00288859561357603,0.04177242286034747,True,True,-0.002145374927969179,-0.001404765425628736,-4.7085064611984695e-06,nan,-4.7085064611984695e-06,0.03380795094275868,-0.001182196166192485,1.4330385093425796e-05,nan,1.4330385093425796e-05,0.041790441700535474,0.0007674416732020746,1.8018840188004093e-05,nan,1.8018840188004093e-05,0.03455607759937429,0.00263921644651995,1.4366726152917342e-05,nan,1.4366726152917342e-05,-0.012803953069137286,0.9691404341048384,5.652307510085192e-06,nan,5.652307510085192e-06,8.459376325120616e-05,0.004599338677295585,-6.036284918209314e-08,nan,-6.036284918209314e-08
17.83,40.70518080999955,ABORT,TAKEOFF_TRANSITION,ACTIVE_ARM_PROFILE,0.006856172077702202,0.006937898538243942,0.10165433822964165,-0.07817558199167252,-0.03229990601539612,-0.006850665435194969,-0.013701487332582474,-0.02067621424794197,-0.022525768727064133,-0.022089540704500664,0.03484052939194849,0.0028404825579060643,0.002938593504950404,-0.012545821256935596,-0.005590257234871386,0.14332948170774387,0.14332948170774387,1.0103974307348742,0.11856012418764404,0.14332948170774387,"[-0.12124499623489765, 1.9390830557922893, 2.3967212374494373, 1.982329480514909, -0.7369302935323165, 0.004921030552709708]","[-0.12140688084205446, 1.9395757531646667, 2.397340748729563, 1.9828234273404173, -0.73673595981135, 0.004918955199047727]",2.3967212374494373,2.397340748729563,0.03350592257343315,0.0028404825579060643,0.0418306768459655,True,True,-0.002118949805270276,-0.002875272055921526,-2.82541940318376e-06,nan,-2.82541940318376e-06,0.03385198298457226,-0.0014191333498431054,8.599191363912323e-06,nan,8.599191363912323e-06,0.04184148935755694,0.0005046908199400242,1.0812511591434815e-05,nan,1.0812511591434815e-05,0.03460679729276883,0.0025929191160633637,8.620998434894639e-06,nan,8.620998434894639e-06,-0.01285846821654868,0.8637574338313265,3.3917632785169377e-06,nan,3.3917632785169377e-06,8.585196398147588e-05,0.005559031148292855,-3.622175454488666e-08,nan,-3.622175454488666e-08
17.839,40.7814377349996,ABORT,TAKEOFF_TRANSITION,ACTIVE_ARM_PROFILE,0.006856172077702202,0.006937898538243942,0.10165433822964165,-0.07817558199167252,-0.03229990601539612,-0.006850665435194969,-0.013701487332582474,-0.02067621424794197,-0.022525768727064133,-0.022089540704500664,0.03484052939194849,0.0028404825579060643,0.002938593504950404,-0.012545821256935596,-0.005590257234871386,0.14332948170774387,0.14332948170774387,1.0103974307348742,0.11856012418764404,0.14332948170774387,"[-0.12127544971641831, 1.9391757412587365, 2.396837778951761, 1.9824224010265432, -0.7368937357737735, 0.004920640140393776]","[-0.12140688084205446, 1.9395757531646667, 2.397340748729563, 1.9828234273404173, -0.73673595981135, 0.004918955199047727]",2.396837778951761,2.397340748729563,0.03350592257343315,0.0028404825579060643,0.04183271087889627,True,True,-0.002118949805270276,-0.002875272055921526,-2.2939058819532177e-06,nan,-2.2939058819532177e-06,0.03385198298457226,-0.0014191333498431054,6.981524805663858e-06,nan,6.981524805663858e-06,0.04184148935755694,0.0005046908199400242,8.77847866066761e-06,nan,8.77847866066761e-06,0.03460679729276883,0.0025929191160633637,6.999229564232795e-06,nan,6.999229564232795e-06,-0.01285846821654868,0.8637574338313265,2.7537100247918694e-06,nan,2.7537100247918694e-06,8.585196398147588e-05,0.005559031148292855,-2.9407774191538417e-08,nan,-2.9407774191538417e-08
17.861,40.86068891499963,ABORT,TAKEOFF_TRANSITION,ACTIVE_ARM_PROFILE,0.006856172077702202,0.006937898538243942,0.10165433822964165,-0.07891137152910233,-0.03253662958741188,-0.005901185795664787,-0.012673905119299889,-0.02000790275633335,-0.022156158462166786,-0.022000219484708025,0.0346580596867533,0.002772881016834771,0.0071346210315823555,-0.006117096170783043,0.002211190294474364,0.14311708722387617,0.14311708722387617,1.0095161377643436,0.11859631861321782,0.14311708722387617,"[-0.1185422630303929, 1.9437659498636495, 2.402051228911077, 1.987645245182921, -0.7293648217931316, 0.00476906329114907]","[-0.11861564704348186, 1.9439892948194077, 2.4023320599591176, 1.9878691565290645, -0.7292767282518524, 0.004768122511275247]",2.402051228911077,2.4023320599591176,0.0324320736537236,0.0027728810168347706,0.0419237027460743,True,True,-0.002070233585292236,-0.0019523916151210526,-1.28079264672884e-06,nan,-1.28079264672884e-06,0.03392901381812141,-0.0013342969893054266,3.898104845707212e-06,nan,3.898104845707212e-06,0.041928604172504436,0.0004499241916341376,4.901426430135858e-06,nan,4.901426430135858e-06,0.03469486188027471,0.0025424836462709195,3.907990222772745e-06,nan,3.907990222772745e-06,-0.012728280066166775,0.9099997464513931,1.5375223450624087e-06,nan,1.5375223450624087e-06,8.32194369602135e-05,0.006765792363989633,-1.6419706334717434e-08,nan,-1.6419706334717434e-08
17.882,40.99932673100011,ABORT,TAKEOFF_TRANSITION,ACTIVE_ARM_PROFILE,0.006856172077702202,0.006937898538243942,0.10165433822964165,-0.07992494851350784,-0.03288423269987106,-0.004459667950868607,-0.010406361892819405,-0.01975027099251747,-0.021603086963295937,-0.02189847434957779,0.034604493671764554,0.002796643505110925,0.007440728135406971,-0.0076378220692276955,-0.0009384138393215825,0.14274784529053028,0.14274784529053028,1.0081709154181722,0.11859540242334934,0.14274784529053028,"[-0.11752430136118908, 1.9460694539699432, 2.4047389485296002, 1.9903141013474261, -0.7360687593488271, 0.004915797489070701]","[-0.11756106193938626, 1.9461813351463129, 2.404879626468393, 1.9904262662482357, -0.7360246302616248, 0.004915326220048167]",2.4047389485296002,2.404879626468393,0.03106539776770817,0.0027966435051109254,0.04197061230278798,True,True,-0.0020518276029832805,-0.0026231508725116925,-6.415931244774936e-07,nan,-6.415931244774936e-07,0.0339672721391624,-0.0016722353311245562,1.952694898655488e-06,nan,1.952694898655488e-06,0.04197306759600483,0.00023448277742602595,2.455293216852006e-06,nan,2.455293216852006e-06,0.03473949186420899,0.002348089165583612,1.9576468243028e-06,nan,1.9576468243028e-06,-0.012846053173839245,0.862413090060677,7.701978675805909e-07,nan,7.701978675805909e-07,8.578862634944784e-05,0.005563005069954766,-8.225196105866948e-09,nan,-8.225196105866948e-09
17.889,41.08184775300015,ABORT,TAKEOFF_TRANSITION,ACTIVE_ARM_PROFILE,0.006856172077702202,0.006937898538243942,0.10165433822964165,-0.08054444938898087,-0.033119190484285355,-0.0034550251439213753,-0.00974610261619091,-0.020099932327866554,-0.02193981595337391,-0.02176365878462994,0.03456586422181212,0.002798466242611977,0.0051743038929998875,0.0001706745824776585,-0.003980623558163643,0.14244794586977017,0.14244794586977017,1.007227023362805,0.11854408237760591,0.14244794586977017,"[-0.11753305688451351, 1.9460961014901215, 2.4047724547755505, 1.9903408164442329, -0.7360582488163155, 0.004915685243640373]","[-0.11756106193938626, 1.9461813351463129, 2.404879626468393, 1.9904262662482357, -0.7360246302616248, 0.004915326220048167]",2.4047724547755505,2.404879626468393,0.031310530494676365,0.002798466242611977,0.04197119709709979,True,True,-0.0020518276029832805,-0.0026231508725116925,-4.887804147309799e-07,nan,-4.887804147309799e-07,0.0339672721391624,-0.0016722353311245562,1.4876079340517268e-06,nan,1.4876079340517268e-06,0.04197306759600483,0.00023448277742602595,1.8704989050433163e-06,nan,1.8704989050433163e-06,0.03473949186420899,0.002348089165583612,1.491380425027583e-06,nan,1.491380425027583e-06,-0.012846053173839245,0.862413090060677,5.867544691159909e-07,nan,5.867544691159909e-07,8.578862634944784e-05,0.005563005069954766,-6.266143776314961e-09,nan,-6.266143776314961e-09
17.917,41.15740241000003,ABORT,TAKEOFF_TRANSITION,ACTIVE_ARM_PROFILE,0.006856172077702202,0.006937898538243942,0.10165433822964165,-0.08141346275806427,-0.03347121924161911,-0.0020247637294232845,-0.008542817085981369,-0.018727436661720276,-0.0235849991440773,-0.02167540100334748,0.03467893724945653,0.0027513003065104073,0.0014243656769394875,-0.008807643316686153,-0.0025787081103771916,0.14203443743270355,0.14203443743270355,1.0058837415739386,0.11848841887345173,0.14203443743270355,"[-0.11568260637943885, 1.9504341300091956, 2.409969897004032, 1.995349301748524, -0.7334347112577335, 0.004813567386895331]","[-0.11568923637171953, 1.9504543084550219, 2.4099952691198694, 1.9953695313657662, -0.7334267523103543, 0.004813482390681051]",2.409969897004032,2.4099952691198694,0.0313041337894759,0.0027513003065104073,0.04206190957666899,True,True,-0.0020191580838044842,-0.0031991468944188774,-1.1571519467970526e-07,nan,-1.1571519467970526e-07,0.03404184959224921,-0.0016664281720883403,3.521803175997318e-07,nan,3.521803175997318e-07,0.042062352403628545,0.0001309363004699483,4.4282695955272233e-07,nan,4.4282695955272233e-07,0.034825768116308886,0.002274850454375905,3.5307342729357094e-07,nan,3.5307342729357094e-07,-0.01280071165002461,0.8751976541708131,1.389098367617081e-07,nan,1.389098367617081e-07,8.401111620415236e-05,0.00544916628335934,-1.4834637909218315e-09,nan,-1.4834637909218315e-09
17.924,41.24049970299984,ABORT,TAKEOFF_TRANSITION,ACTIVE_ARM_PROFILE,0.006856172077702202,0.006937898538243942,0.10165433822964165,-0.08141346275806427,-0.03347121924161911,-0.0020247637294232845,-0.008542817085981369,-0.018727436661720276,-0.0235849991440773,-0.02167540100334748,0.03467893724945653,0.0027513003065104073,0.0014243656769394875,-0.008807643316686153,-0.0025787081103771916,0.14203443743270355,0.14203443743270355,1.0058837415739386,0.11848841887345173,0.14203443743270355,"[-0.115685233472746, 1.9504421255931623, 2.409979950547518, 1.9953573176088468, -0.7334315575742137, 0.00481353370767276]","[-0.11568923637171953, 1.9504543084550219, 2.4099952691198694, 1.9953695313657662, -0.7334267523103543, 0.004813482390681051]",2.409979950547518,2.4099952691198694,0.0313041337894759,0.0027513003065104073,0.04206208504410431,True,True,-0.0020191580838044842,-0.0031991468944188774,-6.986376671277994e-08,nan,-6.986376671277994e-08,0.03404184959224921,-0.0016664281720883403,2.1263105176236308e-07,nan,2.1263105176236308e-07,0.042062352403628545,0.0001309363004699483,2.673595242350113e-07,nan,2.673595242350113e-07,0.034825768116308886,0.002274850454375905,2.1317027228129337e-07,nan,2.1317027228129337e-07,-0.01280071165002461,0.8751976541708131,8.386767577465981e-08,nan,8.386767577465981e-08,8.401111620415236e-05,0.00544916628335934,-8.956504675422397e-10,nan,-8.956504675422397e-10
17.938,41.315493086999595,ABORT,TAKEOFF_TRANSITION,ACTIVE_ARM_PROFILE,0.006856172077702202,0.006937898538243942,0.10165433822964165,-0.08194483816623688,-0.0336860716342926,-0.0010637518716976047,-0.007652116473764181,-0.01843135617673397,-0.024238403886556625,-0.021639259620693126,0.034630839559183134,0.0027128192271121633,-0.0001546108105685562,-0.0036972058005630966,0.00310152885504067,0.1417283754475093,0.1417283754475093,1.0049767874113715,0.11841786613141807,0.1417283754475093,"[-0.1146703837928579, 1.9521615414192297, 2.412017436890524, 1.99736056997303, -0.7335237598277629, 0.004894193550393604]","[-0.11467139758761938, 1.9521646269134214, 2.4120213165508666, 1.9973636632918632, -0.7335225428219476, 0.00489418055358861]",2.412017436890524,2.4120213165508666,0.03139697437667403,0.0027128192271121633,0.04209764588925418,True,True,-0.002001393445767441,-0.0022069335067291494,-1.7694056527253754e-08,nan,-1.7694056527253754e-08,0.03407170028060591,-0.001958200011011879,5.385203269425709e-08,nan,5.385203269425709e-08,0.04209771360210102,-0.00010010026914136338,6.771284683654288e-08,nan,6.771284683654288e-08,0.034860572284138414,0.001992186819742032,5.398859845295867e-08,nan,5.398859845295867e-08,-0.012802383509844084,0.8594165631943212,2.1240758490623235e-08,nan,2.1240758490623235e-08,8.541956484720004e-05,0.005563175294985501,-2.268370393729074e-10,nan,-2.268370393729074e-10
17.946,41.392173989000185,ABORT,TAKEOFF_TRANSITION,ACTIVE_ARM_PROFILE,0.006856172077702202,0.006937898538243942,0.10165433822964165,-0.08266984671354294,-0.0340198278427124,0.0003865708422381431,-0.006383857224136591,-0.01874355785548687,-0.026063771918416023,-0.021658120734323886,0.03465624428865933,0.0027754520412127015,-0.0001546108105685562,-0.0036972058005630966,0.00310152885504067,0.14123598727851527,0.14123598727851527,1.0036028397701096,0.11827624430569171,0.14123598727851527,"[-0.11467109629830857, 1.952163709936481, 2.4120201635559653, 1.9973627439895203, -0.7335229045034805, 0.004894184416104544]","[-0.11467139758761938, 1.9521646269134214, 2.4120213165508666, 1.9973636632918632, -0.7335225428219476, 0.00489418055358861]",2.4120201635559653,2.4120213165508666,0.03273216767577968,0.0027754520412127015,0.04209769347854373,True,True,-0.002001393445767441,-0.0022069335067291494,-5.2584904746549865e-09,nan,-5.2584904746549865e-09,0.03407170028060591,-0.001958200011011879,1.600426677295097e-08,nan,1.600426677295097e-08,0.04209771360210102,-0.00010010026914136338,2.012355728581161e-08,nan,2.012355728581161e-08,0.034860572284138414,0.001992186819742032,1.6044852703400725e-08,nan,1.6044852703400725e-08,-0.012802383509844084,0.8594165631943212,6.3125335913322145e-09,nan,6.3125335913322145e-09,8.541956484720004e-05,0.005563175294985501,-6.74136204487346e-11,nan,-6.74136204487346e-11
17.946,41.464134820000254,ABORT,TAKEOFF_TRANSITION,ACTIVE_ARM_PROFILE,0.006856172077702202,0.006937898538243942,0.10165433822964165,-0.08266984671354294,-0.0340198278427124,0.0003865708422381431,-0.006383857224136591,-0.01874355785548687,-0.026063771918416023,-0.021658120734323886,0.03465624428865933,0.0027754520412127015,-0.0001546108105685562,-0.0036972058005630966,0.00310152885504067,0.14123598727851527,0.14123598727851527,1.0036028397701096,0.11827624430569171,0.14123598727851527,"[-0.11467109629830857, 1.952163709936481, 2.4120201635559653, 1.9973627439895203, -0.7335229045034805, 0.004894184416104544]","[-0.11467139758761938, 1.9521646269134214, 2.4120213165508666, 1.9973636632918632, -0.7335225428219476, 0.00489418055358861]",2.4120201635559653,2.4120213165508666,0.03273216767577968,0.0027754520412127015,0.04209769347854373,True,True,-0.002001393445767441,-0.0022069335067291494,-5.2584904746549865e-09,nan,-5.2584904746549865e-09,0.03407170028060591,-0.001958200011011879,1.600426677295097e-08,nan,1.600426677295097e-08,0.04209771360210102,-0.00010010026914136338,2.012355728581161e-08,nan,2.012355728581161e-08,0.034860572284138414,0.001992186819742032,1.6044852703400725e-08,nan,1.6044852703400725e-08,-0.012802383509844084,0.8594165631943212,6.3125335913322145e-09,nan,6.3125335913322145e-09,8.541956484720004e-05,0.005563175294985501,-6.74136204487346e-11,nan,-6.74136204487346e-11
17.974,41.54122680199998,ABORT,TAKEOFF_TRANSITION,ACTIVE_ARM_PROFILE,0.006856172077702202,0.006937898538243942,0.10165433822964165,-0.08348279446363449,-0.034100066870450974,0.0015069189248606563,-0.005518166348338127,-0.017883308231830597,-0.02688075415790081,-0.02168756760229879,0.03455527582020866,0.002788007095415451,0.00422873068600893,-0.006301702931523323,0.002972216811031104,0.14097783185327262,0.14097783185327262,1.0025570430090007,0.11831394531113451,0.14097783185327262,"[-0.11353716034744474, 1.9541546317549188, 2.4142150854764175, 1.9994585057208882, -0.7650546541487911, 0.004720050032452706]","[-0.11353716034744474, 1.9541546317549188, 2.4142150854764175, 1.9994585057208882, -0.7650546541487911, 0.004720050032452706]",2.4142150854764175,2.4142150854764175,0.03275420304724407,0.0027880070954154506,0.04213600209287982,True,True,-0.0019815972714276597,-0.0023512846104606355,0.0,nan,0.0,0.03410643241722067,0.004887267220403858,0.0,nan,0.0,0.04213600209287982,0.003642893863045415,0.0,nan,0.0,0.034897134181835376,0.0022431910498632145,0.0,nan,0.0,-0.013352722672602901,-0.7226849455816381,0.0,nan,0.0,8.238041392516493e-05,-0.0037885895524434852,0.0,nan,0.0
17.99,41.61760341900026,ABORT,TAKEOFF_TRANSITION,ACTIVE_ARM_PROFILE,0.006856172077702202,0.006937898538243942,0.10165433822964165,-0.08461413532495499,-0.034206051379442215,0.0031121373176574707,-0.004597874823957682,-0.017176128923892975,-0.027226276695728302,-0.021631649321873316,0.03448434173743312,0.0028494299669248185,-0.0034185671247541904,-0.008967043831944466,-0.003332469845190643,0.1406065685227526,0.1406065685227526,1.0010569497341957,0.11836718196919084,0.1406065685227526,"[-0.11262789489966761, 1.9558037436128703, 2.416232799319307, 2.0015240799292715, -0.7321879804642756, 0.004800804511024789]","[-0.11262789489966761, 1.9558037436128703, 2.416232799319307, 2.0015240799292715, -0.7321879804642756, 0.004800804511024789]",2.416232799319307,2.416232799319307,0.03251814878524506,0.0028494299669248185,0.04217121784280131,True,True,-0.0019657275955893283,-0.0033922757746198823,0.0,nan,0.0,0.034135214848875606,-0.0017043333300068688,0.0,nan,0.0,0.04217121784280131,0.00010975354637274802,0.0,nan,0.0,0.03493318525271594,0.002163978069684284,0.0,nan,0.0,-0.012779091002629528,0.8736174340461078,0.0,nan,0.0,8.378984546197898e-05,0.0054314897479770426,0.0,nan,0.0
18.004,41.693519057999765,ABORT,TAKEOFF_TRANSITION,ACTIVE_ARM_PROFILE,0.006856172077702202,0.006937898538243942,0.10165433822964165,-0.08530289679765701,-0.03428679704666138,0.004128440283238888,-0.003077038563787937,-0.0170805174857378,-0.027665970847010612,-0.02171621937396658,0.034381082415280116,0.002828435815797314,-0.0034185671247541904,-0.008967043831944466,-0.003332469845190643,0.14037118747197902,0.14037118747197902,1.0001061604182253,0.11840105930389654,0.14037118747197902,"[-0.11222816202814104, 1.9577375081688888, 2.4185313979054768, 2.003779026080481, -0.7372913187634398, 0.004925817345006291]","[-0.11222816202814104, 1.9577375081688888, 2.4185313979054768, 2.003779026080481, -0.7372913187634398, 0.004925817345006291]",2.4185313979054768,2.4185313979054768,0.03265912103549748,0.002828435815797314,0.04221133595631166,True,True,-0.001958750940852738,-0.0026271358092458466,0.0,nan,0.0,0.03416896540733649,-0.0018582854237194349,0.0,nan,0.0,0.04221133595631166,3.19889759369113e-05,0.0,nan,0.0,0.03497254148750972,0.0021268496379253004,0.0,nan,0.0,-0.01286816105879307,0.8647400310051191,0.0,nan,0.0,8.597173102220523e-05,0.0055779408944975255,0.0,nan,0.0
18.013,41.76563868099947,ABORT,TAKEOFF_TRANSITION,ACTIVE_ARM_PROFILE,0.006856172077702202,0.006937898538243942,0.10165433822964165,-0.08530289679765701,-0.03428679704666138,0.004128440283238888,-0.003077038563787937,-0.0170805174857378,-0.027665970847010612,-0.02171621937396658,0.034381082415280116,0.002828435815797314,-0.0013998574577271938,-0.007958090864121914,-0.005807096604257821,0.14037118747197902,0.14037118747197902,1.0001061604182253,0.11840105930389654,0.14037118747197902,"[-0.11222816202814104, 1.9577375081688888, 2.4185313979054768, 2.003779026080481, -0.7372913187634398, 0.004925817345006291]","[-0.11222816202814104, 1.9577375081688888, 2.4185313979054768, 2.003779026080481, -0.7372913187634398, 0.004925817345006291]",2.4185313979054768,2.4185313979054768,0.03265912103549748,0.002828435815797314,0.04221133595631166,True,True,-0.001958750940852738,-0.0026271358092458466,0.0,nan,0.0,0.03416896540733649,-0.0018582854237194349,0.0,nan,0.0,0.04221133595631166,3.19889759369113e-05,0.0,nan,0.0,0.03497254148750972,0.0021268496379253004,0.0,nan,0.0,-0.01286816105879307,0.8647400310051191,0.0,nan,0.0,8.597173102220523e-05,0.0055779408944975255,0.0,nan,0.0
18.028,41.85073187699982,ABORT,TAKEOFF_TRANSITION,ACTIVE_ARM_PROFILE,0.006856172077702202,0.006937898538243942,0.10165433822964165,-0.08623223006725311,-0.034410350024700165,0.005652165971696377,-0.0007367826183326542,-0.016790810972452164,-0.028419192880392075,-0.021813249061835228,0.03430074540276993,0.0027660116119242106,-0.003965867683291435,-0.014056089334189892,0.0005132096121087688,0.13996980156936756,0.13996980156936756,0.9986729618488592,0.11839515958639224,0.13996980156936756,"[-0.1110601381920082, 1.9596971801794691, 2.4206922025307915, 2.0058199750849472, -0.7656637428602024, 0.004724423423939461]","[-0.1110601381920082, 1.9596971801794691, 2.4206922025307915, 2.0058199750849472, -0.7656637428602024, 0.004724423423939461]",2.4206922025307915,2.4206922025307915,0.03301703659797809,0.002766011611924211,0.042249049111515724,True,True,-0.0019383650791704454,-0.002197145208172182,0.0,nan,0.0,0.034203168136180295,0.004744808921978028,0.0,nan,0.0,0.042249049111515724,0.0034757415808551063,0.0,nan,0.0,0.03500816276750296,0.002069890327894651,0.0,nan,0.0,-0.013363353276053758,-0.7236365075232565,0.0,nan,0.0,8.245674400608749e-05,-0.0037583859543668455,0.0,nan,0.0
18.037,41.92700069999955,ABORT,TAKEOFF_TRANSITION,ACTIVE_ARM_PROFILE,0.006856172077702202,0.006937898538243942,0.10165433822964165,-0.08623223006725311,-0.034410350024700165,0.005652165971696377,-0.0007367826183326542,-0.016790810972452164,-0.028419192880392075,-0.021813249061835228,0.03430074540276993,0.0027660116119242106,-0.003965867683291435,-0.014056089334189892,0.0005132096121087688,0.13996980156936756,0.13996980156936756,0.9986729618488592,0.11839515958639224,0.13996980156936756,"[-0.10971703387012764, 1.9611070042736536, 2.422391219380429, 2.0076297102464506, -0.7309821020099256, 0.004804481168727245]","[-0.10971703387012764, 1.9611070042736536, 2.422391219380429, 2.0076297102464506, -0.7309821020099256, 0.004804481168727245]",2.422391219380429,2.422391219380429,0.03301703659797809,0.002766011611924211,0.042278702549588765,True,True,-0.001914923486555864,-0.0020039959597884065,0.0,nan,0.0,0.03422777420849776,-0.00200084821465041,0.0,nan,0.0,0.042278702549588765,-0.00033164175916733027,0.0,nan,0.0,0.035039748604660303,0.0018454260179224494,0.0,nan,0.0,-0.012758044453222261,0.8689083983620983,0.0,nan,0.0,8.385401524435565e-05,0.005538407416456124,0.0,nan,0.0
18.056,42.03004373099975,ABORT,TAKEOFF_TRANSITION,ACTIVE_ARM_PROFILE,0.006856172077702202,0.006937898538243942,0.10165433822964165,-0.08678621053695679,-0.0344926156103611,0.006547995842993259,0.00020203884923830628,-0.015941569581627846,-0.029150454327464104,-0.021907717390097902,0.03413274169667976,0.0027601590338652902,-0.00484370905905962,-0.007427313830703497,0.00026198278646916243,0.1397519219421842,0.1397519219421842,0.9978318853567381,0.11841373290469877,0.1397519219421842,"[-0.10927161180084866, 1.962539087899508, 2.424064477629332, 2.0092879585483256, -0.7349428192306899, 0.004905045891669447]","[-0.10927161180084866, 1.962539087899508, 2.424064477629332, 2.0092879585483256, -0.7349428192306899, 0.004905045891669447]",2.424064477629332,2.424064477629332,0.033225343458270745,0.0027601590338652907,0.04230790641526827,True,True,-0.0019071494048858995,-0.001788333558124737,0.0,nan,0.0,0.03425276878293282,-0.0021327471774110042,0.0,nan,0.0,0.04230790641526827,-0.0002717368257222348,0.0,nan,0.0,0.035068690497343624,0.0017745482264442702,0.0,nan,0.0,-0.012827172009465038,0.8592643839225309,0.0,nan,0.0,8.560920077105294e-05,0.00561678958444462,0.0,nan,0.0
18.063,42.10919281399947,ABORT,TAKEOFF_TRANSITION,ACTIVE_ARM_PROFILE,0.006856172077702202,0.006937898538243942,0.10165433822964165,-0.08678621053695679,-0.0344926156103611,0.006547995842993259,0.00020203884923830628,-0.015941569581627846,-0.029150454327464104,-0.021907717390097902,0.03413274169667976,0.0027601590338652902,-0.00484370905905962,-0.007427313830703497,0.00026198278646916243,0.1397519219421842,0.1397519219421842,0.9978318853567381,0.11841373290469877,0.1397519219421842,"[-0.10927161180084866, 1.962539087899508, 2.424064477629332, 2.0092879585483256, -0.7349428192306899, 0.004905045891669447]","[-0.10927161180084866, 1.962539087899508, 2.424064477629332, 2.0092879585483256, -0.7349428192306899, 0.004905045891669447]",2.424064477629332,2.424064477629332,0.033225343458270745,0.0027601590338652907,0.04230790641526827,True,True,-0.0019071494048858995,-0.001788333558124737,0.0,nan,0.0,0.03425276878293282,-0.0021327471774110042,0.0,nan,0.0,0.04230790641526827,-0.0002717368257222348,0.0,nan,0.0,0.035068690497343624,0.0017745482264442702,0.0,nan,0.0,-0.012827172009465038,0.8592643839225309,0.0,nan,0.0,8.560920077105294e-05,0.00561678958444462,0.0,nan,0.0
18.078,42.18299585299974,ABORT,TAKEOFF_TRANSITION,ACTIVE_ARM_PROFILE,0.006856172077702202,0.006937898538243942,0.10165433822964165,-0.08752329647541046,-0.03460196033120155,0.007936574518680573,0.002591450233012438,-0.014953392557799816,-0.03001469373703003,-0.022027353581735857,0.03407377527213622,0.0027396280609162326,-0.003683092538267374,-0.003358019515872002,-0.003469371004030108,0.13934153434724683,0.13934153434724683,0.9965176683142221,0.11835744341230572,0.13934153434724683,"[-0.1090571732355566, 1.964388549179382, 2.426200361885688, 2.0112142797600563, -0.7700750096379655, 0.004734201079950551]","[-0.1090571732355566, 1.964388549179382, 2.426200361885688, 2.0112142797600563, -0.7700750096379655, 0.004734201079950551]",2.426200361885688,2.426200361885688,0.033633337678939224,0.0027396280609162326,0.0423451846279832,True,True,-0.0019034067458783,-0.001960676812251129,0.0,nan,0.0,0.03428504797165477,0.0048651391830121845,0.0,nan,0.0,0.0423451846279832,0.003759552966067063,0.0,nan,0.0,0.035102311144939335,0.0022026544175527242,0.0,nan,0.0,-0.013440344405509563,-0.7282437526109892,0.0,nan,0.0,8.262739629660842e-05,-0.0037952798276673257,0.0,nan,0.0
18.09,42.2588102969994,ABORT,TAKEOFF_TRANSITION,ACTIVE_ARM_PROFILE,0.006856172077702202,0.006937898538243942,0.10165433822964165,-0.08795259147882462,-0.03466951474547386,0.008911238983273506,0.003907949663698673,-0.014258002862334251,-0.030301013961434364,-0.022156167500831544,0.034083829108357104,0.002682606229415543,-0.0012321644462645054,-0.01173475943505764,-0.001385622657835482,0.1390005789380073,0.1390005789380073,0.9955875480409534,0.11825636646759229,0.1390005789380073,"[-0.1090571732355566, 1.964388549179382, 2.426200361885688, 2.0112142797600563, -0.7700750096379655, 0.004734201079950551]","[-0.1090571732355566, 1.964388549179382, 2.426200361885688, 2.0112142797600563, -0.7700750096379655, 0.004734201079950551]",2.426200361885688,2.426200361885688,0.03371519187676936,0.002682606229415543,0.0423451846279832,True,True,-0.0019034067458783,-0.001960676812251129,0.0,nan,0.0,0.03428504797165477,0.0048651391830121845,0.0,nan,0.0,0.0423451846279832,0.003759552966067063,0.0,nan,0.0,0.035102311144939335,0.0022026544175527242,0.0,nan,0.0,-0.013440344405509563,-0.7282437526109892,0.0,nan,0.0,8.262739629660842e-05,-0.0037952798276673257,0.0,nan,0.0
18.122,42.335007320999466,ABORT,TAKEOFF_TRANSITION,ACTIVE_ARM_PROFILE,0.006856172077702202,0.006937898538243942,0.10165433822964165,-0.08851099014282227,-0.03475450724363327,0.01040854025632143,0.005229221191257238,-0.012460133992135525,-0.030708225443959236,-0.022199625997792394,0.033975723356497456,0.002635427927903635,0.0023700445890426636,-0.009784029796719551,0.0023197913542389883,0.13841585161268383,0.13841585161268383,0.9941495502928295,0.11803109374889105,0.13841585161268383,"[-0.10768068925559311, 1.9676057479814768, 2.430299698636202, 2.0151455969992638, -0.7381381939147255, 0.004920374329621494]","[-0.10768068925559311, 1.9676057479814768, 2.430299698636202, 2.0151455969992638, -0.7381381939147255, 0.004920374329621494]",2.430299698636202,2.430299698636202,0.03354988529467858,0.002635427927903635,0.04241673155142767,True,True,-0.0018793825683269816,-0.0016611436548610928,0.0,nan,0.0,0.03434119868344254,-0.0021973974834470344,0.0,nan,0.0,0.04241673155142767,-0.0002826353937147308,0.0,nan,0.0,0.035170925574703915,0.0017147623826993703,0.0,nan,0.0,-0.012882941818536331,0.8616247074374841,0.0,nan,0.0,8.587673248250383e-05,0.005626397844672864,0.0,nan,0.0
18.161,42.414120904999436,ABORT,TAKEOFF_TRANSITION,ACTIVE_ARM_PROFILE,0.006856172077702202,0.006937898538243942,0.10165433822964165,-0.08925659954547882,-0.034869443625211716,0.012212799862027168,0.0077922833152115345,-0.011492324993014336,-0.03207031637430191,-0.021992106240862844,0.03370587245942227,0.0025663693111724365,0.007408161647617817,-0.018882593140006065,-1.6511112335114899e-06,0.13778718196344483,0.13778718196344483,0.9924243907812672,0.11785190832013967,0.13778718196344483,"[-0.10669333852574278, 1.97055852992407, 2.4338643566795777, 2.01856286612803, -0.7319252970640199, 0.004839905063601028]","[-0.10669333852574278, 1.97055852992407, 2.4338643566795777, 2.01856286612803, -0.7319252970640199, 0.004839905063601028]",2.4338643566795777,2.4338643566795777,0.03494708006911884,0.0025663693111724365,0.04247894657099227,True,True,-0.0018621500472191244,-0.0015365145232306733,0.0,nan,0.0,0.034392734450434226,-0.0022684841021980706,0.0,nan,0.0,0.04247894657099227,-0.0005262598902864013,0.0,nan,0.0,0.035230568172427645,0.0013891510410410264,0.0,nan,0.0,-0.012774506312404732,0.9646134899148425,0.0,nan,0.0,8.44722788437835e-05,0.004603516135106154,0.0,nan,0.0
18.197,42.48641521799982,ABORT,TAKEOFF_TRANSITION,ACTIVE_ARM_PROFILE,0.006856172077702202,0.006937898538243942,0.10165433822964165,-0.09076065570116043,-0.03436919301748276,0.01440608873963356,0.010006565600633621,-0.010907451622188091,-0.03194853663444519,-0.02169884766595984,0.03311631293017145,0.0025387406075908802,0.01779763214290142,-0.021346071735024452,-0.0004974218318238828,0.1372864811897807,0.1372864811897807,0.9903605888591713,0.11794496657399367,0.1372864811897807,"[-0.10614305326816803, 1.973134360783452, 2.4366433462269734, 2.021310845377405, -0.7635613760630482, 0.004686125225007384]","[-0.10614305326816803, 1.973134360783452, 2.4366433462269734, 2.021310845377405, -0.7635613760630482, 0.004686125225007384]",2.4366433462269734,2.4366433462269734,0.03521097625872711,0.0025387406075908807,0.042527449088472835,True,True,-0.0018525457576492599,-0.0038648827549397045,0.0,nan,0.0,0.03443769117990492,0.004130079497700302,0.0,nan,0.0,0.042527449088472835,0.002742182417640973,0.0,nan,0.0,0.03527852945810572,0.0013964955539768854,0.0,nan,0.0,-0.013326660053358808,-0.7181291432692737,0.0,nan,0.0,8.178831433713896e-05,-0.003768572020104298,0.0,nan,0.0
18.199,42.560748633,ABORT,TAKEOFF_TRANSITION,ACTIVE_ARM_PROFILE,0.006856172077702202,0.006937898538243942,0.10165433822964165,-0.09076065570116043,-0.03436919301748276,0.01440608873963356,0.010006565600633621,-0.010907451622188091,-0.03194853663444519,-0.02169884766595984,0.03311631293017145,0.0025387406075908802,0.01779763214290142,-0.021346071735024452,-0.0004974218318238828,0.1372864811897807,0.1372864811897807,0.9903605888591713,0.11794496657399367,0.1372864811897807,"[-0.10614305326816803, 1.973134360783452, 2.4366433462269734, 2.021310845377405, -0.7635613760630482, 0.004686125225007384]","[-0.10614305326816803, 1.973134360783452, 2.4366433462269734, 2.021310845377405, -0.7635613760630482, 0.004686125225007384]",2.4366433462269734,2.4366433462269734,0.03521097625872711,0.0025387406075908807,0.042527449088472835,True,True,-0.0018525457576492599,-0.0038648827549397045,0.0,nan,0.0,0.03443769117990492,0.004130079497700302,0.0,nan,0.0,0.042527449088472835,0.002742182417640973,0.0,nan,0.0,0.03527852945810572,0.0013964955539768854,0.0,nan,0.0,-0.013326660053358808,-0.7181291432692737,0.0,nan,0.0,8.178831433713896e-05,-0.003768572020104298,0.0,nan,0.0
18.21,42.633471825000015,ABORT,TAKEOFF_TRANSITION,ACTIVE_ARM_PROFILE,0.006856172077702202,0.006937898538243942,0.10165433822964165,-0.09127859771251678,-0.034200966358184814,0.015213122591376305,0.010438075289130211,-0.011722465045750141,-0.032428693026304245,-0.021404379687930894,0.03277628481617599,0.002495394322538064,0.01186194084584713,-0.015210576355457306,-0.0029388819821178896,0.13709457687219792,0.13709457687219792,0.9895992534437488,0.1179707671266519,0.13709457687219792,"[-0.10614305326816803, 1.973134360783452, 2.4366433462269734, 2.021310845377405, -0.7635613760630482, 0.004686125225007384]","[-0.10614305326816803, 1.973134360783452, 2.4366433462269734, 2.021310845377405, -0.7635613760630482, 0.004686125225007384]",2.4366433462269734,2.4366433462269734,0.03602762459397869,0.002495394322538064,0.042527449088472835,True,True,-0.0018525457576492599,-0.0038648827549397045,0.0,nan,0.0,0.03443769117990492,0.004130079497700302,0.0,nan,0.0,0.042527449088472835,0.002742182417640973,0.0,nan,0.0,0.03527852945810572,0.0013964955539768854,0.0,nan,0.0,-0.013326660053358808,-0.7181291432692737,0.0,nan,0.0,8.178831433713896e-05,-0.003768572020104298,0.0,nan,0.0
18.21,42.710523507999824,ABORT,TAKEOFF_TRANSITION,ACTIVE_ARM_PROFILE,0.006856172077702202,0.006937898538243942,0.10165433822964165,-0.09127859771251678,-0.034200966358184814,0.015213122591376305,0.010438075289130211,-0.011722465045750141,-0.032428693026304245,-0.021404379687930894,0.03277628481617599,0.002495394322538064,0.01186194084584713,-0.015210576355457306,-0.0029388819821178896,0.13709457687219792,0.13709457687219792,0.9895992534437488,0.1179707671266519,0.13709457687219792,"[-0.10614305326816803, 1.973134360783452, 2.4366433462269734, 2.021310845377405, -0.7635613760630482, 0.004686125225007384]","[-0.10614305326816803, 1.973134360783452, 2.4366433462269734, 2.021310845377405, -0.7635613760630482, 0.004686125225007384]",2.4366433462269734,2.4366433462269734,0.03602762459397869,0.002495394322538064,0.042527449088472835,True,True,-0.0018525457576492599,-0.0038648827549397045,0.0,nan,0.0,0.03443769117990492,0.004130079497700302,0.0,nan,0.0,0.042527449088472835,0.002742182417640973,0.0,nan,0.0,0.03527852945810572,0.0013964955539768854,0.0,nan,0.0,-0.013326660053358808,-0.7181291432692737,0.0,nan,0.0,8.178831433713896e-05,-0.003768572020104298,0.0,nan,0.0
18.233,42.78694442199958,ABORT,TAKEOFF_TRANSITION,ACTIVE_ARM_PROFILE,0.006856172077702202,0.006937898538243942,0.10165433822964165,-0.09196536242961884,-0.033972036093473434,0.016388507559895515,0.011892699636518955,-0.011128157377243042,-0.03229937702417374,-0.021172245094361986,0.032518748031404345,0.0024170172396353424,0.015489719808101654,-0.021516431123018265,-0.0008882118272595082,0.1367829679227456,0.1367829679227456,0.9884853540560917,0.11797153756187226,0.1367829679227456,"[0.10654167862297342, 1.973977464175346, 2.4377634332131093, 2.0224873942356187, -0.7320331152249095, 0.004839166848819018]","[0.10654167862297342, 1.973977464175346, 2.4377634332131093, 2.0224873942356187, -0.7320331152249095, 0.004839166848819018]",2.4377634332131093,2.4377634332131093,0.036173497859715874,0.0024170172396353424,0.04254699829428965,True,True,0.0018595030825725445,-0.0027672783967937348,0.0,nan,0.0,0.0344524061100282,-0.0022701395806202732,0.0,nan,0.0,0.04254699829428965,-0.0005050342722731811,0.0,nan,0.0,0.03529906410949213,0.001387087776963631,0.0,nan,0.0,-0.012776388094305702,0.9669121859055431,0.0,nan,0.0,8.445939456525053e-05,0.004563121397643853,0.0,nan,0.0
18.236,42.86163991899957,ABORT,TAKEOFF_TRANSITION,ACTIVE_ARM_PROFILE,0.006856172077702202,0.006937898538243942,0.10165433822964165,-0.09196536242961884,-0.033972036093473434,0.016388507559895515,0.011892699636518955,-0.011128157377243042,-0.03229937702417374,-0.021172245094361986,0.032518748031404345,0.0024170172396353424,0.015489719808101654,-0.021516431123018265,-0.0008882118272595082,0.1367829679227456,0.1367829679227456,0.9884853540560917,0.11797153756187226,0.1367829679227456,"[0.10654167862297342, 1.973977464175346, 2.4377634332131093, 2.0224873942356187, -0.7320331152249095, 0.004839166848819018]","[0.10654167862297342, 1.973977464175346, 2.4377634332131093, 2.0224873942356187, -0.7320331152249095, 0.004839166848819018]",2.4377634332131093,2.4377634332131093,0.036173497859715874,0.0024170172396353424,0.04254699829428965,True,True,0.0018595030825725445,-0.0027672783967937348,0.0,nan,0.0,0.0344524061100282,-0.0022701395806202732,0.0,nan,0.0,0.04254699829428965,-0.0005050342722731811,0.0,nan,0.0,0.03529906410949213,0.001387087776963631,0.0,nan,0.0,-0.012776388094305702,0.9669121859055431,0.0,nan,0.0,8.445939456525053e-05,0.004563121397643853,0.0,nan,0.0
18.262,42.936460209999495,ABORT,TAKEOFF_TRANSITION,ACTIVE_ARM_PROFILE,0.006856172077702202,0.006937898538243942,0.10165433822964165,-0.09237124770879745,-0.03383801132440567,0.017131319269537926,0.011945981532335281,-0.01137416623532772,-0.032421160489320755,-0.02095465758003694,0.032257675025551116,0.0024113952490545107,0.007654651999473572,-0.015374003909528255,0.0017389305867254754,0.13657560688769865,0.13657560688769865,0.9877794804380731,0.11796032942545656,0.13657560688769865,"[-0.10594437583244332, 1.976119378610152, 2.4399546515691672, 2.024755146387624, -0.7614419769985905, 0.00468608466728653]","[-0.10594437583244332, 1.976119378610152, 2.4399546515691672, 2.024755146387624, -0.7614419769985905, 0.00468608466728653]",2.4399546515691672,2.4399546515691672,0.03637595056894126,0.0024113952490545107,0.04258524226923299,True,True,-0.0018490781822464442,-0.011048397688608283,0.0,nan,0.0,0.03448978956921156,0.003934125864967492,0.0,nan,0.0,0.04258524226923299,0.0024861629277394643,0.0,nan,0.0,0.03533864385116381,0.001202700820073268,0.0,nan,0.0,-0.013289669561520334,-0.716591196387273,0.0,nan,0.0,8.178760647137295e-05,-0.00377967107683674,0.0,nan,0.0
18.262,43.00981177199992,ABORT,TAKEOFF_TRANSITION,ACTIVE_ARM_PROFILE,0.006856172077702202,0.006937898538243942,0.10165433822964165,-0.09237124770879745,-0.03383801132440567,0.017131319269537926,0.011945981532335281,-0.01137416623532772,-0.032421160489320755,-0.02095465758003694,0.032257675025551116,0.0024113952490545107,0.007654651999473572,-0.015374003909528255,0.0017389305867254754,0.13657560688769865,0.13657560688769865,0.9877794804380731,0.11796032942545656,0.13657560688769865,"[-0.10594437583244332, 1.976119378610152, 2.4399546515691672, 2.024755146387624, -0.7614419769985905, 0.00468608466728653]","[-0.10594437583244332, 1.976119378610152, 2.4399546515691672, 2.024755146387624, -0.7614419769985905, 0.00468608466728653]",2.4399546515691672,2.4399546515691672,0.03637595056894126,0.0024113952490545107,0.04258524226923299,True,True,-0.0018490781822464442,-0.011048397688608283,0.0,nan,0.0,0.03448978956921156,0.003934125864967492,0.0,nan,0.0,0.04258524226923299,0.0024861629277394643,0.0,nan,0.0,0.03533864385116381,0.001202700820073268,0.0,nan,0.0,-0.013289669561520334,-0.716591196387273,0.0,nan,0.0,8.178760647137295e-05,-0.00377967107683674,0.0,nan,0.0
18.293,43.089956406000056,ABORT,TAKEOFF_TRANSITION,ACTIVE_ARM_PROFILE,0.006856172077702202,0.006937898538243942,0.10165433822964165,-0.09321268647909164,-0.03353390097618103,0.01868920400738716,0.013967931270599365,-0.00978064350783825,-0.033202435821294785,-0.020786240980433465,0.031847518256991725,0.0025391796110167614,0.0025662549305707216,-0.006607401184737682,-0.0008403914980590336,0.13614314711109085,0.13614314711109085,0.9862981322941787,0.11794073606942705,0.13614314711109085,"[-0.10600941034673117, 1.9766483221239897, 2.4405802222507536, 2.025599477424059, -0.7269509744407422, 0.004753137997998236]","[-0.10600941034673117, 1.9766483221239897, 2.4405802222507536, 2.025599477424059, -0.7269509744407422, 0.004753137997998236]",2.4405802222507536,2.4405802222507536,0.03732513678306893,0.0025391796110167614,0.04259616053733062,True,True,-0.0018502132486482026,-0.005000261727246104,0.0,nan,0.0,0.03449902137508509,-0.0026777179666895986,0.0,nan,0.0,0.04259616053733062,-0.0011577667099054167,0.0,nan,0.0,0.03535338020772638,0.001013283757289549,0.0,nan,0.0,-0.012687688004572095,0.9117484635345957,0.0,nan,0.0,8.295790786672086e-05,0.006452279471350657,0.0,nan,0.0
18.314,43.16421562300002,ABORT,TAKEOFF_TRANSITION,ACTIVE_ARM_PROFILE,0.006856172077702202,0.006937898538243942,0.10165433822964165,-0.0936058908700943,-0.0333576425909996,0.019469091668725014,0.01410134881734848,-0.009683101437985897,-0.033426858484745026,-0.020734463637733687,0.031802386264832845,0.0025215009358961447,0.006113419774919748,-0.007691871374845505,-0.001040805014781653,0.13590721643424328,0.13590721643424328,0.985553477654951,0.11790899406367335,0.13590721643424328,"[-0.10653887369958584, 1.9774444968177034, 2.4415038013663644, 2.0265329695133216, -0.7354491832300752, 0.004914249130904844]","[-0.10653887369958584, 1.9774444968177034, 2.4415038013663644, 2.0265329695133216, -0.7354491832300752, 0.004914249130904844]",2.4415038013663644,2.4415038013663644,0.0375495054572764,0.002521500935896145,0.04261228003380069,True,True,-0.001859454127424165,-0.0028663918036040126,0.0,nan,0.0,0.034512917244911456,-0.0025974486749417358,0.0,nan,0.0,0.04261228003380069,-0.0008533126153645737,0.0,nan,0.0,0.03536967271822533,0.0012801215714146243,0.0,nan,0.0,-0.012836009728467879,0.8617579978057257,0.0,nan,0.0,8.576982759755936e-05,0.005591625727400723,0.0,nan,0.0
18.319,43.23545558499973,ABORT,TAKEOFF_TRANSITION,ACTIVE_ARM_PROFILE,0.006856172077702202,0.006937898538243942,0.10165433822964165,-0.0936058908700943,-0.0333576425909996,0.019469091668725014,0.01410134881734848,-0.009683101437985897,-0.033426858484745026,-0.020734463637733687,0.031802386264832845,0.0025215009358961447,0.006113419774919748,-0.007691871374845505,-0.001040805014781653,0.13590721643424328,0.13590721643424328,0.985553477654951,0.11790899406367335,0.13590721643424328,"[-0.10624484873244311, 1.9786042402527961, 2.442690073018514, 2.0276909133565817, -0.7648722747259635, 0.004719738628669399]","[-0.10624484873244311, 1.9786042402527961, 2.442690073018514, 2.0276909133565817, -0.7648722747259635, 0.004719738628669399]",2.442690073018514,2.442690073018514,0.0375495054572764,0.002521500935896145,0.042632984379953776,True,True,-0.0018543224236644562,-0.002653265186265477,0.0,nan,0.0,0.03453315858633221,0.003984670055053455,0.0,nan,0.0,0.042632984379953776,0.00256841163029588,0.0,nan,0.0,0.03538988265084342,0.0012037396255504072,0.0,nan,0.0,-0.013349539551186673,-0.7222495098435192,0.0,nan,0.0,8.237497890384304e-05,-0.0037058314495648174,0.0,nan,0.0
18.361,43.31275755600018,ABORT,TAKEOFF_TRANSITION,ACTIVE_ARM_PROFILE,0.006856172077702202,0.006937898538243942,0.10165433822964165,-0.09409303218126297,-0.03307083621621132,0.02061660960316658,0.015321210958063602,-0.007526010274887085,-0.03472093865275383,-0.020512783643266308,0.0316878743500401,0.0024073200572738485,0.0025888257659971714,-0.011721964925527573,-2.7375412173567766e-05,0.13549374213633944,0.13549374213633944,0.984448578798456,0.11778655849646229,0.13549374213633944,"[0.10624466476498745, 1.9800371730785573, 2.444410206154632, 2.029563504647775, -0.7350895269662594, 0.004919435435528191]","[0.10624466476498745, 1.9800371730785573, 2.444410206154632, 2.029563504647775, -0.7350895269662594, 0.004919435435528191]",2.444410206154632,2.444410206154632,0.0386901010183159,0.0024073200572738485,0.04266300636675169,True,True,0.0018543192128266384,-0.0023084267650967175,0.0,nan,0.0,0.03455816798210165,-0.0027712622494870543,0.0,nan,0.0,0.04266300636675169,-0.001111120889046826,0.0,nan,0.0,0.035422565534418915,0.0010633452080712072,0.0,nan,0.0,-0.01282973254248887,0.8595918262649449,0.0,nan,0.0,8.586034568924816e-05,0.005601892279245698,0.0,nan,0.0
18.37,43.38815121799962,ABORT,TAKEOFF_TRANSITION,ACTIVE_ARM_PROFILE,0.006856172077702202,0.006937898538243942,0.10165433822964165,-0.09451744705438614,-0.03282450512051582,0.021317332983016968,0.016185931861400604,-0.008166443556547165,-0.034406136721372604,-0.02047385731157332,0.03157009816472086,0.002410657568536242,0.008123038336634636,-0.006974998861551285,-0.0019801289308816186,0.13532070725744846,0.13532070725744846,0.9837838983504255,0.11780384741298561,0.13532070725744846,"[0.10624466476498745, 1.9800371730785573, 2.444410206154632, 2.029563504647775, -0.7350895269662594, 0.004919435435528191]","[0.10624466476498745, 1.9800371730785573, 2.444410206154632, 2.029563504647775, -0.7350895269662594, 0.004919435435528191]",2.444410206154632,2.444410206154632,0.038890325720851944,0.002410657568536242,0.04266300636675169,True,True,0.0018543192128266384,-0.0023084267650967175,0.0,nan,0.0,0.03455816798210165,-0.0027712622494870543,0.0,nan,0.0,0.04266300636675169,-0.001111120889046826,0.0,nan,0.0,0.035422565534418915,0.0010633452080712072,0.0,nan,0.0,-0.01282973254248887,0.8595918262649449,0.0,nan,0.0,8.586034568924816e-05,0.005601892279245698,0.0,nan,0.0
18.389,43.463101600999835,ABORT,TAKEOFF_TRANSITION,ACTIVE_ARM_PROFILE,0.006856172077702202,0.006937898538243942,0.10165433822964165,-0.09545435011386871,-0.032284051179885864,0.022523922845721245,0.017590424045920372,-0.0062033128924667835,-0.033092621713876724,-0.020348728181137896,0.0314828004789058,0.0023663892595916043,0.009303057566285133,-0.0005275126313790678,0.0006796178640797735,0.13515704543099194,0.13515704543099194,0.982656234053987,0.11798827009531915,0.13515704543099194,"[0.106157600068828, 1.9809713419978454, 2.4452971460713293, 2.030417379408389, -0.7636042067012003, 0.004707008538605041]","[0.106157600068828, 1.9809713419978454, 2.4452971460713293, 2.030417379408389, -0.7636042067012003, 0.004707008538605041]",2.4452971460713293,2.4452971460713293,0.037987178374484246,0.0023663892595916043,0.04267848638856542,True,True,0.0018527996472164077,-0.007704839429835315,0.0,nan,0.0,0.034574472305513027,0.003922059074925223,0.0,nan,0.0,0.04267848638856542,0.0024674716202527083,0.0,nan,0.0,0.03543746846039131,0.0010992732617521785,0.0,nan,0.0,-0.013327407589015294,-0.72576982772585,0.0,nan,0.0,8.215279691814459e-05,-0.003507602475975818,0.0,nan,0.0
18.389,43.5361751749997,ABORT,TAKEOFF_TRANSITION,ACTIVE_ARM_PROFILE,0.006856172077702202,0.006937898538243942,0.10165433822964165,-0.09545435011386871,-0.032284051179885864,0.022523922845721245,0.017590424045920372,-0.0062033128924667835,-0.033092621713876724,-0.020348728181137896,0.0314828004789058,0.0023663892595916043,0.009303057566285133,-0.0005275126313790678,0.0006796178640797735,0.13515704543099194,0.13515704543099194,0.982656234053987,0.11798827009531915,0.13515704543099194,"[0.106157600068828, 1.9809713419978454, 2.4452971460713293, 2.030417379408389, -0.7636042067012003, 0.004707008538605041]","[0.106157600068828, 1.9809713419978454, 2.4452971460713293, 2.030417379408389, -0.7636042067012003, 0.004707008538605041]",2.4452971460713293,2.4452971460713293,0.037987178374484246,0.0023663892595916043,0.04267848638856542,True,True,0.0018527996472164077,-0.007704839429835315,0.0,nan,0.0,0.034574472305513027,0.003922059074925223,0.0,nan,0.0,0.04267848638856542,0.0024674716202527083,0.0,nan,0.0,0.03543746846039131,0.0010992732617521785,0.0,nan,0.0,-0.013327407589015294,-0.72576982772585,0.0,nan,0.0,8.215279691814459e-05,-0.003507602475975818,0.0,nan,0.0
18.41,43.61269388300025,ABORT,TAKEOFF_TRANSITION,ACTIVE_ARM_PROFILE,0.006856172077702202,0.006937898538243942,0.10165433822964165,-0.09601045399904251,-0.03192303702235222,0.023328550159931183,0.01799711212515831,-0.005350412800908089,-0.03244584798812866,-0.02023566321747125,0.03152248780828857,0.002383869830261301,0.006655271630734205,0.00087770726531744,1.1141386494273213e-05,0.1350060893063673,0.1350060893063673,0.9818982678987344,0.11806324274853099,0.1350060893063673,"[0.10647143605924597, 1.9815369439888801, 2.4460733241028163, 2.0312640250589915, -0.7318084292439748, 0.004840008425674177]","[0.10647143605924597, 1.9815369439888801, 2.4460733241028163, 2.0312640250589915, -0.7318084292439748, 0.004840008425674177]",2.4460733241028163,2.4460733241028163,0.03748674450595029,0.002383869830261301,0.04269203325079651,True,True,0.0018582771185604585,-0.008571738286738033,0.0,nan,0.0,0.03458434392251242,-0.0025900670996315423,0.0,nan,0.0,0.04269203325079651,-0.000854641534837034,0.0,nan,0.0,0.035452245214592004,0.0010097777725084104,0.0,nan,0.0,-0.012772466584155318,0.9629599887526474,0.0,nan,0.0,8.447408285228164e-05,0.004685400317092921,0.0,nan,0.0
18.41,43.684832902999915,ABORT,TAKEOFF_TRANSITION,ACTIVE_ARM_PROFILE,0.006856172077702202,0.006937898538243942,0.10165433822964165,-0.09601045399904251,-0.03192303702235222,0.023328550159931183,0.01799711212515831,-0.005350412800908089,-0.03244584798812866,-0.02023566321747125,0.03152248780828857,0.002383869830261301,0.006655271630734205,0.00087770726531744,1.1141386494273213e-05,0.1350060893063673,0.1350060893063673,0.9818982678987344,0.11806324274853099,0.1350060893063673,"[0.10647143605924597, 1.9815369439888801, 2.4460733241028163, 2.0312640250589915, -0.7318084292439748, 0.004840008425674177]","[0.10647143605924597, 1.9815369439888801, 2.4460733241028163, 2.0312640250589915, -0.7318084292439748, 0.004840008425674177]",2.4460733241028163,2.4460733241028163,0.03748674450595029,0.002383869830261301,0.04269203325079651,True,True,0.0018582771185604585,-0.008571738286738033,0.0,nan,0.0,0.03458434392251242,-0.0025900670996315423,0.0,nan,0.0,0.04269203325079651,-0.000854641534837034,0.0,nan,0.0,0.035452245214592004,0.0010097777725084104,0.0,nan,0.0,-0.012772466584155318,0.9629599887526474,0.0,nan,0.0,8.447408285228164e-05,0.004685400317092921,0.0,nan,0.0
18.444,43.758136966000166,ABORT,TAKEOFF_TRANSITION,ACTIVE_ARM_PROFILE,0.006856172077702202,0.006937898538243942,0.10165433822964165,-0.09676069766283035,-0.031412363052368164,0.02424701675772667,0.01800403743982315,-0.006052450276911259,-0.032948993146419525,-0.02014235262966176,0.0315971918799985,0.002389731632180297,0.008072610944509506,-0.009808136150240898,-0.0048346957191824904,0.13490400911889633,0.13490400911889633,0.9810419223819783,0.11822918218082307,0.13490400911889633,"[-0.10661384149264423, 1.9834344686552614, 2.448256332413637, 2.033310295704245, -0.765387109550218, 0.004715566708121275]","[-0.10661384149264423, 1.9834344686552614, 2.448256332413637, 2.033310295704245, -0.765387109550218, 0.004715566708121275]",2.448256332413637,2.448256332413637,0.03803174552728073,0.0023897316321802972,0.042730133933418735,True,True,-0.0018607625622459878,-0.004294989218051427,0.0,nan,0.0,0.03461746197557858,0.00372668890671955,0.0,nan,0.0,0.042730133933418735,0.0022951919368251706,0.0,nan,0.0,0.03548795937473859,0.0010076249708571043,0.0,nan,0.0,-0.01335852511397384,-0.7184675654632606,0.0,nan,0.0,8.230216515414668e-05,-0.0038983594470727197,0.0,nan,0.0
18.447,43.833988106000106,ABORT,TAKEOFF_TRANSITION,ACTIVE_ARM_PROFILE,0.006856172077702202,0.006937898538243942,0.10165433822964165,-0.0972122922539711,-0.031106505542993546,0.024798933416604996,0.018390187993645668,-0.00612308643758297,-0.03443989157676697,-0.02004744761471165,0.03153155931280884,0.002319549865072395,0.008072610944509506,-0.009808136150240898,-0.0048346957191824904,0.13484945383361766,0.13484945383361766,0.9805279010399239,0.1183365644015368,0.13484945383361766,"[-0.10661384149264423, 1.9834344686552614, 2.448256332413637, 2.033310295704245, -0.765387109550218, 0.004715566708121275]","[-0.10661384149264423, 1.9834344686552614, 2.448256332413637, 2.033310295704245, -0.765387109550218, 0.004715566708121275]",2.448256332413637,2.448256332413637,0.03951958164990118,0.002319549865072395,0.042730133933418735,True,True,-0.0018607625622459878,-0.004294989218051427,0.0,nan,0.0,0.03461746197557858,0.00372668890671955,0.0,nan,0.0,0.042730133933418735,0.0022951919368251706,0.0,nan,0.0,0.03548795937473859,0.0010076249708571043,0.0,nan,0.0,-0.01335852511397384,-0.7184675654632606,0.0,nan,0.0,8.230216515414668e-05,-0.0038983594470727197,0.0,nan,0.0
18.458,43.91308998899967,ABORT,TAKEOFF_TRANSITION,ACTIVE_ARM_PROFILE,0.006856172077702202,0.006937898538243942,0.10165433822964165,-0.0972122922539711,-0.031106505542993546,0.024798933416604996,0.018390187993645668,-0.00612308643758297,-0.03443989157676697,-0.02004744761471165,0.03153155931280884,0.002319549865072395,0.010295859538018703,-0.010622093454003334,0.004258644301444293,0.13484945383361766,0.13484945383361766,0.9805279010399239,0.1183365644015368,0.13484945383361766,"[-0.10556671973679485, 1.9834608847256043, 2.448306194426411, 2.033605510360716, -0.72392766209234, 0.004802493528100385]","[-0.10556671973679485, 1.9834608847256043, 2.448306194426411, 2.033605510360716, -0.72392766209234, 0.004802493528100385]",2.448306194426411,2.448306194426411,0.03951958164990118,0.002319549865072395,0.04273100418971332,True,True,-0.001842486839937152,-0.0017545936386513424,0.0,nan,0.0,0.0346179230229815,-0.003294153001614529,0.0,nan,0.0,0.04273100418971332,-0.0018764373591158325,0.0,nan,0.0,0.03549311184249415,0.00019234341999836094,0.0,nan,0.0,-0.012634921249776276,0.9551011781916,0.0,nan,0.0,8.381932437107054e-05,0.004645411718731535,0.0,nan,0.0
18.481,44.02975116000016,ABORT,TAKEOFF_TRANSITION,ACTIVE_ARM_PROFILE,0.006856172077702202,0.006937898538243942,0.10165433822964165,-0.09779826551675797,-0.0306661669164896,0.025683023035526276,0.01914099045097828,-0.006080694496631622,-0.03682215139269829,-0.019883786006199777,0.031423860777556746,0.0023697356108929317,0.019178612157702446,-0.00740427803248167,0.000590821902733297,0.13467834933373762,0.13467834933373762,0.9796930571013693,0.11841301538139978,0.13467834933373762,"[-0.10557295729692596, 1.9836099355470553, 2.4483289447312044, 2.0337853391158345, -0.7290637179413059, 0.004879782914276758]","[-0.10557295729692596, 1.9836099355470553, 2.4483289447312044, 2.0337853391158345, -0.7290637179413059, 0.004879782914276758]",2.4483289447312044,2.4483289447312044,0.04194309471405991,0.0023697356108929317,0.042731401257437795,True,True,-0.0018425957058987308,-0.002926399891653053,0.0,nan,0.0,0.034620524450568624,-0.003264907429990151,0.0,nan,0.0,0.042731401257437795,-0.0017413244337891832,0.0,nan,0.0,0.03549625044636073,0.00045532048925195476,0.0,nan,0.0,-0.012724562334907041,0.8527838633830134,0.0,nan,0.0,8.516827863669363e-05,0.005601739931314173,0.0,nan,0.0
18.482,44.10350190000008,ABORT,TAKEOFF_TRANSITION,ACTIVE_ARM_PROFILE,0.006856172077702202,0.006937898538243942,0.10165433822964165,-0.09779826551675797,-0.0306661669164896,0.025683023035526276,0.01914099045097828,-0.006080694496631622,-0.03682215139269829,-0.019883786006199777,0.031423860777556746,0.0023697356108929317,0.019178612157702446,-0.00740427803248167,0.000590821902733297,0.13467834933373762,0.13467834933373762,0.9796930571013693,0.11841301538139978,0.13467834933373762,"[-0.10557295729692596, 1.9836099355470553, 2.4483289447312044, 2.0337853391158345, -0.7290637179413059, 0.004879782914276758]","[-0.10557295729692596, 1.9836099355470553, 2.4483289447312044, 2.0337853391158345, -0.7290637179413059, 0.004879782914276758]",2.4483289447312044,2.4483289447312044,0.04194309471405991,0.0023697356108929317,0.042731401257437795,True,True,-0.0018425957058987308,-0.002926399891653053,0.0,nan,0.0,0.034620524450568624,-0.003264907429990151,0.0,nan,0.0,0.042731401257437795,-0.0017413244337891832,0.0,nan,0.0,0.03549625044636073,0.00045532048925195476,0.0,nan,0.0,-0.012724562334907041,0.8527838633830134,0.0,nan,0.0,8.516827863669363e-05,0.005601739931314173,0.0,nan,0.0
18.51,44.1818714179999,ABORT,TAKEOFF_TRANSITION,ACTIVE_ARM_PROFILE,0.006856172077702202,0.006937898538243942,0.10165433822964165,-0.09855077415704727,-0.030024679377675056,0.02731708064675331,0.020434781908988953,-0.005683024413883686,-0.037797991186380386,-0.01924082395584839,0.0314378678313653,0.002373963695831364,0.008656495250761509,0.003322903532534838,0.002227277727797627,0.13417482754104973,0.13417482754104973,0.9781236108285292,0.11834219255670048,0.13417482754104973,"[-0.10654067543582468, 1.984341468617755, 2.449044900508601, 2.0344027651594003, -0.7664003586806343, 0.00471460638156764]","[-0.10654067543582468, 1.984341468617755, 2.449044900508601, 2.0344027651594003, -0.7664003586806343, 0.00471460638156764]",2.449044900508601,2.449044900508601,0.04334241820529203,0.002373963695831364,0.04274389704305204,True,True,-0.0018594855736537852,-0.00510853921587379,0.0,nan,0.0,0.034633292111239555,0.004037846704496895,0.0,nan,0.0,0.04274389704305204,0.0027063511743778603,0.0,nan,0.0,0.03550702656370852,0.0012926575018923723,0.0,nan,0.0,-0.013376209647442572,-0.7185974486824188,0.0,nan,0.0,8.228540429389142e-05,-0.003952147704589279,0.0,nan,0.0
18.52,44.255401968000115,ABORT,TAKEOFF_TRANSITION,ACTIVE_ARM_PROFILE,0.006856172077702202,0.006937898538243942,0.10165433822964165,-0.09855077415704727,-0.030024679377675056,0.02731708064675331,0.020434781908988953,-0.005683024413883686,-0.037797991186380386,-0.01924082395584839,0.0314378678313653,0.002373963695831364,0.008656495250761509,0.003322903532534838,0.002227277727797627,0.13417482754104973,0.13417482754104973,0.9781236108285292,0.11834219255670048,0.13417482754104973,"[-0.10703595440715913, 1.9851098093267454, 2.4501357577139737, 2.0354755829649576, -0.735247216071735, 0.004802080067136458]","[-0.10703595440715913, 1.9851098093267454, 2.4501357577139737, 2.0354755829649576, -0.735247216071735, 0.004802080067136458]",2.4501357577139737,2.4501357577139737,0.04334241820529203,0.002373963695831364,0.042762936092954895,True,True,-0.001868129822419462,-0.0036232330232001536,0.0,nan,0.0,0.034646702186388545,-0.0023303286946434088,0.0,nan,0.0,0.042762936092954895,-0.0005659262008413261,0.0,nan,0.0,0.03552575076668951,0.0014283557821017914,0.0,nan,0.0,-0.012832484736573946,0.9192043793812644,0.0,nan,0.0,8.381210811592155e-05,0.006698588353190294,0.0,nan,0.0
18.536,44.329474094000034,ABORT,TAKEOFF_TRANSITION,ACTIVE_ARM_PROFILE,0.006856172077702202,0.006937898538243942,0.10165433822964165,-0.09878804534673691,-0.02978186123073101,0.02801339328289032,0.020921362563967705,-0.005193143617361784,-0.03699812293052673,-0.019062372336036616,0.03159024983969767,0.002419916101643104,0.012729980051517487,-0.002899967832490802,0.001370324869640172,0.1339105305992171,0.1339105305992171,0.9774476972192613,0.11825621422421329,0.1339105305992171,"[-0.10703595440715913, 1.9851098093267454, 2.4501357577139737, 2.0354755829649576, -0.735247216071735, 0.004802080067136458]","[-0.10703595440715913, 1.9851098093267454, 2.4501357577139737, 2.0354755829649576, -0.735247216071735, 0.004802080067136458]",2.4501357577139737,2.4501357577139737,0.04281977641868186,0.0024199161016431035,0.042762936092954895,True,True,-0.001868129822419462,-0.0036232330232001536,0.0,nan,0.0,0.034646702186388545,-0.0023303286946434088,0.0,nan,0.0,0.042762936092954895,-0.0005659262008413261,0.0,nan,0.0,0.03552575076668951,0.0014283557821017914,0.0,nan,0.0,-0.012832484736573946,0.9192043793812644,0.0,nan,0.0,8.381210811592155e-05,0.006698588353190294,0.0,nan,0.0
18.56,44.40747702899989,ABORT,TAKEOFF_TRANSITION,ACTIVE_ARM_PROFILE,0.006856172077702202,0.006937898538243942,0.10165433822964165,-0.09908290207386017,-0.029438801109790802,0.029136035591363907,0.02112928219139576,-0.005511526484042406,-0.03583197295665741,-0.018828210975376312,0.03165644688630574,0.0024315056857709657,0.004060204140841961,-0.004136938601732254,-0.0023516577202826734,0.13343633660630227,0.13343633660630227,0.9763508088189476,0.11806428355327729,0.13343633660630227,"[0.10640064945268381, 1.9870805314290951, 2.4523674736472576, 2.0375327195057795, -0.7654988338009974, 0.00472090154220558]","[0.10640064945268381, 1.9870805314290951, 2.4523674736472576, 2.0375327195057795, -0.7654988338009974, 0.00472090154220558]",2.4523674736472576,2.4523674736472576,0.041961336681218375,0.0024315056857709657,0.042801886883959916,True,True,0.001857041659209635,-0.0035113860558513184,0.0,nan,0.0,0.034681097775716374,0.003811725956230472,0.0,nan,0.0,0.042801886883959916,0.0023914286775498254,0.0,nan,0.0,0.03556165457248994,0.001005740897072848,0.0,nan,0.0,-0.013360475070004263,-0.721272126604332,0.0,nan,0.0,8.239527557396542e-05,-0.003824309192960791,0.0,nan,0.0
18.561,44.48424312399948,ABORT,TAKEOFF_TRANSITION,ACTIVE_ARM_PROFILE,0.006856172077702202,0.006937898538243942,0.10165433822964165,-0.09908290207386017,-0.029438801109790802,0.029136035591363907,0.02112928219139576,-0.005511526484042406,-0.03583197295665741,-0.018828210975376312,0.03165644688630574,0.0024315056857709657,0.004060204140841961,-0.004136938601732254,-0.0023516577202826734,0.13343633660630227,0.13343633660630227,0.9763508088189476,0.11806428355327729,0.13343633660630227,"[0.10640064945268381, 1.9870805314290951, 2.4523674736472576, 2.0375327195057795, -0.7654988338009974, 0.00472090154220558]","[0.10640064945268381, 1.9870805314290951, 2.4523674736472576, 2.0375327195057795, -0.7654988338009974, 0.00472090154220558]",2.4523674736472576,2.4523674736472576,0.041961336681218375,0.0024315056857709657,0.042801886883959916,True,True,0.001857041659209635,-0.0035113860558513184,0.0,nan,0.0,0.034681097775716374,0.003811725956230472,0.0,nan,0.0,0.042801886883959916,0.0023914286775498254,0.0,nan,0.0,0.03556165457248994,0.001005740897072848,0.0,nan,0.0,-0.013360475070004263,-0.721272126604332,0.0,nan,0.0,8.239527557396542e-05,-0.003824309192960791,0.0,nan,0.0
18.591,44.56632906199957,ABORT,TAKEOFF_TRANSITION,ACTIVE_ARM_PROFILE,0.006856172077702202,0.006937898538243942,0.10165433822964165,-0.10039829462766647,-0.028400635346770287,0.03129671514034271,0.022683149203658104,-0.003744577057659626,-0.03514818847179413,-0.018727832954250755,0.03174600337823465,0.0023868986797978674,0.009625506587326527,-0.0005550732603296638,2.8876951546408304e-05,0.13305084641659062,0.13305084641659062,0.9743061468296986,0.1182934811722719,0.13305084641659062,"[-0.10626387908241423, 1.9873881517203267, 2.4528257872217356, 2.0380873337531273, -0.7307111783610717, 0.004787994365635766]","[-0.10626387908241423, 1.9873881517203267, 2.4528257872217356, 2.0380873337531273, -0.7307111783610717, 0.004787994365635766]",2.4528257872217356,2.4528257872217356,0.04199931270848283,0.0023868986797978674,0.04280988596484114,True,True,-0.001854654565929259,-0.0077774068811243754,0.0,nan,0.0,0.03468646676264431,-0.002842954060175417,0.0,nan,0.0,0.04280988596484114,-0.0012627977906953984,0.0,nan,0.0,0.03557133441718463,0.0008575508471182951,0.0,nan,0.0,-0.012753315943528243,0.9070163975813622,0.0,nan,0.0,8.356626624728136e-05,0.007004579336841049,0.0,nan,0.0
18.591,44.639506329999676,ABORT,TAKEOFF_TRANSITION,ACTIVE_ARM_PROFILE,0.006856172077702202,0.006937898538243942,0.10165433822964165,-0.10039829462766647,-0.028400635346770287,0.03129671514034271,0.022683149203658104,-0.003744577057659626,-0.03514818847179413,-0.018727832954250755,0.03174600337823465,0.0023868986797978674,0.009625506587326527,-0.0005550732603296638,2.8876951546408304e-05,0.13305084641659062,0.13305084641659062,0.9743061468296986,0.1182934811722719,0.13305084641659062,"[-0.10626387908241423, 1.9873881517203267, 2.4528257872217356, 2.0380873337531273, -0.7307111783610717, 0.004787994365635766]","[-0.10626387908241423, 1.9873881517203267, 2.4528257872217356, 2.0380873337531273, -0.7307111783610717, 0.004787994365635766]",2.4528257872217356,2.4528257872217356,0.04199931270848283,0.0023868986797978674,0.04280988596484114,True,True,-0.001854654565929259,-0.0077774068811243754,0.0,nan,0.0,0.03468646676264431,-0.002842954060175417,0.0,nan,0.0,0.04280988596484114,-0.0012627977906953984,0.0,nan,0.0,0.03557133441718463,0.0008575508471182951,0.0,nan,0.0,-0.012753315943528243,0.9070163975813622,0.0,nan,0.0,8.356626624728136e-05,0.007004579336841049,0.0,nan,0.0
18.63,44.71578304800005,ABORT,TAKEOFF_TRANSITION,ACTIVE_ARM_PROFILE,0.006856172077702202,0.006937898538243942,0.10165433822964165,-0.10166717320680618,-0.027376607060432434,0.03303355351090431,0.022642718628048897,-0.0043573095463216305,-0.036469243466854095,-0.01849687162971112,0.03180173328631387,0.0023304424664713393,0.004136897157877684,-0.001600496238097549,-0.0038848924450576305,0.13290452912386963,0.13290452912386963,0.972681757492014,0.11866156812280117,0.13290452912386963,"[-0.1060063593748701, 1.9883919964030028, 2.453895466949148, 2.0391427044206427, -0.7624387064159271, 0.004692056751301926]","[-0.1060063593748701, 1.9883919964030028, 2.453895466949148, 2.0391427044206427, -0.7624387064159271, 0.004692056751301926]",2.453895466949148,2.453895466949148,0.04314724292925492,0.0023304424664713393,0.042828555398026324,True,True,-0.001850159999143841,-0.004234885591717363,0.0,nan,0.0,0.03470398715753564,0.0033726424124494877,0.0,nan,0.0,0.042828555398026324,0.0018865443903042746,0.0,nan,0.0,0.03558975411016174,0.0005628686228686432,0.0,nan,0.0,-0.013307065771604343,-0.7172812768027411,0.0,nan,0.0,8.189183900064734e-05,-0.003925535645810163,0.0,nan,0.0
18.673000000000002,44.78780437200021,ABORT,TAKEOFF_TRANSITION,ACTIVE_ARM_PROFILE,0.006856172077702202,0.006937898538243942,0.10165433822964165,-0.10262992978096008,-0.026454484090209007,0.03453952074050903,0.023599401116371155,-0.003860097611322999,-0.038545746356248856,-0.01824332117457084,0.03178503422690101,0.0021821107420937425,0.014853057451546192,-0.0011275582946836948,-0.0004903824301436542,0.1326900766614066,0.1326900766614066,0.9712603560463537,0.11888180052282364,0.1326900766614066,"[0.1055730318765568, 1.9882911236969765, 2.45369995187065, 2.039328204713389, -0.7299098828787005, 0.004884453053296403]","[0.1055730318765568, 1.9882911236969765, 2.45369995187065, 2.039328204713389, -0.7299098828787005, 0.004884453053296403]",2.45369995187065,2.45369995187065,0.04536084929518619,0.0021821107420937425,0.04282514301616924,True,True,0.0018425970075588438,-0.0029681931067207998,0.0,nan,0.0,0.03470222659669009,-0.003485634491238436,0.0,nan,0.0,0.04282514301616924,-0.00198460507276417,0.0,nan,0.0,0.03559299170103358,0.0002388637190841686,0.0,nan,0.0,-0.01273933069907951,0.8546138563198385,0.0,nan,0.0,8.524978793911231e-05,0.005547521374253413,0.0,nan,0.0
18.708,44.86033777099965,ABORT,TAKEOFF_TRANSITION,ACTIVE_ARM_PROFILE,0.006856172077702202,0.006937898538243942,0.10165433822964165,-0.10334306210279465,-0.02562112547457218,0.036203838884830475,0.024150587618350983,-0.003248459193855524,-0.04040142148733139,-0.017782953579824803,0.03197942926377369,0.0021366076504637666,0.00954224169254303,0.006643916480243206,-0.0013535034377127894,0.13224117786499123,0.13224117786499123,0.969659358092162,0.11888913738215073,0.13224117786499123,"[0.1064036453561158, 1.9886145321430757, 2.4539924853210513, 2.0397083052968545, -0.73101189254599, 0.00478082313372948]","[0.1064036453561158, 1.9886145321430757, 2.4539924853210513, 2.0397083052968545, -0.73101189254599, 0.00478082313372948]",2.4539924853210513,2.4539924853210513,0.04718133346613674,0.0021366076504637666,0.042830248688050965,True,True,0.001857093947588595,-0.009100489571645528,0.0,nan,0.0,0.03470787113890328,-0.002764005291619343,0.0,nan,0.0,0.042830248688050965,-0.001127668758869054,0.0,nan,0.0,0.03559962570770381,0.0009273647751413122,0.0,nan,0.0,-0.01275856439616252,0.9101187910496598,0.0,nan,0.0,8.34411046390926e-05,0.006867961698910446,0.0,nan,0.0
18.708,44.9353113520001,ABORT,TAKEOFF_TRANSITION,ACTIVE_ARM_PROFILE,0.006856172077702202,0.006937898538243942,0.10165433822964165,-0.10334306210279465,-0.02562112547457218,0.036203838884830475,0.024150587618350983,-0.003248459193855524,-0.04040142148733139,-0.017782953579824803,0.03197942926377369,0.0021366076504637666,0.00954224169254303,0.006643916480243206,-0.0013535034377127894,0.13224117786499123,0.13224117786499123,0.969659358092162,0.11888913738215073,0.13224117786499123,"[0.1064036453561158, 1.9886145321430757, 2.4539924853210513, 2.0397083052968545, -0.73101189254599, 0.00478082313372948]","[0.1064036453561158, 1.9886145321430757, 2.4539924853210513, 2.0397083052968545, -0.73101189254599, 0.00478082313372948]",2.4539924853210513,2.4539924853210513,0.04718133346613674,0.0021366076504637666,0.042830248688050965,True,True,0.001857093947588595,-0.009100489571645528,0.0,nan,0.0,0.03470787113890328,-0.002764005291619343,0.0,nan,0.0,0.042830248688050965,-0.001127668758869054,0.0,nan,0.0,0.03559962570770381,0.0009273647751413122,0.0,nan,0.0,-0.01275856439616252,0.9101187910496598,0.0,nan,0.0,8.34411046390926e-05,0.006867961698910446,0.0,nan,0.0
18.768,45.0702596379997,ABORT,TAKEOFF_TRANSITION,ACTIVE_ARM_PROFILE,0.006856172077702202,0.006937898538243942,0.10165433822964165,-0.10411795973777771,-0.024358345195651054,0.038854364305734634,0.026175159960985184,-0.004408915992826223,-0.03978010267019272,-0.01740035466290039,0.032340727120154296,0.0018680288439919845,0.007554260548204184,4.4674903620034436e-05,-0.0001790012465789914,0.13129565693081502,0.13129565693081502,0.9670753908226398,0.11864847542359687,0.13129565693081502,"[-0.10668351463296508, 1.9901995980467972, 2.455862749393413, 2.0415408017693464, -0.7324676554050609, 0.004798479976987849]","[-0.10668351463296508, 1.9901995980467972, 2.455862749393413, 2.0415408017693464, -0.7324676554050609, 0.004798479976987849]",2.455862749393413,2.455862749393413,0.047822945409772014,0.0018680288439919845,0.042862890953995425,True,True,-0.0018619785879447903,-0.002299161666531279,0.0,nan,0.0,0.03473553575778432,-0.002701856295929296,0.0,nan,0.0,0.042862890953995425,-0.001076750559031414,0.0,nan,0.0,0.03563160880467997,0.000969928391298505,0.0,nan,0.0,-0.012783972251181552,0.913333885087162,0.0,nan,0.0,8.37492746894597e-05,0.006874177155963657,0.0,nan,0.0
18.768,45.145226718999766,ABORT,TAKEOFF_TRANSITION,ACTIVE_ARM_PROFILE,0.006856172077702202,0.006937898538243942,0.10165433822964165,-0.10411795973777771,-0.024358345195651054,0.038854364305734634,0.026175159960985184,-0.004408915992826223,-0.03978010267019272,-0.01740035466290039,0.032340727120154296,0.0018680288439919845,0.007554260548204184,4.4674903620034436e-05,-0.0001790012465789914,0.13129565693081502,0.13129565693081502,0.9670753908226398,0.11864847542359687,0.13129565693081502,"[-0.10668351463296508, 1.9901995980467972, 2.455862749393413, 2.0415408017693464, -0.7324676554050609, 0.004798479976987849]","[-0.10668351463296508, 1.9901995980467972, 2.455862749393413, 2.0415408017693464, -0.7324676554050609, 0.004798479976987849]",2.455862749393413,2.455862749393413,0.047822945409772014,0.0018680288439919845,0.042862890953995425,True,True,-0.0018619785879447903,-0.002299161666531279,0.0,nan,0.0,0.03473553575778432,-0.002701856295929296,0.0,nan,0.0,0.042862890953995425,-0.001076750559031414,0.0,nan,0.0,0.03563160880467997,0.000969928391298505,0.0,nan,0.0,-0.012783972251181552,0.913333885087162,0.0,nan,0.0,8.37492746894597e-05,0.006874177155963657,0.0,nan,0.0
18.801,45.22661488899939,ABORT,TAKEOFF_TRANSITION,ACTIVE_ARM_PROFILE,0.006856172077702202,0.006937898538243942,0.10165433822964165,-0.10478735715150833,-0.02311892621219158,0.040279459208250046,0.026179544627666473,-0.004716875031590462,-0.03951682522892952,-0.017332830961383154,0.03244578460278047,0.0019120517405576078,0.009360176511108875,-0.004206732846796513,-0.0028651249594986434,0.13089906839898607,0.13089906839898607,0.9657009844592743,0.11864460410724588,0.13089906839898607,"[-0.10663749410405839, 1.991747086897375, 2.45765059958567, 2.0431026674070107, -0.76830310943992, 0.004740261147522878]","[-0.10663749410405839, 1.991747086897375, 2.45765059958567, 2.0431026674070107, -0.76830310943992, 0.004740261147522878]",2.45765059958567,2.45765059958567,0.0476360886634218,0.0019120517405576078,0.042894094826382734,True,True,-0.0018611753781918594,-0.00450834589097945,0.0,nan,0.0,0.0347625445333648,0.0037932560818785196,0.0,nan,0.0,0.042894094826382734,0.002383983760122048,0.0,nan,0.0,0.03565886850253097,0.001006129014176767,0.0,nan,0.0,-0.01340941891303693,-0.7219600374386899,0.0,nan,0.0,8.273316442863887e-05,-0.0038531917649454635,0.0,nan,0.0
18.838,45.30004384299991,ABORT,TAKEOFF_TRANSITION,ACTIVE_ARM_PROFILE,0.006856172077702202,0.006937898538243942,0.10165433822964165,-0.10568719357252121,-0.021227290853857994,0.042629122734069824,0.02672692947089672,-0.004849341232329607,-0.040963996201753616,-0.017226133373439038,0.032539879881424136,0.001873938292164792,0.004607233218848705,0.00017399633361492382,0.006202872842550278,0.13016629022013168,0.13016629022013168,0.9634206648184201,0.11855438478616215,0.13016629022013168,"[-0.10605892090169938, 1.9919389839165063, 2.4579682737802186, 2.0435864275213635, -0.7339233373481235, 0.0049164250276981895]","[-0.10605892090169938, 1.9919389839165063, 2.4579682737802186, 2.0435864275213635, -0.7339233373481235, 0.0049164250276981895]",2.4579682737802186,2.4579682737802186,0.049151743144543146,0.0018739382921647918,0.042899639287026226,True,True,-0.0018510773708468875,-0.007442471060035878,0.0,nan,0.0,0.034765893768173406,-0.003341053588273018,0.0,nan,0.0,0.042899639287026226,-0.0017449279119077265,0.0,nan,0.0,0.03566731170931625,0.00042647254460875805,0.0,nan,0.0,-0.012809378693949824,0.8530434173421789,0.0,nan,0.0,8.580780416078682e-05,0.005888053955528036,0.0,nan,0.0
18.838,45.37642895499994,ABORT,TAKEOFF_TRANSITION,ACTIVE_ARM_PROFILE,0.006856172077702202,0.006937898538243942,0.10165433822964165,-0.10568719357252121,-0.021227290853857994,0.042629122734069824,0.02672692947089672,-0.004849341232329607,-0.040963996201753616,-0.017226133373439038,0.032539879881424136,0.001873938292164792,0.004607233218848705,0.00017399633361492382,0.006202872842550278,0.13016629022013168,0.13016629022013168,0.9634206648184201,0.11855438478616215,0.13016629022013168,"[-0.10605892090169938, 1.9919389839165063, 2.4579682737802186, 2.0435864275213635, -0.7339233373481235, 0.0049164250276981895]","[-0.10605892090169938, 1.9919389839165063, 2.4579682737802186, 2.0435864275213635, -0.7339233373481235, 0.0049164250276981895]",2.4579682737802186,2.4579682737802186,0.049151743144543146,0.0018739382921647918,0.042899639287026226,True,True,-0.0018510773708468875,-0.007442471060035878,0.0,nan,0.0,0.034765893768173406,-0.003341053588273018,0.0,nan,0.0,0.042899639287026226,-0.0017449279119077265,0.0,nan,0.0,0.03566731170931625,0.00042647254460875805,0.0,nan,0.0,-0.012809378693949824,0.8530434173421789,0.0,nan,0.0,8.580780416078682e-05,0.005888053955528036,0.0,nan,0.0
18.873,45.44915374399989,ABORT,TAKEOFF_TRANSITION,ACTIVE_ARM_PROFILE,0.006856172077702202,0.006937898538243942,0.10165433822964165,-0.10630112141370773,-0.01961156167089939,0.04460105299949646,0.028260618448257446,-0.005477157421410084,-0.041254594922065735,-0.01721414890377003,0.03270011867088559,0.001974431940817749,0.0025551114231348038,-0.003309032646939159,-0.003110412741079926,0.1294778910210167,0.1294778910210167,0.9614945084058745,0.1184014301066156,0.1294778910210167,"[0.10603383840994554, 1.9922508436202668, 2.458187749323906, 2.043780126152056, -0.7632955591581327, 0.004706421721584535]","[0.10603383840994554, 1.9922508436202668, 2.458187749323906, 2.043780126152056, -0.7632955591581327, 0.004706421721584535]",2.458187749323906,2.458187749323906,0.05030510322701494,0.001974431940817749,0.042903469857891174,True,True,0.0018506395987811786,-0.003752789892653482,0.0,nan,0.0,0.03477133674680832,0.0033515468361804083,0.0,nan,0.0,0.042903469857891174,0.0018491210735944227,0.0,nan,0.0,0.03567069238817844,0.0005186592433411834,0.0,nan,0.0,-0.013322020673160573,-0.7192892184985753,0.0,nan,0.0,8.214255502903e-05,-0.003925717678279962,0.0,nan,0.0
18.874,45.52336386099978,ABORT,TAKEOFF_TRANSITION,ACTIVE_ARM_PROFILE,0.006856172077702202,0.006937898538243942,0.10165433822964165,-0.10630112141370773,-0.01961156167089939,0.04460105299949646,0.028260618448257446,-0.005477157421410084,-0.041254594922065735,-0.01721414890377003,0.03270011867088559,0.001974431940817749,0.0025551114231348038,-0.003309032646939159,-0.003110412741079926,0.1294778910210167,0.1294778910210167,0.9614945084058745,0.1184014301066156,0.1294778910210167,"[0.10603383840994554, 1.9922508436202668, 2.458187749323906, 2.043780126152056, -0.7632955591581327, 0.004706421721584535]","[0.10603383840994554, 1.9922508436202668, 2.458187749323906, 2.043780126152056, -0.7632955591581327, 0.004706421721584535]",2.458187749323906,2.458187749323906,0.05030510322701494,0.001974431940817749,0.042903469857891174,True,True,0.0018506395987811786,-0.003752789892653482,0.0,nan,0.0,0.03477133674680832,0.0033515468361804083,0.0,nan,0.0,0.042903469857891174,0.0018491210735944227,0.0,nan,0.0,0.03567069238817844,0.0005186592433411834,0.0,nan,0.0,-0.013322020673160573,-0.7192892184985753,0.0,nan,0.0,8.214255502903e-05,-0.003925717678279962,0.0,nan,0.0
18.897,45.59774397000001,ABORT,TAKEOFF_TRANSITION,ACTIVE_ARM_PROFILE,0.006856172077702202,0.006937898538243942,0.10165433822964165,-0.10646753013134003,-0.019023152068257332,0.04526073485612869,0.028757145628333092,-0.005823094863444567,-0.04198743775486946,-0.017215748482295644,0.03273690133366841,0.0019216501554081508,0.011579340323805809,-0.004234095569700003,-0.003316153539344668,0.12921484486082122,0.12921484486082122,0.9608456065853344,0.1183151382814331,0.12921484486082122,"[-0.10582061988359795, 1.9921492937377634, 2.45809418590194, 2.043936024031321, -0.7322236399490939, 0.004901537372896115]","[-0.10582061988359795, 1.9921492937377634, 2.45809418590194, 2.043936024031321, -0.7322236399490939, 0.004901537372896115]",2.45809418590194,2.45809418590194,0.051223303170499154,0.0019216501554081508,0.04290183686811844,True,True,-0.0018469182334701628,-0.00915621311877348,0.0,nan,0.0,0.034769564367003625,-0.003491030010728169,0.0,nan,0.0,0.04290183686811844,-0.0019418162980158683,0.0,nan,0.0,0.035673413319468494,0.00023771159175786888,0.0,nan,0.0,-0.012779713378049173,0.8548079577245209,0.0,nan,0.0,8.554796556659028e-05,0.005719319096694495,0.0,nan,0.0
18.902,45.673402716000055,ABORT,TAKEOFF_TRANSITION,ACTIVE_ARM_PROFILE,0.006856172077702202,0.006937898538243942,0.10165433822964165,-0.10646753013134003,-0.019023152068257332,0.04526073485612869,0.028757145628333092,-0.005823094863444567,-0.04198743775486946,-0.017215748482295644,0.03273690133366841,0.0019216501554081508,0.011579340323805809,-0.004234095569700003,-0.003316153539344668,0.12921484486082122,0.12921484486082122,0.9608456065853344,0.1183151382814331,0.12921484486082122,"[-0.10582061988359795, 1.9921492937377634, 2.45809418590194, 2.043936024031321, -0.7322236399490939, 0.004901537372896115]","[-0.10582061988359795, 1.9921492937377634, 2.45809418590194, 2.043936024031321, -0.7322236399490939, 0.004901537372896115]",2.45809418590194,2.45809418590194,0.051223303170499154,0.0019216501554081508,0.04290183686811844,True,True,-0.0018469182334701628,-0.00915621311877348,0.0,nan,0.0,0.034769564367003625,-0.003491030010728169,0.0,nan,0.0,0.04290183686811844,-0.0019418162980158683,0.0,nan,0.0,0.035673413319468494,0.00023771159175786888,0.0,nan,0.0,-0.012779713378049173,0.8548079577245209,0.0,nan,0.0,8.554796556659028e-05,0.005719319096694495,0.0,nan,0.0
18.925,45.75145084799988,ABORT,TAKEOFF_TRANSITION,ACTIVE_ARM_PROFILE,0.006856172077702202,0.006937898538243942,0.10165433822964165,-0.10670483112335205,-0.01768551394343376,0.04677160084247589,0.030179239809513092,-0.005660036113113165,-0.04363502934575081,-0.017073356107083108,0.03288745738530913,0.001947146312109182,0.0033760180231183767,0.0016105414833873517,0.005325872916728258,0.12850886643878429,0.12850886643878429,0.9593451304660501,0.11800643050984559,0.12850886643878429,"[-0.10631716812804913, 1.992396281118528, 2.458289932494591, 2.0440320145048454, -0.7646189282999906, 0.004697433688296882]","[-0.10631716812804913, 1.992396281118528, 2.458289932494591, 2.0440320145048454, -0.7646189282999906, 0.004697433688296882]",2.458289932494591,2.458289932494591,0.05335577110572369,0.001947146312109182,0.04290525329065975,True,True,-0.0018555846352308336,-0.005387004405965628,0.0,nan,0.0,0.034773875110008845,0.003463620492736539,0.0,nan,0.0,0.04290525329065975,0.002075326457744749,0.0,nan,0.0,0.03567508866928204,0.0006556735569614499,0.0,nan,0.0,-0.013345117821905284,-0.7174142947134649,0.0,nan,0.0,8.198568425488162e-05,-0.0041220478373730635,0.0,nan,0.0
