t,target_x,target_y,target_z,gripper_x,gripper_y,gripper_z,pos_error,axis_error_deg,centerline_error,target_local_x,target_local_y,target_local_z,uav_cmd_vx,uav_cmd_vy,uav_cmd_vz,uav_ff_vx,uav_ff_vy,uav_ff_vz,uav_x,uav_y,uav_z,path_progress,path_progress_scale,uav_ref_x,uav_ref_y,uav_ref_z,uav_ref_error
3.1100,0.335296,0.061803,-0.597717,0.261747,0.078913,-0.350226,0.258756,14.199257,0.248965,-0.005696,0.270275,-0.190520,0.000248,0.015635,-0.000157,-0.000000,0.015708,0.000000,0.339777,-0.111338,-0.267505,0.000000,0.000000,0.341544,-0.112634,-0.273243,0.001193
3.1750,0.335296,0.061803,-0.597717,0.261248,0.080188,-0.345281,0.263714,14.393759,0.253606,-0.004480,0.269141,-0.195212,0.000795,-0.000583,-0.000861,-0.000000,0.000000,0.000000,0.338859,-0.111249,-0.263779,0.000000,0.000000,0.341544,-0.112634,-0.273243,0.006142
3.2270,0.335296,0.061803,-0.597717,0.257984,0.083057,-0.355816,0.254843,12.237375,0.243449,-0.003563,0.269052,-0.198938,0.001208,-0.000623,-0.001420,-0.000000,0.000000,0.000000,0.338859,-0.111249,-0.263779,0.000000,0.000000,0.341544,-0.112634,-0.273243,0.009935
3.2750,0.335296,0.061803,-0.597717,0.255124,0.083636,-0.354960,0.256585,12.412097,0.244692,-0.002083,0.268816,-0.203528,0.001874,-0.000729,-0.002108,-0.000000,0.000000,0.000000,0.335893,-0.110623,-0.256458,0.000000,0.000000,0.341544,-0.112634,-0.273243,0.014747
3.3250,0.335296,0.061803,-0.597717,0.251230,0.084021,-0.356149,0.256742,12.321888,0.244232,-0.000596,0.268426,-0.206260,0.002543,-0.000905,-0.002518,-0.000000,0.000000,0.000000,0.335149,-0.109914,-0.253129,0.000000,0.000000,0.341544,-0.112634,-0.273243,0.017825
3.3760,0.335296,0.061803,-0.597717,0.243723,0.083520,-0.359221,0.256394,11.556181,0.243011,0.000147,0.267717,-0.209589,0.002878,-0.001224,-0.003017,-0.000000,0.000000,0.000000,0.333682,-0.109498,-0.247453,0.000000,0.000000,0.341544,-0.112634,-0.273243,0.021281
3.4250,0.335296,0.061803,-0.597717,0.238260,0.083642,-0.360650,0.257087,10.730305,0.242927,0.001614,0.267300,-0.215264,0.003538,-0.001411,-0.003869,-0.000000,0.000000,0.000000,0.332304,-0.109700,-0.244307,0.000000,0.000000,0.341544,-0.112634,-0.273243,0.027144
3.4750,0.335296,0.061803,-0.597717,0.237838,0.084502,-0.362988,0.255169,10.610766,0.240637,0.003879,0.267501,-0.220123,0.004557,-0.001321,-0.004597,-0.000000,0.000000,0.000000,0.330866,-0.109741,-0.241478,0.000000,0.000000,0.341544,-0.112634,-0.273243,0.032412
3.5250,0.335296,0.061803,-0.597717,0.233306,0.083222,-0.361145,0.258510,11.074178,0.243816,0.005037,0.267526,-0.222321,0.005078,-0.001310,-0.004927,-0.000000,0.000000,0.000000,0.329431,-0.109318,-0.237564,0.000000,0.000000,0.341544,-0.112634,-0.273243,0.034853
3.5750,0.335296,0.061803,-0.597717,0.232585,0.082856,-0.357593,0.262017,11.996325,0.247420,0.006006,0.266820,-0.226988,0.005514,-0.001627,-0.005627,-0.000000,0.000000,0.000000,0.329127,-0.108697,-0.232633,0.000000,0.000000,0.341544,-0.112634,-0.273243,0.039630
3.6250,0.335296,0.061803,-0.597717,0.234504,0.083009,-0.353492,0.265056,13.295875,0.250751,0.006169,0.266500,-0.230084,0.005588,-0.001771,-0.006091,-0.000000,0.000000,0.000000,0.328804,-0.108722,-0.229457,0.000000,0.000000,0.341544,-0.112634,-0.273243,0.042648
3.6750,0.335296,0.061803,-0.597717,0.234948,0.082745,-0.348464,0.269510,14.028934,0.255445,0.007001,0.266661,-0.234511,0.005962,-0.001699,-0.006755,-0.000000,0.000000,0.000000,0.327103,-0.108858,-0.226453,0.000000,0.000000,0.341544,-0.112634,-0.273243,0.047097
3.7270,0.335296,0.061803,-0.597717,0.232550,0.082084,-0.345957,0.272674,14.530682,0.258548,0.008847,0.266576,-0.237430,0.006793,-0.001737,-0.007193,-0.000000,0.000000,0.000000,0.325964,-0.107936,-0.222192,0.000000,0.000000,0.341544,-0.112634,-0.273243,0.050424
3.7750,0.335296,0.061803,-0.597717,0.231063,0.082882,-0.341437,0.277468,14.706100,0.263005,0.009373,0.265144,-0.242587,0.007030,-0.002382,-0.007967,-0.000000,0.000000,0.000000,0.325876,-0.107023,-0.218753,0.000000,0.000000,0.341544,-0.112634,-0.273243,0.055614
3.8250,0.335296,0.061803,-0.597717,0.229568,0.082658,-0.338701,0.280540,14.978992,0.266007,0.009559,0.264443,-0.246255,0.007113,-0.002697,-0.008517,-0.000000,0.000000,0.000000,0.325491,-0.106230,-0.212622,0.000000,0.000000,0.341544,-0.112634,-0.273243,0.059244
3.8750,0.335296,0.061803,-0.597717,0.228416,0.082543,-0.333887,0.285412,15.161833,0.270860,0.009943,0.263967,-0.251689,0.007286,-0.002911,-0.009332,-0.000000,0.000000,0.000000,0.325353,-0.106165,-0.211028,0.000000,0.000000,0.341544,-0.112634,-0.273243,0.064612
3.9250,0.335296,0.061803,-0.597717,0.226979,0.081806,-0.330377,0.289143,15.311494,0.274690,0.010424,0.264051,-0.255879,0.007502,-0.002874,-0.009961,-0.000000,0.000000,0.000000,0.325035,-0.106526,-0.199547,0.000000,0.000000,0.341544,-0.112634,-0.273243,0.068763
3.9760,0.335296,0.061803,-0.597717,0.225614,0.080525,-0.324248,0.295239,15.489310,0.281092,0.010261,0.264329,-0.263170,0.007429,-0.002748,-0.011054,-0.000000,0.000000,0.000000,0.325068,-0.106681,-0.197618,0.000000,0.000000,0.341544,-0.112634,-0.273243,0.075769
4.0250,0.335296,0.061803,-0.597717,0.224391,0.079306,-0.320229,0.299343,15.549810,0.285456,0.010280,0.264828,-0.268111,0.007438,-0.002523,-0.011796,-0.000000,0.000000,0.000000,0.324633,-0.107949,-0.189736,0.000000,0.000000,0.341544,-0.112634,-0.273243,0.080550
4.0770,0.335296,0.061803,-0.597717,0.221335,0.076589,-0.315200,0.304995,15.465355,0.291566,0.010907,0.266301,-0.274973,0.007720,-0.001861,-0.012825,-0.000000,0.000000,0.000000,0.323572,-0.110095,-0.182579,0.000000,0.000000,0.341544,-0.112634,-0.273243,0.087301
4.1250,0.335296,0.061803,-0.597717,0.217692,0.072842,-0.308905,0.312034,15.352508,0.299265,0.011725,0.267897,-0.280138,0.008088,-0.001142,-0.013600,-0.000000,0.000000,0.000000,0.323166,-0.111334,-0.177387,0.000000,0.000000,0.341544,-0.112634,-0.273243,0.092463
4.1750,0.335296,0.061803,-0.597717,0.215912,0.070918,-0.305071,0.316192,15.268871,0.303766,0.012263,0.269820,-0.288474,0.008330,-0.000277,-0.014850,-0.000000,0.000000,0.000000,0.322151,-0.114191,-0.166701,0.000000,0.000000,0.341544,-0.112634,-0.273243,0.100718
4.2480,0.335296,0.061803,-0.597717,0.211214,0.065820,-0.297245,0.325110,15.080315,0.313524,0.013722,0.273121,-0.299232,0.008987,0.001208,-0.016464,-0.000000,0.000000,0.000000,0.320355,-0.117483,-0.157935,0.000000,0.000000,0.341544,-0.112634,-0.273243,0.111593
4.2940,0.335296,0.061803,-0.597717,0.208392,0.062733,-0.293250,0.329858,14.974689,0.318751,0.014941,0.275286,-0.304783,0.009535,0.002182,-0.017296,-0.000000,0.000000,0.000000,0.319784,-0.118439,-0.155774,0.000000,0.000000,0.341544,-0.112634,-0.273243,0.117339
4.3250,0.335296,0.061803,-0.597717,0.207016,0.061306,-0.291872,0.331658,14.922355,0.320756,0.015513,0.276242,-0.306944,0.009792,0.002613,-0.017620,-0.000000,0.000000,0.000000,0.318983,-0.120134,-0.150364,0.000000,0.000000,0.341544,-0.112634,-0.273243,0.119609
4.3750,0.335296,0.061803,-0.597717,0.203472,0.057309,-0.285696,0.338755,14.744918,0.328454,0.016665,0.278800,-0.315610,0.010311,0.003764,-0.018920,-0.000000,0.000000,0.000000,0.317724,-0.122816,-0.141820,0.000000,0.000000,0.341544,-0.112634,-0.273243,0.128473
4.4250,0.335296,0.061803,-0.597717,0.201020,0.054527,-0.282145,0.343029,14.615547,0.333125,0.017573,0.280618,-0.320898,0.010719,0.004582,-0.019714,-0.000000,0.000000,0.000000,0.316491,-0.125097,-0.136309,0.000000,0.000000,0.341544,-0.112634,-0.273243,0.133952
4.4750,0.335296,0.061803,-0.597717,0.196823,0.049698,-0.277169,0.349389,14.412249,0.340146,0.019399,0.283923,-0.328582,0.011541,0.006069,-0.020866,-0.000000,0.000000,0.000000,0.315897,-0.126120,-0.134135,0.000000,0.000000,0.341544,-0.112634,-0.273243,0.142094
4.5250,0.335296,0.061803,-0.597717,0.193605,0.045857,-0.273265,0.354401,14.267036,0.345669,0.021087,0.286747,-0.334342,0.012301,0.007340,-0.021730,-0.000000,0.000000,0.000000,0.313099,-0.130972,-0.122556,0.000000,0.000000,0.341544,-0.112634,-0.273243,0.148324
4.5770,0.335296,0.061803,-0.597717,0.189784,0.041313,-0.266675,0.362192,14.031244,0.354036,0.022689,0.289762,-0.343805,0.013022,0.008697,-0.023150,-0.000000,0.000000,0.000000,0.311467,-0.134039,-0.112780,0.000000,0.000000,0.341544,-0.112634,-0.273243,0.158205
4.6270,0.335296,0.061803,-0.597717,0.186633,0.037197,-0.260020,0.369791,13.877425,0.362156,0.024388,0.292830,-0.352411,0.013786,0.010077,-0.024440,-0.000000,0.000000,0.000000,0.309953,-0.136683,-0.106507,0.000000,0.000000,0.341544,-0.112634,-0.273243,0.167297
4.6760,0.335296,0.061803,-0.597717,0.182894,0.032654,-0.256843,0.374528,13.691791,0.367415,0.026048,0.295677,-0.358724,0.014533,0.011358,-0.025387,-0.000000,0.000000,0.000000,0.307253,-0.141120,-0.097599,0.000000,0.000000,0.341544,-0.112634,-0.273243,0.174142
4.7250,0.335296,0.061803,-0.597717,0.179510,0.028273,-0.252739,0.380005,13.501213,0.373387,0.028043,0.298923,-0.365118,0.015431,0.012819,-0.026347,-0.000000,0.000000,0.000000,0.306046,-0.143546,-0.089449,0.000000,0.000000,0.341544,-0.112634,-0.273243,0.181213
4.7750,0.335296,0.061803,-0.597717,0.175759,0.023409,-0.246526,0.387636,12.939506,0.381536,0.029496,0.301936,-0.375953,0.016085,0.014175,-0.027972,-0.000000,0.000000,0.000000,0.305296,-0.145089,-0.082944,0.000000,0.000000,0.341544,-0.112634,-0.273243,0.192468
4.8260,0.335296,0.061803,-0.597717,0.172615,0.019916,-0.245472,0.390252,12.155115,0.384480,0.030386,0.303544,-0.382459,0.016485,0.014898,-0.028948,-0.000000,0.000000,0.000000,0.304489,-0.146373,-0.077669,0.000000,0.000000,0.341544,-0.112634,-0.273243,0.199202
4.8750,0.335296,0.061803,-0.597717,0.164606,0.012214,-0.248855,0.391535,10.655809,0.386396,0.032233,0.305771,-0.391154,0.017316,0.015901,-0.030252,-0.000000,0.000000,0.000000,0.300902,-0.149951,-0.064666,0.000000,0.000000,0.341544,-0.112634,-0.273243,0.208336
4.9250,0.335296,0.061803,-0.597717,0.158942,0.005172,-0.255206,0.389387,9.054263,0.384913,0.034394,0.307754,-0.398051,0.018289,0.016793,-0.031287,-0.000000,0.000000,0.000000,0.300240,-0.149545,-0.057553,0.000000,0.000000,0.341544,-0.112634,-0.273243,0.215751
4.9800,0.335296,0.061803,-0.597717,0.157541,0.001888,-0.260759,0.385653,7.273890,0.381560,0.035056,0.307347,-0.405164,0.018587,0.016610,-0.032353,-0.000000,0.000000,0.000000,0.299800,-0.149462,-0.053998,0.000000,0.000000,0.341544,-0.112634,-0.273243,0.222690
5.0250,0.335296,0.061803,-0.597717,0.158647,-0.003791,-0.274762,0.373909,4.063619,0.370659,0.036019,0.307472,-0.411379,0.019020,0.016666,-0.033286,-0.000000,0.000000,0.000000,0.298687,-0.149975,-0.048656,0.000000,0.000000,0.341544,-0.112634,-0.273243,0.228911
5.0750,0.335296,0.061803,-0.597717,0.162515,-0.005338,-0.282510,0.365673,3.286995,0.362845,0.038148,0.308184,-0.420169,0.019978,0.016986,-0.034604,-0.000000,0.000000,0.000000,0.296625,-0.150147,-0.039795,0.000000,0.000000,0.341544,-0.112634,-0.273243,0.237941
5.1260,0.335296,0.061803,-0.597717,0.173232,-0.005346,-0.296061,0.348956,6.758666,0.346723,0.038653,0.307536,-0.424430,0.020206,0.016695,-0.035243,-0.000000,0.000000,0.000000,0.300185,-0.145893,-0.038700,0.000000,0.000000,0.341544,-0.112634,-0.273243,0.242068
5.1750,0.335296,0.061803,-0.597717,0.182895,-0.004314,-0.309819,0.332390,9.589964,0.330564,0.035112,0.303696,-0.424017,0.018612,0.014967,-0.035181,-0.000000,0.000000,0.000000,0.301195,-0.143790,-0.051269,0.000000,0.000000,0.341544,-0.112634,-0.273243,0.240473
5.2270,0.335296,0.061803,-0.597717,0.190893,-0.003838,-0.338930,0.303532,11.042836,0.302143,0.034206,0.300851,-0.403416,0.018205,0.013687,-0.032091,-0.000000,0.000000,0.000000,0.300674,-0.142379,-0.073339,0.000000,0.000000,0.341544,-0.112634,-0.273243,0.219847
5.2750,0.335296,0.061803,-0.597717,0.200601,-0.007236,-0.373816,0.270261,12.775860,0.269628,0.034971,0.299943,-0.379577,0.018548,0.013278,-0.028515,-0.000000,0.000000,0.000000,0.299847,-0.141906,-0.098050,0.000000,0.000000,0.341544,-0.112634,-0.273243,0.196745
5.3250,0.335296,0.061803,-0.597717,0.210079,-0.012086,-0.424160,0.226409,14.772976,0.226346,0.035734,0.299632,-0.354751,0.018892,0.013138,-0.024791,-0.000000,0.000000,0.000000,0.299771,-0.141408,-0.132385,0.000000,0.000000,0.341544,-0.112634,-0.273243,0.173006
5.3750,0.335296,0.061803,-0.597717,0.218340,-0.014540,-0.454359,0.200147,16.021697,0.200120,0.034873,0.298724,-0.315826,0.018505,0.012729,-0.018953,-0.000000,0.000000,0.000000,0.300613,-0.140691,-0.156616,0.000000,0.000000,0.341544,-0.112634,-0.273243,0.135853
5.4250,0.335296,0.061803,-0.597717,0.224912,-0.016803,-0.482875,0.177630,16.797012,0.177300,0.034805,0.298282,-0.291371,0.018474,0.012531,-0.015285,-0.000000,0.000000,0.000000,0.298460,-0.140664,-0.205620,0.000000,0.000000,0.341544,-0.112634,-0.273243,0.113330
5.4810,0.335296,0.061803,-0.597717,0.231564,-0.018548,-0.517065,0.154017,16.329121,0.152908,0.036836,0.298466,-0.257097,0.019388,0.012614,-0.010143,-0.000000,0.000000,0.000000,0.296103,-0.141446,-0.234698,0.000000,0.000000,0.341544,-0.112634,-0.273243,0.084940
5.5250,0.335296,0.061803,-0.597717,0.236889,-0.021777,-0.554443,0.136170,15.945539,0.133442,0.039193,0.299249,-0.228019,0.020449,0.012966,-0.005782,-0.000000,0.000000,0.000000,0.295373,-0.141852,-0.252596,0.000000,0.065578,0.341544,-0.112634,-0.273243,0.066188
5.5760,0.335296,0.061893,-0.597717,0.242190,-0.022065,-0.573101,0.127764,15.785745,0.123817,0.040063,0.299737,-0.197500,0.020840,0.013253,-0.001204,-0.000000,0.000068,0.000000,0.294787,-0.142186,-0.286556,0.002885,0.161827,0.341544,-0.112543,-0.273243,0.055387
5.6250,0.335296,0.062153,-0.597717,0.248607,-0.018871,-0.592614,0.118768,15.420656,0.113940,0.040509,0.300338,-0.176161,0.021040,0.013867,0.001997,-0.000000,0.000411,0.000000,0.294015,-0.143348,-0.316070,0.011139,0.260605,0.341544,-0.112284,-0.273243,0.057075
5.6750,0.335296,0.062554,-0.597717,0.250628,-0.016738,-0.604691,0.116209,15.388738,0.111130,0.041280,0.301902,-0.146647,0.021386,0.015226,0.006424,-0.000002,0.001067,0.000000,0.294015,-0.143348,-0.316070,0.023908,0.288703,0.341544,-0.111883,-0.273243,0.071296
5.7250,0.335295,0.063007,-0.597717,0.248921,-0.018264,-0.624584,0.121603,15.207695,0.115895,0.042653,0.303263,-0.125779,0.022002,0.016081,0.009554,-0.000003,0.001309,0.000000,0.291234,-0.144918,-0.349282,0.038343,0.241050,0.341543,-0.111429,-0.273243,0.086753
5.7780,0.335294,0.063386,-0.597717,0.243811,-0.021352,-0.657956,0.138486,14.653041,0.132364,0.045780,0.303694,-0.095753,0.023410,0.015879,0.014058,-0.000003,0.000913,0.000000,0.287030,-0.144233,-0.384483,0.050396,0.076357,0.341542,-0.111050,-0.273243,0.112235
5.8260,0.335293,0.063513,-0.597717,0.239085,-0.024936,-0.686949,0.158245,14.383945,0.151828,0.048263,0.303746,-0.078234,0.024530,0.015081,0.016686,-0.000000,0.000092,0.000000,0.284245,-0.144786,-0.401452,0.054443,0.000000,0.341541,-0.110923,-0.273243,0.128278
5.8770,0.335293,0.063513,-0.597717,0.236417,-0.027570,-0.705827,0.172511,14.443001,0.165840,0.052119,0.304650,-0.054664,0.026265,0.015396,0.020222,-0.000000,0.000000,0.000000,0.280972,-0.146111,-0.423541,0.054443,0.000000,0.341541,-0.110923,-0.273243,0.150835
5.9250,0.335293,0.063513,-0.597717,0.235303,-0.028929,-0.721559,0.184066,14.676926,0.177236,0.054321,0.305624,-0.039176,0.027256,0.015835,0.022545,-0.000000,0.000000,0.000000,0.280439,-0.146403,-0.436008,0.054443,0.000000,0.341541,-0.110923,-0.273243,0.165820
5.9750,0.335293,0.063513,-0.597717,0.238189,-0.026285,-0.737336,0.192319,15.329491,0.185694,0.054285,0.305413,-0.020501,0.027240,0.015740,0.025346,-0.000000,0.000000,0.000000,0.282741,-0.145112,-0.454748,0.054443,0.000000,0.341541,-0.110923,-0.273243,0.182864
6.0280,0.335293,0.063513,-0.597717,0.244318,-0.018538,-0.742493,0.189655,16.537425,0.183914,0.052552,0.304625,-0.007970,0.026460,0.015385,0.027226,-0.000000,0.000000,0.000000,0.283973,-0.144794,-0.462835,0.054443,0.000000,0.341541,-0.110923,-0.273243,0.193830
6.0750,0.335293,0.063513,-0.597717,0.247788,-0.013389,-0.744628,0.187493,17.230167,0.182390,0.051320,0.304307,0.000118,0.025906,0.015242,0.028439,-0.000000,0.000000,0.000000,0.284737,-0.144829,-0.469463,0.054443,0.000000,0.341541,-0.110923,-0.273243,0.201014
6.1250,0.335293,0.063513,-0.597717,0.248491,-0.008846,-0.744845,0.185518,17.430230,0.181216,0.050557,0.304342,0.006746,0.025562,0.015258,0.029433,-0.000000,0.000000,0.000000,0.284771,-0.145026,-0.473420,0.054443,0.000000,0.341541,-0.110923,-0.273243,0.207072
6.1770,0.335293,0.063513,-0.597717,0.246533,-0.001773,-0.743586,0.182806,17.125768,0.179907,0.049238,0.303436,0.015301,0.024969,0.014850,0.030716,-0.000000,0.000000,0.000000,0.286023,-0.143339,-0.482935,0.054443,0.000000,0.341541,-0.110923,-0.273243,0.214710
6.2270,0.335293,0.063513,-0.597717,0.241800,0.004433,-0.740116,0.180302,16.827529,0.178633,0.049621,0.302769,0.022146,0.025141,0.014550,0.031743,-0.000000,0.000000,0.000000,0.285673,-0.143256,-0.484863,0.054443,0.000000,0.341541,-0.110923,-0.273243,0.221246
6.2750,0.335293,0.063513,-0.597717,0.239433,0.008045,-0.737824,0.178594,17.238601,0.177470,0.051236,0.302842,0.026878,0.025868,0.014583,0.032453,-0.000000,0.000000,0.000000,0.281412,-0.143382,-0.494684,0.054443,0.000000,0.341541,-0.110923,-0.273243,0.226192
6.3270,0.335293,0.063513,-0.597717,0.235639,0.013224,-0.734764,0.176753,18.461361,0.176243,0.053881,0.302895,0.031967,0.027058,0.014606,0.033216,-0.000000,0.000000,0.000000,0.278471,-0.143375,-0.499230,0.054443,0.000000,0.341541,-0.110923,-0.273243,0.231744
6.3810,0.335293,0.063513,-0.597717,0.235442,0.017163,-0.730293,0.172322,19.514252,0.172065,0.057569,0.302487,0.037966,0.028718,0.014423,0.034116,-0.000000,0.000000,0.000000,0.277039,-0.142816,-0.501602,0.054443,0.000000,0.341541,-0.110923,-0.273243,0.238388
6.4250,0.335293,0.063513,-0.597717,0.234959,0.021789,-0.722054,0.165129,21.183234,0.165072,0.060599,0.302429,0.040959,0.030081,0.014397,0.034565,-0.000000,0.000000,0.000000,0.272881,-0.143402,-0.504857,0.054443,0.000000,0.341541,-0.110923,-0.273243,0.242056
6.4750,0.335293,0.063513,-0.597717,0.232878,0.023465,-0.716854,0.162130,22.163840,0.162124,0.063799,0.303332,0.042929,0.031521,0.014803,0.034860,-0.000000,0.000000,0.000000,0.269128,-0.144586,-0.507009,0.054443,0.000000,0.341541,-0.110923,-0.273243,0.244949
6.5250,0.335293,0.063513,-0.597717,0.228251,0.023750,-0.713211,0.162413,22.862257,0.162408,0.068850,0.305234,0.045314,0.033794,0.015659,0.035218,-0.000000,0.000000,0.000000,0.262998,-0.147081,-0.508663,0.054443,0.000000,0.341541,-0.110923,-0.273243,0.248950
6.5760,0.335293,0.063513,-0.597717,0.223552,0.023781,-0.711556,0.164390,22.861539,0.164353,0.073793,0.307037,0.045602,0.036018,0.016471,0.035261,-0.000000,0.000000,0.000000,0.260317,-0.148032,-0.507988,0.054443,0.000000,0.341541,-0.110923,-0.273243,0.251011
6.6250,0.335293,0.063513,-0.597717,0.218740,0.019964,-0.722657,0.176327,20.954299,0.176323,0.077100,0.308457,0.044790,0.037507,0.017109,0.035140,-0.000000,0.000000,0.000000,0.254137,-0.150809,-0.506576,0.054443,0.000000,0.341541,-0.110923,-0.273243,0.251540
6.6750,0.335293,0.063513,-0.597717,0.212079,0.012256,-0.737990,0.193611,18.977288,0.193566,0.082783,0.311166,0.043485,0.040064,0.018329,0.034944,-0.000000,0.000000,0.000000,0.250303,-0.153130,-0.505613,0.054443,0.000000,0.341541,-0.110923,-0.273243,0.252696
6.7250,0.335293,0.063513,-0.597717,0.208295,0.004989,-0.747781,0.205117,18.098453,0.204879,0.086816,0.314294,0.042096,0.041879,0.019736,0.034735,-0.000000,0.000000,0.000000,0.247444,-0.156612,-0.503229,0.054443,0.000000,0.341541,-0.110923,-0.273243,0.253395
6.7750,0.335293,0.063513,-0.597717,0.211145,-0.004594,-0.761918,0.216825,17.720317,0.215807,0.086566,0.316436,0.038686,0.041766,0.020700,0.034224,-0.000000,0.000000,0.000000,0.251349,-0.157435,-0.498337,0.054443,0.000000,0.341541,-0.110923,-0.273243,0.250574
6.8250,0.335293,0.063513,-0.597717,0.217409,-0.009588,-0.768478,0.219999,18.133117,0.218103,0.083945,0.316948,0.035620,0.040587,0.020930,0.033764,-0.000000,0.000000,0.000000,0.254433,-0.157827,-0.494528,0.054443,0.000000,0.341541,-0.110923,-0.273243,0.246912
6.8760,0.335293,0.063513,-0.597717,0.223320,-0.016803,-0.781807,0.229952,19.622754,0.226604,0.080860,0.317340,0.031811,0.039199,0.021107,0.033193,-0.000000,0.000000,0.000000,0.254319,-0.158528,-0.498595,0.054443,0.000000,0.341541,-0.110923,-0.273243,0.242394
6.9250,0.335293,0.063513,-0.597717,0.222756,-0.024494,-0.804492,0.251327,20.456209,0.246742,0.082061,0.318900,0.044377,0.039739,0.021809,0.035078,-0.000000,0.000000,0.000000,0.253233,-0.159387,-0.507094,0.054443,0.000000,0.341541,-0.110923,-0.273243,0.254624
6.9750,0.335293,0.063513,-0.597717,0.220348,-0.023224,-0.812890,0.258911,19.265803,0.254726,0.082504,0.319045,0.058659,0.039938,0.021874,0.037220,-0.000000,0.000000,0.000000,0.250935,-0.160407,-0.541099,0.054443,0.000000,0.341541,-0.110923,-0.273243,0.267974
7.0390,0.335293,0.063513,-0.597717,0.216029,-0.021811,-0.820708,0.266887,17.865261,0.263250,0.084358,0.319920,0.078382,0.040773,0.022268,0.040000,-0.000000,0.000000,0.000000,0.250935,-0.160407,-0.541099,0.054443,0.000000,0.341541,-0.110923,-0.273243,0.287062
7.0750,0.335293,0.063513,-0.597717,0.215618,-0.024094,-0.834396,0.279309,17.956313,0.275322,0.085388,0.321454,0.092351,0.041236,0.022958,0.040000,-0.000000,0.000000,0.000000,0.249691,-0.163236,-0.563341,0.054443,0.000000,0.341541,-0.110923,-0.273243,0.300708
7.1250,0.335293,0.063513,-0.597717,0.216628,-0.028234,-0.851248,0.294579,18.217113,0.289824,0.085508,0.323797,0.106113,0.041290,0.024012,0.040000,-0.000000,0.000000,0.000000,0.251430,-0.166756,-0.581738,0.054443,0.000000,0.341541,-0.110923,-0.273243,0.314067
7.1750,0.335293,0.063513,-0.597717,0.222129,-0.033728,-0.875617,0.315421,18.564270,0.309210,0.081068,0.326717,0.125393,0.039292,0.025326,0.040000,-0.000000,0.000000,0.000000,0.259324,-0.168134,-0.599145,0.054443,0.000000,0.341541,-0.110923,-0.273243,0.331561
7.2250,0.335293,0.063513,-0.597717,0.228162,-0.035013,-0.888352,0.325043,18.887692,0.318006,0.075970,0.327647,0.136428,0.036998,0.025745,0.040000,-0.000000,0.000000,0.000000,0.264475,-0.169386,-0.610082,0.054443,0.000000,0.341541,-0.110923,-0.273243,0.340947
7.2750,0.335293,0.063513,-0.597717,0.235029,-0.036208,-0.903096,0.336532,18.876115,0.328580,0.068957,0.329524,0.151655,0.033842,0.026589,0.040000,-0.000000,0.000000,0.000000,0.270135,-0.171996,-0.625327,0.054443,0.000000,0.341541,-0.110923,-0.273243,0.354283
7.3250,0.335293,0.063513,-0.597717,0.237421,-0.037519,-0.912911,0.345157,18.516682,0.336719,0.065158,0.331509,0.162610,0.032133,0.027483,0.040000,-0.000000,0.000000,0.000000,0.272741,-0.173970,-0.635639,0.054443,0.000000,0.341541,-0.110923,-0.273243,0.364406
7.3750,0.335293,0.063513,-0.597717,0.238350,-0.039336,-0.926797,0.358147,17.656223,0.349289,0.060916,0.333453,0.177846,0.030224,0.028357,0.040000,-0.000000,0.000000,0.000000,0.274378,-0.173940,-0.640563,0.054443,0.000000,0.341541,-0.110923,-0.273243,0.378690
7.4250,0.335293,0.063513,-0.597717,0.238217,-0.040928,-0.935893,0.367008,17.257120,0.357876,0.059539,0.334020,0.186371,0.029604,0.028613,0.040000,-0.000000,0.000000,0.000000,0.275937,-0.174860,-0.652668,0.054443,0.000000,0.341541,-0.110923,-0.273243,0.386820
7.4750,0.335293,0.063513,-0.597717,0.237262,-0.044422,-0.950009,0.381273,16.896480,0.371598,0.059355,0.335510,0.199287,0.029521,0.029283,0.040000,-0.000000,0.000000,0.000000,0.275771,-0.177908,-0.671170,0.054443,0.000000,0.341541,-0.110923,-0.273243,0.399591
7.5250,0.335293,0.063513,-0.597717,0.237038,-0.047693,-0.959858,0.391365,16.806375,0.381094,0.059522,0.337421,0.208452,0.029596,0.030143,0.040000,-0.000000,0.000000,0.000000,0.277485,-0.179371,-0.683604,0.054443,0.000000,0.341541,-0.110923,-0.273243,0.408850
7.5750,0.335293,0.063513,-0.597717,0.239695,-0.050639,-0.972732,0.403492,16.924755,0.392375,0.057808,0.338884,0.220886,0.028825,0.030801,0.040000,-0.000000,0.000000,0.000000,0.279972,-0.179470,-0.690511,0.054443,0.000000,0.341541,-0.110923,-0.273243,0.420932
7.6260,0.335293,0.063513,-0.597717,0.243328,-0.051401,-0.979798,0.409449,17.151976,0.397795,0.055322,0.338983,0.227793,0.027706,0.030846,0.040000,-0.000000,0.000000,0.000000,0.282711,-0.180307,-0.697516,0.054443,0.000000,0.341541,-0.110923,-0.273243,0.427319
7.6750,0.335293,0.063513,-0.597717,0.247475,-0.052875,-0.989840,0.418352,17.225370,0.405961,0.051444,0.340344,0.237548,0.025961,0.031458,0.040000,-0.000000,0.000000,0.000000,0.283850,-0.180831,-0.700265,0.054443,0.000000,0.341541,-0.110923,-0.273243,0.436535
7.7250,0.335293,0.063513,-0.597717,0.248823,-0.054989,-0.997552,0.425896,16.908860,0.412939,0.048697,0.341923,0.244357,0.024725,0.032169,0.040000,-0.000000,0.000000,0.000000,0.289384,-0.183626,-0.713344,0.054443,0.000000,0.341541,-0.110923,-0.273243,0.443102
7.7750,0.335293,0.063513,-0.597717,0.252448,-0.055905,-1.007118,0.434434,16.607950,0.420910,0.043826,0.342438,0.253522,0.022533,0.032401,0.040000,-0.000000,0.000000,0.000000,0.292739,-0.182627,-0.718261,0.054443,0.000000,0.341541,-0.110923,-0.273243,0.451594
7.8250,0.335293,0.063513,-0.597717,0.254496,-0.055932,-1.011983,0.438647,16.362276,0.424907,0.040797,0.342123,0.258163,0.021170,0.032259,0.040000,-0.000000,0.000000,0.000000,0.296952,-0.183362,-0.725165,0.054443,0.000000,0.341541,-0.110923,-0.273243,0.455775
7.8750,0.335293,0.063513,-0.597717,0.256284,-0.058150,-1.018304,0.444902,15.953495,0.430501,0.038341,0.342875,0.262448,0.020065,0.032598,0.040000,-0.000000,0.000000,0.000000,0.299436,-0.185525,-0.731261,0.054443,0.000000,0.341541,-0.110923,-0.273243,0.459858
7.9270,0.335293,0.063513,-0.597717,0.257298,-0.062213,-1.026271,0.453375,15.510357,0.437996,0.035857,0.345038,0.268544,0.018947,0.033571,0.040000,-0.000000,0.000000,0.000000,0.300685,-0.187464,-0.736612,0.054443,0.000000,0.341541,-0.110923,-0.273243,0.465960
7.9750,0.335293,0.063513,-0.597717,0.258222,-0.063556,-1.030221,0.457325,15.291061,0.441556,0.033522,0.346574,0.275427,0.017897,0.034262,0.040000,-0.000000,0.000000,0.000000,0.303428,-0.186883,-0.741431,0.054443,0.000000,0.341541,-0.110923,-0.273243,0.472770
8.0260,0.335293,0.063513,-0.597717,0.260650,-0.064663,-1.035676,0.462394,15.247735,0.446114,0.031227,0.346430,0.280271,0.016864,0.034197,0.040000,-0.000000,0.000000,0.000000,0.305838,-0.187797,-0.746490,0.054443,0.000000,0.341541,-0.110923,-0.273243,0.477326
8.0760,0.335293,0.063513,-0.597717,0.262798,-0.066398,-1.039792,0.466436,15.302188,0.449516,0.029455,0.347310,0.283773,0.016067,0.034593,0.040000,-0.000000,0.000000,0.000000,0.307061,-0.188704,-0.748564,0.054443,0.000000,0.341541,-0.110923,-0.273243,0.480778
8.1250,0.335293,0.063513,-0.597717,0.265145,-0.068928,-1.043843,0.470627,15.325864,0.452842,0.027332,0.348992,0.287157,0.015111,0.035350,0.040000,-0.000000,0.000000,0.000000,0.311176,-0.192211,-0.753014,0.054443,0.000000,0.341541,-0.110923,-0.273243,0.484227
8.1750,0.335293,0.063513,-0.597717,0.269448,-0.072862,-1.047856,0.474930,15.223954,0.455652,0.022781,0.351839,0.290365,0.013063,0.036631,0.040000,-0.000000,0.000000,0.000000,0.313912,-0.192704,-0.752950,0.054443,0.000000,0.341541,-0.110923,-0.273243,0.487560
8.2250,0.335293,0.063513,-0.597717,0.273505,-0.075259,-1.048967,0.476132,14.970813,0.455704,0.017875,0.353409,0.291058,0.010855,0.037338,0.040000,-0.000000,0.000000,0.000000,0.319533,-0.195074,-0.754286,0.054443,0.000000,0.341541,-0.110923,-0.273243,0.488239
8.2750,0.335293,0.063513,-0.597717,0.276152,-0.077912,-1.049952,0.477510,14.713878,0.456032,0.014344,0.355581,0.291986,0.009267,0.038315,0.040000,-0.000000,0.000000,0.000000,0.324460,-0.199381,-0.755422,0.054443,0.000000,0.341541,-0.110923,-0.273243,0.489364
8.3250,0.335293,0.063513,-0.597717,0.278585,-0.081834,-1.050731,0.479128,14.396690,0.456262,0.010834,0.358894,0.292705,0.007687,0.039806,0.040000,-0.000000,0.000000,0.000000,0.327718,-0.203370,-0.756035,0.054443,0.000000,0.341541,-0.110923,-0.273243,0.490523
8.3760,0.335293,0.063513,-0.597717,0.282021,-0.087449,-1.050507,0.480256,13.932554,0.455315,0.005862,0.363392,0.292215,0.005450,0.041830,0.040000,-0.000000,0.000000,0.000000,0.330532,-0.204390,-0.754499,0.054443,0.000000,0.341541,-0.110923,-0.273243,0.490726
8.4250,0.335293,0.063513,-0.597717,0.283767,-0.090148,-1.050132,0.480568,13.619312,0.454578,0.003185,0.364767,0.291228,0.004245,0.042449,0.040000,-0.000000,0.000000,0.000000,0.334584,-0.207055,-0.753627,0.054443,0.000000,0.341541,-0.110923,-0.273243,0.489961
8.4750,0.335293,0.063513,-0.597717,0.287577,-0.094427,-1.050328,0.481745,13.529916,0.453897,-0.000790,0.367997,0.290695,0.002456,0.043902,0.040000,-0.000000,0.000000,0.000000,0.337129,-0.209579,-0.753433,0.054443,0.000000,0.341541,-0.110923,-0.273243,0.490010
8.5250,0.335293,0.063513,-0.597717,0.289854,-0.097774,-1.051057,0.483317,13.519742,0.454105,-0.002941,0.370310,0.290621,0.001488,0.044943,0.040000,-0.000000,0.000000,0.000000,0.343965,-0.213362,-0.752517,0.054443,0.000000,0.341541,-0.110923,-0.273243,0.490385
8.5870,0.335293,0.063513,-0.597717,0.294748,-0.103459,-1.053212,0.486825,13.261758,0.455082,-0.008672,0.372875,0.289800,-0.001091,0.046098,0.040000,-0.000000,0.000000,0.000000,0.345825,-0.213571,-0.752352,0.054443,0.000000,0.341541,-0.110923,-0.273243,0.490105
8.6250,0.335293,0.063513,-0.597717,0.296285,-0.104956,-1.054196,0.488135,13.162080,0.455680,-0.010532,0.373084,0.289635,-0.001928,0.046191,0.040000,-0.000000,0.000000,0.000000,0.349256,-0.214817,-0.752112,0.054443,0.000000,0.341541,-0.110923,-0.273243,0.490000
8.6790,0.335293,0.063513,-0.597717,0.300857,-0.107391,-1.053335,0.487834,12.972264,0.453754,-0.015439,0.375156,0.289314,-0.004136,0.047124,0.040000,-0.000000,0.000000,0.000000,0.352985,-0.217118,-0.752048,0.054443,0.000000,0.341541,-0.110923,-0.273243,0.490193
8.7250,0.335293,0.063513,-0.597717,0.306130,-0.111887,-1.051948,0.487792,12.627394,0.451206,-0.019200,0.377784,0.289464,-0.005828,0.048306,0.040000,-0.000000,0.000000,0.000000,0.359218,-0.221075,-0.752372,0.054443,0.000000,0.341541,-0.110923,-0.273243,0.490992
8.7770,0.335293,0.063513,-0.597717,0.307759,-0.113051,-1.050931,0.487171,12.298854,0.449846,-0.023925,0.380588,0.289654,-0.007955,0.049568,0.040000,-0.000000,0.000000,0.000000,0.361069,-0.221210,-0.752904,0.054443,0.000000,0.341541,-0.110923,-0.273243,0.491945
8.8250,0.335293,0.063513,-0.597717,0.308579,-0.114047,-1.051585,0.488095,11.959804,0.450300,-0.025775,0.380723,0.290186,-0.008787,0.049629,0.040000,-0.000000,0.000000,0.000000,0.361069,-0.221210,-0.752904,0.054443,0.000000,0.341541,-0.110923,-0.273243,0.492563
8.8750,0.335293,0.063513,-0.597717,0.310595,-0.117966,-1.053456,0.491165,11.687012,0.451706,-0.028590,0.382812,0.290479,-0.010054,0.050569,0.040000,-0.000000,0.000000,0.000000,0.366054,-0.225233,-0.753910,0.054443,0.000000,0.341541,-0.110923,-0.273243,0.493439
8.9250,0.335293,0.063513,-0.597717,0.313835,-0.124420,-1.058410,0.498013,11.577646,0.455856,-0.030760,0.384746,0.291193,-0.011031,0.051440,0.040000,-0.000000,0.000000,0.000000,0.369228,-0.228022,-0.755166,0.054443,0.000000,0.341541,-0.110923,-0.273243,0.494680
8.9750,0.335293,0.063513,-0.597717,0.316231,-0.127224,-1.060441,0.500856,11.540896,0.457305,-0.034845,0.387423,0.292362,-0.012868,0.052644,0.040000,-0.000000,0.000000,0.000000,0.370138,-0.227910,-0.755080,0.054443,0.000000,0.341541,-0.110923,-0.273243,0.496659
9.0250,0.335293,0.063513,-0.597717,0.319292,-0.129165,-1.060186,0.501256,11.319109,0.456364,-0.038053,0.388451,0.292564,-0.014312,0.053107,0.040000,-0.000000,0.000000,0.000000,0.377468,-0.231537,-0.755896,0.054443,0.000000,0.341541,-0.110923,-0.273243,0.497293
9.0750,0.335293,0.063513,-0.597717,0.325129,-0.133089,-1.060202,0.502641,11.183958,0.455081,-0.043919,0.392376,0.293646,-0.016952,0.054873,0.040000,-0.000000,0.000000,0.000000,0.381827,-0.235130,-0.756979,0.054443,0.000000,0.341541,-0.110923,-0.273243,0.499693
9.1250,0.335293,0.063513,-0.597717,0.328731,-0.137087,-1.060315,0.504262,10.897324,0.454421,-0.048231,0.396337,0.294768,-0.018892,0.056655,0.040000,-0.000000,0.000000,0.000000,0.387575,-0.241799,-0.758560,0.054443,0.000000,0.341541,-0.110923,-0.273243,0.502099
9.1750,0.335293,0.063513,-0.597717,0.332951,-0.143002,-1.060764,0.507017,10.644248,0.453973,-0.053235,0.401531,0.294899,-0.021144,0.058993,0.040000,-0.000000,0.000000,0.000000,0.391028,-0.244145,-0.755819,0.054443,0.000000,0.341541,-0.110923,-0.273243,0.503995
9.2280,0.335293,0.063513,-0.597717,0.334465,-0.147119,-1.060718,0.508661,10.339819,0.453634,-0.055735,0.403658,0.293102,-0.022269,0.059950,0.040000,-0.000000,0.000000,0.000000,0.392344,-0.245618,-0.755114,0.054443,0.000000,0.341541,-0.110923,-0.273243,0.503067
9.2770,0.335293,0.063513,-0.597717,0.336489,-0.151426,-1.061435,0.511111,10.238762,0.453924,-0.058072,0.406240,0.292230,-0.023321,0.061112,0.040000,-0.000000,0.000000,0.000000,0.397638,-0.251529,-0.753431,0.054443,0.000000,0.341541,-0.110923,-0.273243,0.503158
9.3370,0.335293,0.063513,-0.597717,0.342220,-0.160497,-1.060844,0.514504,10.042520,0.452160,-0.064100,0.413102,0.290355,-0.026034,0.064200,0.040000,-0.000000,0.000000,0.000000,0.402872,-0.256368,-0.751069,0.054443,0.000000,0.341541,-0.110923,-0.273243,0.503921
9.3750,0.335293,0.063513,-0.597717,0.345636,-0.164240,-1.059091,0.514630,9.926847,0.449727,-0.067579,0.415881,0.288352,-0.027599,0.065450,0.040000,-0.000000,0.000000,0.000000,0.406212,-0.258552,-0.748576,0.054443,0.000000,0.341541,-0.110923,-0.273243,0.503223
9.4250,0.335293,0.063513,-0.597717,0.348900,-0.167234,-1.056249,0.513498,9.743173,0.446260,-0.070918,0.418065,0.285859,-0.029102,0.066433,0.040000,-0.000000,0.000000,0.000000,0.411998,-0.263987,-0.744868,0.054443,0.000000,0.341541,-0.110923,-0.273243,0.501914
9.4750,0.335293,0.063513,-0.597717,0.354524,-0.173050,-1.052244,0.512764,9.610047,0.441167,-0.076705,0.423500,0.282151,-0.031705,0.068879,0.040000,-0.000000,0.000000,0.000000,0.411998,-0.263987,-0.744868,0.054443,0.000000,0.341541,-0.110923,-0.273243,0.500822
9.5250,0.335293,0.063513,-0.597717,0.358735,-0.179113,-1.050141,0.513910,9.462059,0.438242,-0.081274,0.428910,0.279810,-0.033762,0.071313,0.040000,-0.000000,0.000000,0.000000,0.421369,-0.275927,-0.741044,0.054443,0.000000,0.341541,-0.110923,-0.273243,0.500969
9.5750,0.335293,0.063513,-0.597717,0.364499,-0.188931,-1.048007,0.517051,9.212045,0.434977,-0.087715,0.437235,0.276760,-0.036660,0.075059,0.040000,-0.000000,0.000000,0.000000,0.426285,-0.279474,-0.736359,0.054443,0.000000,0.341541,-0.110923,-0.273243,0.501829
9.6260,0.335293,0.063513,-0.597717,0.367408,-0.191866,-1.045681,0.516644,9.070339,0.432096,-0.090992,0.438987,0.273642,-0.038135,0.075848,0.040000,-0.000000,0.000000,0.000000,0.429263,-0.280966,-0.735022,0.054443,0.000000,0.341541,-0.110923,-0.273243,0.500067
9.6760,0.335293,0.063513,-0.597717,0.374236,-0.197168,-1.043769,0.518105,8.886409,0.428803,-0.098181,0.442952,0.271095,-0.041370,0.077632,0.040000,-0.000000,0.000000,0.000000,0.436713,-0.285430,-0.733449,0.054443,0.000000,0.341541,-0.110923,-0.273243,0.500337
9.7250,0.335293,0.063513,-0.597717,0.382907,-0.203917,-1.043193,0.521761,8.644825,0.426470,-0.103671,0.446369,0.270661,-0.043840,0.079170,0.040000,-0.000000,0.000000,0.000000,0.446930,-0.290958,-0.732060,0.054443,0.000000,0.341541,-0.110923,-0.273243,0.502164
9.7760,0.335293,0.063513,-0.597717,0.386888,-0.206189,-1.041806,0.522127,8.430792,0.424318,-0.111636,0.450471,0.269343,-0.047425,0.081015,0.040000,-0.000000,0.000000,0.000000,0.449342,-0.289522,-0.730300,0.054443,0.000000,0.341541,-0.110923,-0.273243,0.504016
9.8250,0.335293,0.063513,-0.597717,0.389783,-0.205301,-1.038750,0.519365,8.057679,0.420766,-0.114049,0.449035,0.267583,-0.048510,0.080370,0.040000,-0.000000,0.000000,0.000000,0.452642,-0.289442,-0.728412,0.054443,0.000000,0.341541,-0.110923,-0.273243,0.502414
9.8750,0.335293,0.063513,-0.597717,0.392646,-0.206541,-1.037058,0.518882,7.807500,0.418554,-0.118796,0.449396,0.265003,-0.050647,0.080532,0.040000,-0.000000,0.000000,0.000000,0.454090,-0.289883,-0.727720,0.054443,0.000000,0.341541,-0.110923,-0.273243,0.501242
9.9250,0.335293,0.063513,-0.597717,0.395796,-0.209486,-1.035880,0.519784,7.439410,0.416785,-0.123116,0.451102,0.263131,-0.052590,0.081300,0.040000,-0.000000,0.000000,0.000000,0.463533,-0.294190,-0.724081,0.054443,0.000000,0.341541,-0.110923,-0.273243,0.501149
9.9750,0.335293,0.063513,-0.597717,0.401581,-0.212322,-1.032859,0.519449,7.238631,0.412736,-0.129608,0.453269,0.259673,-0.055512,0.082275,0.040000,-0.000000,0.000000,0.000000,0.466120,-0.292208,-0.719056,0.054443,0.000000,0.341541,-0.110923,-0.273243,0.500379
10.0250,0.335293,0.063513,-0.597717,0.402316,-0.211317,-1.029771,0.516424,7.082032,0.409581,-0.130826,0.451721,0.256339,-0.056060,0.081578,0.040000,-0.000000,0.000000,0.000000,0.468082,-0.292008,-0.716047,0.054443,0.000000,0.341541,-0.110923,-0.273243,0.497125
10.0750,0.335293,0.063513,-0.597717,0.404417,-0.212375,-1.025788,0.513942,6.763781,0.405276,-0.133770,0.451782,0.252133,-0.057385,0.081605,0.040000,-0.000000,0.000000,0.000000,0.471900,-0.293910,-0.711250,0.054443,0.000000,0.341541,-0.110923,-0.273243,0.494130
10.1250,0.335293,0.063513,-0.597717,0.406741,-0.214580,-1.022232,0.512497,6.560054,0.401338,-0.136606,0.453423,0.248533,-0.058661,0.082344,0.040000,-0.000000,0.000000,0.000000,0.475275,-0.296911,-0.707106,0.054443,0.000000,0.341541,-0.110923,-0.273243,0.492268
10.1760,0.335293,0.063513,-0.597717,0.409854,-0.217969,-1.015082,0.508905,6.346177,0.393705,-0.140248,0.456199,0.241332,-0.060300,0.083593,0.040000,-0.000000,0.000000,0.000000,0.475216,-0.295991,-0.701772,0.054443,0.000000,0.341541,-0.110923,-0.273243,0.487911
10.2260,0.335293,0.063513,-0.597717,0.409039,-0.217287,-1.009881,0.504149,6.242121,0.388736,-0.139700,0.454904,0.235841,-0.060054,0.083011,0.040000,-0.000000,0.000000,0.000000,0.475514,-0.296326,-0.690309,0.054443,0.000000,0.341541,-0.110923,-0.273243,0.482422
10.2770,0.335293,0.063513,-0.597717,0.409428,-0.218645,-1.001937,0.498501,6.206254,0.380831,-0.140220,0.455839,0.227592,-0.060288,0.083431,0.040000,-0.000000,0.000000,0.000000,0.476113,-0.297573,-0.686630,0.054443,0.000000,0.341541,-0.110923,-0.273243,0.475675
10.3250,0.335293,0.063513,-0.597717,0.411491,-0.223085,-0.992273,0.493578,6.208548,0.370901,-0.141347,0.458148,0.221535,-0.060794,0.084471,0.040000,-0.000000,0.000000,0.000000,0.477815,-0.301872,-0.673718,0.054443,0.000000,0.341541,-0.110923,-0.273243,0.471610
10.3780,0.335293,0.063513,-0.597717,0.411823,-0.224538,-0.985701,0.489246,6.247814,0.364367,-0.142522,0.461385,0.211001,-0.061323,0.085927,0.040000,-0.000000,0.000000,0.000000,0.476134,-0.300759,-0.666455,0.054443,0.000000,0.341541,-0.110923,-0.273243,0.464125
10.4250,0.335293,0.063513,-0.597717,0.409843,-0.223487,-0.975635,0.480363,6.297131,0.354866,-0.140388,0.460224,0.200790,-0.060363,0.085404,0.040000,-0.000000,0.000000,0.000000,0.475231,-0.301040,-0.659117,0.054443,0.000000,0.341541,-0.110923,-0.273243,0.454223
10.4750,0.335293,0.063513,-0.597717,0.409352,-0.224298,-0.968417,0.475119,6.331152,0.347880,-0.139787,0.461019,0.193519,-0.060092,0.085762,0.040000,-0.000000,0.000000,0.000000,0.475136,-0.303501,-0.648810,0.054443,0.000000,0.341541,-0.110923,-0.273243,0.448150
10.5250,0.335293,0.063513,-0.597717,0.409633,-0.226144,-0.960983,0.470520,6.406365,0.340538,-0.139842,0.463014,0.186093,-0.060117,0.086660,0.040000,-0.000000,0.000000,0.000000,0.475745,-0.306611,-0.641566,0.054443,0.000000,0.341541,-0.110923,-0.273243,0.442701
10.5760,0.335293,0.063513,-0.597717,0.409387,-0.228915,-0.948820,0.462901,6.466910,0.328698,-0.139429,0.465893,0.173913,-0.059931,0.087956,0.040000,-0.000000,0.000000,0.000000,0.472259,-0.304986,-0.628141,0.054443,0.000000,0.341541,-0.110923,-0.273243,0.433579
10.6250,0.335293,0.063513,-0.597717,0.407073,-0.227458,-0.940394,0.455240,6.525365,0.320965,-0.136965,0.464499,0.165424,-0.058823,0.087328,0.040000,-0.000000,0.000000,0.000000,0.470553,-0.305011,-0.620216,0.054443,0.000000,0.341541,-0.110923,-0.273243,0.425088
10.6750,0.335293,0.063513,-0.597717,0.405185,-0.227685,-0.929383,0.446859,6.639988,0.310670,-0.134774,0.464895,0.154336,-0.057837,0.087506,0.040000,-0.000000,0.000000,0.000000,0.469522,-0.306278,-0.612422,0.054443,0.000000,0.341541,-0.110923,-0.273243,0.415377
10.7250,0.335293,0.063513,-0.597717,0.404504,-0.230451,-0.916500,0.439120,6.759228,0.298374,-0.133968,0.466612,0.146437,-0.057474,0.088279,0.040000,-0.000000,0.000000,0.000000,0.465740,-0.308253,-0.591097,0.054443,0.000000,0.341541,-0.110923,-0.273243,0.409431
10.7980,0.335293,0.063513,-0.597717,0.401666,-0.229293,-0.902575,0.427877,6.859395,0.285594,-0.130447,0.467766,0.128380,-0.055889,0.088799,0.040000,-0.000000,0.000000,0.000000,0.464668,-0.307741,-0.587677,0.054443,0.000000,0.341541,-0.110923,-0.273243,0.394203
10.8270,0.335293,0.063513,-0.597717,0.400881,-0.228242,-0.898725,0.424298,6.932694,0.282055,-0.129375,0.467254,0.124959,-0.055407,0.088568,0.040000,-0.000000,0.000000,0.000000,0.464668,-0.307741,-0.587677,0.054443,0.000000,0.341541,-0.110923,-0.273243,0.390853
10.8750,0.335293,0.063513,-0.597717,0.397998,-0.227646,-0.886201,0.414642,7.054414,0.270777,-0.126261,0.467133,0.112487,-0.054006,0.088513,0.040000,-0.000000,0.000000,0.000000,0.459947,-0.308982,-0.566423,0.054443,0.000000,0.341541,-0.110923,-0.273243,0.379833
10.9250,0.335293,0.063513,-0.597717,0.396637,-0.228591,-0.877357,0.409007,7.168947,0.262747,-0.124654,0.468495,0.103705,-0.053283,0.089127,0.040000,-0.000000,0.000000,0.000000,0.457175,-0.310656,-0.552579,0.054443,0.000000,0.341541,-0.110923,-0.273243,0.373097
10.9830,0.335293,0.063513,-0.597717,0.394330,-0.229552,-0.863282,0.399871,7.351550,0.250113,-0.121882,0.470169,0.089862,-0.052035,0.089880,0.040000,-0.000000,0.000000,0.000000,0.454027,-0.308439,-0.543354,0.054443,0.000000,0.341541,-0.110923,-0.273243,0.362343
11.0270,0.335293,0.063513,-0.597717,0.390684,-0.226101,-0.850027,0.388078,7.566158,0.238571,-0.117624,0.467480,0.076910,-0.050119,0.088670,0.039958,-0.000000,0.000000,0.000000,0.451433,-0.307812,-0.533583,0.054443,0.000000,0.341541,-0.110923,-0.273243,0.349559
11.0750,0.335293,0.063513,-0.597717,0.388828,-0.225551,-0.839698,0.380761,7.746677,0.229496,-0.115250,0.467522,0.066803,-0.049051,0.088688,0.038442,-0.000000,0.000000,0.000000,0.449375,-0.308672,-0.523529,0.054443,0.000000,0.341541,-0.110923,-0.273243,0.341178
11.1260,0.335293,0.063513,-0.597717,0.386757,-0.227356,-0.823213,0.371620,7.973024,0.215145,-0.112582,0.470171,0.050619,-0.047850,0.089881,0.036014,-0.000000,0.000000,0.000000,0.445242,-0.309316,-0.499262,0.054443,0.000000,0.341541,-0.110923,-0.273243,0.329918
11.1930,0.335293,0.063513,-0.597717,0.385015,-0.225305,-0.808990,0.361281,8.276854,0.202639,-0.109949,0.468829,0.036545,-0.046665,0.089277,0.033903,-0.000000,0.000000,0.000000,0.443557,-0.306670,-0.488993,0.054443,0.000000,0.341541,-0.110923,-0.273243,0.318116
11.2280,0.335293,0.063513,-0.597717,0.383957,-0.222205,-0.798700,0.352699,8.497713,0.193436,-0.108264,0.466183,0.026275,-0.045907,0.088086,0.032362,-0.000000,0.000000,0.000000,0.443000,-0.305622,-0.482946,0.054443,0.000000,0.341541,-0.110923,-0.273243,0.308661
11.2750,0.335293,0.063513,-0.597717,0.383507,-0.220300,-0.788500,0.345358,8.614299,0.184276,-0.107521,0.464662,0.016158,-0.045573,0.087401,0.030845,-0.000000,0.000000,0.000000,0.443001,-0.304675,-0.468937,0.054443,0.000000,0.341541,-0.110923,-0.273243,0.300440
11.3250,0.335293,0.063513,-0.597717,0.383680,-0.219409,-0.778276,0.339098,8.627958,0.175038,-0.107708,0.464188,0.006219,-0.045657,0.087188,0.029354,-0.000000,0.000000,0.000000,0.443351,-0.305028,-0.462859,0.054443,0.000000,0.341541,-0.110923,-0.273243,0.293478
11.3760,0.335293,0.063513,-0.597717,0.384071,-0.220071,-0.762093,0.331389,8.585386,0.160900,-0.108308,0.464790,-0.010094,-0.045927,0.087459,0.026907,-0.000000,0.000000,0.000000,0.442290,-0.301874,-0.442092,0.054443,0.000000,0.341541,-0.110923,-0.273243,0.283490
11.4250,0.335293,0.063513,-0.597717,0.382517,-0.216881,-0.751870,0.323441,8.540303,0.152497,-0.106996,0.461387,-0.020625,-0.045337,0.085928,0.025327,-0.000000,0.000000,0.000000,0.441927,-0.299000,-0.427720,0.054443,0.000000,0.341541,-0.110923,-0.273243,0.274085
11.4750,0.335293,0.063513,-0.597717,0.381872,-0.214320,-0.737894,0.314659,8.487556,0.140839,-0.106634,0.458512,-0.034998,-0.045173,0.084634,0.023171,-0.000000,0.000000,0.000000,0.441927,-0.299000,-0.427720,0.054443,0.000000,0.341541,-0.110923,-0.273243,0.263273
11.5250,0.335293,0.063513,-0.597717,0.382375,-0.213463,-0.727951,0.309666,8.429198,0.132422,-0.107212,0.457678,-0.044679,-0.045434,0.084259,0.021719,-0.000000,0.000000,0.000000,0.444120,-0.298199,-0.407082,0.054443,0.000000,0.341541,-0.110923,-0.273243,0.257330
11.5750,0.335293,0.063513,-0.597717,0.384153,-0.212332,-0.712759,0.302840,8.379387,0.119408,-0.108989,0.456812,-0.059300,-0.046233,0.083869,0.019526,-0.000000,0.000000,0.000000,0.443969,-0.295427,-0.399829,0.054443,0.000000,0.341541,-0.110923,-0.273243,0.249473
11.6250,0.335293,0.063513,-0.597717,0.383496,-0.208009,-0.703466,0.295348,8.331418,0.111961,-0.108416,0.452557,-0.068345,-0.045976,0.081955,0.018169,-0.000000,0.000000,0.000000,0.444195,-0.289100,-0.382284,0.054443,0.000000,0.341541,-0.110923,-0.273243,0.241410
11.6750,0.335293,0.063513,-0.597717,0.383711,-0.204285,-0.691506,0.287847,8.250144,0.102505,-0.108901,0.448613,-0.080433,-0.046194,0.080179,0.016356,-0.000000,0.000000,0.000000,0.445436,-0.287543,-0.373704,0.054443,0.000000,0.341541,-0.110923,-0.273243,0.232754
11.7270,0.335293,0.063513,-0.597717,0.385470,-0.202781,-0.677739,0.282548,8.154301,0.092008,-0.111027,0.446765,-0.094505,-0.047151,0.079348,0.014245,-0.000000,0.000000,0.000000,0.447119,-0.287120,-0.364700,0.054443,0.000000,0.341541,-0.110923,-0.273243,0.226030
11.7750,0.335293,0.063513,-0.597717,0.386787,-0.201819,-0.669252,0.279589,8.053655,0.085817,-0.112673,0.445485,-0.103172,-0.047891,0.078772,0.012945,-0.000000,0.000000,0.000000,0.447966,-0.281266,-0.351180,0.054443,0.000000,0.341541,-0.110923,-0.273243,0.222298
11.8250,0.335293,0.063513,-0.597717,0.386397,-0.196163,-0.657590,0.271345,7.823558,0.078300,-0.112673,0.440779,-0.111537,-0.047891,0.076654,0.011691,-0.000000,0.000000,0.000000,0.449181,-0.276528,-0.339583,0.054443,0.000000,0.341541,-0.110923,-0.273243,0.215446
11.8770,0.335293,0.063513,-0.597717,0.386957,-0.193359,-0.649321,0.267049,7.651831,0.073316,-0.113888,0.436041,-0.123134,-0.048438,0.074522,0.009951,-0.000000,0.000000,0.000000,0.451339,-0.274014,-0.326286,0.054443,0.000000,0.341541,-0.110923,-0.273243,0.208356
11.9330,0.335293,0.063513,-0.597717,0.388160,-0.191316,-0.635871,0.263037,7.320476,0.067377,-0.116046,0.433527,-0.136432,-0.049409,0.073391,0.007956,-0.000000,0.000000,0.000000,0.452147,-0.271091,-0.314836,0.054443,0.000000,0.341541,-0.110923,-0.273243,0.203636
11.9910,0.335293,0.063513,-0.597717,0.387987,-0.188866,-0.624349,0.259193,6.995768,0.064885,-0.116853,0.430604,-0.147881,-0.049772,0.072076,0.006239,-0.000000,0.000000,0.000000,0.452147,-0.271091,-0.314836,0.054443,0.000000,0.341541,-0.110923,-0.273243,0.199041
12.0250,0.335293,0.063513,-0.597717,0.387144,-0.185790,-0.616501,0.255329,6.908124,0.064295,-0.116441,0.428418,-0.152753,-0.049587,0.071092,0.005508,-0.000000,0.000000,0.000000,0.451409,-0.265247,-0.299397,0.054443,0.000000,0.341541,-0.110923,-0.273243,0.196085
12.0760,0.335293,0.063513,-0.597717,0.386814,-0.183633,-0.609311,0.252725,6.864740,0.064442,-0.116115,0.424760,-0.163320,-0.049440,0.069446,0.003923,-0.000000,0.000000,0.000000,0.451515,-0.263454,-0.292477,0.054443,0.000000,0.341541,-0.110923,-0.273243,0.191235
12.1260,0.335293,0.063513,-0.597717,0.386672,-0.182195,-0.602586,0.251069,6.784564,0.065380,-0.116221,0.422967,-0.170240,-0.049488,0.068639,0.002885,-0.000000,0.000000,0.000000,0.451841,-0.262510,-0.285583,0.054443,0.000000,0.341541,-0.110923,-0.273243,0.189023
12.1750,0.335293,0.063513,-0.597717,0.386454,-0.180317,-0.591650,0.249213,6.715332,0.068442,-0.116180,0.420922,-0.181173,-0.049470,0.067719,0.001245,-0.000000,0.000000,0.000000,0.451474,-0.261409,-0.281544,0.054443,0.000000,0.341541,-0.110923,-0.273243,0.186548
12.2250,0.335293,0.063513,-0.597717,0.383820,-0.176463,-0.585063,0.245160,6.653255,0.071759,-0.113677,0.416910,-0.187728,-0.048343,0.065913,0.000262,-0.000000,0.000000,0.000000,0.446252,-0.253638,-0.265870,0.054443,0.000000,0.341541,-0.110923,-0.273243,0.181655
12.2880,0.335293,0.063513,-0.597717,0.380851,-0.172873,-0.575786,0.241733,6.538075,0.077256,-0.110959,0.413151,-0.196847,-0.047120,0.064222,-0.001106,-0.000000,0.000000,0.000000,0.445335,-0.252646,-0.261879,0.054443,0.000000,0.341541,-0.110923,-0.273243,0.177161
12.3260,0.335293,0.063513,-0.597717,0.378908,-0.171259,-0.565535,0.240948,6.622376,0.084046,-0.109493,0.411682,-0.203481,-0.046460,0.063561,-0.002101,-0.000000,0.000000,0.000000,0.443558,-0.251535,-0.252462,0.054443,0.000000,0.341541,-0.110923,-0.273243,0.175517
12.3750,0.335293,0.063513,-0.597717,0.377608,-0.170581,-0.559084,0.241005,6.733067,0.088814,-0.107095,0.410180,-0.214394,-0.045381,0.062885,-0.003738,-0.000000,0.000000,0.000000,0.435781,-0.244012,-0.234930,0.054443,0.000000,0.341541,-0.110923,-0.273243,0.174125
12.4700,0.335293,0.063513,-0.597717,0.371052,-0.166197,-0.544824,0.238418,7.293671,0.101094,-0.098757,0.402333,-0.232036,-0.041629,0.059353,-0.006384,-0.000000,0.000000,0.000000,0.432950,-0.242196,-0.227867,0.054443,0.000000,0.341541,-0.110923,-0.273243,0.166631
12.4910,0.335293,0.063513,-0.597717,0.370377,-0.166487,-0.542855,0.239041,7.437978,0.103019,-0.097657,0.401709,-0.234850,-0.041134,0.059073,-0.006806,-0.000000,0.000000,0.000000,0.432950,-0.242196,-0.227867,0.054443,0.000000,0.341541,-0.110923,-0.273243,0.166274
12.5270,0.335293,0.063513,-0.597717,0.369008,-0.168132,-0.538036,0.241573,7.822121,0.107928,-0.095067,0.400679,-0.241884,-0.039969,0.058609,-0.007862,-0.000000,0.000000,0.000000,0.427559,-0.240058,-0.213845,0.054443,0.000000,0.341541,-0.110923,-0.273243,0.166129
12.5750,0.335293,0.063513,-0.597717,0.367507,-0.169821,-0.533242,0.244212,8.237990,0.112941,-0.092265,0.399571,-0.248872,-0.038708,0.058111,-0.008910,-0.000000,0.000000,0.000000,0.423562,-0.236763,-0.206967,0.054443,0.000000,0.341541,-0.110923,-0.273243,0.166141
12.6250,0.335293,0.063513,-0.597717,0.363230,-0.168176,-0.525498,0.244287,8.602990,0.120572,-0.088268,0.396276,-0.255750,-0.036909,0.056628,-0.009941,-0.000000,0.000000,0.000000,0.419854,-0.234437,-0.199876,0.054443,0.000000,0.341541,-0.110923,-0.273243,0.164182
12.6760,0.335293,0.063513,-0.597717,0.361222,-0.169681,-0.520187,0.247109,8.936441,0.126246,-0.083147,0.393271,-0.265668,-0.034604,0.055276,-0.011429,-0.000000,0.000000,0.000000,0.415033,-0.232674,-0.189667,0.054443,0.000000,0.341541,-0.110923,-0.273243,0.163730
12.7250,0.335293,0.063513,-0.597717,0.358892,-0.170737,-0.513838,0.249931,9.143043,0.132760,-0.079740,0.392187,-0.273050,-0.033071,0.054788,-0.012536,-0.000000,0.000000,0.000000,0.413070,-0.232657,-0.184875,0.054443,0.000000,0.341541,-0.110923,-0.273243,0.164952
12.7750,0.335293,0.063513,-0.597717,0.354854,-0.172945,-0.501995,0.255847,9.439564,0.144909,-0.074402,0.391935,-0.286169,-0.030669,0.054675,-0.014504,-0.000000,0.000000,0.000000,0.408031,-0.231344,-0.173195,0.054443,0.000000,0.341541,-0.110923,-0.273243,0.169578
12.8290,0.335293,0.063513,-0.597717,0.350381,-0.171996,-0.491950,0.258609,9.826319,0.154872,-0.070310,0.389527,-0.294460,-0.028828,0.053591,-0.015748,-0.000000,0.000000,0.000000,0.401689,-0.228490,-0.160368,0.054443,0.000000,0.341541,-0.110923,-0.273243,0.171198
12.8760,0.335293,0.063513,-0.597717,0.347448,-0.172335,-0.485488,0.261471,10.264184,0.161644,-0.064867,0.387633,-0.305492,-0.026378,0.052738,-0.017403,-0.000000,0.000000,0.000000,0.397895,-0.227792,-0.152476,0.054443,0.000000,0.341541,-0.110923,-0.273243,0.175018
12.9260,0.335293,0.063513,-0.597717,0.342829,-0.174139,-0.474875,0.267630,11.031169,0.173099,-0.061098,0.387228,-0.313466,-0.024682,0.052556,-0.018599,-0.000000,0.000000,0.000000,0.390482,-0.228334,-0.136107,0.054443,0.000000,0.341541,-0.110923,-0.273243,0.178949
12.9750,0.335293,0.063513,-0.597717,0.340015,-0.175974,-0.468003,0.272400,11.511412,0.180656,-0.055188,0.387847,-0.326610,-0.022023,0.052835,-0.020570,-0.000000,0.000000,0.000000,0.386344,-0.225712,-0.128459,0.054443,0.000000,0.341541,-0.110923,-0.273243,0.187047
13.0250,0.335293,0.063513,-0.597717,0.336703,-0.174393,-0.461457,0.274168,11.935316,0.187103,-0.051051,0.385225,-0.334258,-0.020161,0.051655,-0.021718,-0.000000,0.000000,0.000000,0.382278,-0.224010,-0.120750,0.054443,0.000000,0.341541,-0.110923,-0.273243,0.190122
13.0750,0.335293,0.063513,-0.597717,0.332166,-0.173302,-0.451855,0.278149,12.456250,0.196821,-0.045368,0.383068,-0.345038,-0.017604,0.050684,-0.023335,-0.000000,0.000000,0.000000,0.376652,-0.222902,-0.110061,0.054443,0.000000,0.341541,-0.110923,-0.273243,0.196001
13.1250,0.335293,0.063513,-0.597717,0.329133,-0.173494,-0.445236,0.281888,12.913432,0.203785,-0.041358,0.382415,-0.352657,-0.015800,0.050391,-0.024477,-0.000000,0.000000,0.000000,0.372671,-0.222354,-0.102844,0.054443,0.000000,0.341541,-0.110923,-0.273243,0.200999
13.1750,0.335293,0.063513,-0.597717,0.323274,-0.173401,-0.434461,0.287967,13.223887,0.215419,-0.034992,0.381840,-0.364155,-0.012935,0.050132,-0.026202,-0.000000,0.000000,0.000000,0.368760,-0.220948,-0.095915,0.054443,0.000000,0.341541,-0.110923,-0.273243,0.209165
13.2250,0.335293,0.063513,-0.597717,0.320156,-0.170814,-0.429077,0.289099,13.767225,0.220542,-0.031129,0.378667,-0.370778,-0.011197,0.048704,-0.027196,-0.000000,0.000000,0.000000,0.362490,-0.216836,-0.085112,0.054443,0.000000,0.341541,-0.110923,-0.273243,0.212612
13.2750,0.335293,0.063513,-0.597717,0.315292,-0.168239,-0.420518,0.292418,14.255310,0.229126,-0.025600,0.375634,-0.380416,-0.008708,0.047339,-0.028641,-0.000000,0.000000,0.000000,0.358455,-0.215258,-0.078112,0.054443,0.000000,0.341541,-0.110923,-0.273243,0.218860
13.3250,0.335293,0.063513,-0.597717,0.310895,-0.167114,-0.412929,0.296531,14.624768,0.237132,-0.020681,0.374143,-0.388812,-0.006495,0.046668,-0.029901,-0.000000,0.000000,0.000000,0.349976,-0.214058,-0.063810,0.054443,0.000000,0.341541,-0.110923,-0.273243,0.225164
13.3750,0.335293,0.063513,-0.597717,0.305637,-0.167035,-0.403902,0.302649,15.125519,0.247052,-0.014682,0.373571,-0.398907,-0.003795,0.046411,-0.031415,-0.000000,0.000000,0.000000,0.346302,-0.211141,-0.056795,0.054443,0.000000,0.341541,-0.110923,-0.273243,0.233602
13.4260,0.335293,0.063513,-0.597717,0.300994,-0.163491,-0.394923,0.306321,15.497723,0.255628,-0.011008,0.370654,-0.405922,-0.002142,0.045098,-0.032467,-0.000000,0.000000,0.000000,0.340857,-0.208388,-0.047302,0.054443,0.000000,0.341541,-0.110923,-0.273243,0.238570
13.4750,0.335293,0.063513,-0.597717,0.297977,-0.161983,-0.389342,0.309291,16.105615,0.261230,-0.005564,0.367901,-0.415415,0.000308,0.043859,-0.033891,-0.000000,0.000000,0.000000,0.336704,-0.207251,-0.040641,0.054443,0.000000,0.341541,-0.110923,-0.273243,0.246068
13.5250,0.335293,0.063513,-0.597717,0.292135,-0.160832,-0.379898,0.315656,16.787815,0.271443,0.001196,0.366378,-0.426234,0.003350,0.043174,-0.035514,-0.000000,0.000000,0.000000,0.334097,-0.206865,-0.036483,0.054443,0.000000,0.341541,-0.110923,-0.273243,0.255569
13.5750,0.335293,0.063513,-0.597717,0.288014,-0.160581,-0.373477,0.320526,17.071160,0.278607,0.005694,0.366159,-0.433167,0.005374,0.043075,-0.036554,-0.000000,0.000000,0.000000,0.326281,-0.203880,-0.023371,0.054443,0.000000,0.341541,-0.110923,-0.273243,0.262091
13.6260,0.335293,0.063513,-0.597717,0.285236,-0.157696,-0.367984,0.322826,17.467652,0.283633,0.009012,0.363393,-0.439347,0.006867,0.041830,-0.037481,-0.000000,0.000000,0.000000,0.322650,-0.201856,-0.016967,0.054443,0.000000,0.341541,-0.110923,-0.273243,0.267039
13.6770,0.335293,0.063513,-0.597717,0.280522,-0.154963,-0.359483,0.327853,17.800339,0.292105,0.014191,0.360744,-0.448421,0.009198,0.040638,-0.038842,-0.000000,0.000000,0.000000,0.318689,-0.200471,-0.010202,0.054443,0.000000,0.341541,-0.110923,-0.273243,0.275003
13.7250,0.335293,0.063513,-0.597717,0.276813,-0.153858,-0.353207,0.332348,18.092193,0.298725,0.018271,0.359606,-0.455249,0.011034,0.040126,-0.039866,-0.000000,0.000000,0.000000,0.312621,-0.199573,-0.000323,0.054443,0.000000,0.341541,-0.110923,-0.273243,0.281405
13.7750,0.335293,0.063513,-0.597717,0.270105,-0.153564,-0.342732,0.341159,18.666021,0.310440,0.025632,0.359044,-0.466905,0.014346,0.039873,-0.040000,-0.000000,0.000000,0.000000,0.306457,-0.196963,0.011185,0.054443,0.000000,0.341541,-0.110923,-0.273243,0.292977
13.8280,0.335293,0.063513,-0.597717,0.266272,-0.150445,-0.334072,0.346483,19.310700,0.318588,0.030214,0.355647,-0.476867,0.016408,0.038345,-0.040000,-0.000000,0.000000,0.000000,0.301447,-0.194545,0.021251,0.054443,0.000000,0.341541,-0.110923,-0.273243,0.301969
13.8760,0.335293,0.063513,-0.597717,0.263267,-0.148853,-0.327817,0.350904,19.780703,0.324770,0.033846,0.354058,-0.483968,0.018042,0.037630,-0.040000,-0.000000,0.000000,0.000000,0.299070,-0.193894,0.025711,0.054443,0.000000,0.341541,-0.110923,-0.273243,0.308751
13.9250,0.335293,0.063513,-0.597717,0.257370,-0.147709,-0.316464,0.360264,20.328654,0.336677,0.037893,0.353094,-0.491435,0.019864,0.037196,-0.040000,-0.000000,0.000000,0.000000,0.294815,-0.193532,0.033548,0.054443,0.000000,0.341541,-0.110923,-0.273243,0.316166
13.9750,0.335293,0.063513,-0.597717,0.253316,-0.147936,-0.308745,0.367337,20.672600,0.345082,0.044953,0.353376,-0.504589,0.023040,0.037323,-0.040000,-0.000000,0.000000,0.000000,0.288072,-0.191920,0.049326,0.054443,0.000000,0.341541,-0.110923,-0.273243,0.329846
14.0250,0.335293,0.063513,-0.597717,0.251505,-0.145915,-0.301979,0.371943,21.056073,0.351125,0.047221,0.351433,-0.512044,0.024061,0.036449,-0.040000,-0.000000,0.000000,0.000000,0.281298,-0.190094,0.065335,0.054443,0.000000,0.341541,-0.110923,-0.273243,0.336854
14.0930,0.335293,0.063513,-0.597717,0.245840,-0.143906,-0.287555,0.383699,21.953096,0.365404,0.053995,0.349607,-0.528053,0.027109,0.035627,-0.040000,-0.000000,0.000000,0.000000,0.277156,-0.190117,0.073935,0.054443,0.000000,0.341541,-0.110923,-0.273243,0.352892
14.1330,0.335293,0.063513,-0.597717,0.242188,-0.143951,-0.279779,0.390890,22.390696,0.373658,0.058137,0.349630,-0.536653,0.028973,0.035637,-0.040000,-0.000000,0.000000,0.000000,0.275304,-0.190279,0.077380,0.054443,0.000000,0.341541,-0.110923,-0.273243,0.361870
14.1750,0.335293,0.063513,-0.597717,0.237695,-0.144642,-0.271998,0.398682,22.798660,0.382422,0.063012,0.350189,-0.545264,0.031167,0.035889,-0.040000,-0.000000,0.000000,0.000000,0.271318,-0.189935,0.085510,0.054443,0.000000,0.341541,-0.110923,-0.273243,0.371138
14.2250,0.335293,0.063513,-0.597717,0.234562,-0.142559,-0.262499,0.406182,23.425010,0.391399,0.065592,0.348546,-0.552823,0.032328,0.035149,-0.040000,-0.000000,0.000000,0.000000,0.265154,-0.187132,0.100576,0.054443,0.000000,0.341541,-0.110923,-0.273243,0.378529
14.2860,0.335293,0.063513,-0.597717,0.229750,-0.140409,-0.251906,0.415101,24.085830,0.401974,0.070139,0.346645,-0.563294,0.034374,0.034294,-0.040000,-0.000000,0.000000,0.000000,0.262900,-0.186541,0.104991,0.054443,0.000000,0.341541,-0.110923,-0.273243,0.389081
14.3250,0.335293,0.063513,-0.597717,0.228348,-0.140082,-0.249244,0.417518,24.270159,0.404764,0.074005,0.345749,-0.570701,0.036114,0.033891,-0.040000,-0.000000,0.000000,0.000000,0.256861,-0.185802,0.115786,0.054443,0.000000,0.341541,-0.110923,-0.273243,0.396796
14.3750,0.335293,0.063513,-0.597717,0.221571,-0.139546,-0.237538,0.428829,24.772674,0.417514,0.081335,0.345267,-0.583317,0.039412,0.033674,-0.040000,-0.000000,0.000000,0.000000,0.251182,-0.183782,0.127982,0.054443,0.000000,0.341541,-0.110923,-0.273243,0.410345
14.4260,0.335293,0.063513,-0.597717,0.218334,-0.136638,-0.228048,0.436343,25.252588,0.426325,0.085122,0.342452,-0.593652,0.041117,0.032407,-0.040000,-0.000000,0.000000,0.000000,0.250171,-0.182939,0.130935,0.054443,0.000000,0.341541,-0.110923,-0.273243,0.420589
14.4760,0.335293,0.063513,-0.597717,0.215866,-0.134899,-0.221304,0.441947,25.681834,0.432748,0.088104,0.340736,-0.601155,0.042458,0.031635,-0.040000,-0.000000,0.000000,0.000000,0.243357,-0.180067,0.145969,0.054443,0.000000,0.341541,-0.110923,-0.273243,0.428165
14.5270,0.335293,0.063513,-0.597717,0.210091,-0.133303,-0.210427,0.452113,26.349414,0.444103,0.094675,0.339116,-0.613224,0.045415,0.030906,-0.040000,-0.000000,0.000000,0.000000,0.235699,-0.179146,0.158065,0.054443,0.000000,0.341541,-0.110923,-0.273243,0.440984
14.5830,0.335293,0.063513,-0.597717,0.205618,-0.132899,-0.203615,0.459031,26.755337,0.451691,0.099594,0.338659,-0.620783,0.047629,0.030700,-0.040000,-0.000000,0.000000,0.000000,0.234434,-0.178577,0.160982,0.054443,0.000000,0.341541,-0.110923,-0.273243,0.449315
14.6250,0.335293,0.063513,-0.597717,0.203852,-0.130900,-0.197297,0.464122,27.153200,0.457415,0.101825,0.336684,-0.627800,0.048633,0.029811,-0.040000,-0.000000,0.000000,0.000000,0.230168,-0.174757,0.174682,0.054443,0.000000,0.341541,-0.110923,-0.273243,0.456287
14.6760,0.335293,0.063513,-0.597717,0.201406,-0.128081,-0.188556,0.471219,27.739215,0.465337,0.105126,0.334270,-0.637399,0.050118,0.028725,-0.040000,-0.000000,0.000000,0.000000,0.228297,-0.174026,0.178935,0.054443,0.000000,0.341541,-0.110923,-0.273243,0.465957
14.7250,0.335293,0.063513,-0.597717,0.196415,-0.126399,-0.177814,0.481324,28.214206,0.476276,0.108383,0.333149,-0.644529,0.051584,0.028221,-0.040000,-0.000000,0.000000,0.000000,0.223064,-0.172958,0.189165,0.054443,0.000000,0.341541,-0.110923,-0.273243,0.473442
14.7750,0.335293,0.063513,-0.597717,0.192539,-0.126046,-0.171002,0.488260,28.518494,0.483659,0.114780,0.332243,-0.656369,0.054463,0.027813,-0.040000,-0.000000,0.000000,0.000000,0.219592,-0.172195,0.196401,0.054443,0.000000,0.341541,-0.110923,-0.273243,0.486271
14.8250,0.335293,0.063513,-0.597717,0.191142,-0.123641,-0.163376,0.494428,29.064774,0.490345,0.116136,0.330401,-0.662697,0.055073,0.026984,-0.040000,-0.000000,0.000000,0.000000,0.217490,-0.169206,0.205928,0.054443,0.000000,0.341541,-0.110923,-0.273243,0.492457
14.8750,0.335293,0.063513,-0.597717,0.189687,-0.122193,-0.157997,0.499041,29.466492,0.495302,0.118648,0.328188,-0.671111,0.056203,0.025988,-0.040000,-0.000000,0.000000,0.000000,0.214007,-0.167677,0.214935,0.054443,0.000000,0.341541,-0.110923,-0.273243,0.500908
14.9270,0.335293,0.063513,-0.597717,0.185654,-0.120930,-0.148405,0.508225,29.920156,0.504997,0.123159,0.326814,-0.681534,0.058233,0.025370,-0.040000,-0.000000,0.000000,0.000000,0.210800,-0.167130,0.221464,0.054443,0.000000,0.341541,-0.110923,-0.273243,0.511906
14.9750,0.335293,0.063513,-0.597717,0.182308,-0.120714,-0.142282,0.514554,30.146244,0.511611,0.126691,0.326502,-0.688101,0.059823,0.025230,-0.040000,-0.000000,0.000000,0.000000,0.207948,-0.166538,0.227732,0.054443,0.000000,0.341541,-0.110923,-0.273243,0.519081
15.0250,0.335293,0.063513,-0.597717,0.182078,-0.118447,-0.135223,0.520082,30.585706,0.517458,0.127258,0.324881,-0.693680,0.060078,0.024500,-0.040000,-0.000000,0.000000,0.000000,0.207419,-0.163819,0.236681,0.054443,0.000000,0.341541,-0.110923,-0.273243,0.524416
15.0750,0.335293,0.063513,-0.597717,0.181562,-0.117081,-0.129942,0.524463,30.909241,0.522050,0.128326,0.322844,-0.701754,0.060558,0.023583,-0.040000,-0.000000,0.000000,0.000000,0.206057,-0.162741,0.242598,0.054443,0.000000,0.341541,-0.110923,-0.273243,0.532247
15.1250,0.335293,0.063513,-0.597717,0.180091,-0.116362,-0.124407,0.529590,31.162722,0.527369,0.129988,0.321946,-0.707805,0.061306,0.023179,-0.040000,-0.000000,0.000000,0.000000,0.203951,-0.162074,0.248771,0.054443,0.000000,0.341541,-0.110923,-0.273243,0.538405
15.1750,0.335293,0.063513,-0.597717,0.175731,-0.116168,-0.114926,0.539289,31.484566,0.537368,0.134408,0.321266,-0.718073,0.063295,0.022874,-0.040000,-0.000000,0.000000,0.000000,0.200415,-0.160218,0.261112,0.054443,0.000000,0.341541,-0.110923,-0.273243,0.549349
15.2260,0.335293,0.063513,-0.597717,0.175359,-0.115110,-0.109965,0.543495,31.821856,0.541718,0.134878,0.319731,-0.723830,0.063507,0.022183,-0.040000,-0.000000,0.000000,0.000000,0.199932,-0.158852,0.266868,0.054443,0.000000,0.341541,-0.110923,-0.273243,0.554872
15.2770,0.335293,0.063513,-0.597717,0.174758,-0.113490,-0.102393,0.549953,32.126318,0.548384,0.135797,0.317970,-0.731961,0.063920,0.021390,-0.040000,-0.000000,0.000000,0.000000,0.195759,-0.157555,0.278701,0.054443,0.000000,0.341541,-0.110923,-0.273243,0.562787
15.3360,0.335293,0.063513,-0.597717,0.171446,-0.112667,-0.093521,0.558659,32.470204,0.557331,0.139535,0.317068,-0.741419,0.065602,0.020984,-0.040000,-0.000000,0.000000,0.000000,0.191847,-0.157114,0.286821,0.054443,0.000000,0.341541,-0.110923,-0.273243,0.572774
15.3980,0.335293,0.063513,-0.597717,0.167829,-0.112520,-0.086120,0.566360,32.831646,0.565209,0.143447,0.316627,-0.749539,0.067363,0.020786,-0.040000,-0.000000,0.000000,0.000000,0.192102,-0.155626,0.291693,0.054443,0.000000,0.341541,-0.110923,-0.273243,0.581562
15.4330,0.335293,0.063513,-0.597717,0.168297,-0.111288,-0.081840,0.569713,33.123008,0.568649,0.143191,0.315139,-0.754410,0.067248,0.020116,-0.040000,-0.000000,0.000000,0.000000,0.192102,-0.155626,0.291693,0.054443,0.000000,0.341541,-0.110923,-0.273243,0.586074
15.4750,0.335293,0.063513,-0.597717,0.167375,-0.110502,-0.077333,0.573827,33.413977,0.572861,0.144356,0.314158,-0.759480,0.067772,0.019675,-0.040000,-0.000000,0.000000,0.000000,0.189868,-0.154230,0.299847,0.054443,0.000000,0.341541,-0.110923,-0.273243,0.591185
15.5250,0.335293,0.063513,-0.597717,0.165631,-0.110031,-0.072557,0.578529,33.677269,0.577663,0.146326,0.313547,-0.764752,0.068658,0.019400,-0.040000,-0.000000,0.000000,0.000000,0.184155,-0.154111,0.311552,0.054443,0.000000,0.341541,-0.110923,-0.273243,0.596726
15.5770,0.335293,0.063513,-0.597717,0.161089,-0.110279,-0.063661,0.588019,34.007128,0.587301,0.151139,0.313624,-0.774270,0.070824,0.019435,-0.040000,-0.000000,0.000000,0.000000,0.183609,-0.153995,0.313902,0.054443,0.000000,0.341541,-0.110923,-0.273243,0.607142
15.6250,0.335293,0.063513,-0.597717,0.160981,-0.109303,-0.056319,0.594443,34.226616,0.593809,0.151391,0.312900,-0.779808,0.070937,0.019109,-0.040000,-0.000000,0.000000,0.000000,0.182607,-0.152580,0.324993,0.054443,0.000000,0.341541,-0.110923,-0.273243,0.612493
15.6750,0.335293,0.063513,-0.597717,0.160421,-0.108721,-0.051264,0.599046,34.672819,0.598472,0.152686,0.312092,-0.787711,0.071520,0.018745,-0.040000,-0.000000,0.000000,0.000000,0.180468,-0.152448,0.331071,0.054443,0.000000,0.341541,-0.110923,-0.273243,0.620389
15.7260,0.335293,0.063513,-0.597717,0.158811,-0.108846,-0.046082,0.604281,35.175913,0.603758,0.154825,0.311961,-0.793788,0.072483,0.018686,-0.040000,-0.000000,0.000000,0.000000,0.177076,-0.152721,0.337214,0.054443,0.000000,0.341541,-0.110923,-0.273243,0.626789
15.7750,0.335293,0.063513,-0.597717,0.152965,-0.109698,-0.037090,0.614450,35.421810,0.614038,0.160818,0.312561,-0.803284,0.075180,0.018956,-0.040000,-0.000000,0.000000,0.000000,0.173655,-0.152922,0.342433,0.054443,0.000000,0.341541,-0.110923,-0.273243,0.637533
15.8250,0.335293,0.063513,-0.597717,0.152217,-0.108973,-0.033294,0.617933,35.549892,0.617571,0.161626,0.311762,-0.807334,0.075543,0.018597,-0.040000,-0.000000,0.000000,0.000000,0.172870,-0.151476,0.348800,0.054443,0.000000,0.341541,-0.110923,-0.273243,0.641592
15.8750,0.335293,0.063513,-0.597717,0.151445,-0.107793,-0.027825,0.622834,35.948450,0.622536,0.163033,0.310790,-0.813335,0.076176,0.018159,-0.040000,-0.000000,0.000000,0.000000,0.170013,-0.151014,0.355233,0.054443,0.000000,0.341541,-0.110923,-0.273243,0.647678
15.9250,0.335293,0.063513,-0.597717,0.148085,-0.107402,-0.021039,0.629934,36.382016,0.629709,0.167072,0.310518,-0.820725,0.077994,0.018037,-0.040000,-0.000000,0.000000,0.000000,0.163175,-0.151389,0.364575,0.054443,0.000000,0.341541,-0.110923,-0.273243,0.655838
15.9850,0.335293,0.063513,-0.597717,0.143443,-0.107888,-0.015045,0.636940,36.727967,0.636771,0.172118,0.310902,-0.827292,0.080265,0.018210,-0.040000,-0.000000,0.000000,0.000000,0.163914,-0.150568,0.366659,0.054443,0.000000,0.341541,-0.110923,-0.273243,0.663524
16.0280,0.335293,0.063513,-0.597717,0.144435,-0.107112,-0.013312,0.638020,36.943874,0.637861,0.171380,0.310081,-0.829377,0.079933,0.017840,-0.040000,-0.000000,0.000000,0.000000,0.163914,-0.150568,0.366659,0.054443,0.000000,0.341541,-0.110923,-0.273243,0.665281
16.0750,0.335293,0.063513,-0.597717,0.144667,-0.105669,-0.007582,0.642822,37.088731,0.642700,0.171400,0.308762,-0.835278,0.079942,0.017246,-0.040000,-0.000000,0.000000,0.000000,0.162606,-0.148816,0.377486,0.054443,0.000000,0.341541,-0.110923,-0.273243,0.670888
16.1250,0.335293,0.063513,-0.597717,0.143632,-0.105082,-0.002797,0.647370,37.222052,0.647275,0.172688,0.308329,-0.840204,0.080521,0.017052,-0.040000,-0.000000,0.000000,0.000000,0.162606,-0.148816,0.377486,0.054443,0.000000,0.341541,-0.110923,-0.273243,0.675946
16.1750,0.335293,0.063513,-0.597717,0.140041,-0.105379,0.005179,0.655844,37.538130,0.655782,0.176512,0.308336,-0.848790,0.082242,0.017055,-0.040000,-0.000000,0.000000,0.000000,0.158782,-0.148823,0.386073,0.054443,0.000000,0.341541,-0.110923,-0.273243,0.685227
16.2250,0.335293,0.063513,-0.597717,0.140184,-0.105085,0.009222,0.659446,37.827650,0.659391,0.176582,0.307714,-0.853405,0.082273,0.016775,-0.040000,-0.000000,0.000000,0.000000,0.159725,-0.147112,0.396522,0.054443,0.000000,0.341541,-0.110923,-0.273243,0.689653
16.2760,0.335293,0.063513,-0.597717,0.141657,-0.104361,0.014221,0.663435,38.292620,0.663386,0.175568,0.306625,-0.859239,0.081817,0.016285,-0.040000,-0.000000,0.000000,0.000000,0.158868,-0.146785,0.400713,0.054443,0.000000,0.341541,-0.110923,-0.273243,0.694948
16.3250,0.335293,0.063513,-0.597717,0.141071,-0.104343,0.017779,0.666883,38.630136,0.666842,0.176425,0.306298,-0.863431,0.082203,0.016138,-0.040000,-0.000000,0.000000,0.000000,0.156920,-0.146732,0.405214,0.054443,0.000000,0.341541,-0.110923,-0.273243,0.699195
16.3750,0.335293,0.063513,-0.597717,0.137484,-0.104538,0.024949,0.674599,38.680560,0.674577,0.179915,0.306337,-0.870766,0.083773,0.016156,-0.040000,-0.000000,0.000000,0.000000,0.155568,-0.146097,0.411890,0.054443,0.000000,0.341541,-0.110923,-0.273243,0.707181
16.4260,0.335293,0.063513,-0.597717,0.137522,-0.103858,0.028732,0.677912,38.678972,0.677898,0.179725,0.305610,-0.874607,0.083688,0.015828,-0.040000,-0.000000,0.000000,0.000000,0.156910,-0.145016,0.415369,0.054443,0.000000,0.341541,-0.110923,-0.273243,0.710796
16.4770,0.335293,0.063513,-0.597717,0.139243,-0.102497,0.033404,0.681402,38.831415,0.681393,0.178178,0.304202,-0.879525,0.082992,0.015195,-0.040000,-0.000000,0.000000,0.000000,0.156972,-0.144084,0.420714,0.054443,0.000000,0.341541,-0.110923,-0.273243,0.715069
16.5250,0.335293,0.063513,-0.597717,0.139337,-0.102121,0.036894,0.684518,39.061679,0.684512,0.178321,0.303597,-0.883431,0.083056,0.014923,-0.040000,-0.000000,0.000000,0.000000,0.156431,-0.143883,0.423369,0.054443,0.000000,0.341541,-0.110923,-0.273243,0.718848
16.5750,0.335293,0.063513,-0.597717,0.137168,-0.102639,0.042894,0.690828,39.415489,0.690825,0.180606,0.303391,-0.890231,0.084084,0.014830,-0.040000,-0.000000,0.000000,0.000000,0.155083,-0.143193,0.430819,0.054443,0.000000,0.341541,-0.110923,-0.273243,0.725989
16.6250,0.335293,0.063513,-0.597717,0.137503,-0.102496,0.045692,0.693293,39.609450,0.693291,0.180210,0.302706,-0.893537,0.083906,0.014521,-0.040000,-0.000000,0.000000,0.000000,0.156523,-0.142197,0.434349,0.054443,0.000000,0.341541,-0.110923,-0.273243,0.729049
16.6750,0.335293,0.063513,-0.597717,0.139285,-0.101502,0.050305,0.696838,39.825869,0.696837,0.178499,0.301406,-0.898604,0.083136,0.013936,-0.040000,-0.000000,0.000000,0.000000,0.156907,-0.141521,0.438250,0.054443,0.000000,0.341541,-0.110923,-0.273243,0.733455
16.7250,0.335293,0.063513,-0.597717,0.138871,-0.100774,0.056595,0.702635,39.900655,0.702635,0.178948,0.300647,-0.905030,0.083338,0.013595,-0.040000,-0.000000,0.000000,0.000000,0.155862,-0.141060,0.444144,0.054443,0.000000,0.341541,-0.110923,-0.273243,0.739750
16.7770,0.335293,0.063513,-0.597717,0.137040,-0.100947,0.060717,0.707027,39.958215,0.707026,0.180611,0.300563,-0.909370,0.084086,0.013557,-0.040000,-0.000000,0.000000,0.000000,0.154683,-0.141050,0.446653,0.054443,0.000000,0.341541,-0.110923,-0.273243,0.744361
16.8250,0.335293,0.063513,-0.597717,0.137579,-0.100800,0.063383,0.709326,40.238076,0.709325,0.180146,0.299862,-0.912657,0.083877,0.013242,-0.040000,-0.000000,0.000000,0.000000,0.155823,-0.139943,0.451126,0.054443,0.000000,0.341541,-0.110923,-0.273243,0.747397
16.8750,0.335293,0.063513,-0.597717,0.138815,-0.099883,0.067463,0.712577,40.388000,0.712574,0.178994,0.298698,-0.917043,0.083359,0.012718,-0.040000,-0.000000,0.000000,0.000000,0.155254,-0.138250,0.456942,0.054443,0.000000,0.341541,-0.110923,-0.273243,0.751313
16.9250,0.335293,0.063513,-0.597717,0.136497,-0.098752,0.071446,0.716680,40.529051,0.716665,0.181368,0.297343,-0.921320,0.084427,0.012108,-0.040000,-0.000000,0.000000,0.000000,0.151044,-0.137335,0.461159,0.054443,0.000000,0.341541,-0.110923,-0.273243,0.755991
16.9770,0.335293,0.063513,-0.597717,0.133540,-0.098527,0.073762,0.719615,40.615164,0.719588,0.184249,0.296848,-0.923877,0.085724,0.011885,-0.040000,-0.000000,0.000000,0.000000,0.151044,-0.137335,0.461159,0.054443,0.000000,0.341541,-0.110923,-0.273243,0.759167
17.0250,0.335293,0.063513,-0.597717,0.133395,-0.097416,0.075330,0.720870,40.800175,0.720831,0.184616,0.295652,-0.925737,0.085889,0.011347,-0.040000,-0.000000,0.000000,0.000000,0.151329,-0.134653,0.464480,0.054443,0.000000,0.341541,-0.110923,-0.273243,0.761017
17.0750,0.335293,0.063513,-0.597717,0.134244,-0.095369,0.077258,0.721980,40.931873,0.721924,0.184013,0.293661,-0.927820,0.085617,0.010451,-0.040000,-0.000000,0.000000,0.000000,0.150529,-0.133084,0.466834,0.054443,0.000000,0.341541,-0.110923,-0.273243,0.762820
17.1250,0.335293,0.063513,-0.597717,0.133652,-0.094238,0.078894,0.723428,41.018003,0.723352,0.184765,0.292597,-0.929552,0.085956,0.009972,-0.040000,-0.000000,0.000000,0.000000,0.149671,-0.132571,0.468053,0.054443,0.000000,0.341541,-0.110923,-0.273243,0.764651
17.1760,0.335293,0.063513,-0.597717,0.130518,-0.093242,0.082209,0.727190,41.037662,0.727073,0.187797,0.291437,-0.932969,0.087320,0.009451,-0.040000,-0.000000,0.000000,0.000000,0.148058,-0.130192,0.472418,0.054443,0.000000,0.341541,-0.110923,-0.273243,0.768687
17.2480,0.335293,0.063513,-0.597717,0.131093,-0.091140,0.084892,0.729089,41.081305,0.728936,0.187235,0.289705,-0.935135,0.087067,0.008671,-0.040000,-0.000000,0.000000,0.000000,0.148246,-0.129003,0.473857,0.054443,0.000000,0.341541,-0.110923,-0.273243,0.770596
17.2780,0.335293,0.063513,-0.597717,0.130782,-0.090170,0.086582,0.730554,41.181394,0.730377,0.187048,0.288516,-0.936574,0.086983,0.008136,-0.040000,-0.000000,0.000000,0.000000,0.146062,-0.127568,0.476930,0.054443,0.000000,0.341541,-0.110923,-0.273243,0.771912
17.3310,0.335293,0.063513,-0.597717,0.129064,-0.089473,0.088301,0.732500,41.285283,0.732288,0.189231,0.287081,-0.939647,0.087966,0.007490,-0.040000,-0.000000,0.000000,0.000000,0.143349,-0.126916,0.479338,0.054443,0.000000,0.341541,-0.110923,-0.273243,0.775403
17.3750,0.335293,0.063513,-0.597717,0.126418,-0.088957,0.090535,0.735233,41.375674,0.734975,0.191944,0.286428,-0.942056,0.089187,0.007197,-0.040000,-0.000000,0.000000,0.000000,0.142553,-0.126390,0.480579,0.054443,0.000000,0.341541,-0.110923,-0.273243,0.778405
17.4250,0.335293,0.063513,-0.597717,0.126537,-0.087875,0.092125,0.736465,41.456763,0.736179,0.191924,0.285295,-0.943774,0.089177,0.006686,-0.040000,-0.000000,0.000000,0.000000,0.144450,-0.124447,0.482117,0.054443,0.000000,0.341541,-0.110923,-0.273243,0.780040
17.4750,0.335293,0.063513,-0.597717,0.127900,-0.085919,0.093591,0.737055,41.598811,0.736732,0.190904,0.283518,-0.945358,0.088718,0.005887,-0.040000,-0.000000,0.000000,0.000000,0.142446,-0.122641,0.484987,0.054443,0.000000,0.341541,-0.110923,-0.273243,0.781282
17.5370,0.335293,0.063513,-0.597717,0.126207,-0.084439,0.095818,0.739322,41.719793,0.738930,0.192848,0.282154,-0.947704,0.089593,0.005273,-0.040000,-0.000000,0.000000,0.000000,0.140121,-0.122099,0.486892,0.054443,0.000000,0.341541,-0.110923,-0.273243,0.784021
17.5810,0.335293,0.063513,-0.597717,0.123889,-0.083955,0.097633,0.741586,41.764086,0.741141,0.195173,0.281612,-0.949610,0.090639,0.005029,-0.040000,-0.000000,0.000000,0.000000,0.139325,-0.121375,0.488486,0.054443,0.000000,0.341541,-0.110923,-0.273243,0.786449
17.6320,0.335293,0.063513,-0.597717,0.123563,-0.083097,0.099453,0.743216,41.811551,0.742734,0.195332,0.280451,-0.951631,0.090711,0.004507,-0.040000,-0.000000,0.000000,0.000000,0.140532,-0.120346,0.489338,0.054443,0.000000,0.341541,-0.110923,-0.273243,0.788427
17.6750,0.335293,0.063513,-0.597717,0.124326,-0.082275,0.100227,0.743564,41.873705,0.743064,0.194575,0.279496,-0.952544,0.090370,0.004077,-0.040000,-0.000000,0.000000,0.000000,0.140358,-0.119205,0.491215,0.054443,0.000000,0.341541,-0.110923,-0.273243,0.789105
17.7250,0.335293,0.063513,-0.597717,0.124050,-0.081547,0.101513,0.744707,41.938242,0.744176,0.194935,0.278718,-0.953933,0.090533,0.003727,-0.040000,-0.000000,0.000000,0.000000,0.138694,-0.118617,0.492499,0.054443,0.000000,0.341541,-0.110923,-0.273243,0.790532
17.7750,0.335293,0.063513,-0.597717,0.120888,-0.080815,0.103662,0.747485,41.990206,0.746867,0.198120,0.277880,-0.956192,0.091965,0.003350,-0.040000,-0.000000,0.000000,0.000000,0.136478,-0.117701,0.494242,0.054443,0.000000,0.341541,-0.110923,-0.273243,0.793522
17.8250,0.335293,0.063513,-0.597717,0.121029,-0.079804,0.104389,0.747932,42.014074,0.747277,0.198815,0.277214,-0.956959,0.092278,0.003050,-0.040000,-0.000000,0.000000,0.000000,0.138101,-0.116723,0.494498,0.054443,0.000000,0.341541,-0.110923,-0.273243,0.794437
17.8750,0.335293,0.063513,-0.597717,0.122112,-0.078922,0.104738,0.747782,42.093185,0.747113,0.197011,0.275924,-0.957433,0.091467,0.002469,-0.040000,-0.000000,0.000000,0.000000,0.137967,-0.115295,0.495076,0.054443,0.000000,0.341541,-0.110923,-0.273243,0.794421
17.9250,0.335293,0.063513,-0.597717,0.121262,-0.077030,0.105280,0.748176,42.163994,0.747414,0.197327,0.274808,-0.957793,0.091609,0.001967,-0.040000,-0.000000,0.000000,0.000000,0.136682,-0.114087,0.495519,0.054443,0.000000,0.341541,-0.110923,-0.273243,0.794843
17.9750,0.335293,0.063513,-0.597717,0.119404,-0.075962,0.105889,0.749082,42.175029,0.748237,0.199827,0.272950,-0.958702,0.092734,0.001131,-0.040000,-0.000000,0.000000,0.000000,0.134902,-0.112121,0.496227,0.054443,0.000000,0.341541,-0.110923,-0.273243,0.796357
18.0250,0.335293,0.063513,-0.597717,0.119530,-0.074050,0.106010,0.748806,42.160842,0.747879,0.200391,0.271634,-0.958945,0.092988,0.000539,-0.040000,-0.000000,0.000000,0.000000,0.136509,-0.110517,0.495922,0.054443,0.000000,0.341541,-0.110923,-0.273243,0.796735
18.0770,0.335293,0.063513,-0.597717,0.120704,-0.072503,0.105864,0.748048,42.161348,0.747078,0.198459,0.269442,-0.958683,0.092118,-0.000447,-0.040000,-0.000000,0.000000,0.000000,0.136807,-0.108593,0.496082,0.054443,0.000000,0.341541,-0.110923,-0.273243,0.795983
18.1250,0.335293,0.063513,-0.597717,0.120618,-0.071233,0.105976,0.747948,42.146853,0.746917,0.198486,0.268106,-0.958800,0.092131,-0.001049,-0.040000,-0.000000,0.000000,0.000000,0.136807,-0.108593,0.496082,0.054443,0.000000,0.341541,-0.110923,-0.273243,0.796105
18.1750,0.335293,0.063513,-0.597717,0.117713,-0.069671,0.106172,0.748692,42.118528,0.747515,0.201232,0.266376,-0.959028,0.093366,-0.001827,-0.040000,-0.000000,0.000000,0.000000,0.133022,-0.106476,0.496254,0.054443,0.000000,0.341541,-0.110923,-0.273243,0.797043
18.2270,0.335293,0.063513,-0.597717,0.117955,-0.068284,0.104818,0.747103,42.090674,0.745866,0.200818,0.264787,-0.957717,0.093180,-0.002542,-0.040000,-0.000000,0.000000,0.000000,0.134476,-0.105274,0.495000,0.054443,0.000000,0.341541,-0.110923,-0.273243,0.795679
18.2750,0.335293,0.063513,-0.597717,0.119315,-0.067124,0.103666,0.745420,42.067027,0.744162,0.199481,0.263696,-0.956501,0.092578,-0.003033,-0.040000,-0.000000,0.000000,0.000000,0.136122,-0.103235,0.492940,0.054443,0.000000,0.341541,-0.110923,-0.273243,0.794167
18.3250,0.335293,0.063513,-0.597717,0.119643,-0.066064,0.102929,0.744446,42.024224,0.743143,0.199172,0.262748,-0.955657,0.092439,-0.003460,-0.040000,-0.000000,0.000000,0.000000,0.135499,-0.102392,0.492079,0.054443,0.000000,0.341541,-0.110923,-0.273243,0.793280
18.3750,0.335293,0.063513,-0.597717,0.118042,-0.064725,0.101988,0.743795,41.925853,0.742381,0.200639,0.261438,-0.954572,0.093099,-0.004049,-0.040000,-0.000000,0.000000,0.000000,0.135022,-0.101077,0.491227,0.054443,0.000000,0.341541,-0.110923,-0.273243,0.792628
18.4250,0.335293,0.063513,-0.597717,0.118232,-0.063970,0.101413,0.743069,41.856098,0.741620,0.200271,0.260590,-0.953944,0.092934,-0.004431,-0.040000,-0.000000,0.000000,0.000000,0.137823,-0.100088,0.490291,0.054443,0.000000,0.341541,-0.110923,-0.273243,0.791935
18.4750,0.335293,0.063513,-0.597717,0.121566,-0.062707,0.100261,0.740800,41.798992,0.739375,0.196805,0.259243,-0.952746,0.091374,-0.005037,-0.040000,-0.000000,0.000000,0.000000,0.138993,-0.099242,0.489487,0.054443,0.000000,0.341541,-0.110923,-0.273243,0.789898
18.5250,0.335293,0.063513,-0.597717,0.121911,-0.061726,0.099317,0.739644,41.730560,0.738177,0.196164,0.258449,-0.951964,0.091085,-0.005394,-0.040000,-0.000000,0.000000,0.000000,0.139075,-0.098531,0.489077,0.054443,0.000000,0.341541,-0.110923,-0.273243,0.788990
18.5750,0.335293,0.063513,-0.597717,0.120847,-0.061381,0.099310,0.739887,41.668845,0.738371,0.197053,0.257499,-0.951785,0.091485,-0.005822,-0.040000,-0.000000,0.000000,0.000000,0.139843,-0.097119,0.488563,0.054443,0.000000,0.341541,-0.110923,-0.273243,0.789060
18.6470,0.335293,0.063513,-0.597717,0.123191,-0.060472,0.098500,0.738295,41.536558,0.736794,0.194271,0.256244,-0.950937,0.090234,-0.006386,-0.040000,-0.000000,0.000000,0.000000,0.141617,-0.096491,0.487836,0.054443,0.000000,0.341541,-0.110923,-0.273243,0.787550
18.6830,0.335293,0.063513,-0.597717,0.123739,-0.060269,0.098128,0.737752,41.519089,0.736257,0.193677,0.256004,-0.950554,0.089966,-0.006494,-0.040000,-0.000000,0.000000,0.000000,0.142328,-0.095933,0.487147,0.054443,0.000000,0.341541,-0.110923,-0.273243,0.787033
18.7300,0.335293,0.063513,-0.597717,0.124215,-0.059520,0.097145,0.736563,41.466180,0.735042,0.193059,0.255141,-0.949540,0.089688,-0.006883,-0.040000,-0.000000,0.000000,0.000000,0.141838,-0.095443,0.486651,0.054443,0.000000,0.341541,-0.110923,-0.273243,0.785912
18.7760,0.335293,0.063513,-0.597717,0.122817,-0.059187,0.096831,0.736613,41.428116,0.735034,0.194335,0.254700,-0.949215,0.090262,-0.007082,-0.040000,-0.000000,0.000000,0.000000,0.140237,-0.095033,0.486384,0.054443,0.000000,0.341541,-0.110923,-0.273243,0.785931
18.8250,0.335293,0.063513,-0.597717,0.123904,-0.058538,0.095566,0.735000,41.358637,0.733419,0.194165,0.254195,-0.948505,0.090186,-0.007308,-0.040000,-0.000000,0.000000,0.000000,0.142223,-0.094423,0.485183,0.054443,0.000000,0.341541,-0.110923,-0.273243,0.785212
18.8750,0.335293,0.063513,-0.597717,0.125531,-0.057909,0.094383,0.733312,41.319054,0.731745,0.191407,0.253334,-0.946650,0.088945,-0.007696,-0.040000,-0.000000,0.000000,0.000000,0.144222,-0.092998,0.482504,0.054443,0.000000,0.341541,-0.110923,-0.273243,0.782735
18.9250,0.335293,0.063513,-0.597717,0.125775,-0.057065,0.093066,0.731860,41.245198,0.730255,0.191071,0.252511,-0.945222,0.088794,-0.008066,-0.040000,-0.000000,0.000000,0.000000,0.142857,-0.091368,0.480082,0.054443,0.000000,0.341541,-0.110923,-0.273243,0.781288
18.9820,0.335293,0.063513,-0.597717,0.124254,-0.055507,0.090710,0.729819,41.176142,0.728084,0.192436,0.250881,-0.942800,0.089408,-0.008800,-0.040000,-0.000000,0.000000,0.000000,0.143165,-0.090301,0.478278,0.054443,0.000000,0.341541,-0.110923,-0.273243,0.779331
19.0260,0.335293,0.063513,-0.597717,0.125596,-0.054046,0.088004,0.726640,41.107777,0.724866,0.190931,0.249334,-0.940035,0.088730,-0.009496,-0.040000,-0.000000,0.000000,0.000000,0.145784,-0.089120,0.476005,0.054443,0.000000,0.341541,-0.110923,-0.273243,0.776316
19.0750,0.335293,0.063513,-0.597717,0.127567,-0.052928,0.085829,0.723840,40.993787,0.722064,0.188776,0.248181,-0.937713,0.087761,-0.010015,-0.040000,-0.000000,0.000000,0.000000,0.147566,-0.087570,0.472979,0.054443,0.000000,0.341541,-0.110923,-0.273243,0.773557
19.1250,0.335293,0.063513,-0.597717,0.128461,-0.051764,0.084033,0.721701,40.855073,0.719886,0.187727,0.247083,-0.935697,0.087289,-0.010509,-0.040000,-0.000000,0.000000,0.000000,0.147333,-0.086527,0.470876,0.054443,0.000000,0.341541,-0.110923,-0.273243,0.771375
19.1750,0.335293,0.063513,-0.597717,0.127265,-0.050109,0.080863,0.718788,40.622069,0.716842,0.188577,0.245427,-0.932202,0.087671,-0.011254,-0.040000,-0.000000,0.000000,0.000000,0.146160,-0.085512,0.468674,0.054443,0.000000,0.341541,-0.110923,-0.273243,0.768263
19.2250,0.335293,0.063513,-0.597717,0.126453,-0.049238,0.078866,0.717002,40.486751,0.714979,0.189131,0.244459,-0.930052,0.087920,-0.011690,-0.040000,-0.000000,0.000000,0.000000,0.149269,-0.083806,0.463100,0.054443,0.000000,0.341541,-0.110923,-0.273243,0.766358
19.2820,0.335293,0.063513,-0.597717,0.129327,-0.048206,0.074800,0.712167,40.345293,0.710185,0.186025,0.243319,-0.925818,0.086523,-0.012203,-0.040000,-0.000000,0.000000,0.000000,0.150098,-0.083018,0.460348,0.054443,0.000000,0.341541,-0.110923,-0.273243,0.761515
19.3250,0.335293,0.063513,-0.597717,0.130067,-0.046947,0.070839,0.708016,40.213162,0.705990,0.185196,0.242531,-0.923065,0.086150,-0.012557,-0.040000,-0.000000,0.000000,0.000000,0.150154,-0.082540,0.458941,0.054443,0.000000,0.341541,-0.110923,-0.273243,0.758674
19.3750,0.335293,0.063513,-0.597717,0.129070,-0.046146,0.069161,0.706597,40.060969,0.704490,0.185922,0.241256,-0.919762,0.086477,-0.013131,-0.040000,-0.000000,0.000000,0.000000,0.148744,-0.081435,0.456190,0.054443,0.000000,0.341541,-0.110923,-0.273243,0.755712
19.4250,0.335293,0.063513,-0.597717,0.128172,-0.045308,0.067326,0.704999,39.835123,0.702811,0.186547,0.240506,-0.917573,0.086758,-0.013468,-0.040000,-0.000000,0.000000,0.000000,0.151461,-0.080313,0.452281,0.054443,0.000000,0.341541,-0.110923,-0.273243,0.753786
19.4750,0.335293,0.063513,-0.597717,0.131491,-0.044272,0.064038,0.700767,39.703046,0.698631,0.183095,0.239547,-0.914065,0.085204,-0.013900,-0.040000,-0.000000,0.000000,0.000000,0.152946,-0.079365,0.449187,0.054443,0.000000,0.341541,-0.110923,-0.273243,0.749558
19.5250,0.335293,0.063513,-0.597717,0.132218,-0.043542,0.062000,0.698518,39.640687,0.696364,0.182348,0.238878,-0.911905,0.084868,-0.014201,-0.040000,-0.000000,0.000000,0.000000,0.152726,-0.078723,0.447345,0.054443,0.000000,0.341541,-0.110923,-0.273243,0.747309
19.5750,0.335293,0.063513,-0.597717,0.130986,-0.042197,0.058622,0.695483,39.516906,0.693206,0.183353,0.237394,-0.908393,0.085320,-0.014869,-0.040000,-0.000000,0.000000,0.000000,0.151210,-0.077279,0.444542,0.054443,0.000000,0.341541,-0.110923,-0.273243,0.744234
19.6250,0.335293,0.063513,-0.597717,0.129450,-0.040921,0.055577,0.692872,39.342583,0.690459,0.184541,0.235942,-0.905162,0.085855,-0.015522,-0.040000,-0.000000,0.000000,0.000000,0.151628,-0.075905,0.440835,0.054443,0.000000,0.341541,-0.110923,-0.273243,0.741485
19.6750,0.335293,0.063513,-0.597717,0.131746,-0.038916,0.050538,0.687138,39.216478,0.684678,0.182185,0.234099,-0.899874,0.084795,-0.016352,-0.040000,-0.000000,0.000000,0.000000,0.153520,-0.073799,0.435129,0.054443,0.000000,0.341541,-0.110923,-0.273243,0.735864
19.7250,0.335293,0.063513,-0.597717,0.131566,-0.036589,0.045680,0.682265,38.969572,0.679639,0.181784,0.232799,-0.896619,0.084614,-0.016937,-0.040000,-0.000000,0.000000,0.000000,0.152648,-0.072041,0.430570,0.054443,0.000000,0.341541,-0.110923,-0.273243,0.732685
19.7750,0.335293,0.063513,-0.597717,0.130076,-0.035211,0.042830,0.679825,38.765274,0.677044,0.183491,0.230789,-0.891351,0.085382,-0.017841,-0.040000,-0.000000,0.000000,0.000000,0.150671,-0.070513,0.426718,0.054443,0.000000,0.341541,-0.110923,-0.273243,0.728151
19.8250,0.335293,0.063513,-0.597717,0.130203,-0.033536,0.037623,0.674639,38.498451,0.671748,0.184440,0.229630,-0.888075,0.085810,-0.018363,-0.040000,-0.000000,0.000000,0.000000,0.152854,-0.069374,0.421646,0.054443,0.000000,0.341541,-0.110923,-0.273243,0.725307
19.8750,0.335293,0.063513,-0.597717,0.131224,-0.032816,0.035083,0.671833,38.354407,0.668934,0.181955,0.228561,-0.882914,0.084691,-0.018844,-0.040000,-0.000000,0.000000,0.000000,0.153819,-0.068266,0.416962,0.054443,0.000000,0.341541,-0.110923,-0.273243,0.719745
19.9250,0.335293,0.063513,-0.597717,0.131584,-0.031885,0.032234,0.668908,38.146516,0.665957,0.181474,0.227779,-0.879679,0.084475,-0.019196,-0.040000,-0.000000,0.000000,0.000000,0.153306,-0.067543,0.414037,0.054443,0.000000,0.341541,-0.110923,-0.273243,0.716549
19.9750,0.335293,0.063513,-0.597717,0.130194,-0.030697,0.027884,0.665071,38.025051,0.661981,0.182726,0.226600,-0.875139,0.085038,-0.019726,-0.040000,-0.000000,0.000000,0.000000,0.151963,-0.066777,0.411472,0.054443,0.000000,0.341541,-0.110923,-0.273243,0.712579
20.0260,0.335293,0.063513,-0.597717,0.129354,-0.029987,0.025374,0.662869,37.866390,0.659694,0.183393,0.225915,-0.872375,0.085338,-0.020035,-0.040000,-0.000000,0.000000,0.000000,0.155034,-0.065961,0.404777,0.054443,0.000000,0.341541,-0.110923,-0.273243,0.710141
20.0760,0.335293,0.063513,-0.597717,0.132412,-0.029397,0.020758,0.657499,37.730914,0.654420,0.180260,0.225474,-0.867494,0.083928,-0.020233,-0.040000,-0.000000,0.000000,0.000000,0.155549,-0.065744,0.402915,0.054443,0.000000,0.341541,-0.110923,-0.273243,0.704640
20.1250,0.335293,0.063513,-0.597717,0.133061,-0.028853,0.018050,0.654675,37.604002,0.651588,0.179555,0.225088,-0.864529,0.083611,-0.020407,-0.040000,-0.000000,0.000000,0.000000,0.155048,-0.064786,0.397767,0.054443,0.000000,0.341541,-0.110923,-0.273243,0.701626
20.1750,0.335293,0.063513,-0.597717,0.132092,-0.027956,0.014439,0.651454,37.344070,0.648263,0.180246,0.224299,-0.860485,0.083922,-0.020762,-0.040000,-0.000000,0.000000,0.000000,0.154613,-0.064566,0.396897,0.054443,0.000000,0.341541,-0.110923,-0.273243,0.697971
20.2260,0.335293,0.063513,-0.597717,0.131597,-0.027465,0.012168,0.649407,37.169806,0.646161,0.180519,0.223825,-0.857944,0.084045,-0.020975,-0.040000,-0.000000,0.000000,0.000000,0.157538,-0.063587,0.391488,0.054443,0.000000,0.341541,-0.110923,-0.273243,0.695634
20.2770,0.335293,0.063513,-0.597717,0.135265,-0.026152,0.006470,0.642724,36.986356,0.639541,0.176680,0.222568,-0.851935,0.082317,-0.021541,-0.040000,-0.000000,0.000000,0.000000,0.158614,-0.063055,0.389218,0.054443,0.000000,0.341541,-0.110923,-0.273243,0.688918
20.3250,0.335293,0.063513,-0.597717,0.135979,-0.025401,0.004028,0.640101,36.786221,0.636892,0.175736,0.221803,-0.849181,0.081893,-0.021885,-0.040000,-0.000000,0.000000,0.000000,0.159880,-0.061213,0.383117,0.054443,0.000000,0.341541,-0.110923,-0.273243,0.686073
20.3750,0.335293,0.063513,-0.597717,0.135688,-0.023708,-0.000934,0.635295,36.624603,0.631941,0.175790,0.220048,-0.843993,0.081917,-0.022675,-0.040000,-0.000000,0.000000,0.000000,0.159161,-0.059537,0.378171,0.054443,0.000000,0.341541,-0.110923,-0.273243,0.681229
20.4250,0.335293,0.063513,-0.597717,0.136231,-0.022671,-0.005268,0.630912,36.427855,0.627505,0.176132,0.219050,-0.840888,0.082071,-0.023124,-0.040000,-0.000000,0.000000,0.000000,0.161655,-0.059074,0.374335,0.054443,0.000000,0.341541,-0.110923,-0.273243,0.678413
20.4750,0.335293,0.063513,-0.597717,0.137926,-0.022124,-0.008815,0.626971,36.250829,0.623604,0.173039,0.218364,-0.835568,0.080679,-0.023433,-0.040000,-0.000000,0.000000,0.000000,0.162932,-0.058480,0.370779,0.054443,0.000000,0.341541,-0.110923,-0.273243,0.672528
20.5250,0.335293,0.063513,-0.597717,0.138705,-0.021354,-0.011936,0.623690,36.051023,0.620299,0.172102,0.217724,-0.832082,0.080258,-0.023721,-0.040000,-0.000000,0.000000,0.000000,0.162775,-0.056969,0.364042,0.054443,0.000000,0.341541,-0.110923,-0.273243,0.668979
20.5750,0.335293,0.063513,-0.597717,0.137982,-0.019987,-0.016714,0.619249,35.735287,0.615717,0.172519,0.216482,-0.826759,0.080445,-0.024280,-0.040000,-0.000000,0.000000,0.000000,0.162344,-0.056342,0.360439,0.054443,0.000000,0.341541,-0.110923,-0.273243,0.664079
20.6260,0.335293,0.063513,-0.597717,0.138403,-0.019336,-0.021508,0.614529,35.453166,0.610974,0.172949,0.215855,-0.823157,0.080639,-0.024562,-0.040000,-0.000000,0.000000,0.000000,0.164971,-0.056213,0.356534,0.054443,0.000000,0.341541,-0.110923,-0.273243,0.660791
20.6760,0.335293,0.063513,-0.597717,0.140476,-0.019139,-0.024946,0.610616,35.317957,0.607152,0.169568,0.215634,-0.817853,0.079117,-0.024661,-0.040000,-0.000000,0.000000,0.000000,0.167034,-0.055780,0.352242,0.054443,0.000000,0.341541,-0.110923,-0.273243,0.654809
20.7250,0.335293,0.063513,-0.597717,0.141719,-0.018756,-0.027626,0.607654,35.202598,0.604222,0.168260,0.215293,-0.814960,0.078528,-0.024815,-0.040000,-0.000000,0.000000,0.000000,0.167541,-0.055314,0.349618,0.054443,0.000000,0.341541,-0.110923,-0.273243,0.651710
20.7750,0.335293,0.063513,-0.597717,0.141756,-0.017973,-0.031438,0.603961,34.990196,0.600472,0.168013,0.214515,-0.810795,0.078418,-0.025165,-0.040000,-0.000000,0.000000,0.000000,0.167254,-0.054601,0.345484,0.054443,0.000000,0.341541,-0.110923,-0.273243,0.647714
20.8250,0.335293,0.063513,-0.597717,0.141499,-0.017622,-0.033788,0.601793,34.825058,0.598269,0.168040,0.214114,-0.808202,0.078430,-0.025345,-0.040000,-0.000000,0.000000,0.000000,0.170390,-0.054670,0.340588,0.054443,0.000000,0.341541,-0.110923,-0.273243,0.645269
20.8850,0.335293,0.063513,-0.597717,0.144315,-0.017731,-0.038328,0.596649,34.588881,0.593284,0.164903,0.214183,-0.803305,0.077018,-0.025314,-0.040000,-0.000000,0.000000,0.000000,0.171455,-0.054260,0.337021,0.054443,0.000000,0.341541,-0.110923,-0.273243,0.639723
20.9310,0.335293,0.063513,-0.597717,0.145166,-0.017282,-0.041551,0.593294,34.384977,0.589939,0.163838,0.213773,-0.799738,0.076539,-0.025499,-0.040000,-0.000000,0.000000,0.000000,0.171096,-0.052897,0.331132,0.054443,0.000000,0.341541,-0.110923,-0.273243,0.636052
20.9800,0.335293,0.063513,-0.597717,0.144653,-0.015921,-0.047212,0.587971,34.245269,0.584486,0.164197,0.212410,-0.793850,0.076700,-0.026112,-0.040000,-0.000000,0.000000,0.000000,0.170667,-0.052521,0.329770,0.054443,0.000000,0.341541,-0.110923,-0.273243,0.630625
21.0250,0.335293,0.063513,-0.597717,0.143079,-0.015009,-0.050625,0.585169,34.044861,0.581534,0.165521,0.211431,-0.790131,0.077296,-0.026552,-0.040000,-0.000000,0.000000,0.000000,0.172014,-0.051554,0.323077,0.054443,0.000000,0.341541,-0.110923,-0.273243,0.627515
21.0750,0.335293,0.063513,-0.597717,0.145835,-0.014338,-0.056232,0.578931,33.850778,0.575384,0.162634,0.210877,-0.784155,0.075997,-0.026802,-0.040000,-0.000000,0.000000,0.000000,0.173318,-0.051046,0.319202,0.054443,0.000000,0.341541,-0.110923,-0.273243,0.621059
21.1260,0.335293,0.063513,-0.597717,0.146908,-0.013122,-0.061449,0.573538,33.674481,0.569942,0.161707,0.210328,-0.780473,0.075580,-0.027049,-0.040000,-0.000000,0.000000,0.000000,0.173741,-0.050420,0.315815,0.054443,0.000000,0.341541,-0.110923,-0.273243,0.617334
21.1760,0.335293,0.063513,-0.597717,0.146321,-0.012100,-0.063792,0.571406,33.297966,0.567688,0.161853,0.209149,-0.775477,0.075646,-0.027579,-0.040000,-0.000000,0.000000,0.000000,0.172339,-0.048726,0.309897,0.054443,0.000000,0.341541,-0.110923,-0.273243,0.612710
21.2250,0.335293,0.063513,-0.597717,0.144939,-0.011096,-0.066154,0.569527,33.013869,0.565647,0.162954,0.208238,-0.772614,0.076141,-0.027989,-0.040000,-0.000000,0.000000,0.000000,0.175596,-0.047850,0.304204,0.054443,0.000000,0.341541,-0.110923,-0.273243,0.610369
21.2790,0.335293,0.063513,-0.597717,0.147928,-0.010267,-0.071453,0.563474,32.770984,0.559678,0.159697,0.207363,-0.766921,0.074675,-0.028383,-0.040000,-0.000000,0.000000,0.000000,0.176436,-0.047056,0.300364,0.054443,0.000000,0.341541,-0.110923,-0.273243,0.604120
21.3290,0.335293,0.063513,-0.597717,0.148742,-0.009028,-0.077336,0.557548,32.684117,0.553687,0.158825,0.206013,-0.760905,0.074283,-0.028990,-0.040000,-0.000000,0.000000,0.000000,0.176319,-0.046101,0.296699,0.054443,0.000000,0.341541,-0.110923,-0.273243,0.598275
21.3760,0.335293,0.063513,-0.597717,0.148133,-0.008155,-0.080886,0.554328,32.622215,0.550357,0.159344,0.204986,-0.757291,0.074516,-0.029453,-0.040000,-0.000000,0.000000,0.000000,0.175556,-0.045031,0.293297,0.054443,0.000000,0.341541,-0.110923,-0.273243,0.595080
21.4250,0.335293,0.063513,-0.597717,0.146797,-0.007024,-0.083929,0.551801,32.442056,0.547651,0.160474,0.203836,-0.753955,0.075025,-0.029970,-0.040000,-0.000000,0.000000,0.000000,0.175993,-0.044309,0.289741,0.054443,0.000000,0.341541,-0.110923,-0.273243,0.592343
21.4750,0.335293,0.063513,-0.597717,0.149921,-0.006440,-0.088369,0.546527,32.075114,0.542493,0.157134,0.203631,-0.748759,0.073522,-0.030062,-0.040000,-0.000000,0.000000,0.000000,0.179441,-0.043715,0.282637,0.054443,0.000000,0.341541,-0.110923,-0.273243,0.586477
21.5280,0.335293,0.063513,-0.597717,0.151427,-0.005223,-0.092935,0.541606,31.718474,0.537535,0.155498,0.202892,-0.743404,0.072786,-0.030395,-0.040000,-0.000000,0.000000,0.000000,0.179861,-0.042999,0.277533,0.054443,0.000000,0.341541,-0.110923,-0.273243,0.581001
21.5760,0.335293,0.063513,-0.597717,0.151318,-0.004790,-0.095743,0.538972,31.526920,0.534859,0.155432,0.202512,-0.740250,0.072756,-0.030566,-0.040000,-0.000000,0.000000,0.000000,0.179261,-0.042694,0.274529,0.054443,0.000000,0.341541,-0.110923,-0.273243,0.578021
21.6250,0.335293,0.063513,-0.597717,0.151681,-0.005213,-0.099944,0.534991,31.367626,0.530962,0.156032,0.202207,-0.737246,0.073026,-0.030703,-0.040000,-0.000000,0.000000,0.000000,0.183210,-0.043560,0.269955,0.054443,0.000000,0.341541,-0.110923,-0.273243,0.575364
21.6770,0.335293,0.063513,-0.597717,0.154098,-0.006141,-0.103228,0.531228,31.307300,0.527439,0.152083,0.203073,-0.732672,0.071249,-0.030314,-0.040000,-0.000000,0.000000,0.000000,0.184377,-0.043783,0.268202,0.054443,0.000000,0.341541,-0.110923,-0.273243,0.569799
21.7250,0.335293,0.063513,-0.597717,0.155750,-0.006647,-0.106015,0.528137,31.223584,0.524497,0.150296,0.203398,-0.729795,0.070445,-0.030167,-0.040000,-0.000000,0.000000,0.000000,0.185839,-0.044045,0.262584,0.054443,0.000000,0.341541,-0.110923,-0.273243,0.566522
21.7750,0.335293,0.063513,-0.597717,0.156354,-0.006742,-0.110029,0.524209,30.958376,0.520627,0.149454,0.203558,-0.725301,0.070066,-0.030095,-0.040000,-0.000000,0.000000,0.000000,0.185760,-0.044024,0.261687,0.054443,0.000000,0.341541,-0.110923,-0.273243,0.561984
21.8250,0.335293,0.063513,-0.597717,0.157011,-0.006821,-0.113228,0.521020,30.728443,0.517493,0.149869,0.203480,-0.722916,0.070253,-0.030130,-0.040000,-0.000000,0.000000,0.000000,0.189223,-0.044775,0.255724,0.054443,0.000000,0.341541,-0.110923,-0.273243,0.559836
21.8860,0.335293,0.063513,-0.597717,0.160183,-0.007345,-0.117558,0.515982,30.319277,0.512683,0.146071,0.204288,-0.718441,0.068544,-0.029767,-0.040000,-0.000000,0.000000,0.000000,0.190641,-0.045161,0.252590,0.054443,0.000000,0.341541,-0.110923,-0.273243,0.554421
21.9250,0.335293,0.063513,-0.597717,0.160467,-0.007434,-0.118494,0.515027,30.152479,0.511754,0.144652,0.204674,-0.715307,0.067905,-0.029593,-0.040000,-0.000000,0.000000,0.000000,0.191216,-0.045399,0.249772,0.054443,0.000000,0.341541,-0.110923,-0.273243,0.550996
21.9750,0.335293,0.063513,-0.597717,0.160983,-0.007929,-0.122859,0.510860,30.071184,0.507682,0.143989,0.204977,-0.710864,0.067607,-0.029457,-0.040000,-0.000000,0.000000,0.000000,0.191248,-0.045476,0.247111,0.054443,0.000000,0.341541,-0.110923,-0.273243,0.546538
22.0250,0.335293,0.063513,-0.597717,0.160559,-0.008230,-0.125457,0.508635,30.066615,0.505478,0.144306,0.204971,-0.708359,0.067749,-0.029459,-0.040000,-0.000000,0.000000,0.000000,0.193922,-0.046167,0.242554,0.054443,0.000000,0.341541,-0.110923,-0.273243,0.544236
22.0750,0.335293,0.063513,-0.597717,0.164297,-0.009346,-0.129445,0.503813,29.956071,0.500958,0.140434,0.205913,-0.704223,0.066007,-0.029035,-0.040000,-0.000000,0.000000,0.000000,0.194860,-0.046400,0.241505,0.054443,0.000000,0.341541,-0.110923,-0.273243,0.539115
22.1250,0.335293,0.063513,-0.597717,0.166477,-0.009799,-0.132534,0.500270,29.634991,0.497569,0.138673,0.206387,-0.701727,0.065215,-0.028822,-0.040000,-0.000000,0.000000,0.000000,0.197875,-0.047335,0.235851,0.054443,0.000000,0.341541,-0.110923,-0.273243,0.536198
22.1810,0.335293,0.063513,-0.597717,0.166846,-0.009900,-0.134013,0.498784,29.399894,0.496116,0.137419,0.206848,-0.698569,0.064650,-0.028615,-0.040000,-0.000000,0.000000,0.000000,0.197587,-0.047506,0.234153,0.054443,0.000000,0.341541,-0.110923,-0.273243,0.532786
22.2250,0.335293,0.063513,-0.597717,0.167345,-0.010389,-0.136117,0.496733,29.159052,0.494141,0.136629,0.207300,-0.696067,0.064295,-0.028411,-0.040000,-0.000000,0.000000,0.000000,0.201166,-0.048911,0.230184,0.054443,0.000000,0.341541,-0.110923,-0.273243,0.530129
22.2940,0.335293,0.063513,-0.597717,0.169656,-0.011838,-0.139251,0.493259,29.080552,0.490911,0.134128,0.208424,-0.692902,0.063169,-0.027906,-0.040000,-0.000000,0.000000,0.000000,0.201411,-0.049140,0.229630,0.054443,0.000000,0.341541,-0.110923,-0.273243,0.526299
22.3280,0.335293,0.063513,-0.597717,0.169867,-0.012599,-0.140699,0.491960,29.081373,0.489694,0.133882,0.208653,-0.692347,0.063059,-0.027802,-0.040000,-0.000000,0.000000,0.000000,0.201289,-0.049630,0.228090,0.054443,0.000000,0.341541,-0.110923,-0.273243,0.525676
22.3750,0.335293,0.063513,-0.597717,0.169270,-0.013146,-0.142446,0.490624,29.049474,0.488389,0.134413,0.209379,-0.689751,0.063297,-0.027476,-0.040000,-0.000000,0.000000,0.000000,0.200880,-0.049866,0.227034,0.054443,0.000000,0.341541,-0.110923,-0.273243,0.523250
22.4250,0.335293,0.063513,-0.597717,0.168280,-0.013361,-0.144070,0.489488,28.884517,0.487239,0.135586,0.209679,-0.688339,0.063825,-0.027341,-0.040000,-0.000000,0.000000,0.000000,0.201183,-0.050808,0.224076,0.054443,0.000000,0.341541,-0.110923,-0.273243,0.522182
22.4760,0.335293,0.063513,-0.597717,0.170200,-0.013848,-0.145325,0.487749,28.766292,0.485624,0.133444,0.210603,-0.686178,0.062861,-0.026925,-0.040000,-0.000000,0.000000,0.000000,0.203307,-0.051978,0.221625,0.054443,0.000000,0.341541,-0.110923,-0.273243,0.519431
22.5250,0.335293,0.063513,-0.597717,0.171758,-0.014446,-0.146899,0.485859,28.687729,0.483852,0.131986,0.211491,-0.684342,0.062205,-0.026525,-0.040000,-0.000000,0.000000,0.000000,0.203414,-0.052372,0.220667,0.054443,0.000000,0.341541,-0.110923,-0.273243,0.517182
22.5750,0.335293,0.063513,-0.597717,0.171872,-0.014800,-0.147782,0.485058,28.657391,0.483089,0.131879,0.211885,-0.683384,0.062157,-0.026348,-0.040000,-0.000000,0.000000,0.000000,0.203164,-0.052547,0.220188,0.054443,0.000000,0.341541,-0.110923,-0.273243,0.516192
22.6250,0.335293,0.063513,-0.597717,0.170939,-0.015751,-0.149822,0.483637,28.631265,0.481718,0.132766,0.212313,-0.682114,0.062556,-0.026155,-0.040000,-0.000000,0.000000,0.000000,0.203723,-0.053603,0.217396,0.054443,0.000000,0.341541,-0.110923,-0.273243,0.515167
22.6750,0.335293,0.063513,-0.597717,0.172467,-0.016775,-0.151932,0.481335,28.611137,0.479563,0.130993,0.213437,-0.679328,0.061758,-0.025650,-0.040000,-0.000000,0.000000,0.000000,0.204786,-0.054371,0.215550,0.054443,0.000000,0.341541,-0.110923,-0.273243,0.511899
22.7250,0.335293,0.063513,-0.597717,0.173030,-0.017419,-0.153483,0.479816,28.558968,0.478122,0.130424,0.214161,-0.677651,0.061503,-0.025324,-0.040000,-0.000000,0.000000,0.000000,0.204869,-0.054648,0.214934,0.054443,0.000000,0.341541,-0.110923,-0.273243,0.510062
22.7750,0.335293,0.063513,-0.597717,0.172021,-0.018168,-0.155967,0.477989,28.371341,0.476326,0.131370,0.215175,-0.674735,0.061928,-0.024867,-0.040000,-0.000000,0.000000,0.000000,0.202258,-0.056296,0.210111,0.054443,0.000000,0.341541,-0.110923,-0.273243,0.507416
22.8250,0.335293,0.063513,-0.597717,0.170305,-0.018532,-0.157452,0.477270,28.192056,0.475579,0.133036,0.215809,-0.672829,0.062678,-0.024582,-0.040000,-0.000000,0.000000,0.000000,0.203525,-0.057473,0.207308,0.054443,0.000000,0.341541,-0.110923,-0.273243,0.505980
22.8800,0.335293,0.063513,-0.597717,0.171623,-0.019526,-0.160056,0.474585,28.125430,0.473027,0.131768,0.216985,-0.670025,0.062107,-0.024053,-0.040000,-0.000000,0.000000,0.000000,0.203616,-0.057973,0.205121,0.054443,0.000000,0.341541,-0.110923,-0.273243,0.502827
22.9260,0.335293,0.063513,-0.597717,0.171657,-0.019824,-0.163553,0.471403,28.119903,0.469882,0.131678,0.217486,-0.667839,0.062067,-0.023828,-0.040000,-0.000000,0.000000,0.000000,0.202982,-0.058094,0.202689,0.054443,0.000000,0.341541,-0.110923,-0.273243,0.500660
22.9750,0.335293,0.063513,-0.597717,0.170503,-0.019810,-0.166034,0.469520,28.114251,0.467970,0.133216,0.217686,-0.663815,0.062759,-0.023738,-0.040000,-0.000000,0.000000,0.000000,0.202077,-0.058173,0.201097,0.054443,0.000000,0.341541,-0.110923,-0.273243,0.497224
23.0250,0.335293,0.063513,-0.597717,0.168597,-0.019471,-0.168007,0.468322,27.942196,0.466688,0.135130,0.217755,-0.661380,0.063620,-0.023706,-0.040000,-0.000000,0.000000,0.000000,0.200668,-0.058550,0.194609,0.054443,0.000000,0.341541,-0.110923,-0.273243,0.495438
23.0770,0.335293,0.063513,-0.597717,0.169104,-0.019470,-0.171713,0.464742,27.813303,0.463143,0.134626,0.218063,-0.657327,0.063393,-0.023568,-0.040000,-0.000000,0.000000,0.000000,0.200577,-0.058733,0.191678,0.054443,0.000000,0.341541,-0.110923,-0.273243,0.491400
23.1250,0.335293,0.063513,-0.597717,0.169076,-0.019362,-0.174372,0.462296,27.728339,0.460700,0.134716,0.218246,-0.654396,0.063434,-0.023486,-0.040000,-0.000000,0.000000,0.000000,0.199929,-0.058828,0.189047,0.054443,0.000000,0.341541,-0.110923,-0.273243,0.488617
23.1750,0.335293,0.063513,-0.597717,0.167889,-0.019141,-0.178285,0.459107,27.626681,0.457469,0.136016,0.218355,-0.650146,0.064019,-0.023436,-0.040000,-0.000000,0.000000,0.000000,0.198720,-0.058830,0.186382,0.054443,0.000000,0.341541,-0.110923,-0.273243,0.484943
23.2250,0.335293,0.063513,-0.597717,0.166419,-0.018825,-0.180455,0.457609,27.492000,0.455903,0.137537,0.218314,-0.647601,0.064703,-0.023455,-0.040000,-0.000000,0.000000,0.000000,0.199241,-0.058702,0.181648,0.054443,0.000000,0.341541,-0.110923,-0.273243,0.482982
23.2750,0.335293,0.063513,-0.597717,0.168694,-0.018364,-0.184796,0.452728,27.393102,0.451089,0.135304,0.218093,-0.642973,0.063699,-0.023554,-0.040000,-0.000000,0.000000,0.000000,0.200680,-0.058387,0.178272,0.054443,0.000000,0.341541,-0.110923,-0.273243,0.477952
23.3250,0.335293,0.063513,-0.597717,0.169680,-0.017795,-0.187870,0.449459,27.316694,0.447826,0.134374,0.217751,-0.639658,0.063280,-0.023709,-0.040000,-0.000000,0.000000,0.000000,0.201094,-0.057778,0.172927,0.054443,0.000000,0.341541,-0.110923,-0.273243,0.474569
23.3750,0.335293,0.063513,-0.597717,0.169531,-0.017001,-0.192693,0.444977,27.103479,0.443299,0.134382,0.217135,-0.634381,0.063284,-0.023985,-0.040000,-0.000000,0.000000,0.000000,0.199841,-0.057238,0.168739,0.054443,0.000000,0.341541,-0.110923,-0.273243,0.469638
23.4250,0.335293,0.063513,-0.597717,0.168182,-0.016551,-0.195115,0.443198,26.832931,0.441445,0.135452,0.216751,-0.631457,0.063765,-0.024158,-0.040000,-0.000000,0.000000,0.000000,0.199841,-0.057238,0.168739,0.054443,0.000000,0.341541,-0.110923,-0.273243,0.467236
23.4750,0.335293,0.063513,-0.597717,0.170083,-0.016616,-0.199169,0.438812,26.731492,0.437154,0.133552,0.216910,-0.627157,0.062910,-0.024087,-0.040000,-0.000000,0.000000,0.000000,0.202492,-0.057507,0.161592,0.054443,0.000000,0.341541,-0.110923,-0.273243,0.462575
23.5250,0.335293,0.063513,-0.597717,0.170930,-0.016625,-0.203216,0.434820,26.590024,0.433213,0.132802,0.217020,-0.624309,0.062572,-0.024037,-0.040000,-0.000000,0.000000,0.000000,0.202536,-0.057536,0.159160,0.054443,0.000000,0.341541,-0.110923,-0.273243,0.459641
23.5750,0.335293,0.063513,-0.597717,0.170605,-0.016537,-0.205050,0.433264,26.431806,0.431646,0.132939,0.217010,-0.620605,0.062634,-0.024042,-0.040000,-0.000000,0.000000,0.000000,0.201505,-0.057430,0.155845,0.054443,0.000000,0.341541,-0.110923,-0.273243,0.456182
23.6250,0.335293,0.063513,-0.597717,0.169627,-0.016481,-0.207414,0.431487,26.141985,0.429838,0.133628,0.217026,-0.617694,0.062944,-0.024035,-0.040000,-0.000000,0.000000,0.000000,0.203420,-0.057959,0.152602,0.054443,0.000000,0.341541,-0.110923,-0.273243,0.453641
23.6820,0.335293,0.063513,-0.597717,0.171238,-0.016869,-0.209484,0.429069,25.985556,0.427520,0.131874,0.217472,-0.615319,0.062155,-0.023834,-0.040000,-0.000000,0.000000,0.000000,0.204236,-0.058315,0.150227,0.054443,0.000000,0.341541,-0.110923,-0.273243,0.450807
23.7250,0.335293,0.063513,-0.597717,0.172017,-0.017155,-0.211655,0.426862,25.894671,0.425372,0.131057,0.217828,-0.612944,0.061787,-0.023674,-0.040000,-0.000000,0.000000,0.000000,0.203885,-0.058625,0.147774,0.054443,0.000000,0.341541,-0.110923,-0.273243,0.448272
23.7750,0.335293,0.063513,-0.597717,0.171145,-0.017645,-0.215452,0.423862,25.858381,0.422395,0.131964,0.218288,-0.609059,0.062196,-0.023466,-0.040000,-0.000000,0.000000,0.000000,0.201960,-0.058940,0.144046,0.054443,0.000000,0.341541,-0.110923,-0.273243,0.444830
23.8250,0.335293,0.063513,-0.597717,0.169769,-0.017861,-0.217696,0.422417,25.828701,0.420928,0.133333,0.218453,-0.606763,0.062812,-0.023393,-0.040000,-0.000000,0.000000,0.000000,0.201904,-0.059097,0.142977,0.054443,0.000000,0.341541,-0.110923,-0.273243,0.443075
23.8750,0.335293,0.063513,-0.597717,0.170900,-0.018204,-0.221246,0.418848,25.698189,0.417441,0.132280,0.219141,-0.602806,0.062337,-0.023083,-0.040000,-0.000000,0.000000,0.000000,0.203014,-0.059628,0.140088,0.054443,0.000000,0.341541,-0.110923,-0.273243,0.438935
23.9250,0.335293,0.063513,-0.597717,0.170137,-0.018555,-0.225640,0.415274,25.491942,0.413886,0.132474,0.219678,-0.599715,0.062425,-0.022841,-0.040000,-0.000000,0.000000,0.000000,0.200743,-0.061362,0.132316,0.054443,0.000000,0.341541,-0.110923,-0.273243,0.436025
23.9850,0.335293,0.063513,-0.597717,0.168648,-0.019122,-0.228029,0.413846,25.352331,0.412458,0.134550,0.220875,-0.595033,0.063359,-0.022303,-0.040000,-0.000000,0.000000,0.000000,0.198775,-0.062208,0.130083,0.054443,0.000000,0.341541,-0.110923,-0.273243,0.432156
24.0260,0.335293,0.063513,-0.597717,0.166712,-0.019537,-0.229745,0.413184,25.177961,0.411767,0.136518,0.221721,-0.592801,0.064245,-0.021922,-0.040000,-0.000000,0.000000,0.000000,0.198775,-0.062208,0.130083,0.054443,0.000000,0.341541,-0.110923,-0.273243,0.430613
24.0750,0.335293,0.063513,-0.597717,0.167318,-0.020565,-0.232995,0.410252,25.213455,0.408947,0.136169,0.223087,-0.589436,0.064088,-0.021307,-0.040000,-0.000000,0.000000,0.000000,0.199026,-0.064617,0.124430,0.054443,0.000000,0.341541,-0.110923,-0.273243,0.427194
24.1250,0.335293,0.063513,-0.597717,0.167157,-0.021725,-0.236205,0.407709,25.262015,0.406495,0.136268,0.224130,-0.587147,0.064132,-0.020838,-0.040000,-0.000000,0.000000,0.000000,0.198171,-0.065629,0.122691,0.054443,0.000000,0.341541,-0.110923,-0.273243,0.424969
24.1750,0.335293,0.063513,-0.597717,0.165902,-0.022347,-0.237548,0.407170,25.203906,0.405963,0.138078,0.225739,-0.584426,0.064947,-0.020114,-0.040000,-0.000000,0.000000,0.000000,0.194026,-0.067534,0.119615,0.054443,0.000000,0.341541,-0.110923,-0.273243,0.422865
24.2370,0.335293,0.063513,-0.597717,0.162731,-0.023039,-0.239064,0.407310,25.025981,0.406053,0.141268,0.227047,-0.582332,0.066382,-0.019525,-0.040000,-0.000000,0.000000,0.000000,0.194026,-0.067534,0.119615,0.054443,0.000000,0.341541,-0.110923,-0.273243,0.421878
24.2750,0.335293,0.063513,-0.597717,0.164325,-0.023490,-0.240392,0.405563,25.002395,0.404396,0.139844,0.227945,-0.580756,0.065742,-0.019121,-0.040000,-0.000000,0.000000,0.000000,0.195762,-0.069193,0.116337,0.054443,0.000000,0.341541,-0.110923,-0.273243,0.419821
24.3260,0.335293,0.063513,-0.597717,0.165062,-0.023592,-0.241900,0.403945,25.076523,0.402816,0.139532,0.228706,-0.579054,0.065601,-0.018778,-0.040000,-0.000000,0.000000,0.000000,0.195334,-0.069416,0.114251,0.054443,0.000000,0.341541,-0.110923,-0.273243,0.418050
24.3750,0.335293,0.063513,-0.597717,0.164263,-0.023706,-0.245258,0.401355,25.107388,0.400223,0.140480,0.229064,-0.575636,0.066028,-0.018618,-0.040000,-0.000000,0.000000,0.000000,0.194400,-0.069638,0.112038,0.054443,0.000000,0.341541,-0.110923,-0.273243,0.415164
24.4250,0.335293,0.063513,-0.597717,0.161976,-0.023808,-0.248267,0.399724,25.046784,0.398538,0.141895,0.229261,-0.573394,0.066664,-0.018529,-0.040000,-0.000000,0.000000,0.000000,0.193694,-0.069851,0.108186,0.054443,0.000000,0.341541,-0.110923,-0.273243,0.413565
24.4750,0.335293,0.063513,-0.597717,0.163596,-0.023655,-0.250538,0.397004,24.937526,0.395870,0.140987,0.229373,-0.569936,0.066256,-0.018478,-0.040000,-0.000000,0.000000,0.000000,0.194905,-0.069975,0.102994,0.054443,0.000000,0.341541,-0.110923,-0.273243,0.410020
24.5300,0.335293,0.063513,-0.597717,0.164276,-0.023169,-0.254175,0.393424,24.772914,0.392295,0.140388,0.229488,-0.565711,0.065986,-0.018427,-0.040000,-0.000000,0.000000,0.000000,0.194752,-0.070008,0.101891,0.054443,0.000000,0.341541,-0.110923,-0.273243,0.405873
24.5750,0.335293,0.063513,-0.597717,0.163745,-0.022941,-0.256370,0.391690,24.646910,0.390538,0.140937,0.229565,-0.563124,0.066233,-0.018392,-0.040000,-0.000000,0.000000,0.000000,0.193825,-0.070072,0.099021,0.054443,0.000000,0.341541,-0.110923,-0.273243,0.403668
24.6260,0.335293,0.063513,-0.597717,0.162733,-0.022812,-0.258333,0.390398,24.486461,0.389213,0.141872,0.229597,-0.560770,0.066654,-0.018378,-0.040000,-0.000000,0.000000,0.000000,0.194842,-0.070101,0.094208,0.054443,0.000000,0.341541,-0.110923,-0.273243,0.401831
24.6770,0.335293,0.063513,-0.597717,0.164106,-0.022784,-0.261994,0.386604,24.405582,0.385478,0.140452,0.229614,-0.556926,0.066015,-0.018370,-0.040000,-0.000000,0.000000,0.000000,0.194842,-0.070101,0.094208,0.054443,0.000000,0.341541,-0.110923,-0.273243,0.397754
24.7250,0.335293,0.063513,-0.597717,0.165288,-0.022260,-0.264738,0.383581,24.323677,0.382469,0.139234,0.229170,-0.553980,0.065467,-0.018570,-0.040000,-0.000000,0.000000,0.000000,0.196672,-0.069226,0.088351,0.054443,0.000000,0.341541,-0.110923,-0.273243,0.394629
24.7750,0.335293,0.063513,-0.597717,0.165667,-0.021458,-0.269056,0.379488,24.179021,0.378353,0.138778,0.228501,-0.549314,0.065262,-0.018871,-0.040000,-0.000000,0.000000,0.000000,0.195793,-0.068590,0.083696,0.054443,0.000000,0.341541,-0.110923,-0.273243,0.390226
24.8250,0.335293,0.063513,-0.597717,0.164826,-0.021014,-0.271690,0.377489,24.049639,0.376307,0.139500,0.228103,-0.546414,0.065587,-0.019050,-0.040000,-0.000000,0.000000,0.000000,0.196945,-0.068378,0.080660,0.054443,0.000000,0.341541,-0.110923,-0.273243,0.387867
24.8750,0.335293,0.063513,-0.597717,0.166887,-0.020666,-0.276109,0.372664,23.814909,0.371546,0.137240,0.227866,-0.541493,0.064569,-0.019157,-0.040000,-0.000000,0.000000,0.000000,0.198573,-0.068343,0.077544,0.054443,0.000000,0.341541,-0.110923,-0.273243,0.382516
24.9250,0.335293,0.063513,-0.597717,0.168087,-0.020479,-0.279905,0.368805,23.581982,0.367731,0.136323,0.227857,-0.538961,0.064157,-0.019161,-0.040000,-0.000000,0.000000,0.000000,0.199543,-0.068362,0.073213,0.054443,0.000000,0.341541,-0.110923,-0.273243,0.379843
24.9750,0.335293,0.063513,-0.597717,0.168234,-0.020429,-0.282388,0.366589,23.424195,0.365527,0.135631,0.227864,-0.534326,0.063846,-0.019158,-0.040000,-0.000000,0.000000,0.000000,0.198979,-0.068379,0.069022,0.054443,0.000000,0.341541,-0.110923,-0.273243,0.375319
25.0260,0.335293,0.063513,-0.597717,0.166784,-0.020531,-0.285556,0.364559,23.223098,0.363471,0.136315,0.227892,-0.531739,0.064153,-0.019145,-0.040000,-0.000000,0.000000,0.000000,0.199723,-0.068608,0.066460,0.054443,0.000000,0.341541,-0.110923,-0.273243,0.373202
25.0750,0.335293,0.063513,-0.597717,0.168674,-0.020845,-0.287940,0.361718,23.119514,0.360724,0.134895,0.228246,-0.528185,0.063514,-0.018986,-0.040000,-0.000000,0.000000,0.000000,0.200399,-0.068733,0.065468,0.054443,0.000000,0.341541,-0.110923,-0.273243,0.369359
25.1250,0.335293,0.063513,-0.597717,0.170357,-0.021046,-0.290956,0.358408,23.002405,0.357492,0.133230,0.228655,-0.524810,0.062765,-0.018801,-0.040000,-0.000000,0.000000,0.000000,0.202257,-0.069322,0.060108,0.054443,0.000000,0.341541,-0.110923,-0.273243,0.365582
25.1750,0.335293,0.063513,-0.597717,0.170533,-0.021111,-0.292701,0.356851,22.915022,0.355952,0.133037,0.228835,-0.522825,0.062678,-0.018721,-0.040000,-0.000000,0.000000,0.000000,0.202075,-0.069406,0.059293,0.054443,0.000000,0.341541,-0.110923,-0.273243,0.363667
25.2250,0.335293,0.063513,-0.597717,0.169763,-0.021297,-0.294479,0.355734,22.761141,0.354831,0.133649,0.229066,-0.520734,0.062954,-0.018617,-0.040000,-0.000000,0.000000,0.000000,0.204926,-0.070154,0.054477,0.054443,0.000000,0.341541,-0.110923,-0.273243,0.361961
25.2930,0.335293,0.063513,-0.597717,0.172852,-0.021893,-0.297738,0.351666,22.608622,0.350904,0.130367,0.229667,-0.517195,0.061477,-0.018346,-0.040000,-0.000000,0.000000,0.000000,0.206055,-0.070413,0.053101,0.054443,0.000000,0.341541,-0.110923,-0.273243,0.357389
25.3370,0.335293,0.063513,-0.597717,0.173943,-0.022091,-0.298970,0.350160,22.549451,0.349446,0.129238,0.229926,-0.515818,0.060969,-0.018230,-0.040000,-0.000000,0.000000,0.000000,0.206548,-0.070625,0.051935,0.054443,0.000000,0.341541,-0.110923,-0.273243,0.355666
25.3750,0.335293,0.063513,-0.597717,0.174365,-0.022306,-0.299991,0.349148,22.476220,0.348461,0.128746,0.230138,-0.514652,0.060747,-0.018134,-0.040000,-0.000000,0.000000,0.000000,0.206555,-0.070816,0.050599,0.054443,0.000000,0.341541,-0.110923,-0.273243,0.354384
25.4250,0.335293,0.063513,-0.597717,0.174218,-0.022601,-0.301197,0.348260,22.379773,0.347591,0.128739,0.230329,-0.513316,0.060744,-0.018048,-0.040000,-0.000000,0.000000,0.000000,0.206555,-0.070816,0.050599,0.054443,0.000000,0.341541,-0.110923,-0.273243,0.353134
25.4750,0.335293,0.063513,-0.597717,0.176693,-0.023120,-0.303255,0.345496,22.269862,0.344927,0.126113,0.230749,-0.511092,0.059563,-0.017859,-0.040000,-0.000000,0.000000,0.000000,0.211262,-0.071564,0.046985,0.054443,0.000000,0.341541,-0.110923,-0.273243,0.350047
25.5260,0.335293,0.063513,-0.597717,0.178704,-0.023487,-0.304536,0.343577,22.206828,0.343078,0.124031,0.231077,-0.509703,0.058626,-0.017712,-0.040000,-0.000000,0.000000,0.000000,0.212347,-0.071886,0.045573,0.054443,0.000000,0.341541,-0.110923,-0.273243,0.347948
25.5750,0.335293,0.063513,-0.597717,0.179950,-0.024142,-0.306552,0.341456,22.079227,0.341024,0.122584,0.231576,-0.507519,0.057974,-0.017487,-0.040000,-0.000000,0.000000,0.000000,0.212934,-0.072375,0.043663,0.054443,0.000000,0.341541,-0.110923,-0.273243,0.345340
25.6250,0.335293,0.063513,-0.597717,0.179808,-0.024780,-0.307529,0.340853,21.899768,0.340449,0.122360,0.231888,-0.506381,0.057874,-0.017347,-0.040000,-0.000000,0.000000,0.000000,0.214780,-0.072828,0.041886,0.054443,0.000000,0.341541,-0.110923,-0.273243,0.344174
25.6790,0.335293,0.063513,-0.597717,0.181427,-0.025425,-0.309182,0.338876,21.779828,0.338538,0.120513,0.232341,-0.504604,0.057043,-0.017143,-0.040000,-0.000000,0.000000,0.000000,0.216361,-0.073201,0.040332,0.054443,0.000000,0.341541,-0.110923,-0.273243,0.341799
25.7250,0.335293,0.063513,-0.597717,0.182882,-0.025919,-0.310639,0.337108,21.699858,0.336820,0.118932,0.232714,-0.503049,0.056331,-0.016975,-0.040000,-0.000000,0.000000,0.000000,0.217388,-0.073298,0.038616,0.054443,0.000000,0.341541,-0.110923,-0.273243,0.339738
25.7760,0.335293,0.063513,-0.597717,0.184221,-0.025935,-0.313286,0.334253,21.615797,0.333998,0.117523,0.232631,-0.500257,0.055697,-0.017012,-0.040000,-0.000000,0.000000,0.000000,0.218165,-0.072824,0.035624,0.054443,0.000000,0.341541,-0.110923,-0.273243,0.336652
25.8250,0.335293,0.063513,-0.597717,0.184598,-0.025645,-0.315737,0.331920,21.506174,0.331668,0.117034,0.232221,-0.497623,0.055477,-0.017197,-0.040000,-0.000000,0.000000,0.000000,0.219555,-0.072547,0.033792,0.054443,0.000000,0.341541,-0.110923,-0.273243,0.334088
25.8750,0.335293,0.063513,-0.597717,0.186774,-0.025453,-0.317370,0.329496,21.392191,0.329278,0.114722,0.231969,-0.495795,0.054437,-0.017310,-0.040000,-0.000000,0.000000,0.000000,0.221891,-0.072319,0.032068,0.054443,0.000000,0.341541,-0.110923,-0.273243,0.331581
25.9260,0.335293,0.063513,-0.597717,0.189619,-0.025112,-0.319803,0.326054,21.192054,0.325875,0.111634,0.231579,-0.493002,0.053047,-0.017486,-0.040000,-0.000000,0.000000,0.000000,0.224977,-0.071781,0.028557,0.054443,0.000000,0.341541,-0.110923,-0.273243,0.327926
25.9770,0.335293,0.063513,-0.597717,0.190718,-0.024952,-0.321324,0.324224,21.048639,0.324059,0.110316,0.231294,-0.491274,0.052454,-0.017614,-0.040000,-0.000000,0.000000,0.000000,0.225321,-0.071649,0.027659,0.054443,0.000000,0.341541,-0.110923,-0.273243,0.325887
26.0250,0.335293,0.063513,-0.597717,0.190817,-0.024979,-0.322664,0.323046,20.901661,0.322887,0.109950,0.231087,-0.489775,0.052289,-0.017707,-0.040000,-0.000000,0.000000,0.000000,0.226983,-0.071528,0.024966,0.054443,0.000000,0.341541,-0.110923,-0.273243,0.324394
26.0750,0.335293,0.063513,-0.597717,0.192037,-0.025474,-0.324655,0.320942,20.710387,0.320816,0.108310,0.231041,-0.487684,0.051551,-0.017728,-0.040000,-0.000000,0.000000,0.000000,0.228917,-0.071662,0.023312,0.054443,0.000000,0.341541,-0.110923,-0.273243,0.321877
26.1250,0.335293,0.063513,-0.597717,0.193775,-0.025907,-0.326253,0.318930,20.612130,0.318837,0.106376,0.231175,-0.486030,0.050681,-0.017668,-0.040000,-0.000000,0.000000,0.000000,0.230301,-0.071893,0.020953,0.054443,0.000000,0.341541,-0.110923,-0.273243,0.319642
26.1760,0.335293,0.063513,-0.597717,0.195026,-0.026399,-0.328467,0.316631,20.496012,0.316564,0.104992,0.231406,-0.483670,0.050058,-0.017564,-0.040000,-0.000000,0.000000,0.000000,0.230758,-0.072123,0.019201,0.054443,0.000000,0.341541,-0.110923,-0.273243,0.316937
26.2250,0.335293,0.063513,-0.597717,0.195354,-0.026821,-0.329999,0.315304,20.359251,0.315250,0.104535,0.231636,-0.481918,0.049852,-0.017460,-0.040000,-0.000000,0.000000,0.000000,0.232597,-0.072732,0.015888,0.054443,0.000000,0.341541,-0.110923,-0.273243,0.315122
26.2780,0.335293,0.063513,-0.597717,0.197086,-0.027482,-0.333109,0.312088,20.250131,0.312060,0.102697,0.232245,-0.478605,0.049025,-0.017186,-0.040000,-0.000000,0.000000,0.000000,0.233829,-0.073031,0.014617,0.054443,0.000000,0.341541,-0.110923,-0.273243,0.311326
26.3250,0.335293,0.063513,-0.597717,0.198912,-0.027962,-0.334865,0.309934,20.092915,0.309922,0.100719,0.232735,-0.476532,0.048135,-0.016966,-0.040000,-0.000000,0.000000,0.000000,0.235715,-0.073696,0.012074,0.054443,0.000000,0.341541,-0.110923,-0.273243,0.308651
26.3750,0.335293,0.063513,-0.597717,0.200341,-0.028699,-0.337211,0.307536,19.974335,0.307533,0.099162,0.233506,-0.473945,0.047434,-0.016619,-0.040000,-0.000000,0.000000,0.000000,0.236356,-0.074184,0.010654,0.054443,0.000000,0.341541,-0.110923,-0.273243,0.305612
26.4300,0.335293,0.063513,-0.597717,0.200728,-0.029440,-0.339058,0.306028,19.818493,0.306028,0.098540,0.234157,-0.471858,0.047154,-0.016326,-0.040000,-0.000000,0.000000,0.000000,0.236754,-0.074644,0.009141,0.054443,0.000000,0.341541,-0.110923,-0.273243,0.303376
26.4750,0.335293,0.063513,-0.597717,0.202747,-0.030205,-0.340772,0.303928,19.726717,0.303925,0.096395,0.234874,-0.469993,0.046190,-0.016003,-0.040000,-0.000000,0.000000,0.000000,0.239671,-0.075596,0.006607,0.054443,0.000000,0.341541,-0.110923,-0.273243,0.300818
26.5250,0.335293,0.063513,-0.597717,0.204951,-0.031044,-0.342704,0.301599,19.609062,0.301580,0.094878,0.235333,-0.468673,0.045507,-0.015797,-0.040000,-0.000000,0.000000,0.000000,0.241233,-0.076159,0.005128,0.054443,0.000000,0.341541,-0.110923,-0.273243,0.299016
26.5750,0.335293,0.063513,-0.597717,0.205629,-0.031714,-0.343780,0.300608,19.506973,0.300577,0.093214,0.236224,-0.466637,0.044758,-0.015396,-0.040000,-0.000000,0.000000,0.000000,0.242647,-0.077224,0.002775,0.054443,0.000000,0.341541,-0.110923,-0.273243,0.296450
26.6290,0.335293,0.063513,-0.597717,0.206099,-0.032631,-0.345170,0.299525,19.352198,0.299474,0.092647,0.236737,-0.465492,0.044503,-0.015165,-0.040000,-0.000000,0.000000,0.000000,0.242823,-0.077419,0.002347,0.054443,0.000000,0.341541,-0.110923,-0.273243,0.295130
26.6760,0.335293,0.063513,-0.597717,0.208071,-0.033239,-0.346617,0.297654,19.287354,0.297571,0.090412,0.237473,-0.463519,0.043497,-0.014833,-0.040000,-0.000000,0.000000,0.000000,0.246140,-0.078307,-0.000358,0.054443,0.000000,0.341541,-0.110923,-0.273243,0.292456
26.7250,0.335293,0.063513,-0.597717,0.210080,-0.033873,-0.348525,0.295397,19.220528,0.295269,0.089154,0.237820,-0.462359,0.042931,-0.014677,-0.040000,-0.000000,0.000000,0.000000,0.247407,-0.078737,-0.001828,0.054443,0.000000,0.341541,-0.110923,-0.273243,0.290915
26.7750,0.335293,0.063513,-0.597717,0.211152,-0.034379,-0.349792,0.294042,19.150093,0.293881,0.087195,0.238508,-0.460100,0.042049,-0.014368,-0.040000,-0.000000,0.000000,0.000000,0.248371,-0.079172,-0.003137,0.054443,0.000000,0.341541,-0.110923,-0.273243,0.288079
26.8250,0.335293,0.063513,-0.597717,0.211483,-0.034991,-0.350924,0.293153,19.041998,0.292965,0.086677,0.239004,-0.458829,0.041816,-0.014145,-0.040000,-0.000000,0.000000,0.000000,0.250442,-0.080186,-0.005796,0.054443,0.000000,0.341541,-0.110923,-0.273243,0.286663
26.8750,0.335293,0.063513,-0.597717,0.213007,-0.035859,-0.352608,0.291389,18.868876,0.291137,0.084852,0.239699,-0.456921,0.040995,-0.013832,-0.040000,-0.000000,0.000000,0.000000,0.252030,-0.080667,-0.007128,0.054443,0.000000,0.341541,-0.110923,-0.273243,0.284204
26.9250,0.335293,0.063513,-0.597717,0.214457,-0.036408,-0.353799,0.289969,18.776291,0.289661,0.083263,0.240180,-0.455590,0.040280,-0.013615,-0.039917,-0.000000,0.000000,0.000000,0.253343,-0.081162,-0.008193,0.054443,0.000000,0.341541,-0.110923,-0.273243,0.282392
26.9760,0.335293,0.063513,-0.597717,0.216367,-0.037297,-0.354971,0.288500,18.675802,0.288104,0.081235,0.240981,-0.454253,0.039368,-0.013255,-0.039717,-0.000000,0.000000,0.000000,0.254058,-0.081469,-0.008464,0.054443,0.000000,0.341541,-0.110923,-0.273243,0.280408
27.0250,0.335293,0.063513,-0.597717,0.216955,-0.038286,-0.355624,0.288056,18.586890,0.287594,0.080616,0.241533,-0.453763,0.039089,-0.013007,-0.039643,-0.000000,0.000000,0.000000,0.256673,-0.082538,-0.009620,0.054443,0.000000,0.341541,-0.110923,-0.273243,0.279695
27.0750,0.335293,0.063513,-0.597717,0.218699,-0.038722,-0.356010,0.287174,18.528653,0.286640,0.078621,0.242051,-0.453097,0.038191,-0.012773,-0.039543,-0.000000,0.000000,0.000000,0.258581,-0.082789,-0.009541,0.054443,0.000000,0.341541,-0.110923,-0.273243,0.278398
27.1250,0.335293,0.063513,-0.597717,0.220533,-0.039072,-0.355902,0.286650,18.489913,0.286045,0.076712,0.242302,-0.453176,0.037332,-0.012660,-0.039555,-0.000000,0.000000,0.000000,0.259795,-0.083095,-0.009154,0.054443,0.000000,0.341541,-0.110923,-0.273243,0.277872
27.1760,0.335293,0.063513,-0.597717,0.222233,-0.040040,-0.354889,0.287179,18.430530,0.286472,0.074875,0.243075,-0.454170,0.036506,-0.012313,-0.039704,-0.000000,0.000000,0.000000,0.260984,-0.084104,-0.007916,0.054443,0.000000,0.341541,-0.110923,-0.273243,0.278197
27.2250,0.335293,0.063513,-0.597717,0.222991,-0.041215,-0.353971,0.288083,18.394382,0.287285,0.073958,0.243988,-0.455157,0.036093,-0.011902,-0.039852,-0.000000,0.000000,0.000000,0.262521,-0.085371,-0.007200,0.054443,0.000000,0.341541,-0.110923,-0.273243,0.278783
27.2760,0.335293,0.063513,-0.597717,0.224942,-0.042914,-0.353818,0.288082,18.383781,0.287097,0.071764,0.245180,-0.455558,0.035105,-0.011365,-0.039913,-0.000000,0.000000,0.000000,0.264735,-0.086155,-0.007084,0.054443,0.000000,0.341541,-0.110923,-0.273243,0.278432
27.3250,0.335293,0.063513,-0.597717,0.226736,-0.044053,-0.353890,0.287762,18.404936,0.286619,0.069861,0.246012,-0.455683,0.034249,-0.010991,-0.039931,-0.000000,0.000000,0.000000,0.267790,-0.088061,-0.007292,0.054443,0.000000,0.341541,-0.110923,-0.273243,0.277950
27.3800,0.335293,0.063513,-0.597717,0.228969,-0.045930,-0.354289,0.287298,18.400183,0.285899,0.067504,0.247574,-0.455425,0.033188,-0.010288,-0.039893,-0.000000,0.000000,0.000000,0.267790,-0.088061,-0.007292,0.054443,0.000000,0.341541,-0.110923,-0.273243,0.276933
27.4250,0.335293,0.063513,-0.597717,0.230175,-0.047580,-0.354961,0.286918,18.361441,0.285305,0.066483,0.248630,-0.454988,0.032729,-0.009813,-0.039827,-0.000000,0.000000,0.000000,0.269846,-0.090063,-0.008284,0.054443,0.000000,0.341541,-0.110923,-0.273243,0.276157
27.4750,0.335293,0.063513,-0.597717,0.231633,-0.048428,-0.355362,0.286377,18.228677,0.284604,0.064497,0.249765,-0.454187,0.031835,-0.009302,-0.039707,-0.000000,0.000000,0.000000,0.272627,-0.090739,-0.009124,0.054443,0.000000,0.341541,-0.110923,-0.273243,0.274782
27.5250,0.335293,0.063513,-0.597717,0.233324,-0.048956,-0.355811,0.285597,18.136833,0.283675,0.062667,0.250252,-0.453593,0.031012,-0.009083,-0.039618,-0.000000,0.000000,0.000000,0.274115,-0.090749,-0.010152,0.054443,0.000000,0.341541,-0.110923,-0.273243,0.273707
27.5750,0.335293,0.063513,-0.597717,0.235453,-0.049092,-0.357222,0.283700,18.047766,0.281623,0.060381,0.250281,-0.452070,0.029983,-0.009070,-0.039389,-0.000000,0.000000,0.000000,0.276040,-0.090887,-0.011204,0.054443,0.000000,0.341541,-0.110923,-0.273243,0.271666
27.6250,0.335293,0.063513,-0.597717,0.236400,-0.049497,-0.357815,0.283027,17.992829,0.280842,0.059253,0.250400,-0.451513,0.029476,-0.009016,-0.039306,-0.000000,0.000000,0.000000,0.276345,-0.090953,-0.011394,0.054443,0.000000,0.341541,-0.110923,-0.273243,0.270844
27.6750,0.335293,0.063513,-0.597717,0.238068,-0.049569,-0.358660,0.281760,17.936347,0.279452,0.057437,0.250245,-0.450666,0.028658,-0.009086,-0.039179,-0.000000,0.000000,0.000000,0.279793,-0.090301,-0.012798,0.054443,0.000000,0.341541,-0.110923,-0.273243,0.269601
27.7250,0.335293,0.063513,-0.597717,0.240679,-0.049254,-0.359818,0.279758,17.841879,0.277305,0.055501,0.249814,-0.449920,0.027787,-0.009280,-0.039067,-0.000000,0.000000,0.000000,0.281177,-0.090026,-0.013544,0.054443,0.000000,0.341541,-0.110923,-0.273243,0.268459
27.7750,0.335293,0.063513,-0.597717,0.241709,-0.049287,-0.360565,0.278789,17.757930,0.276253,0.053420,0.249446,-0.448652,0.026851,-0.009446,-0.038877,-0.000000,0.000000,0.000000,0.282324,-0.089898,-0.014303,0.054443,0.000000,0.341541,-0.110923,-0.273243,0.266785
27.8250,0.335293,0.063513,-0.597717,0.242911,-0.049665,-0.361168,0.278028,17.592590,0.275358,0.052295,0.249388,-0.448101,0.026344,-0.009471,-0.038794,-0.000000,0.000000,0.000000,0.284027,-0.089924,-0.015175,0.054443,0.000000,0.341541,-0.110923,-0.273243,0.266004
27.8750,0.335293,0.063513,-0.597717,0.243973,-0.050034,-0.361751,0.277331,17.489286,0.274533,0.050602,0.249482,-0.447274,0.025583,-0.009430,-0.038670,-0.000000,0.000000,0.000000,0.285614,-0.090109,-0.015784,0.054443,0.000000,0.341541,-0.110923,-0.273243,0.264824
27.9250,0.335293,0.063513,-0.597717,0.246195,-0.050784,-0.362437,0.276332,17.414284,0.273272,0.049085,0.249721,-0.446807,0.024900,-0.009322,-0.038600,-0.000000,0.000000,0.000000,0.287063,-0.090390,-0.016150,0.054443,0.000000,0.341541,-0.110923,-0.273243,0.264029
27.9750,0.335293,0.063513,-0.597717,0.247201,-0.051420,-0.362982,0.275809,17.368599,0.272581,0.047126,0.250332,-0.446014,0.024018,-0.009047,-0.038481,-0.000000,0.000000,0.000000,0.288955,-0.091374,-0.017481,0.054443,0.000000,0.341541,-0.110923,-0.273243,0.262803
28.0250,0.335293,0.063513,-0.597717,0.247866,-0.052181,-0.363746,0.275266,17.316053,0.271869,0.046339,0.250887,-0.445236,0.023664,-0.008797,-0.038364,-0.000000,0.000000,0.000000,0.288955,-0.091374,-0.017481,0.054443,0.000000,0.341541,-0.110923,-0.273243,0.261843
28.0750,0.335293,0.063513,-0.597717,0.249548,-0.053041,-0.364061,0.274832,17.231128,0.271180,0.044503,0.251563,-0.444838,0.022838,-0.008493,-0.038305,-0.000000,0.000000,0.000000,0.292605,-0.092500,-0.017728,0.054443,0.000000,0.341541,-0.110923,-0.273243,0.261041
28.1260,0.335293,0.063513,-0.597717,0.252205,-0.053957,-0.363834,0.274599,17.142463,0.270612,0.042688,0.252012,-0.444989,0.022021,-0.008291,-0.038327,-0.000000,0.000000,0.000000,0.294261,-0.093076,-0.017852,0.054443,0.000000,0.341541,-0.110923,-0.273243,0.260811
28.1750,0.335293,0.063513,-0.597717,0.253548,-0.054738,-0.363992,0.274396,17.100260,0.270178,0.040260,0.253003,-0.444774,0.020928,-0.007845,-0.038295,-0.000000,0.000000,0.000000,0.296054,-0.094690,-0.018107,0.054443,0.000000,0.341541,-0.110923,-0.273243,0.260086
28.2320,0.335293,0.063513,-0.597717,0.254349,-0.056313,-0.364291,0.274587,17.073083,0.270049,0.039239,0.254203,-0.444611,0.020469,-0.007305,-0.038270,-0.000000,0.000000,0.000000,0.296054,-0.094690,-0.018107,0.054443,0.000000,0.341541,-0.110923,-0.273243,0.259668
28.2750,0.335293,0.063513,-0.597717,0.255236,-0.057067,-0.364498,0.274481,17.054110,0.269740,0.038268,0.254817,-0.444434,0.020032,-0.007029,-0.038244,-0.000000,0.000000,0.000000,0.297026,-0.095304,-0.018284,0.054443,0.000000,0.341541,-0.110923,-0.273243,0.259288
28.3250,0.335293,0.063513,-0.597717,0.256346,-0.057654,-0.364600,0.274332,17.014596,0.269392,0.037053,0.255269,-0.444321,0.019485,-0.006825,-0.038227,-0.000000,0.000000,0.000000,0.299397,-0.096339,-0.018515,0.054443,0.000000,0.341541,-0.110923,-0.273243,0.258944
28.3770,0.335293,0.063513,-0.597717,0.258087,-0.058723,-0.364770,0.274165,16.986635,0.268883,0.035243,0.256256,-0.444136,0.018671,-0.006381,-0.038199,-0.000000,0.000000,0.000000,0.301166,-0.097500,-0.018565,0.054443,0.000000,0.341541,-0.110923,-0.273243,0.258409
28.4250,0.335293,0.063513,-0.597717,0.259417,-0.059972,-0.364802,0.274327,16.949727,0.268702,0.034127,0.257013,-0.444152,0.018169,-0.006040,-0.038202,-0.000000,0.000000,0.000000,0.302036,-0.098251,-0.018666,0.054443,0.000000,0.341541,-0.110923,-0.273243,0.258208
28.4750,0.335293,0.063513,-0.597717,0.260431,-0.060590,-0.364796,0.274333,16.920124,0.268501,0.032683,0.257853,-0.444120,0.017519,-0.005663,-0.038197,-0.000000,0.000000,0.000000,0.304032,-0.098663,-0.018586,0.054443,0.000000,0.341541,-0.110923,-0.273243,0.257912
28.5250,0.335293,0.063513,-0.597717,0.261752,-0.061036,-0.364808,0.274166,16.897831,0.268123,0.031261,0.258176,-0.444131,0.016879,-0.005517,-0.038199,-0.000000,0.000000,0.000000,0.304911,-0.098914,-0.018670,0.054443,0.000000,0.341541,-0.110923,-0.273243,0.257696
28.5750,0.335293,0.063513,-0.597717,0.263456,-0.062024,-0.365313,0.273737,16.863824,0.267318,0.029405,0.258956,-0.443667,0.016044,-0.005166,-0.038129,-0.000000,0.000000,0.000000,0.306691,-0.100081,-0.019483,0.054443,0.000000,0.341541,-0.110923,-0.273243,0.256937
28.6270,0.335293,0.063513,-0.597717,0.264095,-0.062893,-0.365785,0.273569,16.825305,0.266902,0.028603,0.259594,-0.443234,0.015683,-0.004879,-0.038064,-0.000000,0.000000,0.000000,0.306691,-0.100081,-0.019483,0.054443,0.000000,0.341541,-0.110923,-0.273243,0.256371
28.6750,0.335293,0.063513,-0.597717,0.265277,-0.063612,-0.366254,0.273200,16.782138,0.266249,0.027356,0.260258,-0.442706,0.015122,-0.004580,-0.037985,-0.000000,0.000000,0.000000,0.308741,-0.100970,-0.020335,0.054443,0.000000,0.341541,-0.110923,-0.273243,0.255654
28.7250,0.335293,0.063513,-0.597717,0.265985,-0.063906,-0.366476,0.272969,16.714265,0.265873,0.026552,0.260483,-0.442382,0.014760,-0.004479,-0.037936,-0.000000,0.000000,0.000000,0.309569,-0.101355,-0.020781,0.054443,0.000000,0.341541,-0.110923,-0.273243,0.255220
28.7750,0.335293,0.063513,-0.597717,0.267212,-0.064638,-0.367132,0.272447,16.669510,0.265042,0.025245,0.261151,-0.441671,0.014172,-0.004178,-0.037830,-0.000000,0.000000,0.000000,0.310431,-0.102235,-0.021517,0.054443,0.000000,0.341541,-0.110923,-0.273243,0.254325
28.8250,0.335293,0.063513,-0.597717,0.267608,-0.065636,-0.367829,0.272230,16.631521,0.264547,0.024863,0.261748,-0.441201,0.014000,-0.003910,-0.037759,-0.000000,0.000000,0.000000,0.311037,-0.102964,-0.022409,0.054443,0.000000,0.341541,-0.110923,-0.273243,0.253791
28.8770,0.335293,0.063513,-0.597717,0.268011,-0.066189,-0.368483,0.271842,16.605360,0.263969,0.024256,0.262477,-0.440308,0.013727,-0.003582,-0.037625,-0.000000,0.000000,0.000000,0.311515,-0.103137,-0.022953,0.054443,0.000000,0.341541,-0.110923,-0.273243,0.252807
28.9260,0.335293,0.063513,-0.597717,0.268415,-0.066411,-0.368977,0.271431,16.565726,0.263442,0.023779,0.262650,-0.439764,0.013512,-0.003504,-0.037544,-0.000000,0.000000,0.000000,0.311909,-0.103328,-0.023493,0.054443,0.000000,0.341541,-0.110923,-0.273243,0.252205
28.9750,0.335293,0.063513,-0.597717,0.269022,-0.066501,-0.370138,0.270348,16.532120,0.262211,0.023155,0.262777,-0.438522,0.013231,-0.003447,-0.037357,-0.000000,0.000000,0.000000,0.312138,-0.103264,-0.024196,0.054443,0.000000,0.341541,-0.110923,-0.273243,0.250894
29.0250,0.335293,0.063513,-0.597717,0.269335,-0.066459,-0.371068,0.269469,16.485602,0.261258,0.022815,0.262780,-0.437483,0.013078,-0.003445,-0.037201,-0.000000,0.000000,0.000000,0.312417,-0.103415,-0.026262,0.054443,0.000000,0.341541,-0.110923,-0.273243,0.249823
29.0750,0.335293,0.063513,-0.597717,0.269218,-0.066540,-0.371918,0.268822,16.407600,0.260566,0.022876,0.262927,-0.436455,0.013106,-0.003379,-0.037047,-0.000000,0.000000,0.000000,0.313181,-0.102660,-0.027354,0.054443,0.000000,0.341541,-0.110923,-0.273243,0.248806
29.1250,0.335293,0.063513,-0.597717,0.269936,-0.065753,-0.372893,0.267445,16.353805,0.259220,0.022113,0.262173,-0.435363,0.012762,-0.003718,-0.036883,-0.000000,0.000000,0.000000,0.313328,-0.102338,-0.028600,0.054443,0.000000,0.341541,-0.110923,-0.273243,0.247657
29.1760,0.335293,0.063513,-0.597717,0.270104,-0.065277,-0.374893,0.265494,16.304842,0.257249,0.021916,0.261742,-0.433248,0.012674,-0.003912,-0.036566,-0.000000,0.000000,0.000000,0.313501,-0.102178,-0.030987,0.054443,0.000000,0.341541,-0.110923,-0.273243,0.245549
29.2250,0.335293,0.063513,-0.597717,0.270145,-0.065270,-0.376300,0.264301,16.238217,0.255981,0.021792,0.261691,-0.431731,0.012618,-0.003935,-0.036338,-0.000000,0.000000,0.000000,0.313288,-0.102308,-0.032725,0.054443,0.000000,0.341541,-0.110923,-0.273243,0.244031
29.2750,0.335293,0.063513,-0.597717,0.270059,-0.065254,-0.378487,0.262485,16.166330,0.254067,0.021803,0.261666,-0.429408,0.012623,-0.003947,-0.035990,-0.000000,0.000000,0.000000,0.314236,-0.101424,-0.035329,0.054443,0.000000,0.341541,-0.110923,-0.273243,0.241727
29.3250,0.335293,0.063513,-0.597717,0.270962,-0.064162,-0.381046,0.259588,16.049523,0.251163,0.021057,0.260937,-0.427388,0.012287,-0.004275,-0.035687,-0.000000,0.000000,0.000000,0.314559,-0.100906,-0.036981,0.054443,0.000000,0.341541,-0.110923,-0.273243,0.239664
29.3750,0.335293,0.063513,-0.597717,0.271124,-0.063478,-0.382867,0.257692,15.953211,0.249300,0.020634,0.260098,-0.424513,0.012097,-0.004652,-0.035256,-0.000000,0.000000,0.000000,0.314840,-0.100173,-0.040079,0.054443,0.000000,0.341541,-0.110923,-0.273243,0.236797
29.4260,0.335293,0.063513,-0.597717,0.271131,-0.062855,-0.385041,0.255572,15.776358,0.247201,0.020497,0.259579,-0.421946,0.012035,-0.004886,-0.034871,-0.000000,0.000000,0.000000,0.314765,-0.099773,-0.042602,0.054443,0.000000,0.341541,-0.110923,-0.273243,0.234258
29.4840,0.335293,0.063513,-0.597717,0.270998,-0.062523,-0.386628,0.254121,15.659784,0.245756,0.020529,0.259286,-0.420115,0.012049,-0.005018,-0.034596,-0.000000,0.000000,0.000000,0.314941,-0.099546,-0.043730,0.054443,0.000000,0.341541,-0.110923,-0.273243,0.232458
29.5250,0.335293,0.063513,-0.597717,0.271451,-0.061974,-0.389215,0.251587,15.540709,0.243148,0.019987,0.258775,-0.417273,0.011806,-0.005248,-0.034170,-0.000000,0.000000,0.000000,0.315542,-0.099176,-0.046116,0.054443,0.000000,0.341541,-0.110923,-0.273243,0.229601
29.5750,0.335293,0.063513,-0.597717,0.272020,-0.061784,-0.390818,0.250020,15.486317,0.241466,0.019395,0.258608,-0.415544,0.011539,-0.005323,-0.033910,-0.000000,0.000000,0.000000,0.316489,-0.099032,-0.049319,0.054443,0.000000,0.341541,-0.110923,-0.273243,0.227827
29.6250,0.335293,0.063513,-0.597717,0.272573,-0.061683,-0.392808,0.248185,15.418593,0.239474,0.018804,0.258545,-0.413398,0.011273,-0.005351,-0.033589,-0.000000,0.000000,0.000000,0.317218,-0.099026,-0.051587,0.054443,0.000000,0.341541,-0.110923,-0.273243,0.225635
29.6750,0.335293,0.063513,-0.597717,0.273791,-0.061416,-0.395698,0.245360,15.287380,0.236388,0.017481,0.258346,-0.410222,0.010678,-0.005441,-0.033112,-0.000000,0.000000,0.000000,0.318952,-0.098471,-0.055024,0.054443,0.000000,0.341541,-0.110923,-0.273243,0.222348
29.7250,0.335293,0.063513,-0.597717,0.274761,-0.060961,-0.397851,0.243114,15.110673,0.233993,0.016341,0.257984,-0.407694,0.010165,-0.005604,-0.032733,-0.000000,0.000000,0.000000,0.320513,-0.098188,-0.059469,0.054443,0.000000,0.341541,-0.110923,-0.273243,0.219739
29.7770,0.335293,0.063513,-0.597717,0.276173,-0.060629,-0.402025,0.239169,14.975642,0.229687,0.014780,0.257701,-0.403248,0.009463,-0.005731,-0.032066,-0.000000,0.000000,0.000000,0.320948,-0.098162,-0.060528,0.054443,0.000000,0.341541,-0.110923,-0.273243,0.215183
29.8270,0.335293,0.063513,-0.597717,0.277112,-0.060679,-0.405429,0.236185,14.804748,0.226350,0.013627,0.257742,-0.399531,0.008944,-0.005712,-0.031509,-0.000000,0.000000,0.000000,0.322421,-0.098215,-0.065947,0.054443,0.000000,0.341541,-0.110923,-0.273243,0.211377
29.8790,0.335293,0.063513,-0.597717,0.277675,-0.060646,-0.407870,0.234046,14.638726,0.223982,0.012873,0.257728,-0.396771,0.008604,-0.005719,-0.031094,-0.000000,0.000000,0.000000,0.322956,-0.098094,-0.067623,0.054443,0.000000,0.341541,-0.110923,-0.273243,0.208564
29.9250,0.335293,0.063513,-0.597717,0.278272,-0.060412,-0.410346,0.231769,14.465135,0.221515,0.012100,0.257558,-0.393936,0.008257,-0.005795,-0.030669,-0.000000,0.000000,0.000000,0.323756,-0.098032,-0.071984,0.054443,0.000000,0.341541,-0.110923,-0.273243,0.205688
29.9750,0.335293,0.063513,-0.597717,0.278985,-0.060273,-0.414800,0.227931,14.220814,0.217307,0.011188,0.257586,-0.388933,0.007846,-0.005783,-0.029919,-0.000000,0.000000,0.000000,0.324786,-0.097878,-0.077005,0.054443,0.000000,0.341541,-0.110923,-0.273243,0.200631
30.0270,0.335293,0.063513,-0.597717,0.279506,-0.059914,-0.417528,0.225421,14.007704,0.214622,0.010507,0.257391,-0.385712,0.007540,-0.005870,-0.029436,-0.000000,0.000000,0.000000,0.325259,-0.097464,-0.080891,0.054443,0.000000,0.341541,-0.110923,-0.273243,0.197384
30.0750,0.335293,0.063513,-0.597717,0.280055,-0.058997,-0.422564,0.220769,13.876732,0.209767,0.009868,0.256626,-0.380353,0.007252,-0.006215,-0.028632,-0.000000,0.000000,0.000000,0.325901,-0.096181,-0.086288,0.054443,0.000000,0.341541,-0.110923,-0.273243,0.192056
30.1280,0.335293,0.063513,-0.597717,0.280627,-0.057587,-0.427314,0.216081,13.727355,0.205018,0.009185,0.255417,-0.375230,0.006945,-0.006758,-0.027863,-0.000000,0.000000,0.000000,0.326108,-0.095905,-0.087487,0.054443,0.000000,0.341541,-0.110923,-0.273243,0.187000
30.1750,0.335293,0.063513,-0.597717,0.281029,-0.056771,-0.429582,0.213734,13.531309,0.202659,0.008625,0.254852,-0.372480,0.006693,-0.007013,-0.027451,-0.000000,0.000000,0.000000,0.327275,-0.094886,-0.092835,0.054443,0.000000,0.341541,-0.110923,-0.273243,0.184269
30.2250,0.335293,0.063513,-0.597717,0.281659,-0.055757,-0.432328,0.210845,13.204570,0.199736,0.008019,0.254399,-0.369883,0.006420,-0.007217,-0.027061,-0.000000,0.000000,0.000000,0.327576,-0.094721,-0.093780,0.054443,0.000000,0.341541,-0.110923,-0.273243,0.181681
30.2750,0.335293,0.063513,-0.597717,0.282078,-0.055202,-0.434132,0.209010,13.066397,0.197847,0.007153,0.253808,-0.366821,0.006031,-0.007483,-0.026602,-0.000000,0.000000,0.000000,0.328499,-0.093870,-0.098028,0.054443,0.000000,0.341541,-0.110923,-0.273243,0.178628
30.3330,0.335293,0.063513,-0.597717,0.282472,-0.054524,-0.437424,0.205954,12.954219,0.194660,0.006601,0.253165,-0.363316,0.005782,-0.007772,-0.026076,-0.000000,0.000000,0.000000,0.328896,-0.093347,-0.100869,0.054443,0.000000,0.341541,-0.110923,-0.273243,0.175170
30.3750,0.335293,0.063513,-0.597717,0.282698,-0.053860,-0.439836,0.203640,12.890244,0.192305,0.006280,0.252513,-0.360787,0.005637,-0.008065,-0.025697,-0.000000,0.000000,0.000000,0.329388,-0.092192,-0.104143,0.054443,0.000000,0.341541,-0.110923,-0.273243,0.172703
30.4250,0.335293,0.063513,-0.597717,0.282981,-0.052967,-0.441837,0.201501,12.797898,0.190210,0.005905,0.251705,-0.358574,0.005469,-0.008429,-0.025365,-0.000000,0.000000,0.000000,0.329446,-0.091456,-0.106576,0.054443,0.000000,0.341541,-0.110923,-0.273243,0.170568
30.4750,0.335293,0.063513,-0.597717,0.283020,-0.051590,-0.444706,0.198478,12.606673,0.187339,0.005707,0.250557,-0.355231,0.005380,-0.008946,-0.024864,-0.000000,0.000000,0.000000,0.329827,-0.090459,-0.108832,0.054443,0.000000,0.341541,-0.110923,-0.273243,0.167373
30.5300,0.335293,0.063513,-0.597717,0.283525,-0.049820,-0.447604,0.195086,12.400835,0.184126,0.005027,0.249036,-0.351822,0.005074,-0.009630,-0.024352,-0.000000,0.000000,0.000000,0.330305,-0.089175,-0.111754,0.054443,0.000000,0.341541,-0.110923,-0.273243,0.164140
30.5750,0.335293,0.063513,-0.597717,0.283495,-0.048841,-0.449512,0.193058,12.283003,0.182227,0.004952,0.248198,-0.349623,0.005040,-0.010007,-0.024022,-0.000000,0.000000,0.000000,0.330341,-0.088685,-0.113095,0.054443,0.000000,0.341541,-0.110923,-0.273243,0.162073
30.6250,0.335293,0.063513,-0.597717,0.283470,-0.048020,-0.451540,0.191032,12.191740,0.180275,0.004865,0.247444,-0.347398,0.005001,-0.010346,-0.023689,-0.000000,0.000000,0.000000,0.330519,-0.087648,-0.116106,0.054443,0.000000,0.341541,-0.110923,-0.273243,0.159975
30.6750,0.335293,0.063513,-0.597717,0.283463,-0.046968,-0.453903,0.188613,12.059640,0.177967,0.004716,0.246503,-0.344743,0.004934,-0.010770,-0.023290,-0.000000,0.000000,0.000000,0.330566,-0.086546,-0.119512,0.054443,0.000000,0.341541,-0.110923,-0.273243,0.157484
30.7250,0.335293,0.063513,-0.597717,0.283354,-0.046418,-0.455215,0.187322,11.965589,0.176745,0.004727,0.246059,-0.343205,0.004939,-0.010970,-0.023060,-0.000000,0.000000,0.000000,0.330145,-0.086613,-0.120570,0.054443,0.000000,0.341541,-0.110923,-0.273243,0.156039
30.7780,0.335293,0.063513,-0.597717,0.282547,-0.046366,-0.456519,0.186527,11.829799,0.176002,0.005413,0.246196,-0.341553,0.005247,-0.010908,-0.022812,-0.000000,0.000000,0.000000,0.329581,-0.086813,-0.121706,0.054443,0.000000,0.341541,-0.110923,-0.273243,0.154439
30.8250,0.335293,0.063513,-0.597717,0.282189,-0.046357,-0.456846,0.186377,11.752531,0.175891,0.005713,0.246326,-0.341011,0.005382,-0.010849,-0.022731,-0.000000,0.000000,0.000000,0.329413,-0.086895,-0.121948,0.054443,0.000000,0.341541,-0.110923,-0.273243,0.153908
30.8750,0.335293,0.063513,-0.597717,0.281506,-0.046412,-0.457503,0.186109,11.727590,0.175674,0.006431,0.246623,-0.340188,0.005706,-0.010716,-0.022607,-0.000000,0.000000,0.000000,0.328676,-0.087189,-0.122764,0.054443,0.000000,0.341541,-0.110923,-0.273243,0.153109
30.9270,0.335293,0.063513,-0.597717,0.281151,-0.046435,-0.458045,0.185818,11.788225,0.175396,0.006754,0.246771,-0.339803,0.005851,-0.010649,-0.022549,-0.000000,0.000000,0.000000,0.328103,-0.087618,-0.123191,0.054443,0.000000,0.341541,-0.110923,-0.273243,0.152735
30.9750,0.335293,0.063513,-0.597717,0.280985,-0.046517,-0.458192,0.185805,11.840010,0.175377,0.007190,0.247131,-0.339526,0.006047,-0.010488,-0.022508,-0.000000,0.000000,0.000000,0.327874,-0.087741,-0.123137,0.054443,0.000000,0.341541,-0.110923,-0.273243,0.152445
31.0250,0.335293,0.063513,-0.597717,0.280469,-0.046602,-0.457953,0.186186,11.863163,0.175842,0.007766,0.247469,-0.339707,0.006307,-0.010335,-0.022535,-0.000000,0.000000,0.000000,0.327010,-0.088413,-0.122635,0.054443,0.000000,0.341541,-0.110923,-0.273243,0.152623
31.0750,0.335293,0.063513,-0.597717,0.279931,-0.047021,-0.457313,0.187072,11.856948,0.176753,0.008307,0.248053,-0.340272,0.006550,-0.010072,-0.022620,-0.000000,0.000000,0.000000,0.327300,-0.088727,-0.121509,0.054443,0.000000,0.341541,-0.110923,-0.273243,0.153143
31.1250,0.335293,0.063513,-0.597717,0.280265,-0.047035,-0.456340,0.187713,11.869724,0.177408,0.007994,0.248240,-0.341208,0.006409,-0.009988,-0.022760,-0.000000,0.000000,0.000000,0.327735,-0.088962,-0.120464,0.054443,0.000000,0.341541,-0.110923,-0.273243,0.154009
31.1770,0.335293,0.063513,-0.597717,0.280821,-0.047415,-0.454750,0.188976,11.914507,0.178592,0.007490,0.248679,-0.342868,0.006182,-0.009791,-0.023009,-0.000000,0.000000,0.000000,0.327908,-0.089570,-0.118720,0.054443,0.000000,0.341541,-0.110923,-0.273243,0.155537
31.2250,0.335293,0.063513,-0.597717,0.281018,-0.048076,-0.453498,0.190256,12.005217,0.179751,0.007353,0.249253,-0.344357,0.006120,-0.009532,-0.023232,-0.000000,0.000000,0.000000,0.328022,-0.089993,-0.117909,0.054443,0.000000,0.341541,-0.110923,-0.273243,0.156915
31.2750,0.335293,0.063513,-0.597717,0.281244,-0.048617,-0.452900,0.190962,12.071653,0.180315,0.007138,0.249610,-0.345186,0.006024,-0.009372,-0.023357,-0.000000,0.000000,0.000000,0.328430,-0.090302,-0.116397,0.054443,0.000000,0.341541,-0.110923,-0.273243,0.157668
31.3260,0.335293,0.063513,-0.597717,0.281552,-0.049221,-0.451749,0.192104,12.154066,0.181326,0.006863,0.249815,-0.346320,0.005900,-0.009280,-0.023527,-0.000000,0.000000,0.000000,0.328464,-0.090405,-0.116064,0.054443,0.000000,0.341541,-0.110923,-0.273243,0.158738
31.3750,0.335293,0.063513,-0.597717,0.281604,-0.049660,-0.451046,0.192881,12.175936,0.182027,0.006780,0.250222,-0.347457,0.005863,-0.009097,-0.023697,-0.000000,0.000000,0.000000,0.328534,-0.091641,-0.113766,0.054443,0.000000,0.341541,-0.110923,-0.273243,0.159803
31.4450,0.335293,0.063513,-0.597717,0.281609,-0.051419,-0.448751,0.195659,12.174772,0.184493,0.006759,0.251154,-0.348951,0.005853,-0.008677,-0.023922,-0.000000,0.000000,0.000000,0.328453,-0.093123,-0.111661,0.054443,0.000000,0.341541,-0.110923,-0.273243,0.161164
31.5020,0.335293,0.063513,-0.597717,0.281562,-0.052322,-0.447525,0.197136,12.178912,0.185822,0.006840,0.252636,-0.351057,0.005890,-0.008010,-0.024237,-0.000000,0.000000,0.000000,0.328411,-0.093459,-0.111232,0.054443,0.000000,0.341541,-0.110923,-0.273243,0.163086
31.5330,0.335293,0.063513,-0.597717,0.281573,-0.052728,-0.447198,0.197621,12.220179,0.186217,0.006882,0.252972,-0.351485,0.005909,-0.007859,-0.024302,-0.000000,0.000000,0.000000,0.328344,-0.094344,-0.110750,0.054443,0.000000,0.341541,-0.110923,-0.273243,0.163478
31.5750,0.335293,0.063513,-0.597717,0.281677,-0.054244,-0.446655,0.198901,12.321762,0.187093,0.006888,0.254409,-0.352258,0.005911,-0.007212,-0.024418,-0.000000,0.000000,0.000000,0.328489,-0.095279,-0.110027,0.054443,0.000000,0.341541,-0.110923,-0.273243,0.164098
31.6270,0.335293,0.063513,-0.597717,0.282149,-0.055676,-0.445078,0.200821,12.454238,0.188649,0.006665,0.255387,-0.353539,0.005811,-0.006772,-0.024610,-0.000000,0.000000,0.000000,0.328926,-0.096959,-0.107718,0.054443,0.000000,0.341541,-0.110923,-0.273243,0.165259
31.6750,0.335293,0.063513,-0.597717,0.282654,-0.056606,-0.443670,0.202312,12.515647,0.189899,0.006130,0.256773,-0.355626,0.005570,-0.006149,-0.024923,-0.000000,0.000000,0.000000,0.329888,-0.097731,-0.105461,0.054443,0.000000,0.341541,-0.110923,-0.273243,0.167172
31.7260,0.335293,0.063513,-0.597717,0.283421,-0.057063,-0.442172,0.203528,12.577634,0.190970,0.005405,0.257244,-0.357256,0.005244,-0.005936,-0.025167,-0.000000,0.000000,0.000000,0.330328,-0.098430,-0.103950,0.054443,0.000000,0.341541,-0.110923,-0.273243,0.168703
31.7750,0.335293,0.063513,-0.597717,0.284148,-0.058540,-0.439767,0.206061,12.622762,0.193146,0.004682,0.258664,-0.359794,0.004919,-0.005297,-0.025548,-0.000000,0.000000,0.000000,0.331111,-0.100607,-0.101153,0.054443,0.000000,0.341541,-0.110923,-0.273243,0.171076
31.8250,0.335293,0.063513,-0.597717,0.284853,-0.060845,-0.437673,0.208862,12.689117,0.195321,0.004182,0.260120,-0.361564,0.004694,-0.004642,-0.025814,-0.000000,0.000000,0.000000,0.331750,-0.102170,-0.099629,0.054443,0.000000,0.341541,-0.110923,-0.273243,0.172714
31.8760,0.335293,0.063513,-0.597717,0.285550,-0.062518,-0.436351,0.210707,12.769365,0.196655,0.003230,0.262169,-0.363762,0.004265,-0.003720,-0.026143,-0.000000,0.000000,0.000000,0.332952,-0.103568,-0.097025,0.054443,0.000000,0.341541,-0.110923,-0.273243,0.174741
31.9250,0.335293,0.063513,-0.597717,0.286499,-0.063737,-0.434861,0.212357,12.917924,0.197894,0.002341,0.263081,-0.365692,0.003865,-0.003310,-0.026433,-0.000000,0.000000,0.000000,0.333545,-0.104684,-0.095650,0.054443,0.000000,0.341541,-0.110923,-0.273243,0.176581
31.9750,0.335293,0.063513,-0.597717,0.287572,-0.065739,-0.433045,0.214710,12.995562,0.199599,0.001314,0.264941,-0.367725,0.003403,-0.002473,-0.026738,-0.000000,0.000000,0.000000,0.334613,-0.106788,-0.093842,0.054443,0.000000,0.341541,-0.110923,-0.273243,0.178496
32.0250,0.335293,0.063513,-0.597717,0.288211,-0.067190,-0.431988,0.216255,13.022456,0.200672,0.000681,0.266301,-0.368875,0.003118,-0.001861,-0.026910,-0.000000,0.000000,0.000000,0.335186,-0.108282,-0.092867,0.054443,0.000000,0.341541,-0.110923,-0.273243,0.179582
32.0750,0.335293,0.063513,-0.597717,0.289019,-0.069168,-0.430667,0.218292,13.062940,0.202060,-0.000146,0.268134,-0.370351,0.002746,-0.001036,-0.027131,-0.000000,0.000000,0.000000,0.336157,-0.108954,-0.091224,0.054443,0.000000,0.341541,-0.110923,-0.273243,0.180994
32.1250,0.335293,0.063513,-0.597717,0.289726,-0.069596,-0.429661,0.219174,13.103832,0.202766,-0.000864,0.268467,-0.371493,0.002423,-0.000886,-0.027303,-0.000000,0.000000,0.000000,0.336424,-0.109558,-0.090090,0.054443,0.000000,0.341541,-0.110923,-0.273243,0.182109
32.1750,0.335293,0.063513,-0.597717,0.290431,-0.071504,-0.426586,0.222549,13.176028,0.205703,-0.001570,0.270235,-0.374790,0.002105,-0.000090,-0.027797,-0.000000,0.000000,0.000000,0.337014,-0.112101,-0.085583,0.054443,0.000000,0.341541,-0.110923,-0.273243,0.185375
32.2250,0.335293,0.063513,-0.597717,0.290576,-0.072993,-0.424396,0.225108,13.224061,0.207979,-0.001720,0.271614,-0.377135,0.002037,0.000530,-0.028149,-0.000000,0.000000,0.000000,0.337097,-0.112699,-0.084691,0.054443,0.000000,0.341541,-0.110923,-0.273243,0.187719
32.2750,0.335293,0.063513,-0.597717,0.291084,-0.075416,-0.421775,0.228499,13.369621,0.210758,-0.002164,0.273792,-0.380158,0.001838,0.001510,-0.028603,-0.000000,0.000000,0.000000,0.337864,-0.114934,-0.080365,0.054443,0.000000,0.341541,-0.110923,-0.273243,0.190757
32.3250,0.335293,0.063513,-0.597717,0.291891,-0.076856,-0.418856,0.231470,13.568812,0.213405,-0.002843,0.274952,-0.383588,0.001532,0.002032,-0.029117,-0.000000,0.000000,0.000000,0.338363,-0.115817,-0.078455,0.054443,0.000000,0.341541,-0.110923,-0.273243,0.194196
32.3760,0.335293,0.063513,-0.597717,0.292603,-0.078001,-0.417487,0.233091,13.696603,0.214653,-0.003454,0.275968,-0.385259,0.001257,0.002489,-0.029368,-0.000000,0.000000,0.000000,0.339056,-0.116914,-0.076771,0.054443,0.000000,0.341541,-0.110923,-0.273243,0.195883
32.4250,0.335293,0.063513,-0.597717,0.293259,-0.079349,-0.415998,0.234943,13.791994,0.216089,-0.004048,0.277198,-0.386985,0.000990,0.003043,-0.029627,-0.000000,0.000000,0.000000,0.339783,-0.119127,-0.074120,0.054443,0.000000,0.341541,-0.110923,-0.273243,0.197639
32.4750,0.335293,0.063513,-0.597717,0.293947,-0.081558,-0.413963,0.237741,13.862887,0.218237,-0.004740,0.279267,-0.389235,0.000679,0.003974,-0.029964,-0.000000,0.000000,0.000000,0.340371,-0.119882,-0.072594,0.054443,0.000000,0.341541,-0.110923,-0.273243,0.199962
32.5250,0.335293,0.063513,-0.597717,0.294510,-0.081903,-0.412532,0.238962,13.896207,0.219384,-0.005328,0.279529,-0.390781,0.000414,0.004092,-0.030196,-0.000000,0.000000,0.000000,0.341080,-0.120292,-0.070962,0.054443,0.000000,0.341541,-0.110923,-0.273243,0.201514
32.5750,0.335293,0.063513,-0.597717,0.295472,-0.083054,-0.410181,0.241325,13.985431,0.221423,-0.006281,0.280533,-0.393385,-0.000015,0.004543,-0.030587,-0.000000,0.000000,0.000000,0.342063,-0.122020,-0.067472,0.054443,0.000000,0.341541,-0.110923,-0.273243,0.204161
32.6260,0.335293,0.063513,-0.597717,0.295970,-0.084178,-0.408512,0.243224,14.051864,0.223029,-0.006770,0.281533,-0.395245,-0.000235,0.004994,-0.030866,-0.000000,0.000000,0.000000,0.342718,-0.123248,-0.065495,0.054443,0.000000,0.341541,-0.110923,-0.273243,0.206071
32.6750,0.335293,0.063513,-0.597717,0.296799,-0.086197,-0.406069,0.246219,14.157405,0.225449,-0.007595,0.283319,-0.398003,-0.000606,0.005797,-0.031279,-0.000000,0.000000,0.000000,0.342888,-0.123806,-0.064714,0.054443,0.000000,0.341541,-0.110923,-0.273243,0.208931
32.7250,0.335293,0.063513,-0.597717,0.296948,-0.086815,-0.403774,0.248360,14.285570,0.227608,-0.007712,0.283695,-0.400656,-0.000659,0.005967,-0.031677,-0.000000,0.000000,0.000000,0.343155,-0.124518,-0.061148,0.054443,0.000000,0.341541,-0.110923,-0.273243,0.211603
32.7760,0.335293,0.063513,-0.597717,0.297253,-0.087574,-0.402569,0.249714,14.371965,0.228780,-0.007992,0.284300,-0.402099,-0.000785,0.006239,-0.031894,-0.000000,0.000000,0.000000,0.343325,-0.125673,-0.059400,0.054443,0.000000,0.341541,-0.110923,-0.273243,0.213083
32.8270,0.335293,0.063513,-0.597717,0.297403,-0.088941,-0.401357,0.251466,14.513159,0.230177,-0.008031,0.285185,-0.403317,-0.000803,0.006637,-0.032076,-0.000000,0.000000,0.000000,0.343502,-0.126526,-0.058112,0.054443,0.000000,0.341541,-0.110923,-0.273243,0.214359
32.8770,0.335293,0.063513,-0.597717,0.297549,-0.089602,-0.400506,0.252510,14.540580,0.231064,-0.008209,0.286038,-0.404605,-0.000882,0.007021,-0.032270,-0.000000,0.000000,0.000000,0.343578,-0.126188,-0.057578,0.054443,0.000000,0.341541,-0.110923,-0.273243,0.215705
32.9250,0.335293,0.063513,-0.597717,0.297597,-0.089121,-0.399781,0.252778,14.576805,0.231565,-0.008217,0.285562,-0.405397,-0.000886,0.006807,-0.032389,-0.000000,0.000000,0.000000,0.343393,-0.125941,-0.056920,0.054443,0.000000,0.341541,-0.110923,-0.273243,0.216461
32.9750,0.335293,0.063513,-0.597717,0.297403,-0.089111,-0.398917,0.253479,14.593620,0.232405,-0.008010,0.285546,-0.406298,-0.000793,0.006799,-0.032524,-0.000000,0.000000,0.000000,0.343332,-0.126154,-0.056212,0.054443,0.000000,0.341541,-0.110923,-0.273243,0.217356
33.0260,0.335293,0.063513,-0.597717,0.297401,-0.089739,-0.398490,0.254192,14.620591,0.232957,-0.008092,0.285925,-0.406748,-0.000830,0.006970,-0.032591,-0.000000,0.000000,0.000000,0.343153,-0.127007,-0.056054,0.054443,0.000000,0.341541,-0.110923,-0.273243,0.217833
33.0750,0.335293,0.063513,-0.597717,0.297203,-0.090446,-0.398781,0.254421,14.654556,0.232957,-0.007777,0.286810,-0.406583,-0.000688,0.007368,-0.032566,-0.000000,0.000000,0.000000,0.342588,-0.126775,-0.056276,0.054443,0.000000,0.341541,-0.110923,-0.273243,0.217730
33.1380,0.335293,0.063513,-0.597717,0.296768,-0.089953,-0.399032,0.253992,14.706168,0.232756,-0.007294,0.286288,-0.406441,-0.000471,0.007133,-0.032545,-0.000000,0.000000,0.000000,0.342405,-0.126783,-0.056254,0.054443,0.000000,0.341541,-0.110923,-0.273243,0.217548
33.1770,0.335293,0.063513,-0.597717,0.296385,-0.090045,-0.398930,0.254186,14.730816,0.233009,-0.006873,0.286400,-0.406581,-0.000281,0.007184,-0.032566,-0.000000,0.000000,0.000000,0.342167,-0.126887,-0.056137,0.054443,0.000000,0.341541,-0.110923,-0.273243,0.217694
33.2260,0.335293,0.063513,-0.597717,0.296154,-0.090241,-0.398255,0.254867,14.700831,0.233748,-0.006599,0.286770,-0.407121,-0.000158,0.007350,-0.032647,-0.000000,0.000000,0.000000,0.341596,-0.128192,-0.054518,0.054443,0.000000,0.341541,-0.110923,-0.273243,0.218259
33.2770,0.335293,0.063513,-0.597717,0.295885,-0.091043,-0.397061,0.256327,14.671960,0.235127,-0.006303,0.287705,-0.408199,-0.000025,0.007771,-0.032809,-0.000000,0.000000,0.000000,0.341408,-0.127779,-0.053710,0.054443,0.000000,0.341541,-0.110923,-0.273243,0.219406
33.3250,0.335293,0.063513,-0.597717,0.295728,-0.090543,-0.396213,0.256715,14.670113,0.235807,-0.006114,0.287292,-0.409007,0.000060,0.007585,-0.032930,-0.000000,0.000000,0.000000,0.341377,-0.127684,-0.053174,0.054443,0.000000,0.341541,-0.110923,-0.273243,0.220179
33.3750,0.335293,0.063513,-0.597717,0.295821,-0.090587,-0.395052,0.257640,14.789198,0.236824,-0.006108,0.287290,-0.410421,0.000063,0.007584,-0.033142,-0.000000,0.000000,0.000000,0.341232,-0.128199,-0.051778,0.054443,0.000000,0.341541,-0.110923,-0.273243,0.221589
33.4260,0.335293,0.063513,-0.597717,0.295759,-0.091175,-0.394932,0.258096,14.957935,0.237112,-0.005939,0.287712,-0.410939,0.000139,0.007774,-0.033220,-0.000000,0.000000,0.000000,0.341180,-0.128902,-0.051272,0.054443,0.000000,0.341541,-0.110923,-0.273243,0.222138
33.4760,0.335293,0.063513,-0.597717,0.295770,-0.092221,-0.394211,0.259287,15.021152,0.238034,-0.005928,0.288665,-0.411825,0.000144,0.008203,-0.033353,-0.000000,0.000000,0.000000,0.341181,-0.128874,-0.050481,0.054443,0.000000,0.341541,-0.110923,-0.273243,0.223097
33.5250,0.335293,0.063513,-0.597717,0.295708,-0.091914,-0.393758,0.259469,15.002734,0.238379,-0.005888,0.288387,-0.412236,0.000162,0.008078,-0.033414,-0.000000,0.000000,0.000000,0.341329,-0.129156,-0.049596,0.054443,0.000000,0.341541,-0.110923,-0.273243,0.223485
33.5750,0.335293,0.063513,-0.597717,0.296000,-0.092537,-0.392152,0.261060,14.964137,0.239880,-0.006198,0.289120,-0.413729,0.000022,0.008408,-0.033638,-0.000000,0.000000,0.000000,0.341774,-0.130617,-0.048028,0.054443,0.000000,0.341541,-0.110923,-0.273243,0.225032
33.6250,0.335293,0.063513,-0.597717,0.296321,-0.094019,-0.390870,0.262909,14.974112,0.241313,-0.006481,0.290130,-0.414689,-0.000105,0.008862,-0.033782,-0.000000,0.000000,0.000000,0.341888,-0.132561,-0.046975,0.054443,0.000000,0.341541,-0.110923,-0.273243,0.226075
33.6790,0.335293,0.063513,-0.597717,0.296450,-0.095537,-0.390309,0.264242,15.040456,0.242176,-0.006595,0.292074,-0.415743,-0.000156,0.009737,-0.033940,-0.000000,0.000000,0.000000,0.342034,-0.133048,-0.045908,0.054443,0.000000,0.341541,-0.110923,-0.273243,0.227301
33.7250,0.335293,0.063513,-0.597717,0.296676,-0.096166,-0.389576,0.265163,15.180502,0.242922,-0.006740,0.292561,-0.416810,-0.000222,0.009956,-0.034100,-0.000000,0.000000,0.000000,0.341963,-0.133622,-0.044920,0.054443,0.000000,0.341541,-0.110923,-0.273243,0.228410
33.7750,0.335293,0.063513,-0.597717,0.296632,-0.097267,-0.388187,0.266923,15.263022,0.244476,-0.006633,0.293641,-0.418371,-0.000173,0.010442,-0.034335,-0.000000,0.000000,0.000000,0.341926,-0.134128,-0.044346,0.054443,0.000000,0.341541,-0.110923,-0.273243,0.230071
33.8250,0.335293,0.063513,-0.597717,0.296514,-0.098773,-0.387302,0.268543,15.305306,0.245714,-0.006466,0.295236,-0.419313,-0.000098,0.011160,-0.034476,-0.000000,0.000000,0.000000,0.341491,-0.137179,-0.042513,0.054443,0.000000,0.341541,-0.110923,-0.273243,0.231173
33.8790,0.335293,0.063513,-0.597717,0.296280,-0.100159,-0.386444,0.270087,15.332799,0.246936,-0.006198,0.296692,-0.420204,0.000023,0.011815,-0.034609,-0.000000,0.000000,0.000000,0.341359,-0.137495,-0.041360,0.054443,0.000000,0.341541,-0.110923,-0.273243,0.232219
33.9250,0.335293,0.063513,-0.597717,0.296237,-0.100355,-0.385378,0.271046,15.398977,0.247959,-0.006065,0.297008,-0.421357,0.000082,0.011957,-0.034782,-0.000000,0.000000,0.000000,0.341395,-0.137980,-0.039876,0.054443,0.000000,0.341541,-0.110923,-0.273243,0.233401
33.9750,0.335293,0.063513,-0.597717,0.296279,-0.101042,-0.383498,0.272930,15.466470,0.249815,-0.006013,0.297790,-0.423333,0.000106,0.012309,-0.035079,-0.000000,0.000000,0.000000,0.341307,-0.138277,-0.039384,0.054443,0.000000,0.341541,-0.110923,-0.273243,0.235453
34.0250,0.335293,0.063513,-0.597717,0.296189,-0.101998,-0.382344,0.274424,15.589341,0.251137,-0.005834,0.298723,-0.424745,0.000186,0.012729,-0.035291,-0.000000,0.000000,0.000000,0.341138,-0.140426,-0.036504,0.054443,0.000000,0.341541,-0.110923,-0.273243,0.236965
34.0750,0.335293,0.063513,-0.597717,0.296211,-0.104098,-0.380196,0.277374,15.679234,0.253617,-0.005800,0.300780,-0.427092,0.000202,0.013655,-0.035643,-0.000000,0.000000,0.000000,0.340902,-0.141026,-0.034600,0.054443,0.000000,0.341541,-0.110923,-0.273243,0.239548
34.1260,0.335293,0.063513,-0.597717,0.296091,-0.103853,-0.379360,0.277899,15.773073,0.254345,-0.005609,0.300539,-0.428118,0.000288,0.013546,-0.035797,-0.000000,0.000000,0.000000,0.340717,-0.141235,-0.032638,0.054443,0.000000,0.341541,-0.110923,-0.273243,0.240535
34.1770,0.335293,0.063513,-0.597717,0.295984,-0.104032,-0.377554,0.279443,15.856058,0.256054,-0.005423,0.300748,-0.430079,0.000371,0.013640,-0.036091,-0.000000,0.000000,0.000000,0.340467,-0.141840,-0.031363,0.054443,0.000000,0.341541,-0.110923,-0.273243,0.242508
34.2250,0.335293,0.063513,-0.597717,0.295799,-0.104615,-0.376405,0.280724,15.923491,0.257307,-0.005174,0.301353,-0.431354,0.000484,0.013913,-0.036282,-0.000000,0.000000,0.000000,0.340444,-0.142758,-0.029808,0.054443,0.000000,0.341541,-0.110923,-0.273243,0.243850
34.2750,0.335293,0.063513,-0.597717,0.295871,-0.106008,-0.374409,0.283122,16.010992,0.259447,-0.005185,0.302717,-0.433538,0.000478,0.014526,-0.036610,-0.000000,0.000000,0.000000,0.340723,-0.143009,-0.027639,0.054443,0.000000,0.341541,-0.110923,-0.273243,0.246191
34.3260,0.335293,0.063513,-0.597717,0.296154,-0.105849,-0.373007,0.284095,16.073463,0.260571,-0.005429,0.302522,-0.435079,0.000368,0.014438,-0.036841,-0.000000,0.000000,0.000000,0.340738,-0.142875,-0.026327,0.054443,0.000000,0.341541,-0.110923,-0.273243,0.247693
34.3750,0.335293,0.063513,-0.597717,0.296307,-0.105870,-0.371102,0.285596,16.186036,0.262245,-0.005505,0.302486,-0.437230,0.000334,0.014423,-0.037163,-0.000000,0.000000,0.000000,0.341095,-0.143357,-0.023953,0.054443,0.000000,0.341541,-0.110923,-0.273243,0.249821
34.4250,0.335293,0.063513,-0.597717,0.296813,-0.106628,-0.369199,0.287488,16.301052,0.263993,-0.005802,0.302870,-0.438764,0.000201,0.014595,-0.037394,-0.000000,0.000000,0.000000,0.341522,-0.144028,-0.022391,0.054443,0.000000,0.341541,-0.110923,-0.273243,0.251392
34.4750,0.335293,0.063513,-0.597717,0.297298,-0.107527,-0.367904,0.288985,16.363697,0.265236,-0.006456,0.303876,-0.440892,-0.000093,0.015048,-0.037713,-0.000000,0.000000,0.000000,0.342163,-0.144172,-0.020877,0.054443,0.000000,0.341541,-0.110923,-0.273243,0.253632
34.5250,0.335293,0.063513,-0.597717,0.298042,-0.107052,-0.366317,0.289873,16.412935,0.266306,-0.007220,0.303271,-0.442633,-0.000437,0.014776,-0.037974,-0.000000,0.000000,0.000000,0.342672,-0.143578,-0.019647,0.054443,0.000000,0.341541,-0.110923,-0.273243,0.255281
34.5760,0.335293,0.063513,-0.597717,0.298724,-0.106918,-0.365010,0.290752,16.482612,0.267236,-0.007945,0.302924,-0.444170,-0.000764,0.014620,-0.038204,-0.000000,0.000000,0.000000,0.343534,-0.143465,-0.018006,0.054443,0.000000,0.341541,-0.110923,-0.273243,0.256765
34.6260,0.335293,0.063513,-0.597717,0.299479,-0.107381,-0.363824,0.291880,16.530245,0.268190,-0.008745,0.303200,-0.445530,-0.001124,0.014744,-0.038408,-0.000000,0.000000,0.000000,0.345066,-0.144277,-0.015905,0.054443,0.000000,0.341541,-0.110923,-0.273243,0.258155
34.6750,0.335293,0.063513,-0.597717,0.301105,-0.108738,-0.361901,0.294021,16.575181,0.269766,-0.010456,0.304274,-0.447656,-0.001894,0.015227,-0.038727,-0.000000,0.000000,0.000000,0.346822,-0.143996,-0.013614,0.054443,0.000000,0.341541,-0.110923,-0.273243,0.260424
34.7250,0.335293,0.063513,-0.597717,0.302605,-0.108056,-0.359945,0.295026,16.616642,0.270915,-0.011529,0.303509,-0.449103,-0.002376,0.014883,-0.038944,-0.000000,0.000000,0.000000,0.347866,-0.143669,-0.012196,0.054443,0.000000,0.341541,-0.110923,-0.273243,0.261780
34.7750,0.335293,0.063513,-0.597717,0.303907,-0.108038,-0.358285,0.296214,16.654995,0.272033,-0.013405,0.303101,-0.451623,-0.003221,0.014699,-0.039322,-0.000000,0.000000,0.000000,0.350297,-0.143711,-0.009269,0.054443,0.000000,0.341541,-0.110923,-0.273243,0.264273
34.8250,0.335293,0.063513,-0.597717,0.306061,-0.108719,-0.356023,0.298219,16.718513,0.273633,-0.015004,0.303224,-0.453448,-0.003940,0.014755,-0.039596,-0.000000,0.000000,0.000000,0.351879,-0.144188,-0.007565,0.054443,0.000000,0.341541,-0.110923,-0.273243,0.266147
34.8750,0.335293,0.063513,-0.597717,0.307722,-0.109851,-0.354285,0.300125,16.767891,0.275022,-0.017486,0.304149,-0.456154,-0.005057,0.015171,-0.040000,-0.000000,0.000000,0.000000,0.353510,-0.143982,-0.005446,0.054443,0.000000,0.341541,-0.110923,-0.273243,0.269037
34.9310,0.335293,0.063513,-0.597717,0.308739,-0.109441,-0.352774,0.301024,16.842259,0.276028,-0.018705,0.303191,-0.458027,-0.005606,0.014740,-0.040000,-0.000000,0.000000,0.000000,0.354303,-0.143442,-0.004259,0.054443,0.000000,0.341541,-0.110923,-0.273243,0.270830
34.9750,0.335293,0.063513,-0.597717,0.309494,-0.109139,-0.352177,0.301271,16.894240,0.276293,-0.019590,0.302539,-0.458862,-0.006004,0.014446,-0.040000,-0.000000,0.000000,0.000000,0.355298,-0.142819,-0.003692,0.054443,0.000000,0.341541,-0.110923,-0.273243,0.271622
35.0260,0.335293,0.063513,-0.597717,0.310430,-0.109079,-0.351823,0.301447,16.917247,0.276342,-0.020660,0.302123,-0.459391,-0.006485,0.014259,-0.040000,-0.000000,0.000000,0.000000,0.357056,-0.142512,-0.002795,0.054443,0.000000,0.341541,-0.110923,-0.273243,0.272152
35.0750,0.335293,0.063513,-0.597717,0.311828,-0.109207,-0.351174,0.301938,16.902605,0.276584,-0.022138,0.302081,-0.460070,-0.007150,0.014240,-0.040000,-0.000000,0.000000,0.000000,0.357431,-0.142568,-0.002647,0.054443,0.000000,0.341541,-0.110923,-0.273243,0.272903
35.1250,0.335293,0.063513,-0.597717,0.312442,-0.107630,-0.350651,0.301420,16.863167,0.276535,-0.022722,0.300730,-0.460413,-0.007413,0.013632,-0.040000,-0.000000,0.000000,0.000000,0.358554,-0.140011,-0.001723,0.054443,0.000000,0.341541,-0.110923,-0.273243,0.273124
35.1750,0.335293,0.063513,-0.597717,0.312724,-0.107011,-0.350261,0.301367,16.839904,0.276678,-0.023261,0.299524,-0.460995,-0.007656,0.013089,-0.040000,-0.000000,0.000000,0.000000,0.359257,-0.139553,-0.001473,0.054443,0.000000,0.341541,-0.110923,-0.273243,0.273604
35.2250,0.335293,0.063513,-0.597717,0.313489,-0.106764,-0.349987,0.301397,16.827664,0.276671,-0.023964,0.299066,-0.461244,-0.007972,0.012883,-0.040000,-0.000000,0.000000,0.000000,0.360065,-0.139478,-0.001101,0.054443,0.000000,0.341541,-0.110923,-0.273243,0.273847
35.2750,0.335293,0.063513,-0.597717,0.314032,-0.106977,-0.349802,0.301631,16.835942,0.276746,-0.024771,0.298991,-0.461616,-0.008335,0.012850,-0.040000,-0.000000,0.000000,0.000000,0.360065,-0.139478,-0.001101,0.054443,0.000000,0.341541,-0.110923,-0.273243,0.274262
35.3250,0.335293,0.063513,-0.597717,0.314345,-0.106516,-0.349416,0.301666,16.838575,0.276919,-0.025130,0.298387,-0.462052,-0.008497,0.012578,-0.040000,-0.000000,0.000000,0.000000,0.360730,-0.138709,-0.000178,0.054443,0.000000,0.341541,-0.110923,-0.273243,0.274658
35.3750,0.335293,0.063513,-0.597717,0.314916,-0.106537,-0.348285,0.302571,16.834730,0.277831,-0.025763,0.298238,-0.463230,-0.008782,0.012511,-0.040000,-0.000000,0.000000,0.000000,0.361268,-0.138813,0.000844,0.054443,0.000000,0.341541,-0.110923,-0.273243,0.275855
35.4250,0.335293,0.063513,-0.597717,0.315862,-0.107245,-0.347278,0.303736,16.840717,0.278688,-0.026429,0.298555,-0.463986,-0.009082,0.012653,-0.040000,-0.000000,0.000000,0.000000,0.362620,-0.139676,0.002134,0.054443,0.000000,0.341541,-0.110923,-0.273243,0.276685
35.4770,0.335293,0.063513,-0.597717,0.316830,-0.108103,-0.346474,0.304822,16.869822,0.279384,-0.027764,0.299508,-0.465205,-0.009682,0.013082,-0.040000,-0.000000,0.000000,0.000000,0.363627,-0.140200,0.002979,0.054443,0.000000,0.341541,-0.110923,-0.273243,0.278093
35.5250,0.335293,0.063513,-0.597717,0.317576,-0.108232,-0.345896,0.305326,16.935944,0.279764,-0.028553,0.299451,-0.465979,-0.010037,0.013057,-0.040000,-0.000000,0.000000,0.000000,0.364572,-0.139538,0.004020,0.054443,0.000000,0.341541,-0.110923,-0.273243,0.278917
35.5770,0.335293,0.063513,-0.597717,0.318805,-0.107902,-0.344858,0.305929,16.979458,0.280355,-0.029817,0.299001,-0.467148,-0.010606,0.012854,-0.040000,-0.000000,0.000000,0.000000,0.365373,-0.139544,0.004722,0.054443,0.000000,0.341541,-0.110923,-0.273243,0.280132
35.6260,0.335293,0.063513,-0.597717,0.319474,-0.108234,-0.344175,0.306645,16.993090,0.280905,-0.030538,0.299246,-0.467894,-0.010931,0.012964,-0.040000,-0.000000,0.000000,0.000000,0.366862,-0.140287,0.005943,0.054443,0.000000,0.341541,-0.110923,-0.273243,0.280959
35.6760,0.335293,0.063513,-0.597717,0.320868,-0.109314,-0.343202,0.307986,16.997769,0.281714,-0.032073,0.300125,-0.468958,-0.011621,0.013360,-0.040000,-0.000000,0.000000,0.000000,0.367943,-0.140602,0.006935,0.054443,0.000000,0.341541,-0.110923,-0.273243,0.282241
35.7260,0.335293,0.063513,-0.597717,0.321384,-0.109315,-0.342339,0.308676,17.013903,0.282403,-0.032650,0.300115,-0.469652,-0.011881,0.013356,-0.040000,-0.000000,0.000000,0.000000,0.368130,-0.140320,0.007316,0.054443,0.000000,0.341541,-0.110923,-0.273243,0.282980
35.7750,0.335293,0.063513,-0.597717,0.321770,-0.109376,-0.342051,0.308931,17.039294,0.282594,-0.033172,0.299825,-0.470327,-0.012116,0.013225,-0.040000,-0.000000,0.000000,0.000000,0.368845,-0.140569,0.008270,0.054443,0.000000,0.341541,-0.110923,-0.273243,0.283667
35.8350,0.335293,0.063513,-0.597717,0.322324,-0.109979,-0.341241,0.309915,17.084337,0.283356,-0.033764,0.300257,-0.471279,-0.012382,0.013419,-0.040000,-0.000000,0.000000,0.000000,0.369058,-0.140744,0.008562,0.054443,0.000000,0.341541,-0.110923,-0.273243,0.284711
35.8750,0.335293,0.063513,-0.597717,0.323102,-0.110664,-0.340510,0.310873,17.100994,0.284010,-0.034555,0.300880,-0.472063,-0.012738,0.013700,-0.040000,-0.000000,0.000000,0.000000,0.370304,-0.141180,0.010030,0.054443,0.000000,0.341541,-0.110923,-0.273243,0.285630
35.9250,0.335293,0.063513,-0.597717,0.323539,-0.110537,-0.339875,0.311310,17.116602,0.284479,-0.035010,0.300693,-0.472748,-0.012943,0.013616,-0.040000,-0.000000,0.000000,0.000000,0.370304,-0.141180,0.010030,0.054443,0.000000,0.341541,-0.110923,-0.273243,0.286333
35.9760,0.335293,0.063513,-0.597717,0.323805,-0.109980,-0.338629,0.312023,17.139331,0.285478,-0.035308,0.300061,-0.474067,-0.013077,0.013331,-0.040000,-0.000000,0.000000,0.000000,0.371092,-0.140624,0.012098,0.054443,0.000000,0.341541,-0.110923,-0.273243,0.287602
36.0260,0.335293,0.063513,-0.597717,0.324551,-0.110296,-0.337687,0.312955,17.174367,0.286264,-0.035798,0.300137,-0.474816,-0.013298,0.013365,-0.040000,-0.000000,0.000000,0.000000,0.372015,-0.141286,0.013070,0.054443,0.000000,0.341541,-0.110923,-0.273243,0.288401
36.0750,0.335293,0.063513,-0.597717,0.325141,-0.110950,-0.337133,0.313759,17.212840,0.286792,-0.036721,0.300799,-0.475788,-0.013713,0.013663,-0.040000,-0.000000,0.000000,0.000000,0.372169,-0.141399,0.013360,0.054443,0.000000,0.341541,-0.110923,-0.273243,0.289527
36.1250,0.335293,0.063513,-0.597717,0.325108,-0.110531,-0.336490,0.314062,17.269297,0.287321,-0.036755,0.300586,-0.476257,-0.013728,0.013567,-0.040000,-0.000000,0.000000,0.000000,0.371934,-0.140547,0.014099,0.054443,0.000000,0.341541,-0.110923,-0.273243,0.289972
36.1750,0.335293,0.063513,-0.597717,0.324905,-0.110348,-0.336011,0.314366,17.302007,0.287784,-0.036564,0.299933,-0.477173,-0.013642,0.013274,-0.040000,-0.000000,0.000000,0.000000,0.371810,-0.140465,0.014923,0.054443,0.000000,0.341541,-0.110923,-0.273243,0.290791
36.2250,0.335293,0.063513,-0.597717,0.324841,-0.110446,-0.335587,0.314775,17.315502,0.288223,-0.036517,0.299978,-0.477641,-0.013621,0.013294,-0.040000,-0.000000,0.000000,0.000000,0.371788,-0.140789,0.015614,0.054443,0.000000,0.341541,-0.110923,-0.273243,0.291254
36.2750,0.335293,0.063513,-0.597717,0.324925,-0.111004,-0.334699,0.315820,17.326981,0.289164,-0.036605,0.300494,-0.478562,-0.013661,0.013526,-0.040000,-0.000000,0.000000,0.000000,0.371401,-0.140672,0.016637,0.054443,0.000000,0.341541,-0.110923,-0.273243,0.292227
36.3250,0.335293,0.063513,-0.597717,0.323968,-0.110290,-0.333457,0.316495,17.349567,0.290413,-0.035612,0.299777,-0.479844,-0.013214,0.013203,-0.040000,-0.000000,0.000000,0.000000,0.370662,-0.140047,0.017475,0.054443,0.000000,0.341541,-0.110923,-0.273243,0.293322
36.3750,0.335293,0.063513,-0.597717,0.323512,-0.109549,-0.332900,0.316572,17.382619,0.290891,-0.035115,0.299032,-0.480462,-0.012990,0.012868,-0.040000,-0.000000,0.000000,0.000000,0.369978,-0.138662,0.018231,0.054443,0.000000,0.341541,-0.110923,-0.273243,0.293812
36.4360,0.335293,0.063513,-0.597717,0.323184,-0.108722,-0.332587,0.316394,17.472927,0.291088,-0.034684,0.298175,-0.480948,-0.012796,0.012482,-0.040000,-0.000000,0.000000,0.000000,0.369773,-0.138391,0.018002,0.054443,0.000000,0.341541,-0.110923,-0.273243,0.294169
36.4800,0.335293,0.063513,-0.597717,0.323043,-0.108478,-0.332931,0.315979,17.531964,0.290742,-0.034480,0.297904,-0.480720,-0.012704,0.012360,-0.040000,-0.000000,0.000000,0.000000,0.369635,-0.137964,0.017710,0.054443,0.000000,0.341541,-0.110923,-0.273243,0.293897
36.5250,0.335293,0.063513,-0.597717,0.322569,-0.107379,-0.333544,0.314886,17.556374,0.290036,-0.033981,0.296787,-0.480156,-0.012480,0.011858,-0.040000,-0.000000,0.000000,0.000000,0.368607,-0.135826,0.016610,0.054443,0.000000,0.341541,-0.110923,-0.273243,0.293189
36.5750,0.335293,0.063513,-0.597717,0.321378,-0.105227,-0.334974,0.312571,17.517719,0.288498,-0.032823,0.294672,-0.478645,-0.011959,0.010906,-0.040000,-0.000000,0.000000,0.000000,0.367317,-0.134050,0.014722,0.054443,0.000000,0.341541,-0.110923,-0.273243,0.291399
36.6350,0.335293,0.063513,-0.597717,0.320505,-0.104032,-0.335960,0.311138,17.414422,0.287511,-0.032024,0.293563,-0.477439,-0.011599,0.010407,-0.040000,-0.000000,0.000000,0.000000,0.367138,-0.133746,0.014403,0.054443,0.000000,0.341541,-0.110923,-0.273243,0.290040
36.6750,0.335293,0.063513,-0.597717,0.320196,-0.103521,-0.336272,0.310615,17.330401,0.287178,-0.031752,0.293115,-0.476944,-0.011477,0.010206,-0.040000,-0.000000,0.000000,0.000000,0.367045,-0.133602,0.014227,0.054443,0.000000,0.341541,-0.110923,-0.273243,0.289489
36.7250,0.335293,0.063513,-0.597717,0.319668,-0.102445,-0.336856,0.309572,17.284940,0.286518,-0.031200,0.292065,-0.476250,-0.011228,0.009733,-0.040000,-0.000000,0.000000,0.000000,0.365921,-0.131494,0.012796,0.054443,0.000000,0.341541,-0.110923,-0.273243,0.288671
36.7750,0.335293,0.063513,-0.597717,0.318337,-0.099950,-0.338923,0.306565,17.263561,0.284338,-0.029805,0.289547,-0.474124,-0.010601,0.008600,-0.040000,-0.000000,0.000000,0.000000,0.364104,-0.128549,0.009231,0.054443,0.000000,0.341541,-0.110923,-0.273243,0.286262
36.8300,0.335293,0.063513,-0.597717,0.317399,-0.098502,-0.341058,0.304044,17.248382,0.282229,-0.028810,0.288062,-0.471949,-0.010153,0.007932,-0.040000,-0.000000,0.000000,0.000000,0.363894,-0.128045,0.008425,0.054443,0.000000,0.341541,-0.110923,-0.273243,0.283922
36.8760,0.335293,0.063513,-0.597717,0.317102,-0.097693,-0.342342,0.302548,17.199704,0.280911,-0.028500,0.287272,-0.470553,-0.010013,0.007576,-0.040000,-0.000000,0.000000,0.000000,0.363359,-0.126576,0.006422,0.054443,0.000000,0.341541,-0.110923,-0.273243,0.282460
36.9250,0.335293,0.063513,-0.597717,0.316330,-0.095507,-0.344070,0.299973,17.014277,0.278989,-0.028066,0.286089,-0.469139,-0.009818,0.007044,-0.040000,-0.000000,0.000000,0.000000,0.362764,-0.124650,0.004517,0.054443,0.000000,0.341541,-0.110923,-0.273243,0.280951
36.9820,0.335293,0.063513,-0.597717,0.315978,-0.094264,-0.344932,0.298608,16.880475,0.277989,-0.027471,0.284163,-0.467234,-0.009550,0.006177,-0.040000,-0.000000,0.000000,0.000000,0.362309,-0.123867,0.003221,0.054443,0.000000,0.341541,-0.110923,-0.273243,0.278908
37.0270,0.335293,0.063513,-0.597717,0.315341,-0.093145,-0.346646,0.296608,16.732325,0.276281,-0.026891,0.283140,-0.465195,-0.009289,0.005717,-0.040000,-0.000000,0.000000,0.000000,0.362184,-0.123627,0.002478,0.054443,0.000000,0.341541,-0.110923,-0.273243,0.276784
37.0750,0.335293,0.063513,-0.597717,0.315311,-0.092804,-0.348785,0.294621,16.723905,0.274193,-0.026855,0.282722,-0.463051,-0.009273,0.005528,-0.040000,-0.000000,0.000000,0.000000,0.362209,-0.122681,-0.001600,0.054443,0.000000,0.341541,-0.110923,-0.273243,0.274627
37.1260,0.335293,0.063513,-0.597717,0.315392,-0.092405,-0.350735,0.292757,16.722109,0.272245,-0.026916,0.282194,-0.461117,-0.009301,0.005291,-0.040000,-0.000000,0.000000,0.000000,0.361445,-0.121487,-0.004261,0.054443,0.000000,0.341541,-0.110923,-0.273243,0.272682
37.1750,0.335293,0.063513,-0.597717,0.314612,-0.091211,-0.353279,0.290030,16.665743,0.269778,-0.026152,0.281000,-0.458456,-0.008957,0.004754,-0.040000,-0.000000,0.000000,0.000000,0.360830,-0.121067,-0.005912,0.054443,0.000000,0.341541,-0.110923,-0.273243,0.269924
37.2250,0.335293,0.063513,-0.597717,0.313950,-0.090717,-0.354706,0.288612,16.564230,0.268492,-0.025536,0.280580,-0.456806,-0.008680,0.004565,-0.040000,-0.000000,0.000000,0.000000,0.360488,-0.120730,-0.007994,0.054443,0.000000,0.341541,-0.110923,-0.273243,0.268219
37.2750,0.335293,0.063513,-0.597717,0.313514,-0.090114,-0.356231,0.287039,16.320715,0.267033,-0.025195,0.280243,-0.454723,-0.008526,0.004413,-0.039787,-0.000000,0.000000,0.000000,0.360350,-0.120215,-0.009481,0.054443,0.000000,0.341541,-0.110923,-0.273243,0.266105
37.3250,0.335293,0.063513,-0.597717,0.313338,-0.089410,-0.357356,0.285729,16.167812,0.265863,-0.025056,0.279728,-0.453236,-0.008464,0.004181,-0.039564,-0.000000,0.000000,0.000000,0.360115,-0.118841,-0.011623,0.054443,0.000000,0.341541,-0.110923,-0.273243,0.264595
37.3760,0.335293,0.063513,-0.597717,0.313138,-0.087896,-0.359246,0.283344,16.071049,0.263798,-0.024821,0.278354,-0.451095,-0.008358,0.003563,-0.039243,-0.000000,0.000000,0.000000,0.360077,-0.118318,-0.013161,0.054443,0.000000,0.341541,-0.110923,-0.273243,0.262399
37.4270,0.335293,0.063513,-0.597717,0.313249,-0.087265,-0.361505,0.281098,16.069968,0.261505,-0.024784,0.277831,-0.449556,-0.008341,0.003328,-0.039012,-0.000000,0.000000,0.000000,0.360528,-0.118015,-0.015512,0.054443,0.000000,0.341541,-0.110923,-0.273243,0.260846
37.4770,0.335293,0.063513,-0.597717,0.313620,-0.087178,-0.363163,0.279631,16.082253,0.259832,-0.025235,0.277528,-0.447205,-0.008544,0.003191,-0.038660,-0.000000,0.000000,0.000000,0.361118,-0.117152,-0.017642,0.054443,0.000000,0.341541,-0.110923,-0.273243,0.258527
37.5260,0.335293,0.063513,-0.597717,0.314192,-0.086388,-0.365292,0.277375,16.072804,0.257506,-0.025825,0.276665,-0.445075,-0.008810,0.002803,-0.038340,-0.000000,0.000000,0.000000,0.361480,-0.116559,-0.018935,0.054443,0.000000,0.341541,-0.110923,-0.273243,0.256425
37.5750,0.335293,0.063513,-0.597717,0.314414,-0.085763,-0.366313,0.276166,15.932967,0.256350,-0.026187,0.276072,-0.443782,-0.008972,0.002536,-0.038146,-0.000000,0.000000,0.000000,0.361856,-0.116181,-0.020100,0.054443,0.000000,0.341541,-0.110923,-0.273243,0.255151
37.6250,0.335293,0.063513,-0.597717,0.314628,-0.085278,-0.367103,0.275225,15.750725,0.255443,-0.026563,0.275694,-0.442617,-0.009142,0.002366,-0.037971,-0.000000,0.000000,0.000000,0.362062,-0.116027,-0.021245,0.054443,0.000000,0.341541,-0.110923,-0.273243,0.254011
37.6750,0.335293,0.063513,-0.597717,0.314725,-0.084987,-0.368329,0.274033,15.502306,0.254200,-0.026883,0.275527,-0.440884,-0.009286,0.002291,-0.037711,-0.000000,0.000000,0.000000,0.362462,-0.116036,-0.022724,0.054443,0.000000,0.341541,-0.110923,-0.273243,0.252307
37.7250,0.335293,0.063513,-0.597717,0.314867,-0.084736,-0.369643,0.272788,15.445811,0.252874,-0.027082,0.275239,-0.439471,-0.009375,0.002161,-0.037499,-0.000000,0.000000,0.000000,0.362269,-0.115129,-0.024528,0.054443,0.000000,0.341541,-0.110923,-0.273243,0.250909
37.7770,0.335293,0.063513,-0.597717,0.314680,-0.083982,-0.372074,0.270360,15.499847,0.250470,-0.026851,0.274288,-0.437186,-0.009271,0.001733,-0.037157,-0.000000,0.000000,0.000000,0.362144,-0.114775,-0.025532,0.054443,0.000000,0.341541,-0.110923,-0.273243,0.248597
37.8250,0.335293,0.063513,-0.597717,0.314572,-0.083154,-0.374098,0.268228,15.438160,0.248412,-0.026750,0.273456,-0.435028,-0.009226,0.001359,-0.036833,-0.000000,0.000000,0.000000,0.361852,-0.113315,-0.029660,0.054443,0.000000,0.341541,-0.110923,-0.273243,0.246427
37.8750,0.335293,0.063513,-0.597717,0.314264,-0.082229,-0.376691,0.265585,15.340248,0.245853,-0.026481,0.272615,-0.432213,-0.009105,0.000981,-0.036411,-0.000000,0.000000,0.000000,0.361470,-0.112091,-0.032840,0.054443,0.000000,0.341541,-0.110923,-0.273243,0.243591
37.9250,0.335293,0.063513,-0.597717,0.313902,-0.081104,-0.378756,0.263279,15.220158,0.243760,-0.026176,0.271604,-0.429878,-0.008968,0.000525,-0.036061,-0.000000,0.000000,0.000000,0.361203,-0.111670,-0.033672,0.054443,0.000000,0.341541,-0.110923,-0.273243,0.241231
37.9750,0.335293,0.063513,-0.597717,0.312999,-0.079594,-0.380945,0.260704,15.021868,0.241609,-0.025362,0.270270,-0.427239,-0.008601,-0.000075,-0.035665,-0.000000,0.000000,0.000000,0.360302,-0.110039,-0.037213,0.054443,0.000000,0.341541,-0.110923,-0.273243,0.238532
38.0250,0.335293,0.063513,-0.597717,0.312566,-0.078709,-0.382231,0.259187,14.824178,0.240322,-0.025009,0.269552,-0.425504,-0.008442,-0.000398,-0.035404,-0.000000,0.000000,0.000000,0.359862,-0.109574,-0.038890,0.054443,0.000000,0.341541,-0.110923,-0.273243,0.236776
38.0750,0.335293,0.063513,-0.597717,0.311966,-0.077977,-0.384674,0.256810,14.740551,0.238038,-0.024417,0.268883,-0.422864,-0.008176,-0.000699,-0.035009,-0.000000,0.000000,0.000000,0.359651,-0.109256,-0.040444,0.054443,0.000000,0.341541,-0.110923,-0.273243,0.234102
38.1260,0.335293,0.063513,-0.597717,0.311769,-0.077513,-0.385677,0.255740,14.727587,0.237049,-0.024190,0.268408,-0.421825,-0.008074,-0.000913,-0.034853,-0.000000,0.000000,0.000000,0.358823,-0.107729,-0.042485,0.054443,0.000000,0.341541,-0.110923,-0.273243,0.233052
38.1750,0.335293,0.063513,-0.597717,0.310594,-0.075631,-0.388292,0.252646,14.691803,0.234503,-0.022960,0.266562,-0.419105,-0.007520,-0.001744,-0.034445,-0.000000,0.000000,0.000000,0.358253,-0.107049,-0.043612,0.054443,0.000000,0.341541,-0.110923,-0.273243,0.230271
38.2250,0.335293,0.063513,-0.597717,0.309389,-0.074091,-0.390283,0.250269,14.555500,0.232632,-0.022176,0.265541,-0.417407,-0.007168,-0.002203,-0.034190,-0.000000,0.000000,0.000000,0.357065,-0.105682,-0.045940,0.054443,0.000000,0.341541,-0.110923,-0.273243,0.228542
38.2750,0.335293,0.063513,-0.597717,0.308322,-0.073026,-0.392007,0.248369,14.467526,0.231088,-0.020704,0.264253,-0.414830,-0.006505,-0.002782,-0.033803,-0.000000,0.000000,0.000000,0.355219,-0.103716,-0.049655,0.054443,0.000000,0.341541,-0.110923,-0.273243,0.225903
38.3250,0.335293,0.063513,-0.597717,0.307275,-0.071368,-0.394123,0.245822,14.347415,0.229037,-0.019641,0.262774,-0.412399,-0.006027,-0.003448,-0.033439,-0.000000,0.000000,0.000000,0.354681,-0.102834,-0.051013,0.054443,0.000000,0.341541,-0.110923,-0.273243,0.223458
38.3750,0.335293,0.063513,-0.597717,0.306744,-0.070213,-0.395617,0.244013,14.273143,0.227534,-0.019082,0.261749,-0.410700,-0.005775,-0.003909,-0.033184,-0.000000,0.000000,0.000000,0.354225,-0.101872,-0.052736,0.054443,0.000000,0.341541,-0.110923,-0.273243,0.221768
38.4250,0.335293,0.063513,-0.597717,0.306526,-0.069233,-0.397274,0.242129,14.209183,0.225831,-0.018838,0.260875,-0.408865,-0.005666,-0.004303,-0.032909,-0.000000,0.000000,0.000000,0.354092,-0.101044,-0.054565,0.054443,0.000000,0.341541,-0.110923,-0.273243,0.219960
38.4770,0.335293,0.063513,-0.597717,0.306551,-0.068039,-0.399722,0.239445,14.114276,0.223275,-0.018850,0.259805,-0.406170,-0.005671,-0.004784,-0.032504,-0.000000,0.000000,0.000000,0.354399,-0.099579,-0.058287,0.054443,0.000000,0.341541,-0.110923,-0.273243,0.217322
38.5250,0.335293,0.063513,-0.597717,0.306753,-0.067231,-0.401191,0.237763,13.996199,0.221662,-0.019105,0.259092,-0.404430,-0.005786,-0.005105,-0.032243,-0.000000,0.000000,0.000000,0.354639,-0.099072,-0.059162,0.054443,0.000000,0.341541,-0.110923,-0.273243,0.215639
38.5770,0.335293,0.063513,-0.597717,0.307064,-0.066022,-0.403389,0.235244,13.908249,0.219248,-0.019500,0.257911,-0.402055,-0.005963,-0.005636,-0.031887,-0.000000,0.000000,0.000000,0.354884,-0.098161,-0.061201,0.054443,0.000000,0.341541,-0.110923,-0.273243,0.213362
38.6250,0.335293,0.063513,-0.597717,0.307275,-0.065461,-0.404603,0.233907,13.831059,0.217928,-0.019799,0.257350,-0.400696,-0.006098,-0.005889,-0.031683,-0.000000,0.000000,0.000000,0.355270,-0.097401,-0.063524,0.054443,0.000000,0.341541,-0.110923,-0.273243,0.212060
38.6750,0.335293,0.063513,-0.597717,0.307368,-0.064880,-0.406416,0.232079,13.677062,0.216087,-0.020055,0.256768,-0.398589,-0.006213,-0.006151,-0.031367,-0.000000,0.000000,0.000000,0.355654,-0.096890,-0.065826,0.054443,0.000000,0.341541,-0.110923,-0.273243,0.210016
38.7250,0.335293,0.063513,-0.597717,0.307349,-0.064204,-0.408853,0.229700,13.528390,0.213684,-0.020361,0.256403,-0.396892,-0.006351,-0.006315,-0.031113,-0.000000,0.000000,0.000000,0.355351,-0.096311,-0.068159,0.054443,0.000000,0.341541,-0.110923,-0.273243,0.208370
38.7750,0.335293,0.063513,-0.597717,0.307127,-0.063780,-0.410907,0.227805,13.455180,0.211759,-0.020013,0.255668,-0.393663,-0.006194,-0.006646,-0.030628,-0.000000,0.000000,0.000000,0.355306,-0.096155,-0.069055,0.054443,0.000000,0.341541,-0.110923,-0.273243,0.205184
38.8250,0.335293,0.063513,-0.597717,0.306988,-0.063304,-0.412683,0.226101,13.331859,0.210053,-0.019894,0.255338,-0.391579,-0.006141,-0.006794,-0.030316,-0.000000,0.000000,0.000000,0.355074,-0.095700,-0.072058,0.054443,0.000000,0.341541,-0.110923,-0.273243,0.203127
38.8760,0.335293,0.063513,-0.597717,0.306632,-0.062232,-0.416184,0.222683,13.260084,0.206690,-0.019555,0.254364,-0.387897,-0.005988,-0.007232,-0.029763,-0.000000,0.000000,0.000000,0.354767,-0.094366,-0.076398,0.054443,0.000000,0.341541,-0.110923,-0.273243,0.199517
38.9250,0.335293,0.063513,-0.597717,0.306425,-0.061252,-0.418531,0.220244,13.174751,0.204363,-0.019376,0.253499,-0.385337,-0.005908,-0.007622,-0.029379,-0.000000,0.000000,0.000000,0.353670,-0.092426,-0.082159,0.054443,0.000000,0.341541,-0.110923,-0.273243,0.197031
38.9750,0.335293,0.063513,-0.597717,0.305343,-0.059427,-0.422827,0.215865,12.979629,0.200332,-0.018376,0.251939,-0.380559,-0.005458,-0.008324,-0.028663,-0.000000,0.000000,0.000000,0.353238,-0.091594,-0.085446,0.054443,0.000000,0.341541,-0.110923,-0.273243,0.192361
39.0260,0.335293,0.063513,-0.597717,0.304845,-0.058410,-0.425763,0.212980,12.836512,0.197567,-0.017945,0.251107,-0.377272,-0.005263,-0.008698,-0.028170,-0.000000,0.000000,0.000000,0.352604,-0.090920,-0.088651,0.054443,0.000000,0.341541,-0.110923,-0.273243,0.189152
39.0760,0.335293,0.063513,-0.597717,0.303888,-0.057175,-0.429549,0.209362,12.602023,0.194140,-0.017083,0.250203,-0.372897,-0.004876,-0.009105,-0.027513,-0.000000,0.000000,0.000000,0.352110,-0.090370,-0.091591,0.054443,0.000000,0.341541,-0.110923,-0.273243,0.184853
39.1250,0.335293,0.063513,-0.597717,0.303443,-0.056375,-0.432036,0.206973,12.441271,0.191840,-0.016690,0.249657,-0.369992,-0.004699,-0.009350,-0.027078,-0.000000,0.000000,0.000000,0.351786,-0.089802,-0.094357,0.054443,0.000000,0.341541,-0.110923,-0.273243,0.182009
39.1750,0.335293,0.063513,-0.597717,0.303057,-0.055164,-0.435532,0.203537,12.267318,0.188509,-0.016327,0.248830,-0.365998,-0.004535,-0.009723,-0.026479,-0.000000,0.000000,0.000000,0.351673,-0.089079,-0.098180,0.054443,0.000000,0.341541,-0.110923,-0.273243,0.178127
39.2250,0.335293,0.063513,-0.597717,0.303167,-0.054557,-0.437642,0.201486,12.169212,0.186415,-0.016449,0.248461,-0.363600,-0.004590,-0.009889,-0.026119,-0.000000,0.000000,0.000000,0.352302,-0.088499,-0.102349,0.054443,0.000000,0.341541,-0.110923,-0.273243,0.175803
39.2760,0.335293,0.063513,-0.597717,0.303668,-0.053784,-0.440476,0.198704,12.027503,0.183492,-0.017009,0.248012,-0.360369,-0.004842,-0.010091,-0.025634,-0.000000,0.000000,0.000000,0.352325,-0.088238,-0.104409,0.054443,0.000000,0.341541,-0.110923,-0.273243,0.172695
39.3250,0.335293,0.063513,-0.597717,0.303513,-0.053031,-0.443076,0.196231,11.880481,0.181021,-0.016966,0.247541,-0.357390,-0.004823,-0.010303,-0.025187,-0.000000,0.000000,0.000000,0.352268,-0.087910,-0.105956,0.054443,0.000000,0.341541,-0.110923,-0.273243,0.169809
39.3760,0.335293,0.063513,-0.597717,0.303396,-0.052777,-0.443474,0.195784,11.777214,0.180638,-0.016975,0.247423,-0.356762,-0.004827,-0.010356,-0.025093,-0.000000,0.000000,0.000000,0.352671,-0.087575,-0.108743,0.054443,0.000000,0.341541,-0.110923,-0.273243,0.169203
39.4250,0.335293,0.063513,-0.597717,0.303641,-0.052264,-0.445972,0.193476,11.648351,0.178184,-0.017378,0.247088,-0.353975,-0.005008,-0.010507,-0.024675,-0.000000,0.000000,0.000000,0.353193,-0.087457,-0.110404,0.054443,0.000000,0.341541,-0.110923,-0.273243,0.166522
39.4750,0.335293,0.063513,-0.597717,0.304535,-0.052014,-0.448384,0.191293,11.606556,0.175643,-0.018327,0.246906,-0.351468,-0.005436,-0.010589,-0.024299,-0.000000,0.000000,0.000000,0.353982,-0.087340,-0.111682,0.054443,0.000000,0.341541,-0.110923,-0.273243,0.164139
39.5250,0.335293,0.063513,-0.597717,0.305146,-0.051791,-0.449035,0.190552,11.560207,0.174779,-0.018982,0.246767,-0.350700,-0.005730,-0.010651,-0.024184,-0.000000,0.000000,0.000000,0.355448,-0.086874,-0.113156,0.054443,0.000000,0.341541,-0.110923,-0.273243,0.163451
39.5750,0.335293,0.063513,-0.597717,0.306160,-0.051209,-0.449812,0.189436,11.404449,0.173560,-0.020154,0.246387,-0.349561,-0.006258,-0.010822,-0.024013,-0.000000,0.000000,0.000000,0.355448,-0.086874,-0.113156,0.054443,0.000000,0.341541,-0.110923,-0.273243,0.162479
39.6250,0.335293,0.063513,-0.597717,0.307612,-0.050992,-0.450843,0.188281,11.299532,0.172059,-0.021259,0.246225,-0.348710,-0.006755,-0.010895,-0.023885,-0.000000,0.000000,0.000000,0.358454,-0.086585,-0.115199,0.054443,0.000000,0.341541,-0.110923,-0.273243,0.161764
39.6820,0.335293,0.063513,-0.597717,0.308838,-0.050972,-0.451635,0.187475,11.248670,0.170909,-0.023160,0.246098,-0.347518,-0.007611,-0.010952,-0.023707,-0.000000,0.000000,0.000000,0.359500,-0.086542,-0.116188,0.054443,0.000000,0.341541,-0.110923,-0.273243,0.160799
39.7250,0.335293,0.063513,-0.597717,0.309677,-0.051083,-0.452592,0.186681,11.181182,0.169784,-0.024207,0.246055,-0.346529,-0.008081,-0.010972,-0.023558,-0.000000,0.000000,0.000000,0.360114,-0.086357,-0.116611,0.054443,0.000000,0.341541,-0.110923,-0.273243,0.159948
39.7780,0.335293,0.063513,-0.597717,0.310646,-0.050918,-0.453251,0.185937,11.123974,0.168808,-0.025328,0.245778,-0.345827,-0.008586,-0.011096,-0.023453,-0.000000,0.000000,0.000000,0.362087,-0.086114,-0.117335,0.054443,0.000000,0.341541,-0.110923,-0.273243,0.159432
39.8330,0.335293,0.063513,-0.597717,0.311930,-0.050861,-0.453566,0.185491,11.027397,0.168063,-0.026793,0.245627,-0.345382,-0.009245,-0.011164,-0.023386,-0.000000,0.000000,0.000000,0.362898,-0.086079,-0.117478,0.054443,0.000000,0.341541,-0.110923,-0.273243,0.159201
39.8750,0.335293,0.063513,-0.597717,0.313263,-0.050894,-0.453733,0.185218,10.960087,0.167464,-0.028244,0.245601,-0.345119,-0.009898,-0.011176,-0.023347,-0.000000,0.000000,0.000000,0.363983,-0.086096,-0.117681,0.054443,0.000000,0.341541,-0.110923,-0.273243,0.159141
39.9250,0.335293,0.063513,-0.597717,0.313814,-0.050985,-0.453572,0.185335,10.894906,0.167447,-0.028961,0.245524,-0.345237,-0.010221,-0.011211,-0.023364,-0.000000,0.000000,0.000000,0.364349,-0.085968,-0.117341,0.054443,0.000000,0.341541,-0.110923,-0.273243,0.159369
39.9750,0.335293,0.063513,-0.597717,0.313790,-0.051101,-0.453453,0.185502,10.865921,0.167593,-0.029055,0.245481,-0.345377,-0.010263,-0.011230,-0.023385,-0.000000,0.000000,0.000000,0.364349,-0.085968,-0.117341,0.054443,0.000000,0.341541,-0.110923,-0.273243,0.159526
