t,target_x,target_y,target_z,gripper_x,gripper_y,gripper_z,pos_error,axis_error_deg,centerline_error,target_local_x,target_local_y,target_local_z,uav_cmd_vx,uav_cmd_vy,uav_cmd_vz,uav_ff_vx,uav_ff_vy,uav_ff_vz,uav_x,uav_y,uav_z
3.1430,0.180571,0.257745,-0.226830,-0.275831,-0.023395,-0.227135,0.536043,9.426219,0.444453,0.180571,0.353745,-0.091830,-0.090562,0.286004,0.000000,-0.037219,0.069161,0.000000,0.000000,0.000000,0.000000
3.1690,0.179599,0.259541,-0.226830,-0.275997,-0.023980,-0.227084,0.536612,9.547911,0.446284,0.179599,0.355541,-0.091830,-0.091180,0.285808,0.000000,-0.037501,0.069008,0.000000,0.000000,0.000000,0.000000
3.2200,0.177673,0.263053,-0.226830,-0.274732,-0.022621,-0.228921,0.535055,9.226510,0.446808,0.177673,0.359053,-0.091830,-0.092391,0.285419,0.000000,-0.038053,0.068706,0.000000,0.000000,0.000000,0.000000
3.2690,0.175795,0.266412,-0.226830,-0.272896,-0.020752,-0.228387,0.532719,9.087762,0.446654,0.175795,0.362412,-0.091830,-0.093552,0.285040,0.000000,-0.038581,0.068411,0.000000,0.000000,0.000000,0.000000
3.3190,0.173853,0.269825,-0.226830,-0.271715,-0.019846,-0.227713,0.531452,9.343605,0.447675,0.173853,0.365825,-0.091830,-0.094733,0.284650,0.000000,-0.039117,0.068106,0.000000,0.000000,0.000000,0.000000
3.3690,0.171884,0.273223,-0.226830,-0.269868,-0.018001,-0.226103,0.529109,10.035788,0.447599,0.171884,0.369223,-0.091830,-0.095911,0.284255,0.000000,-0.039650,0.067796,0.000000,0.000000,0.000000,0.000000
3.4190,0.169888,0.276605,-0.226830,-0.268544,-0.017803,-0.227294,0.528109,10.267761,0.449046,0.169888,0.372605,-0.091830,-0.097086,0.283856,0.000000,-0.040182,0.067483,0.000000,0.000000,0.000000,0.000000
3.4690,0.167866,0.279971,-0.226830,-0.268448,-0.018736,-0.227844,0.528768,10.381666,0.452043,0.167866,0.375971,-0.091830,-0.098258,0.283453,0.000000,-0.040710,0.067165,0.000000,0.000000,0.000000,0.000000
3.5200,0.165776,0.283388,-0.226830,-0.268558,-0.019661,-0.227956,0.529609,10.521951,0.455163,0.165776,0.379388,-0.091830,-0.099451,0.283036,0.000000,-0.041247,0.066837,0.000000,0.000000,0.000000,0.000000
3.5690,0.163742,0.286655,-0.226830,-0.268722,-0.020951,-0.227814,0.530705,10.787120,0.458538,0.163742,0.382655,-0.091830,-0.100594,0.282632,0.000000,-0.041760,0.066517,0.000000,0.000000,0.000000,0.000000
3.6190,0.161641,0.289973,-0.226830,-0.268856,-0.021943,-0.227867,0.531621,10.949338,0.461638,0.161641,0.385973,-0.091830,-0.101757,0.282215,0.000000,-0.042281,0.066187,0.000000,0.000000,0.000000,0.000000
3.6690,0.159514,0.293274,-0.226830,-0.268937,-0.022780,-0.227847,0.532411,11.114368,0.464553,0.159514,0.389274,-0.091830,-0.102918,0.281794,0.000000,-0.042800,0.065853,0.000000,0.000000,0.000000,0.000000
3.7190,0.157361,0.296558,-0.226830,-0.269101,-0.024104,-0.227634,0.533568,11.398357,0.467930,0.157361,0.392558,-0.091830,-0.104075,0.281369,0.000000,-0.043316,0.065515,0.000000,0.000000,0.000000,0.000000
3.7690,0.155182,0.299825,-0.226830,-0.269254,-0.025486,-0.227500,0.534766,11.683944,0.471325,0.155182,0.395825,-0.091830,-0.105230,0.280939,0.000000,-0.043829,0.065173,0.000000,0.000000,0.000000,0.000000
3.8190,0.152978,0.303075,-0.226830,-0.269328,-0.026406,-0.227652,0.535631,11.826098,0.474227,0.152978,0.399075,-0.091830,-0.106383,0.280504,0.000000,-0.044340,0.064827,0.000000,0.000000,0.000000,0.000000
3.8690,0.150748,0.306308,-0.226830,-0.269495,-0.027744,-0.227422,0.536839,12.108463,0.477541,0.150748,0.402308,-0.091830,-0.107532,0.280066,0.000000,-0.044847,0.064476,0.000000,0.000000,0.000000,0.000000
3.9200,0.148448,0.309587,-0.226830,-0.269526,-0.028610,-0.227648,0.537662,12.235037,0.480361,0.148448,0.405587,-0.091830,-0.108702,0.279614,0.000000,-0.045362,0.064115,0.000000,0.000000,0.000000,0.000000
3.9730,0.146030,0.312975,-0.226830,-0.269389,-0.029261,-0.227597,0.538237,12.411054,0.482980,0.146030,0.408975,-0.091830,-0.109914,0.279139,0.000000,-0.045895,0.063735,0.000000,0.000000,0.000000,0.000000
4.0190,0.143908,0.315899,-0.226830,-0.269273,-0.029648,-0.227446,0.538630,12.550190,0.485073,0.143908,0.411899,-0.091830,-0.110964,0.278724,0.000000,-0.046354,0.063402,0.000000,0.000000,0.000000,0.000000
4.0690,0.141578,0.319060,-0.226830,-0.268942,-0.029776,-0.227722,0.538715,12.573611,0.486952,0.141578,0.415060,-0.091830,-0.112103,0.278268,0.000000,-0.046850,0.063036,0.000000,0.000000,0.000000,0.000000
4.1190,0.139223,0.322203,-0.226830,-0.268767,-0.029733,-0.227895,0.538810,12.528346,0.488719,0.139223,0.418203,-0.091830,-0.113238,0.277808,0.000000,-0.047344,0.062666,0.000000,0.000000,0.000000,0.000000
4.1690,0.136843,0.325327,-0.226830,-0.268522,-0.029738,-0.228156,0.538883,12.472900,0.490471,0.136843,0.421327,-0.091830,-0.114372,0.277343,0.000000,-0.047835,0.062292,0.000000,0.000000,0.000000,0.000000
4.2190,0.134439,0.328432,-0.226830,-0.268410,-0.029776,-0.228052,0.539076,12.491688,0.492295,0.134439,0.424432,-0.091830,-0.115502,0.276874,0.000000,-0.048323,0.061915,0.000000,0.000000,0.000000,0.000000
4.2690,0.132011,0.331518,-0.226830,-0.268183,-0.029762,-0.228170,0.539148,12.455508,0.493989,0.132011,0.427518,-0.091830,-0.116630,0.276401,0.000000,-0.048807,0.061533,0.000000,0.000000,0.000000,0.000000
4.3190,0.129559,0.334585,-0.226830,-0.268064,-0.029764,-0.228080,0.539311,12.463083,0.495723,0.129559,0.430585,-0.091830,-0.117755,0.275923,0.000000,-0.049289,0.061148,0.000000,0.000000,0.000000,0.000000
4.3690,0.127082,0.337633,-0.226830,-0.267842,-0.029723,-0.228133,0.539368,12.431187,0.497343,0.127082,0.433633,-0.091830,-0.118877,0.275442,0.000000,-0.049768,0.060759,0.000000,0.000000,0.000000,0.000000
4.4190,0.124582,0.340661,-0.226830,-0.267696,-0.029695,-0.228102,0.539488,12.425625,0.498981,0.124582,0.436661,-0.091830,-0.119997,0.274956,0.000000,-0.050244,0.060366,0.000000,0.000000,0.000000,0.000000
4.4690,0.122058,0.343670,-0.226830,-0.267469,-0.029585,-0.228085,0.539492,12.393378,0.500484,0.122058,0.439670,-0.091830,-0.121114,0.274466,0.000000,-0.050716,0.059970,0.000000,0.000000,0.000000,0.000000
4.5190,0.119511,0.346658,-0.226830,-0.267311,-0.029537,-0.228036,0.539588,12.390259,0.502045,0.119511,0.442658,-0.091830,-0.122229,0.273971,0.000000,-0.051186,0.059570,0.000000,0.000000,0.000000,0.000000
4.5690,0.116940,0.349627,-0.226830,-0.267173,-0.029524,-0.227994,0.539722,12.387327,0.503619,0.116940,0.445627,-0.091830,-0.123341,0.273472,0.000000,-0.051652,0.059166,0.000000,0.000000,0.000000,0.000000
4.6190,0.114345,0.352575,-0.226830,-0.266916,-0.029379,-0.228039,0.539676,12.338844,0.504991,0.114345,0.448575,-0.091830,-0.124450,0.272969,0.000000,-0.052115,0.058758,0.000000,0.000000,0.000000,0.000000
4.6690,0.111728,0.355502,-0.226830,-0.266775,-0.029334,-0.227917,0.539782,12.347316,0.506482,0.111728,0.451502,-0.091830,-0.125556,0.272462,0.000000,-0.052575,0.058347,0.000000,0.000000,0.000000,0.000000
4.7190,0.109088,0.358409,-0.226830,-0.266518,-0.029180,-0.227975,0.539728,12.292834,0.507791,0.109088,0.454409,-0.091830,-0.126660,0.271951,0.000000,-0.053031,0.057932,0.000000,0.000000,0.000000,0.000000
4.7690,0.106425,0.361295,-0.226830,-0.266366,-0.029134,-0.227875,0.539824,12.298960,0.509219,0.106425,0.457295,-0.091830,-0.127761,0.271435,0.000000,-0.053485,0.057514,0.000000,0.000000,0.000000,0.000000
4.8190,0.103740,0.364161,-0.226830,-0.266121,-0.029022,-0.227908,0.539806,12.256610,0.510515,0.103740,0.460161,-0.091830,-0.128860,0.270915,0.000000,-0.053935,0.057092,0.000000,0.000000,0.000000,0.000000
4.8690,0.101032,0.367005,-0.226830,-0.265967,-0.028970,-0.227817,0.539893,12.258968,0.511879,0.101032,0.463005,-0.091830,-0.129956,0.270391,0.000000,-0.054382,0.056667,0.000000,0.000000,0.000000,0.000000
4.9190,0.098301,0.369827,-0.226830,-0.265728,-0.028873,-0.227810,0.539889,12.224940,0.513136,0.098301,0.465827,-0.091830,-0.131049,0.269863,0.000000,-0.054825,0.056238,0.000000,0.000000,0.000000,0.000000
4.9690,0.095549,0.372628,-0.226830,-0.265503,-0.028816,-0.227700,0.539923,12.223230,0.514411,0.095549,0.468628,-0.091830,-0.132140,0.269331,0.000000,-0.055265,0.055806,0.000000,0.000000,0.000000,0.000000
5.0190,0.092775,0.375408,-0.226830,-0.265313,-0.028709,-0.227771,0.539943,12.183324,0.515620,0.092775,0.471408,-0.091830,-0.133228,0.268794,0.000000,-0.055702,0.055370,0.000000,0.000000,0.000000,0.000000
5.0690,0.089979,0.378165,-0.226830,-0.265158,-0.028684,-0.227742,0.540045,12.177344,0.516892,0.089979,0.474165,-0.091830,-0.134313,0.268254,0.000000,-0.056135,0.054931,0.000000,0.000000,0.000000,0.000000
5.1190,0.087162,0.380901,-0.226830,-0.264884,-0.028498,-0.227748,0.539948,12.129340,0.517940,0.087162,0.476901,-0.091830,-0.135396,0.267709,0.000000,-0.056564,0.054488,0.000000,0.000000,0.000000,0.000000
5.1690,0.084323,0.383614,-0.226830,-0.264729,-0.028439,-0.227641,0.540023,12.131906,0.519126,0.084323,0.479614,-0.091830,-0.136476,0.267160,0.000000,-0.056991,0.054042,0.000000,0.000000,0.000000,0.000000
5.2190,0.081463,0.386305,-0.226830,-0.264456,-0.028288,-0.227705,0.539951,12.077089,0.520147,0.081463,0.482305,-0.091830,-0.137553,0.266607,0.000000,-0.057413,0.053593,0.000000,0.000000,0.000000,0.000000
5.2690,0.078581,0.388973,-0.226830,-0.264286,-0.028189,-0.227560,0.539985,12.083963,0.521234,0.078581,0.484973,-0.091830,-0.138628,0.266050,0.000000,-0.057832,0.053141,0.000000,0.000000,0.000000,0.000000
5.3190,0.075679,0.391619,-0.226830,-0.264014,-0.028021,-0.227586,0.539898,12.032058,0.522182,0.075679,0.487619,-0.091830,-0.139700,0.265488,0.000000,-0.058248,0.052685,0.000000,0.000000,0.000000,0.000000
5.3690,0.072757,0.394242,-0.226830,-0.263873,-0.027947,-0.227292,0.539966,12.071251,0.523249,0.072757,0.490242,-0.091830,-0.140769,0.264923,0.000000,-0.058660,0.052226,0.000000,0.000000,0.000000,0.000000
5.4190,0.069813,0.396842,-0.226830,-0.263549,-0.027715,-0.227516,0.539796,11.973458,0.524055,0.069813,0.492842,-0.091830,-0.141836,0.264353,0.000000,-0.059068,0.051763,0.000000,0.000000,0.000000,0.000000
5.4690,0.066850,0.399418,-0.226830,-0.263262,-0.027507,-0.227541,0.539666,11.914098,0.524873,0.066850,0.495418,-0.091830,-0.142900,0.263780,0.000000,-0.059473,0.051298,0.000000,0.000000,0.000000,0.000000
5.5190,0.063866,0.401971,-0.226830,-0.263099,-0.027430,-0.227333,0.539715,11.941081,0.525837,0.063866,0.497971,-0.091830,-0.143961,0.263202,0.000000,-0.059874,0.050829,0.000000,0.000000,0.000000,0.000000
5.5690,0.060863,0.404501,-0.226830,-0.262769,-0.027182,-0.227512,0.539526,11.849539,0.526540,0.060863,0.500501,-0.091830,-0.145019,0.262620,0.000000,-0.060271,0.050357,0.000000,0.000000,0.000000,0.000000
5.6190,0.057839,0.407007,-0.226830,-0.262607,-0.027037,-0.227309,0.539518,11.854245,0.527384,0.057839,0.503007,-0.091830,-0.146075,0.262034,0.000000,-0.060665,0.049882,0.000000,0.000000,0.000000,0.000000
5.6690,0.054796,0.409489,-0.226830,-0.262371,-0.026834,-0.227479,0.539420,11.776320,0.528107,0.054796,0.505489,-0.091830,-0.147128,0.261445,0.000000,-0.061055,0.049404,0.000000,0.000000,0.000000,0.000000
5.7190,0.051734,0.411947,-0.226830,-0.262074,-0.026622,-0.227471,0.539276,11.732724,0.528771,0.051734,0.507947,-0.091830,-0.148179,0.260851,0.000000,-0.061441,0.048923,0.000000,0.000000,0.000000,0.000000
5.7690,0.048652,0.414381,-0.226830,-0.261766,-0.026420,-0.227631,0.539135,11.663144,0.529408,0.048652,0.510381,-0.091830,-0.149226,0.260253,0.000000,-0.061823,0.048439,0.000000,0.000000,0.000000,0.000000
5.8190,0.045551,0.416791,-0.226830,-0.261481,-0.026155,-0.228152,0.538954,11.509740,0.529961,0.045551,0.512791,-0.091830,-0.150271,0.259651,0.000000,-0.062202,0.047952,0.000000,0.000000,0.000000,0.000000
5.8690,0.042432,0.419177,-0.226830,-0.261226,-0.025865,-0.226874,0.538767,11.669129,0.530502,0.042432,0.515177,-0.091830,-0.151313,0.259045,0.000000,-0.062577,0.047462,0.000000,0.000000,0.000000,0.000000
5.9190,0.039294,0.421537,-0.226830,-0.260990,-0.025737,-0.227259,0.538725,11.572490,0.531143,0.039294,0.517537,-0.091830,-0.152353,0.258435,0.000000,-0.062948,0.046969,0.000000,0.000000,0.000000,0.000000
5.9690,0.036137,0.423873,-0.226830,-0.260653,-0.025422,-0.227363,0.538471,11.486110,0.531546,0.036137,0.519873,-0.091830,-0.153390,0.257821,0.000000,-0.063314,0.046473,0.000000,0.000000,0.000000,0.000000
6.0190,0.032962,0.426185,-0.226830,-0.260454,-0.025286,-0.227241,0.538441,11.483911,0.532143,0.032962,0.522185,-0.091830,-0.154423,0.257203,0.000000,-0.063678,0.045975,0.000000,0.000000,0.000000,0.000000
6.0690,0.029770,0.428471,-0.226830,-0.260234,-0.025010,-0.227114,0.538281,11.450060,0.532573,0.029770,0.524471,-0.091830,-0.155455,0.256581,0.000000,-0.064037,0.045473,0.000000,0.000000,0.000000,0.000000
6.1190,0.026559,0.430732,-0.226830,-0.259907,-0.024697,-0.226998,0.538032,11.410064,0.532896,0.026559,0.526732,-0.091830,-0.156483,0.255955,0.000000,-0.064392,0.044969,0.000000,0.000000,0.000000,0.000000
6.1690,0.023330,0.432968,-0.226830,-0.259567,-0.024401,-0.226973,0.537789,11.355556,0.533197,0.023330,0.528968,-0.091830,-0.157508,0.255325,0.000000,-0.064743,0.044462,0.000000,0.000000,0.000000,0.000000
6.2190,0.020085,0.435178,-0.226830,-0.259289,-0.024089,-0.227235,0.537565,11.233459,0.533475,0.020085,0.531178,-0.091830,-0.158531,0.254692,0.000000,-0.065090,0.043952,0.000000,0.000000,0.000000,0.000000
6.2690,0.016821,0.437363,-0.226830,-0.258953,-0.023806,-0.227194,0.537334,11.184131,0.533730,0.016821,0.533363,-0.091830,-0.159551,0.254054,0.000000,-0.065433,0.043439,0.000000,0.000000,0.000000,0.000000
6.3190,0.013541,0.439522,-0.226830,-0.258694,-0.023595,-0.227397,0.537206,11.099230,0.534050,0.013541,0.535522,-0.091830,-0.160568,0.253412,0.000000,-0.065773,0.042924,0.000000,0.000000,0.000000,0.000000
6.3690,0.010244,0.441655,-0.226830,-0.258491,-0.023432,-0.227193,0.537145,11.112590,0.534410,0.010244,0.537655,-0.091830,-0.161583,0.252767,0.000000,-0.066108,0.042406,0.000000,0.000000,0.000000,0.000000
6.4190,0.006931,0.443763,-0.226830,-0.258127,-0.023101,-0.227290,0.536858,11.022759,0.534517,0.006931,0.539763,-0.091830,-0.162594,0.252117,0.000000,-0.066439,0.041886,0.000000,0.000000,0.000000,0.000000
6.4690,0.003600,0.445844,-0.226830,-0.257754,-0.022726,-0.227357,0.536529,10.930745,0.534551,0.003600,0.541844,-0.091830,-0.163603,0.251464,0.000000,-0.066766,0.041363,0.000000,0.000000,0.000000,0.000000
6.5190,0.000254,0.447899,-0.226830,-0.257544,-0.022452,-0.227035,0.536367,10.942153,0.534717,0.000254,0.543899,-0.091830,-0.164608,0.250807,0.000000,-0.067088,0.040837,0.000000,0.000000,0.000000,0.000000
6.5690,-0.003108,0.449927,-0.226830,-0.257181,-0.022106,-0.227012,0.536067,10.877623,0.534721,-0.003108,0.545927,-0.091830,-0.165611,0.250146,0.000000,-0.067407,0.040309,0.000000,0.000000,0.000000,0.000000
6.6190,-0.006487,0.451930,-0.226830,-0.256900,-0.021884,-0.227325,0.535917,10.764484,0.534840,-0.006487,0.547930,-0.091830,-0.166611,0.249481,0.000000,-0.067722,0.039778,0.000000,0.000000,0.000000,0.000000
6.6690,-0.009880,0.453905,-0.226830,-0.256555,-0.021540,-0.227214,0.535627,10.715108,0.534794,-0.009880,0.549905,-0.091830,-0.167608,0.248812,0.000000,-0.068032,0.039245,0.000000,0.000000,0.000000,0.000000
6.7190,-0.013290,0.455854,-0.226830,-0.256289,-0.021321,-0.227365,0.535486,10.641431,0.534861,-0.013290,0.551854,-0.091830,-0.168603,0.248139,0.000000,-0.068338,0.038709,0.000000,0.000000,0.000000,0.000000
6.7690,-0.016714,0.457776,-0.226830,-0.255910,-0.020950,-0.227343,0.535158,10.573986,0.534715,-0.016714,0.553776,-0.091830,-0.169594,0.247463,0.000000,-0.068640,0.038172,0.000000,0.000000,0.000000,0.000000
6.8190,-0.020154,0.459671,-0.226830,-0.255697,-0.020660,-0.226949,0.534975,10.602426,0.534681,-0.020154,0.555671,-0.091830,-0.170582,0.246783,0.000000,-0.068938,0.037631,0.000000,0.000000,0.000000,0.000000
6.8690,-0.023608,0.461539,-0.226830,-0.255402,-0.020409,-0.227307,0.534793,10.469573,0.534617,-0.023608,0.557539,-0.091830,-0.171568,0.246099,0.000000,-0.069231,0.037089,0.000000,0.000000,0.000000,0.000000
6.9190,-0.027077,0.463380,-0.226830,-0.255039,-0.020068,-0.227251,0.534499,10.411358,0.534413,-0.027077,0.559380,-0.091830,-0.172550,0.245411,0.000000,-0.069520,0.036544,0.000000,0.000000,0.000000,0.000000
6.9690,-0.030560,0.465193,-0.226830,-0.254639,-0.019651,-0.227310,0.534121,10.315169,0.534093,-0.030560,0.561193,-0.091830,-0.173530,0.244719,0.000000,-0.069805,0.035997,0.000000,0.000000,0.000000,0.000000
7.0190,-0.034057,0.466980,-0.226830,-0.254383,-0.019443,-0.227324,0.533995,10.276031,0.533993,-0.034057,0.562980,-0.091830,-0.174506,0.244024,0.000000,-0.070086,0.035447,0.000000,0.000000,0.000000,0.000000
7.0690,-0.037568,0.468738,-0.226830,-0.253991,-0.019056,-0.227304,0.533650,10.207037,0.533643,-0.037568,0.564738,-0.091830,-0.175480,0.243324,0.000000,-0.070362,0.034896,0.000000,0.000000,0.000000,0.000000
7.1190,-0.041093,0.470469,-0.226830,-0.253765,-0.018755,-0.226951,0.533450,10.226807,0.533409,-0.041093,0.566469,-0.091830,-0.176451,0.242621,0.000000,-0.070634,0.034342,0.000000,0.000000,0.000000,0.000000
7.1690,-0.044632,0.472172,-0.226830,-0.253355,-0.018335,-0.227018,0.533069,10.129088,0.532961,-0.044632,0.568172,-0.091830,-0.177418,0.241915,0.000000,-0.070901,0.033786,0.000000,0.000000,0.000000,0.000000
7.2190,-0.048183,0.473848,-0.226830,-0.253042,-0.018044,-0.227328,0.532846,10.000709,0.532640,-0.048183,0.569848,-0.091830,-0.178383,0.241204,0.000000,-0.071164,0.033228,0.000000,0.000000,0.000000,0.000000
7.2690,-0.051748,0.475495,-0.226830,-0.252804,-0.017813,-0.227081,0.532707,10.023263,0.532373,-0.051748,0.571495,-0.091830,-0.179345,0.240490,0.000000,-0.071423,0.032668,0.000000,0.000000,0.000000,0.000000
7.3190,-0.055325,0.477115,-0.226830,-0.252407,-0.017369,-0.226937,0.532311,9.971232,0.531816,-0.055325,0.573115,-0.091830,-0.180303,0.239772,0.000000,-0.071678,0.032106,0.000000,0.000000,0.000000,0.000000
7.3690,-0.058916,0.478706,-0.226830,-0.252084,-0.016973,-0.227139,0.531989,9.843290,0.531304,-0.058916,0.574706,-0.091830,-0.181259,0.239051,0.000000,-0.071928,0.031543,0.000000,0.000000,0.000000,0.000000
7.4190,-0.062518,0.480269,-0.226830,-0.251664,-0.016533,-0.227147,0.531590,9.758529,0.530680,-0.062518,0.576269,-0.091830,-0.182212,0.238325,0.000000,-0.072173,0.030977,0.000000,0.000000,0.000000,0.000000
7.4690,-0.066133,0.481803,-0.226830,-0.251231,-0.016083,-0.227206,0.531180,9.661742,0.530012,-0.066133,0.577803,-0.091830,-0.183161,0.237596,0.000000,-0.072414,0.030409,0.000000,0.000000,0.000000,0.000000
7.5190,-0.069759,0.483310,-0.226830,-0.250969,-0.015869,-0.227158,0.531052,9.641726,0.529598,-0.069759,0.579310,-0.091830,-0.184108,0.236864,0.000000,-0.072651,0.029839,0.000000,0.000000,0.000000,0.000000
7.5690,-0.073398,0.484787,-0.226830,-0.250558,-0.015424,-0.227014,0.530657,9.595972,0.528881,-0.073398,0.580787,-0.091830,-0.185051,0.236127,0.000000,-0.072883,0.029268,0.000000,0.000000,0.000000,0.000000
7.6190,-0.077048,0.486236,-0.226830,-0.250237,-0.015028,-0.227109,0.530340,9.497510,0.528216,-0.077048,0.582236,-0.091830,-0.185991,0.235387,0.000000,-0.073110,0.028694,0.000000,0.000000,0.000000,0.000000
7.6690,-0.080709,0.487657,-0.226830,-0.249786,-0.014545,-0.227182,0.529899,9.391407,0.527389,-0.080709,0.583657,-0.091830,-0.186928,0.234644,0.000000,-0.073334,0.028119,0.000000,0.000000,0.000000,0.000000
7.7190,-0.084381,0.489048,-0.226830,-0.249489,-0.014262,-0.227215,0.529700,9.340958,0.526777,-0.084381,0.585048,-0.091830,-0.187863,0.233897,0.000000,-0.073552,0.027542,0.000000,0.000000,0.000000,0.000000
7.7690,-0.088064,0.490411,-0.226830,-0.249233,-0.013936,-0.226940,0.529473,9.344664,0.526108,-0.088064,0.586411,-0.091830,-0.188793,0.233146,0.000000,-0.073766,0.026964,0.000000,0.000000,0.000000,0.000000
7.8190,-0.091757,0.491745,-0.226830,-0.248760,-0.013409,-0.227054,0.528990,9.222815,0.525140,-0.091757,0.587745,-0.091830,-0.189721,0.232392,0.000000,-0.073976,0.026384,0.000000,0.000000,0.000000,0.000000
7.8690,-0.095461,0.493049,-0.226830,-0.248272,-0.012827,-0.227117,0.528453,9.106298,0.524086,-0.095461,0.589049,-0.091830,-0.190646,0.231634,0.000000,-0.074181,0.025802,0.000000,0.000000,0.000000,0.000000
7.9190,-0.099175,0.494325,-0.226830,-0.247963,-0.012550,-0.227227,0.528261,9.035687,0.523352,-0.099175,0.590325,-0.091830,-0.191568,0.230872,0.000000,-0.074381,0.025219,0.000000,0.000000,0.000000,0.000000
7.9690,-0.102899,0.495571,-0.226830,-0.247522,-0.012084,-0.227083,0.527854,9.001778,0.522359,-0.102899,0.591571,-0.091830,-0.192486,0.230107,0.000000,-0.074577,0.024634,0.000000,0.000000,0.000000,0.000000
8.0190,-0.106633,0.496788,-0.226830,-0.247201,-0.011648,-0.227043,0.527510,8.928769,0.521413,-0.106633,0.592788,-0.091830,-0.193401,0.229338,0.000000,-0.074768,0.024047,0.000000,0.000000,0.000000,0.000000
8.0690,-0.110376,0.497976,-0.226830,-0.246709,-0.011109,-0.227136,0.527024,8.816633,0.520275,-0.110376,0.593976,-0.091830,-0.194313,0.228566,0.000000,-0.074954,0.023459,0.000000,0.000000,0.000000,0.000000
8.1190,-0.114128,0.499134,-0.226830,-0.246403,-0.010827,-0.227158,0.526837,8.772212,0.519416,-0.114128,0.595134,-0.091830,-0.195222,0.227790,0.000000,-0.075136,0.022870,0.000000,0.000000,0.000000,0.000000
8.1690,-0.117890,0.500263,-0.226830,-0.246112,-0.010427,-0.226872,0.526541,8.776272,0.518420,-0.117890,0.596263,-0.091830,-0.196127,0.227011,0.000000,-0.075314,0.022279,0.000000,0.000000,0.000000,0.000000
8.2190,-0.121660,0.501362,-0.226830,-0.245590,-0.009864,-0.227084,0.526033,8.634217,0.517159,-0.121660,0.597362,-0.091830,-0.197030,0.226228,0.000000,-0.075486,0.021687,0.000000,0.000000,0.000000,0.000000
8.2690,-0.125438,0.502431,-0.226830,-0.245078,-0.009302,-0.227247,0.525533,8.500951,0.515872,-0.125438,0.598431,-0.091830,-0.197929,0.225442,0.000000,-0.075654,0.021093,0.000000,0.000000,0.000000,0.000000
8.3190,-0.129225,0.503471,-0.226830,-0.244810,-0.009038,-0.226925,0.525381,8.559209,0.514918,-0.129225,0.599471,-0.091830,-0.198825,0.224652,0.000000,-0.075818,0.020498,0.000000,0.000000,0.000000,0.000000
8.3690,-0.133020,0.504481,-0.226830,-0.244434,-0.008550,-0.227063,0.524990,8.438451,0.513694,-0.133020,0.600481,-0.091830,-0.199717,0.223859,0.000000,-0.075976,0.019902,0.000000,0.000000,0.000000,0.000000
8.4190,-0.136823,0.505461,-0.226830,-0.243916,-0.007993,-0.227164,0.524504,8.331305,0.512318,-0.136823,0.601461,-0.091830,-0.200607,0.223063,0.000000,-0.076130,0.019305,0.000000,0.000000,0.000000,0.000000
8.4690,-0.140633,0.506412,-0.226830,-0.243649,-0.007712,-0.226794,0.524343,8.403592,0.511256,-0.140633,0.602412,-0.091830,-0.201493,0.222262,0.000000,-0.076280,0.018706,0.000000,0.000000,0.000000,0.000000
8.5190,-0.144450,0.507332,-0.226830,-0.243116,-0.007071,-0.226875,0.523780,8.285341,0.509737,-0.144450,0.603332,-0.091830,-0.202376,0.221459,0.000000,-0.076424,0.018107,0.000000,0.000000,0.000000,0.000000
8.5690,-0.148275,0.508222,-0.226830,-0.242610,-0.006505,-0.226903,0.523300,8.192167,0.508266,-0.148275,0.604222,-0.091830,-0.203255,0.220652,0.000000,-0.076564,0.017506,0.000000,0.000000,0.000000,0.000000
8.6190,-0.152107,0.509083,-0.226830,-0.242245,-0.006171,-0.227154,0.523079,8.083664,0.507040,-0.152107,0.605083,-0.091830,-0.204131,0.219842,0.000000,-0.076699,0.016904,0.000000,0.000000,0.000000,0.000000
8.6690,-0.155945,0.509913,-0.226830,-0.241764,-0.005629,-0.226888,0.522636,8.096232,0.505534,-0.155945,0.605913,-0.091830,-0.205004,0.219028,0.000000,-0.076830,0.016301,0.000000,0.000000,0.000000,0.000000
8.7190,-0.159790,0.510713,-0.226830,-0.241371,-0.005138,-0.227060,0.522261,7.972224,0.504091,-0.159790,0.606713,-0.091830,-0.205874,0.218211,0.000000,-0.076955,0.015697,0.000000,0.000000,0.000000,0.000000
8.7690,-0.163640,0.511482,-0.226830,-0.240824,-0.004540,-0.227198,0.521763,7.856918,0.502458,-0.163640,0.607482,-0.091830,-0.206740,0.217390,0.000000,-0.077076,0.015092,0.000000,0.000000,0.000000,0.000000
8.8190,-0.167497,0.512222,-0.226830,-0.240542,-0.004218,-0.226780,0.521580,7.945368,0.501141,-0.167497,0.608222,-0.091830,-0.207603,0.216567,0.000000,-0.077192,0.014487,0.000000,0.000000,0.000000,0.000000
8.8690,-0.171360,0.512931,-0.226830,-0.239995,-0.003580,-0.226805,0.521051,7.857585,0.499409,-0.171360,0.608931,-0.091830,-0.208462,0.215739,0.000000,-0.077304,0.013880,0.000000,0.000000,0.000000,0.000000
8.9190,-0.175228,0.513610,-0.226830,-0.239598,-0.003205,-0.227142,0.520808,7.719007,0.497957,-0.175228,0.609610,-0.091830,-0.209318,0.214909,0.000000,-0.077410,0.013272,0.000000,0.000000,0.000000,0.000000
8.9690,-0.179101,0.514258,-0.226830,-0.239292,-0.002835,-0.226798,0.520585,7.779599,0.496499,-0.179101,0.610258,-0.091830,-0.210171,0.214075,0.000000,-0.077512,0.012664,0.000000,0.000000,0.000000,0.000000
9.0190,-0.182979,0.514876,-0.226830,-0.238684,-0.002125,-0.227019,0.519993,7.633874,0.494593,-0.182979,0.610876,-0.091830,-0.211020,0.213238,0.000000,-0.077609,0.012055,0.000000,0.000000,0.000000,0.000000
9.0690,-0.186861,0.515464,-0.226830,-0.238106,-0.001508,-0.227151,0.519505,7.539984,0.492753,-0.186861,0.611464,-0.091830,-0.211866,0.212398,0.000000,-0.077701,0.011445,0.000000,0.000000,0.000000,0.000000
9.1190,-0.190749,0.516021,-0.226830,-0.237807,-0.001141,-0.226711,0.519298,7.638043,0.491208,-0.190749,0.612021,-0.091830,-0.212709,0.211554,0.000000,-0.077789,0.010834,0.000000,0.000000,0.000000,0.000000
9.1690,-0.194640,0.516547,-0.226830,-0.237367,-0.000702,-0.227149,0.519011,7.466305,0.489539,-0.194640,0.612547,-0.091830,-0.213548,0.210707,0.000000,-0.077872,0.010223,0.000000,0.000000,0.000000,0.000000
9.2190,-0.198536,0.517043,-0.226830,-0.236819,-0.000084,-0.226958,0.518542,7.480989,0.487611,-0.198536,0.613043,-0.091830,-0.214383,0.209857,0.000000,-0.077950,0.009611,0.000000,0.000000,0.000000,0.000000
9.2690,-0.202435,0.517508,-0.226830,-0.236419,0.000388,-0.227034,0.518235,7.408256,0.485858,-0.202435,0.613508,-0.091830,-0.215215,0.209003,0.000000,-0.078023,0.008999,0.000000,0.000000,0.000000,0.000000
9.3190,-0.206338,0.517943,-0.226830,-0.235843,0.001000,-0.227131,0.517784,7.330738,0.483877,-0.206338,0.613943,-0.091830,-0.216044,0.208147,0.000000,-0.078091,0.008385,0.000000,0.000000,0.000000,0.000000
9.3690,-0.210244,0.518347,-0.226830,-0.235503,0.001429,-0.226752,0.517535,7.419299,0.482114,-0.210244,0.614347,-0.091830,-0.216869,0.207287,0.000000,-0.078154,0.007772,0.000000,0.000000,0.000000,0.000000
9.4190,-0.214153,0.518720,-0.226830,-0.234864,0.002139,-0.227001,0.516996,7.291099,0.479965,-0.214153,0.614720,-0.091830,-0.217691,0.206424,0.000000,-0.078213,0.007158,0.000000,0.000000,0.000000,0.000000
9.4690,-0.218065,0.519063,-0.226830,-0.234267,0.002765,-0.227094,0.516551,7.233489,0.477876,-0.218065,0.615063,-0.091830,-0.218509,0.205558,0.000000,-0.078267,0.006543,0.000000,0.000000,0.000000,0.000000
9.5190,-0.221980,0.519374,-0.226830,-0.233907,0.003207,-0.226778,0.516305,7.309452,0.476008,-0.221980,0.615374,-0.091830,-0.219323,0.204688,0.000000,-0.078316,0.005928,0.000000,0.000000,0.000000,0.000000
9.5690,-0.225897,0.519655,-0.226830,-0.233464,0.003651,-0.227079,0.516060,7.198226,0.474098,-0.225897,0.615655,-0.091830,-0.220135,0.203816,0.000000,-0.078360,0.005313,0.000000,0.000000,0.000000,0.000000
9.6190,-0.229816,0.519906,-0.226830,-0.232912,0.004313,-0.226700,0.515602,7.287048,0.471890,-0.229816,0.615906,-0.091830,-0.220942,0.202940,0.000000,-0.078399,0.004698,0.000000,0.000000,0.000000,0.000000
9.6690,-0.233737,0.520125,-0.226830,-0.232242,0.005068,-0.226936,0.515059,7.178473,0.469545,-0.233737,0.616125,-0.091830,-0.221746,0.202061,0.000000,-0.078434,0.004082,0.000000,0.000000,0.000000,0.000000
9.7190,-0.237659,0.520314,-0.226830,-0.231889,0.005433,-0.226659,0.514913,7.272007,0.467636,-0.237659,0.616314,-0.091830,-0.222547,0.201179,0.000000,-0.078463,0.003466,0.000000,0.000000,0.000000,0.000000
9.7690,-0.241583,0.520472,-0.226830,-0.231394,0.005992,-0.227054,0.514581,7.116818,0.465493,-0.241583,0.616472,-0.091830,-0.223344,0.200294,0.000000,-0.078488,0.002849,0.000000,0.000000,0.000000,0.000000
9.8190,-0.245508,0.520599,-0.226830,-0.230797,0.006607,-0.226949,0.514202,7.158962,0.463207,-0.245508,0.616599,-0.091830,-0.224137,0.199406,0.000000,-0.078508,0.002233,0.000000,0.000000,0.000000,0.000000
9.8690,-0.249434,0.520695,-0.226830,-0.230379,0.007108,-0.226889,0.513940,7.157142,0.461072,-0.249434,0.616695,-0.091830,-0.224927,0.198515,0.000000,-0.078523,0.001616,0.000000,0.000000,0.000000,0.000000
9.9190,-0.253360,0.520760,-0.226830,-0.229719,0.007784,-0.227056,0.513520,7.112674,0.458661,-0.253360,0.616760,-0.091830,-0.225713,0.197620,0.000000,-0.078533,0.000999,0.000000,0.000000,0.000000,0.000000
9.9690,-0.257287,0.520795,-0.226830,-0.229323,0.008280,-0.226741,0.513277,7.209806,0.456471,-0.257287,0.616795,-0.091830,-0.226495,0.196723,0.000000,-0.078539,0.000382,0.000000,0.000000,0.000000,0.000000
10.0190,-0.261214,0.520799,-0.226830,-0.228631,0.008989,-0.227046,0.512846,7.125899,0.453969,-0.261214,0.616799,-0.091830,-0.227274,0.195823,0.000000,-0.078539,-0.000234,-0.000000,0.000000,0.000000,0.000000
10.0690,-0.265141,0.520771,-0.226830,-0.228267,0.009420,-0.226650,0.512680,7.256342,0.451792,-0.265141,0.616771,-0.091830,-0.228049,0.194919,0.000000,-0.078535,-0.000851,-0.000000,0.000000,0.000000,0.000000
10.1190,-0.269067,0.520713,-0.226830,-0.227530,0.010198,-0.227056,0.512203,7.145488,0.449158,-0.269067,0.616713,-0.091830,-0.228821,0.194013,0.000000,-0.078526,-0.001468,-0.000000,0.000000,0.000000,0.000000
10.1690,-0.272993,0.520625,-0.226830,-0.226938,0.010841,-0.226636,0.511860,7.316825,0.446638,-0.272993,0.616625,-0.091830,-0.229589,0.193103,0.000000,-0.078512,-0.002085,-0.000000,0.000000,0.000000,0.000000
10.2190,-0.276918,0.520505,-0.226830,-0.226402,0.011436,-0.226970,0.511570,7.226324,0.444196,-0.276918,0.616505,-0.091830,-0.230353,0.192191,0.000000,-0.078493,-0.002701,-0.000000,0.000000,0.000000,0.000000
10.2690,-0.280843,0.520355,-0.226830,-0.226037,0.011833,-0.226630,0.511466,7.354215,0.441941,-0.280843,0.616355,-0.091830,-0.231114,0.191276,0.000000,-0.078470,-0.003318,-0.000000,0.000000,0.000000,0.000000
10.3190,-0.284765,0.520173,-0.226830,-0.225279,0.012628,-0.226971,0.511019,7.290137,0.439172,-0.284765,0.616173,-0.091830,-0.231871,0.190357,0.000000,-0.078441,-0.003934,-0.000000,0.000000,0.000000,0.000000
10.3690,-0.288687,0.519961,-0.226830,-0.224672,0.013280,-0.226578,0.510709,7.467023,0.436530,-0.288687,0.615961,-0.091830,-0.232624,0.189436,0.000000,-0.078408,-0.004550,-0.000000,0.000000,0.000000,0.000000
10.4190,-0.292606,0.519718,-0.226830,-0.224114,0.013882,-0.226985,0.510452,7.373646,0.433969,-0.292606,0.615718,-0.091830,-0.233374,0.188512,0.000000,-0.078370,-0.005165,-0.000000,0.000000,0.000000,0.000000
10.4690,-0.296523,0.519445,-0.226830,-0.223490,0.014565,-0.226580,0.510134,7.559174,0.431235,-0.296523,0.615445,-0.091830,-0.234119,0.187585,0.000000,-0.078327,-0.005781,-0.000000,0.000000,0.000000,0.000000
10.5190,-0.300439,0.519140,-0.226830,-0.222962,0.015088,-0.226989,0.509972,7.471692,0.428708,-0.300439,0.615140,-0.091830,-0.234862,0.186655,0.000000,-0.078279,-0.006396,-0.000000,0.000000,0.000000,0.000000
10.5690,-0.304351,0.518805,-0.226830,-0.222549,0.015546,-0.226654,0.509864,7.618182,0.426214,-0.304351,0.614805,-0.091830,-0.235600,0.185722,0.000000,-0.078226,-0.007010,-0.000000,0.000000,0.000000,0.000000
10.6190,-0.308261,0.518439,-0.226830,-0.221776,0.016331,-0.226980,0.509502,7.599840,0.423291,-0.308261,0.614439,-0.091830,-0.236335,0.184786,0.000000,-0.078169,-0.007625,-0.000000,0.000000,0.000000,0.000000
10.6690,-0.312168,0.518043,-0.226830,-0.221114,0.017061,-0.226568,0.509189,7.803517,0.420391,-0.312168,0.614043,-0.091830,-0.237065,0.183848,0.000000,-0.078107,-0.008238,-0.000000,0.000000,0.000000,0.000000
10.7190,-0.316072,0.517615,-0.226830,-0.220587,0.017556,-0.226914,0.509094,7.765025,0.417783,-0.316072,0.613615,-0.091830,-0.237792,0.182906,0.000000,-0.078039,-0.008851,-0.000000,0.000000,0.000000,0.000000
10.7690,-0.319972,0.517157,-0.226830,-0.220097,0.018111,-0.226822,0.508943,7.841294,0.415080,-0.319972,0.613157,-0.091830,-0.238516,0.181962,0.000000,-0.077968,-0.009464,-0.000000,0.000000,0.000000,0.000000
10.8190,-0.323868,0.516669,-0.226830,-0.219401,0.018829,-0.226577,0.508683,8.020480,0.412109,-0.323868,0.612669,-0.091830,-0.239235,0.181015,0.000000,-0.077891,-0.010076,-0.000000,0.000000,0.000000,0.000000
10.8690,-0.327761,0.516150,-0.226830,-0.218600,0.019668,-0.226820,0.508341,8.047477,0.408992,-0.327761,0.612150,-0.091830,-0.239951,0.180065,0.000000,-0.077809,-0.010688,-0.000000,0.000000,0.000000,0.000000
10.9190,-0.331649,0.515600,-0.226830,-0.218150,0.020150,-0.226508,0.508284,8.213213,0.406279,-0.331649,0.611600,-0.091830,-0.240663,0.179113,0.000000,-0.077723,-0.011298,-0.000000,0.000000,0.000000,0.000000
10.9690,-0.335533,0.515020,-0.226830,-0.217600,0.020656,-0.226879,0.508236,8.190320,0.403527,-0.335533,0.611020,-0.091830,-0.241371,0.178157,0.000000,-0.077632,-0.011908,-0.000000,0.000000,0.000000,0.000000
11.0190,-0.339412,0.514409,-0.226830,-0.216878,0.021451,-0.226533,0.507959,8.396727,0.400365,-0.339412,0.610409,-0.091830,-0.242075,0.177199,0.000000,-0.077536,-0.012518,-0.000000,0.000000,0.000000,0.000000
11.0690,-0.343287,0.513768,-0.226830,-0.216368,0.021946,-0.226564,0.507935,8.477156,0.397564,-0.343287,0.609768,-0.091830,-0.242776,0.176239,0.000000,-0.077435,-0.013126,-0.000000,0.000000,0.000000,0.000000
11.1190,-0.347156,0.513097,-0.226830,-0.215513,0.022825,-0.226844,0.507638,8.533558,0.394267,-0.347156,0.609097,-0.091830,-0.243472,0.175275,0.000000,-0.077330,-0.013734,-0.000000,0.000000,0.000000,0.000000
11.1690,-0.351020,0.512395,-0.226830,-0.215071,0.023283,-0.226496,0.507654,8.710668,0.391450,-0.351020,0.608395,-0.091830,-0.244165,0.174309,0.000000,-0.077219,-0.014341,-0.000000,0.000000,0.000000,0.000000
11.2190,-0.354878,0.511663,-0.226830,-0.214244,0.024053,-0.226821,0.507485,8.773514,0.388218,-0.354878,0.607663,-0.091830,-0.244854,0.173340,0.000000,-0.077104,-0.014947,-0.000000,0.000000,0.000000,0.000000
11.2690,-0.358730,0.510900,-0.226830,-0.213493,0.024854,-0.226506,0.507281,8.989950,0.384916,-0.358730,0.606900,-0.091830,-0.245539,0.172368,0.000000,-0.076985,-0.015552,-0.000000,0.000000,0.000000,0.000000
11.3190,-0.362576,0.510107,-0.226830,-0.212969,0.025358,-0.226503,0.507311,9.092926,0.381975,-0.362576,0.606107,-0.091830,-0.246220,0.171394,0.000000,-0.076860,-0.016156,-0.000000,0.000000,0.000000,0.000000
11.3690,-0.366416,0.509285,-0.226830,-0.212089,0.026207,-0.226740,0.507130,9.203059,0.378573,-0.366416,0.605285,-0.091830,-0.246897,0.170417,0.000000,-0.076731,-0.016759,-0.000000,0.000000,0.000000,0.000000
11.4190,-0.370249,0.508432,-0.226830,-0.211619,0.026706,-0.226419,0.507172,9.375558,0.375585,-0.370249,0.604432,-0.091830,-0.247570,0.169437,0.000000,-0.076597,-0.017362,-0.000000,0.000000,0.000000,0.000000
11.4690,-0.374075,0.507548,-0.226830,-0.211071,0.027224,-0.226447,0.507230,9.484078,0.372553,-0.374075,0.603548,-0.091830,-0.248239,0.168455,0.000000,-0.076458,-0.017963,-0.000000,0.000000,0.000000,0.000000
11.5190,-0.377895,0.506635,-0.226830,-0.210192,0.028072,-0.226996,0.507097,9.493729,0.369108,-0.377895,0.602635,-0.091830,-0.248905,0.167471,0.000000,-0.076315,-0.018563,-0.000000,0.000000,0.000000,0.000000
11.5690,-0.381707,0.505692,-0.226830,-0.209714,0.028549,-0.226621,0.507196,9.693207,0.366060,-0.381707,0.601692,-0.091830,-0.249566,0.166483,0.000000,-0.076167,-0.019161,-0.000000,0.000000,0.000000,0.000000
11.6190,-0.385511,0.504719,-0.226830,-0.208877,0.029339,-0.226580,0.507135,9.890941,0.362588,-0.385511,0.600719,-0.091830,-0.250224,0.165493,0.000000,-0.076014,-0.019759,-0.000000,0.000000,0.000000,0.000000
11.6690,-0.389308,0.503716,-0.226830,-0.207966,0.030206,-0.226883,0.507048,10.006299,0.359024,-0.389308,0.599716,-0.091830,-0.250877,0.164501,0.000000,-0.075856,-0.020355,-0.000000,0.000000,0.000000,0.000000
11.7190,-0.393097,0.502684,-0.226830,-0.207459,0.030716,-0.226512,0.507164,10.213287,0.355864,-0.393097,0.598684,-0.091830,-0.251527,0.163506,0.000000,-0.075694,-0.020951,-0.000000,0.000000,0.000000,0.000000
11.7690,-0.396877,0.501621,-0.226830,-0.206601,0.031517,-0.226501,0.507152,10.413342,0.352307,-0.396877,0.597621,-0.091830,-0.252173,0.162508,0.000000,-0.075527,-0.021544,-0.000000,0.000000,0.000000,0.000000
11.8190,-0.400650,0.500529,-0.226830,-0.206012,0.032035,-0.226737,0.507317,10.488827,0.349117,-0.400650,0.596529,-0.091830,-0.252814,0.161508,0.000000,-0.075356,-0.022137,-0.000000,0.000000,0.000000,0.000000
11.8690,-0.404413,0.499408,-0.226830,-0.205165,0.032865,-0.226515,0.507308,10.726895,0.345474,-0.404413,0.595408,-0.091830,-0.253452,0.160506,0.000000,-0.075179,-0.022728,-0.000000,0.000000,0.000000,0.000000
11.9190,-0.408167,0.498256,-0.226830,-0.204593,0.033389,-0.226491,0.507489,10.869111,0.342216,-0.408167,0.594256,-0.091830,-0.254086,0.159501,0.000000,-0.074999,-0.023318,-0.000000,0.000000,0.000000,0.000000
11.9690,-0.411913,0.497076,-0.226830,-0.203995,0.033946,-0.226490,0.507660,11.012545,0.338897,-0.411913,0.593076,-0.091830,-0.254715,0.158493,0.000000,-0.074813,-0.023906,-0.000000,0.000000,0.000000,0.000000
12.0190,-0.415649,0.495866,-0.226830,-0.203058,0.034785,-0.226856,0.507731,11.143126,0.335204,-0.415649,0.591866,-0.091830,-0.255341,0.157483,0.000000,-0.074623,-0.024493,-0.000000,0.000000,0.000000,0.000000
12.0690,-0.419375,0.494627,-0.226830,-0.202219,0.035588,-0.226433,0.507812,11.439450,0.331477,-0.419375,0.590627,-0.091830,-0.255963,0.156471,0.000000,-0.074428,-0.025078,-0.000000,0.000000,0.000000,0.000000
12.1190,-0.423091,0.493358,-0.226830,-0.201613,0.036135,-0.226449,0.508041,11.585795,0.328102,-0.423091,0.589358,-0.091830,-0.256580,0.155456,0.000000,-0.074229,-0.025662,-0.000000,0.000000,0.000000,0.000000
12.1690,-0.426798,0.492060,-0.226830,-0.201016,0.036668,-0.226448,0.508291,11.731792,0.324720,-0.426798,0.588060,-0.091830,-0.257194,0.154439,0.000000,-0.074025,-0.026244,-0.000000,0.000000,0.000000,0.000000
12.2190,-0.430494,0.490734,-0.226830,-0.200110,0.037481,-0.226451,0.508443,11.953119,0.320940,-0.430494,0.586734,-0.091830,-0.257803,0.153420,0.000000,-0.073817,-0.026825,-0.000000,0.000000,0.000000,0.000000
12.2690,-0.434179,0.489378,-0.226830,-0.199163,0.038294,-0.226738,0.508635,12.123402,0.317157,-0.434179,0.585378,-0.091830,-0.258408,0.152398,0.000000,-0.073604,-0.027404,-0.000000,0.000000,0.000000,0.000000
12.3190,-0.437854,0.487993,-0.226830,-0.198483,0.038926,-0.226793,0.508881,12.277456,0.313597,-0.437854,0.583993,-0.091830,-0.259010,0.151374,0.000000,-0.073386,-0.027981,-0.000000,0.000000,0.000000,0.000000
12.3690,-0.441518,0.486580,-0.226830,-0.197633,0.039693,-0.226403,0.509105,12.573631,0.309773,-0.441518,0.582580,-0.091830,-0.259607,0.150347,0.000000,-0.073164,-0.028557,-0.000000,0.000000,0.000000,0.000000
12.4190,-0.445171,0.485138,-0.226830,-0.196989,0.040263,-0.226417,0.509419,12.736615,0.306239,-0.445171,0.581138,-0.091830,-0.260200,0.149318,0.000000,-0.072938,-0.029130,-0.000000,0.000000,0.000000,0.000000
12.4690,-0.448812,0.483667,-0.226830,-0.196050,0.041078,-0.226415,0.509680,12.974749,0.302343,-0.448812,0.579667,-0.091830,-0.260789,0.148287,0.000000,-0.072707,-0.029702,-0.000000,0.000000,0.000000,0.000000
12.5190,-0.452441,0.482167,-0.226830,-0.195425,0.041614,-0.226411,0.510044,13.133920,0.298806,-0.452441,0.578167,-0.091830,-0.261374,0.147253,0.000000,-0.072471,-0.030272,-0.000000,0.000000,0.000000,0.000000
12.5690,-0.456059,0.480640,-0.226830,-0.194798,0.042150,-0.226404,0.510422,13.295108,0.295247,-0.456059,0.576640,-0.091830,-0.261955,0.146218,0.000000,-0.072231,-0.030841,-0.000000,0.000000,0.000000,0.000000
12.6190,-0.459664,0.479083,-0.226830,-0.193839,0.042973,-0.226393,0.510740,13.543666,0.291278,-0.459664,0.575083,-0.091830,-0.262532,0.145180,0.000000,-0.071987,-0.031407,-0.000000,0.000000,0.000000,0.000000
12.6690,-0.463257,0.477499,-0.226830,-0.192870,0.043798,-0.226391,0.511083,13.794409,0.287284,-0.463257,0.573499,-0.091830,-0.263104,0.144139,0.000000,-0.071738,-0.031971,-0.000000,0.000000,0.000000,0.000000
12.7190,-0.466838,0.475886,-0.226830,-0.192228,0.044338,-0.226376,0.511512,13.963445,0.283659,-0.466838,0.571886,-0.091830,-0.263673,0.143097,0.000000,-0.071485,-0.032534,-0.000000,0.000000,0.000000,0.000000
12.7690,-0.470406,0.474246,-0.226830,-0.191563,0.044902,-0.226394,0.511946,14.134040,0.279989,-0.470406,0.570246,-0.091830,-0.264237,0.142052,0.000000,-0.071227,-0.033094,-0.000000,0.000000,0.000000,0.000000
12.8190,-0.473961,0.472577,-0.226830,-0.190596,0.045698,-0.226391,0.512369,14.385441,0.275970,-0.473961,0.568577,-0.091830,-0.264797,0.141005,0.000000,-0.070965,-0.033653,-0.000000,0.000000,0.000000,0.000000
12.8690,-0.477502,0.470880,-0.226830,-0.189925,0.046262,-0.226374,0.512837,14.565484,0.272258,-0.477502,0.566880,-0.091830,-0.265353,0.139956,0.000000,-0.070698,-0.034209,-0.000000,0.000000,0.000000,0.000000
12.9190,-0.481030,0.469156,-0.226830,-0.188927,0.047084,-0.226362,0.513293,14.830586,0.268165,-0.481030,0.565156,-0.091830,-0.265905,0.138905,0.000000,-0.070427,-0.034763,-0.000000,0.000000,0.000000,0.000000
12.9690,-0.484545,0.467404,-0.226830,-0.188263,0.047623,-0.226351,0.513808,15.007181,0.264444,-0.484545,0.563404,-0.091830,-0.266452,0.137852,0.000000,-0.070152,-0.035315,-0.000000,0.000000,0.000000,0.000000
13.0190,-0.488045,0.465625,-0.226830,-0.187250,0.048444,-0.226349,0.514313,15.275696,0.260316,-0.488045,0.561625,-0.091830,-0.266996,0.136796,0.000000,-0.069873,-0.035865,-0.000000,0.000000,0.000000,0.000000
13.0690,-0.491532,0.463818,-0.226830,-0.186578,0.048982,-0.226340,0.514865,15.455176,0.256560,-0.491532,0.559818,-0.091830,-0.267535,0.135739,0.000000,-0.069589,-0.036413,-0.000000,0.000000,0.000000,0.000000
13.1190,-0.495004,0.461983,-0.226830,-0.185551,0.049805,-0.226330,0.515416,15.730519,0.252391,-0.495004,0.557983,-0.091830,-0.268070,0.134679,0.000000,-0.069301,-0.036958,-0.000000,0.000000,0.000000,0.000000
13.1690,-0.498462,0.460122,-0.226830,-0.184517,0.050625,-0.226319,0.515994,16.008155,0.248207,-0.498462,0.556122,-0.091830,-0.268601,0.133617,0.000000,-0.069008,-0.037501,-0.000000,0.000000,0.000000,0.000000
13.2190,-0.501905,0.458233,-0.226830,-0.183824,0.051168,-0.226322,0.516602,16.192776,0.244392,-0.501905,0.554233,-0.091830,-0.269127,0.132553,0.000000,-0.068712,-0.038042,-0.000000,0.000000,0.000000,0.000000
13.2690,-0.505333,0.456318,-0.226830,-0.182772,0.051991,-0.226302,0.517230,16.478372,0.240167,-0.505333,0.552318,-0.091830,-0.269650,0.131488,0.000000,-0.068411,-0.038581,-0.000000,0.000000,0.000000,0.000000
13.3190,-0.508746,0.454375,-0.226830,-0.182065,0.052533,-0.226315,0.517878,16.666008,0.236321,-0.508746,0.550375,-0.091830,-0.270168,0.130420,0.000000,-0.068106,-0.039117,-0.000000,0.000000,0.000000,0.000000
13.3690,-0.512144,0.452406,-0.226830,-0.180998,0.053358,-0.226290,0.518554,16.957983,0.232059,-0.512144,0.548406,-0.091830,-0.270682,0.129350,0.000000,-0.067796,-0.039650,-0.000000,0.000000,0.000000,0.000000
13.4190,-0.515526,0.450410,-0.226830,-0.180287,0.053899,-0.226278,0.519237,17.151011,0.228180,-0.515526,0.546410,-0.091830,-0.271191,0.128278,0.000000,-0.067483,-0.040182,-0.000000,0.000000,0.000000,0.000000
13.4690,-0.518892,0.448388,-0.226830,-0.179204,0.054721,-0.226255,0.519964,17.447340,0.223888,-0.518892,0.544388,-0.091830,-0.271697,0.127204,0.000000,-0.067165,-0.040710,-0.000000,0.000000,0.000000,0.000000
13.5190,-0.522242,0.446339,-0.226830,-0.178474,0.055267,-0.226267,0.520686,17.643260,0.219975,-0.522242,0.542339,-0.091830,-0.272198,0.126128,0.000000,-0.066843,-0.041237,-0.000000,0.000000,0.000000,0.000000
13.5690,-0.525576,0.444264,-0.226830,-0.177732,0.055831,-0.226249,0.521418,17.847869,0.216024,-0.525576,0.540264,-0.091830,-0.272695,0.125050,0.000000,-0.066517,-0.041760,-0.000000,0.000000,0.000000,0.000000
13.6190,-0.528894,0.442163,-0.226830,-0.176627,0.056651,-0.226227,0.522219,18.150909,0.211689,-0.528894,0.538163,-0.091830,-0.273187,0.123971,0.000000,-0.066187,-0.042281,-0.000000,0.000000,0.000000,0.000000
13.6690,-0.532195,0.440036,-0.226830,-0.175525,0.057452,-0.226226,0.523053,18.449016,0.207367,-0.532195,0.536036,-0.091830,-0.273675,0.122889,0.000000,-0.065853,-0.042800,-0.000000,0.000000,0.000000,0.000000
13.7190,-0.535479,0.437883,-0.226830,-0.174763,0.058018,-0.226194,0.523846,18.662447,0.203368,-0.535479,0.533883,-0.091830,-0.274159,0.121806,0.000000,-0.065515,-0.043316,-0.000000,0.000000,0.000000,0.000000
13.7690,-0.538746,0.435705,-0.226830,-0.174001,0.058572,-0.226203,0.524660,18.869178,0.199379,-0.538746,0.531705,-0.091830,-0.274639,0.120720,0.000000,-0.065173,-0.043829,-0.000000,0.000000,0.000000,0.000000
13.8190,-0.541996,0.433501,-0.226830,-0.172938,0.059302,-0.226222,0.525575,19.150925,0.195112,-0.541996,0.529501,-0.091830,-0.275114,0.119633,0.000000,-0.064827,-0.044340,-0.000000,0.000000,0.000000,0.000000
13.8690,-0.545229,0.431271,-0.226830,-0.172576,0.059212,-0.226492,0.526591,19.151031,0.191894,-0.545229,0.527271,-0.091830,-0.275586,0.118544,0.000000,-0.064476,-0.044847,-0.000000,0.000000,0.000000,0.000000
13.9190,-0.548444,0.429016,-0.226830,-0.172796,0.058670,-0.226370,0.527511,19.039571,0.189198,-0.548444,0.525016,-0.091830,-0.276052,0.117453,0.000000,-0.064122,-0.045352,-0.000000,0.000000,0.000000,0.000000
13.9690,-0.551641,0.426736,-0.226830,-0.173547,0.057350,-0.226320,0.528584,18.707762,0.187404,-0.551641,0.522736,-0.091830,-0.276515,0.116360,0.000000,-0.063764,-0.045855,-0.000000,0.000000,0.000000,0.000000
14.0190,-0.554820,0.424430,-0.226830,-0.174131,0.056403,-0.226149,0.529499,18.479001,0.185170,-0.554820,0.520430,-0.091830,-0.276973,0.115266,0.000000,-0.063402,-0.046354,-0.000000,0.000000,0.000000,0.000000
14.0690,-0.557981,0.422100,-0.226830,-0.174846,0.055089,-0.226178,0.530556,18.145816,0.183348,-0.557981,0.518100,-0.091830,-0.277426,0.114169,0.000000,-0.063036,-0.046850,-0.000000,0.000000,0.000000,0.000000
14.1190,-0.561124,0.419745,-0.226830,-0.175279,0.054265,-0.226201,0.531462,17.937384,0.180970,-0.561124,0.515745,-0.091830,-0.277876,0.113071,0.000000,-0.062666,-0.047344,-0.000000,0.000000,0.000000,0.000000
14.1690,-0.564248,0.417366,-0.226830,-0.175560,0.053611,-0.226194,0.532350,17.782465,0.178364,-0.564248,0.513366,-0.091830,-0.278321,0.111971,0.000000,-0.062292,-0.047835,-0.000000,0.000000,0.000000,0.000000
14.2190,-0.567353,0.414962,-0.226830,-0.176184,0.052366,-0.226333,0.533375,17.455101,0.176440,-0.567353,0.510962,-0.091830,-0.278761,0.110870,0.000000,-0.061915,-0.048323,-0.000000,0.000000,0.000000,0.000000
14.2690,-0.570439,0.412534,-0.226830,-0.176963,0.051002,-0.226071,0.534350,17.142470,0.174563,-0.570439,0.508534,-0.091830,-0.279198,0.109767,0.000000,-0.061533,-0.048807,-0.000000,0.000000,0.000000,0.000000
14.3190,-0.573506,0.410081,-0.226830,-0.177272,0.050285,-0.226131,0.535215,16.966514,0.172007,-0.573506,0.506081,-0.091830,-0.279629,0.108662,0.000000,-0.061148,-0.049289,-0.000000,0.000000,0.000000,0.000000
14.3690,-0.576554,0.407605,-0.226830,-0.177522,0.049657,-0.226089,0.536054,16.827653,0.169315,-0.576554,0.503605,-0.091830,-0.280057,0.107555,0.000000,-0.060759,-0.049768,-0.000000,0.000000,0.000000,0.000000
14.4190,-0.579582,0.405105,-0.226830,-0.178086,0.048436,-0.226158,0.537040,16.530226,0.167286,-0.579582,0.501105,-0.091830,-0.280480,0.106447,0.000000,-0.060366,-0.050244,-0.000000,0.000000,0.000000,0.000000
14.4690,-0.582590,0.402581,-0.226830,-0.178512,0.047576,-0.226213,0.537874,16.306696,0.164874,-0.582590,0.498581,-0.091830,-0.280899,0.105337,0.000000,-0.059970,-0.050716,-0.000000,0.000000,0.000000,0.000000
14.5190,-0.585579,0.400033,-0.226830,-0.179160,0.046259,-0.226210,0.538826,15.987923,0.162921,-0.585579,0.496033,-0.091830,-0.281313,0.104225,0.000000,-0.059570,-0.051186,-0.000000,0.000000,0.000000,0.000000
14.5690,-0.588547,0.397462,-0.226830,-0.179556,0.045413,-0.226180,0.539642,15.789475,0.160444,-0.588547,0.493462,-0.091830,-0.281723,0.103112,0.000000,-0.059166,-0.051652,-0.000000,0.000000,0.000000,0.000000
14.6190,-0.591495,0.394868,-0.226830,-0.180175,0.044108,-0.226152,0.540571,15.486006,0.158444,-0.591495,0.490868,-0.091830,-0.282129,0.101997,0.000000,-0.058758,-0.052115,-0.000000,0.000000,0.000000,0.000000
14.6690,-0.594423,0.392251,-0.226830,-0.180704,0.042887,-0.226270,0.541497,15.180585,0.156373,-0.594423,0.488251,-0.091830,-0.282530,0.100881,0.000000,-0.058347,-0.052575,-0.000000,0.000000,0.000000,0.000000
14.7190,-0.597330,0.389610,-0.226830,-0.181053,0.042106,-0.226152,0.542260,15.016195,0.153769,-0.597330,0.485610,-0.091830,-0.282926,0.099763,0.000000,-0.057932,-0.053031,-0.000000,0.000000,0.000000,0.000000
14.7690,-0.600216,0.386948,-0.226830,-0.181298,0.041425,-0.226243,0.543027,14.848387,0.151099,-0.600216,0.482948,-0.091830,-0.283319,0.098644,0.000000,-0.057514,-0.053485,-0.000000,0.000000,0.000000,0.000000
14.8190,-0.603081,0.384262,-0.226830,-0.181842,0.040184,-0.226154,0.543905,14.575599,0.148965,-0.603081,0.480262,-0.091830,-0.283706,0.097523,0.000000,-0.057092,-0.053935,-0.000000,0.000000,0.000000,0.000000
14.8700,-0.605982,0.381500,-0.226830,-0.182642,0.038650,-0.225884,0.544760,14.249015,0.147045,-0.605982,0.477500,-0.091830,-0.284097,0.096378,0.000000,-0.056658,-0.054390,-0.000000,0.000000,0.000000,0.000000
14.9190,-0.608748,0.378824,-0.226830,-0.182863,0.037923,-0.226201,0.545520,14.040640,0.144531,-0.608748,0.474824,-0.091830,-0.284469,0.095276,0.000000,-0.056238,-0.054825,-0.000000,0.000000,0.000000,0.000000
14.9690,-0.611549,0.376072,-0.226830,-0.183070,0.037271,-0.226188,0.546242,13.904760,0.141770,-0.611549,0.472072,-0.091830,-0.284843,0.094151,0.000000,-0.055806,-0.055265,-0.000000,0.000000,0.000000,0.000000
15.0190,-0.614329,0.373297,-0.226830,-0.183606,0.036003,-0.226131,0.547074,13.624692,0.139643,-0.614329,0.469297,-0.091830,-0.285213,0.093024,0.000000,-0.055370,-0.055702,-0.000000,0.000000,0.000000,0.000000
15.0690,-0.617086,0.370502,-0.226830,-0.184052,0.035032,-0.226065,0.547776,13.411364,0.137217,-0.617086,0.466502,-0.091830,-0.285579,0.091896,0.000000,-0.054931,-0.056135,-0.000000,0.000000,0.000000,0.000000
15.1190,-0.619822,0.367684,-0.226830,-0.184103,0.033581,-0.225312,0.549070,13.235122,0.134819,-0.619822,0.463684,-0.091830,-0.285940,0.090766,0.000000,-0.054488,-0.056564,-0.000000,0.000000,0.000000,0.000000
15.1690,-0.622535,0.364845,-0.226830,-0.184471,0.032156,-0.225264,0.550077,12.918687,0.132751,-0.622535,0.460845,-0.091830,-0.286296,0.089635,0.000000,-0.054042,-0.056991,-0.000000,0.000000,0.000000,0.000000
15.2240,-0.625494,0.361698,-0.226830,-0.184954,0.031166,-0.225239,0.550753,12.676734,0.130013,-0.625494,0.457698,-0.091830,-0.286683,0.088389,0.000000,-0.053548,-0.057455,-0.000000,0.000000,0.000000,0.000000
15.2690,-0.627894,0.359104,-0.226830,-0.185813,0.029745,-0.225132,0.551285,12.331577,0.128426,-0.627894,0.455104,-0.091830,-0.286996,0.087369,0.000000,-0.053141,-0.057832,-0.000000,0.000000,0.000000,0.000000
15.3190,-0.630540,0.356202,-0.226830,-0.186520,0.028837,-0.225031,0.551657,12.107602,0.126002,-0.630540,0.452202,-0.091830,-0.287339,0.086234,0.000000,-0.052685,-0.058248,-0.000000,0.000000,0.000000,0.000000
15.3690,-0.633163,0.353279,-0.226830,-0.187688,0.027585,-0.225121,0.551840,11.737962,0.124103,-0.633163,0.449279,-0.091830,-0.287678,0.085097,0.000000,-0.052226,-0.058660,-0.000000,0.000000,0.000000,0.000000
15.4200,-0.635814,0.350277,-0.226830,-0.188550,0.026669,-0.225201,0.552060,11.469205,0.121738,-0.635814,0.446277,-0.091830,-0.288019,0.083936,0.000000,-0.051754,-0.059076,-0.000000,0.000000,0.000000,0.000000
15.4750,-0.638647,0.347015,-0.226830,-0.189898,0.025355,-0.225113,0.552126,11.122194,0.119540,-0.638647,0.443015,-0.091830,-0.288381,0.082683,0.000000,-0.051242,-0.059521,-0.000000,0.000000,0.000000,0.000000
15.5200,-0.640943,0.344329,-0.226830,-0.190775,0.024567,-0.225083,0.552179,10.912130,0.117434,-0.640943,0.440329,-0.091830,-0.288673,0.081657,0.000000,-0.050820,-0.059882,-0.000000,0.000000,0.000000,0.000000
15.5690,-0.643422,0.341385,-0.226830,-0.192262,0.023247,-0.224769,0.552052,10.636770,0.115596,-0.643422,0.437385,-0.091830,-0.288987,0.080538,0.000000,-0.050357,-0.060271,-0.000000,0.000000,0.000000,0.000000
15.6190,-0.645928,0.338362,-0.226830,-0.193030,0.022573,-0.225073,0.552124,10.417007,0.113160,-0.645928,0.434362,-0.091830,-0.289303,0.079395,0.000000,-0.049882,-0.060665,-0.000000,0.000000,0.000000,0.000000
15.6690,-0.648410,0.335319,-0.226830,-0.194456,0.021345,-0.224707,0.551958,10.229106,0.111127,-0.648410,0.431319,-0.091830,-0.289615,0.078251,0.000000,-0.049404,-0.061055,-0.000000,0.000000,0.000000,0.000000
15.7190,-0.650868,0.332256,-0.226830,-0.195334,0.020583,-0.224686,0.551957,10.088139,0.108670,-0.650868,0.428256,-0.091830,-0.289922,0.077106,0.000000,-0.048923,-0.061441,-0.000000,0.000000,0.000000,0.000000
15.7700,-0.653351,0.329113,-0.226830,-0.195941,0.020216,-0.225346,0.551944,9.886189,0.106045,-0.653351,0.425113,-0.091830,-0.290230,0.075936,0.000000,-0.048430,-0.061831,-0.000000,0.000000,0.000000,0.000000
15.8240,-0.655952,0.325763,-0.226830,-0.195467,0.020651,-0.225651,0.552395,9.910081,0.102088,-0.655952,0.421763,-0.091830,-0.290552,0.074696,0.000000,-0.047903,-0.062240,-0.000000,0.000000,0.000000,0.000000
15.8710,-0.658192,0.322829,-0.226830,-0.194699,0.021277,-0.225937,0.552956,10.008106,0.098390,-0.658192,0.418829,-0.091830,-0.290827,0.073616,0.000000,-0.047443,-0.062592,-0.000000,0.000000,0.000000,0.000000
15.9200,-0.660505,0.319753,-0.226830,-0.194641,0.020970,-0.225970,0.553446,9.965014,0.095455,-0.660505,0.415753,-0.091830,-0.291110,0.072489,0.000000,-0.046959,-0.062955,-0.000000,0.000000,0.000000,0.000000
15.9700,-0.662841,0.316596,-0.226830,-0.195413,0.019091,-0.225903,0.554075,9.650043,0.093928,-0.662841,0.412596,-0.091830,-0.291395,0.071338,0.000000,-0.046463,-0.063322,-0.000000,0.000000,0.000000,0.000000
16.0270,-0.665473,0.312975,-0.226830,-0.196087,0.017545,-0.225862,0.554620,9.394566,0.091679,-0.665473,0.408975,-0.091830,-0.291713,0.070025,0.000000,-0.045895,-0.063735,-0.000000,0.000000,0.000000,0.000000
16.0690,-0.667392,0.310292,-0.226830,-0.196923,0.015556,-0.225674,0.555168,9.122962,0.090710,-0.667392,0.406292,-0.091830,-0.291944,0.069056,0.000000,-0.045473,-0.064037,-0.000000,0.000000,0.000000,0.000000
16.1190,-0.669653,0.307081,-0.226830,-0.197554,0.014534,-0.225141,0.555396,9.112101,0.088227,-0.669653,0.403081,-0.091830,-0.292215,0.067901,0.000000,-0.044969,-0.064392,-0.000000,0.000000,0.000000,0.000000
16.1690,-0.671889,0.303853,-0.226830,-0.198456,0.013071,-0.224864,0.555605,8.948600,0.086315,-0.671889,0.399853,-0.091830,-0.292481,0.066746,0.000000,-0.044462,-0.064743,-0.000000,0.000000,0.000000,0.000000
16.2230,-0.674275,0.300347,-0.226830,-0.199145,0.012089,-0.224809,0.555738,8.806638,0.083861,-0.674275,0.396347,-0.091830,-0.292763,0.065497,0.000000,-0.043911,-0.065118,-0.000000,0.000000,0.000000,0.000000
16.2690,-0.676284,0.297344,-0.226830,-0.199800,0.011187,-0.224864,0.555811,8.689329,0.081923,-0.676284,0.393344,-0.091830,-0.292999,0.064432,0.000000,-0.043439,-0.065433,-0.000000,0.000000,0.000000,0.000000
16.3190,-0.678443,0.294064,-0.226830,-0.200901,0.010076,-0.224750,0.555607,8.572522,0.079940,-0.678443,0.390064,-0.091830,-0.293251,0.063274,0.000000,-0.042924,-0.065773,-0.000000,0.000000,0.000000,0.000000
16.3690,-0.680576,0.290767,-0.226830,-0.201124,0.010088,-0.225754,0.555568,8.303350,0.077637,-0.680576,0.386767,-0.091830,-0.293499,0.062114,0.000000,-0.042406,-0.066108,-0.000000,0.000000,0.000000,0.000000
16.4190,-0.682683,0.287453,-0.226830,-0.200620,0.010429,-0.225953,0.555993,8.273025,0.074514,-0.682683,0.383453,-0.091830,-0.293742,0.060954,0.000000,-0.041886,-0.066439,-0.000000,0.000000,0.000000,0.000000
16.4690,-0.684765,0.284123,-0.226830,-0.200696,0.009790,-0.226228,0.556400,8.116811,0.072370,-0.684765,0.380123,-0.091830,-0.293981,0.059793,0.000000,-0.041363,-0.066766,-0.000000,0.000000,0.000000,0.000000
16.5190,-0.686820,0.280777,-0.226830,-0.201306,0.007950,-0.226204,0.556919,7.928087,0.071010,-0.686820,0.376777,-0.091830,-0.294215,0.058630,0.000000,-0.040837,-0.067088,-0.000000,0.000000,0.000000,0.000000
16.5690,-0.688848,0.277414,-0.226830,-0.201782,0.006566,-0.226205,0.557308,7.782857,0.069365,-0.688848,0.373414,-0.091830,-0.294444,0.057467,0.000000,-0.040309,-0.067407,-0.000000,0.000000,0.000000,0.000000
16.6190,-0.690850,0.274036,-0.226830,-0.202372,0.004771,-0.225775,0.557777,7.759737,0.067728,-0.690850,0.370036,-0.091830,-0.294669,0.056303,0.000000,-0.039778,-0.067722,-0.000000,0.000000,0.000000,0.000000
16.6690,-0.692826,0.270642,-0.226830,-0.202608,0.003827,-0.225359,0.558128,7.804166,0.065520,-0.692826,0.366642,-0.091830,-0.294889,0.055138,0.000000,-0.039245,-0.068032,-0.000000,0.000000,0.000000,0.000000
16.7190,-0.694775,0.267233,-0.226830,-0.203086,0.002389,-0.225168,0.558483,7.684701,0.063887,-0.694775,0.363233,-0.091830,-0.295105,0.053973,0.000000,-0.038709,-0.068338,-0.000000,0.000000,0.000000,0.000000
16.7700,-0.696735,0.263740,-0.226830,-0.203568,0.001483,-0.225147,0.558566,7.569535,0.062084,-0.696735,0.359740,-0.091830,-0.295320,0.052783,0.000000,-0.038161,-0.068646,-0.000000,0.000000,0.000000,0.000000
16.8210,-0.698667,0.260231,-0.226830,-0.204483,0.000169,-0.225081,0.558438,7.408691,0.060625,-0.698667,0.356231,-0.091830,-0.295531,0.051592,0.000000,-0.037610,-0.068949,-0.000000,0.000000,0.000000,0.000000
16.8690,-0.700460,0.256915,-0.226830,-0.205208,-0.000740,-0.225108,0.558268,7.284942,0.059188,-0.700460,0.352915,-0.091830,-0.295724,0.050470,0.000000,-0.037089,-0.069231,-0.000000,0.000000,0.000000,0.000000
16.9190,-0.702301,0.253446,-0.226830,-0.206430,-0.002023,-0.225321,0.557812,7.062437,0.058165,-0.702301,0.349446,-0.091830,-0.295921,0.049301,0.000000,-0.036544,-0.069520,-0.000000,0.000000,0.000000,0.000000
16.9690,-0.704114,0.249963,-0.226830,-0.207359,-0.002954,-0.225361,0.557436,6.953733,0.056858,-0.704114,0.345963,-0.091830,-0.296114,0.048132,0.000000,-0.035997,-0.069805,-0.000000,0.000000,0.000000,0.000000
17.0190,-0.705900,0.246465,-0.226830,-0.208751,-0.004361,-0.225409,0.556842,6.865107,0.055911,-0.705900,0.342465,-0.091830,-0.296302,0.046961,0.000000,-0.035447,-0.070086,-0.000000,0.000000,0.000000,0.000000
17.0690,-0.707659,0.242954,-0.226830,-0.210152,-0.005578,-0.225101,0.556134,6.964203,0.054621,-0.707659,0.338954,-0.091830,-0.296485,0.045790,0.000000,-0.034896,-0.070362,-0.000000,0.000000,0.000000,0.000000
17.1190,-0.709390,0.239429,-0.226830,-0.210425,-0.005342,-0.225512,0.555770,6.969623,0.053445,-0.709390,0.335429,-0.091830,-0.296663,0.044618,0.000000,-0.034342,-0.070634,-0.000000,0.000000,0.000000,0.000000
17.1700,-0.711127,0.235820,-0.226830,-0.209824,-0.005108,-0.226036,0.556194,6.955399,0.052612,-0.711127,0.331820,-0.091830,-0.296841,0.043422,0.000000,-0.033775,-0.070907,-0.000000,0.000000,0.000000,0.000000
17.2190,-0.712769,0.232339,-0.226830,-0.209674,-0.005584,-0.226177,0.556518,7.042510,0.051962,-0.712769,0.328339,-0.091830,-0.297007,0.042272,0.000000,-0.033228,-0.071164,-0.000000,0.000000,0.000000,0.000000
17.2690,-0.714416,0.228775,-0.226830,-0.209975,-0.007370,-0.226080,0.556979,7.286377,0.051511,-0.714416,0.324775,-0.091830,-0.297172,0.041098,0.000000,-0.032668,-0.071423,-0.000000,0.000000,0.000000,0.000000
17.3200,-0.716067,0.225125,-0.226830,-0.210271,-0.008743,-0.225994,0.557248,7.458290,0.051086,-0.716067,0.321125,-0.091830,-0.297335,0.039900,0.000000,-0.032095,-0.071683,-0.000000,0.000000,0.000000,0.000000
17.3690,-0.717627,0.221607,-0.226830,-0.210635,-0.010503,-0.226059,0.557598,7.580717,0.050988,-0.717627,0.317607,-0.091830,-0.297487,0.038749,0.000000,-0.031543,-0.071928,-0.000000,0.000000,0.000000,0.000000
17.4190,-0.719190,0.218004,-0.226830,-0.210843,-0.011544,-0.226012,0.557771,7.677745,0.050827,-0.719190,0.314004,-0.091830,-0.297638,0.037573,0.000000,-0.030977,-0.072173,-0.000000,0.000000,0.000000,0.000000
17.4700,-0.720755,0.214317,-0.226830,-0.211016,-0.012813,-0.226050,0.558052,7.777008,0.050920,-0.720755,0.310317,-0.091830,-0.297787,0.036373,0.000000,-0.030397,-0.072419,-0.000000,0.000000,0.000000,0.000000
17.5190,-0.722230,0.210763,-0.226830,-0.211150,-0.013701,-0.226006,0.558200,7.874859,0.051088,-0.722230,0.306763,-0.091830,-0.297925,0.035220,0.000000,-0.029839,-0.072651,-0.000000,0.000000,0.000000,0.000000
17.5690,-0.723708,0.207125,-0.226830,-0.211265,-0.014580,-0.226070,0.558347,7.943931,0.051547,-0.723708,0.303125,-0.091830,-0.298062,0.034042,0.000000,-0.029268,-0.072883,-0.000000,0.000000,0.000000,0.000000
17.6190,-0.725157,0.203475,-0.226830,-0.211531,-0.016046,-0.225682,0.558572,8.207907,0.051627,-0.725157,0.299475,-0.091830,-0.298194,0.032864,0.000000,-0.028694,-0.073110,-0.000000,0.000000,0.000000,0.000000
17.6690,-0.726577,0.199814,-0.226830,-0.211614,-0.017207,-0.225383,0.558827,8.386396,0.052003,-0.726577,0.295814,-0.091830,-0.298322,0.031686,0.000000,-0.028119,-0.073334,-0.000000,0.000000,0.000000,0.000000
17.7190,-0.727969,0.196142,-0.226830,-0.211898,-0.017964,-0.225198,0.558724,8.464836,0.052692,-0.727969,0.292142,-0.091830,-0.298445,0.030507,0.000000,-0.027542,-0.073552,-0.000000,0.000000,0.000000,0.000000
17.7700,-0.729359,0.192385,-0.226830,-0.212420,-0.019128,-0.225191,0.558539,8.507535,0.053571,-0.729359,0.288385,-0.091830,-0.298565,0.029304,0.000000,-0.026952,-0.073770,-0.000000,0.000000,0.000000,0.000000
17.8200,-0.730692,0.188691,-0.226830,-0.212891,-0.019892,-0.225295,0.558236,8.512924,0.054783,-0.730692,0.284691,-0.091830,-0.298679,0.028124,0.000000,-0.026372,-0.073980,-0.000000,0.000000,0.000000,0.000000
17.8690,-0.731970,0.185061,-0.226830,-0.213805,-0.021111,-0.225240,0.557678,8.608356,0.055671,-0.731970,0.281061,-0.091830,-0.298786,0.026967,0.000000,-0.025802,-0.074181,-0.000000,0.000000,0.000000,0.000000
17.9190,-0.733246,0.181347,-0.226830,-0.214520,-0.021848,-0.225442,0.557105,8.593953,0.057146,-0.733246,0.277347,-0.091830,-0.298890,0.025786,0.000000,-0.025219,-0.074381,-0.000000,0.000000,0.000000,0.000000
17.9720,-0.734566,0.177399,-0.226830,-0.215776,-0.023169,-0.225558,0.556212,8.702129,0.058366,-0.734566,0.273399,-0.091830,-0.298995,0.024534,0.000000,-0.024598,-0.074588,-0.000000,0.000000,0.000000,0.000000
18.0190,-0.735709,0.173889,-0.226830,-0.216683,-0.024073,-0.225600,0.555498,8.805491,0.059638,-0.735709,0.269889,-0.091830,-0.299084,0.023424,0.000000,-0.024047,-0.074768,-0.000000,0.000000,0.000000,0.000000
18.0690,-0.736897,0.170146,-0.226830,-0.217570,-0.025029,-0.225596,0.554793,8.944121,0.061054,-0.736897,0.266146,-0.091830,-0.299174,0.022242,0.000000,-0.023459,-0.074954,-0.000000,0.000000,0.000000,0.000000
18.1190,-0.738055,0.166394,-0.226830,-0.218012,-0.026734,-0.226226,0.554746,9.113628,0.062809,-0.738055,0.262394,-0.091830,-0.299260,0.021060,0.000000,-0.022870,-0.075136,-0.000000,0.000000,0.000000,0.000000
18.1690,-0.739184,0.162633,-0.226830,-0.218331,-0.028749,-0.226423,0.554900,9.527641,0.064124,-0.739184,0.258633,-0.091830,-0.299341,0.019877,0.000000,-0.022279,-0.075314,-0.000000,0.000000,0.000000,0.000000
18.2190,-0.740283,0.158863,-0.226830,-0.218451,-0.029887,-0.226357,0.554919,9.834837,0.065805,-0.740283,0.254863,-0.091830,-0.299417,0.018694,0.000000,-0.021687,-0.075486,-0.000000,0.000000,0.000000,0.000000
18.2700,-0.741373,0.155009,-0.226830,-0.218324,-0.030781,-0.226290,0.555066,10.114196,0.067829,-0.741373,0.251009,-0.091830,-0.299490,0.017487,0.000000,-0.021081,-0.075658,-0.000000,0.000000,0.000000,0.000000
18.3210,-0.742433,0.151146,-0.226830,-0.218188,-0.031273,-0.226266,0.555077,10.252811,0.070212,-0.742433,0.247146,-0.091830,-0.299558,0.016280,0.000000,-0.020475,-0.075824,-0.000000,0.000000,0.000000,0.000000
18.3690,-0.743402,0.147503,-0.226830,-0.218174,-0.032378,-0.226260,0.555177,10.470855,0.072109,-0.743402,0.243503,-0.091830,-0.299618,0.015144,0.000000,-0.019902,-0.075976,-0.000000,0.000000,0.000000,0.000000
18.4190,-0.744382,0.143700,-0.226830,-0.218291,-0.033290,-0.225782,0.555066,10.755175,0.073920,-0.744382,0.239700,-0.091830,-0.299675,0.013960,0.000000,-0.019305,-0.076130,-0.000000,0.000000,0.000000,0.000000
18.4690,-0.745332,0.139890,-0.226830,-0.218263,-0.033758,-0.225576,0.554939,10.898686,0.076329,-0.745332,0.235890,-0.091830,-0.299728,0.012776,0.000000,-0.018706,-0.076280,-0.000000,0.000000,0.000000,0.000000
18.5240,-0.746343,0.135690,-0.226830,-0.218317,-0.034568,-0.225304,0.554799,11.099986,0.078800,-0.746343,0.231690,-0.091830,-0.299781,0.011473,0.000000,-0.018047,-0.076438,-0.000000,0.000000,0.000000,0.000000
18.5690,-0.747143,0.132247,-0.226830,-0.218653,-0.035557,-0.225231,0.554493,11.300711,0.080625,-0.747143,0.228247,-0.091830,-0.299819,0.010407,0.000000,-0.017506,-0.076564,-0.000000,0.000000,0.000000,0.000000
18.6200,-0.748020,0.128339,-0.226830,-0.219102,-0.036329,-0.225183,0.553961,11.463743,0.082967,-0.748020,0.224339,-0.091830,-0.299859,0.009199,0.000000,-0.016892,-0.076702,-0.000000,0.000000,0.000000,0.000000
18.6690,-0.748834,0.124577,-0.226830,-0.219963,-0.037489,-0.225115,0.553148,11.722976,0.084774,-0.748834,0.220577,-0.091830,-0.299892,0.008038,0.000000,-0.016301,-0.076830,-0.000000,0.000000,0.000000,0.000000
18.7190,-0.749633,0.120733,-0.226830,-0.220614,-0.038375,-0.225092,0.552431,11.920548,0.086969,-0.749633,0.216733,-0.091830,-0.299922,0.006853,0.000000,-0.015697,-0.076955,-0.000000,0.000000,0.000000,0.000000
18.7690,-0.750403,0.116882,-0.226830,-0.221258,-0.039175,-0.225091,0.551680,12.117086,0.089267,-0.750403,0.212882,-0.091830,-0.299946,0.005668,0.000000,-0.015092,-0.077076,-0.000000,0.000000,0.000000,0.000000
18.8190,-0.751143,0.113025,-0.226830,-0.221694,-0.041106,-0.226057,0.551428,12.353841,0.091341,-0.751143,0.209025,-0.091830,-0.299967,0.004483,0.000000,-0.014487,-0.077192,-0.000000,0.000000,0.000000,0.000000
18.8690,-0.751852,0.109163,-0.226830,-0.222022,-0.043866,-0.226254,0.551487,12.918121,0.092418,-0.751852,0.205163,-0.091830,-0.299982,0.003297,0.000000,-0.013880,-0.077304,-0.000000,0.000000,0.000000,0.000000
18.9270,-0.752636,0.104676,-0.226830,-0.222234,-0.046213,-0.226266,0.551448,13.433362,0.094254,-0.752636,0.200676,-0.091830,-0.299994,0.001923,0.000000,-0.013175,-0.077427,-0.000000,0.000000,0.000000,0.000000
18.9690,-0.753179,0.101422,-0.226830,-0.222204,-0.047022,-0.226194,0.551335,13.623105,0.096293,-0.753179,0.197422,-0.091830,-0.299999,0.000927,0.000000,-0.012664,-0.077512,-0.000000,0.000000,0.000000,0.000000
19.0190,-0.753797,0.097544,-0.226830,-0.222032,-0.047297,-0.226291,0.551138,13.664681,0.099413,-0.753797,0.193544,-0.091830,-0.300000,-0.000258,0.000000,-0.012055,-0.077609,-0.000000,0.000000,0.000000,0.000000
19.0730,-0.754430,0.093350,-0.226830,-0.221813,-0.047780,-0.226211,0.550998,13.779858,0.102588,-0.754430,0.189350,-0.091830,-0.299996,-0.001538,0.000000,-0.011396,-0.077709,-0.000000,0.000000,0.000000,0.000000
19.1190,-0.754942,0.089774,-0.226830,-0.221723,-0.048413,-0.226263,0.550833,13.908582,0.105157,-0.754942,0.185774,-0.091830,-0.299988,-0.002629,0.000000,-0.010834,-0.077789,-0.000000,0.000000,0.000000,0.000000
19.1690,-0.755468,0.085882,-0.226830,-0.221376,-0.049188,-0.225637,0.550908,14.131034,0.107682,-0.755468,0.181882,-0.091830,-0.299976,-0.003814,0.000000,-0.010223,-0.077872,-0.000000,0.000000,0.000000,0.000000
19.2190,-0.755964,0.081987,-0.226830,-0.221196,-0.049622,-0.225553,0.550726,14.208884,0.110680,-0.755964,0.177987,-0.091830,-0.299958,-0.004999,0.000000,-0.009611,-0.077950,-0.000000,0.000000,0.000000,0.000000
19.2790,-0.756518,0.077307,-0.226830,-0.221246,-0.050390,-0.225476,0.550295,14.351339,0.114001,-0.756518,0.173307,-0.091830,-0.299931,-0.006421,0.000000,-0.008876,-0.078037,-0.000000,0.000000,0.000000,0.000000
19.3240,-0.756905,0.073794,-0.226830,-0.221461,-0.051011,-0.225392,0.549799,14.481605,0.116381,-0.756905,0.169794,-0.091830,-0.299907,-0.007488,0.000000,-0.008324,-0.078097,-0.000000,0.000000,0.000000,0.000000
19.3690,-0.757268,0.070278,-0.226830,-0.221993,-0.051995,-0.225323,0.549065,14.688632,0.118348,-0.757268,0.166278,-0.091830,-0.299878,-0.008554,0.000000,-0.007772,-0.078154,-0.000000,0.000000,0.000000,0.000000
19.4190,-0.757641,0.066369,-0.226830,-0.222454,-0.052540,-0.225584,0.548239,14.758143,0.121171,-0.757641,0.162369,-0.091830,-0.299842,-0.009739,0.000000,-0.007158,-0.078213,-0.000000,0.000000,0.000000,0.000000
19.4690,-0.757983,0.062457,-0.226830,-0.223438,-0.053573,-0.225574,0.546994,14.970295,0.123272,-0.757983,0.158457,-0.091830,-0.299801,-0.010923,0.000000,-0.006543,-0.078267,-0.000000,0.000000,0.000000,0.000000
19.5190,-0.758295,0.058543,-0.226830,-0.224114,-0.054379,-0.225597,0.545987,15.131495,0.125699,-0.758295,0.154543,-0.091830,-0.299756,-0.012108,0.000000,-0.005928,-0.078316,-0.000000,0.000000,0.000000,0.000000
19.5740,-0.758603,0.054234,-0.226830,-0.225145,-0.055615,-0.225683,0.544652,15.377008,0.127982,-0.758603,0.150234,-0.091830,-0.299700,-0.013410,0.000000,-0.005252,-0.078364,-0.000000,0.000000,0.000000,0.000000
19.6200,-0.758831,0.050628,-0.226830,-0.225851,-0.056402,-0.225578,0.543622,15.571372,0.130094,-0.758831,0.146628,-0.091830,-0.299649,-0.014500,0.000000,-0.004685,-0.078400,-0.000000,0.000000,0.000000,0.000000
19.6690,-0.759046,0.046786,-0.226830,-0.226684,-0.057021,-0.226088,0.542389,15.687081,0.132716,-0.759046,0.142786,-0.091830,-0.299591,-0.015660,0.000000,-0.004082,-0.078434,-0.000000,0.000000,0.000000,0.000000
19.7190,-0.759235,0.042863,-0.226830,-0.226981,-0.059679,-0.226425,0.542041,16.239383,0.133850,-0.759235,0.138863,-0.091830,-0.299527,-0.016843,0.000000,-0.003466,-0.078463,-0.000000,0.000000,0.000000,0.000000
19.7690,-0.759393,0.038940,-0.226830,-0.227388,-0.062990,-0.226591,0.541681,16.963311,0.134320,-0.759393,0.134940,-0.091830,-0.299458,-0.018027,0.000000,-0.002849,-0.078488,-0.000000,0.000000,0.000000,0.000000
19.8190,-0.759520,0.035015,-0.226830,-0.227792,-0.067282,-0.226800,0.541478,17.914509,0.133974,-0.759520,0.131015,-0.091830,-0.299384,-0.019210,0.000000,-0.002233,-0.078508,-0.000000,0.000000,0.000000,0.000000
19.8690,-0.759616,0.031089,-0.226830,-0.227890,-0.069452,-0.226660,0.541148,18.416298,0.135392,-0.759616,0.127089,-0.091830,-0.299306,-0.020392,0.000000,-0.001616,-0.078523,-0.000000,0.000000,0.000000,0.000000
19.9260,-0.759688,0.026613,-0.226830,-0.227766,-0.069599,-0.227051,0.540553,18.392135,0.139245,-0.759688,0.122613,-0.091830,-0.299211,-0.021740,0.000000,-0.000913,-0.078535,-0.000000,0.000000,0.000000,0.000000
19.9690,-0.759716,0.023236,-0.226830,-0.227593,-0.069660,-0.227067,0.540171,18.378520,0.142127,-0.759716,0.119236,-0.091830,-0.299136,-0.022757,0.000000,-0.000382,-0.078539,-0.000000,0.000000,0.000000,0.000000
20.0190,-0.759719,0.019309,-0.226830,-0.227499,-0.069774,-0.227142,0.539625,18.377889,0.145416,-0.759719,0.115309,-0.091830,-0.299043,-0.023939,0.000000,0.000234,-0.078539,-0.000000,0.000000,0.000000,0.000000
20.0690,-0.759692,0.015382,-0.226830,-0.227244,-0.069999,-0.226721,0.539251,18.448843,0.148515,-0.759692,0.111382,-0.091830,-0.298946,-0.025120,0.000000,0.000851,-0.078535,-0.000000,0.000000,0.000000,0.000000
20.1350,-0.759609,0.010199,-0.226830,-0.227047,-0.070316,-0.226561,0.538614,18.525683,0.152659,-0.759609,0.106199,-0.091830,-0.298811,-0.026679,0.000000,0.001665,-0.078522,-0.000000,0.000000,0.000000,0.000000
20.1690,-0.759545,0.007529,-0.226830,-0.227049,-0.070621,-0.226454,0.538201,18.605051,0.154622,-0.759545,0.103529,-0.091830,-0.298739,-0.027482,0.000000,0.002085,-0.078512,-0.000000,0.000000,0.000000,0.000000
20.2340,-0.759384,0.002427,-0.226830,-0.227255,-0.071129,-0.226276,0.537188,18.745910,0.158356,-0.759384,0.098427,-0.091830,-0.298594,-0.029016,0.000000,0.002886,-0.078487,-0.000000,0.000000,0.000000,0.000000
20.2690,-0.759275,-0.000320,-0.226830,-0.227398,-0.071357,-0.226124,0.536601,18.819019,0.160373,-0.759275,0.095680,-0.091830,-0.298512,-0.029841,0.000000,0.003318,-0.078470,-0.000000,0.000000,0.000000,0.000000
20.3190,-0.759094,-0.004243,-0.226830,-0.227840,-0.071767,-0.226273,0.535528,18.909240,0.163184,-0.759094,0.091757,-0.091830,-0.298392,-0.031021,0.000000,0.003934,-0.078441,-0.000000,0.000000,0.000000,0.000000
20.3690,-0.758882,-0.008164,-0.226830,-0.228437,-0.072130,-0.225972,0.534289,19.031057,0.165836,-0.758882,0.087836,-0.091830,-0.298267,-0.032199,0.000000,0.004550,-0.078408,-0.000000,0.000000,0.000000,0.000000
20.4190,-0.758639,-0.012084,-0.226830,-0.228821,-0.072440,-0.225937,0.533246,19.124927,0.168690,-0.758639,0.083916,-0.091830,-0.298137,-0.033378,0.000000,0.005165,-0.078370,-0.000000,0.000000,0.000000,0.000000
20.4690,-0.758365,-0.016001,-0.226830,-0.229355,-0.073041,-0.226633,0.532077,19.230005,0.171416,-0.758365,0.079999,-0.091830,-0.298003,-0.034555,0.000000,0.005781,-0.078327,-0.000000,0.000000,0.000000,0.000000
20.5190,-0.758061,-0.019916,-0.226830,-0.229567,-0.076474,-0.226629,0.531512,20.035663,0.171618,-0.758061,0.076084,-0.091830,-0.297864,-0.035733,0.000000,0.006396,-0.078279,-0.000000,0.000000,0.000000,0.000000
20.5700,-0.757719,-0.023907,-0.226830,-0.229795,-0.082014,-0.226749,0.531112,21.325258,0.170070,-0.757719,0.072093,-0.091830,-0.297718,-0.036933,0.000000,0.007023,-0.078225,-0.000000,0.000000,0.000000,0.000000
20.6190,-0.757360,-0.027739,-0.226830,-0.229812,-0.084857,-0.227014,0.530632,21.980706,0.170841,-0.757360,0.068261,-0.091830,-0.297573,-0.038085,0.000000,0.007625,-0.078169,-0.000000,0.000000,0.000000,0.000000
20.6690,-0.756963,-0.031646,-0.226830,-0.229759,-0.086178,-0.227198,0.530017,22.269227,0.172990,-0.756963,0.064354,-0.091830,-0.297420,-0.039261,0.000000,0.008238,-0.078107,-0.000000,0.000000,0.000000,0.000000
20.7200,-0.756527,-0.035627,-0.226830,-0.229627,-0.086478,-0.227053,0.529348,22.335870,0.176022,-0.756527,0.060373,-0.091830,-0.297259,-0.040459,0.000000,0.008864,-0.078038,-0.000000,0.000000,0.000000,0.000000
20.7700,-0.756069,-0.039527,-0.226830,-0.229515,-0.085714,-0.226414,0.528576,22.203338,0.179773,-0.756069,0.056473,-0.091830,-0.297097,-0.041633,0.000000,0.009476,-0.077966,-0.000000,0.000000,0.000000,0.000000
20.8230,-0.755549,-0.043658,-0.226830,-0.229387,-0.085312,-0.226286,0.527808,22.119228,0.183536,-0.755549,0.052342,-0.091830,-0.296920,-0.042877,0.000000,0.010125,-0.077884,-0.000000,0.000000,0.000000,0.000000
20.8690,-0.755071,-0.047239,-0.226830,-0.229405,-0.084856,-0.226106,0.527010,22.038487,0.186816,-0.755071,0.048761,-0.091830,-0.296762,-0.043957,0.000000,0.010688,-0.077809,-0.000000,0.000000,0.000000,0.000000
20.9190,-0.754521,-0.051127,-0.226830,-0.229541,-0.084477,-0.226375,0.526038,21.940182,0.190333,-0.754521,0.044873,-0.091830,-0.296586,-0.045129,0.000000,0.011298,-0.077723,-0.000000,0.000000,0.000000,0.000000
20.9690,-0.753941,-0.055011,-0.226830,-0.230024,-0.084148,-0.226038,0.524727,21.917092,0.193508,-0.753941,0.040989,-0.091830,-0.296406,-0.046300,0.000000,0.011908,-0.077632,-0.000000,0.000000,0.000000,0.000000
21.0390,-0.753077,-0.060440,-0.226830,-0.230703,-0.083877,-0.226290,0.522900,21.853339,0.197934,-0.753077,0.035560,-0.091830,-0.296145,-0.047940,0.000000,0.012761,-0.077496,-0.000000,0.000000,0.000000,0.000000
21.0880,-0.752437,-0.064235,-0.226830,-0.230939,-0.087526,-0.226912,0.522018,22.663834,0.197835,-0.752437,0.031765,-0.091830,-0.295957,-0.049086,0.000000,0.013357,-0.077396,-0.000000,0.000000,0.000000,0.000000
21.1300,-0.751866,-0.067484,-0.226830,-0.230969,-0.091743,-0.226927,0.521462,23.665461,0.196735,-0.751866,0.028516,-0.091830,-0.295792,-0.050068,0.000000,0.013868,-0.077306,-0.000000,0.000000,0.000000,0.000000
21.1690,-0.751316,-0.070497,-0.226830,-0.231082,-0.094252,-0.226936,0.520776,24.250714,0.196903,-0.751316,0.025503,-0.091830,-0.295637,-0.050980,0.000000,0.014341,-0.077219,-0.000000,0.000000,0.000000,0.000000
21.2190,-0.750583,-0.074355,-0.226830,-0.231216,-0.095618,-0.227178,0.519802,24.540082,0.198787,-0.750583,0.021645,-0.091830,-0.295433,-0.052147,0.000000,0.014947,-0.077104,-0.000000,0.000000,0.000000,0.000000
21.2860,-0.749555,-0.079516,-0.226830,-0.000000,-0.095793,-0.448300,0.781759,84.669714,0.408045,-0.749555,0.016484,-0.091830,-0.295153,-0.053711,0.000000,0.015758,-0.076943,-0.000000,0.000000,0.000000,0.000000
21.3210,-0.748996,-0.082207,-0.226830,-0.000000,-0.095793,-0.448300,0.781171,84.669714,0.409540,-0.748996,0.013793,-0.091830,-0.295003,-0.054527,0.000000,0.016180,-0.076855,-0.000000,0.000000,0.000000,0.000000
21.3690,-0.748205,-0.085893,-0.226830,-0.000000,-0.095793,-0.448300,0.780358,84.669714,0.411589,-0.748205,0.010107,-0.091830,-0.294794,-0.055646,0.000000,0.016759,-0.076731,-0.000000,0.000000,0.000000,0.000000
21.4260,-0.747230,-0.090263,-0.226830,-0.000000,-0.095793,-0.448300,0.779380,84.669714,0.414021,-0.747230,0.005737,-0.091830,-0.294540,-0.056974,0.000000,0.017446,-0.076578,-0.000000,0.000000,0.000000,0.000000
21.4770,-0.746325,-0.094165,-0.226830,-0.000000,-0.095793,-0.448300,0.778494,84.669714,0.416194,-0.746325,0.001835,-0.091830,-0.294308,-0.058160,0.000000,0.018059,-0.076435,-0.000000,0.000000,0.000000,0.000000
21.5220,-0.745500,-0.097601,-0.226830,-0.000000,-0.095793,-0.448300,0.777704,84.669714,0.418109,-0.745500,-0.001601,-0.091830,-0.294100,-0.059207,0.000000,0.018599,-0.076306,-0.000000,0.000000,0.000000,0.000000
21.5720,-0.744555,-0.101413,-0.226830,-0.000000,-0.095793,-0.448300,0.776816,84.669714,0.420234,-0.744555,-0.005413,-0.091830,-0.293863,-0.060369,0.000000,0.019197,-0.076158,-0.000000,0.000000,0.000000,0.000000
21.6190,-0.743640,-0.104989,-0.226830,-0.000000,-0.095793,-0.448300,0.775973,84.669714,0.422228,-0.743640,-0.008989,-0.091830,-0.293637,-0.061460,0.000000,0.019759,-0.076014,-0.000000,0.000000,0.000000,0.000000
21.6700,-0.742617,-0.108862,-0.226830,-0.000000,-0.095793,-0.448300,0.775048,84.669714,0.424388,-0.742617,-0.012862,-0.091830,-0.293387,-0.062643,0.000000,0.020367,-0.075853,-0.000000,0.000000,0.000000,0.000000
21.7200,-0.741583,-0.112650,-0.226830,-0.000000,-0.095793,-0.448300,0.774131,84.669714,0.426500,-0.741583,-0.016650,-0.091830,-0.293137,-0.063802,0.000000,0.020962,-0.075691,-0.000000,0.000000,0.000000,0.000000
21.7830,-0.740239,-0.117412,-0.226830,-0.000000,-0.095793,-0.448300,0.772962,84.669714,0.429155,-0.740239,-0.021412,-0.091830,-0.292816,-0.065261,0.000000,0.021710,-0.075480,-0.000000,0.000000,0.000000,0.000000
21.8350,-0.739094,-0.121332,-0.226830,-0.000000,-0.095793,-0.448300,0.771986,84.669714,0.431339,-0.739094,-0.025332,-0.091830,-0.292545,-0.066464,0.000000,0.022326,-0.075300,-0.000000,0.000000,0.000000,0.000000
21.8710,-0.738283,-0.124041,-0.226830,-0.000000,-0.095793,-0.448300,0.771303,84.669714,0.432847,-0.738283,-0.028041,-0.091830,-0.292355,-0.067296,0.000000,0.022752,-0.075172,-0.000000,0.000000,0.000000,0.000000
21.9200,-0.737154,-0.127720,-0.226830,-0.000000,-0.095793,-0.448300,0.770366,84.669714,0.434894,-0.737154,-0.031720,-0.091830,-0.292092,-0.068428,0.000000,0.023330,-0.074995,-0.000000,0.000000,0.000000,0.000000
21.9690,-0.735997,-0.131390,-0.226830,-0.000000,-0.095793,-0.448300,0.769420,84.669714,0.436935,-0.735997,-0.035390,-0.091830,-0.291825,-0.069559,0.000000,0.023906,-0.074813,-0.000000,0.000000,0.000000,0.000000
22.0200,-0.734762,-0.135201,-0.226830,-0.000000,-0.095793,-0.448300,0.768425,84.669714,0.439052,-0.734762,-0.039201,-0.091830,-0.291542,-0.070734,0.000000,0.024505,-0.074619,-0.000000,0.000000,0.000000,0.000000
22.0690,-0.733547,-0.138852,-0.226830,-0.000000,-0.095793,-0.448300,0.767460,84.669714,0.441078,-0.733547,-0.042852,-0.091830,-0.291266,-0.071863,0.000000,0.025078,-0.074428,-0.000000,0.000000,0.000000,0.000000
22.1200,-0.732253,-0.142643,-0.226830,-0.000000,-0.095793,-0.448300,0.766446,84.669714,0.443178,-0.732253,-0.046643,-0.091830,-0.290974,-0.073037,0.000000,0.025674,-0.074225,-0.000000,0.000000,0.000000,0.000000
22.1690,-0.730981,-0.146275,-0.226830,-0.000000,-0.095793,-0.448300,0.765461,84.669714,0.445187,-0.730981,-0.050275,-0.091830,-0.290689,-0.074163,0.000000,0.026244,-0.074025,-0.000000,0.000000,0.000000,0.000000
22.2190,-0.729654,-0.149971,-0.226830,-0.000000,-0.095793,-0.448300,0.764448,84.669714,0.447229,-0.729654,-0.053971,-0.091830,-0.290393,-0.075312,0.000000,0.026825,-0.073817,-0.000000,0.000000,0.000000,0.000000
22.2700,-0.728271,-0.153731,-0.226830,-0.000000,-0.095793,-0.448300,0.763404,84.669714,0.449301,-0.728271,-0.057731,-0.091830,-0.290087,-0.076482,0.000000,0.027415,-0.073600,-0.000000,0.000000,0.000000,0.000000
22.3410,-0.726296,-0.158945,-0.226830,-0.000000,-0.095793,-0.448300,0.761934,84.669714,0.452170,-0.726296,-0.062945,-0.091830,-0.289653,-0.078109,0.000000,0.028234,-0.073289,-0.000000,0.000000,0.000000,0.000000
22.3790,-0.725215,-0.161727,-0.226830,-0.000000,-0.095793,-0.448300,0.761139,84.669714,0.453696,-0.725215,-0.065727,-0.091830,-0.289417,-0.078978,0.000000,0.028671,-0.073119,-0.000000,0.000000,0.000000,0.000000
22.4320,-0.723679,-0.165596,-0.226830,-0.000000,-0.095793,-0.448300,0.760021,84.669714,0.455815,-0.723679,-0.069596,-0.091830,-0.289084,-0.080190,0.000000,0.029279,-0.072878,-0.000000,0.000000,0.000000,0.000000
22.4810,-0.722230,-0.169161,-0.226830,-0.000000,-0.095793,-0.448300,0.758979,84.669714,0.457763,-0.722230,-0.073161,-0.091830,-0.288771,-0.081310,0.000000,0.029839,-0.072651,-0.000000,0.000000,0.000000,0.000000
22.5330,-0.720663,-0.172933,-0.226830,-0.000000,-0.095793,-0.448300,0.757862,84.669714,0.459818,-0.720663,-0.076933,-0.091830,-0.288434,-0.082496,0.000000,0.030432,-0.072405,-0.000000,0.000000,0.000000,0.000000
22.5840,-0.719097,-0.176619,-0.226830,-0.000000,-0.095793,-0.448300,0.756757,84.669714,0.461821,-0.719097,-0.080619,-0.091830,-0.288099,-0.083658,0.000000,0.031011,-0.072158,-0.000000,0.000000,0.000000,0.000000
22.6190,-0.718004,-0.179142,-0.226830,-0.000000,-0.095793,-0.448300,0.755994,84.669714,0.463188,-0.718004,-0.083142,-0.091830,-0.287867,-0.084455,0.000000,0.031407,-0.071987,-0.000000,0.000000,0.000000,0.000000
22.6690,-0.716420,-0.182735,-0.226830,-0.000000,-0.095793,-0.448300,0.754894,84.669714,0.465131,-0.716420,-0.086735,-0.091830,-0.287531,-0.085592,0.000000,0.031971,-0.071738,-0.000000,0.000000,0.000000,0.000000
22.7210,-0.714742,-0.186458,-0.226830,-0.000000,-0.095793,-0.448300,0.753741,84.669714,0.467138,-0.714742,-0.090458,-0.091830,-0.287176,-0.086774,0.000000,0.032556,-0.071474,-0.000000,0.000000,0.000000,0.000000
22.7690,-0.713166,-0.189883,-0.226830,-0.000000,-0.095793,-0.448300,0.752668,84.669714,0.468978,-0.713166,-0.093883,-0.091830,-0.286845,-0.087863,0.000000,0.033094,-0.071227,-0.000000,0.000000,0.000000,0.000000
22.8190,-0.711498,-0.193438,-0.226830,-0.000000,-0.095793,-0.448300,0.751540,84.669714,0.470881,-0.711498,-0.097438,-0.091830,-0.286495,-0.088996,0.000000,0.033653,-0.070965,-0.000000,0.000000,0.000000,0.000000
22.8730,-0.709664,-0.197262,-0.226830,-0.000000,-0.095793,-0.448300,0.750312,84.669714,0.472921,-0.709664,-0.101262,-0.091830,-0.286113,-0.090219,0.000000,0.034253,-0.070677,-0.000000,0.000000,0.000000,0.000000
22.9190,-0.708077,-0.200508,-0.226830,-0.000000,-0.095793,-0.448300,0.749258,84.669714,0.474646,-0.708077,-0.104508,-0.091830,-0.285783,-0.091259,0.000000,0.034763,-0.070427,-0.000000,0.000000,0.000000,0.000000
22.9720,-0.706219,-0.204233,-0.226830,-0.000000,-0.095793,-0.448300,0.748033,84.669714,0.476618,-0.706219,-0.108233,-0.091830,-0.285398,-0.092455,0.000000,0.035348,-0.070136,-0.000000,0.000000,0.000000,0.000000
23.0190,-0.704545,-0.207523,-0.226830,-0.000000,-0.095793,-0.448300,0.746938,84.669714,0.478353,-0.704545,-0.111523,-0.091830,-0.285052,-0.093515,0.000000,0.035865,-0.069873,-0.000000,0.000000,0.000000,0.000000
23.0700,-0.702702,-0.211079,-0.226830,-0.000000,-0.095793,-0.448300,0.745741,84.669714,0.480221,-0.702702,-0.115079,-0.091830,-0.284673,-0.094664,0.000000,0.036424,-0.069583,-0.000000,0.000000,0.000000,0.000000
23.1290,-0.700534,-0.215175,-0.226830,-0.000000,-0.095793,-0.448300,0.744345,84.669714,0.482362,-0.700534,-0.119175,-0.091830,-0.284228,-0.095991,0.000000,0.037067,-0.069243,-0.000000,0.000000,0.000000,0.000000
23.1720,-0.698930,-0.218147,-0.226830,-0.000000,-0.095793,-0.448300,0.743319,84.669714,0.483908,-0.698930,-0.122147,-0.091830,-0.283900,-0.096957,0.000000,0.037534,-0.068991,-0.000000,0.000000,0.000000,0.000000
23.2190,-0.697154,-0.221383,-0.226830,-0.000000,-0.095793,-0.448300,0.742190,84.669714,0.485585,-0.697154,-0.125383,-0.091830,-0.283538,-0.098011,0.000000,0.038042,-0.068712,-0.000000,0.000000,0.000000,0.000000
23.2690,-0.695239,-0.224811,-0.226830,-0.000000,-0.095793,-0.448300,0.740980,84.669714,0.487353,-0.695239,-0.128811,-0.091830,-0.283148,-0.099132,0.000000,0.038581,-0.068411,-0.000000,0.000000,0.000000,0.000000
23.3280,-0.692944,-0.228836,-0.226830,-0.000000,-0.095793,-0.448300,0.739541,84.669714,0.489418,-0.692944,-0.132836,-0.091830,-0.282683,-0.100452,0.000000,0.039213,-0.068050,-0.000000,0.000000,0.000000,0.000000
23.3750,-0.691089,-0.232028,-0.226830,-0.000000,-0.095793,-0.448300,0.738385,84.669714,0.491046,-0.691089,-0.136028,-0.091830,-0.282307,-0.101502,0.000000,0.039714,-0.067759,-0.000000,0.000000,0.000000,0.000000
23.4190,-0.689331,-0.235003,-0.226830,-0.000000,-0.095793,-0.448300,0.737296,84.669714,0.492557,-0.689331,-0.139003,-0.091830,-0.281952,-0.102483,0.000000,0.040182,-0.067483,-0.000000,0.000000,0.000000,0.000000
23.4690,-0.687309,-0.238369,-0.226830,-0.000000,-0.095793,-0.448300,0.736051,84.669714,0.494257,-0.687309,-0.142369,-0.091830,-0.281545,-0.103597,0.000000,0.040710,-0.067165,-0.000000,0.000000,0.000000,0.000000
23.5190,-0.685260,-0.241720,-0.226830,-0.000000,-0.095793,-0.448300,0.734796,84.669714,0.495939,-0.685260,-0.145720,-0.091830,-0.281133,-0.104710,0.000000,0.041237,-0.066843,-0.000000,0.000000,0.000000,0.000000
23.5690,-0.683185,-0.245054,-0.226830,-0.000000,-0.095793,-0.448300,0.733532,84.669714,0.497604,-0.683185,-0.149054,-0.091830,-0.280717,-0.105821,0.000000,0.041760,-0.066517,-0.000000,0.000000,0.000000,0.000000
23.6200,-0.681042,-0.248438,-0.226830,-0.000000,-0.095793,-0.448300,0.732235,84.669714,0.499283,-0.681042,-0.152438,-0.091830,-0.280288,-0.106952,0.000000,0.042292,-0.066181,-0.000000,0.000000,0.000000,0.000000
23.6700,-0.678914,-0.251738,-0.226830,-0.000000,-0.095793,-0.448300,0.730953,84.669714,0.500911,-0.678914,-0.155738,-0.091830,-0.279863,-0.108060,0.000000,0.042810,-0.065847,-0.000000,0.000000,0.000000,0.000000
23.7190,-0.676804,-0.254957,-0.226830,-0.000000,-0.095793,-0.448300,0.729689,84.669714,0.502488,-0.676804,-0.158957,-0.091830,-0.279442,-0.109143,0.000000,0.043316,-0.065515,-0.000000,0.000000,0.000000,0.000000
23.7690,-0.674626,-0.258224,-0.226830,-0.000000,-0.095793,-0.448300,0.728390,84.669714,0.504079,-0.674626,-0.162224,-0.091830,-0.279008,-0.110248,0.000000,0.043829,-0.065173,-0.000000,0.000000,0.000000,0.000000
23.8190,-0.672421,-0.261474,-0.226830,-0.000000,-0.095793,-0.448300,0.727083,84.669714,0.505650,-0.672421,-0.165474,-0.091830,-0.278570,-0.111350,0.000000,0.044340,-0.064827,-0.000000,0.000000,0.000000,0.000000
23.8690,-0.670192,-0.264706,-0.226830,-0.000000,-0.095793,-0.448300,0.725767,84.669714,0.507202,-0.670192,-0.168706,-0.091830,-0.278127,-0.112451,0.000000,0.044847,-0.064476,-0.000000,0.000000,0.000000,0.000000
23.9190,-0.667937,-0.267921,-0.226830,-0.000000,-0.095793,-0.448300,0.724442,84.669714,0.508735,-0.667937,-0.171921,-0.091830,-0.277680,-0.113550,0.000000,0.045352,-0.064122,-0.000000,0.000000,0.000000,0.000000
23.9690,-0.665656,-0.271119,-0.226830,-0.000000,-0.095793,-0.448300,0.723109,84.669714,0.510247,-0.665656,-0.175119,-0.091830,-0.277229,-0.114647,0.000000,0.045855,-0.063764,-0.000000,0.000000,0.000000,0.000000
24.0200,-0.663305,-0.274361,-0.226830,-0.000000,-0.095793,-0.448300,0.721740,84.669714,0.511769,-0.663305,-0.178361,-0.091830,-0.276764,-0.115765,0.000000,0.046364,-0.063395,-0.000000,0.000000,0.000000,0.000000
24.0690,-0.661021,-0.277459,-0.226830,-0.000000,-0.095793,-0.448300,0.720417,84.669714,0.513212,-0.661021,-0.181459,-0.091830,-0.276314,-0.116837,0.000000,0.046850,-0.063036,-0.000000,0.000000,0.000000,0.000000
24.1190,-0.658666,-0.280601,-0.226830,-0.000000,-0.095793,-0.448300,0.719058,84.669714,0.514664,-0.658666,-0.184601,-0.091830,-0.275849,-0.117929,0.000000,0.047344,-0.062666,-0.000000,0.000000,0.000000,0.000000
24.1700,-0.656239,-0.283788,-0.226830,-0.000000,-0.095793,-0.448300,0.717663,84.669714,0.516124,-0.656239,-0.187788,-0.091830,-0.275371,-0.119040,0.000000,0.047845,-0.062285,-0.000000,0.000000,0.000000,0.000000
24.2190,-0.653883,-0.286830,-0.226830,-0.000000,-0.095793,-0.448300,0.716315,84.669714,0.517505,-0.653883,-0.190830,-0.091830,-0.274908,-0.120107,0.000000,0.048323,-0.061915,-0.000000,0.000000,0.000000,0.000000
24.2690,-0.651455,-0.289917,-0.226830,-0.000000,-0.095793,-0.448300,0.714931,84.669714,0.518895,-0.651455,-0.193917,-0.091830,-0.274431,-0.121193,0.000000,0.048807,-0.061533,-0.000000,0.000000,0.000000,0.000000
24.3200,-0.648953,-0.293045,-0.226830,-0.000000,-0.095793,-0.448300,0.713510,84.669714,0.520290,-0.648953,-0.197045,-0.091830,-0.273939,-0.122300,0.000000,0.049299,-0.061140,-0.000000,0.000000,0.000000,0.000000
24.3690,-0.646526,-0.296031,-0.226830,-0.000000,-0.095793,-0.448300,0.712138,84.669714,0.521609,-0.646526,-0.200031,-0.091830,-0.273463,-0.123361,0.000000,0.049768,-0.060759,-0.000000,0.000000,0.000000,0.000000
24.4190,-0.644025,-0.299060,-0.226830,-0.000000,-0.095793,-0.448300,0.710729,84.669714,0.522933,-0.644025,-0.203060,-0.091830,-0.272973,-0.124441,0.000000,0.050244,-0.060366,-0.000000,0.000000,0.000000,0.000000
24.4710,-0.641400,-0.302188,-0.226830,-0.000000,-0.095793,-0.448300,0.709254,84.669714,0.524288,-0.641400,-0.206188,-0.091830,-0.272459,-0.125563,0.000000,0.050735,-0.059954,-0.000000,0.000000,0.000000,0.000000
24.5190,-0.638954,-0.305056,-0.226830,-0.000000,-0.095793,-0.448300,0.707886,84.669714,0.525517,-0.638954,-0.209056,-0.091830,-0.271980,-0.126597,0.000000,0.051186,-0.059570,-0.000000,0.000000,0.000000,0.000000
24.5690,-0.636383,-0.308025,-0.226830,-0.000000,-0.095793,-0.448300,0.706452,84.669714,0.526775,-0.636383,-0.212025,-0.091830,-0.271477,-0.127672,0.000000,0.051652,-0.059166,-0.000000,0.000000,0.000000,0.000000
24.6190,-0.633789,-0.310973,-0.226830,-0.000000,-0.095793,-0.448300,0.705010,84.669714,0.528011,-0.633789,-0.214973,-0.091830,-0.270970,-0.128745,0.000000,0.052115,-0.058758,-0.000000,0.000000,0.000000,0.000000
24.6690,-0.631171,-0.313901,-0.226830,-0.000000,-0.095793,-0.448300,0.703561,84.669714,0.529224,-0.631171,-0.217901,-0.091830,-0.270458,-0.129816,0.000000,0.052575,-0.058347,-0.000000,0.000000,0.000000,0.000000
24.7200,-0.628478,-0.316866,-0.226830,-0.000000,-0.095793,-0.448300,0.702073,84.669714,0.530439,-0.628478,-0.220866,-0.091830,-0.269932,-0.130907,0.000000,0.053041,-0.057924,-0.000000,0.000000,0.000000,0.000000
24.7690,-0.625868,-0.319694,-0.226830,-0.000000,-0.095793,-0.448300,0.700637,84.669714,0.531583,-0.625868,-0.223694,-0.091830,-0.269423,-0.131952,0.000000,0.053485,-0.057514,-0.000000,0.000000,0.000000,0.000000
24.8190,-0.623183,-0.322559,-0.226830,-0.000000,-0.095793,-0.448300,0.699163,84.669714,0.532727,-0.623183,-0.226559,-0.091830,-0.268898,-0.133017,0.000000,0.053935,-0.057092,-0.000000,0.000000,0.000000,0.000000
24.8710,-0.620366,-0.325516,-0.226830,-0.000000,-0.095793,-0.448300,0.697622,84.669714,0.533893,-0.620366,-0.229516,-0.091830,-0.268349,-0.134123,0.000000,0.054399,-0.056650,-0.000000,0.000000,0.000000,0.000000
24.9190,-0.617745,-0.328226,-0.226830,-0.000000,-0.095793,-0.448300,0.696191,84.669714,0.534946,-0.617745,-0.232226,-0.091830,-0.267837,-0.135141,0.000000,0.054825,-0.056238,-0.000000,0.000000,0.000000,0.000000
24.9690,-0.614992,-0.331027,-0.226830,-0.000000,-0.095793,-0.448300,0.694694,84.669714,0.536020,-0.614992,-0.235027,-0.091830,-0.267301,-0.136200,0.000000,0.055265,-0.055806,-0.000000,0.000000,0.000000,0.000000
25.0250,-0.611884,-0.334138,-0.226830,-0.000000,-0.095793,-0.448300,0.693008,84.669714,0.537195,-0.611884,-0.238138,-0.091830,-0.266694,-0.137383,0.000000,0.055754,-0.055318,-0.000000,0.000000,0.000000,0.000000
25.0700,-0.609366,-0.336619,-0.226830,-0.000000,-0.095793,-0.448300,0.691645,84.669714,0.538118,-0.609366,-0.240619,-0.091830,-0.266203,-0.138332,0.000000,0.056143,-0.054922,-0.000000,0.000000,0.000000,0.000000
25.1190,-0.606605,-0.339299,-0.226830,-0.000000,-0.095793,-0.448300,0.690155,84.669714,0.539100,-0.606605,-0.243299,-0.091830,-0.265665,-0.139363,0.000000,0.056564,-0.054488,-0.000000,0.000000,0.000000,0.000000
25.1710,-0.603652,-0.342121,-0.226830,-0.000000,-0.095793,-0.448300,0.688565,84.669714,0.540117,-0.603652,-0.246121,-0.091830,-0.265089,-0.140456,0.000000,0.057008,-0.054024,-0.000000,0.000000,0.000000,0.000000
25.2200,-0.600848,-0.344757,-0.226830,-0.000000,-0.095793,-0.448300,0.687060,84.669714,0.541051,-0.600848,-0.248757,-0.091830,-0.264542,-0.141483,0.000000,0.057422,-0.053584,-0.000000,0.000000,0.000000,0.000000
25.2870,-0.596982,-0.348327,-0.226830,-0.000000,-0.095793,-0.448300,0.684989,84.669714,0.542290,-0.596982,-0.252327,-0.091830,-0.263788,-0.142884,0.000000,0.057982,-0.052977,-0.000000,0.000000,0.000000,0.000000
25.3370,-0.594073,-0.350964,-0.226830,-0.000000,-0.095793,-0.448300,0.683435,84.669714,0.543187,-0.594073,-0.254964,-0.091830,-0.263221,-0.143927,0.000000,0.058397,-0.052520,-0.000000,0.000000,0.000000,0.000000
25.3690,-0.592200,-0.352640,-0.226830,-0.000000,-0.095793,-0.448300,0.682437,84.669714,0.543747,-0.592200,-0.256640,-0.091830,-0.262855,-0.144593,0.000000,0.058660,-0.052226,-0.000000,0.000000,0.000000,0.000000
25.4190,-0.589257,-0.355240,-0.226830,-0.000000,-0.095793,-0.448300,0.680871,84.669714,0.544603,-0.589257,-0.259240,-0.091830,-0.262281,-0.145632,0.000000,0.059068,-0.051763,-0.000000,0.000000,0.000000,0.000000
25.4690,-0.586293,-0.357816,-0.226830,-0.000000,-0.095793,-0.448300,0.679298,84.669714,0.545433,-0.586293,-0.261816,-0.091830,-0.261702,-0.146669,0.000000,0.059473,-0.051298,-0.000000,0.000000,0.000000,0.000000
25.5220,-0.583130,-0.360522,-0.226830,-0.000000,-0.095793,-0.448300,0.677622,84.669714,0.546286,-0.583130,-0.264522,-0.091830,-0.261085,-0.147766,0.000000,0.059898,-0.050801,-0.000000,0.000000,0.000000,0.000000
25.5720,-0.580125,-0.363050,-0.226830,-0.000000,-0.095793,-0.448300,0.676033,84.669714,0.547065,-0.580125,-0.267050,-0.091830,-0.260498,-0.148798,0.000000,0.060295,-0.050329,-0.000000,0.000000,0.000000,0.000000
25.6190,-0.577282,-0.365405,-0.226830,-0.000000,-0.095793,-0.448300,0.674533,84.669714,0.547774,-0.577282,-0.269405,-0.091830,-0.259942,-0.149767,0.000000,0.060665,-0.049882,-0.000000,0.000000,0.000000,0.000000
25.6770,-0.573751,-0.368282,-0.226830,-0.000000,-0.095793,-0.448300,0.672673,84.669714,0.548617,-0.573751,-0.272282,-0.091830,-0.259252,-0.150959,0.000000,0.061117,-0.049328,-0.000000,0.000000,0.000000,0.000000
25.7220,-0.570993,-0.370492,-0.226830,-0.000000,-0.095793,-0.448300,0.671224,84.669714,0.549248,-0.570993,-0.274492,-0.091830,-0.258712,-0.151882,0.000000,0.061464,-0.048894,-0.000000,0.000000,0.000000,0.000000
25.7690,-0.568095,-0.372780,-0.226830,-0.000000,-0.095793,-0.448300,0.669704,84.669714,0.549885,-0.568095,-0.276780,-0.091830,-0.258145,-0.152843,0.000000,0.061823,-0.048439,-0.000000,0.000000,0.000000,0.000000
25.8190,-0.564995,-0.375190,-0.226830,-0.000000,-0.095793,-0.448300,0.668080,84.669714,0.550538,-0.564995,-0.279190,-0.091830,-0.257538,-0.153864,0.000000,0.062202,-0.047952,-0.000000,0.000000,0.000000,0.000000
25.8700,-0.561813,-0.377622,-0.226830,-0.000000,-0.095793,-0.448300,0.666416,84.669714,0.551177,-0.561813,-0.281622,-0.091830,-0.256914,-0.154903,0.000000,0.062584,-0.047452,-0.000000,0.000000,0.000000,0.000000
25.9190,-0.558737,-0.379936,-0.226830,-0.000000,-0.095793,-0.448300,0.664811,84.669714,0.551766,-0.558737,-0.283936,-0.091830,-0.256311,-0.155899,0.000000,0.062948,-0.046969,-0.000000,0.000000,0.000000,0.000000
25.9690,-0.555581,-0.382272,-0.226830,-0.000000,-0.095793,-0.448300,0.663166,84.669714,0.552340,-0.555581,-0.286272,-0.091830,-0.255692,-0.156913,0.000000,0.063314,-0.046473,-0.000000,0.000000,0.000000,0.000000
26.0190,-0.552406,-0.384583,-0.226830,-0.000000,-0.095793,-0.448300,0.661514,84.669714,0.552889,-0.552406,-0.288583,-0.091830,-0.255069,-0.157924,0.000000,0.063678,-0.045975,-0.000000,0.000000,0.000000,0.000000
26.0770,-0.548700,-0.387233,-0.226830,-0.000000,-0.095793,-0.448300,0.659589,84.669714,0.553493,-0.548700,-0.291233,-0.091830,-0.254341,-0.159094,0.000000,0.064094,-0.045393,-0.000000,0.000000,0.000000,0.000000
26.1370,-0.544842,-0.389938,-0.226830,-0.000000,-0.095793,-0.448300,0.657589,84.669714,0.554080,-0.544842,-0.293938,-0.091830,-0.253582,-0.160301,0.000000,0.064519,-0.044787,-0.000000,0.000000,0.000000,0.000000
26.1850,-0.541737,-0.392076,-0.226830,-0.000000,-0.095793,-0.448300,0.655982,84.669714,0.554522,-0.541737,-0.296076,-0.091830,-0.252970,-0.161264,0.000000,0.064855,-0.044299,-0.000000,0.000000,0.000000,0.000000
26.2280,-0.538942,-0.393972,-0.226830,-0.000000,-0.095793,-0.448300,0.654536,84.669714,0.554898,-0.538942,-0.297972,-0.091830,-0.252420,-0.162124,0.000000,0.065152,-0.043860,-0.000000,0.000000,0.000000,0.000000
26.2690,-0.536265,-0.395761,-0.226830,-0.000000,-0.095793,-0.448300,0.653154,84.669714,0.555238,-0.536265,-0.299761,-0.091830,-0.251892,-0.162943,0.000000,0.065433,-0.043439,-0.000000,0.000000,0.000000,0.000000
26.3230,-0.532721,-0.398092,-0.226830,-0.000000,-0.095793,-0.448300,0.651326,84.669714,0.555658,-0.532721,-0.302092,-0.091830,-0.251192,-0.164019,0.000000,0.065800,-0.042883,-0.000000,0.000000,0.000000,0.000000
26.3720,-0.529489,-0.400181,-0.226830,-0.000000,-0.095793,-0.448300,0.649661,84.669714,0.556013,-0.529489,-0.304181,-0.091830,-0.250554,-0.164993,0.000000,0.066128,-0.042375,-0.000000,0.000000,0.000000,0.000000
26.4190,-0.526374,-0.402161,-0.226830,-0.000000,-0.095793,-0.448300,0.648059,84.669714,0.556329,-0.526374,-0.306161,-0.091830,-0.249938,-0.165925,0.000000,0.066439,-0.041886,-0.000000,0.000000,0.000000,0.000000
26.4690,-0.523044,-0.404242,-0.226830,-0.000000,-0.095793,-0.448300,0.646347,84.669714,0.556639,-0.523044,-0.308242,-0.091830,-0.249279,-0.166914,0.000000,0.066766,-0.041363,-0.000000,0.000000,0.000000,0.000000
26.5190,-0.519697,-0.406297,-0.226830,-0.000000,-0.095793,-0.448300,0.644630,84.669714,0.556922,-0.519697,-0.310297,-0.091830,-0.248615,-0.167900,0.000000,0.067088,-0.040837,-0.000000,0.000000,0.000000,0.000000
26.5690,-0.516335,-0.408326,-0.226830,-0.000000,-0.095793,-0.448300,0.642906,84.669714,0.557179,-0.516335,-0.312326,-0.091830,-0.247948,-0.168884,0.000000,0.067407,-0.040309,-0.000000,0.000000,0.000000,0.000000
26.6320,-0.512076,-0.410844,-0.226830,-0.000000,-0.095793,-0.448300,0.640725,84.669714,0.557463,-0.512076,-0.314844,-0.091830,-0.247102,-0.170119,0.000000,0.067803,-0.039640,-0.000000,0.000000,0.000000,0.000000
26.6940,-0.507860,-0.413281,-0.226830,-0.000000,-0.095793,-0.448300,0.638569,84.669714,0.557702,-0.507860,-0.317281,-0.091830,-0.246263,-0.171331,0.000000,0.068185,-0.038978,-0.000000,0.000000,0.000000,0.000000
26.7280,-0.505538,-0.414600,-0.226830,-0.000000,-0.095793,-0.448300,0.637382,84.669714,0.557815,-0.505538,-0.318600,-0.091830,-0.245801,-0.171994,0.000000,0.068393,-0.038613,-0.000000,0.000000,0.000000,0.000000
26.7700,-0.502661,-0.416213,-0.226830,-0.000000,-0.095793,-0.448300,0.635913,84.669714,0.557937,-0.502661,-0.320213,-0.091830,-0.245227,-0.172811,0.000000,0.068646,-0.038161,-0.000000,0.000000,0.000000,0.000000
26.8210,-0.499152,-0.418145,-0.226830,-0.000000,-0.095793,-0.448300,0.634123,84.669714,0.558060,-0.499152,-0.322145,-0.091830,-0.244526,-0.173801,0.000000,0.068949,-0.037610,-0.000000,0.000000,0.000000,0.000000
26.8770,-0.495281,-0.420234,-0.226830,-0.000000,-0.095793,-0.448300,0.632151,84.669714,0.558162,-0.495281,-0.324234,-0.091830,-0.243753,-0.174885,0.000000,0.069278,-0.037002,-0.000000,0.000000,0.000000,0.000000
26.9210,-0.492228,-0.421851,-0.226830,-0.000000,-0.095793,-0.448300,0.630596,84.669714,0.558218,-0.492228,-0.325851,-0.091830,-0.243141,-0.175734,0.000000,0.069532,-0.036522,-0.000000,0.000000,0.000000,0.000000
26.9690,-0.488884,-0.423592,-0.226830,-0.000000,-0.095793,-0.448300,0.628895,84.669714,0.558255,-0.488884,-0.327592,-0.091830,-0.242471,-0.176658,0.000000,0.069805,-0.035997,-0.000000,0.000000,0.000000,0.000000
27.0190,-0.485386,-0.425378,-0.226830,-0.000000,-0.095793,-0.448300,0.627117,84.669714,0.558267,-0.485386,-0.329378,-0.091830,-0.241769,-0.177617,0.000000,0.070086,-0.035447,-0.000000,0.000000,0.000000,0.000000
27.0690,-0.481875,-0.427137,-0.226830,-0.000000,-0.095793,-0.448300,0.625333,84.669714,0.558252,-0.481875,-0.331137,-0.091830,-0.241063,-0.178574,0.000000,0.070362,-0.034896,-0.000000,0.000000,0.000000,0.000000
27.1200,-0.478280,-0.428902,-0.226830,-0.000000,-0.095793,-0.448300,0.623508,84.669714,0.558208,-0.478280,-0.332902,-0.091830,-0.240339,-0.179547,0.000000,0.070639,-0.034331,-0.000000,0.000000,0.000000,0.000000
27.1740,-0.474457,-0.430739,-0.226830,-0.000000,-0.095793,-0.448300,0.621569,84.669714,0.558131,-0.474457,-0.334739,-0.091830,-0.239568,-0.180575,0.000000,0.070928,-0.033731,-0.000000,0.000000,0.000000,0.000000
27.2240,-0.470904,-0.432412,-0.226830,-0.000000,-0.095793,-0.448300,0.619768,84.669714,0.558030,-0.470904,-0.336412,-0.091830,-0.238850,-0.181523,0.000000,0.071191,-0.033172,-0.000000,0.000000,0.000000,0.000000
27.2690,-0.467695,-0.433893,-0.226830,-0.000000,-0.095793,-0.448300,0.618142,84.669714,0.557917,-0.467695,-0.337893,-0.091830,-0.238201,-0.182374,0.000000,0.071423,-0.032668,-0.000000,0.000000,0.000000,0.000000
27.3210,-0.463974,-0.435577,-0.226830,-0.000000,-0.095793,-0.448300,0.616259,84.669714,0.557758,-0.463974,-0.339577,-0.091830,-0.237447,-0.183355,0.000000,0.071688,-0.032084,-0.000000,0.000000,0.000000,0.000000
27.3820,-0.459592,-0.437513,-0.226830,-0.000000,-0.095793,-0.448300,0.614041,84.669714,0.557533,-0.459592,-0.341513,-0.091830,-0.236557,-0.184501,0.000000,0.071992,-0.031396,-0.000000,0.000000,0.000000,0.000000
27.4190,-0.456925,-0.438667,-0.226830,-0.000000,-0.095793,-0.448300,0.612693,84.669714,0.557377,-0.456925,-0.342667,-0.091830,-0.236015,-0.185194,0.000000,0.072173,-0.030977,-0.000000,0.000000,0.000000,0.000000
27.4690,-0.453310,-0.440202,-0.226830,-0.000000,-0.095793,-0.448300,0.610866,84.669714,0.557143,-0.453310,-0.344202,-0.091830,-0.235279,-0.186129,0.000000,0.072414,-0.030409,-0.000000,0.000000,0.000000,0.000000
27.5300,-0.448884,-0.442035,-0.226830,-0.000000,-0.095793,-0.448300,0.608630,84.669714,0.556819,-0.448884,-0.346035,-0.091830,-0.234375,-0.187265,0.000000,0.072702,-0.029714,-0.000000,0.000000,0.000000,0.000000
27.5970,-0.444003,-0.444001,-0.226830,-0.000000,-0.095793,-0.448300,0.606165,84.669714,0.556416,-0.444003,-0.348001,-0.091830,-0.233377,-0.188508,0.000000,0.073011,-0.028947,-0.000000,0.000000,0.000000,0.000000
27.6190,-0.442396,-0.444635,-0.226830,-0.000000,-0.095793,-0.448300,0.605354,84.669714,0.556273,-0.442396,-0.348635,-0.091830,-0.233047,-0.188915,0.000000,0.073110,-0.028694,-0.000000,0.000000,0.000000,0.000000
27.6690,-0.438735,-0.446055,-0.226830,-0.000000,-0.095793,-0.448300,0.603507,84.669714,0.555928,-0.438735,-0.350055,-0.091830,-0.232296,-0.189838,0.000000,0.073334,-0.028119,-0.000000,0.000000,0.000000,0.000000
27.7190,-0.435062,-0.447447,-0.226830,-0.000000,-0.095793,-0.448300,0.601655,84.669714,0.555556,-0.435062,-0.351447,-0.091830,-0.231541,-0.190758,0.000000,0.073552,-0.027542,-0.000000,0.000000,0.000000,0.000000
27.7820,-0.430420,-0.449159,-0.226830,-0.000000,-0.095793,-0.448300,0.599315,84.669714,0.555048,-0.430420,-0.353159,-0.091830,-0.230585,-0.191913,0.000000,0.073821,-0.026813,-0.000000,0.000000,0.000000,0.000000
27.8190,-0.427686,-0.450143,-0.226830,-0.000000,-0.095793,-0.448300,0.597937,84.669714,0.554729,-0.427686,-0.354143,-0.091830,-0.230021,-0.192589,0.000000,0.073976,-0.026384,-0.000000,0.000000,0.000000,0.000000
27.8690,-0.423982,-0.451448,-0.226830,-0.000000,-0.095793,-0.448300,0.596070,84.669714,0.554274,-0.423982,-0.355448,-0.091830,-0.229255,-0.193500,0.000000,0.074181,-0.025802,-0.000000,0.000000,0.000000,0.000000
27.9190,-0.420268,-0.452723,-0.226830,-0.000000,-0.095793,-0.448300,0.594200,84.669714,0.553792,-0.420268,-0.356723,-0.091830,-0.228485,-0.194408,0.000000,0.074381,-0.025219,-0.000000,0.000000,0.000000,0.000000
27.9690,-0.416544,-0.453969,-0.226830,-0.000000,-0.095793,-0.448300,0.592324,84.669714,0.553282,-0.416544,-0.357969,-0.091830,-0.227712,-0.195313,0.000000,0.074577,-0.024634,-0.000000,0.000000,0.000000,0.000000
28.0200,-0.412735,-0.455210,-0.226830,-0.000000,-0.095793,-0.448300,0.590407,84.669714,0.552734,-0.412735,-0.359210,-0.091830,-0.226920,-0.196233,0.000000,0.074772,-0.024035,-0.000000,0.000000,0.000000,0.000000
28.0690,-0.409067,-0.456374,-0.226830,-0.000000,-0.095793,-0.448300,0.588561,84.669714,0.552181,-0.409067,-0.360374,-0.091830,-0.226155,-0.197114,0.000000,0.074954,-0.023459,-0.000000,0.000000,0.000000,0.000000
28.1210,-0.405165,-0.457578,-0.226830,-0.000000,-0.095793,-0.448300,0.586597,84.669714,0.551565,-0.405165,-0.361578,-0.091830,-0.225339,-0.198046,0.000000,0.075144,-0.022846,-0.000000,0.000000,0.000000,0.000000
28.1800,-0.400725,-0.458905,-0.226830,-0.000000,-0.095793,-0.448300,0.584363,84.669714,0.550830,-0.400725,-0.362905,-0.091830,-0.224409,-0.199099,0.000000,0.075352,-0.022149,-0.000000,0.000000,0.000000,0.000000
28.2240,-0.397406,-0.459868,-0.226830,-0.000000,-0.095793,-0.448300,0.582694,84.669714,0.550257,-0.397406,-0.363868,-0.091830,-0.223712,-0.199882,0.000000,0.075503,-0.021627,-0.000000,0.000000,0.000000,0.000000
28.2690,-0.394005,-0.460830,-0.226830,-0.000000,-0.095793,-0.448300,0.580983,84.669714,0.549650,-0.394005,-0.364830,-0.091830,-0.222997,-0.200680,0.000000,0.075654,-0.021093,-0.000000,0.000000,0.000000,0.000000
28.3190,-0.390218,-0.461869,-0.226830,-0.000000,-0.095793,-0.448300,0.579078,84.669714,0.548949,-0.390218,-0.365869,-0.091830,-0.222198,-0.201564,0.000000,0.075818,-0.020498,-0.000000,0.000000,0.000000,0.000000
28.3720,-0.386195,-0.462939,-0.226830,-0.000000,-0.095793,-0.448300,0.577055,84.669714,0.548176,-0.386195,-0.366939,-0.091830,-0.221348,-0.202497,0.000000,0.075986,-0.019866,-0.000000,0.000000,0.000000,0.000000
28.4200,-0.382545,-0.463879,-0.226830,-0.000000,-0.095793,-0.448300,0.575219,84.669714,0.547450,-0.382545,-0.367879,-0.091830,-0.220574,-0.203339,0.000000,0.076133,-0.019293,-0.000000,0.000000,0.000000,0.000000
28.4730,-0.378505,-0.464885,-0.226830,-0.000000,-0.095793,-0.448300,0.573188,84.669714,0.546619,-0.378505,-0.368885,-0.091830,-0.219717,-0.204266,0.000000,0.076291,-0.018658,-0.000000,0.000000,0.000000,0.000000
28.5290,-0.374228,-0.465911,-0.226830,-0.000000,-0.095793,-0.448300,0.571037,84.669714,0.545708,-0.374228,-0.369911,-0.091830,-0.218806,-0.205241,0.000000,0.076452,-0.017987,-0.000000,0.000000,0.000000,0.000000
28.5960,-0.369100,-0.467089,-0.226830,-0.000000,-0.095793,-0.448300,0.568458,84.669714,0.544574,-0.369100,-0.371089,-0.091830,-0.217710,-0.206403,0.000000,0.076638,-0.017181,-0.000000,0.000000,0.000000,0.000000
28.6360,-0.366032,-0.467767,-0.226830,-0.000000,-0.095793,-0.448300,0.566915,84.669714,0.543874,-0.366032,-0.371767,-0.091830,-0.217053,-0.207094,0.000000,0.076744,-0.016699,-0.000000,0.000000,0.000000,0.000000
28.6790,-0.362730,-0.468473,-0.226830,-0.000000,-0.095793,-0.448300,0.565255,84.669714,0.543102,-0.362730,-0.372473,-0.091830,-0.216345,-0.207834,0.000000,0.076855,-0.016180,-0.000000,0.000000,0.000000,0.000000
28.7560,-0.356805,-0.469684,-0.226830,-0.000000,-0.095793,-0.448300,0.562275,84.669714,0.541670,-0.356805,-0.373684,-0.091830,-0.215069,-0.209154,0.000000,0.077045,-0.015250,-0.000000,0.000000,0.000000,0.000000
28.8060,-0.352949,-0.470431,-0.226830,-0.000000,-0.095793,-0.448300,0.560336,84.669714,0.540706,-0.352949,-0.374431,-0.091830,-0.214236,-0.210007,0.000000,0.077162,-0.014644,-0.000000,0.000000,0.000000,0.000000
28.8320,-0.350942,-0.470808,-0.226830,-0.000000,-0.095793,-0.448300,0.559326,84.669714,0.540194,-0.350942,-0.374808,-0.091830,-0.213802,-0.210449,0.000000,0.077222,-0.014329,-0.000000,0.000000,0.000000,0.000000
28.8690,-0.348084,-0.471329,-0.226830,-0.000000,-0.095793,-0.448300,0.557888,84.669714,0.539453,-0.348084,-0.375329,-0.091830,-0.213182,-0.211077,0.000000,0.077304,-0.013880,-0.000000,0.000000,0.000000,0.000000
28.9230,-0.343906,-0.472061,-0.226830,-0.000000,-0.095793,-0.448300,0.555786,84.669714,0.538346,-0.343906,-0.376061,-0.091830,-0.212274,-0.211990,0.000000,0.077419,-0.013224,-0.000000,0.000000,0.000000,0.000000
28.9700,-0.340265,-0.472669,-0.226830,-0.000000,-0.095793,-0.448300,0.553954,84.669714,0.537357,-0.340265,-0.376669,-0.091830,-0.211481,-0.212781,0.000000,0.077514,-0.012652,-0.000000,0.000000,0.000000,0.000000
29.0240,-0.336077,-0.473335,-0.226830,-0.000000,-0.095793,-0.448300,0.551846,84.669714,0.536193,-0.336077,-0.377335,-0.091830,-0.210566,-0.213687,0.000000,0.077619,-0.011994,-0.000000,0.000000,0.000000,0.000000
29.0700,-0.332504,-0.473874,-0.226830,-0.000000,-0.095793,-0.448300,0.550048,84.669714,0.535176,-0.332504,-0.377874,-0.091830,-0.209783,-0.214456,0.000000,0.077703,-0.011433,-0.000000,0.000000,0.000000,0.000000
29.1310,-0.327761,-0.474548,-0.226830,-0.000000,-0.095793,-0.448300,0.547660,84.669714,0.533794,-0.327761,-0.378548,-0.091830,-0.208740,-0.215471,0.000000,0.077809,-0.010688,-0.000000,0.000000,0.000000,0.000000
29.1690,-0.324803,-0.474945,-0.226830,-0.000000,-0.095793,-0.448300,0.546171,84.669714,0.532913,-0.324803,-0.378945,-0.091830,-0.208088,-0.216100,0.000000,0.077872,-0.010223,-0.000000,0.000000,0.000000,0.000000
29.2190,-0.320907,-0.475441,-0.226830,-0.000000,-0.095793,-0.448300,0.544209,84.669714,0.531731,-0.320907,-0.379441,-0.091830,-0.207227,-0.216926,0.000000,0.077950,-0.009611,-0.000000,0.000000,0.000000,0.000000
29.2830,-0.315916,-0.476031,-0.226830,-0.000000,-0.095793,-0.448300,0.541695,84.669714,0.530180,-0.315916,-0.380031,-0.091830,-0.206120,-0.217978,0.000000,0.078042,-0.008827,-0.000000,0.000000,0.000000,0.000000
29.3190,-0.313105,-0.476341,-0.226830,-0.000000,-0.095793,-0.448300,0.540279,84.669714,0.529289,-0.313105,-0.380341,-0.091830,-0.205495,-0.218567,0.000000,0.078091,-0.008385,-0.000000,0.000000,0.000000,0.000000
29.3690,-0.309199,-0.476745,-0.226830,-0.000000,-0.095793,-0.448300,0.538310,84.669714,0.528029,-0.309199,-0.380745,-0.091830,-0.204624,-0.219383,0.000000,0.078154,-0.007772,-0.000000,0.000000,0.000000,0.000000
29.4200,-0.305212,-0.477126,-0.226830,-0.000000,-0.095793,-0.448300,0.536300,84.669714,0.526717,-0.305212,-0.381126,-0.091830,-0.203732,-0.220211,0.000000,0.078214,-0.007146,-0.000000,0.000000,0.000000,0.000000
29.5030,-0.298716,-0.477676,-0.226830,-0.000000,-0.095793,-0.448300,0.533025,84.669714,0.524526,-0.298716,-0.381676,-0.091830,-0.202274,-0.221552,0.000000,0.078301,-0.006125,-0.000000,0.000000,0.000000,0.000000
29.5640,-0.293938,-0.478027,-0.226830,-0.000000,-0.095793,-0.448300,0.530614,84.669714,0.522870,-0.293938,-0.382027,-0.091830,-0.201196,-0.222532,0.000000,0.078356,-0.005375,-0.000000,0.000000,0.000000,0.000000
29.6040,-0.290803,-0.478232,-0.226830,-0.000000,-0.095793,-0.448300,0.529033,84.669714,0.521764,-0.290803,-0.382232,-0.091830,-0.200486,-0.223171,0.000000,0.078388,-0.004882,-0.000000,0.000000,0.000000,0.000000
29.6190,-0.289627,-0.478304,-0.226830,-0.000000,-0.095793,-0.448300,0.528439,84.669714,0.521345,-0.289627,-0.382304,-0.091830,-0.200220,-0.223410,0.000000,0.078399,-0.004698,-0.000000,0.000000,0.000000,0.000000
29.6690,-0.285707,-0.478523,-0.226830,-0.000000,-0.095793,-0.448300,0.526460,84.669714,0.519932,-0.285707,-0.382523,-0.091830,-0.199329,-0.224205,0.000000,0.078434,-0.004082,-0.000000,0.000000,0.000000,0.000000
29.7190,-0.281784,-0.478712,-0.226830,-0.000000,-0.095793,-0.448300,0.524479,84.669714,0.518494,-0.281784,-0.382712,-0.091830,-0.198435,-0.224997,0.000000,0.078463,-0.003466,-0.000000,0.000000,0.000000,0.000000
29.7690,-0.277860,-0.478870,-0.226830,-0.000000,-0.095793,-0.448300,0.522497,84.669714,0.517031,-0.277860,-0.382870,-0.091830,-0.197538,-0.225785,0.000000,0.078488,-0.002849,-0.000000,0.000000,0.000000,0.000000
29.8270,-0.273307,-0.479015,-0.226830,-0.000000,-0.095793,-0.448300,0.520197,84.669714,0.515303,-0.273307,-0.383015,-0.091830,-0.196493,-0.226695,0.000000,0.078511,-0.002134,-0.000000,0.000000,0.000000,0.000000
29.8690,-0.270010,-0.479093,-0.226830,-0.000000,-0.095793,-0.448300,0.518530,84.669714,0.514031,-0.270010,-0.383093,-0.091830,-0.195733,-0.227351,0.000000,0.078523,-0.001616,-0.000000,0.000000,0.000000,0.000000
29.9210,-0.265926,-0.479161,-0.226830,-0.000000,-0.095793,-0.448300,0.516466,84.669714,0.512432,-0.265926,-0.383161,-0.091830,-0.194790,-0.228160,0.000000,0.078534,-0.000975,-0.000000,0.000000,0.000000,0.000000
29.9910,-0.260428,-0.479199,-0.226830,-0.000000,-0.095793,-0.448300,0.513685,84.669714,0.510237,-0.260428,-0.383199,-0.091830,-0.193515,-0.229243,0.000000,0.078540,-0.000111,-0.000000,0.000000,0.000000,0.000000
30.0320,-0.257208,-0.479193,-0.226830,-0.000000,-0.095793,-0.448300,0.512055,84.669714,0.508930,-0.257208,-0.383193,-0.091830,-0.192765,-0.229873,0.000000,0.078539,0.000395,0.000000,0.000000,0.000000,0.000000
30.0710,-0.254145,-0.479168,-0.226830,-0.000000,-0.095793,-0.448300,0.510505,84.669714,0.507671,-0.254145,-0.383168,-0.091830,-0.192049,-0.230471,0.000000,0.078535,0.000876,0.000000,0.000000,0.000000,0.000000
30.1230,-0.250062,-0.479106,-0.226830,-0.000000,-0.095793,-0.448300,0.508438,84.669714,0.505969,-0.250062,-0.383106,-0.091830,-0.191093,-0.231265,0.000000,0.078525,0.001517,0.000000,0.000000,0.000000,0.000000
30.1690,-0.246450,-0.479023,-0.226830,-0.000000,-0.095793,-0.448300,0.506608,84.669714,0.504443,-0.246450,-0.383023,-0.091830,-0.190243,-0.231964,0.000000,0.078512,0.002085,0.000000,0.000000,0.000000,0.000000
30.2190,-0.242525,-0.478903,-0.226830,-0.000000,-0.095793,-0.448300,0.504620,84.669714,0.502760,-0.242525,-0.382903,-0.091830,-0.189317,-0.232721,0.000000,0.078493,0.002701,0.000000,0.000000,0.000000,0.000000
30.2890,-0.237031,-0.478684,-0.226830,-0.000000,-0.095793,-0.448300,0.501835,84.669714,0.500366,-0.237031,-0.382684,-0.091830,-0.188016,-0.233774,0.000000,0.078459,0.003564,0.000000,0.000000,0.000000,0.000000
30.3520,-0.232090,-0.478435,-0.226830,-0.000000,-0.095793,-0.448300,0.499329,84.669714,0.498171,-0.232090,-0.382435,-0.091830,-0.186839,-0.234715,0.000000,0.078420,0.004340,0.000000,0.000000,0.000000,0.000000
30.4040,-0.228013,-0.478193,-0.226830,-0.000000,-0.095793,-0.448300,0.497261,84.669714,0.496332,-0.228013,-0.382193,-0.091830,-0.185864,-0.235488,0.000000,0.078382,0.004981,0.000000,0.000000,0.000000,0.000000
30.4480,-0.224565,-0.477962,-0.226830,-0.000000,-0.095793,-0.448300,0.495511,84.669714,0.494756,-0.224565,-0.381962,-0.091830,-0.185036,-0.236139,0.000000,0.078345,0.005522,0.000000,0.000000,0.000000,0.000000
30.4970,-0.220727,-0.477676,-0.226830,-0.000000,-0.095793,-0.448300,0.493563,84.669714,0.492980,-0.220727,-0.381676,-0.091830,-0.184112,-0.236861,0.000000,0.078301,0.006125,0.000000,0.000000,0.000000,0.000000
30.5500,-0.216578,-0.477334,-0.226830,-0.000000,-0.095793,-0.448300,0.491456,84.669714,0.491034,-0.216578,-0.381334,-0.091830,-0.183108,-0.237637,0.000000,0.078247,0.006777,0.000000,0.000000,0.000000,0.000000
30.6110,-0.211807,-0.476898,-0.226830,-0.000000,-0.095793,-0.448300,0.489032,84.669714,0.488764,-0.211807,-0.380898,-0.091830,-0.181949,-0.238526,0.000000,0.078178,0.007526,0.000000,0.000000,0.000000,0.000000
30.6190,-0.211182,-0.476837,-0.226830,-0.000000,-0.095793,-0.448300,0.488715,84.669714,0.488464,-0.211182,-0.380837,-0.091830,-0.181797,-0.238642,0.000000,0.078169,0.007625,0.000000,0.000000,0.000000,0.000000
30.6730,-0.206963,-0.476408,-0.226830,-0.000000,-0.095793,-0.448300,0.486570,84.669714,0.486422,-0.206963,-0.380408,-0.091830,-0.180767,-0.239423,0.000000,0.078101,0.008287,0.000000,0.000000,0.000000,0.000000
30.7350,-0.202123,-0.475870,-0.226830,-0.000000,-0.095793,-0.448300,0.484109,84.669714,0.484046,-0.202123,-0.379870,-0.091830,-0.179579,-0.240315,0.000000,0.078017,0.009048,0.000000,0.000000,0.000000,0.000000
30.7920,-0.197678,-0.475335,-0.226830,-0.000000,-0.095793,-0.448300,0.481848,84.669714,0.481832,-0.197678,-0.379335,-0.091830,-0.178483,-0.241130,0.000000,0.077933,0.009746,0.000000,0.000000,0.000000,0.000000
30.8320,-0.194562,-0.474935,-0.226830,-0.000000,-0.095793,-0.448300,0.480263,84.669714,0.480261,-0.194562,-0.378935,-0.091830,-0.177712,-0.241699,0.000000,0.077870,0.010235,0.000000,0.000000,0.000000,0.000000
30.8880,-0.190204,-0.474343,-0.226830,-0.000000,-0.095793,-0.448300,0.478045,84.669714,0.478039,-0.190204,-0.378343,-0.091830,-0.176629,-0.242491,0.000000,0.077777,0.010920,0.000000,0.000000,0.000000,0.000000
30.9190,-0.187794,-0.473999,-0.226830,-0.000000,-0.095793,-0.448300,0.476818,84.669714,0.476797,-0.187794,-0.377999,-0.091830,-0.176028,-0.242928,0.000000,0.077723,0.011298,0.000000,0.000000,0.000000,0.000000
30.9690,-0.183910,-0.473418,-0.226830,-0.000000,-0.095793,-0.448300,0.474840,84.669714,0.474777,-0.183910,-0.377418,-0.091830,-0.175056,-0.243630,0.000000,0.077632,0.011908,0.000000,0.000000,0.000000,0.000000
31.0190,-0.180031,-0.472808,-0.226830,-0.000000,-0.095793,-0.448300,0.472864,84.669714,0.472736,-0.180031,-0.376808,-0.091830,-0.174081,-0.244327,0.000000,0.077536,0.012518,0.000000,0.000000,0.000000,0.000000
31.0720,-0.175924,-0.472127,-0.226830,-0.000000,-0.095793,-0.448300,0.470772,84.669714,0.470550,-0.175924,-0.376127,-0.091830,-0.173044,-0.245062,0.000000,0.077429,0.013163,0.000000,0.000000,0.000000,0.000000
31.1290,-0.171514,-0.471357,-0.226830,-0.000000,-0.095793,-0.448300,0.468524,84.669714,0.468173,-0.171514,-0.375357,-0.091830,-0.171926,-0.245849,0.000000,0.077308,0.013856,0.000000,0.000000,0.000000,0.000000
31.1800,-0.167574,-0.470635,-0.226830,-0.000000,-0.095793,-0.448300,0.466515,84.669714,0.466024,-0.167574,-0.374635,-0.091830,-0.170922,-0.246548,0.000000,0.077195,0.014474,0.000000,0.000000,0.000000,0.000000
31.2350,-0.163332,-0.469820,-0.226830,-0.000000,-0.095793,-0.448300,0.464352,84.669714,0.463683,-0.163332,-0.373820,-0.091830,-0.169835,-0.247297,0.000000,0.077067,0.015141,0.000000,0.000000,0.000000,0.000000
31.2690,-0.160713,-0.469298,-0.226830,-0.000000,-0.095793,-0.448300,0.463017,84.669714,0.462223,-0.160713,-0.373298,-0.091830,-0.169162,-0.247758,0.000000,0.076985,0.015552,0.000000,0.000000,0.000000,0.000000
31.3390,-0.155330,-0.468180,-0.226830,-0.000000,-0.095793,-0.448300,0.460271,84.669714,0.459190,-0.155330,-0.372180,-0.091830,-0.167772,-0.248702,0.000000,0.076809,0.016398,0.000000,0.000000,0.000000,0.000000
31.3700,-0.152951,-0.467666,-0.226830,-0.000000,-0.095793,-0.448300,0.459056,84.669714,0.457834,-0.152951,-0.371666,-0.091830,-0.167154,-0.249117,0.000000,0.076728,0.016772,0.000000,0.000000,0.000000,0.000000
31.4190,-0.149194,-0.466830,-0.226830,-0.000000,-0.095793,-0.448300,0.457139,84.669714,0.455676,-0.149194,-0.370830,-0.091830,-0.166176,-0.249771,0.000000,0.076597,0.017362,0.000000,0.000000,0.000000,0.000000
31.4690,-0.145368,-0.465947,-0.226830,-0.000000,-0.095793,-0.448300,0.455187,84.669714,0.453455,-0.145368,-0.369947,-0.091830,-0.165175,-0.250434,0.000000,0.076458,0.017963,0.000000,0.000000,0.000000,0.000000
31.5190,-0.141548,-0.465034,-0.226830,-0.000000,-0.095793,-0.448300,0.453237,84.669714,0.451216,-0.141548,-0.369034,-0.091830,-0.164170,-0.251094,0.000000,0.076315,0.018563,0.000000,0.000000,0.000000,0.000000
31.5750,-0.137279,-0.463975,-0.226830,-0.000000,-0.095793,-0.448300,0.451058,84.669714,0.448685,-0.137279,-0.367975,-0.091830,-0.163042,-0.251828,0.000000,0.076148,0.019233,0.000000,0.000000,0.000000,0.000000
31.6380,-0.132488,-0.462740,-0.226830,-0.000000,-0.095793,-0.448300,0.448612,84.669714,0.445811,-0.132488,-0.366740,-0.091830,-0.161769,-0.252648,0.000000,0.075954,0.019986,0.000000,0.000000,0.000000,0.000000
31.6840,-0.128998,-0.461808,-0.226830,-0.000000,-0.095793,-0.448300,0.446829,84.669714,0.443695,-0.128998,-0.365808,-0.091830,-0.160837,-0.253242,0.000000,0.075808,0.020534,0.000000,0.000000,0.000000,0.000000
31.7240,-0.125968,-0.460977,-0.226830,-0.000000,-0.095793,-0.448300,0.445282,84.669714,0.441842,-0.125968,-0.364977,-0.091830,-0.160024,-0.253757,0.000000,0.075677,0.021010,0.000000,0.000000,0.000000,0.000000
31.7760,-0.122037,-0.459868,-0.226830,-0.000000,-0.095793,-0.448300,0.443276,84.669714,0.439417,-0.122037,-0.363868,-0.091830,-0.158964,-0.254422,0.000000,0.075503,0.021627,0.000000,0.000000,0.000000,0.000000
31.8200,-0.118718,-0.458905,-0.226830,-0.000000,-0.095793,-0.448300,0.441581,84.669714,0.437350,-0.118718,-0.362905,-0.091830,-0.158065,-0.254981,0.000000,0.075352,0.022149,0.000000,0.000000,0.000000,0.000000
31.8700,-0.114955,-0.457783,-0.226830,-0.000000,-0.095793,-0.448300,0.439660,84.669714,0.434985,-0.114955,-0.361783,-0.091830,-0.157041,-0.255613,0.000000,0.075176,0.022740,0.000000,0.000000,0.000000,0.000000
31.9190,-0.111276,-0.456655,-0.226830,-0.000000,-0.095793,-0.448300,0.437782,84.669714,0.432651,-0.111276,-0.360655,-0.091830,-0.156035,-0.256228,0.000000,0.074999,0.023318,0.000000,0.000000,0.000000,0.000000
31.9690,-0.107531,-0.455474,-0.226830,-0.000000,-0.095793,-0.448300,0.435870,84.669714,0.430254,-0.107531,-0.359474,-0.091830,-0.155006,-0.256853,0.000000,0.074813,0.023906,0.000000,0.000000,0.000000,0.000000
32.0270,-0.103198,-0.454068,-0.226830,-0.000000,-0.095793,-0.448300,0.433659,84.669714,0.427453,-0.103198,-0.358068,-0.091830,-0.153808,-0.257572,0.000000,0.074592,0.024587,0.000000,0.000000,0.000000,0.000000
32.0690,-0.100068,-0.453025,-0.226830,-0.000000,-0.095793,-0.448300,0.432062,84.669714,0.425411,-0.100068,-0.357025,-0.091830,-0.152938,-0.258089,0.000000,0.074428,0.025078,0.000000,0.000000,0.000000,0.000000
32.1190,-0.096352,-0.451756,-0.226830,-0.000000,-0.095793,-0.448300,0.430166,84.669714,0.422966,-0.096352,-0.355756,-0.091830,-0.151900,-0.258701,0.000000,0.074229,0.025662,0.000000,0.000000,0.000000,0.000000
32.1740,-0.092275,-0.450327,-0.226830,-0.000000,-0.095793,-0.448300,0.428087,84.669714,0.420259,-0.092275,-0.354327,-0.091830,-0.150755,-0.259370,0.000000,0.074005,0.026302,0.000000,0.000000,0.000000,0.000000
32.2190,-0.088949,-0.449132,-0.226830,-0.000000,-0.095793,-0.448300,0.426391,84.669714,0.418030,-0.088949,-0.353132,-0.091830,-0.149816,-0.259914,0.000000,0.073817,0.026825,0.000000,0.000000,0.000000,0.000000
32.2690,-0.085264,-0.447776,-0.226830,-0.000000,-0.095793,-0.448300,0.424513,84.669714,0.415540,-0.085264,-0.351776,-0.091830,-0.148770,-0.260514,0.000000,0.073604,0.027404,0.000000,0.000000,0.000000,0.000000
32.3190,-0.081589,-0.446392,-0.226830,-0.000000,-0.095793,-0.448300,0.422641,84.669714,0.413036,-0.081589,-0.350392,-0.091830,-0.147721,-0.261110,0.000000,0.073386,0.027981,0.000000,0.000000,0.000000,0.000000
32.3690,-0.077925,-0.444978,-0.226830,-0.000000,-0.095793,-0.448300,0.420775,84.669714,0.410518,-0.077925,-0.348978,-0.091830,-0.146670,-0.261702,0.000000,0.073164,0.028557,0.000000,0.000000,0.000000,0.000000
32.4360,-0.073033,-0.443039,-0.226830,-0.000000,-0.095793,-0.448300,0.418286,84.669714,0.407122,-0.073033,-0.347039,-0.091830,-0.145256,-0.262489,0.000000,0.072860,0.029325,0.000000,0.000000,0.000000,0.000000
32.4690,-0.070632,-0.442065,-0.226830,-0.000000,-0.095793,-0.448300,0.417064,84.669714,0.405441,-0.070632,-0.346065,-0.091830,-0.144558,-0.262874,0.000000,0.072707,0.029702,0.000000,0.000000,0.000000,0.000000
32.5280,-0.066350,-0.440293,-0.226830,-0.000000,-0.095793,-0.448300,0.414888,84.669714,0.402421,-0.066350,-0.344293,-0.091830,-0.143308,-0.263558,0.000000,0.072428,0.030375,0.000000,0.000000,0.000000,0.000000
32.5800,-0.062590,-0.438698,-0.226830,-0.000000,-0.095793,-0.448300,0.412978,84.669714,0.399746,-0.062590,-0.342698,-0.091830,-0.142202,-0.264156,0.000000,0.072178,0.030965,0.000000,0.000000,0.000000,0.000000
32.6200,-0.059707,-0.437450,-0.226830,-0.000000,-0.095793,-0.448300,0.411514,84.669714,0.397678,-0.059707,-0.341450,-0.091830,-0.141350,-0.264613,0.000000,0.071982,0.031418,0.000000,0.000000,0.000000,0.000000
32.6700,-0.056114,-0.435865,-0.226830,-0.000000,-0.095793,-0.448300,0.409692,84.669714,0.395083,-0.056114,-0.339865,-0.091830,-0.140282,-0.265181,0.000000,0.071733,0.031983,0.000000,0.000000,0.000000,0.000000
32.7190,-0.052605,-0.434285,-0.226830,-0.000000,-0.095793,-0.448300,0.407913,84.669714,0.392530,-0.052605,-0.338285,-0.091830,-0.139233,-0.265733,0.000000,0.071485,0.032534,0.000000,0.000000,0.000000,0.000000
32.7690,-0.049038,-0.432644,-0.226830,-0.000000,-0.095793,-0.448300,0.406106,84.669714,0.389913,-0.049038,-0.336644,-0.091830,-0.138160,-0.266293,0.000000,0.071227,0.033094,0.000000,0.000000,0.000000,0.000000
32.8240,-0.045128,-0.430807,-0.226830,-0.000000,-0.095793,-0.448300,0.404129,84.669714,0.387022,-0.045128,-0.334807,-0.091830,-0.136976,-0.266904,0.000000,0.070938,0.033708,0.000000,0.000000,0.000000,0.000000
32.9010,-0.039682,-0.428178,-0.226830,-0.000000,-0.095793,-0.448300,0.401377,84.669714,0.382954,-0.039682,-0.332178,-0.091830,-0.135314,-0.267750,0.000000,0.070525,0.034564,0.000000,0.000000,0.000000,0.000000
32.9340,-0.037357,-0.427032,-0.226830,-0.000000,-0.095793,-0.448300,0.400205,84.669714,0.381203,-0.037357,-0.331032,-0.091830,-0.134599,-0.268110,0.000000,0.070345,0.034929,0.000000,0.000000,0.000000,0.000000
33.0080,-0.032167,-0.424417,-0.226830,-0.000000,-0.095793,-0.448300,0.397590,84.669714,0.377264,-0.032167,-0.328417,-0.091830,-0.132993,-0.268910,0.000000,0.069935,0.035744,0.000000,0.000000,0.000000,0.000000
33.0560,-0.028816,-0.422688,-0.226830,-0.000000,-0.095793,-0.448300,0.395904,84.669714,0.374698,-0.028816,-0.326688,-0.091830,-0.131948,-0.269425,0.000000,0.069663,0.036271,0.000000,0.000000,0.000000,0.000000
33.0880,-0.026590,-0.421522,-0.226830,-0.000000,-0.095793,-0.448300,0.394786,84.669714,0.372983,-0.026590,-0.325522,-0.091830,-0.131250,-0.269765,0.000000,0.069480,0.036620,0.000000,0.000000,0.000000,0.000000
33.1190,-0.024439,-0.420382,-0.226830,-0.000000,-0.095793,-0.448300,0.393706,84.669714,0.371319,-0.024439,-0.324382,-0.091830,-0.130573,-0.270094,0.000000,0.069301,0.036958,0.000000,0.000000,0.000000,0.000000
33.1700,-0.020912,-0.418483,-0.226830,-0.000000,-0.095793,-0.448300,0.391938,84.669714,0.368575,-0.020912,-0.322483,-0.091830,-0.129457,-0.270631,0.000000,0.069003,0.037512,0.000000,0.000000,0.000000,0.000000
33.2190,-0.017538,-0.416632,-0.226830,-0.000000,-0.095793,-0.448300,0.390249,84.669714,0.365932,-0.017538,-0.320632,-0.091830,-0.128381,-0.271142,0.000000,0.068712,0.038042,0.000000,0.000000,0.000000,0.000000
33.2690,-0.014110,-0.414716,-0.226830,-0.000000,-0.095793,-0.448300,0.388536,84.669714,0.363228,-0.014110,-0.318716,-0.091830,-0.127282,-0.271660,0.000000,0.068411,0.038581,0.000000,0.000000,0.000000,0.000000
33.3190,-0.010697,-0.412774,-0.226830,-0.000000,-0.095793,-0.448300,0.386834,84.669714,0.360518,-0.010697,-0.316774,-0.091830,-0.126179,-0.272174,0.000000,0.068106,0.039117,0.000000,0.000000,0.000000,0.000000
33.3690,-0.007300,-0.410804,-0.226830,-0.000000,-0.095793,-0.448300,0.385142,84.669714,0.357803,-0.007300,-0.314804,-0.091830,-0.125074,-0.272684,0.000000,0.067796,0.039650,0.000000,0.000000,0.000000,0.000000
33.4190,-0.003918,-0.408809,-0.226830,-0.000000,-0.095793,-0.448300,0.383462,84.669714,0.355082,-0.003918,-0.312809,-0.091830,-0.123967,-0.273189,0.000000,0.067483,0.040182,0.000000,0.000000,0.000000,0.000000
33.4720,-0.000350,-0.406664,-0.226830,-0.000000,-0.095793,-0.448300,0.381694,84.669714,0.352193,-0.000350,-0.310664,-0.091830,-0.122790,-0.273720,0.000000,0.067146,0.040742,0.000000,0.000000,0.000000,0.000000
33.5220,0.002999,-0.404614,-0.226830,-0.000000,-0.095793,-0.448300,0.380038,84.669714,0.349463,0.002999,-0.308614,-0.091830,-0.121677,-0.274217,0.000000,0.066824,0.041268,0.000000,0.000000,0.000000,0.000000
33.5700,0.006199,-0.402621,-0.226830,-0.000000,-0.095793,-0.448300,0.378459,84.669714,0.346840,0.006199,-0.306621,-0.091830,-0.120605,-0.274690,0.000000,0.066511,0.041771,0.000000,0.000000,0.000000,0.000000
33.6190,0.009451,-0.400562,-0.226830,-0.000000,-0.095793,-0.448300,0.376859,84.669714,0.344159,0.009451,-0.304562,-0.091830,-0.119509,-0.275168,0.000000,0.066187,0.042281,0.000000,0.000000,0.000000,0.000000
33.6760,0.013212,-0.398135,-0.226830,-0.000000,-0.095793,-0.448300,0.375012,84.669714,0.341038,0.013212,-0.302135,-0.091830,-0.118231,-0.275720,0.000000,0.065806,0.042872,0.000000,0.000000,0.000000,0.000000
33.7190,0.016036,-0.396282,-0.226830,-0.000000,-0.095793,-0.448300,0.373631,84.669714,0.338682,0.016036,-0.300282,-0.091830,-0.117265,-0.276132,0.000000,0.065515,0.043316,0.000000,0.000000,0.000000,0.000000
33.7690,0.019303,-0.394103,-0.226830,-0.000000,-0.095793,-0.448300,0.372036,84.669714,0.335941,0.019303,-0.298103,-0.091830,-0.116139,-0.276608,0.000000,0.065173,0.043829,0.000000,0.000000,0.000000,0.000000
33.8310,0.023330,-0.391366,-0.226830,-0.000000,-0.095793,-0.448300,0.370077,84.669714,0.332542,0.023330,-0.295366,-0.091830,-0.114738,-0.277191,0.000000,0.064743,0.044462,0.000000,0.000000,0.000000,0.000000
33.8690,0.025786,-0.389669,-0.226830,-0.000000,-0.095793,-0.448300,0.368887,84.669714,0.330459,0.025786,-0.293669,-0.091830,-0.113878,-0.277546,0.000000,0.064476,0.044847,0.000000,0.000000,0.000000,0.000000
33.9190,0.029001,-0.387414,-0.226830,-0.000000,-0.095793,-0.448300,0.367332,84.669714,0.327719,0.029001,-0.291414,-0.091830,-0.112744,-0.278009,0.000000,0.064122,0.045352,0.000000,0.000000,0.000000,0.000000
33.9690,0.032198,-0.385134,-0.226830,-0.000000,-0.095793,-0.448300,0.365792,84.669714,0.324980,0.032198,-0.289134,-0.091830,-0.111607,-0.278467,0.000000,0.063764,0.045855,0.000000,0.000000,0.000000,0.000000
34.0220,0.035567,-0.382690,-0.226830,-0.000000,-0.095793,-0.448300,0.364176,84.669714,0.322080,0.035567,-0.286690,-0.091830,-0.110399,-0.278948,0.000000,0.063380,0.046384,0.000000,0.000000,0.000000,0.000000
34.0700,0.038601,-0.380452,-0.226830,-0.000000,-0.095793,-0.448300,0.362726,84.669714,0.319456,0.038601,-0.284452,-0.091830,-0.109302,-0.279380,0.000000,0.063029,0.046860,0.000000,0.000000,0.000000,0.000000
34.1200,0.041743,-0.378096,-0.226830,-0.000000,-0.095793,-0.448300,0.361230,84.669714,0.316727,0.041743,-0.282096,-0.091830,-0.108157,-0.279825,0.000000,0.062659,0.047354,0.000000,0.000000,0.000000,0.000000
34.1690,0.044804,-0.375764,-0.226830,-0.000000,-0.095793,-0.448300,0.359778,84.669714,0.314056,0.044804,-0.279764,-0.091830,-0.107032,-0.280257,0.000000,0.062292,0.047835,0.000000,0.000000,0.000000,0.000000
34.2210,0.048033,-0.373264,-0.226830,-0.000000,-0.095793,-0.448300,0.358255,84.669714,0.311227,0.048033,-0.277264,-0.091830,-0.105835,-0.280712,0.000000,0.061900,0.048342,0.000000,0.000000,0.000000,0.000000
34.2730,0.051242,-0.370737,-0.226830,-0.000000,-0.095793,-0.448300,0.356748,84.669714,0.308405,0.051242,-0.274737,-0.091830,-0.104635,-0.281161,0.000000,0.061503,0.048846,0.000000,0.000000,0.000000,0.000000
34.3190,0.054063,-0.368480,-0.226830,-0.000000,-0.095793,-0.448300,0.355429,84.669714,0.305915,0.054063,-0.272480,-0.091830,-0.103571,-0.281555,0.000000,0.061148,0.049289,0.000000,0.000000,0.000000,0.000000
34.3690,0.057111,-0.366003,-0.226830,-0.000000,-0.095793,-0.448300,0.354012,84.669714,0.303215,0.057111,-0.270003,-0.091830,-0.102412,-0.281978,0.000000,0.060759,0.049768,0.000000,0.000000,0.000000,0.000000
34.4250,0.060501,-0.363201,-0.226830,-0.000000,-0.095793,-0.448300,0.352444,84.669714,0.300202,0.060501,-0.267201,-0.091830,-0.101111,-0.282448,0.000000,0.060319,0.050300,0.000000,0.000000,0.000000,0.000000
34.4700,0.063207,-0.360928,-0.226830,-0.000000,-0.095793,-0.448300,0.351199,84.669714,0.297789,0.063207,-0.264928,-0.091830,-0.100062,-0.282821,0.000000,0.059962,0.050726,0.000000,0.000000,0.000000,0.000000
34.5260,0.066552,-0.358073,-0.226830,-0.000000,-0.095793,-0.448300,0.349670,84.669714,0.294798,0.066552,-0.262073,-0.091830,-0.098754,-0.283280,0.000000,0.059513,0.051251,0.000000,0.000000,0.000000,0.000000
34.5770,0.069577,-0.355447,-0.226830,-0.000000,-0.095793,-0.448300,0.348296,84.669714,0.292087,0.069577,-0.259447,-0.091830,-0.097560,-0.283694,0.000000,0.059101,0.051726,0.000000,0.000000,0.000000,0.000000
34.6190,0.072052,-0.353266,-0.226830,-0.000000,-0.095793,-0.448300,0.347179,84.669714,0.289864,0.072052,-0.257266,-0.091830,-0.096574,-0.284031,0.000000,0.058758,0.052115,0.000000,0.000000,0.000000,0.000000
34.6690,0.074980,-0.350649,-0.226830,-0.000000,-0.095793,-0.448300,0.345865,84.669714,0.287229,0.074980,-0.254649,-0.091830,-0.095398,-0.284428,0.000000,0.058347,0.052575,0.000000,0.000000,0.000000,0.000000
34.7190,0.077887,-0.348009,-0.226830,-0.000000,-0.095793,-0.448300,0.344570,84.669714,0.284608,0.077887,-0.252009,-0.091830,-0.094218,-0.284821,0.000000,0.057932,0.053031,0.000000,0.000000,0.000000,0.000000
34.7730,0.081003,-0.345132,-0.226830,-0.000000,-0.095793,-0.448300,0.343192,84.669714,0.281795,0.081003,-0.249132,-0.091830,-0.092941,-0.285240,0.000000,0.057481,0.053521,0.000000,0.000000,0.000000,0.000000
34.8190,0.083638,-0.342660,-0.226830,-0.000000,-0.095793,-0.448300,0.342035,84.669714,0.279413,0.083638,-0.246660,-0.091830,-0.091851,-0.285593,0.000000,0.057092,0.053935,0.000000,0.000000,0.000000,0.000000
34.8700,0.086539,-0.339898,-0.226830,-0.000000,-0.095793,-0.448300,0.340772,84.669714,0.276790,0.086539,-0.243898,-0.091830,-0.090638,-0.285980,0.000000,0.056658,0.054390,0.000000,0.000000,0.000000,0.000000
34.9190,0.089305,-0.337222,-0.226830,-0.000000,-0.095793,-0.448300,0.339577,84.669714,0.274288,0.089305,-0.241222,-0.091830,-0.089470,-0.286348,0.000000,0.056238,0.054825,0.000000,0.000000,0.000000,0.000000
35.0360,0.095825,-0.330748,-0.226830,-0.000000,-0.095793,-0.448300,0.336802,84.669714,0.268391,0.095825,-0.234748,-0.091830,-0.086669,-0.287208,0.000000,0.055221,0.055849,0.000000,0.000000,0.000000,0.000000
35.0640,0.097368,-0.329180,-0.226830,-0.000000,-0.095793,-0.448300,0.336154,84.669714,0.266997,0.097368,-0.233180,-0.091830,-0.085997,-0.287410,0.000000,0.054975,0.056092,0.000000,0.000000,0.000000,0.000000
35.0750,0.097972,-0.328563,-0.226830,-0.000000,-0.095793,-0.448300,0.335901,84.669714,0.266452,0.097972,-0.232563,-0.091830,-0.085732,-0.287489,0.000000,0.054878,0.056186,0.000000,0.000000,0.000000,0.000000
35.1220,0.100542,-0.325913,-0.226830,-0.000000,-0.095793,-0.448300,0.334833,84.669714,0.264133,0.100542,-0.229913,-0.091830,-0.084599,-0.287825,0.000000,0.054462,0.056590,0.000000,0.000000,0.000000,0.000000
35.1690,0.103092,-0.323243,-0.226830,-0.000000,-0.095793,-0.448300,0.333783,84.669714,0.261837,0.103092,-0.227243,-0.091830,-0.083144,-0.287054,0.000000,0.054042,0.056991,0.000000,0.000000,0.000000,0.000000
35.2350,0.106639,-0.319464,-0.226830,-0.000000,-0.095793,-0.448300,0.332340,84.669714,0.258650,0.106639,-0.223464,-0.091830,-0.080191,-0.282717,0.000000,0.053449,0.057548,0.000000,0.000000,0.000000,0.000000
35.2890,0.109512,-0.316344,-0.226830,-0.000000,-0.095793,-0.448300,0.331187,84.669714,0.256078,0.109512,-0.220344,-0.091830,-0.077808,-0.279146,0.000000,0.052959,0.057999,0.000000,0.000000,0.000000,0.000000
35.3360,0.111991,-0.313609,-0.226830,-0.000000,-0.095793,-0.448300,0.330204,84.669714,0.253867,0.111991,-0.217609,-0.091830,-0.075759,-0.276021,0.000000,0.052529,0.058388,0.000000,0.000000,0.000000,0.000000
35.4080,0.115749,-0.309384,-0.226830,-0.000000,-0.095793,-0.448300,0.328737,84.669714,0.250532,0.115749,-0.213384,-0.091830,-0.072664,-0.271206,0.000000,0.051865,0.058979,0.000000,0.000000,0.000000,0.000000
35.4480,0.117816,-0.307018,-0.226830,-0.000000,-0.095793,-0.448300,0.327942,84.669714,0.248707,0.117816,-0.211018,-0.091830,-0.070968,-0.268515,0.000000,0.051494,0.059304,0.000000,0.000000,0.000000,0.000000
35.4690,0.118896,-0.305771,-0.226830,-0.000000,-0.095793,-0.448300,0.327530,84.669714,0.247758,0.118896,-0.209771,-0.091830,-0.070085,-0.267098,0.000000,0.051298,0.059473,0.000000,0.000000,0.000000,0.000000
35.5200,0.121500,-0.302727,-0.226830,-0.000000,-0.095793,-0.448300,0.326547,84.669714,0.245478,0.121500,-0.206727,-0.091830,-0.067959,-0.263646,0.000000,0.050820,0.059882,0.000000,0.000000,0.000000,0.000000
35.5730,0.124180,-0.299542,-0.226830,-0.000000,-0.095793,-0.448300,0.325551,84.669714,0.243147,0.124180,-0.203542,-0.091830,-0.065779,-0.260040,0.000000,0.050319,0.060303,0.000000,0.000000,0.000000,0.000000
35.6190,0.126484,-0.296760,-0.226830,-0.000000,-0.095793,-0.448300,0.324708,84.669714,0.241158,0.126484,-0.200760,-0.091830,-0.063912,-0.256896,0.000000,0.049882,0.060665,0.000000,0.000000,0.000000,0.000000
35.6830,0.129657,-0.292861,-0.226830,-0.000000,-0.095793,-0.448300,0.323568,84.669714,0.238444,0.129657,-0.196861,-0.091830,-0.061351,-0.252499,0.000000,0.049270,0.061164,0.000000,0.000000,0.000000,0.000000
35.7390,0.132401,-0.289424,-0.226830,-0.000000,-0.095793,-0.448300,0.322602,84.669714,0.236124,0.132401,-0.193424,-0.091830,-0.059147,-0.248630,0.000000,0.048730,0.061595,0.000000,0.000000,0.000000,0.000000
35.7830,0.134536,-0.286707,-0.226830,-0.000000,-0.095793,-0.448300,0.321865,84.669714,0.234338,0.134536,-0.190707,-0.091830,-0.057439,-0.245578,0.000000,0.048303,0.061930,0.000000,0.000000,0.000000,0.000000
35.8200,0.136317,-0.284410,-0.226830,-0.000000,-0.095793,-0.448300,0.321260,84.669714,0.232863,0.136317,-0.188410,-0.091830,-0.056019,-0.243001,0.000000,0.047942,0.062210,0.000000,0.000000,0.000000,0.000000
35.8700,0.138702,-0.281290,-0.226830,-0.000000,-0.095793,-0.448300,0.320463,84.669714,0.230907,0.138702,-0.185290,-0.091830,-0.054124,-0.239507,0.000000,0.047452,0.062584,0.000000,0.000000,0.000000,0.000000
35.9190,0.141015,-0.278215,-0.226830,-0.000000,-0.095793,-0.448300,0.319706,84.669714,0.229036,0.141015,-0.182215,-0.091830,-0.052294,-0.236068,0.000000,0.046969,0.062948,0.000000,0.000000,0.000000,0.000000
35.9690,0.143351,-0.275058,-0.226830,-0.000000,-0.095793,-0.448300,0.318959,84.669714,0.227174,0.143351,-0.179058,-0.091830,-0.050454,-0.232544,0.000000,0.046473,0.063314,0.000000,0.000000,0.000000,0.000000
36.0190,0.145662,-0.271883,-0.226830,-0.000000,-0.095793,-0.448300,0.318236,84.669714,0.225362,0.145662,-0.175883,-0.091830,-0.048641,-0.229007,0.000000,0.045975,0.063678,0.000000,0.000000,0.000000,0.000000
36.0690,0.147948,-0.268690,-0.226830,-0.000000,-0.095793,-0.448300,0.317540,84.669714,0.223601,0.147948,-0.172690,-0.091830,-0.046857,-0.225455,0.000000,0.045473,0.064037,0.000000,0.000000,0.000000,0.000000
36.1200,0.150254,-0.265415,-0.226830,-0.000000,-0.095793,-0.448300,0.316855,84.669714,0.221860,0.150254,-0.169415,-0.091830,-0.045065,-0.221817,0.000000,0.044959,0.064399,0.000000,0.000000,0.000000,0.000000
36.1690,0.152445,-0.262251,-0.226830,-0.000000,-0.095793,-0.448300,0.316223,84.669714,0.220240,0.152445,-0.166251,-0.091830,-0.043371,-0.218309,0.000000,0.044462,0.064743,0.000000,0.000000,0.000000,0.000000
36.2200,0.154700,-0.258940,-0.226830,-0.000000,-0.095793,-0.448300,0.315592,84.669714,0.218611,0.154700,-0.162940,-0.091830,-0.041637,-0.214644,0.000000,0.043942,0.065097,0.000000,0.000000,0.000000,0.000000
36.2700,0.156884,-0.255677,-0.226830,-0.000000,-0.095793,-0.448300,0.314999,84.669714,0.217072,0.156884,-0.159677,-0.091830,-0.039966,-0.211037,0.000000,0.043429,0.065440,0.000000,0.000000,0.000000,0.000000
36.3200,0.159042,-0.252396,-0.226830,-0.000000,-0.095793,-0.448300,0.314433,84.669714,0.215593,0.159042,-0.156396,-0.091830,-0.038322,-0.207418,0.000000,0.042914,0.065779,0.000000,0.000000,0.000000,0.000000
36.3760,0.161429,-0.248702,-0.226830,-0.000000,-0.095793,-0.448300,0.313831,84.669714,0.214009,0.161429,-0.152702,-0.091830,-0.036516,-0.203349,0.000000,0.042333,0.066154,0.000000,0.000000,0.000000,0.000000
36.4190,0.163240,-0.245851,-0.226830,-0.000000,-0.095793,-0.448300,0.313391,84.669714,0.212846,0.163240,-0.149851,-0.091830,-0.035153,-0.200214,0.000000,0.041886,0.066439,0.000000,0.000000,0.000000,0.000000
36.4700,0.165363,-0.242455,-0.226830,-0.000000,-0.095793,-0.448300,0.312895,84.669714,0.211528,0.165363,-0.146455,-0.091830,-0.033564,-0.196483,0.000000,0.041352,0.066772,0.000000,0.000000,0.000000,0.000000
36.5230,0.167540,-0.238907,-0.226830,-0.000000,-0.095793,-0.448300,0.312410,84.669714,0.210231,0.167540,-0.142907,-0.091830,-0.031944,-0.192593,0.000000,0.040795,0.067114,0.000000,0.000000,0.000000,0.000000
36.5690,0.169405,-0.235813,-0.226830,-0.000000,-0.095793,-0.448300,0.312014,84.669714,0.209166,0.169405,-0.139813,-0.091830,-0.030565,-0.189206,0.000000,0.040309,0.067407,0.000000,0.000000,0.000000,0.000000
36.6190,0.171407,-0.232434,-0.226830,-0.000000,-0.095793,-0.448300,0.311609,84.669714,0.208074,0.171407,-0.136434,-0.091830,-0.029093,-0.185514,0.000000,0.039778,0.067722,0.000000,0.000000,0.000000,0.000000
36.6760,0.173657,-0.228564,-0.226830,-0.000000,-0.095793,-0.448300,0.311182,84.669714,0.206915,0.173657,-0.132564,-0.091830,-0.027451,-0.181290,0.000000,0.039170,0.068075,0.000000,0.000000,0.000000,0.000000
36.7190,0.175332,-0.225631,-0.226830,-0.000000,-0.095793,-0.448300,0.310883,84.669714,0.206101,0.175332,-0.129631,-0.091830,-0.026237,-0.178094,0.000000,0.038709,0.068338,0.000000,0.000000,0.000000,0.000000
36.7690,0.177254,-0.222207,-0.226830,-0.000000,-0.095793,-0.448300,0.310561,84.669714,0.205223,0.177254,-0.126207,-0.091830,-0.024853,-0.174368,0.000000,0.038172,0.068640,0.000000,0.000000,0.000000,0.000000
36.8200,0.179186,-0.218698,-0.226830,-0.000000,-0.095793,-0.448300,0.310262,84.669714,0.204402,0.179186,-0.122698,-0.091830,-0.023472,-0.170556,0.000000,0.037620,0.068943,0.000000,0.000000,0.000000,0.000000
36.8690,0.181017,-0.215313,-0.226830,-0.000000,-0.095793,-0.448300,0.310002,84.669714,0.203686,0.181017,-0.119313,-0.091830,-0.022173,-0.166883,0.000000,0.037089,0.069231,0.000000,0.000000,0.000000,0.000000
36.9210,0.182931,-0.211705,-0.226830,-0.000000,-0.095793,-0.448300,0.309755,84.669714,0.203006,0.182931,-0.115705,-0.091830,-0.020826,-0.162974,0.000000,0.036522,0.069532,0.000000,0.000000,0.000000,0.000000
36.9690,0.184671,-0.208361,-0.226830,-0.000000,-0.095793,-0.448300,0.309555,84.669714,0.202452,0.184671,-0.112361,-0.091830,-0.019611,-0.159357,0.000000,0.035997,0.069805,0.000000,0.000000,0.000000,0.000000
37.0200,0.186493,-0.204794,-0.226830,-0.000000,-0.095793,-0.448300,0.309370,84.669714,0.201940,0.186493,-0.108794,-0.091830,-0.018350,-0.155503,0.000000,0.035436,0.070091,0.000000,0.000000,0.000000,0.000000
37.0690,0.188216,-0.201353,-0.226830,-0.000000,-0.095793,-0.448300,0.309220,84.669714,0.201525,0.188216,-0.105353,-0.091830,-0.017167,-0.151792,0.000000,0.034896,0.070362,0.000000,0.000000,0.000000,0.000000
37.1190,0.189947,-0.197828,-0.226830,-0.000000,-0.095793,-0.448300,0.309095,84.669714,0.201180,0.189947,-0.101828,-0.091830,-0.015990,-0.147995,0.000000,0.034342,0.070634,0.000000,0.000000,0.000000,0.000000
37.1690,0.191650,-0.194289,-0.226830,-0.000000,-0.095793,-0.448300,0.308999,84.669714,0.200913,0.191650,-0.098289,-0.091830,-0.014842,-0.144189,0.000000,0.033786,0.070901,0.000000,0.000000,0.000000,0.000000
37.2200,0.193358,-0.190666,-0.226830,-0.000000,-0.095793,-0.448300,0.308930,84.669714,0.200722,0.193358,-0.094666,-0.091830,-0.013703,-0.140298,0.000000,0.033217,0.071170,0.000000,0.000000,0.000000,0.000000
37.2690,0.194973,-0.187173,-0.226830,-0.000000,-0.095793,-0.448300,0.308891,84.669714,0.200617,0.194973,-0.091173,-0.091830,-0.012637,-0.136551,0.000000,0.032668,0.071423,0.000000,0.000000,0.000000,0.000000
37.3200,0.196624,-0.183524,-0.226830,-0.000000,-0.095793,-0.448300,0.308880,84.669714,0.200589,0.196624,-0.087524,-0.091830,-0.011559,-0.132642,0.000000,0.032095,0.071683,0.000000,0.000000,0.000000,0.000000
37.3690,0.198183,-0.180005,-0.226830,-0.000000,-0.095793,-0.448300,0.308897,84.669714,0.200640,0.198183,-0.084005,-0.091830,-0.010553,-0.128879,0.000000,0.031543,0.071928,0.000000,0.000000,0.000000,0.000000
37.4200,0.199777,-0.176331,-0.226830,-0.000000,-0.095793,-0.448300,0.308944,84.669714,0.200774,0.199777,-0.080331,-0.091830,-0.009536,-0.124953,0.000000,0.030965,0.072178,0.000000,0.000000,0.000000,0.000000
37.4700,0.201311,-0.172716,-0.226830,-0.000000,-0.095793,-0.448300,0.309019,84.669714,0.200986,0.201311,-0.076716,-0.091830,-0.008570,-0.121098,0.000000,0.030397,0.072419,0.000000,0.000000,0.000000,0.000000
37.5190,0.202787,-0.169161,-0.226830,-0.000000,-0.095793,-0.448300,0.309119,84.669714,0.201270,0.202787,-0.073161,-0.091830,-0.007652,-0.117311,0.000000,0.029839,0.072651,0.000000,0.000000,0.000000,0.000000
37.5690,0.204265,-0.165523,-0.226830,-0.000000,-0.095793,-0.448300,0.309250,84.669714,0.201639,0.204265,-0.069523,-0.091830,-0.006746,-0.113441,0.000000,0.029268,0.072883,0.000000,0.000000,0.000000,0.000000
37.6190,0.205714,-0.161873,-0.226830,-0.000000,-0.095793,-0.448300,0.309409,84.669714,0.202085,0.205714,-0.065873,-0.091830,-0.005870,-0.109564,0.000000,0.028694,0.073110,0.000000,0.000000,0.000000,0.000000
37.6700,0.207162,-0.158139,-0.226830,-0.000000,-0.095793,-0.448300,0.309600,84.669714,0.202621,0.207162,-0.062139,-0.091830,-0.005008,-0.105602,0.000000,0.028108,0.073338,0.000000,0.000000,0.000000,0.000000
37.7250,0.208691,-0.154098,-0.226830,-0.000000,-0.095793,-0.448300,0.309839,84.669714,0.203288,0.208691,-0.058098,-0.091830,-0.004114,-0.101321,0.000000,0.027473,0.073578,0.000000,0.000000,0.000000,0.000000
37.7700,0.209915,-0.150783,-0.226830,-0.000000,-0.095793,-0.448300,0.310060,84.669714,0.203902,0.209915,-0.054783,-0.091830,-0.003411,-0.097814,0.000000,0.026952,0.073770,0.000000,0.000000,0.000000,0.000000
37.8190,0.211222,-0.147163,-0.226830,-0.000000,-0.095793,-0.448300,0.310327,84.669714,0.204640,0.211222,-0.051163,-0.091830,-0.002672,-0.093988,0.000000,0.026384,0.073976,0.000000,0.000000,0.000000,0.000000
37.8920,0.213117,-0.141752,-0.226830,-0.000000,-0.095793,-0.448300,0.310774,84.669714,0.205871,0.213117,-0.045752,-0.091830,-0.001627,-0.088280,0.000000,0.025534,0.074273,0.000000,0.000000,0.000000,0.000000
37.9310,0.214104,-0.138852,-0.226830,-0.000000,-0.095793,-0.448300,0.311037,84.669714,0.206592,0.214104,-0.042852,-0.091830,-0.001096,-0.085225,0.000000,0.025078,0.074428,0.000000,0.000000,0.000000,0.000000
37.9720,0.215122,-0.135798,-0.226830,-0.000000,-0.095793,-0.448300,0.311331,84.669714,0.207397,0.215122,-0.039798,-0.091830,-0.000557,-0.082010,0.000000,0.024598,0.074588,0.000000,0.000000,0.000000,0.000000
38.0310,0.216553,-0.131390,-0.226830,-0.000000,-0.095793,-0.448300,0.311788,84.669714,0.208639,0.216553,-0.035390,-0.091830,0.000181,-0.077378,0.000000,0.023906,0.074813,0.000000,0.000000,0.000000,0.000000
38.0690,0.217453,-0.128545,-0.226830,-0.000000,-0.095793,-0.448300,0.312102,84.669714,0.209490,0.217453,-0.032545,-0.091830,0.000634,-0.074391,0.000000,0.023459,0.074954,0.000000,0.000000,0.000000,0.000000
38.1190,0.218612,-0.124792,-0.226830,-0.000000,-0.095793,-0.448300,0.312540,84.669714,0.210669,0.218612,-0.028792,-0.091830,0.001203,-0.070457,0.000000,0.022870,0.075136,0.000000,0.000000,0.000000,0.000000
38.1690,0.219740,-0.121031,-0.226830,-0.000000,-0.095793,-0.448300,0.313005,84.669714,0.211915,0.219740,-0.025031,-0.091830,0.001741,-0.066518,0.000000,0.022279,0.075314,0.000000,0.000000,0.000000,0.000000
38.2200,0.220861,-0.117186,-0.226830,-0.000000,-0.095793,-0.448300,0.313507,84.669714,0.213253,0.220861,-0.021186,-0.091830,0.002258,-0.062497,0.000000,0.021675,0.075490,0.000000,0.000000,0.000000,0.000000
38.2690,0.221909,-0.113483,-0.226830,-0.000000,-0.095793,-0.448300,0.314015,84.669714,0.214601,0.221909,-0.017483,-0.091830,0.002724,-0.058629,0.000000,0.021093,0.075654,0.000000,0.000000,0.000000,0.000000
38.3200,0.222969,-0.109620,-0.226830,-0.000000,-0.095793,-0.448300,0.314572,84.669714,0.216067,0.222969,-0.013620,-0.091830,0.003177,-0.054600,0.000000,0.020486,0.075821,0.000000,0.000000,0.000000,0.000000
38.3690,0.223959,-0.105901,-0.226830,-0.000000,-0.095793,-0.448300,0.315133,84.669714,0.217535,0.223959,-0.009901,-0.091830,0.003583,-0.050725,0.000000,0.019902,0.075976,0.000000,0.000000,0.000000,0.000000
38.4200,0.224958,-0.102022,-0.226830,-0.000000,-0.095793,-0.448300,0.315744,84.669714,0.219122,0.224958,-0.006022,-0.091830,0.003973,-0.046690,0.000000,0.019293,0.076133,0.000000,0.000000,0.000000,0.000000
38.4690,0.225889,-0.098288,-0.226830,-0.000000,-0.095793,-0.448300,0.316356,84.669714,0.220704,0.225889,-0.002288,-0.091830,0.004317,-0.042809,0.000000,0.018706,0.076280,0.000000,0.000000,0.000000,0.000000
38.5190,0.226810,-0.094470,-0.226830,-0.000000,-0.095793,-0.448300,0.317007,84.669714,0.222373,0.226810,0.001530,-0.091830,0.004638,-0.038847,0.000000,0.018107,0.076424,0.000000,0.000000,0.000000,0.000000
38.5720,0.227752,-0.090416,-0.226830,-0.000000,-0.095793,-0.448300,0.317725,84.669714,0.224201,0.227752,0.005584,-0.091830,0.004944,-0.034644,0.000000,0.017470,0.076572,0.000000,0.000000,0.000000,0.000000
38.6190,0.228560,-0.086814,-0.226830,-0.000000,-0.095793,-0.448300,0.318386,84.669714,0.225872,0.228560,0.009186,-0.091830,0.005186,-0.030916,0.000000,0.016904,0.076699,0.000000,0.000000,0.000000,0.000000
38.6690,0.229390,-0.082976,-0.226830,-0.000000,-0.095793,-0.448300,0.319113,84.669714,0.227698,0.229390,0.013024,-0.091830,0.005413,-0.026947,0.000000,0.016301,0.076830,0.000000,0.000000,0.000000,0.000000
38.7190,0.230190,-0.079131,-0.226830,-0.000000,-0.095793,-0.448300,0.319866,84.669714,0.229573,0.230190,0.016869,-0.091830,0.005609,-0.022977,0.000000,0.015697,0.076955,0.000000,0.000000,0.000000,0.000000
38.7690,0.230960,-0.075280,-0.226830,-0.000000,-0.095793,-0.448300,0.320644,84.669714,0.231496,0.230960,0.020720,-0.091830,0.005774,-0.019005,0.000000,0.015092,0.077076,0.000000,0.000000,0.000000,0.000000
38.8260,0.231801,-0.070883,-0.226830,-0.000000,-0.095793,-0.448300,0.321560,84.669714,0.233744,0.231801,0.025117,-0.091830,0.005924,-0.014476,0.000000,0.014402,0.077208,0.000000,0.000000,0.000000,0.000000
38.8750,0.232492,-0.067097,-0.226830,-0.000000,-0.095793,-0.448300,0.322374,84.669714,0.235722,0.232492,0.028903,-0.091830,0.006020,-0.010581,0.000000,0.013807,0.077317,0.000000,0.000000,0.000000,0.000000
38.9190,0.233087,-0.063693,-0.226830,-0.000000,-0.095793,-0.448300,0.323124,84.669714,0.237533,0.233087,0.032307,-0.091830,0.006081,-0.007084,0.000000,0.013272,0.077410,0.000000,0.000000,0.000000,0.000000
38.9690,0.233736,-0.059820,-0.226830,-0.000000,-0.095793,-0.448300,0.323999,84.669714,0.239629,0.233736,0.036180,-0.091830,0.006121,-0.003109,0.000000,0.012664,0.077512,0.000000,0.000000,0.000000,0.000000
39.0200,0.234366,-0.055865,-0.226830,-0.000000,-0.095793,-0.448300,0.324916,84.669714,0.241808,0.234366,0.040135,-0.091830,0.006130,0.000946,0.000000,0.012043,0.077611,0.000000,0.000000,0.000000,0.000000
39.0750,0.235010,-0.051593,-0.226830,-0.000000,-0.095793,-0.448300,0.325933,84.669714,0.244202,0.235010,0.044407,-0.091830,0.006103,0.005318,0.000000,0.011372,0.077712,0.000000,0.000000,0.000000,0.000000
39.1190,0.235498,-0.048172,-0.226830,-0.000000,-0.095793,-0.448300,0.326766,84.669714,0.246149,0.235498,0.047828,-0.091830,0.006054,0.008816,0.000000,0.010834,0.077789,0.000000,0.000000,0.000000,0.000000
39.1760,0.236096,-0.043735,-0.226830,-0.000000,-0.095793,-0.448300,0.327873,84.669714,0.248712,0.236096,0.052265,-0.091830,0.005955,0.013347,0.000000,0.010137,0.077883,0.000000,0.000000,0.000000,0.000000
39.2210,0.236540,-0.040229,-0.226830,-0.000000,-0.095793,-0.448300,0.328767,84.669714,0.250765,0.236540,0.055771,-0.091830,0.005848,0.016923,0.000000,0.009587,0.077953,0.000000,0.000000,0.000000,0.000000
39.2700,0.236995,-0.036408,-0.226830,-0.000000,-0.095793,-0.448300,0.329761,84.669714,0.253031,0.236995,0.059592,-0.091830,0.005703,0.020816,0.000000,0.008986,0.078024,0.000000,0.000000,0.000000,0.000000
39.3220,0.237445,-0.032349,-0.226830,-0.000000,-0.095793,-0.448300,0.330839,84.669714,0.255467,0.237445,0.063651,-0.091830,0.005516,0.024945,0.000000,0.008349,0.078095,0.000000,0.000000,0.000000,0.000000
39.3700,0.237832,-0.028599,-0.226830,-0.000000,-0.095793,-0.448300,0.331856,84.669714,0.257744,0.237832,0.067401,-0.091830,0.005313,0.028756,0.000000,0.007760,0.078156,0.000000,0.000000,0.000000,0.000000
39.4240,0.238233,-0.024376,-0.226830,-0.000000,-0.095793,-0.448300,0.333023,84.669714,0.260336,0.238233,0.071624,-0.091830,0.005051,0.033041,0.000000,0.007096,0.078219,0.000000,0.000000,0.000000,0.000000
39.4690,0.238540,-0.020855,-0.226830,-0.000000,-0.095793,-0.448300,0.334015,84.669714,0.262520,0.238540,0.075145,-0.091830,0.004805,0.036610,0.000000,0.006543,0.078267,0.000000,0.000000,0.000000,0.000000
39.5190,0.238852,-0.016941,-0.226830,-0.000000,-0.095793,-0.448300,0.335137,84.669714,0.264970,0.238852,0.079059,-0.091830,0.004502,0.040574,0.000000,0.005928,0.078316,0.000000,0.000000,0.000000,0.000000
39.5740,0.239159,-0.012632,-0.226830,-0.000000,-0.095793,-0.448300,0.336396,84.669714,0.267693,0.239159,0.083368,-0.091830,0.004133,0.044931,0.000000,0.005252,0.078364,0.000000,0.000000,0.000000,0.000000
39.6290,0.239430,-0.008321,-0.226830,-0.000000,-0.095793,-0.448300,0.337679,84.669714,0.270443,0.239430,0.087679,-0.091830,0.003726,0.049285,0.000000,0.004574,0.078406,0.000000,0.000000,0.000000,0.000000
39.6690,0.239603,-0.005184,-0.226830,-0.000000,-0.095793,-0.448300,0.338627,84.669714,0.272460,0.239603,0.090816,-0.091830,0.003406,0.052449,0.000000,0.004082,0.078434,0.000000,0.000000,0.000000,0.000000
39.7200,0.239795,-0.001183,-0.226830,-0.000000,-0.095793,-0.448300,0.339855,84.669714,0.275050,0.239795,0.094817,-0.091830,0.002970,0.056480,0.000000,0.003453,0.078464,0.000000,0.000000,0.000000,0.000000
39.7690,0.239949,0.002662,-0.226830,-0.000000,-0.095793,-0.448300,0.341054,84.669714,0.277557,0.239949,0.098662,-0.091830,0.002520,0.060349,0.000000,0.002849,0.078488,0.000000,0.000000,0.000000,0.000000
39.8190,0.240076,0.006587,-0.226830,-0.000000,-0.095793,-0.448300,0.342297,84.669714,0.280133,0.240076,0.102587,-0.091830,0.002031,0.064294,0.000000,0.002233,0.078508,0.000000,0.000000,0.000000,0.000000
39.8690,0.240173,0.010513,-0.226830,-0.000000,-0.095793,-0.448300,0.343559,84.669714,0.282726,0.240173,0.106513,-0.091830,0.001510,0.068235,0.000000,0.001616,0.078523,0.000000,0.000000,0.000000,0.000000
39.9190,0.240238,0.014439,-0.226830,-0.000000,-0.095793,-0.448300,0.344840,84.669714,0.285335,0.240238,0.110439,-0.091830,0.000959,0.072172,0.000000,0.000999,0.078533,0.000000,0.000000,0.000000,0.000000
39.9690,0.240272,0.018366,-0.226830,-0.000000,-0.095793,-0.448300,0.346139,84.669714,0.287959,0.240272,0.114366,-0.091830,0.000377,0.076104,0.000000,0.000382,0.078539,0.000000,0.000000,0.000000,0.000000
