sim_time_s,wall_time_s,state,px,py,pz,vx,vy,vz,roll_rad,pitch_rad,yaw_rad,wx,wy,wz,position_error_m,speed_mps,yaw_error_rad,max_joint_error_rad,offboard,armed,q_shoulder_pan_joint,qd_shoulder_pan_joint,qcmd_shoulder_pan_joint,effort_shoulder_pan_joint,q_shoulder_lift_joint,qd_shoulder_lift_joint,qcmd_shoulder_lift_joint,effort_shoulder_lift_joint,q_elbow_joint,qd_elbow_joint,qcmd_elbow_joint,effort_elbow_joint,q_wrist_1_joint,qd_wrist_1_joint,qcmd_wrist_1_joint,effort_wrist_1_joint,q_wrist_roll_joint,qd_wrist_roll_joint,qcmd_wrist_roll_joint,effort_wrist_roll_joint,q_left_knuckle_joint,qd_left_knuckle_joint,qcmd_left_knuckle_joint,effort_left_knuckle_joint
12.85,0.20365913699993143,PRESTREAM_SETPOINTS,-0.012254243716597557,0.0058035338297486305,-0.03132687136530876,-0.012440952472388744,0.012100210413336754,-0.048407647758722305,-0.01845007525061011,0.024948635752064803,-0.054103133505121886,0.008636433631181717,-0.002601054497063159,0.0062225149013102055,1.0314159990489458,0.05142463176338545,-0.054103133505121886,0.4877050307729611,False,False,0.4877050307729611,0.04200500296938626,0.0,nan,-0.018419257763754082,-0.0020157884346291813,0.0,nan,0.0976505839449251,0.007280367562763112,0.0,nan,0.019126843516316328,0.002903095278996704,0.0,nan,-0.024338928387398262,0.7458512853181484,0.0,nan,-0.0008810872792635038,-0.06938262939097933,0.0,nan
12.88,0.277994792999948,PRESTREAM_SETPOINTS,-0.012078378349542618,0.005380111280828714,-0.03232226148247719,-0.013349514454603195,0.012626406736671925,-0.048606302589178085,-0.018296628050067893,0.024923364947409418,-0.05408221817804692,-0.0002602379536256194,-0.008014439605176449,0.002081009093672038,1.0324069373910874,0.05196352888944586,-0.05408221817804692,0.48848382328946904,False,False,0.48848382328946904,0.04078502254867153,0.0,nan,-0.018495708519089327,0.0036580505759665604,0.0,nan,0.0977505702663306,0.013121013553490848,0.0,nan,0.019126679869896357,0.007737528676840803,0.0,nan,-0.025137234126646923,-0.10885657874122376,0.0,nan,-0.0007956739801500134,-0.044022381954568895,0.0,nan
12.88,0.3511516799999299,PRESTREAM_SETPOINTS,-0.012078378349542618,0.005380111280828714,-0.03232226148247719,-0.013349514454603195,0.012626406736671925,-0.048606302589178085,-0.018296628050067893,0.024923364947409418,-0.05408221817804692,-0.0002602379536256194,-0.008014439605176449,0.002081009093672038,1.0324069373910874,0.05196352888944586,-0.05408221817804692,0.48848382328946904,False,False,0.48848382328946904,0.04078502254867153,0.0,nan,-0.018495708519089327,0.0036580505759665604,0.0,nan,0.0977505702663306,0.013121013553490848,0.0,nan,0.019126679869896357,0.007737528676840803,0.0,nan,-0.025137234126646923,-0.10885657874122376,0.0,nan,-0.0007956739801500134,-0.044022381954568895,0.0,nan
12.897,0.4310510189999377,PRESTREAM_SETPOINTS,-0.012078378349542618,0.005380111280828714,-0.03232226148247719,-0.013349514454603195,0.012626406736671925,-0.048606302589178085,-0.018296628050067893,0.024923364947409418,-0.05408221817804692,-0.00320688309147954,-0.0021594068966805926,0.005765975918620825,1.0324069373910874,0.05196352888944586,-0.05408221817804692,0.48787038432337226,False,False,0.48787038432337226,-0.6442601783313903,0.0,nan,-0.018401592092718744,0.0733029111028091,0.0,nan,0.09757789493677738,-0.14666815131693545,0.0,nan,0.019133691848913337,0.00265943735789023,0.0,nan,-0.020333779774987626,0.9450400629150777,0.0,nan,-0.00048476629348925826,-0.0015775893336020808,0.0,nan
12.915,0.510328794999964,PRESTREAM_SETPOINTS,-0.012035256251692772,0.005247144028544426,-0.03263198584318161,-0.012909792363643646,0.012526377104222775,-0.04818226769566536,-0.01836267312268566,0.02497387554787689,-0.054010334632682934,-0.0020799092017114162,-0.0004960208898410203,-0.0015748175792396069,1.0327154487563033,0.05143057244991879,-0.054010334632682934,0.474212059414409,False,False,0.474212059414409,-0.7815102833095984,0.0,nan,-0.016917348523044495,0.09005385728576927,0.0,nan,0.09468893236392528,-0.1245523492632127,0.0,nan,0.01909184360505556,0.024007860909306955,0.0,nan,-0.022682180781870898,0.9911910564642885,0.0,nan,0.00013365252188179966,0.02767140003636248,0.0,nan
12.918,0.5837609879999945,PRESTREAM_SETPOINTS,-0.012035256251692772,0.005247144028544426,-0.03263198584318161,-0.012909792363643646,0.012526377104222775,-0.04818226769566536,-0.01836267312268566,0.02497387554787689,-0.054010334632682934,-0.0020799092017114162,-0.0004960208898410203,-0.0015748175792396069,1.0327154487563033,0.05143057244991879,-0.054010334632682934,0.474212059414409,False,False,0.474212059414409,-0.7815102833095984,0.0,nan,-0.016917348523044495,0.09005385728576927,0.0,nan,0.09468893236392528,-0.1245523492632127,0.0,nan,0.01909184360505556,0.024007860909306955,0.0,nan,-0.022682180781870898,0.9911910564642885,0.0,nan,0.00013365252188179966,0.02767140003636248,0.0,nan
12.918,0.6584985609999876,PRESTREAM_SETPOINTS,-0.012035256251692772,0.005247144028544426,-0.03263198584318161,-0.012909792363643646,0.012526377104222775,-0.04818226769566536,-0.01836267312268566,0.02497387554787689,-0.054010334632682934,-0.0020799092017114162,-0.0004960208898410203,-0.0015748175792396069,1.0327154487563033,0.05143057244991879,-0.054010334632682934,0.474212059414409,False,False,0.474212059414409,-0.7815102833095984,0.0,nan,-0.016917348523044495,0.09005385728576927,0.0,nan,0.09468893236392528,-0.1245523492632127,0.0,nan,0.01909184360505556,0.024007860909306955,0.0,nan,-0.022682180781870898,0.9911910564642885,0.0,nan,0.00013365252188179966,0.02767140003636248,0.0,nan
12.94,0.7347713529999282,PRESTREAM_SETPOINTS,-0.01184916216880083,0.004869033582508564,-0.033499009907245636,-0.0128315519541502,0.0122271329164505,-0.04900800436735153,-0.018382671016485757,0.025070308997635404,-0.054028799100032686,0.000537083949893713,-0.00863192230463028,0.003209241898730398,1.0335784022566392,0.05211464282693445,-0.054028799100032686,0.45696402333727093,False,False,0.45696402333727093,-0.9523957595499467,0.0,nan,-0.01519426729069906,0.08585330695446786,0.0,nan,0.09197232871503491,-0.1232633089195228,0.0,nan,0.019208669997108352,0.017359763019900873,0.0,nan,-0.008981360482941625,0.4806070349216023,0.0,nan,-8.725539127851789e-05,0.0032482059761380633,0.0,nan
12.972,0.8071917589999202,PRESTREAM_SETPOINTS,-0.01176544465124607,0.004746227525174618,-0.03376259654760361,-0.01290681678801775,0.012006040662527084,-0.049174822866916656,-0.01833572199102765,0.025167343856363666,-0.05408469807243034,0.003287526546046138,-0.006328546442091465,0.002138682873919607,1.0338404414533249,0.05223881828661843,-0.05408469807243034,0.42015358916082235,False,False,0.42015358916082235,-0.8580604153047686,0.0,nan,-0.011785756973459627,0.09332081156127303,0.0,nan,0.08715281670773845,-0.09846812031099104,0.0,nan,0.01981409275200452,0.02679929599068972,0.0,nan,-0.011202013904979324,-0.6289770466821449,0.0,nan,-7.376991233698504e-05,-3.652047492974653e-05,0.0,nan
12.999,0.8807582569999113,PRESTREAM_SETPOINTS,-0.011566056869924068,0.004496499430388212,-0.03448555991053581,-0.011584747582674026,0.011880080215632915,-0.0510055311024189,-0.018146320833233868,0.025226439459149826,-0.054101460527004895,0.005335924215614796,-0.0025527544785290956,0.0011473817285150292,1.0345599865846642,0.053636805325484906,-0.054101460527004895,0.4038299160028558,False,False,0.4038299160028558,-0.786455899616915,0.0,nan,-0.01032184373532985,0.07434917597966305,0.0,nan,0.0848474442070346,-0.1105004916713257,0.0,nan,0.019993282028214487,0.012152293317335736,0.0,nan,-0.009588227290620921,0.4969872169315246,0.0,nan,9.431516159175146e-05,0.007551532278644468,0.0,nan
13.002,0.9540929179999011,PRESTREAM_SETPOINTS,-0.011566056869924068,0.004496499430388212,-0.03448555991053581,-0.011584747582674026,0.011880080215632915,-0.0510055311024189,-0.018146320833233868,0.025226439459149826,-0.054101460527004895,0.005335924215614796,-0.0025527544785290956,0.0011473817285150292,1.0345599865846642,0.053636805325484906,-0.054101460527004895,0.4038299160028558,False,False,0.4038299160028558,-0.786455899616915,0.0,nan,-0.01032184373532985,0.07434917597966305,0.0,nan,0.0848474442070346,-0.1105004916713257,0.0,nan,0.019993282028214487,0.012152293317335736,0.0,nan,-0.009588227290620921,0.4969872169315246,0.0,nan,9.431516159175146e-05,0.007551532278644468,0.0,nan
13.02,1.0325633629998947,PRESTREAM_SETPOINTS,-0.011491259559988976,0.004424641840159893,-0.034797076135873795,-0.01138448528945446,0.011198422871530056,-0.051714666187763214,-0.01817916178871104,0.025252555654247964,-0.05410803557260946,-0.0016683449503034353,-0.004513607360422611,0.0008271058904938405,1.0348703374244728,0.05412409702736104,-0.05410803557260946,0.3878668833007861,False,False,0.3878668833007861,-0.7508632205534094,0.0,nan,-0.008855375091111561,0.07397487352832531,0.0,nan,0.08272977229453193,-0.10418365833459434,0.0,nan,0.0202255268438174,0.012682603641335992,0.0,nan,-0.013274977608927152,-0.7349440357288983,0.0,nan,0.0006266563089774024,-0.00035395018985895366,0.0,nan
13.033,1.1056986599999163,PRESTREAM_SETPOINTS,-0.011491259559988976,0.004424641840159893,-0.034797076135873795,-0.01138448528945446,0.011198422871530056,-0.051714666187763214,-0.01817916178871104,0.025252555654247964,-0.05410803557260946,0.0007710302015766501,-0.005386171862483025,-0.001954175764694809,1.0348703374244728,0.05412409702736104,-0.05410803557260946,0.37292622021922917,False,False,0.37292622021922917,-0.7698015259876118,0.0,nan,-0.007342589032352187,0.07815736357746993,0.0,nan,0.08077890502349572,-0.088112404415142,0.0,nan,0.020543615303806106,0.025309664854602495,0.0,nan,-0.010646785548464877,0.6687588210860613,0.0,nan,0.0001381729418268307,0.005380782206594326,0.0,nan
13.04,1.1817308989999447,PRESTREAM_SETPOINTS,-0.011388477869331837,0.004348493181169033,-0.03520973399281502,-0.010906762443482876,0.011942555196583271,-0.05092393979430199,-0.01820546253581133,0.025308715150005965,-0.05413690411798018,0.0007710302015766501,-0.005386171862483025,-0.001954175764694809,1.0352815076946955,0.05343060673243099,-0.05413690411798018,0.37292622021922917,False,False,0.37292622021922917,-0.7698015259876118,0.0,nan,-0.007342589032352187,0.07815736357746993,0.0,nan,0.08077890502349572,-0.088112404415142,0.0,nan,0.020543615303806106,0.025309664854602495,0.0,nan,-0.010646785548464877,0.6687588210860613,0.0,nan,0.0001381729418268307,0.005380782206594326,0.0,nan
13.071,1.258115294999925,PRESTREAM_SETPOINTS,-0.011322825215756893,0.00431597325950861,-0.035514701157808304,-0.010896528139710426,0.011541656218469143,-0.0521136112511158,-0.01823883800195009,0.025301067757402138,-0.054179342891558145,0.0023363796062767506,-0.004447952844202518,0.0037016163114458327,1.0355855977706472,0.05447726710653951,-0.054179342891558145,0.34449230927618046,False,False,0.34449230927618046,-0.669397958840663,0.0,nan,-0.004723474139668227,0.06741760436925318,0.0,nan,0.07681429839603648,-0.09129665516357097,0.0,nan,0.020880229241122095,0.011316906867741953,0.0,nan,-0.010094711087387687,0.24602963489580543,0.0,nan,0.00023484003422868938,0.007438759967984154,0.0,nan
13.088,1.331492879999928,PRESTREAM_SETPOINTS,-0.011249439790844917,0.004279055632650852,-0.03602591156959534,-0.010838905349373817,0.011073172092437744,-0.05278339609503746,-0.018222172989380385,0.02530115304359466,-0.054156105055490296,0.00024756122729741037,-0.007392791099846363,-0.0026390883140265933,1.036095820692433,0.05501076178973567,-0.054156105055490296,0.3309407763864112,False,False,0.3309407763864112,-0.6444929072817884,0.0,nan,-0.0035123628939794926,0.06368317031192972,0.0,nan,0.07494418465219344,-0.08769612471158962,0.0,nan,0.021039077761917824,0.012236566144734118,0.0,nan,-0.012932906329925942,-0.446046418642879,0.0,nan,0.0005260657555004045,0.002860760714507915,0.0,nan
13.091,1.4040681239999913,PRESTREAM_SETPOINTS,-0.011249439790844917,0.004279055632650852,-0.03602591156959534,-0.010838905349373817,0.011073172092437744,-0.05278339609503746,-0.018222172989380385,0.02530115304359466,-0.054156105055490296,0.00024756122729741037,-0.007392791099846363,-0.0026390883140265933,1.036095820692433,0.05501076178973567,-0.054156105055490296,0.3309407763864112,False,False,0.3309407763864112,-0.6444929072817884,0.0,nan,-0.0035123628939794926,0.06368317031192972,0.0,nan,0.07494418465219344,-0.08769612471158962,0.0,nan,0.021039077761917824,0.012236566144734118,0.0,nan,-0.012932906329925942,-0.446046418642879,0.0,nan,0.0005260657555004045,0.002860760714507915,0.0,nan
13.118,1.480910599999902,PRESTREAM_SETPOINTS,-0.011153150349855423,0.004291650373488665,-0.03668777272105217,-0.010893946513533592,0.011822301894426346,-0.053577862679958344,-0.01833783571283246,0.02529867118413335,-0.054176884522436665,-0.0015390623593702912,-0.004541657399386167,0.0037230141460895543,1.0367566489466036,0.055937753459315474,-0.054176884522436665,0.31822559294078445,False,False,0.31822559294078445,-0.6502057616224104,0.0,nan,-0.002203192950166688,0.06880425943355031,0.0,nan,0.0733356142985615,-0.07106481905635625,0.0,nan,0.021341256403594855,0.02394761021659629,0.0,nan,-0.010828667473981035,0.7317574349587164,0.0,nan,-7.895308314331828e-05,0.004215221823043347,0.0,nan
13.132,1.5549324379999234,PRESTREAM_SETPOINTS,-0.011153150349855423,0.004291650373488665,-0.03668777272105217,-0.010893946513533592,0.011822301894426346,-0.053577862679958344,-0.01833783571283246,0.02529867118413335,-0.054176884522436665,0.0026190236676484346,-0.004936960991472005,0.005538567434996367,1.0367566489466036,0.055937753459315474,-0.054176884522436665,0.3061033570688192,False,False,0.3061033570688192,-0.6145951594252091,0.0,nan,-0.001112123881589433,0.06672269989964041,0.0,nan,0.07164540569720312,-0.07166872195820716,0.0,nan,0.021474317554378786,0.017896541964321985,0.0,nan,-0.01045476728965511,-0.6081493305499904,0.0,nan,-7.543707372370534e-05,0.0005615054297399835,0.0,nan
13.139,1.6274794999999358,PRESTREAM_SETPOINTS,-0.011092673055827618,0.004242513328790665,-0.03686794266104698,-0.010526612401008606,0.011363629251718521,-0.054970066994428635,-0.018291746108709064,0.025332411442237402,-0.05410551687945885,0.0026190236676484346,-0.004936960991472005,0.005538567434996367,1.036935955993918,0.05711085626904532,-0.05410551687945885,0.3061033570688192,False,False,0.3061033570688192,-0.6145951594252091,0.0,nan,-0.001112123881589433,0.06672269989964041,0.0,nan,0.07164540569720312,-0.07166872195820716,0.0,nan,0.021474317554378786,0.017896541964321985,0.0,nan,-0.01045476728965511,-0.6081493305499904,0.0,nan,-7.543707372370534e-05,0.0005615054297399835,0.0,nan
13.141,1.703328466999892,PRESTREAM_SETPOINTS,-0.011092673055827618,0.004242513328790665,-0.03686794266104698,-0.010526612401008606,0.011363629251718521,-0.054970066994428635,-0.018291746108709064,0.025332411442237402,-0.05410551687945885,0.0026190236676484346,-0.004936960991472005,0.005538567434996367,1.036935955993918,0.05711085626904532,-0.05410551687945885,0.3061033570688192,False,False,0.3061033570688192,-0.6145951594252091,0.0,nan,-0.001112123881589433,0.06672269989964041,0.0,nan,0.07164540569720312,-0.07166872195820716,0.0,nan,0.021474317554378786,0.017896541964321985,0.0,nan,-0.01045476728965511,-0.6081493305499904,0.0,nan,-7.543707372370534e-05,0.0005615054297399835,0.0,nan
13.153,1.7763814789999515,PRESTREAM_SETPOINTS,-0.011092673055827618,0.004242513328790665,-0.03686794266104698,-0.010526612401008606,0.011363629251718521,-0.054970066994428635,-0.018291746108709064,0.025332411442237402,-0.05410551687945885,0.0040160054340958595,-0.006371986586600542,0.00301091792061925,1.036935955993918,0.05711085626904532,-0.05410551687945885,0.29447257706193675,False,False,0.29447257706193675,-0.5670640468088923,0.0,nan,-0.0002978561105937416,0.05662569561707283,0.0,nan,0.07001463920259088,-0.07479834796490206,0.0,nan,0.021618884645348224,0.013013153354497297,0.0,nan,-0.009928039037036207,0.57410830288505,0.0,nan,0.00014497933361568016,0.0072340019892706,0.0,nan
13.181,1.8564440169999443,PRESTREAM_SETPOINTS,-0.010863865725696087,0.003965334966778755,-0.03717579320073128,-0.008859538473188877,0.010466072708368301,-0.05523558706045151,-0.018167623272343784,0.02540758484102202,-0.05407375632996829,0.003695582039654255,-0.0045935120433568954,-0.0007343649631366128,1.037240267952161,0.05691221466264938,-0.05407375632996829,0.2831418773730352,False,False,0.2831418773730352,-0.5453956083547016,0.0,nan,0.0010517770091231782,0.05859288214148517,0.0,nan,0.06843927232332359,-0.07166612397528738,0.0,nan,0.021763311102965588,0.01048129885835895,0.0,nan,-0.010602987070780223,-0.7709697402265443,0.0,nan,0.0001890343935597727,0.0021548045208826805,0.0,nan
13.213,1.9332540149999886,PRESTREAM_SETPOINTS,-0.010723051615059376,0.0038405805826187134,-0.03746677190065384,-0.008404048159718513,0.010071581229567528,-0.05537993833422661,-0.018171784446756413,0.025438108425279618,-0.054104460181681475,0.008509106934070587,0.004391782451421022,0.0012846731115132566,1.0375292943782908,0.05691223369221583,-0.054104460181681475,0.26169404176844324,False,False,0.26169404176844324,-0.5103151156221284,0.0,nan,0.0029833149985192264,0.050360329639472665,0.0,nan,0.06551141563882101,-0.06932054878855627,0.0,nan,0.02204122485986204,0.012083227419601286,0.0,nan,-0.014955120516724207,-2.1745301264493078,0.0,nan,0.0005446738267114171,0.0027170446635136902,0.0,nan
13.217,2.0055652409999993,PRESTREAM_SETPOINTS,-0.010723051615059376,0.0038405805826187134,-0.03746677190065384,-0.008404048159718513,0.010071581229567528,-0.05537993833422661,-0.018171784446756413,0.025438108425279618,-0.054104460181681475,0.008509106934070587,0.004391782451421022,0.0012846731115132566,1.0375292943782908,0.05691223369221583,-0.054104460181681475,0.26169404176844324,False,False,0.26169404176844324,-0.5103151156221284,0.0,nan,0.0029833149985192264,0.050360329639472665,0.0,nan,0.06551141563882101,-0.06932054878855627,0.0,nan,0.02204122485986204,0.012083227419601286,0.0,nan,-0.014955120516724207,-2.1745301264493078,0.0,nan,0.0005446738267114171,0.0027170446635136902,0.0,nan
13.228,2.0864142499999616,PRESTREAM_SETPOINTS,-0.010632150806486607,0.003773799631744623,-0.03760962560772896,-0.008300308138132095,0.009783909656107426,-0.0557449534535408,-0.018032706184481943,0.02561578482066523,-0.054108955416708536,-9.697803761810064e-06,-0.004645887296646833,-0.0003700354427564884,1.0376709590945696,0.057202446091790905,-0.054108955416708536,0.2516314008477494,False,False,0.2516314008477494,-0.5218092614284197,0.0,nan,0.004011465786520674,0.0442247235032155,0.0,nan,0.06424099964395769,-0.06098215076338724,0.0,nan,0.022291957059670686,0.016658777214799657,0.0,nan,-0.01235865894315058,-0.43539485026232216,0.0,nan,-0.0001786805908157163,-0.004637920272517304,0.0,nan
13.258,2.162116383999887,PRESTREAM_SETPOINTS,-0.010386555455625057,0.0036485695745795965,-0.037767503410577774,-0.006171046290546656,0.009860942140221596,-0.054902512580156326,-0.01790791140297696,0.02570230999768615,-0.05415198969817123,0.006968993227928877,-0.0043278103694319725,0.0006050987285561865,1.0378258927822126,0.0561213495902147,-0.05415198969817123,0.2420377074916349,False,False,0.2420377074916349,-0.4806350840804403,0.0,nan,0.004894040042758618,0.05031566978403253,0.0,nan,0.0629216572067195,-0.05459763962850169,0.0,nan,0.022410739128333468,0.016547582778018814,0.0,nan,-0.010163789438285775,0.6603728961740531,0.0,nan,0.00010697328866537958,0.00573714475988063,0.0,nan
13.27,2.2361196839999593,PRESTREAM_SETPOINTS,-0.010386555455625057,0.0036485695745795965,-0.037767503410577774,-0.006171046290546656,0.009860942140221596,-0.054902512580156326,-0.01790791140297696,0.02570230999768615,-0.05415198969817123,-0.0037814686074852943,-0.00616844231262803,0.005965823307633401,1.0378258927822126,0.0561213495902147,-0.05415198969817123,0.2326564509736766,False,False,0.2326564509736766,-0.4542676315132991,0.0,nan,0.0057947730440766065,0.036630416369311164,0.0,nan,0.061693703702796476,-0.059472368725623725,0.0,nan,0.022587608390944425,0.013475689810642934,0.0,nan,-0.0121106118392591,-0.14803215057767252,0.0,nan,-0.0002101162499670295,0.0003949202863481882,0.0,nan
13.277,2.31689823399995,PRESTREAM_SETPOINTS,-0.010237444192171097,0.0036156843416392803,-0.03804962709546089,-0.006163002923130989,0.00999430287629366,-0.05560455098748207,-0.01795563904628611,0.02571521937976679,-0.05409564003710617,-0.0037814686074852943,-0.00616844231262803,0.005965823307633401,1.0381064043487411,0.05683075563049559,-0.05409564003710617,0.2326564509736766,False,False,0.2326564509736766,-0.4542676315132991,0.0,nan,0.0057947730440766065,0.036630416369311164,0.0,nan,0.061693703702796476,-0.059472368725623725,0.0,nan,0.022587608390944425,0.013475689810642934,0.0,nan,-0.0121106118392591,-0.14803215057767252,0.0,nan,-0.0002101162499670295,0.0003949202863481882,0.0,nan
13.279,2.3916498209999872,PRESTREAM_SETPOINTS,-0.010237444192171097,0.0036156843416392803,-0.03804962709546089,-0.006163002923130989,0.00999430287629366,-0.05560455098748207,-0.01795563904628611,0.02571521937976679,-0.05409564003710617,-0.0037814686074852943,-0.00616844231262803,0.005965823307633401,1.0381064043487411,0.05683075563049559,-0.05409564003710617,0.2326564509736766,False,False,0.2326564509736766,-0.4542676315132991,0.0,nan,0.0057947730440766065,0.036630416369311164,0.0,nan,0.061693703702796476,-0.059472368725623725,0.0,nan,0.022587608390944425,0.013475689810642934,0.0,nan,-0.0121106118392591,-0.14803215057767252,0.0,nan,-0.0002101162499670295,0.0003949202863481882,0.0,nan
13.294,2.470950683999945,PRESTREAM_SETPOINTS,-0.010237444192171097,0.0036156843416392803,-0.03804962709546089,-0.006163002923130989,0.00999430287629366,-0.05560455098748207,-0.01795563904628611,0.02571521937976679,-0.05409564003710617,-3.9659131289226934e-05,-0.0038866153918206687,0.004757647868245841,1.0381064043487411,0.05683075563049559,-0.05409564003710617,0.22399535687608108,False,False,0.22399535687608108,-0.4422780531839466,0.0,nan,0.00659413476289572,0.04296097794205625,0.0,nan,0.0604853344131735,-0.05180226553085411,0.0,nan,0.022694694804411775,0.014517014011122974,0.0,nan,-0.011358139371985487,-0.07391242942774903,0.0,nan,6.941814792149614e-05,-0.00020269730631961025,0.0,nan
13.325,2.546241598999927,PRESTREAM_SETPOINTS,-0.010031015612185001,0.0036326388362795115,-0.03881140053272247,-0.006707838270813227,0.0104287751019001,-0.05641578882932663,-0.01783544091961668,0.02575665907488606,-0.054006571674446543,0.0022248858585953712,-0.0023758693132549524,0.0011999942362308504,1.038866181572912,0.05776240709690493,-0.054006571674446543,0.2073409364187544,False,False,0.2073409364187544,-0.4087472213525459,0.0,nan,0.00815176668797335,0.03466876775108175,0.0,nan,0.05821644805199089,-0.04981728385683129,0.0,nan,0.022938932602013296,0.013838050118219217,0.0,nan,-0.01168319205010615,-0.030214302383224194,0.0,nan,-0.00016426347684284082,0.000199918780320274,0.0,nan
13.337,2.62132295899994,PRESTREAM_SETPOINTS,-0.010031015612185001,0.0036326388362795115,-0.03881140053272247,-0.006707838270813227,0.0104287751019001,-0.05641578882932663,-0.01783544091961668,0.02575665907488606,-0.054006571674446543,0.0022248858585953712,-0.0023758693132549524,0.0011999942362308504,1.038866181572912,0.05776240709690493,-0.054006571674446543,0.2073409364187544,False,False,0.2073409364187544,-0.4087472213525459,0.0,nan,0.00815176668797335,0.03466876775108175,0.0,nan,0.05821644805199089,-0.04981728385683129,0.0,nan,0.022938932602013296,0.013838050118219217,0.0,nan,-0.01168319205010615,-0.030214302383224194,0.0,nan,-0.00016426347684284082,0.000199918780320274,0.0,nan
13.346,2.6977829719999136,PRESTREAM_SETPOINTS,-0.00994990486651659,0.003599038813263178,-0.03894508630037308,-0.0073781986720860004,0.010489635169506073,-0.05629182606935501,-0.017803460579357173,0.02579094193735847,-0.0539874957727898,0.003790264716371894,-0.0011245110072195528,0.0015768175944685938,1.03899896344266,0.057734218136704915,-0.05398749577278981,0.19961039777140321,False,False,0.19961039777140321,-0.39969779495598484,0.0,nan,0.00886848817154906,0.03227199412505241,0.0,nan,0.057178743609246574,-0.048710793130723413,0.0,nan,0.02305494549101539,0.013266330738346169,0.0,nan,-0.011715706637991374,-0.19283925291723972,0.0,nan,-0.00014524479519284483,-0.0013497984854577982,0.0,nan
13.378,2.7755190099999254,PRESTREAM_SETPOINTS,-0.00974180456250906,0.0034054925199598074,-0.039090853184461594,-0.007501502055674791,0.010470044799149036,-0.05550067126750946,-0.01784018765248597,0.02587157402070783,-0.054043542503919705,-0.002178878290578723,-0.005174191202968359,-0.003043127944692969,1.0391420987078956,0.05697559900809847,-0.054043542503919705,0.19218326500946503,False,False,0.19218326500946503,-0.3843711184790632,0.0,nan,0.00955089394387798,0.031123282967449095,0.0,nan,0.05618313490271287,-0.046531146634565736,0.0,nan,0.023174545416754455,0.012708668991744169,0.0,nan,-0.011744502828007874,-0.17401620703918264,0.0,nan,0.0001734441241740825,-0.0021071525647963774,0.0,nan
13.385,2.8496438259999195,PRESTREAM_SETPOINTS,-0.00974180456250906,0.0034054925199598074,-0.039090853184461594,-0.007501502055674791,0.010470044799149036,-0.05550067126750946,-0.01784018765248597,0.02587157402070783,-0.054043542503919705,0.0033515440300107002,-0.007969762198626993,0.0071571609005332,1.0391420987078956,0.05697559900809847,-0.054043542503919705,0.18490618899884836,False,False,0.18490618899884836,-0.3653573318776762,0.0,nan,0.010199747846859175,0.002159836585444575,0.0,nan,0.055166064561025685,-0.07923164142512423,0.0,nan,0.023251058305637784,-0.02674347002247278,0.0,nan,-0.01231481288649583,-1.2589912411048885,0.0,nan,0.0003942698126451205,0.09534748106180421,0.0,nan
13.393,2.923804316999963,PRESTREAM_SETPOINTS,-0.00974180456250906,0.0034054925199598074,-0.039090853184461594,-0.007501502055674791,0.010470044799149036,-0.05550067126750946,-0.01784018765248597,0.02587157402070783,-0.054043542503919705,0.0033515440300107002,-0.007969762198626993,0.0071571609005332,1.0391420987078956,0.05697559900809847,-0.054043542503919705,0.18490618899884836,False,False,0.18490618899884836,-0.3653573318776762,0.0,nan,0.010199747846859175,0.002159836585444575,0.0,nan,0.055166064561025685,-0.07923164142512423,0.0,nan,0.023251058305637784,-0.02674347002247278,0.0,nan,-0.01231481288649583,-1.2589912411048885,0.0,nan,0.0003942698126451205,0.09534748106180421,0.0,nan
13.426,2.9966474139999946,PRESTREAM_SETPOINTS,-0.009547554887831211,0.0032750514801591635,-0.03927455097436905,-0.0064438884146511555,0.00891539454460144,-0.055584169924259186,-0.017828542717504597,0.025837573384536093,-0.05391252408224412,-0.0006269487785175443,-0.004382838960736989,0.005064315628260375,1.039323565627909,0.05666222642956508,-0.05391252408224412,0.1716800255010753,False,False,0.1716800255010753,-0.32082058608208225,0.0,nan,0.011434958549204843,0.03810192784937629,0.0,nan,0.05335478482704392,-0.03820009122257854,0.0,nan,0.023453166495462696,0.009124355388293886,0.0,nan,-0.010660053995596108,-0.7649226302413811,0.0,nan,0.00015364468854794922,0.003271235920955906,0.0,nan
13.452,3.072827848999964,PRESTREAM_SETPOINTS,-0.00942912045866251,0.0032070325687527657,-0.039217956364154816,-0.005871661007404327,0.008106851018965244,-0.05596326291561127,-0.017865536649304462,0.02582778262808647,-0.053818128764395436,-0.0019486919045448303,-0.005905785597860812,0.0036550222430378207,1.0392656802763245,0.05685142243243701,-0.05381812876439544,0.16535150156192913,False,False,0.16535150156192913,-0.3149492592766882,0.0,nan,0.012032717086865041,0.03737146801147009,0.0,nan,0.05251656459253784,-0.0352564548086372,0.0,nan,0.023555828631881326,0.00965852353554244,0.0,nan,-0.010276551521429589,-0.6437901690280446,0.0,nan,0.00011985427210436939,-0.0004169738431539227,0.0,nan
13.452,3.143517433999932,PRESTREAM_SETPOINTS,-0.00942912045866251,0.0032070325687527657,-0.039217956364154816,-0.005871661007404327,0.008106851018965244,-0.05596326291561127,-0.017865536649304462,0.02582778262808647,-0.053818128764395436,-0.0019486919045448303,-0.005905785597860812,0.0036550222430378207,1.0392656802763245,0.05685142243243701,-0.05381812876439544,0.16535150156192913,False,False,0.16535150156192913,-0.3149492592766882,0.0,nan,0.012032717086865041,0.03737146801147009,0.0,nan,0.05251656459253784,-0.0352564548086372,0.0,nan,0.023555828631881326,0.00965852353554244,0.0,nan,-0.010276551521429589,-0.6437901690280446,0.0,nan,0.00011985427210436939,-0.0004169738431539227,0.0,nan
13.473,3.218357505999961,PRESTREAM_SETPOINTS,-0.009348573163151741,0.0031748085748404264,-0.03910427168011665,-0.005333263892680407,0.008445516228675842,-0.05639028176665306,-0.017913282509643687,0.025804284436864704,-0.05376152680290693,0.0004108214343432337,-0.004258032422512769,0.006693716626614333,1.0391511741096862,0.05726809169022764,-0.05376152680290693,0.1592986004660819,False,False,0.1592986004660819,-0.2812973636436533,0.0,nan,0.01256302757574268,0.028447998779655686,0.0,nan,0.05167670976498773,-0.03849371419812553,0.0,nan,0.02362601069616499,0.006870907431993187,0.0,nan,-0.011914234231708676,-0.2584140172330564,0.0,nan,0.00032329865864078045,0.005524133711486856,0.0,nan
13.481,3.3016633389999015,PRESTREAM_SETPOINTS,-0.009226306341588497,0.0031340881250798702,-0.03883666917681694,-0.004577047191560268,0.007780889049172401,-0.05508842691779137,-0.017903293565706455,0.02581842968048343,-0.05366884528036188,0.0004108214343432337,-0.004258032422512769,0.006693716626614333,1.0388823669999738,0.05582317059847229,-0.05366884528036188,0.1592986004660819,False,False,0.1592986004660819,-0.2812973636436533,0.0,nan,0.01256302757574268,0.028447998779655686,0.0,nan,0.05167670976498773,-0.03849371419812553,0.0,nan,0.02362601069616499,0.006870907431993187,0.0,nan,-0.011914234231708676,-0.2584140172330564,0.0,nan,0.00032329865864078045,0.005524133711486856,0.0,nan
13.492,3.3765316919999577,PRESTREAM_SETPOINTS,-0.009226306341588497,0.0031340881250798702,-0.03883666917681694,-0.004577047191560268,0.007780889049172401,-0.05508842691779137,-0.017903293565706455,0.02581842968048343,-0.05366884528036188,0.0013078157790005207,-0.007495547179132701,-0.008566454984247683,1.0388823669999738,0.05582317059847229,-0.05366884528036188,0.15360246061834637,False,False,0.15360246061834637,-0.2750989405669787,0.0,nan,0.013138251908870302,0.03020082790568328,0.0,nan,0.05090066697811313,-0.034636940983792,0.0,nan,0.023734965546557518,0.008899879382182688,0.0,nan,-0.010330898602363803,0.5392280752576197,0.0,nan,0.0001423668015743118,0.008874187339010076,0.0,nan
13.524000000000001,3.4536995859999706,PRESTREAM_SETPOINTS,-0.009005465544760227,0.0031080548651516438,-0.038235269486904144,-0.0029449688736349344,0.007435899693518877,-0.05521037057042122,-0.01782053654283012,0.025898318701280003,-0.05372078401006697,0.000674315495416522,-0.0034164395183324814,-0.0004461155913304533,1.0382789765863831,0.055786651310523974,-0.05372078401006696,0.14246035036001992,False,False,0.14246035036001992,-0.261333152253931,0.0,nan,0.014124490465643902,0.026486531973888054,0.0,nan,0.049392464528133395,-0.03323831094729217,0.0,nan,0.023879607675344694,0.006611262398765465,0.0,nan,-0.012267033260330074,-1.413652473770108,0.0,nan,-0.00025896194120011984,-0.0025077542607518655,0.0,nan
13.555,3.5292483769999308,PRESTREAM_SETPOINTS,-0.008899038657546043,0.0030718755442649126,-0.03794465959072113,-0.0034092706628143787,0.006724676117300987,-0.0553089864552021,-0.017808765123614616,0.025970361847542537,-0.05376211049425143,0.006570195313543081,0.0019708196632564072,0.004025877919048071,1.0379873533339825,0.055820501413339656,-0.05376211049425143,0.13741549714522527,False,False,0.13741549714522527,-0.24337819076208966,0.0,nan,0.014614820984159671,0.032558290989267206,0.0,nan,0.04872461105741355,-0.027697644643825646,0.0,nan,0.023973546479889585,0.008089675978754077,0.0,nan,-0.010740101091033516,-0.893985496434399,0.0,nan,-0.00017767417574976463,-0.0016942385764386336,0.0,nan
13.565,3.6077358759999925,PRESTREAM_SETPOINTS,-0.008728538639843464,0.0029665713664144278,-0.03750765323638916,-0.0033420214895159006,0.006382062565535307,-0.054763589054346085,-0.01769516527647063,0.02607809902243253,-0.053747011598592194,0.000496407737955451,-0.010819800198078156,0.0021878636907786144,1.0375486101655857,0.055235409986168174,-0.053747011598592194,0.1324574680709727,False,False,0.1324574680709727,-0.24687596583569588,0.0,nan,0.015089234006549823,0.026499221788267607,0.0,nan,0.048060996453055616,-0.027713696905274435,0.0,nan,0.024073012423432516,0.009645441904945698,0.0,nan,-0.010029582309986296,0.5682600685872762,0.0,nan,-0.00010783045821760595,0.006944255573613389,0.0,nan
13.575,3.6836889939999082,PRESTREAM_SETPOINTS,-0.008728538639843464,0.0029665713664144278,-0.03750765323638916,-0.0033420214895159006,0.006382062565535307,-0.054763589054346085,-0.01769516527647063,0.02607809902243253,-0.053747011598592194,0.000496407737955451,-0.010819800198078156,0.0021878636907786144,1.0375486101655857,0.055235409986168174,-0.053747011598592194,0.1324574680709727,False,False,0.1324574680709727,-0.24687596583569588,0.0,nan,0.015089234006549823,0.026499221788267607,0.0,nan,0.048060996453055616,-0.027713696905274435,0.0,nan,0.024073012423432516,0.009645441904945698,0.0,nan,-0.010029582309986296,0.5682600685872762,0.0,nan,-0.00010783045821760595,0.006944255573613389,0.0,nan
13.587,3.75693774399997,PRESTREAM_SETPOINTS,-0.008622370660305023,0.002901603002101183,-0.037266626954078674,-0.0036124233156442642,0.0057265316136181355,-0.0552394799888134,-0.01770353885187893,0.026002832842326858,-0.05375250041876172,0.004470348358154297,0.0031509562395513066,0.005803467705845833,1.0373065217034343,0.05565287877520528,-0.053752500418761714,0.1276920253975895,False,False,0.1276920253975895,-0.22811920639858696,0.0,nan,0.015478851350116507,-0.010284170847014548,0.0,nan,0.04740378367281739,-0.06342138640027584,0.0,nan,0.024122265560957423,-0.03136027099318987,0.0,nan,-0.012433725438102172,-1.8336564131789486,0.0,nan,-0.00040820991906276305,0.05791052283016683,0.0,nan
13.591,3.8340949459999365,PRESTREAM_SETPOINTS,-0.008622370660305023,0.002901603002101183,-0.037266626954078674,-0.0036124233156442642,0.0057265316136181355,-0.0552394799888134,-0.01770353885187893,0.026002832842326858,-0.05375250041876172,0.004470348358154297,0.0031509562395513066,0.005803467705845833,1.0373065217034343,0.05565287877520528,-0.053752500418761714,0.1276920253975895,False,False,0.1276920253975895,-0.22811920639858696,0.0,nan,0.015478851350116507,-0.010284170847014548,0.0,nan,0.04740378367281739,-0.06342138640027584,0.0,nan,0.024122265560957423,-0.03136027099318987,0.0,nan,-0.012433725438102172,-1.8336564131789486,0.0,nan,-0.00040820991906276305,0.05791052283016683,0.0,nan
13.602,3.9077030529999774,PRESTREAM_SETPOINTS,-0.008471054024994373,0.002811424434185028,-0.037075962871313095,-0.0029980619437992573,0.005279866047203541,-0.05577512085437775,-0.017661713779374047,0.026160280040897543,-0.05366669765440668,0.004470348358154297,0.0031509562395513066,0.005803467705845833,1.03711436959918,0.05610462964155198,-0.053666697654406674,0.1276920253975895,False,False,0.1276920253975895,-0.22811920639858696,0.0,nan,0.015478851350116507,-0.010284170847014548,0.0,nan,0.04740378367281739,-0.06342138640027584,0.0,nan,0.024122265560957423,-0.03136027099318987,0.0,nan,-0.012433725438102172,-1.8336564131789486,0.0,nan,-0.00040820991906276305,0.05791052283016683,0.0,nan
13.61,3.9800546109999004,PRESTREAM_SETPOINTS,-0.008471054024994373,0.002811424434185028,-0.037075962871313095,-0.0029980619437992573,0.005279866047203541,-0.05577512085437775,-0.017661713779374047,0.026160280040897543,-0.05366669765440668,-0.00016506260726600885,-0.0018729816656559704,0.001789265428669751,1.03711436959918,0.05610462964155198,-0.053666697654406674,0.12320818565466318,False,False,0.12320818565466318,-0.22109709014855422,0.0,nan,0.015888390307513767,0.0265376790829465,0.0,nan,0.04679706339133727,-0.02657081711854536,0.0,nan,0.02419603261000347,0.00604380464392453,0.0,nan,-0.01126898287356326,-0.9452115072906432,0.0,nan,-0.00021254816017268752,0.0020606230036359363,0.0,nan
13.641,4.056905910999944,PRESTREAM_SETPOINTS,-0.008183598518371582,0.002705679042264819,-0.03709877282381058,-0.0012910091318190098,0.005586331244558096,-0.056330665946006775,-0.017690782585811225,0.026278287272253124,-0.05367786745467678,-0.0014482333790510893,-0.0033572660759091373,0.0022054780274629597,1.0371345894224353,0.05662170720909935,-0.05367786745467678,0.11878783676407245,False,False,0.11878783676407245,-0.2178262983405937,0.0,nan,0.01631430388378874,-0.004879122315229078,0.0,nan,0.04622940252951846,-0.051470579758015896,0.0,nan,0.024285015387675024,-0.018292911717197338,0.0,nan,-0.011692091839315744,-0.48068099719234225,0.0,nan,-0.0003936280636898104,0.04818195630378995,0.0,nan
13.641,4.134805870999912,PRESTREAM_SETPOINTS,-0.008183598518371582,0.002705679042264819,-0.03709877282381058,-0.0012910091318190098,0.005586331244558096,-0.056330665946006775,-0.017690782585811225,0.026278287272253124,-0.05367786745467678,-0.0014482333790510893,-0.0033572660759091373,0.0022054780274629597,1.0371345894224353,0.05662170720909935,-0.05367786745467678,0.11878783676407245,False,False,0.11878783676407245,-0.2178262983405937,0.0,nan,0.01631430388378874,-0.004879122315229078,0.0,nan,0.04622940252951846,-0.051470579758015896,0.0,nan,0.024285015387675024,-0.018292911717197338,0.0,nan,-0.011692091839315744,-0.48068099719234225,0.0,nan,-0.0003936280636898104,0.04818195630378995,0.0,nan
13.661,4.209146313999895,PRESTREAM_SETPOINTS,-0.00806346908211708,0.002679491648450494,-0.037143439054489136,-0.0005829026340506971,0.004999964963644743,-0.05668769031763077,-0.017685102534778143,0.026353789520552888,-0.05378500020796783,-0.0003068273072130978,-0.0007504039676859981,-0.005072204861789942,1.0371782452321805,0.05691075169654735,-0.05378500020796783,0.11472295976735936,False,False,0.11472295976735936,-0.1920787330946893,0.0,nan,0.016688576536632915,-0.009432903713180124,0.0,nan,0.045669393457902,-0.056656208651260045,0.0,nan,0.02434817181358362,-0.028261697006437186,0.0,nan,-0.01212163189845672,-1.6621390045893836,0.0,nan,-0.0003693632461594376,0.05310089065481831,0.0,nan
13.69,4.291547261999995,PRESTREAM_SETPOINTS,-0.007879572920501232,0.0026497121434658766,-0.03742995858192444,2.0464191038627177e-05,0.0041684601455926895,-0.057461973279714584,-0.01766278914756492,0.02633445375675655,-0.053745392522812546,0.004424494691193104,-0.0019023919012397526,0.0010099560022354128,1.0374632656663783,0.057612974684242285,-0.05374539252281255,0.10690733401961694,False,False,0.10690733401961694,-0.18026671439036188,0.0,nan,0.01740969005456261,0.01760495802719009,0.0,nan,0.04460413862139401,-0.02508952323409728,0.0,nan,0.024489323845849675,0.004779897799854147,0.0,nan,-0.010641696441158643,0.31830446873669793,0.0,nan,-0.0001946433179549345,0.009547095057042265,0.0,nan
13.721,4.367542196999921,PRESTREAM_SETPOINTS,-0.007547441404312849,0.0025932900607585907,-0.03833067789673805,0.0011404637480154634,0.0034419242292642593,-0.0578385628759861,-0.017572563595142317,0.026392828496116322,-0.05377710107150587,0.00244897254742682,-0.004968648776412009,0.004787322599440814,1.0383613463946886,0.05795210829227813,-0.05377710107150587,0.10314909720803911,False,False,0.10314909720803911,-0.19225914701377822,0.0,nan,0.01777220765412313,0.020053321245171507,0.0,nan,0.044130266770095794,-0.019886616002740273,0.0,nan,0.024575475536344094,0.008197685293899208,0.0,nan,-0.011071051484786487,-0.11317614413361364,0.0,nan,-0.00017882146725423098,-0.0008256288431362502,0.0,nan
13.74,4.446063840999955,PRESTREAM_SETPOINTS,-0.007418145425617695,0.002560033230111003,-0.03863587602972984,0.0010159405646845698,0.003074818290770054,-0.058720942586660385,-0.017539127227794757,0.026461007873683277,-0.05371233783072592,0.0023325474467128515,-0.002176581183448433,0.0061097233556210995,1.0386655215360425,0.058810166986823724,-0.05371233783072591,0.09961548878340665,False,False,0.09961548878340665,-0.16943174957378798,0.0,nan,0.018078470237826494,0.02205947280243777,0.0,nan,0.043644759249533926,-0.018538660438454892,0.0,nan,0.02462992357189453,0.006009491433519941,0.0,nan,-0.010515191842157101,0.21142244466685756,0.0,nan,-0.00011126679578410403,0.005692164497077851,0.0,nan
13.74,4.5243693299998995,PRESTREAM_SETPOINTS,-0.007418145425617695,0.002560033230111003,-0.03863587602972984,0.0010159405646845698,0.003074818290770054,-0.058720942586660385,-0.017539127227794757,0.026461007873683277,-0.05371233783072592,0.0023325474467128515,-0.002176581183448433,0.0061097233556210995,1.0386655215360425,0.058810166986823724,-0.05371233783072591,0.09961548878340665,False,False,0.09961548878340665,-0.16943174957378798,0.0,nan,0.018078470237826494,0.02205947280243777,0.0,nan,0.043644759249533926,-0.018538660438454892,0.0,nan,0.02462992357189453,0.006009491433519941,0.0,nan,-0.010515191842157101,0.21142244466685756,0.0,nan,-0.00011126679578410403,0.005692164497077851,0.0,nan
13.761,4.6054937319999,PRESTREAM_SETPOINTS,-0.007239796221256256,0.002486394951120019,-0.03903266414999962,0.0005950870690867305,0.002637681784108281,-0.05872343108057976,-0.017557798986119165,0.026506235901543152,-0.05373720583199548,-0.0017186269396916032,-0.00575347151607275,0.0012532360851764685,1.0390608615378716,0.05878565175014743,-0.05373720583199548,0.0962066644068198,False,False,0.0962066644068198,-0.16724665005007722,0.0,nan,0.018372210138497103,0.016538893533055862,0.0,nan,0.043169988892503675,-0.01958094086103975,0.0,nan,0.024676916881519517,0.007179773320334415,0.0,nan,-0.011302922601345244,0.15460841386909543,0.0,nan,-0.00019890163146829565,0.007491907497759992,0.0,nan
13.761,4.680991499999891,PRESTREAM_SETPOINTS,-0.007239796221256256,0.002486394951120019,-0.03903266414999962,0.0005950870690867305,0.002637681784108281,-0.05872343108057976,-0.017557798986119165,0.026506235901543152,-0.05373720583199548,-0.0017186269396916032,-0.00575347151607275,0.0012532360851764685,1.0390608615378716,0.05878565175014743,-0.05373720583199548,0.0962066644068198,False,False,0.0962066644068198,-0.16724665005007722,0.0,nan,0.018372210138497103,0.016538893533055862,0.0,nan,0.043169988892503675,-0.01958094086103975,0.0,nan,0.024676916881519517,0.007179773320334415,0.0,nan,-0.011302922601345244,0.15460841386909543,0.0,nan,-0.00019890163146829565,0.007491907497759992,0.0,nan
13.787,4.759536627999978,PRESTREAM_SETPOINTS,-0.007124245632439852,0.002440453041344881,-0.03928232938051224,0.0007032577414065599,0.0019077446777373552,-0.059487488120794296,-0.017555325312955335,0.026522015574578107,-0.05378209699727809,0.004423909354954958,-0.004325431305915117,-0.00016077290638349896,1.039309612603223,0.059522225295497194,-0.053782096997278095,0.08980988000764434,False,False,0.08980988000764434,-0.15940167225754165,0.0,nan,0.01897213935652431,0.015026096127485084,0.0,nan,0.04232225207946261,-0.01759720275119981,0.0,nan,0.024802000394175572,0.0078249132722611,0.0,nan,-0.010754352938017853,0.2644884557131617,0.0,nan,-0.00013554930095693862,0.004470987962533424,0.0,nan
13.791,4.8366543119999506,PRESTREAM_SETPOINTS,-0.007124245632439852,0.002440453041344881,-0.03928232938051224,0.0007032577414065599,0.0019077446777373552,-0.059487488120794296,-0.017555325312955335,0.026522015574578107,-0.05378209699727809,0.004423909354954958,-0.004325431305915117,-0.00016077290638349896,1.039309612603223,0.059522225295497194,-0.053782096997278095,0.08980988000764434,False,False,0.08980988000764434,-0.15940167225754165,0.0,nan,0.01897213935652431,0.015026096127485084,0.0,nan,0.04232225207946261,-0.01759720275119981,0.0,nan,0.024802000394175572,0.0078249132722611,0.0,nan,-0.010754352938017853,0.2644884557131617,0.0,nan,-0.00013554930095693862,0.004470987962533424,0.0,nan
13.801,4.914842078999982,PRESTREAM_SETPOINTS,-0.00694228382781148,0.002372496295720339,-0.03955152630805969,0.0017334948061034083,0.0021772407926619053,-0.059435341507196426,-0.017495409537409988,0.026551012161742837,-0.05384142844322403,0.004423909354954958,-0.004325431305915117,-0.00016077290638349896,1.039577414093263,0.05950046387877228,-0.05384142844322403,0.08980988000764434,False,False,0.08980988000764434,-0.15940167225754165,0.0,nan,0.01897213935652431,0.015026096127485084,0.0,nan,0.04232225207946261,-0.01759720275119981,0.0,nan,0.024802000394175572,0.0078249132722611,0.0,nan,-0.010754352938017853,0.2644884557131617,0.0,nan,-0.00013554930095693862,0.004470987962533424,0.0,nan
13.801,4.986971901999937,PRESTREAM_SETPOINTS,-0.00694228382781148,0.002372496295720339,-0.03955152630805969,0.0017334948061034083,0.0021772407926619053,-0.059435341507196426,-0.017495409537409988,0.026551012161742837,-0.05384142844322403,0.004423909354954958,-0.004325431305915117,-0.00016077290638349896,1.039577414093263,0.05950046387877228,-0.05384142844322403,0.08980988000764434,False,False,0.08980988000764434,-0.15940167225754165,0.0,nan,0.01897213935652431,0.015026096127485084,0.0,nan,0.04232225207946261,-0.01759720275119981,0.0,nan,0.024802000394175572,0.0078249132722611,0.0,nan,-0.010754352938017853,0.2644884557131617,0.0,nan,-0.00013554930095693862,0.004470987962533424,0.0,nan
13.827,5.064643732999912,PRESTREAM_SETPOINTS,-0.006818239111453295,0.0023383372463285923,-0.03976431116461754,0.0018201437778770924,0.0022212809417396784,-0.06014319509267807,-0.01747249684459309,0.026575600202678542,-0.053915897051925565,0.001711300341412425,-0.0035048117861151695,0.000254026759648696,1.0397892954715826,0.06021171753363473,-0.053915897051925565,0.08384857859891426,False,False,0.08384857859891426,-0.13759938813672562,0.0,nan,0.019459080017979247,-0.0036473387281952983,0.0,nan,0.04149203158783532,-0.03395872578334904,0.0,nan,0.024868471470439246,-0.012564871816528773,0.0,nan,-0.011535542736473836,-0.21010885333612556,0.0,nan,-0.00022911091964861185,0.01979461622169701,0.0,nan
13.839,5.139963050999995,PRESTREAM_SETPOINTS,-0.006638328544795513,0.002319514751434326,-0.04008839651942253,0.0020302271004766226,0.003082799492403865,-0.059657204896211624,-0.01744716165847805,0.02659891441857819,-0.05393954549014547,0.001711300341412425,-0.0035048117861151695,0.000254026759648696,1.0401121670901146,0.05977129386936886,-0.05393954549014547,0.08384857859891426,False,False,0.08384857859891426,-0.13759938813672562,0.0,nan,0.019459080017979247,-0.0036473387281952983,0.0,nan,0.04149203158783532,-0.03395872578334904,0.0,nan,0.024868471470439246,-0.012564871816528773,0.0,nan,-0.011535542736473836,-0.21010885333612556,0.0,nan,-0.00022911091964861185,0.01979461622169701,0.0,nan
13.846,5.213060936999909,PRESTREAM_SETPOINTS,-0.006638328544795513,0.002319514751434326,-0.04008839651942253,0.0020302271004766226,0.003082799492403865,-0.059657204896211624,-0.01744716165847805,0.02659891441857819,-0.05393954549014547,-0.002647234359756112,0.0028141061775386338,0.003667003475129604,1.0401121670901146,0.05977129386936886,-0.05393954549014547,0.08107189681339655,False,False,0.08107189681339655,-0.14257672261785195,0.0,nan,0.019718553860735177,0.01681214135774068,0.0,nan,0.04113430637873261,-0.013205092765531331,0.0,nan,0.024932241238624364,0.007871871837191537,0.0,nan,-0.01121618315263806,-0.019714890802767955,0.0,nan,-0.0001316342181905128,0.0013223597086917116,0.0,nan
13.878,5.287219221999976,PRESTREAM_SETPOINTS,-0.006336400751024485,0.0023091237526386976,-0.0404956229031086,0.0023038028739392757,0.0019301068969070911,-0.059610746800899506,-0.017451746089109703,0.02663171353025776,-0.05398949765752253,0.0024722283706068993,-0.010614465922117233,-0.0023319465108215796,1.0405174786170153,0.05968646374578083,-0.053989497657522534,0.0783934713948593,False,False,0.0783934713948593,-0.13325620028117025,0.0,nan,0.019929432266465597,0.019918388996221295,0.0,nan,0.04075801978541893,-0.010428097180758145,0.0,nan,0.024957226260687193,0.00789544327045879,0.0,nan,-0.012118062280648267,-1.1471771390049201,0.0,nan,-0.0002223651336832333,-0.0031511767585772343,0.0,nan
13.912,5.3763617029999295,PRESTREAM_SETPOINTS,-0.006214778404682875,0.002303379587829113,-0.04070325568318367,0.0026076214853674173,0.0018220542697235942,-0.060513079166412354,-0.017353195240455945,0.026685601341808095,-0.05404684221482173,0.0012342233676463366,-0.0045430073514580735,-0.004219858907163142,1.040724360922585,0.060596636224903244,-0.05404684221482172,0.07325279312931166,False,False,0.07325279312931166,-0.12263302665435062,0.0,nan,0.02036968703159392,0.01217872244759386,0.0,nan,0.04008703851267992,-0.011567807810234997,0.0,nan,0.025064938959982186,0.008613987671664205,0.0,nan,-0.01223828215516587,0.02668684364257811,0.0,nan,-0.00022346879192536306,0.003973049320696198,0.0,nan
13.943,5.44983714,PRESTREAM_SETPOINTS,-0.00590543681755662,0.002313334261998534,-0.041208237409591675,0.0036395518109202385,0.002186928875744343,-0.06255480647087097,-0.0173536141335594,0.026643612145608772,-0.05407960975872521,0.0017071645706892014,-0.001337617868557573,-0.004721522331237793,1.0412275540673146,0.06269874646195135,-0.05407960975872521,0.06840693899855488,False,False,0.06840693899855488,-0.12420920945959334,0.0,nan,0.020759906187932664,0.015217150825293933,0.0,nan,0.03945583811245168,-0.009451114939749854,0.0,nan,0.025158896128727903,0.008698523429980502,0.0,nan,-0.011902417923740138,-0.02839852174499707,0.0,nan,-0.00018558310923211252,0.0011905988428086156,0.0,nan
13.968,5.525183539999944,PRESTREAM_SETPOINTS,-0.005770716350525618,0.0023325036745518446,-0.04133390262722969,0.0029723243787884712,0.0027465857565402985,-0.06273207068443298,-0.017322257433798713,0.026688380458141644,-0.05424024730983047,0.005172258242964745,-0.006667042151093483,0.0022405863273888835,1.0413525044390333,0.06286247798080717,-0.05424024730983047,0.06613789573538043,False,False,0.06613789573538043,-0.11352821706932274,0.0,nan,0.02094621073437697,0.0132541020969776,0.0,nan,0.039169471518946786,-0.00895130954463441,0.0,nan,0.02521081584430096,0.008506561573196606,0.0,nan,-0.011758969419088494,0.36942711847274784,0.0,nan,-0.00020755236900082963,0.006088129608873005,0.0,nan
13.968,5.5984593089999635,PRESTREAM_SETPOINTS,-0.005770716350525618,0.0023325036745518446,-0.04133390262722969,0.0029723243787884712,0.0027465857565402985,-0.06273207068443298,-0.017322257433798713,0.026688380458141644,-0.05424024730983047,0.005172258242964745,-0.006667042151093483,0.0022405863273888835,1.0413525044390333,0.06286247798080717,-0.05424024730983047,0.06613789573538043,False,False,0.06613789573538043,-0.11352821706932274,0.0,nan,0.02094621073437697,0.0132541020969776,0.0,nan,0.039169471518946786,-0.00895130954463441,0.0,nan,0.02521081584430096,0.008506561573196606,0.0,nan,-0.011758969419088494,0.36942711847274784,0.0,nan,-0.00020755236900082963,0.006088129608873005,0.0,nan
14.001,5.684257100999957,PRESTREAM_SETPOINTS,-0.005590968299657106,0.0023951721377670765,-0.04119933769106865,0.0018985671922564507,0.0026891117449849844,-0.06233813613653183,-0.01728606429015591,0.02674090946957411,-0.05419831475455298,-0.003306247992441058,0.0016713921213522558,0.004015782382339239,1.0412171034824664,0.06242498775600444,-0.05419831475455298,0.06390213819573454,False,False,0.06390213819573454,-0.11783115007950981,0.0,nan,0.02110624535584904,0.016460721734012758,0.0,nan,0.03887789995379176,-0.0055250169904845214,0.0,nan,0.025231598856074733,0.010013170985352208,0.0,nan,-0.012972029229492144,-1.209616045499496,0.0,nan,-0.00023109736012028037,-0.0035528324999511973,0.0,nan
14.016,5.759157795999954,PRESTREAM_SETPOINTS,-0.005590968299657106,0.0023951721377670765,-0.04119933769106865,0.0018985671922564507,0.0026891117449849844,-0.06233813613653183,-0.01728606429015591,0.02674090946957411,-0.05419831475455298,0.0009702487150207162,0.0011087364982813595,-0.0009716079221107067,1.0412171034824664,0.06242498775600444,-0.05419831475455298,0.061605847533787284,False,False,0.061605847533787284,-0.10850556574523151,0.0,nan,0.02124533363371217,0.010030836148406662,0.0,nan,0.03857762186005065,-0.008691760608370274,0.0,nan,0.025239372658572456,0.009607866001218126,0.0,nan,-0.012927801486869228,0.18785649813647354,0.0,nan,-0.0002773040730827958,0.00323717161983042,0.0,nan
14.024,5.8368691329999365,PRESTREAM_SETPOINTS,-0.00552919739857316,0.0024253593292087317,-0.04114329069852829,0.0020792086143046618,0.002554651815444231,-0.0628342255949974,-0.017338583011970554,0.026828375164166945,-0.054270660870016176,0.0034727866295725107,-0.005404060706496238,0.005043969489634038,1.0411607974555652,0.06292049952505922,-0.054270660870016176,0.061605847533787284,False,False,0.061605847533787284,-0.10850556574523151,0.0,nan,0.02124533363371217,0.010030836148406662,0.0,nan,0.03857762186005065,-0.008691760608370274,0.0,nan,0.025239372658572456,0.009607866001218126,0.0,nan,-0.012927801486869228,0.18785649813647354,0.0,nan,-0.0002773040730827958,0.00323717161983042,0.0,nan
14.062,5.923010997999995,PRESTREAM_SETPOINTS,-0.005379549227654934,0.0024893085937947035,-0.04143910855054855,0.0017624071333557367,0.00079032575013116,-0.0636996403336525,-0.017282359342229773,0.026859350320364832,-0.05413801887505765,0.00038669578498229384,-0.0025413851253688327,0.005874570459127426,1.0414559774785148,0.06372891708111562,-0.05413801887505765,0.05725552879062512,False,False,0.05725552879062512,-0.1117612896633027,0.0,nan,0.02153608696266751,0.013835571512652522,0.0,nan,0.03805358908619727,-0.004744882941552956,0.0,nan,0.02529317474926618,0.010442046420912895,0.0,nan,-0.012725230427301781,0.06658859268687106,0.0,nan,-0.00024731473058281495,0.0010493900598625427,0.0,nan
14.103,6.0096133579999105,PRESTREAM_SETPOINTS,-0.005260395351797342,0.0025373969692736864,-0.04171298071742058,0.0006589217809960246,0.0006572544807568192,-0.06403946131467819,-0.017256233242862656,0.026846460202203378,-0.05405430659825834,-0.000165009536431171,-0.007923824712634087,0.00026724106282927193,1.0417293527293017,0.06404622367353216,-0.05405430659825834,0.05317051909649173,False,False,0.05317051909649173,-0.0941743344955192,0.0,nan,0.021855410662459107,0.007959018380850493,0.0,nan,0.03761616563150394,-0.007202694116433885,0.0,nan,0.025396235630551267,0.009194041223377594,0.0,nan,-0.012699331574027362,0.24756048837647948,0.0,nan,-0.0002436811909820591,0.0032597783098649302,0.0,nan
14.12,6.087665377999997,PRESTREAM_SETPOINTS,-0.005201349034905434,0.0025663962587714195,-0.04198555648326874,0.0008458831580355763,0.00043493640259839594,-0.06468699872493744,-0.017271064383288164,0.02680051134958561,-0.054056454734430416,-0.000165009536431171,-0.007923824712634087,0.00026724106282927193,1.0420016988188106,0.06469399115861853,-0.05405645473443042,0.05121811915824637,False,False,0.05121811915824637,-0.09983002944455467,0.0,nan,0.021997396884875897,0.007425843828046922,0.0,nan,0.037402451737057696,-0.007024859005317105,0.0,nan,0.025438472374096577,0.00924413789574738,0.0,nan,-0.012526565401216772,0.2376429837071341,0.0,nan,-0.00019475633071941445,0.002628967807445398,0.0,nan
14.123,6.1628398109999125,PRESTREAM_SETPOINTS,-0.005201349034905434,0.0025663962587714195,-0.04198555648326874,0.0008458831580355763,0.00043493640259839594,-0.06468699872493744,-0.017271064383288164,0.02680051134958561,-0.054056454734430416,-0.0007062279619276524,-0.00848415307700634,0.0011968535836786043,1.0420016988188106,0.06469399115861853,-0.05405645473443042,0.04933458368976318,False,False,0.04933458368976318,-0.08626490270210477,0.0,nan,0.02215470072137471,0.007844429718382267,0.0,nan,0.0372225801023216,-0.005901836443658915,0.0,nan,0.025497158848276413,0.007606367465350989,0.0,nan,-0.012224459943623422,0.25360355935919865,0.0,nan,-0.00022127302922658743,0.004032515359711664,0.0,nan
14.161,6.241291805999936,PRESTREAM_SETPOINTS,-0.005170644726604223,0.0024881914723664522,-0.04235444962978363,0.0006862288573756814,0.0004262829606886953,-0.06570636481046677,-0.017303530397753192,0.02673590675565337,-0.05402156904500644,0.006511007901281118,-0.0034639365039765835,-0.0006805065204389389,1.0423702438801201,0.06571133086320359,-0.05402156904500644,0.04753244338359508,False,False,0.04753244338359508,-0.09234137170105808,0.0,nan,0.022283509575994564,0.005787683221268027,0.0,nan,0.0370347458123117,-0.006956877466330284,0.0,nan,0.025540467611324225,0.007586697346820341,0.0,nan,-0.011997498204165957,0.24210376847056414,0.0,nan,-0.0001831173776203343,0.0013425574409022256,0.0,nan
14.183,6.31882739699995,PRESTREAM_SETPOINTS,-0.005168033763766289,0.002426489954814315,-0.042615123093128204,0.0011190553195774555,-0.00040988929686136544,-0.06540936231613159,-0.01718556303961841,0.026774656758320182,-0.054053121228013916,-0.0029665599577128887,-0.004241899587213993,0.0006669875583611434,1.042630755027389,0.06542021837816603,-0.054053121228013916,0.04401521214722237,False,False,0.04401521214722237,-0.07982438343380728,0.0,nan,0.022552439855713757,0.012983798548241372,0.0,nan,0.03669172637645346,-0.0014524193466689365,0.0,nan,0.02564025018597782,0.00965712762872126,0.0,nan,-0.011594109733282565,0.3960830272973713,0.0,nan,-0.00013702080688027252,0.006903295018945904,0.0,nan
14.186,6.40057294199994,PRESTREAM_SETPOINTS,-0.005168033763766289,0.002426489954814315,-0.042615123093128204,0.0011190553195774555,-0.00040988929686136544,-0.06540936231613159,-0.01718556303961841,0.026774656758320182,-0.054053121228013916,-0.0029665599577128887,-0.004241899587213993,0.0006669875583611434,1.042630755027389,0.06542021837816603,-0.054053121228013916,0.04401521214722237,False,False,0.04401521214722237,-0.07982438343380728,0.0,nan,0.022552439855713757,0.012983798548241372,0.0,nan,0.03669172637645346,-0.0014524193466689365,0.0,nan,0.02564025018597782,0.00965712762872126,0.0,nan,-0.011594109733282565,0.3960830272973713,0.0,nan,-0.00013702080688027252,0.006903295018945904,0.0,nan
14.219,6.478618700999959,PRESTREAM_SETPOINTS,-0.005148798227310181,0.0022536711767315865,-0.04336682707071304,0.0011475859209895134,-0.0019943630322813988,-0.06591905653476715,-0.017237185836293797,0.026819476380056818,-0.05412776674733809,0.0020351961720734835,-0.003939690068364143,-0.002761921845376491,1.043381965048546,0.06595920293472635,-0.05412776674733809,0.04237033936610146,False,False,0.04237033936610146,-0.08696345861853054,0.0,nan,0.022648327077705588,0.009379061420727017,0.0,nan,0.036508889150933754,-0.003904911098295204,0.0,nan,0.025657154852896547,0.006759606167911648,0.0,nan,-0.011572487200637305,0.14674453822247496,0.0,nan,-0.00018297530317212818,0.000692093923028686,0.0,nan
14.24,6.555486328999905,PRESTREAM_SETPOINTS,-0.005126706790179014,0.0021465413738042116,-0.04368859529495239,0.0013683221768587828,-0.00256441836245358,-0.0665791854262352,-0.0171371022578348,0.02681497160072207,-0.05412787810869986,0.0065315659157931805,-0.007133865728974342,0.002654168056324125,1.0437033940306666,0.06664260258377057,-0.054127878108699866,0.04075341147224343,False,False,0.04075341147224343,-0.08353803016276393,0.0,nan,0.022781520820218226,0.012234824250325153,0.0,nan,0.03636094731705697,-0.0017652836159641073,0.0,nan,0.025705309164480994,0.0072289090534425685,0.0,nan,-0.011875625702256976,-1.0509992551255878,0.0,nan,-0.0001718832359740574,-0.003986365488700738,0.0,nan
14.24,6.629911450999998,PRESTREAM_SETPOINTS,-0.005126706790179014,0.0021465413738042116,-0.04368859529495239,0.0013683221768587828,-0.00256441836245358,-0.0665791854262352,-0.0171371022578348,0.02681497160072207,-0.05412787810869986,0.0065315659157931805,-0.007133865728974342,0.002654168056324125,1.0437033940306666,0.06664260258377057,-0.054127878108699866,0.04075341147224343,False,False,0.04075341147224343,-0.08353803016276393,0.0,nan,0.022781520820218226,0.012234824250325153,0.0,nan,0.03636094731705697,-0.0017652836159641073,0.0,nan,0.025705309164480994,0.0072289090534425685,0.0,nan,-0.011875625702256976,-1.0509992551255878,0.0,nan,-0.0001718832359740574,-0.003986365488700738,0.0,nan
14.265,6.702555635999943,PRESTREAM_SETPOINTS,-0.005116920452564955,0.0020632734522223473,-0.043937500566244125,0.00092463189503178,-0.004210056271404028,-0.06663226336240768,-0.01720524484371166,0.026856161292187604,-0.054183741604197116,0.008920596912503242,-0.00258373748511076,-0.00439830357208848,1.0439520798680146,0.06677153614188426,-0.054183741604197116,0.03768709552552707,False,False,0.03768709552552707,-0.07016183327367063,0.0,nan,0.022990947034152498,0.010363404559914724,0.0,nan,0.03605058115754378,-0.002570968704528947,0.0,nan,0.025762651977365714,0.005389121221567299,0.0,nan,-0.011841665835862436,-0.9337560274111032,0.0,nan,-0.0001685576501593289,-0.004303097542478276,0.0,nan
14.301,6.784081322999896,PRESTREAM_SETPOINTS,-0.005118393339216709,0.001812340458855033,-0.04462597519159317,0.00037293729837983847,-0.005750437267124653,-0.06831546127796173,-0.017055360781163077,0.02691618611588299,-0.05423358739352652,0.001195823773741722,-0.007146838121116161,-0.00120372709352523,1.0446400866199328,0.06855806925966007,-0.05423358739352652,0.03623839301641851,False,False,0.03623839301641851,-0.06662240712388696,0.0,nan,0.023096800826700736,0.003615802996412172,0.0,nan,0.0359115096640128,-0.006005965774667577,0.0,nan,0.02579239003209821,0.004251902958416142,0.0,nan,-0.011267981327728549,0.307812769636861,0.0,nan,-0.00018068904592905,0.003867105602722673,0.0,nan
14.33,6.856923577999964,PRESTREAM_SETPOINTS,-0.005122897680848837,0.0016669335309416056,-0.04503445699810982,4.507602716330439e-05,-0.004712126683443785,-0.0698852688074112,-0.017035552187282674,0.026896906752969484,-0.05424503559752876,0.0016878703609108925,-0.0006354038487188518,0.00017541972920298584,1.0450483429303064,0.07004396452238529,-0.05424503559752875,0.035632380691096976,False,False,0.033414785824655624,-0.07121387144929875,0.0,nan,0.02328883775301893,0.0029740800892810804,0.0,nan,0.035632380691096976,-0.005657927268134509,0.0,nan,0.02584236393546302,0.004529575718734121,0.0,nan,-0.01119658374164434,0.2902365232304177,0.0,nan,-0.00017296208022798965,0.0040783380725486484,0.0,nan
14.36,6.930941465999922,PRESTREAM_SETPOINTS,-0.0051351869478821754,0.0014895644271746278,-0.04561901092529297,0.0010933654848486185,-0.004297901876270771,-0.07212503254413605,-0.017036965340200112,0.02707928712576521,-0.054241532460179945,-0.0002863698173314333,-0.00039361696690320914,0.004491690546274185,1.045632681660037,0.07226124637808425,-0.054241532460179945,0.03550006756138391,False,False,0.03207988315550736,-0.06971439779059907,0.0,nan,0.02337636212931571,0.010508438759057003,0.0,nan,0.03550006756138391,-0.0008909663386067902,0.0,nan,0.02586217436193472,0.006108614142830591,0.0,nan,-0.011611598497042408,-0.9246491078763769,0.0,nan,-0.00015095905357664918,-0.0036116803746141235,0.0,nan
14.36,7.005622420999998,PRESTREAM_SETPOINTS,-0.0051351869478821754,0.0014895644271746278,-0.04561901092529297,0.0010933654848486185,-0.004297901876270771,-0.07212503254413605,-0.017036965340200112,0.02707928712576521,-0.054241532460179945,-0.0002863698173314333,-0.00039361696690320914,0.004491690546274185,1.045632681660037,0.07226124637808425,-0.054241532460179945,0.03550006756138391,False,False,0.03207988315550736,-0.06971439779059907,0.0,nan,0.02337636212931571,0.010508438759057003,0.0,nan,0.03550006756138391,-0.0008909663386067902,0.0,nan,0.02586217436193472,0.006108614142830591,0.0,nan,-0.011611598497042408,-0.9246491078763769,0.0,nan,-0.00015095905357664918,-0.0036116803746141235,0.0,nan
14.377,7.0816814289999,PRESTREAM_SETPOINTS,-0.0051351869478821754,0.0014895644271746278,-0.04561901092529297,0.0010933654848486185,-0.004297901876270771,-0.07212503254413605,-0.017036965340200112,0.02707928712576521,-0.054241532460179945,0.008814986795186996,-0.004578892141580582,-0.0003431335790082807,1.045632681660037,0.07226124637808425,-0.054241532460179945,0.03537854833693288,False,False,0.03080366641802712,-0.06599248807691259,0.0,nan,0.02346223613053322,0.010107486986605272,0.0,nan,0.03537854833693288,0.00021332466735140415,0.0,nan,0.025886496969128814,0.008056678172529096,0.0,nan,-0.010877619477919431,0.46637652883832104,0.0,nan,-0.00011967559906178593,0.00656132841448312,0.0,nan
14.403,7.155603679999899,PRESTREAM_SETPOINTS,-0.005170890130102634,0.0013571581803262234,-0.045944470912218094,0.0005127316690050066,-0.004020554944872856,-0.07348065823316574,-0.016867274288765673,0.02706879300192483,-0.05424297941500108,-0.0005746072274632752,-0.010428336448967457,0.0012254178291186703,1.0459581331080627,0.07359235619416225,-0.05424297941500108,0.03514345226396909,False,False,0.02836730204421123,-0.06354983146394882,0.0,nan,0.023620916031370953,0.010183697851677394,0.0,nan,0.03514345226396909,-5.9156566784861545e-05,0.0,nan,0.025921991069191463,0.005944533444967568,0.0,nan,-0.011470706794412422,-0.8907315099763415,0.0,nan,-0.0001394202335367467,-0.0035810830341737043,0.0,nan
14.403,7.228969987999903,PRESTREAM_SETPOINTS,-0.005170890130102634,0.0013571581803262234,-0.045944470912218094,0.0005127316690050066,-0.004020554944872856,-0.07348065823316574,-0.016867274288765673,0.02706879300192483,-0.05424297941500108,-0.0005746072274632752,-0.010428336448967457,0.0012254178291186703,1.0459581331080627,0.07359235619416225,-0.05424297941500108,0.03514345226396909,False,False,0.02836730204421123,-0.06354983146394882,0.0,nan,0.023620916031370953,0.010183697851677394,0.0,nan,0.03514345226396909,-5.9156566784861545e-05,0.0,nan,0.025921991069191463,0.005944533444967568,0.0,nan,-0.011470706794412422,-0.8907315099763415,0.0,nan,-0.0001394202335367467,-0.0035810830341737043,0.0,nan
14.426,7.304190800999891,PRESTREAM_SETPOINTS,-0.005180710460990667,0.0013126261765137315,-0.04617435857653618,0.0013780264416709542,-0.0042716991156339645,-0.07380075007677078,-0.01690153107988175,0.026977604327816446,-0.0542691310318539,0.005271931178867817,0.0022854341659694914,0.002062893938273191,1.0461880095333664,0.07393711572750478,-0.0542691310318539,0.03502246940439946,False,False,0.027217740410307556,-0.06322822952116754,0.0,nan,0.023680288423842732,0.0058519186244632765,0.0,nan,0.03502246940439946,-0.0027206772523038695,0.0,nan,0.025929638247796483,0.0042125495223140925,0.0,nan,-0.010905328315816476,0.2330749003954333,0.0,nan,-0.00014209683147203833,0.0005554063120627034,0.0,nan
14.457,7.378054388999999,PRESTREAM_SETPOINTS,-0.005167680326849222,0.0012384208384901285,-0.04677823930978775,0.001710140728391707,-0.0037254970520734787,-0.07442272454500198,-0.016678713607380397,0.02703310669633805,-0.05427288227168099,0.0090326564386487,-0.010217854753136635,0.00020761496853083497,1.0467917275650553,0.07453553406461345,-0.05427288227168099,0.034940536276887535,False,False,0.026109350861023728,-0.05693324273843417,0.0,nan,0.023777097799079883,0.007202086040745578,0.0,nan,0.034940536276887535,-0.0002560581041504695,0.0,nan,0.025966317572166275,0.006895547322320969,0.0,nan,-0.010835605753111821,0.38880922905308724,0.0,nan,-0.00013483726591978495,0.0009572712422050017,0.0,nan
14.478,7.432742836999978,PRESTREAM_SETPOINTS,-0.00514591159299016,0.0011850042501464486,-0.04718058183789253,0.0021781115792691708,-0.00404641916975379,-0.07368405163288116,-0.016607426937770786,0.02703211108266732,-0.05421344766031381,0.0026639094576239586,-0.005216889549046754,0.005405024625360967,1.0471938959044516,0.0738272114005818,-0.05421344766031381,0.03482665263343687,False,False,0.02500826365589326,-0.05895473396579276,0.0,nan,0.023838290379357474,0.0025938868323749026,0.0,nan,0.03482665263343687,-0.004133257513556459,0.0,nan,0.025969660307709752,0.003690074628921273,0.0,nan,-0.01094271719190587,0.34229306450202995,0.0,nan,-0.00016329033997575237,0.0018282862422510648,0.0,nan
14.511,7.517506398999899,PRESTREAM_SETPOINTS,-0.005125023890286684,0.0011546137975528836,-0.04751181602478027,0.0023368720430880785,-0.003943303134292364,-0.07462834566831589,-0.016624796215485065,0.02699177127843344,-0.05433317788399916,-0.002758688060566783,0.005296541843563318,0.0020286210346966978,1.0475249895417438,0.07476898145450644,-0.05433317788399916,0.03463210576985443,False,False,0.022907562705315243,-0.056269762446351,0.0,nan,0.02397476263005416,0.008652495543127709,0.0,nan,0.03463210576985443,0.00033798271086886433,0.0,nan,0.025994014493470274,0.005074717412263152,0.0,nan,-0.011126674254616553,-0.8862776448323703,0.0,nan,-0.00013620297100480627,-0.003334537826672007,0.0,nan
14.543,7.6008737599998994,PRESTREAM_SETPOINTS,-0.005048692692071199,0.0011065336875617504,-0.047918155789375305,0.0028571360744535923,-0.004071975592523813,-0.07448673248291016,-0.016609485429576368,0.027248325442918688,-0.0543515563369776,0.0023362580686807632,-0.0024831006303429604,-0.0007386849028989669,1.0479309018001646,0.07465264581885009,-0.0543515563369776,0.03454615610325895,False,False,0.021891832252116217,-0.05441953956143608,0.0,nan,0.024043729676253456,0.009433131126093425,0.0,nan,0.03454615610325895,0.0010491840420774855,0.0,nan,0.026009009808562134,0.005364895538663416,0.0,nan,-0.011177948749744537,-0.8357310755802643,0.0,nan,-0.000122868513305896,-0.0039238414081209025,0.0,nan
14.548,7.677455395999914,PRESTREAM_SETPOINTS,-0.005048692692071199,0.0011065336875617504,-0.047918155789375305,0.0028571360744535923,-0.004071975592523813,-0.07448673248291016,-0.016609485429576368,0.027248325442918688,-0.0543515563369776,0.0023362580686807632,-0.0024831006303429604,-0.0007386849028989669,1.0479309018001646,0.07465264581885009,-0.0543515563369776,0.03445899027222232,False,False,0.02091660874344292,-0.05256954024889073,0.0,nan,0.024105222025114337,0.009343817869435046,0.0,nan,0.03445899027222232,0.0012426353951330883,0.0,nan,0.026018059990908782,0.005315430987362743,0.0,nan,-0.011138417727356575,-0.826314849180505,0.0,nan,-0.00012006139137454852,-0.003922267093101735,0.0,nan
14.568,7.757943114,PRESTREAM_SETPOINTS,-0.00501380255445838,0.0012814932269975543,-0.04783102869987488,0.003541534533724189,-0.0038985460996627808,-0.07479622215032578,-0.01658528634516057,0.027223377113564085,-0.054356314304112155,-0.00247898418456316,-0.01006614975631237,-0.0001728898496367025,1.0478438076102676,0.07498143754627301,-0.05435631430411215,0.034376396910216656,False,False,0.01998316499722108,-0.042320171524719064,0.0,nan,0.024164010333049823,0.009378626944776768,0.0,nan,0.034376396910216656,0.0015034433069913526,0.0,nan,0.02602517587824149,0.004763134154159144,0.0,nan,-0.011109075550754355,-0.7919882992331124,0.0,nan,-0.00012083880028157523,-0.004191922207726725,0.0,nan
14.602,7.833804313999963,PRESTREAM_SETPOINTS,-0.004902506712824106,0.0015450407518073916,-0.04780101031064987,0.005020645447075367,-0.004905782639980316,-0.07444000989198685,-0.01663864268569496,0.027161965978430822,-0.05440931364658761,0.004744313191622496,-0.002674638759344816,0.0014316278975456957,1.047813618412651,0.07477023911112676,-0.05440931364658761,0.034292320244477814,False,False,0.019079029105622425,-0.04115759683472467,0.0,nan,0.024217329590754844,0.008876779252444948,0.0,nan,0.034292320244477814,0.0013965700429628917,0.0,nan,0.026026049271312246,0.00466919669242234,0.0,nan,-0.011014778409134784,-0.8167521863184205,0.0,nan,-0.00013626713756131892,-0.003626260440852673,0.0,nan
14.635,7.918675506999989,PRESTREAM_SETPOINTS,-0.004851376172155142,0.0016291133360937238,-0.047648027539253235,0.004411647561937571,-0.005080926697701216,-0.074700728058815,-0.01659118092021333,0.027212054657366577,-0.05442831986851022,0.00503696221858263,-0.004693637602031231,0.0014679690357297665,1.047660526825323,0.07500318141809181,-0.05442831986851022,0.034139481113496295,False,False,0.017336609478208587,-0.04704918154808509,0.0,nan,0.024322809549852664,0.0015197216917542543,0.0,nan,0.034139481113496295,-0.0029093530405366456,0.0,nan,0.026039263224886255,0.0035529183821309362,0.0,nan,-0.010640427066874736,0.41654631676804,0.0,nan,-0.00015635591409779437,0.0031069674625454763,0.0,nan
14.668,7.991609192999931,PRESTREAM_SETPOINTS,-0.004742287565022707,0.0018204754451289773,-0.047399554401636124,0.003665470751002431,-0.004775377921760082,-0.07443300634622574,-0.016576453350960266,0.02720482265920709,-0.05452934256389822,-0.004279579967260361,-0.0015904491301625967,0.0005037743248976769,1.0474118721796797,0.07467604933216117,-0.05452934256389822,0.03399983023331998,False,False,0.015719857674998394,-0.03428388328707712,0.0,nan,0.02442246465823139,-0.003607529118673434,0.0,nan,0.03399983023331998,-0.005806351380343274,0.0,nan,0.026053195032799792,0.0007499458420341908,0.0,nan,-0.010530339899024632,0.4146123115512715,0.0,nan,-0.00011031703120334413,0.0010765077798800052,0.0,nan
14.674,8.064551716999972,PRESTREAM_SETPOINTS,-0.004742287565022707,0.0018204754451289773,-0.047399554401636124,0.003665470751002431,-0.004775377921760082,-0.07443300634622574,-0.016576453350960266,0.02720482265920709,-0.05452934256389822,-0.004279579967260361,-0.0015904491301625967,0.0005037743248976769,1.0474118721796797,0.07467604933216117,-0.05452934256389822,0.03399983023331998,False,False,0.015719857674998394,-0.03428388328707712,0.0,nan,0.02442246465823139,-0.003607529118673434,0.0,nan,0.03399983023331998,-0.005806351380343274,0.0,nan,0.026053195032799792,0.0007499458420341908,0.0,nan,-0.010530339899024632,0.4146123115512715,0.0,nan,-0.00011031703120334413,0.0010765077798800052,0.0,nan
14.686,8.139063681999914,PRESTREAM_SETPOINTS,-0.004692270886152983,0.001929107471369207,-0.047394510358572006,0.003030654974281788,-0.0049896081909537315,-0.07447756826877594,-0.016661019218685902,0.02728717260234538,-0.05458528798361061,0.002134316135197878,-0.0017252729739993804,0.005790535360574722,1.0474067973767298,0.07470601873144193,-0.05458528798361061,0.03393375778593999,False,False,0.01494736910037453,-0.03158072158546171,0.0,nan,0.024465312633176417,0.007683670033909677,0.0,nan,0.03393375778593999,0.002581735218062757,0.0,nan,0.026062114696265404,0.006370489103556663,0.0,nan,-0.010503905556874749,0.5366888976087734,0.0,nan,-0.00010016278777591481,0.005424828828770642,0.0,nan
14.716,8.213658693999946,PRESTREAM_SETPOINTS,-0.004658489488065243,0.001993916928768158,-0.04748167470097542,0.0033846742007881403,-0.00559249660000205,-0.07339685410261154,-0.016653314637836553,0.027358389906259644,-0.05450627257934895,-0.0013324962928891182,-0.007548397406935692,0.0003476824786048392,1.0474939312775944,0.07368738175445345,-0.05450627257934895,0.03386174767599659,False,False,0.014201547110898716,-0.04148943493534054,0.0,nan,0.02449902304633156,0.00690315038582619,0.0,nan,0.03386174767599659,0.001009203066432882,0.0,nan,0.026056327243648703,0.0041164108452339705,0.0,nan,-0.011117165305322807,-0.7554668715083408,0.0,nan,-0.00012280668900022107,-0.004015499726313515,0.0,nan
14.746,8.292387074999965,PRESTREAM_SETPOINTS,-0.004555890336632729,0.0021114551927894354,-0.04811844602227211,0.0034177047200500965,-0.00658500986173749,-0.0741751417517662,-0.016646853670538083,0.02724606389754254,-0.05465759875612251,0.001636315369978547,-0.006498950067907571,0.004168987274169923,1.0481304743551412,0.07454525279538089,-0.05465759875612251,0.03374966639408594,False,False,0.012803769914565777,-0.0297822590473307,0.0,nan,0.02459083066764567,0.0011480941794125299,0.0,nan,0.03374966639408594,-0.0017401146795756857,0.0,nan,0.026066024729170856,0.0030531302189475426,0.0,nan,-0.010581878522009092,0.473572486904528,0.0,nan,-0.00014970961867621924,0.002783983113232233,0.0,nan
14.756,8.36637787099994,PRESTREAM_SETPOINTS,-0.004555890336632729,0.0021114551927894354,-0.04811844602227211,0.0034177047200500965,-0.00658500986173749,-0.0741751417517662,-0.016646853670538083,0.02724606389754254,-0.05465759875612251,0.001636315369978547,-0.006498950067907571,0.004168987274169923,1.0481304743551412,0.07454525279538089,-0.05465759875612251,0.03374966639408594,False,False,0.012803769914565777,-0.0297822590473307,0.0,nan,0.02459083066764567,0.0011480941794125299,0.0,nan,0.03374966639408594,-0.0017401146795756857,0.0,nan,0.026066024729170856,0.0030531302189475426,0.0,nan,-0.010581878522009092,0.473572486904528,0.0,nan,-0.00014970961867621924,0.002783983113232233,0.0,nan
14.768,8.452674533999925,PRESTREAM_SETPOINTS,-0.004568209871649742,0.0020943668205291033,-0.04830858111381531,0.003071874612942338,-0.006525698117911816,-0.07279127836227417,-0.016636071540686668,0.027200427391958635,-0.05466970236300493,-0.0013245217269286513,0.001139197964221239,0.0006506642093881964,1.0483206265979272,0.07314773650071368,-0.05466970236300493,0.03369758274870005,False,False,0.012141302056679848,-0.02856685993876531,0.0,nan,0.024633566764615367,-0.004254049907369358,0.0,nan,0.03369758274870005,-0.005339382139710613,0.0,nan,0.026074405682134483,0.0006165797453172774,0.0,nan,-0.010503248787791186,0.4352131512125947,0.0,nan,-0.00010624505488543434,0.0011976913365233516,0.0,nan
14.79,8.52607250699998,PRESTREAM_SETPOINTS,-0.0045792460441589355,0.0020776106975972652,-0.04851524159312248,0.0033134697005152702,-0.006482945289462805,-0.07382108271121979,-0.016671505652181288,0.02729540050359235,-0.05469168288964122,0.0011556028621271253,0.001374270766973496,0.003941770642995834,1.0485272995080424,0.07417924179808764,-0.05469168288964122,0.03363359597341198,False,False,0.011470922849177612,-0.0366830964411993,0.0,nan,0.024658928322132567,0.006472181942465821,0.0,nan,0.03363359597341198,0.0014063901102947945,0.0,nan,0.02607311688948588,0.004040222934007447,0.0,nan,-0.011052477987309572,-0.7322586641089542,0.0,nan,-0.00012071192947260556,-0.0037610709492146566,0.0,nan
14.793,8.605824935999976,PRESTREAM_SETPOINTS,-0.0045792460441589355,0.0020776106975972652,-0.04851524159312248,0.0033134697005152702,-0.006482945289462805,-0.07382108271121979,-0.016671505652181288,0.02729540050359235,-0.05469168288964122,0.0011556028621271253,0.001374270766973496,0.003941770642995834,1.0485272995080424,0.07417924179808764,-0.05469168288964122,0.03363359597341198,False,False,0.011470922849177612,-0.0366830964411993,0.0,nan,0.024658928322132567,0.006472181942465821,0.0,nan,0.03363359597341198,0.0014063901102947945,0.0,nan,0.02607311688948588,0.004040222934007447,0.0,nan,-0.011052477987309572,-0.7322586641089542,0.0,nan,-0.00012071192947260556,-0.0037610709492146566,0.0,nan
14.8,8.680252953999911,PRESTREAM_SETPOINTS,-0.004575404338538647,0.002054358832538128,-0.04897364228963852,0.004272593650966883,-0.007043254561722279,-0.07467587292194366,-0.01666597230621659,0.027400637933286037,-0.054685187847285995,0.0011556028621271253,0.001374270766973496,0.003941770642995834,1.0489856323770428,0.07512887918757861,-0.054685187847285995,0.03363359597341198,False,False,0.011470922849177612,-0.0366830964411993,0.0,nan,0.024658928322132567,0.006472181942465821,0.0,nan,0.03363359597341198,0.0014063901102947945,0.0,nan,0.02607311688948588,0.004040222934007447,0.0,nan,-0.011052477987309572,-0.7322586641089542,0.0,nan,-0.00012071192947260556,-0.0037610709492146566,0.0,nan
14.811,8.758600875999946,PRESTREAM_SETPOINTS,-0.004575404338538647,0.002054358832538128,-0.04897364228963852,0.004272593650966883,-0.007043254561722279,-0.07467587292194366,-0.01666597230621659,0.027400637933286037,-0.054685187847285995,-0.002470551058650017,-0.005122209899127483,0.0011979232076555497,1.0489856323770428,0.07512887918757861,-0.054685187847285995,0.033594615173856646,False,False,0.01085756271036864,-0.02643007654606065,0.0,nan,0.024709374613213875,0.008940774187133967,0.0,nan,0.033594615173856646,0.0036459964498200374,0.0,nan,0.02608292608030016,0.0050810338436485525,0.0,nan,-0.010981935179699143,-0.7126043762839075,0.0,nan,-0.00011143063091267891,-0.003989583375448996,0.0,nan
14.815,8.837822942999992,PRESTREAM_SETPOINTS,-0.004575404338538647,0.002054358832538128,-0.04897364228963852,0.004272593650966883,-0.007043254561722279,-0.07467587292194366,-0.01666597230621659,0.027400637933286037,-0.054685187847285995,-0.002470551058650017,-0.005122209899127483,0.0011979232076555497,1.0489856323770428,0.07512887918757861,-0.054685187847285995,0.033594615173856646,False,False,0.01085756271036864,-0.02643007654606065,0.0,nan,0.024709374613213875,0.008940774187133967,0.0,nan,0.033594615173856646,0.0036459964498200374,0.0,nan,0.02608292608030016,0.0050810338436485525,0.0,nan,-0.010981935179699143,-0.7126043762839075,0.0,nan,-0.00011143063091267891,-0.003989583375448996,0.0,nan
14.833,8.919400708999888,PRESTREAM_SETPOINTS,-0.004555403720587492,0.0020273502450436354,-0.04936666414141655,0.004724388476461172,-0.007458575535565615,-0.07482186704874039,-0.016722895604599344,0.027410605786676343,-0.05473489837736401,0.003930038306862116,-0.005497522186487913,0.0005118372500874109,1.0493785101970394,0.07534097148401817,-0.05473489837736401,0.03354392965490227,False,False,0.010256157432035451,-0.025252475912276497,0.0,nan,0.024740986335900494,0.0018736140498912118,0.0,nan,0.03354392965490227,-0.00047853563981098337,0.0,nan,0.026084628732431447,0.003271475306218851,0.0,nan,-0.010538685433391315,0.48470410889621335,0.0,nan,-0.00013671859045949475,0.001944443778655533,0.0,nan
14.839,8.995847242999957,PRESTREAM_SETPOINTS,-0.004514508415013552,0.001985173672437668,-0.05001186951994896,0.004782647825777531,-0.007213085889816284,-0.07485891878604889,-0.01668041766004141,0.027397583837732307,-0.05477416498958455,0.003930038306862116,-0.005497522186487913,0.0005118372500874109,1.0500234510874114,0.07535754806318704,-0.05477416498958456,0.03354392965490227,False,False,0.010256157432035451,-0.025252475912276497,0.0,nan,0.024740986335900494,0.0018736140498912118,0.0,nan,0.03354392965490227,-0.00047853563981098337,0.0,nan,0.026084628732431447,0.003271475306218851,0.0,nan,-0.010538685433391315,0.48470410889621335,0.0,nan,-0.00013671859045949475,0.001944443778655533,0.0,nan
14.850999999999999,9.078999264999993,ARM_AND_OFFBOARD,-0.004514508415013552,0.001985173672437668,-0.05001186951994896,0.004782647825777531,-0.007213085889816284,-0.07485891878604889,-0.01668041766004141,0.027397583837732307,-0.05477416498958455,0.0014582608127966523,-0.007364572957158089,0.0009374731453135618,1.0500234510874114,0.07535754806318704,-0.05477416498958456,0.03348198218538645,False,False,0.00965194334639996,-0.034651653696450964,0.0,nan,0.0247575125317967,0.004209834644116625,0.0,nan,0.03348198218538645,0.0005965231116029585,0.0,nan,0.026081647451901446,0.0036769464733606514,0.0,nan,-0.010466411699805889,0.36572183435279143,0.0,nan,-0.0001202412719019108,0.0005745989730939552,0.0,nan
14.872,9.180103594999991,ARM_AND_OFFBOARD,-0.004471935331821442,0.001955470535904169,-0.05080292746424675,0.004918878432363272,-0.0064698997884988785,-0.07574433088302612,-0.016674713588994118,0.027360101569930538,-0.0548225076852558,0.004427715204656124,-0.00014081932022236236,0.0041428799740970135,1.0508142625783397,0.07617912200349208,-0.054822507685255796,0.03345248852266547,False,False,0.009100237074649797,-0.023189872077028568,0.0,nan,0.024809660516909027,0.008869461801481893,0.0,nan,0.03345248852266547,0.004043186463169403,0.0,nan,0.026092277307426137,0.005071303440748388,0.0,nan,-0.010951166874884066,-0.6980203796745958,0.0,nan,-0.00010914674552520154,-0.004029584559232927,0.0,nan
14.877,9.262831079999955,ARM_AND_OFFBOARD,-0.004471935331821442,0.001955470535904169,-0.05080292746424675,0.004918878432363272,-0.0064698997884988785,-0.07574433088302612,-0.016674713588994118,0.027360101569930538,-0.0548225076852558,0.004427715204656124,-0.00014081932022236236,0.0041428799740970135,1.0508142625783397,0.07617912200349208,-0.054822507685255796,0.03345248852266547,False,False,0.009100237074649797,-0.023189872077028568,0.0,nan,0.024809660516909027,0.008869461801481893,0.0,nan,0.03345248852266547,0.004043186463169403,0.0,nan,0.026092277307426137,0.005071303440748388,0.0,nan,-0.010951166874884066,-0.6980203796745958,0.0,nan,-0.00010914674552520154,-0.004029584559232927,0.0,nan
14.88,9.340634659999978,ARM_AND_OFFBOARD,-0.004435494542121887,0.0019385219784453511,-0.051379986107349396,0.004508330952376127,-0.006986374966800213,-0.07593299448490143,-0.016621762996835977,0.027421274524095235,-0.05477836239860354,0.004427715204656124,-0.00014081932022236236,0.0041428799740970135,1.0513911292503777,0.0763868714806213,-0.05477836239860354,0.03345248852266547,False,False,0.009100237074649797,-0.023189872077028568,0.0,nan,0.024809660516909027,0.008869461801481893,0.0,nan,0.03345248852266547,0.004043186463169403,0.0,nan,0.026092277307426137,0.005071303440748388,0.0,nan,-0.010951166874884066,-0.6980203796745958,0.0,nan,-0.00010914674552520154,-0.004029584559232927,0.0,nan
14.897,9.416120898999907,ARM_AND_OFFBOARD,-0.00440644659101963,0.0019145769765600562,-0.05199698731303215,0.004272329155355692,-0.00707099586725235,-0.07666518539190292,-0.01652740525991482,0.02745201071974279,-0.0548398078368834,0.0078063840046525,-0.004515232518315315,-0.002442529890686273,1.0520079579985384,0.0771090294981155,-0.05483980783688341,0.03340646206748854,False,False,0.008561883210679966,-0.022692239822998436,0.0,nan,0.024834878246210224,0.00250240053526833,0.0,nan,0.03340646206748854,0.0004353296801109007,0.0,nan,0.02609341346583882,0.0030003404933718067,0.0,nan,-0.010524622831205477,0.4657541081324869,0.0,nan,-0.00011735597708728562,0.0017399611704712395,0.0,nan
14.93,9.502934713999935,ARM_AND_OFFBOARD,-0.00435314467176795,0.0018710846779868007,-0.0528765507042408,0.00457141874358058,-0.007348681800067425,-0.07804282009601593,-0.016527504725074225,0.027436843470995353,-0.05487425305627771,0.004477626644074917,-0.0006606982788071033,0.0028888166416436434,1.0528872123115873,0.07852122491445807,-0.0548742530562777,0.033321497722902826,False,False,0.007516521352229688,-0.02050501054809335,0.0,nan,0.024890655362365344,0.0014317704473709827,0.0,nan,0.033321497722902826,-0.000271468114801364,0.0,nan,0.026094584036691515,0.0034102899378623012,0.0,nan,-0.010505172437386356,0.5240191434438222,0.0,nan,-0.00014678759363739857,0.002751983286214444,0.0,nan
14.93,9.578922235999926,ARM_AND_OFFBOARD,-0.00435314467176795,0.0018710846779868007,-0.0528765507042408,0.00457141874358058,-0.007348681800067425,-0.07804282009601593,-0.016527504725074225,0.027436843470995353,-0.05487425305627771,0.004477626644074917,-0.0006606982788071033,0.0028888166416436434,1.0528872123115873,0.07852122491445807,-0.0548742530562777,0.033321497722902826,False,False,0.007516521352229688,-0.02050501054809335,0.0,nan,0.024890655362365344,0.0014317704473709827,0.0,nan,0.033321497722902826,-0.000271468114801364,0.0,nan,0.026094584036691515,0.0034102899378623012,0.0,nan,-0.010505172437386356,0.5240191434438222,0.0,nan,-0.00014678759363739857,0.002751983286214444,0.0,nan
14.949,9.652171380999903,ARM_AND_OFFBOARD,-0.004323633853346109,0.0018418588442727923,-0.05332188680768013,0.0038191694766283035,-0.007029596250504255,-0.07859145104885101,-0.01646459824479957,0.027491441756920892,-0.05486845060012097,-0.0006526077631860971,-0.006103133782744408,0.0017818484921008355,1.0533323708506215,0.0789975788040384,-0.05486845060012097,0.03328703074373429,False,False,0.007017419892388688,-0.02707616729819972,0.0,nan,0.024919031564639482,0.006679218503967773,0.0,nan,0.03328703074373429,0.003932530510855153,0.0,nan,0.026107758992714558,0.006782033162037307,0.0,nan,-0.010406211324230696,0.5365633996640011,0.0,nan,-9.147190183611542e-05,0.005202226902033778,0.0,nan
14.979,9.724342102999913,ARM_AND_OFFBOARD,-0.004342712461948395,0.0017617018893361092,-0.05434660241007805,0.004557086154818535,-0.0067429677583277225,-0.07743916660547256,-0.016485164529211848,0.02742282878845361,-0.05495888813875519,0.001316651701927185,-0.005596338771283627,-0.006429836153984069,1.054357017693129,0.0778656482215516,-0.05495888813875519,0.03324862312637045,False,False,0.006555963062538694,-0.019288945174816594,0.0,nan,0.02494838741226335,0.007949029822920624,0.0,nan,0.03324862312637045,0.003956622358414678,0.0,nan,0.026099987555330273,0.004564254749738761,0.0,nan,-0.01080042931607128,-0.7082242294532375,0.0,nan,-0.0001157358615051507,-0.003606397247906075,0.0,nan
14.989,9.801910430999897,ARM_AND_OFFBOARD,-0.004342712461948395,0.0017617018893361092,-0.05434660241007805,0.004557086154818535,-0.0067429677583277225,-0.07743916660547256,-0.016485164529211848,0.02742282878845361,-0.05495888813875519,0.004200378432869911,-0.0003240888763684779,0.00040688089211471384,1.054357017693129,0.0778656482215516,-0.05495888813875519,0.033215552845665464,False,False,0.006113269268784194,-0.018813749538349054,0.0,nan,0.024972301391086305,-0.00552767864609478,0.0,nan,0.033215552845665464,-0.004820954399314377,0.0,nan,0.026106414404471145,0.00023234018705632804,0.0,nan,-0.010429867588863218,0.47489061036754027,0.0,nan,-9.823956024490599e-05,0.0015302683866719319,0.0,nan
14.998,9.876085093999905,ARM_AND_OFFBOARD,-0.004323180299252272,0.0017141978023573756,-0.0548868253827095,0.005006845574826002,-0.006622207351028919,-0.0776645764708519,-0.01644105734532012,0.027496184483236555,-0.0549684380160663,0.004200378432869911,-0.0003240888763684779,0.00040688089211471384,1.0548970768411563,0.07810703278967251,-0.0549684380160663,0.033215552845665464,False,False,0.006113269268784194,-0.018813749538349054,0.0,nan,0.024972301391086305,-0.00552767864609478,0.0,nan,0.033215552845665464,-0.004820954399314377,0.0,nan,0.026106414404471145,0.00023234018705632804,0.0,nan,-0.010429867588863218,0.47489061036754027,0.0,nan,-9.823956024490599e-05,0.0015302683866719319,0.0,nan
15.021,9.955164072999992,ARM_AND_OFFBOARD,-0.0042990040965378284,0.0016826009377837181,-0.055201757699251175,0.005644187331199646,-0.007153349928557873,-0.07794097810983658,-0.016348295005991435,0.027472600832109378,-0.05500522763109933,0.007518774829804897,-0.006566736847162247,0.0013178754597902307,1.0552118564694615,0.07847179961328846,-0.05500522763109932,0.033180608371125686,False,False,0.0056664561621619924,-0.026599867586332974,0.0,nan,0.024997023383007466,0.004684484342094744,0.0,nan,0.033180608371125686,0.001703416078614229,0.0,nan,0.026106127477976138,0.0035094991774972896,0.0,nan,-0.010917647052441026,-0.705867903207487,0.0,nan,-0.000103519327410595,-0.0041583866098671915,0.0,nan
15.021,10.03054947399994,ARM_AND_OFFBOARD,-0.0042990040965378284,0.0016826009377837181,-0.055201757699251175,0.005644187331199646,-0.007153349928557873,-0.07794097810983658,-0.016348295005991435,0.027472600832109378,-0.05500522763109933,0.007518774829804897,-0.006566736847162247,0.0013178754597902307,1.0552118564694615,0.07847179961328846,-0.05500522763109932,0.033180608371125686,False,False,0.0056664561621619924,-0.026599867586332974,0.0,nan,0.024997023383007466,0.004684484342094744,0.0,nan,0.033180608371125686,0.001703416078614229,0.0,nan,0.026106127477976138,0.0035094991774972896,0.0,nan,-0.010917647052441026,-0.705867903207487,0.0,nan,-0.000103519327410595,-0.0041583866098671915,0.0,nan
15.038,10.107408118999956,ARM_AND_OFFBOARD,-0.0042990040965378284,0.0016826009377837181,-0.055201757699251175,0.005644187331199646,-0.007153349928557873,-0.07794097810983658,-0.016348295005991435,0.027472600832109378,-0.05500522763109933,-0.006236945278942585,-0.004496321082115173,-0.001374011044390499,1.0552118564694615,0.07847179961328846,-0.05500522763109932,0.033150513579511376,False,False,0.005245909645205771,-0.017295482189796003,0.0,nan,0.0250203664028259,0.0024679669875993966,0.0,nan,0.033150513579511376,0.0011848889369812353,0.0,nan,0.026110753394996244,0.0030201164332732526,0.0,nan,-0.010465687898076226,0.49048979723494035,0.0,nan,-0.0001104003218515004,0.0015226240001300975,0.0,nan
15.041,10.192267519999973,ARM_AND_OFFBOARD,-0.004261751659214497,0.001628698781132698,-0.05569085106253624,0.00453201262280345,-0.007047136779874563,-0.07903929054737091,-0.01645264460616106,0.02746631524980387,-0.05509527004810451,-0.006236945278942585,-0.004496321082115173,-0.001374011044390499,1.0557007095782718,0.07948214092133671,-0.05509527004810451,0.033150513579511376,False,False,0.005245909645205771,-0.017295482189796003,0.0,nan,0.0250203664028259,0.0024679669875993966,0.0,nan,0.033150513579511376,0.0011848889369812353,0.0,nan,0.026110753394996244,0.0030201164332732526,0.0,nan,-0.010465687898076226,0.49048979723494035,0.0,nan,-0.0001104003218515004,0.0015226240001300975,0.0,nan
15.06,10.276853590999963,ARM_AND_OFFBOARD,-0.004236801993101835,0.001590903615579009,-0.05602910369634628,0.00523479375988245,-0.007040553260594606,-0.07950529456138611,-0.01648099272136281,0.027516102262976218,-0.05502221381406322,0.0001613912172615528,-0.001223112689331173,0.007963858544826508,1.0560388010481203,0.07998790108020427,-0.05502221381406322,0.033115479141204496,False,False,0.0048318342349240595,-0.025161320431974527,0.0,nan,0.025042864752515825,0.00457287368948032,0.0,nan,0.033115479141204496,0.0018253904174209846,0.0,nan,0.02610818780080315,0.0035023942822887304,0.0,nan,-0.01090582241890381,-0.7009844047542773,0.0,nan,-0.00010388515867010284,-0.0041818790336877465,0.0,nan
15.06,10.34887956099999,ARM_AND_OFFBOARD,-0.004236801993101835,0.001590903615579009,-0.05602910369634628,0.00523479375988245,-0.007040553260594606,-0.07950529456138611,-0.01648099272136281,0.027516102262976218,-0.05502221381406322,0.0001613912172615528,-0.001223112689331173,0.007963858544826508,1.0560388010481203,0.07998790108020427,-0.05502221381406322,0.033115479141204496,False,False,0.0048318342349240595,-0.025161320431974527,0.0,nan,0.025042864752515825,0.00457287368948032,0.0,nan,0.033115479141204496,0.0018253904174209846,0.0,nan,0.02610818780080315,0.0035023942822887304,0.0,nan,-0.01090582241890381,-0.7009844047542773,0.0,nan,-0.00010388515867010284,-0.0041818790336877465,0.0,nan
15.088,10.428787736999993,ARM_AND_OFFBOARD,-0.004185985773801804,0.0015421153511852026,-0.05669642239809036,0.0054901959374547005,-0.006544323638081551,-0.08029170334339142,-0.016442719932603777,0.02753159647669035,-0.05504272624896388,-0.0038445033133029938,-0.00556469615548849,0.004313195124268533,1.056705838777083,0.08074483295601502,-0.05504272624896388,0.03305986663995686,False,False,0.004065532766752256,-0.022909187027097565,0.0,nan,0.02509060476210312,0.008020931535947575,0.0,nan,0.03305986663995686,0.004690736677869824,0.0,nan,0.02611209790867175,0.005247953833585003,0.0,nan,-0.010853165163135614,-0.6849385109089123,0.0,nan,-9.989334904592084e-05,-0.0039973162584620095,0.0,nan
15.111,10.493045631999962,ARM_AND_OFFBOARD,-0.004113549366593361,0.0014951984630897641,-0.05738711729645729,0.005752709228545427,-0.006612781900912523,-0.08030718564987183,-0.016517893578035063,0.027529524160259954,-0.0550420746210774,0.002671949565410614,-0.0015328369336202736,0.004269210156053305,1.0573961758637807,0.08078407401796599,-0.0550420746210774,0.03304688745620776,False,False,0.0037173552788800635,-0.010657411973171445,0.0,nan,0.025120652916904795,0.0072453937479312214,0.0,nan,0.03304688745620776,0.0056897531640255905,0.0,nan,0.026133728965180403,0.0069294218521162125,0.0,nan,-0.010262034238598616,0.6577659913136724,0.0,nan,-7.616507786600835e-05,0.0031962365587754546,0.0,nan
15.122,10.5700871869999,ARM_AND_OFFBOARD,-0.004062664695084095,0.0014584236778318882,-0.05785415321588516,0.006004699971526861,-0.007421351037919521,-0.08041940629482269,-0.016503877513065947,0.027603816249173217,-0.054982726164052934,0.002671949565410614,-0.0015328369336202736,0.004269210156053305,1.0578629598015739,0.08098403411653343,-0.054982726164052934,0.03304688745620776,False,False,0.0037173552788800635,-0.010657411973171445,0.0,nan,0.025120652916904795,0.0072453937479312214,0.0,nan,0.03304688745620776,0.0056897531640255905,0.0,nan,0.026133728965180403,0.0069294218521162125,0.0,nan,-0.010262034238598616,0.6577659913136724,0.0,nan,-7.616507786600835e-05,0.0031962365587754546,0.0,nan
15.137,10.663210555999967,ARM_AND_OFFBOARD,-0.004062664695084095,0.0014584236778318882,-0.05785415321588516,0.006004699971526861,-0.007421351037919521,-0.08041940629482269,-0.016503877513065947,0.027603816249173217,-0.054982726164052934,0.006203289609402418,0.0021733455359935756,-0.0018302762182429435,1.0578629598015739,0.08098403411653343,-0.054982726164052934,0.03299831860534397,False,False,0.003361854727751634,-0.021276516832832656,0.0,nan,0.025121389508320213,0.0009741086810858327,0.0,nan,0.03299831860534397,0.00042481454086607646,0.0,nan,0.026106995791074894,0.0036858289856810085,0.0,nan,-0.010427188831244827,0.5412245600078444,0.0,nan,-0.00013888753868851467,0.003121838645810414,0.0,nan
15.157,10.747293538999998,ARM_AND_OFFBOARD,-0.004003409296274185,0.0014114808291196823,-0.05834825336933136,0.006433182395994663,-0.007705438416451216,-0.08051133900880814,-0.016422007160082828,0.027741722273787593,-0.05505461694914422,-0.00604124553501606,-0.005655309185385703,0.007077995687723161,1.0583567663949802,0.08113467400514461,-0.05505461694914422,0.03296564318866224,False,False,0.003024742850776363,-0.023775480420913053,0.0,nan,0.02512767794243409,0.0037932654189431337,0.0,nan,0.03296564318866224,0.0018978087934593225,0.0,nan,0.026110483877791246,0.003655187353809205,0.0,nan,-0.010329056137169168,0.4146884898478251,0.0,nan,-0.00011534262905055215,0.0005339601147855699,0.0,nan
15.16,10.826027243999988,ARM_AND_OFFBOARD,-0.00398250762373209,0.0013271478237584233,-0.05878065899014473,0.006391844246536493,-0.00856788270175457,-0.08061470836400986,-0.016541570022469837,0.027778233825822486,-0.055014532481849364,-0.00604124553501606,-0.005655309185385703,0.007077995687723161,1.0587889806471942,0.08132032643489183,-0.05501453248184937,0.03296564318866224,False,False,0.003024742850776363,-0.023775480420913053,0.0,nan,0.02512767794243409,0.0037932654189431337,0.0,nan,0.03296564318866224,0.0018978087934593225,0.0,nan,0.026110483877791246,0.003655187353809205,0.0,nan,-0.010329056137169168,0.4146884898478251,0.0,nan,-0.00011534262905055215,0.0005339601147855699,0.0,nan
15.193,10.907560410999963,ARM_AND_OFFBOARD,-0.003959255758672953,0.001257796073332429,-0.058972690254449844,0.006744056008756161,-0.009178387932479382,-0.08062639832496643,-0.01653364220376829,0.027775994051512553,-0.05509351003409855,-0.0024618322495371103,-0.0029932949692010884,-0.00214085285551846,1.0589808385716295,0.08142690712132244,-0.05509351003409855,0.03292409563526455,False,False,0.002452093055429927,-0.02264365936786435,0.0,nan,0.025174160671880053,0.0058378623644971955,0.0,nan,0.03292409563526455,0.00310300502891091,0.0,nan,0.026111670220672956,0.003960425992794392,0.0,nan,-0.010874150686567496,-0.6706199413385886,0.0,nan,-0.00010995598537988371,-0.003924273192115052,0.0,nan
15.226,10.985778335999953,ARM_AND_OFFBOARD,-0.003879460273310542,0.0010767427738755941,-0.05942796543240547,0.007077225483953953,-0.00891873612999916,-0.08278952538967133,-0.016570050513278874,0.027794232736447478,-0.05532669669840529,0.005570682696998119,-0.009793642908334732,0.0010141488164663328,1.059435615564844,0.08356875306569024,-0.05532669669840529,0.03287845753523033,False,False,0.001980931561415211,-0.018479817058980212,0.0,nan,0.025208554137011063,0.0007657527648958196,0.0,nan,0.03287845753523033,0.000648782499748825,0.0,nan,0.026107645009182612,0.0037343170261448016,0.0,nan,-0.010378729531736575,0.5447628312491247,0.0,nan,-0.00013152944812055978,0.003070155358408596,0.0,nan
15.254,11.065541915999916,ARM_AND_OFFBOARD,-0.003803831059485674,0.0009666732512414455,-0.059769973158836365,0.0073487162590026855,-0.00895669311285019,-0.08347225934267044,-0.016496443756993627,0.027725469913470562,-0.05542239081362881,-0.0011866888962686062,-0.004397772718220949,0.0006280876696109777,1.0597772405543462,0.0842724395157939,-0.05542239081362881,0.032853917411478584,True,False,0.00178068704737111,-0.012288454424705268,0.0,nan,0.02521472203009889,0.005826369462457424,0.0,nan,0.032853917411478584,0.0033240900890457326,0.0,nan,0.02611198456967756,0.0034263885633340277,0.0,nan,-0.010836088993999127,-0.6271386228375937,0.0,nan,-0.00011743140784936656,-0.004130575336737385,0.0,nan
15.29,11.142294934999995,ARM_AND_OFFBOARD,-0.003651502775028348,0.0008070441544987261,-0.06060001254081726,0.007884178310632706,-0.007875068113207817,-0.08522375673055649,-0.016563241101069822,0.02781556396193849,-0.055572039699350304,0.00047621974954381585,-0.008885690942406654,0.0016565746627748023,1.0606066053888055,0.0859492040491975,-0.055572039699350304,0.03282444225504921,True,False,0.0015699796915349395,-0.011135687952958512,0.0,nan,0.025259530009355657,0.004332519180521657,0.0,nan,0.03282444225504921,0.0025451706248852696,0.0,nan,0.026113314059688086,0.0029126637159482827,0.0,nan,-0.010825591258385003,-0.6564490238935227,0.0,nan,-0.00010013408919284927,-0.0045325657781669255,0.0,nan
15.325,11.354740120999963,ARM_AND_OFFBOARD,-0.0034598277416080236,0.0006813940708525479,-0.06168476119637489,0.008665375411510468,-0.007538559380918741,-0.08586384356021881,-0.016647506579490046,0.027760538177066252,-0.055679185732418625,-0.0024035857059061527,-0.004164658486843109,0.002014402532950044,1.0616906172998255,0.08662862251874826,-0.05567918573241862,0.03278698096827792,True,False,-0.0015562593731530683,-0.009417607919093986,0.0,nan,0.025282900111599282,0.0008319776586126774,0.0,nan,0.03278698096827792,0.0009093291319193389,0.0,nan,0.026113562869864992,0.003284441752701109,0.0,nan,-0.010370259171899932,0.5737231876193408,0.0,nan,-0.00013178805403946114,0.002783358049553271,0.0,nan
15.325,11.430177647999926,ARM_AND_OFFBOARD,-0.0034598277416080236,0.0006813940708525479,-0.06168476119637489,0.008665375411510468,-0.007538559380918741,-0.08586384356021881,-0.016647506579490046,0.027760538177066252,-0.055679185732418625,-0.0024035857059061527,-0.004164658486843109,0.002014402532950044,1.0616906172998255,0.08662862251874826,-0.05567918573241862,0.03278698096827792,True,False,-0.0015562593731530683,-0.009417607919093986,0.0,nan,0.025282900111599282,0.0008319776586126774,0.0,nan,0.03278698096827792,0.0009093291319193389,0.0,nan,0.026113562869864992,0.003284441752701109,0.0,nan,-0.010370259171899932,0.5737231876193408,0.0,nan,-0.00013178805403946114,0.002783358049553271,0.0,nan
15.338,11.484404684999959,ARM_AND_OFFBOARD,-0.0033758305944502354,0.0006317785591818392,-0.06206052750349045,0.007845551706850529,-0.007879849523305893,-0.08573197573423386,-0.01671533072388057,0.02778045109915755,-0.05570722028953286,-0.0024035857059061527,-0.004164658486843109,0.002014402532950044,1.0620660805511786,0.08645008023935011,-0.05570722028953286,0.03278698096827792,True,False,-0.0015562593731530683,-0.009417607919093986,0.0,nan,0.025282900111599282,0.0008319776586126774,0.0,nan,0.03278698096827792,0.0009093291319193389,0.0,nan,0.026113562869864992,0.003284441752701109,0.0,nan,-0.010370259171899932,0.5737231876193408,0.0,nan,-0.00013178805403946114,0.002783358049553271,0.0,nan
15.371,11.562873051999986,ARM_AND_OFFBOARD,-0.003295503556728363,0.0006766173173673451,-0.06278476864099503,0.008240018039941788,-0.008367643691599369,-0.08629238605499268,-0.016745886251746014,0.027780778463384868,-0.055705964585357585,-0.000896994024515152,-0.009098028764128685,0.0018461779691278945,1.0627900933909669,0.08708783640274928,-0.055705964585357585,0.03274429232223408,True,False,-0.0016888490364053155,-0.006473143492128509,0.0,nan,0.02529386718499982,0.005874325123912673,0.0,nan,0.03274429232223408,0.0037109245808659135,0.0,nan,0.026113284993257047,0.0033875837066517714,0.0,nan,-0.010742162383618137,-0.5964860298140203,0.0,nan,-0.00011502234603177897,-0.004169360691640433,0.0,nan
15.372,11.640073096999913,ARM_AND_OFFBOARD,-0.003295503556728363,0.0006766173173673451,-0.06278476864099503,0.008240018039941788,-0.008367643691599369,-0.08629238605499268,-0.016745886251746014,0.027780778463384868,-0.055705964585357585,-0.000896994024515152,-0.009098028764128685,0.0018461779691278945,1.0627900933909669,0.08708783640274928,-0.055705964585357585,0.03274429232223408,True,False,-0.0016888490364053155,-0.006473143492128509,0.0,nan,0.02529386718499982,0.005874325123912673,0.0,nan,0.03274429232223408,0.0037109245808659135,0.0,nan,0.026113284993257047,0.0033875837066517714,0.0,nan,-0.010742162383618137,-0.5964860298140203,0.0,nan,-0.00011502234603177897,-0.004169360691640433,0.0,nan
15.388,11.717816508999931,ARM_AND_OFFBOARD,-0.00323403999209404,0.0006945760105736554,-0.06332296878099442,0.008724356070160866,-0.009016766212880611,-0.08643392473459244,-0.016785117420415673,0.02773971573797608,-0.05575515875936932,0.002178707392886281,-0.004003789275884628,0.0012297236826270823,1.0633281137013788,0.08733979509251145,-0.05575515875936932,0.032743316716771886,True,False,-0.001800227546871369,-0.00534928962864685,0.0,nan,0.02532105080450542,0.0010295957722380351,0.0,nan,0.032743316716771886,0.0012225347857189154,0.0,nan,0.026120651313484622,0.0031915537387382665,0.0,nan,-0.010310246260595513,0.5905604304197845,0.0,nan,-0.00012020196671436167,0.0024634928864278524,0.0,nan
15.388,11.791064978999998,ARM_AND_OFFBOARD,-0.00323403999209404,0.0006945760105736554,-0.06332296878099442,0.008724356070160866,-0.009016766212880611,-0.08643392473459244,-0.016785117420415673,0.02773971573797608,-0.05575515875936932,0.002178707392886281,-0.004003789275884628,0.0012297236826270823,1.0633281137013788,0.08733979509251145,-0.05575515875936932,0.032743316716771886,True,False,-0.001800227546871369,-0.00534928962864685,0.0,nan,0.02532105080450542,0.0010295957722380351,0.0,nan,0.032743316716771886,0.0012225347857189154,0.0,nan,0.026120651313484622,0.0031915537387382665,0.0,nan,-0.010310246260595513,0.5905604304197845,0.0,nan,-0.00012020196671436167,0.0024634928864278524,0.0,nan
15.402,11.87283472099989,ARM_AND_OFFBOARD,-0.003123505972325802,0.0006997386808507144,-0.06411530822515488,0.008459124714136124,-0.009597448632121086,-0.08608175814151764,-0.016769151916885477,0.02774811217162566,-0.05579734393718898,0.002178707392886281,-0.004003789275884628,0.0012297236826270823,1.0641201225063348,0.08702721928172961,-0.05579734393718897,0.032743316716771886,True,False,-0.001800227546871369,-0.00534928962864685,0.0,nan,0.02532105080450542,0.0010295957722380351,0.0,nan,0.032743316716771886,0.0012225347857189154,0.0,nan,0.026120651313484622,0.0031915537387382665,0.0,nan,-0.010310246260595513,0.5905604304197845,0.0,nan,-0.00012020196671436167,0.0024634928864278524,0.0,nan
15.402,11.949189684999965,ARM_AND_OFFBOARD,-0.003123505972325802,0.0006997386808507144,-0.06411530822515488,0.008459124714136124,-0.009597448632121086,-0.08608175814151764,-0.016769151916885477,0.02774811217162566,-0.05579734393718898,0.0012560522882267833,-0.0023021695669740434,0.0038370001129806046,1.0641201225063348,0.08702721928172961,-0.05579734393718897,0.032743316716771886,True,False,-0.001800227546871369,-0.00534928962864685,0.0,nan,0.02532105080450542,0.0010295957722380351,0.0,nan,0.032743316716771886,0.0012225347857189154,0.0,nan,0.026120651313484622,0.0031915537387382665,0.0,nan,-0.010310246260595513,0.5905604304197845,0.0,nan,-0.00012020196671436167,0.0024634928864278524,0.0,nan
15.432,12.020947468999907,ARM_AND_OFFBOARD,-0.0030523864552378654,0.0006947963265702128,-0.06460211426019669,0.008381367661058903,-0.009178916923701763,-0.08644000440835953,-0.016801566897957254,0.027768911160749532,-0.055832900114553954,-0.002506071235984564,-0.006422697566449642,-0.0034763291478157035,1.0646067168171955,0.08732911428543906,-0.055832900114553954,0.03270383413117006,True,False,-0.0020011027915014523,-0.004052336535906226,0.0,nan,0.02534377866134996,0.0005247264111082296,0.0,nan,0.03270383413117006,0.0008949416995950311,0.0,nan,0.02610142680301042,0.003012416127509962,0.0,nan,-0.010289863323938775,0.5916006005774122,0.0,nan,-0.0001246091614293121,0.0025306719026613154,0.0,nan
15.441,12.0953801469999,ARM_AND_OFFBOARD,-0.0029420917853713036,0.0006955391145311296,-0.06544062495231628,0.007904724217951298,-0.008330770768225193,-0.08593995869159698,-0.01684935574095286,0.0277743813002422,-0.05596611824265922,-0.002506071235984564,-0.006422697566449642,-0.0034763291478157035,1.0654449140981037,0.0867038805732937,-0.05596611824265922,0.03270383413117006,True,False,-0.0020011027915014523,-0.004052336535906226,0.0,nan,0.02534377866134996,0.0005247264111082296,0.0,nan,0.03270383413117006,0.0008949416995950311,0.0,nan,0.02610142680301042,0.003012416127509962,0.0,nan,-0.010289863323938775,0.5916006005774122,0.0,nan,-0.0001246091614293121,0.0025306719026613154,0.0,nan
15.451,12.169353026999943,ARM_AND_OFFBOARD,-0.0029420917853713036,0.0006955391145311296,-0.06544062495231628,0.007904724217951298,-0.008330770768225193,-0.08593995869159698,-0.01684935574095286,0.0277743813002422,-0.05596611824265922,0.006821699906140566,-0.004622628912329674,0.0019363691098988063,1.0654449140981037,0.0867038805732937,-0.05596611824265922,0.032689840752064825,True,False,-0.002139574008531042,-0.01498276172941311,0.0,nan,0.025350516261131162,0.005656637985358006,0.0,nan,0.032689840752064825,0.003723590510383813,0.0,nan,0.026106902695540057,0.003939370499568575,0.0,nan,-0.010759303446483237,-0.6189661849975613,0.0,nan,-0.00011174984195694293,-0.003972293204519337,0.0,nan
15.49,12.284171757999957,ARM_AND_OFFBOARD,-0.002757603069767356,0.0006946728099137545,-0.06695805490016937,0.007734186947345734,-0.008239778690040112,-0.08652792870998383,-0.016736377348693567,0.02782602814082826,-0.05610075897658574,0.0017877892823889852,-0.0062057264149188995,0.0006010517245158561,1.0669618446136468,0.08726278730041447,-0.05610075897658574,0.03267226330455486,True,False,-0.0024329480939027093,-0.012013070816381248,0.0,nan,0.025378520521366355,0.0007200453655858254,0.0,nan,0.03267226330455486,0.0012142165755252776,0.0,nan,0.02611241641094164,0.00375691838569351,0.0,nan,-0.010288114365281764,0.5702328920998693,0.0,nan,-0.0001195582305664189,0.0029750286250063707,0.0,nan
15.498,12.36147731799997,ARM_AND_OFFBOARD,-0.002757603069767356,0.0006946728099137545,-0.06695805490016937,0.007734186947345734,-0.008239778690040112,-0.08652792870998383,-0.016736377348693567,0.02782602814082826,-0.05610075897658574,0.0017877892823889852,-0.0062057264149188995,0.0006010517245158561,1.0669618446136468,0.08726278730041447,-0.05610075897658574,0.03267226330455486,True,False,-0.0024329480939027093,-0.012013070816381248,0.0,nan,0.025378520521366355,0.0007200453655858254,0.0,nan,0.03267226330455486,0.0012142165755252776,0.0,nan,0.02611241641094164,0.00375691838569351,0.0,nan,-0.010288114365281764,0.5702328920998693,0.0,nan,-0.0001195582305664189,0.0029750286250063707,0.0,nan
15.507,12.43974119699999,ARM_AND_OFFBOARD,-0.0026798362378031015,0.0006980964099057019,-0.06767690181732178,0.008172140456736088,-0.00743481982499361,-0.0872998833656311,-0.01673062850214368,0.027807498447950628,-0.05616545521780268,0.0009159284527413547,-0.005929777398705482,0.005514575634151698,1.0676804931884323,0.08799619344680504,-0.05616545521780269,0.032655105615174485,True,False,-0.002553460039846911,-0.0030142782811793944,0.0,nan,0.025388470361860982,0.0005884246181214401,0.0,nan,0.032655105615174485,0.001157437939149127,0.0,nan,0.026102357349009786,0.003114720715050099,0.0,nan,-0.010280455840519842,0.5879196708243223,0.0,nan,-0.00012380881080709116,0.0026414960995297405,0.0,nan
15.512,12.520308580999995,ARM_AND_OFFBOARD,-0.0026798362378031015,0.0006980964099057019,-0.06767690181732178,0.008172140456736088,-0.00743481982499361,-0.0872998833656311,-0.01673062850214368,0.027807498447950628,-0.05616545521780268,0.0009159284527413547,-0.005929777398705482,0.005514575634151698,1.0676804931884323,0.08799619344680504,-0.05616545521780269,0.032655105615174485,True,False,-0.002553460039846911,-0.0030142782811793944,0.0,nan,0.025388470361860982,0.0005884246181214401,0.0,nan,0.032655105615174485,0.001157437939149127,0.0,nan,0.026102357349009786,0.003114720715050099,0.0,nan,-0.010280455840519842,0.5879196708243223,0.0,nan,-0.00012380881080709116,0.0026414960995297405,0.0,nan
15.529,12.607115283999974,ARM_AND_OFFBOARD,-0.00254139699973166,0.0006961396429687738,-0.068763367831707,0.00950538832694292,-0.007898375391960144,-0.08788440376520157,-0.016726235969674322,0.027816224843218277,-0.0561239735666218,0.008196795359253883,-0.010020054876804352,-0.000951491412706672,1.0687666161178901,0.08874911360821176,-0.0561239735666218,0.032637587954116754,True,False,-0.0026836727788346337,-0.011587185130289019,0.0,nan,0.025396216661309978,0.0005362337628862493,0.0,nan,0.032637587954116754,0.0012128832597167718,0.0,nan,0.026092617062506207,0.003724266009160106,0.0,nan,-0.010289777981566495,0.5699051467362284,0.0,nan,-0.00012154003107767153,0.0029235822782077286,0.0,nan
15.559,12.68005928599996,ARM_AND_OFFBOARD,-0.002398200798779726,0.0008027140866033733,-0.0704474076628685,0.01023571752011776,-0.00765671581029892,-0.08755200356245041,-0.016530496540223167,0.027650108252771498,-0.05624796063836489,0.004569362383335829,-0.006402134895324707,-0.0017077469965443006,1.0704503950623454,0.08848021551708979,-0.05624796063836489,0.03262788668803118,True,False,-0.002845509168935223,-0.014012742578426728,0.0,nan,0.025401330619454043,0.005670635148211866,0.0,nan,0.03262788668803118,0.003951062934511248,0.0,nan,0.026100959267125745,0.003862227309923508,0.0,nan,-0.010739163855957301,-0.6097178327024217,0.0,nan,-0.00011172895948696748,-0.003907045832659849,0.0,nan
15.59,12.75241314699997,ARM_AND_OFFBOARD,-0.002362398663535714,0.000866910966578871,-0.0710940808057785,0.009939374402165413,-0.008095364086329937,-0.08702318370342255,-0.01657685770842151,0.027720932083688397,-0.05633095588719225,0.0016496561001986265,-0.005120676476508378,0.0063878167420625695,1.0710970368735249,0.0879622679623274,-0.05633095588719225,0.032616045989808384,True,False,-0.0031457630433919803,-0.010850519251016152,0.0,nan,0.025424845915975602,0.0006878902126461089,0.0,nan,0.032616045989808384,0.0014042082146870525,0.0,nan,0.026107938239058548,0.0038139820014370064,0.0,nan,-0.010280495656622257,0.5776224915394776,0.0,nan,-0.00011885251517540496,0.0029786146146750826,0.0,nan
15.618,12.828173442999969,ARM_AND_OFFBOARD,-0.0022725837770849466,0.0009948358638212085,-0.0728454440832138,0.009558325633406639,-0.008156449533998966,-0.08755757659673691,-0.016492910232333576,0.027608713111801957,-0.05626352062738515,0.0024492922239005566,-0.009843765757977962,0.0007951775914989424,1.0728483123095864,0.08845461252760288,-0.05626352062738515,0.03260248540998223,True,False,-0.0032589517511887323,-0.0018527886536501004,0.0,nan,0.025433838915492224,0.0005435230103430325,0.0,nan,0.03260248540998223,0.0012945725381761177,0.0,nan,0.02609878491190365,0.0031238490819913618,0.0,nan,-0.010260193490442049,0.5927392740677437,0.0,nan,-0.0001211196556045735,0.002615845534418175,0.0,nan
15.644,12.903915149999989,ARM_AND_OFFBOARD,-0.002204745076596737,0.0010689891641959548,-0.07389087975025177,0.009386400692164898,-0.0070142969489097595,-0.0881359875202179,-0.01650785260787997,0.027601926503899542,-0.05622589265351288,0.0004956842167302966,-0.0058756014332175255,0.003075525164604188,1.0738936750206958,0.08891151317914549,-0.05622589265351288,0.03257479971039867,True,False,-0.0034977860828711016,-0.001996399297308604,0.0,nan,0.02544875005614422,0.000591810415464342,0.0,nan,0.03257479971039867,0.0013997507026538183,0.0,nan,0.026080538292013067,0.0032023702073415063,0.0,nan,-0.010267629660106081,0.5991864423138474,0.0,nan,-0.00012127130693961874,0.0026226099512083427,0.0,nan
15.644,12.977374041999951,ARM_AND_OFFBOARD,-0.002204745076596737,0.0010689891641959548,-0.07389087975025177,0.009386400692164898,-0.0070142969489097595,-0.0881359875202179,-0.01650785260787997,0.027601926503899542,-0.05622589265351288,0.0004956842167302966,-0.0058756014332175255,0.003075525164604188,1.0738936750206958,0.08891151317914549,-0.05622589265351288,0.03257479971039867,True,False,-0.0034977860828711016,-0.001996399297308604,0.0,nan,0.02544875005614422,0.000591810415464342,0.0,nan,0.03257479971039867,0.0013997507026538183,0.0,nan,0.026080538292013067,0.0032023702073415063,0.0,nan,-0.010267629660106081,0.5991864423138474,0.0,nan,-0.00012127130693961874,0.0026226099512083427,0.0,nan
15.672,13.049985844999924,ARM_AND_OFFBOARD,-0.0021526862401515245,0.0011251202085986733,-0.07454971969127655,0.009551712311804295,-0.006514949724078178,-0.0890008732676506,-0.016494395217213128,0.02756769260183194,-0.056197069972683984,0.0067407554015517235,-0.0014902937691658737,-0.0018867503385990856,1.0745524650021205,0.08974873380944794,-0.05619706997268399,0.03257045012479676,True,False,-0.00363493119495395,-0.013048270560329025,0.0,nan,0.02545823764220323,0.005501395354583575,0.0,nan,0.03257045012479676,0.004062951287704817,0.0,nan,0.026085952910802845,0.003995793536804097,0.0,nan,-0.010744924575303294,-0.623535160529232,0.0,nan,-0.00010266248337931216,-0.00406446776250082,0.0,nan
15.677,13.126865925999937,ARM_AND_OFFBOARD,-0.0021526862401515245,0.0011251202085986733,-0.07454971969127655,0.009551712311804295,-0.006514949724078178,-0.0890008732676506,-0.016494395217213128,0.02756769260183194,-0.056197069972683984,0.0067407554015517235,-0.0014902937691658737,-0.0018867503385990856,1.0745524650021205,0.08974873380944794,-0.05619706997268399,0.03257045012479676,True,False,-0.00363493119495395,-0.013048270560329025,0.0,nan,0.02545823764220323,0.005501395354583575,0.0,nan,0.03257045012479676,0.004062951287704817,0.0,nan,0.026085952910802845,0.003995793536804097,0.0,nan,-0.010744924575303294,-0.623535160529232,0.0,nan,-0.00010266248337931216,-0.00406446776250082,0.0,nan
15.679,13.201584204999904,ARM_AND_OFFBOARD,-0.0020730418618768454,0.00121354463044554,-0.07551869004964828,0.009359954856336117,-0.006010799203068018,-0.0900542140007019,-0.016389131638697152,0.02760849690319315,-0.05624241214505089,0.0067407554015517235,-0.0014902937691658737,-0.0018867503385990856,1.075521372562741,0.09073863521817191,-0.056242412145050893,0.03257045012479676,True,False,-0.00363493119495395,-0.013048270560329025,0.0,nan,0.02545823764220323,0.005501395354583575,0.0,nan,0.03257045012479676,0.004062951287704817,0.0,nan,0.026085952910802845,0.003995793536804097,0.0,nan,-0.010744924575303294,-0.623535160529232,0.0,nan,-0.00010266248337931216,-0.00406446776250082,0.0,nan
15.709,13.355937219999987,ARM_AND_OFFBOARD,-0.002008601324632764,0.0012641332577914,-0.07615573704242706,0.009600820019841194,-0.006524224765598774,-0.0904325395822525,-0.016375671785547465,0.0276425405703057,-0.056256517416263474,0.004042147193104029,-0.004086824133992195,-0.0027566000353544946,1.0761583539988453,0.09117447816763802,-0.056256517416263474,0.032557190187546325,True,False,-0.003932885255077068,-0.003264094778532803,0.0,nan,0.025464876461394503,-0.007469430470734713,0.0,nan,0.032557190187546325,-0.004279944925862944,0.0,nan,0.02609895096202841,-0.00029077474338393486,0.0,nan,-0.010293290360676721,0.5415916806401981,0.0,nan,-8.607359049328522e-05,0.002036202139519332,0.0,nan
15.714,13.431270530999996,ARM_AND_OFFBOARD,-0.002008601324632764,0.0012641332577914,-0.07615573704242706,0.009600820019841194,-0.006524224765598774,-0.0904325395822525,-0.016375671785547465,0.0276425405703057,-0.056256517416263474,0.004042147193104029,-0.004086824133992195,-0.0027566000353544946,1.0761583539988453,0.09117447816763802,-0.056256517416263474,0.032557190187546325,True,False,-0.003932885255077068,-0.003264094778532803,0.0,nan,0.025464876461394503,-0.007469430470734713,0.0,nan,0.032557190187546325,-0.004279944925862944,0.0,nan,0.02609895096202841,-0.00029077474338393486,0.0,nan,-0.010293290360676721,0.5415916806401981,0.0,nan,-8.607359049328522e-05,0.002036202139519332,0.0,nan
15.733,13.524950260999958,ARM_AND_OFFBOARD,-0.0018806896405294538,0.0013280740240588784,-0.07712443172931671,0.011107608675956726,-0.006137322634458542,-0.09085701406002045,-0.016346081122864686,0.027694727891346523,-0.0562862343003558,0.00038838066393509507,0.00200873240828514,-0.005537682678550482,1.0771268923401462,0.09173899227438886,-0.05628623430035579,0.032553613822272176,True,False,-0.004051957927554639,-0.009194954661445775,0.0,nan,0.02547849875185193,0.0005263066630053702,0.0,nan,0.032553613822272176,0.0014888577912836893,0.0,nan,0.02609841232727117,0.0037267177681521704,0.0,nan,-0.010253076266665495,0.5788005745197466,0.0,nan,-0.00011575758979542883,0.002906717465658515,0.0,nan
15.733,13.603773982999996,ARM_AND_OFFBOARD,-0.0018806896405294538,0.0013280740240588784,-0.07712443172931671,0.011107608675956726,-0.006137322634458542,-0.09085701406002045,-0.016346081122864686,0.027694727891346523,-0.0562862343003558,0.00038838066393509507,0.00200873240828514,-0.005537682678550482,1.0771268923401462,0.09173899227438886,-0.05628623430035579,0.032553613822272176,True,False,-0.004051957927554639,-0.009194954661445775,0.0,nan,0.02547849875185193,0.0005263066630053702,0.0,nan,0.032553613822272176,0.0014888577912836893,0.0,nan,0.02609841232727117,0.0037267177681521704,0.0,nan,-0.010253076266665495,0.5788005745197466,0.0,nan,-0.00011575758979542883,0.002906717465658515,0.0,nan
15.762,13.681814572999997,ARM_AND_OFFBOARD,-0.0017107942840084434,0.0015251811128109694,-0.07840371876955032,0.01224806159734726,-0.004836135543882847,-0.09127479046583176,-0.016318731830640188,0.027743797429975348,-0.056436055800538,0.004847638309001923,-0.008518182672560215,4.950343281962082e-05,1.078406154308526,0.09221979502510678,-0.056436055800538,0.032542948406034,True,False,-0.004145363227923582,-0.0005597857319687392,0.0,nan,0.02548588015701636,0.00046103622033310263,0.0,nan,0.032542948406034,0.0014243172653195257,0.0,nan,0.026089529188482175,0.003116064856394007,0.0,nan,-0.010243992256827816,0.5967349989391553,0.0,nan,-0.00011943994618590636,0.002601897272201656,0.0,nan
15.775,13.756075525999904,ARM_AND_OFFBOARD,-0.0017107942840084434,0.0015251811128109694,-0.07840371876955032,0.01224806159734726,-0.004836135543882847,-0.09127479046583176,-0.016318731830640188,0.027743797429975348,-0.056436055800538,0.004847638309001923,-0.008518182672560215,4.950343281962082e-05,1.078406154308526,0.09221979502510678,-0.056436055800538,0.03253142273998311,True,False,-0.004248310772824837,-0.009140799039269908,0.0,nan,0.02549138407333018,0.00039705402701780855,0.0,nan,0.03253142273998311,0.0014445325356459674,0.0,nan,0.026080984499919246,0.0037027777349831273,0.0,nan,-0.010250812874407877,0.5765559739545157,0.0,nan,-0.00011715020049152258,0.002876827078186473,0.0,nan
15.78,13.827898337999954,ARM_AND_OFFBOARD,-0.0016771130030974746,0.001652801176533103,-0.0787428766489029,0.012173613533377647,-0.004077729303389788,-0.09125804156064987,-0.016268767523204594,0.02764878894235231,-0.05644777981420802,0.004847638309001923,-0.008518182672560215,4.950343281962082e-05,1.0787454465166952,0.09215668663866479,-0.05644777981420802,0.03253142273998311,True,False,-0.004248310772824837,-0.009140799039269908,0.0,nan,0.02549138407333018,0.00039705402701780855,0.0,nan,0.03253142273998311,0.0014445325356459674,0.0,nan,0.026080984499919246,0.0037027777349831273,0.0,nan,-0.010250812874407877,0.5765559739545157,0.0,nan,-0.00011715020049152258,0.002876827078186473,0.0,nan
15.804,13.902533366999933,ARM_AND_OFFBOARD,-0.0016312848310917616,0.0018419356783851981,-0.07921726256608963,0.011067895218729973,-0.0036429332103580236,-0.09119942784309387,-0.01623374897086034,0.027638282830750694,-0.056363870504063246,0.0014654361875727773,-0.005131349898874759,0.003591875080019236,1.0792200672883578,0.09194076846456964,-0.056363870504063246,0.0325129481220765,True,False,-0.004445422640769081,-0.0002842965605087712,0.0,nan,0.025505455363972196,0.00033458162376912,0.0,nan,0.0325129481220765,0.001445949252016228,0.0,nan,0.0260661635410413,0.0031128835675359855,0.0,nan,-0.010239271506426562,0.6076487139134472,0.0,nan,-0.0001175353965958692,0.002471033103929123,0.0,nan
15.809,13.980552769999917,ARM_AND_OFFBOARD,-0.0016312848310917616,0.0018419356783851981,-0.07921726256608963,0.011067895218729973,-0.0036429332103580236,-0.09119942784309387,-0.01623374897086034,0.027638282830750694,-0.056363870504063246,0.0014654361875727773,-0.005131349898874759,0.003591875080019236,1.0792200672883578,0.09194076846456964,-0.056363870504063246,0.0325129481220765,True,False,-0.004445422640769081,-0.0002842965605087712,0.0,nan,0.025505455363972196,0.00033458162376912,0.0,nan,0.0325129481220765,0.001445949252016228,0.0,nan,0.0260661635410413,0.0031128835675359855,0.0,nan,-0.010239271506426562,0.6076487139134472,0.0,nan,-0.0001175353965958692,0.002471033103929123,0.0,nan
15.826,14.06593717699991,ARM_AND_OFFBOARD,-0.0015837391838431358,0.0020271751563996077,-0.07978849858045578,0.010695278644561768,-0.0036936854012310505,-0.09082812815904617,-0.016251770032505403,0.027619393384025047,-0.05632609762133788,0.00020088651217520237,-0.005698196589946747,0.00032784068025648664,1.0797915629118207,0.09153021993857659,-0.05632609762133788,0.03250527326444885,True,False,-0.004542702567267298,-0.008692258916190134,0.0,nan,0.025512800879536,0.0004651666980692643,0.0,nan,0.03250527326444885,0.001598309285607185,0.0,nan,0.0260601810989316,0.003796564150957071,0.0,nan,-0.010249875497486016,0.5848214334527062,0.0,nan,-0.00011713718555661501,0.0028230037437454274,0.0,nan
15.837,14.141107231999968,ARM_AND_OFFBOARD,-0.0015837391838431358,0.0020271751563996077,-0.07978849858045578,0.010695278644561768,-0.0036936854012310505,-0.09082812815904617,-0.016251770032505403,0.027619393384025047,-0.05632609762133788,0.00020088651217520237,-0.005698196589946747,0.00032784068025648664,1.0797915629118207,0.09153021993857659,-0.05632609762133788,0.03250527326444885,True,False,-0.004542702567267298,-0.008692258916190134,0.0,nan,0.025512800879536,0.0004651666980692643,0.0,nan,0.03250527326444885,0.001598309285607185,0.0,nan,0.0260601810989316,0.003796564150957071,0.0,nan,-0.010249875497486016,0.5848214334527062,0.0,nan,-0.00011713718555661501,0.0028230037437454274,0.0,nan
15.844,14.213756076999971,ARM_AND_OFFBOARD,-0.0015458161942660809,0.0021353645715862513,-0.08039549738168716,0.01091312151402235,-0.004514862317591906,-0.09132767468690872,-0.016294282102666532,0.027622517332823587,-0.056348986365481496,0.003197438083589077,-0.0029339622706174846,0.0022263422142714266,1.0803987134813624,0.09208813369074463,-0.056348986365481496,0.032498874170015846,True,False,-0.004630107876508305,-3.4797282413290276e-06,0.0,nan,0.025520942206033403,0.0005426543918656092,0.0,nan,0.032498874170015846,0.0016520189987261386,0.0,nan,0.026055203969419516,0.003298738505726871,0.0,nan,-0.010237214007415396,0.6077007968244665,0.0,nan,-0.00011730876187598938,0.0025825939246940377,0.0,nan
15.89,14.347894864999944,ARM_AND_OFFBOARD,-0.0014185996260493994,0.0023703204933553934,-0.08194208890199661,0.010919618420302868,-0.004213182721287012,-0.09217356145381927,-0.0163554381590208,0.027665017850720737,-0.056258957097495614,-0.0002045999572146684,-0.006526503246277571,-0.00013725046301260512,1.0819456153530804,0.09291369331895577,-0.056258957097495614,0.03248685992291911,True,False,-0.004806424143719568,4.323735511168811e-05,0.0,nan,0.025537827591663564,0.0005434756188943875,0.0,nan,0.03248685992291911,0.001642837834041984,0.0,nan,0.0260464194061214,0.003279161172134822,0.0,nan,-0.010235747290820996,0.6057197392001401,0.0,nan,-0.00011726065704831257,0.0025955087996352537,0.0,nan
15.925,14.420952767999893,ARM_AND_OFFBOARD,-0.0012498516589403152,0.0025893887504935265,-0.0833049863576889,0.01165340282022953,-0.004599954932928085,-0.09214810281991959,-0.016438491857033093,0.027673750329042287,-0.05624012526671418,0.004767372272908688,-0.003355856984853744,0.0038478476926684384,1.083308802018475,0.09299588289804003,-0.05624012526671418,0.0324741074567525,True,False,-0.004984692057227846,-0.008254346324187893,0.0,nan,0.025553104380639624,1.8220763631527585e-05,0.0,nan,0.0324741074567525,0.0013117646279793404,0.0,nan,0.026037274303324587,0.0035926907208385316,0.0,nan,-0.010243651778496066,0.5855100859383278,0.0,nan,-0.00011614337547705134,0.0026583478277409645,0.0,nan
15.926,14.493736733999981,ARM_AND_OFFBOARD,-0.0012498516589403152,0.0025893887504935265,-0.0833049863576889,0.01165340282022953,-0.004599954932928085,-0.09214810281991959,-0.016438491857033093,0.027673750329042287,-0.05624012526671418,0.004767372272908688,-0.003355856984853744,0.0038478476926684384,1.083308802018475,0.09299588289804003,-0.05624012526671418,0.0324741074567525,True,False,-0.004984692057227846,-0.008254346324187893,0.0,nan,0.025553104380639624,1.8220763631527585e-05,0.0,nan,0.0324741074567525,0.0013117646279793404,0.0,nan,0.026037274303324587,0.0035926907208385316,0.0,nan,-0.010243651778496066,0.5855100859383278,0.0,nan,-0.00011614337547705134,0.0026583478277409645,0.0,nan
15.943999999999999,14.579233882999915,ARM_AND_OFFBOARD,-0.0011651476379483938,0.0026569857727736235,-0.08390086144208908,0.011650157161056995,-0.004749961197376251,-0.09291151911020279,-0.01639666041494062,0.027669824159806535,-0.05618569893487061,0.0005296033923514187,-0.003972451668232679,-0.002445949940010905,1.0839047442360044,0.09375947246342359,-0.05618569893487061,0.03246909789365482,True,False,-0.005060820725503845,0.0006007187806698899,0.0,nan,0.025561242234090287,0.0005559329563203096,0.0,nan,0.03246909789365482,0.0017047599871064783,0.0,nan,0.026033941592830345,0.0033242544595865446,0.0,nan,-0.010230150147733319,0.6108098330427452,0.0,nan,-0.00011606885456849625,0.0025907131713678293,0.0,nan
15.943999999999999,14.659161923999932,ARM_AND_OFFBOARD,-0.0011651476379483938,0.0026569857727736235,-0.08390086144208908,0.011650157161056995,-0.004749961197376251,-0.09291151911020279,-0.01639666041494062,0.027669824159806535,-0.05618569893487061,0.0005296033923514187,-0.003972451668232679,-0.002445949940010905,1.0839047442360044,0.09375947246342359,-0.05618569893487061,0.03246909789365482,True,False,-0.005060820725503845,0.0006007187806698899,0.0,nan,0.025561242234090287,0.0005559329563203096,0.0,nan,0.03246909789365482,0.0017047599871064783,0.0,nan,0.026033941592830345,0.0033242544595865446,0.0,nan,-0.010230150147733319,0.6108098330427452,0.0,nan,-0.00011606885456849625,0.0025907131713678293,0.0,nan
15.952,14.738193395999929,ARM_AND_OFFBOARD,-0.0011651476379483938,0.0026569857727736235,-0.08390086144208908,0.011650157161056995,-0.004749961197376251,-0.09291151911020279,-0.01639666041494062,0.027669824159806535,-0.05618569893487061,0.0005296033923514187,-0.003972451668232679,-0.002445949940010905,1.0839047442360044,0.09375947246342359,-0.05618569893487061,0.03246909789365482,True,False,-0.005060820725503845,0.0006007187806698899,0.0,nan,0.025561242234090287,0.0005559329563203096,0.0,nan,0.03246909789365482,0.0017047599871064783,0.0,nan,0.026033941592830345,0.0033242544595865446,0.0,nan,-0.010230150147733319,0.6108098330427452,0.0,nan,-0.00011606885456849625,0.0025907131713678293,0.0,nan
15.954,14.812618190999956,ARM_AND_OFFBOARD,-0.0011651476379483938,0.0026569857727736235,-0.08390086144208908,0.011650157161056995,-0.004749961197376251,-0.09291151911020279,-0.01639666041494062,0.027669824159806535,-0.05618569893487061,0.0005296033923514187,-0.003972451668232679,-0.002445949940010905,1.0839047442360044,0.09375947246342359,-0.05618569893487061,0.03246909789365482,True,False,-0.005060820725503845,0.0006007187806698899,0.0,nan,0.025561242234090287,0.0005559329563203096,0.0,nan,0.03246909789365482,0.0017047599871064783,0.0,nan,0.026033941592830345,0.0033242544595865446,0.0,nan,-0.010230150147733319,0.6108098330427452,0.0,nan,-0.00011606885456849625,0.0025907131713678293,0.0,nan
15.986,14.89291901099989,ARM_AND_OFFBOARD,-0.0011507448507472873,0.002894261386245489,-0.0852520689368248,0.012105152942240238,-0.0037827242631465197,-0.09359842538833618,-0.016441438123267645,0.027769651406424897,-0.05629648793512241,0.003107576398178935,-0.0071314238011837006,-0.0025621484965085975,1.0852565383789872,0.09445373981892914,-0.05629648793512241,0.032458595760360254,True,False,-0.00521542383178808,0.0007376511230682732,0.0,nan,0.025576792185245445,0.0005137067629458713,0.0,nan,0.032458595760360254,0.0016888836661827055,0.0,nan,0.02602645187108088,0.003303410399107072,0.0,nan,-0.010232435465552747,0.6078828436321149,0.0,nan,-0.00011613831072221359,0.0025810188775310583,0.0,nan
16.015,14.973979981999946,ARM_AND_OFFBOARD,-0.001136808656156063,0.0030366701539605856,-0.08600875735282898,0.013164747506380081,-0.00413489481434226,-0.09312396496534348,-0.016400681259373204,0.027734502313326855,-0.05637446524989425,-0.0023513641208410263,-0.0061737424694001675,0.0019649011082947263,1.086013597864493,0.09414074985307337,-0.05637446524989425,0.032453536329531296,True,False,-0.005294230482998152,-0.007734463423536724,0.0,nan,0.02558423233896523,0.00044723231815254363,0.0,nan,0.032453536329531296,0.0016671467530397096,0.0,nan,0.02602365973770482,0.0038486220585803818,0.0,nan,-0.010236164269565862,0.5843249967633193,0.0,nan,-0.00011347620438861838,0.002858341914885435,0.0,nan
16.015,15.04849194299993,ARM_AND_OFFBOARD,-0.001136808656156063,0.0030366701539605856,-0.08600875735282898,0.013164747506380081,-0.00413489481434226,-0.09312396496534348,-0.016400681259373204,0.027734502313326855,-0.05637446524989425,-0.0023513641208410263,-0.0061737424694001675,0.0019649011082947263,1.086013597864493,0.09414074985307337,-0.05637446524989425,0.032453536329531296,True,False,-0.005294230482998152,-0.007734463423536724,0.0,nan,0.02558423233896523,0.00044723231815254363,0.0,nan,0.032453536329531296,0.0016671467530397096,0.0,nan,0.02602365973770482,0.0038486220585803818,0.0,nan,-0.010236164269565862,0.5843249967633193,0.0,nan,-0.00011347620438861838,0.002858341914885435,0.0,nan
16.042,15.122328713999991,ARM_AND_OFFBOARD,-0.0010548873106017709,0.003266272833570838,-0.08740584552288055,0.012806298211216927,-0.0024613102432340384,-0.09340868890285492,-0.016524211718674013,0.027794027192958332,-0.05633590327050365,2.1395389921963215e-06,-0.0008484489517286419,0.0012204840313643217,1.087411262679761,0.09431459316849328,-0.05633590327050365,0.032447897092618305,True,False,-0.005371252318663977,-0.007745850183396768,0.0,nan,0.025591211695047633,3.529957314256783e-06,0.0,nan,0.032447897092618305,0.001330500319629021,0.0,nan,0.02601923337195533,0.00360010516550494,0.0,nan,-0.010244658410711871,0.587334251353955,0.0,nan,-0.00011512799192292533,0.0026505168754640714,0.0,nan
16.042,15.197572562999994,ARM_AND_OFFBOARD,-0.0010548873106017709,0.003266272833570838,-0.08740584552288055,0.012806298211216927,-0.0024613102432340384,-0.09340868890285492,-0.016524211718674013,0.027794027192958332,-0.05633590327050365,2.1395389921963215e-06,-0.0008484489517286419,0.0012204840313643217,1.087411262679761,0.09431459316849328,-0.05633590327050365,0.032447897092618305,True,False,-0.005371252318663977,-0.007745850183396768,0.0,nan,0.025591211695047633,3.529957314256783e-06,0.0,nan,0.032447897092618305,0.001330500319629021,0.0,nan,0.02601923337195533,0.00360010516550494,0.0,nan,-0.010244658410711871,0.587334251353955,0.0,nan,-0.00011512799192292533,0.0026505168754640714,0.0,nan
16.063,15.307397611999932,ARM_AND_OFFBOARD,-0.0009847620967775583,0.003418175969272852,-0.08824959397315979,0.012740622274577618,-0.0019582845270633698,-0.0934978723526001,-0.016489264484509946,0.027766054861480913,-0.056337613164098355,0.0022221109829843044,-0.004129296168684959,-0.0033434554934501644,1.0882554077357443,0.09438225717101441,-0.056337613164098355,0.0324438028909908,True,False,-0.005438467964411053,0.0011342438165108035,0.0,nan,0.025598979617630135,0.000489794149539025,0.0,nan,0.0324438028909908,0.001719738089318508,0.0,nan,0.026017031684642866,0.0033550907175499685,0.0,nan,-0.010236626279874983,0.611611958899112,0.0,nan,-0.00011508084997302603,0.002564429325914103,0.0,nan
16.09,15.350126553999985,ARM_AND_OFFBOARD,-0.0009443340240977705,0.0035275027621537447,-0.08884722739458084,0.010414973832666874,-0.001287149148993194,-0.09242013841867447,-0.016483280795314786,0.027793367912773884,-0.05645777950199252,0.0014504233840852976,-0.01344531774520874,-0.0017246808856725675,1.088853350845444,0.0930140334476139,-0.05645777950199252,0.032552867210842606,True,False,-0.005574606962650108,0.011177866119727566,0.0,nan,0.025716395268586822,0.010999899214931838,0.0,nan,0.032552867210842606,0.014544087171432352,0.0,nan,0.02609820193274004,0.010319801129015756,0.0,nan,-0.010724261399408519,0.6569315580711482,0.0,nan,-0.0001190753174249437,0.002170677063044874,0.0,nan
16.115,15.430388671999935,ARM_AND_OFFBOARD,-0.000940363563131541,0.0036268248222768307,-0.08942313492298126,0.007847175933420658,-0.0024350082967430353,-0.0777863934636116,-0.016475364707623195,0.02764155218785817,-0.05648899673403786,0.032224833965301514,-0.08660540729761124,0.024087512865662585,1.0894295778283873,0.07821911814646763,-0.05648899673403786,0.033205001425787195,True,False,-0.005404249453857091,0.03877005664218584,0.0,nan,0.0262446399966203,0.03402071730403451,0.0,nan,0.033205001425787195,0.04464779822698855,0.0,nan,0.026642521897984217,0.040100797457320536,0.0,nan,-0.01620015462162172,1.063993777491415,0.0,nan,-9.933698493114207e-05,0.007600116725500108,0.0,nan
16.118,15.509903825999913,ARM_AND_OFFBOARD,-0.0009689818834885955,0.0037418112624436617,-0.08973338454961777,0.006828341167420149,-0.0030624803621321917,-0.033951420336961746,-0.01592976052262682,0.026238327754863372,-0.0560920413835913,0.032224833965301514,-0.08660540729761124,0.024087512865662585,1.0897402394513012,0.03476642017758213,-0.0560920413835913,0.033205001425787195,True,False,-0.005404249453857091,0.03877005664218584,0.0,nan,0.0262446399966203,0.03402071730403451,0.0,nan,0.033205001425787195,0.04464779822698855,0.0,nan,0.026642521897984217,0.040100797457320536,0.0,nan,-0.01620015462162172,1.063993777491415,0.0,nan,-9.933698493114207e-05,0.007600116725500108,0.0,nan
16.131,15.567768625999975,ARM_AND_OFFBOARD,-0.0009689818834885955,0.0037418112624436617,-0.08973338454961777,0.006828341167420149,-0.0030624803621321917,-0.033951420336961746,-0.01592976052262682,0.026238327754863372,-0.0560920413835913,0.08080704510211945,-0.16182345151901245,0.056634858250618,1.0897402394513012,0.03476642017758213,-0.0560920413835913,0.03425239909126532,True,False,-0.004976055015023739,0.017414155299498052,0.0,nan,0.027103927361235236,0.03912092959274624,0.0,nan,0.03425239909126532,0.05033498332717325,0.0,nan,0.02755243693351961,0.04628795875290287,0.0,nan,-0.018154747237593583,1.184179805936802,0.0,nan,-0.00011158560526514094,0.008909532145571955,0.0,nan
16.131,15.649411536999992,ARM_AND_OFFBOARD,-0.0009689818834885955,0.0037418112624436617,-0.08973338454961777,0.006828341167420149,-0.0030624803621321917,-0.033951420336961746,-0.01592976052262682,0.026238327754863372,-0.0560920413835913,0.08080704510211945,-0.16182345151901245,0.056634858250618,1.0897402394513012,0.03476642017758213,-0.0560920413835913,0.03425239909126532,True,False,-0.004976055015023739,0.017414155299498052,0.0,nan,0.027103927361235236,0.03912092959274624,0.0,nan,0.03425239909126532,0.05033498332717325,0.0,nan,0.02755243693351961,0.04628795875290287,0.0,nan,-0.018154747237593583,1.184179805936802,0.0,nan,-0.00011158560526514094,0.008909532145571955,0.0,nan
16.174,15.72832953999989,ARM_AND_OFFBOARD,-0.001084578107111156,0.003953578881919384,-0.08648756146430969,0.008370650932192802,-0.00011511814955156296,0.11210381984710693,-0.012622092903423244,0.019840860513076743,-0.053354351298911924,0.0893021821975708,-0.1683354377746582,0.10596998035907747,1.0864952960378191,0.11241595737941114,-0.053354351298911924,0.036361783704775164,True,False,-0.0046701661071288925,0.00012265559283217153,0.0,nan,0.02887565530662961,0.05086832582116871,0.0,nan,0.036361783704775164,0.05771110462365146,0.0,nan,0.02936207146492631,0.047997504252984505,0.0,nan,-0.019210615099344963,-1.0357438269337065,0.0,nan,-0.00012148260064837046,-0.005427862881033432,0.0,nan
16.21,15.80283641899996,ARM_AND_OFFBOARD,-0.0013303839368745685,0.0041702305898070335,-0.07639756798744202,0.005481417290866375,0.0004890215350314975,0.2953665852546692,-0.008918336808800132,0.013835648717705727,-0.048841109169986685,0.08082816749811172,-0.13357809185981748,0.1305704712867737,1.0764064683537866,0.2954178477387277,-0.048841109169986685,0.038565529166757706,True,False,-0.004420049356791189,-0.00022297098647378055,0.0,nan,0.03071235779194037,0.048495746112741364,0.0,nan,0.038565529166757706,0.05478051992077774,0.0,nan,0.03126284011572267,0.04556938782931377,0.0,nan,-0.019634361403496392,-0.9449163642840193,0.0,nan,-0.0001217108160069813,-0.004649868822622083,0.0,nan
16.248,15.888741140999969,ABORT,-0.0017221044981852174,0.004329045303165913,-0.05904879793524742,-0.0008350259740836918,-0.0017282715998589993,0.4688977003097534,-0.005626035333350839,0.008890233378012986,-0.043576947222588695,0.08188251405954361,-0.12256093323230742,0.13782866299152377,1.0590590458917917,0.46890162885926895,-0.043576947222588695,0.04042754283511396,True,True,-0.004113430673078788,-0.0008388358897494369,0.0,nan,0.032272512092158756,0.02997616560070044,0.0,nan,0.04042754283511396,0.038745238981188534,0.0,nan,0.03288144900104584,0.036472230650416805,0.0,nan,-0.017957459351383598,1.1996340173903817,0.0,nan,-0.00011356276803109466,0.00785316454142243,0.0,nan
16.267,15.926446317,ABORT,-0.0019285170128569007,0.004372105933725834,-0.050109077244997025,-0.003250302979722619,-0.0018209853442385793,0.5325403213500977,-0.00410010813409413,0.006840870260847179,-0.04076769331843065,0.07178297638893127,-0.07975857704877852,0.1430622786283493,1.0501199496250435,0.5325533534968578,-0.04076769331843065,0.0007962875053604754,True,True,-0.004010656380694755,-0.004704186159218596,-0.004113426295988471,nan,0.032948235734568065,0.03644197758805817,0.032272477751066994,nan,0.041223787321636784,0.039993048214822295,0.04042749981627631,nan,0.03357617031861704,0.03346937636397053,0.03288141401198597,nan,-0.018221771282047605,-0.9285978000569326,-0.017957440242900264,nan,-0.00011246215607751964,-0.004410111694860913,-0.0001135626471892641,nan
16.304,16.000455186999943,ABORT,-0.0026229526847600937,0.004453436937183142,-0.023596730083227158,-0.010638507083058357,-0.004080187529325485,0.6827713847160339,-0.0014402043806296962,0.004125638159297793,-0.03513746506038994,0.05968726798892021,-0.05966611951589582,0.14200371503829956,1.0236097785867497,0.6828664507429554,-0.03513746506038994,0.00391595148160577,True,True,-0.00395669492878703,-0.011537634692613832,-0.0041133201575906,nan,0.03551312939408202,0.08617961473192613,0.032271645026997725,nan,0.044342408150454204,0.10869485152356766,0.040426456668848434,nan,0.03616727032346301,0.09289828142976014,0.03288056557558482,nan,-0.017646199480592983,1.0530525786302036,-0.017956976888557658,nan,-9.967292372348169e-05,0.006847625021337511,-0.00011355971694168865,nan
16.328,16.075256599,ABORT,-0.003153454512357712,0.004436120856553316,-0.004709593486040831,-0.015343171544373035,-0.005763444118201733,0.7691919803619385,-0.0002884328120831251,0.0032725888182342446,-0.03183942055702539,0.030471740290522575,-0.023572836071252806,0.13290664553642273,1.0047243356694915,0.769366578981869,-0.03183942055702539,0.006190227071503331,True,True,-0.004191907950602314,-0.013796472317547132,-0.0041131113918806885,nan,0.037360336470246835,0.09539258638481725,0.032270007125588175,nan,0.04661463195308446,0.11440299315568314,0.04042440488158113,nan,0.03807930260340342,0.09530374788965307,0.032878896769279534,nan,-0.01812952247571431,-1.01899966969491,-0.01795606550775471,nan,-0.0001222064357797592,-0.005380663117137197,-0.00011355395337989031,nan
16.33,16.148847730999933,ABORT,-0.003153454512357712,0.004436120856553316,-0.004709593486040831,-0.015343171544373035,-0.005763444118201733,0.7691919803619385,-0.0002884328120831251,0.0032725888182342446,-0.03183942055702539,0.030471740290522575,-0.023572836071252806,0.13290664553642273,1.0047243356694915,0.769366578981869,-0.03183942055702539,0.006190465780866211,True,True,-0.004191907950602314,-0.013796472317547132,-0.0041130871036270285,nan,0.037360336470246835,0.09539258638481725,0.03226981656860004,nan,0.04661463195308446,0.11440299315568314,0.04042416617221825,nan,0.03807930260340342,0.09530374788965307,0.03287870261674908,nan,-0.01812952247571431,-1.01899966969491,-0.017955959475743362,nan,-0.0001222064357797592,-0.005380663117137197,-0.00011355328283466043,nan
16.359,16.23001069399993,ABORT,-0.004365089349448681,0.004155855625867844,0.03125768527388573,-0.024748774245381355,-0.013263075612485409,0.8713205456733704,0.0007442576116786622,0.003187348779109502,-0.027275787693702164,0.02788390964269638,0.011956011876463906,0.12498931586742401,0.9687610631533049,0.8717728513287686,-0.02727578769370216,0.00822163799537353,True,True,-0.0041251541000022485,0.002111693516092361,-0.004112587847037148,nan,0.03900298400534208,0.07134083270286952,0.032265899579202485,nan,0.04864089738326083,0.09064961970800434,0.0404192593878873,nan,0.0397839434229752,0.07745425803810985,0.0328747117192712,nan,-0.017239276265384795,1.1546530989830077,-0.01795377993738931,nan,-0.00010114133593663865,0.006608182401195678,-0.00011353949945897946,nan
16.359,16.307952814999908,ABORT,-0.004365089349448681,0.004155855625867844,0.03125768527388573,-0.024748774245381355,-0.013263075612485409,0.8713205456733704,0.0007442576116786622,0.003187348779109502,-0.027275787693702164,0.02788390964269638,0.011956011876463906,0.12498931586742401,0.9687610631533049,0.8717728513287686,-0.02727578769370216,0.00822163799537353,True,True,-0.0041251541000022485,0.002111693516092361,-0.004112587847037148,nan,0.03900298400534208,0.07134083270286952,0.032265899579202485,nan,0.04864089738326083,0.09064961970800434,0.0404192593878873,nan,0.0397839434229752,0.07745425803810985,0.0328747117192712,nan,-0.017239276265384795,1.1546530989830077,-0.01795377993738931,nan,-0.00010114133593663865,0.006608182401195678,-0.00011353949945897946,nan
16.387,16.379647342,ABORT,-0.004974794574081898,0.003932222258299589,0.0466325543820858,-0.0272702407091856,-0.015003866516053677,0.8876635432243347,0.0010653146140813577,0.003928676261930306,-0.024894998373139875,0.0011204045731574297,0.04480721801519395,0.11485114693641663,0.9533885342907001,0.8882090677359407,-0.024894998373139875,0.011394819887718073,True,True,-0.004081826405853306,-0.0014724847970428168,-0.004111793285401855,nan,0.04157475456548099,0.059322453097759284,0.03225966573158941,nan,0.051806270179719505,0.0705206110065446,0.04041145029200143,nan,0.04243215665306188,0.057221372907969636,0.03286836024772215,nan,-0.018272371546236954,-0.693663512837785,-0.017950311224919857,nan,-8.732146782364225e-05,-0.0043912100066554605,-0.00011351756336090304,nan
16.389,16.455928721999953,ABORT,-0.004974794574081898,0.003932222258299589,0.0466325543820858,-0.0272702407091856,-0.015003866516053677,0.8876635432243347,0.0010653146140813577,0.003928676261930306,-0.024894998373139875,0.0011204045731574297,0.04480721801519395,0.11485114693641663,0.9533885342907001,0.8882090677359407,-0.024894998373139875,0.011395511663962826,True,True,-0.004081826405853306,-0.0014724847970428168,-0.0041117228983977355,nan,0.04157475456548099,0.059322453097759284,0.03225911350022291,nan,0.051806270179719505,0.0705206110065446,0.04041075851575668,nan,0.04243215665306188,0.057221372907969636,0.03286779759652653,nan,-0.018272371546236954,-0.693663512837785,-0.017950003945700687,nan,-8.732146782364225e-05,-0.0043912100066554605,-0.00011351562013062727,nan
16.422,16.528734606999933,ABORT,-0.006673228461295366,0.003217351855710149,0.0850350558757782,-0.03560388833284378,-0.02045406773686409,0.8692401051521301,0.0008539918627506752,0.006128395756875403,-0.020556823284544445,-0.03158159926533699,0.06677281856536867,0.10614206641912459,0.9149949356730345,0.8702093806413994,-0.020556823284544445,0.012606420333783272,True,True,-0.004124841208449581,-0.010029502597646747,-0.004110261874737218,nan,0.042542819905380114,0.040869105824214505,0.032247650828915585,nan,0.05300281964397335,0.05278084053011668,0.04039639931019008,nan,0.04343743626482599,0.04609368694665239,0.03285611864073495,nan,-0.01734013419499636,0.8083424697677508,-0.017943625748259105,nan,-7.652848052064343e-05,0.004994099233464402,-0.00011347528448278637,nan
16.428,16.61333298699992,ABORT,-0.006673228461295366,0.003217351855710149,0.0850350558757782,-0.03560388833284378,-0.02045406773686409,0.8692401051521301,0.0008539918627506752,0.006128395756875403,-0.020556823284544445,-0.03158159926533699,0.06677281856536867,0.10614206641912459,0.9149949356730345,0.8702093806413994,-0.020556823284544445,0.013604569518634119,True,True,-0.004166159477193787,-0.00951205056509688,-0.004109930769665856,nan,0.04335089568546202,0.040368157174495406,0.032245053096446374,nan,0.05399771466812009,0.04782505590792337,0.04039314514948597,nan,0.044268761733945894,0.039132117454961673,0.03285347189270799,nan,-0.01833577972046374,-0.6012013834531669,-0.017942180286713117,nan,-7.232005009960574e-05,-0.003336895646574606,-0.00011346614340046326,nan
16.44,16.68926716699991,ABORT,-0.007825604639947414,0.0026972086634486914,0.10735160112380981,-0.040263786911964417,-0.023690754547715187,0.831274151802063,0.00027393599355020413,0.007534386373376205,-0.018456140872167986,-0.03158159926533699,0.06677281856536867,0.10614206641912459,0.8926867754362562,0.832585815301805,-0.018456140872167986,0.013611724174539923,True,True,-0.004166159477193787,-0.00951205056509688,-0.0041092027961360696,nan,0.04335089568546202,0.040368157174495406,0.03223934167539422,nan,0.05399771466812009,0.04782505590792337,0.040385990493580166,nan,0.044268761733945894,0.039132117454961673,0.03284765270517423,nan,-0.01833577972046374,-0.6012013834531669,-0.01793900226911443,nan,-7.232005009960574e-05,-0.003336895646574606,-0.00011344604565343256,nan
16.44,16.765678271999946,ABORT,-0.007825604639947414,0.0026972086634486914,0.10735160112380981,-0.040263786911964417,-0.023690754547715187,0.831274151802063,0.00027393599355020413,0.007534386373376205,-0.018456140872167986,-0.03158159926533699,0.06677281856536867,0.10614206641912459,0.8926867754362562,0.832585815301805,-0.018456140872167986,0.013611724174539923,True,True,-0.004166159477193787,-0.00951205056509688,-0.0041092027961360696,nan,0.04335089568546202,0.040368157174495406,0.03223934167539422,nan,0.05399771466812009,0.04782505590792337,0.040385990493580166,nan,0.044268761733945894,0.039132117454961673,0.03284765270517423,nan,-0.01833577972046374,-0.6012013834531669,-0.01793900226911443,nan,-7.232005009960574e-05,-0.003336895646574606,-0.00011344604565343256,nan
16.472,16.844767331999947,ABORT,-0.008644319139420986,0.0023199275601655245,0.12172798812389374,-0.043515171855688095,-0.024445518851280212,0.8016464710235596,-0.0004780903219067359,0.009022732777881352,-0.01659665768958134,-0.048598162829875946,0.06910025328397752,0.08999328315258025,0.8783176151951935,0.8031987413324706,-0.01659665768958134,0.015320237519049928,True,True,-0.0042904514120865045,0.0004586199630054605,-0.0041068000410485845,nan,0.044716805117809066,0.035267983541453204,0.03222049051470179,nan,0.05568261329976831,0.04139728788080209,0.040362375780718385,nan,0.04567794189842278,0.03319225671656509,0.03282844584959545,nan,-0.01828986003895139,-0.5095748788869123,-0.017928512879540608,nan,-6.608439748312378e-05,-0.002823198176445399,-0.00011337971087345888,nan
16.48,16.919954242999893,ABORT,-0.009948321618139744,0.0017180746654048562,0.14232522249221802,-0.047405585646629333,-0.02748642861843109,0.7570562362670898,-0.0014155033064884698,0.010531899221569293,-0.014823174886495087,-0.048598162829875946,0.06910025328397752,0.08999328315258025,0.8577341924259503,0.7590368490261772,-0.014823174886495089,0.015327246189477166,True,True,-0.0042904514120865045,0.0004586199630054605,-0.004106086921281932,nan,0.044716805117809066,0.035267983541453204,0.032214895630985126,nan,0.05568261329976831,0.04139728788080209,0.04035536711029115,nan,0.04567794189842278,0.03319225671656509,0.032822745398292774,nan,-0.01828986003895139,-0.5095748788869123,-0.01792539970704784,nan,-6.608439748312378e-05,-0.002823198176445399,-0.00011336002320613809,nan
16.488,16.993968030999895,ABORT,-0.009948321618139744,0.0017180746654048562,0.14232522249221802,-0.047405585646629333,-0.02748642861843109,0.7570562362670898,-0.0014155033064884698,0.010531899221569293,-0.014823174886495087,-0.05736304447054863,0.07337677478790285,0.08599615842103957,0.8577341924259503,0.7590368490261772,-0.014823174886495089,0.01613631464175489,True,True,-0.004332672928224035,0.004415880416259579,-0.004105326122125636,nan,0.04536540841797709,0.02889634371074995,0.032208926671757995,nan,0.0564842044799283,0.03758368013774427,0.04034788983817341,nan,0.04635161968470225,0.03218532437197452,0.032816663813200926,nan,-0.01724962173078559,0.8725425682086395,-0.01792207838696017,nan,-6.926698531461994e-05,0.005631118280064171,-0.00011333901921580221,nan
16.488,17.069297220999943,ABORT,-0.009948321618139744,0.0017180746654048562,0.14232522249221802,-0.047405585646629333,-0.02748642861843109,0.7570562362670898,-0.0014155033064884698,0.010531899221569293,-0.014823174886495087,-0.05736304447054863,0.07337677478790285,0.08599615842103957,0.8577341924259503,0.7590368490261772,-0.014823174886495089,0.01613631464175489,True,True,-0.004332672928224035,0.004415880416259579,-0.004105326122125636,nan,0.04536540841797709,0.02889634371074995,0.032208926671757995,nan,0.0564842044799283,0.03758368013774427,0.04034788983817341,nan,0.04635161968470225,0.03218532437197452,0.032816663813200926,nan,-0.01724962173078559,0.8725425682086395,-0.01792207838696017,nan,-6.926698531461994e-05,0.005631118280064171,-0.00011333901921580221,nan
16.508,17.14461357899995,ABORT,-0.010859767906367779,0.0012735715135931969,0.15546806156635284,-0.050103265792131424,-0.029467759653925896,0.7299160361289978,-0.0025195385632429063,0.01209083035181196,-0.013146006465457922,-0.045489341020584106,0.07598591595888139,0.07658589631319045,0.8446027181923309,0.7322268131530878,-0.013146006465457922,0.016956646580584538,True,True,-0.004364148659974809,0.0040039133709503655,-0.004103206937068696,nan,0.046014764680721854,0.03007971853536641,0.032192300300533785,nan,0.057283708683596224,0.03904584590037821,0.040327062103011686,nan,0.047022553725457605,0.03386185804926836,0.03279972372573826,nan,-0.017365031528923325,0.7586164710380274,-0.01791282694150197,nan,-7.013590078397414e-05,0.0046415004395297665,-0.00011328051318028998,nan
16.508,17.217064570999923,ABORT,-0.010859767906367779,0.0012735715135931969,0.15546806156635284,-0.050103265792131424,-0.029467759653925896,0.7299160361289978,-0.0025195385632429063,0.01209083035181196,-0.013146006465457922,-0.045489341020584106,0.07598591595888139,0.07658589631319045,0.8446027181923309,0.7322268131530878,-0.013146006465457922,0.016956646580584538,True,True,-0.004364148659974809,0.0040039133709503655,-0.004103206937068696,nan,0.046014764680721854,0.03007971853536641,0.032192300300533785,nan,0.057283708683596224,0.03904584590037821,0.040327062103011686,nan,0.047022553725457605,0.03386185804926836,0.03279972372573826,nan,-0.017365031528923325,0.7586164710380274,-0.01791282694150197,nan,-7.013590078397414e-05,0.0046415004395297665,-0.00011328051318028998,nan
16.538,17.29743594699994,ABORT,-0.013258812017738819,3.345655568409711e-05,0.18658334016799927,-0.054815419018268585,-0.03446198254823685,0.6807979941368103,-0.004573186339569927,0.015341564183570843,-0.010165022047610573,-0.05666426941752434,0.07839634269475938,0.07282528281211852,0.8135247136428687,0.6838700660388695,-0.010165022047610573,0.01781144352523857,True,True,-0.004413131050861274,0.0019265207008188623,-0.0040994105504152676,nan,0.04667978070303569,0.03689233990597433,0.032162515202906854,nan,0.05810119405155234,0.04330799454953799,0.04028975052631377,nan,0.04770715092497735,0.03479846634351813,0.03276937662521461,nan,-0.018318812801974005,-0.5954054340934241,-0.017896253559225892,nan,-7.484869238183478e-05,-0.0035422646652119236,-0.00011317570329988984,nan
16.565,17.374345995999988,ABORT,-0.015181456692516804,-0.0009756999788805842,0.20463010668754578,-0.057355571538209915,-0.03744816035032272,0.6611589193344116,-0.005677243393770321,0.017057491150559247,-0.008847212301271485,-0.053581103682518005,0.07522943615913393,0.061737522482872,0.7955153649085732,0.6646977831432457,-0.008847212301271487,0.019540067162746026,True,True,-0.004479483072542756,0.004397962387126364,-0.004095313396258978,nan,0.04804727723256619,0.03435205602134905,0.03213037039056866,nan,0.05978955011478426,0.04276370797557408,0.040249482952038236,nan,0.049127196153082586,0.03631701894916248,0.03273662528548227,nan,-0.01833659188067216,-0.4350872571119398,-0.01787836715610758,nan,-8.702875510468999e-05,1.075179778826929e-05,-0.00011306258989066588,nan
16.565,17.449342136999917,ABORT,-0.015181456692516804,-0.0009756999788805842,0.20463010668754578,-0.057355571538209915,-0.03744816035032272,0.6611589193344116,-0.005677243393770321,0.017057491150559247,-0.008847212301271485,-0.053581103682518005,0.07522943615913393,0.061737522482872,0.7955153649085732,0.6646977831432457,-0.008847212301271487,0.019540067162746026,True,True,-0.004479483072542756,0.004397962387126364,-0.004095313396258978,nan,0.04804727723256619,0.03435205602134905,0.03213037039056866,nan,0.05978955011478426,0.04276370797557408,0.040249482952038236,nan,0.049127196153082586,0.03631701894916248,0.03273662528548227,nan,-0.01833659188067216,-0.4350872571119398,-0.01787836715610758,nan,-8.702875510468999e-05,1.075179778826929e-05,-0.00011306258989066588,nan
16.584,17.525577271999964,ABORT,-0.016607774421572685,-0.0017259125597774982,0.2163633108139038,-0.05883445590734482,-0.03828660398721695,0.6503266096115112,-0.006929913521469435,0.019013483844261287,-0.007433377842429235,-0.059130556881427765,0.07283656299114227,0.055603411048650735,0.7838145556086262,0.654104010395587,-0.0074333778424292354,0.02038406904743198,True,True,-0.00451595931782478,0.0029503192921744303,-0.004092018926777528,nan,0.0487052737579754,0.03608033596919602,0.03210452315631887,nan,0.06060117335578674,0.04217629328939884,0.04021710430835476,nan,0.04981032107662653,0.0337629369205949,0.032710290350278726,nan,-0.018261635451674252,-0.6415219081219904,-0.017863984927136346,nan,-8.074126680579496e-05,-0.0038117770835487397,-0.000112971636838763,nan
16.586,17.608224150999945,ABORT,-0.016607774421572685,-0.0017259125597774982,0.2163633108139038,-0.05883445590734482,-0.03828660398721695,0.6503266096115112,-0.006929913521469435,0.019013483844261287,-0.007433377842429235,-0.059130556881427765,0.07283656299114227,0.055603411048650735,0.7838145556086262,0.654104010395587,-0.0074333778424292354,0.020387678680820545,True,True,-0.00451595931782478,0.0029503192921744303,-0.004091651652991939,nan,0.0487052737579754,0.03608033596919602,0.03210164165699906,nan,0.06060117335578674,0.04217629328939884,0.040213494674966196,nan,0.04981032107662653,0.0337629369205949,0.03270735448111985,nan,-0.018261635451674252,-0.6415219081219904,-0.017862381568626212,nan,-8.074126680579496e-05,-0.0038117770835487397,-0.00011296149721784034,nan
16.596,17.68132966999997,ABORT,-0.016607774421572685,-0.0017259125597774982,0.2163633108139038,-0.05883445590734482,-0.03828660398721695,0.6503266096115112,-0.006929913521469435,0.019013483844261287,-0.007433377842429235,-0.059130556881427765,0.07283656299114227,0.055603411048650735,0.7838145556086262,0.654104010395587,-0.0074333778424292354,0.020406314835052966,True,True,-0.00451595931782478,0.0029503192921744303,-0.004089755457401707,nan,0.0487052737579754,0.03608033596919602,0.03208676478171455,nan,0.06060117335578674,0.04217629328939884,0.040194858520733776,nan,0.04981032107662653,0.0337629369205949,0.03269219690012443,nan,-0.018261635451674252,-0.6415219081219904,-0.017854103598741677,nan,-8.074126680579496e-05,-0.0038117770835487397,-0.00011290914743074791,nan
16.611,17.75569786799997,ABORT,-0.018746336922049522,-0.00287391128949821,0.23355446755886078,-0.0608162097632885,-0.04038919135928154,0.635478675365448,-0.007871218362246643,0.020261274859018113,-0.006587697516778866,-0.05900346487760544,0.07350388169288635,0.05099599808454513,0.766680141071279,0.6396585378097078,-0.006587697516778866,0.02120918176058907,True,True,-0.004526183257905103,0.004571209182189527,-0.004086720785367137,nan,0.04933002570905831,0.027744429913599836,0.03206295582570799,nan,0.0613742149740748,0.03643748501029721,0.04016503321348573,nan,0.05046372538984567,0.03175581372806102,0.032667938702607535,nan,-0.017271531302600174,0.8348585969240014,-0.017840855533066906,nan,-7.690801742121778e-05,0.005092339676849758,-0.00011282536681459026,nan
16.614,17.832762329999923,ABORT,-0.018746336922049522,-0.00287391128949821,0.23355446755886078,-0.0608162097632885,-0.04038919135928154,0.635478675365448,-0.007871218362246643,0.020261274859018113,-0.006587697516778866,-0.05900346487760544,0.07350388169288635,0.05099599808454513,0.766680141071279,0.6396585378097078,-0.006587697516778866,0.021215421188266165,True,True,-0.004526183257905103,0.004571209182189527,-0.004086085934683926,nan,0.04933002570905831,0.027744429913599836,0.03205797501334503,nan,0.0613742149740748,0.03643748501029721,0.04015879378580864,nan,0.05046372538984567,0.03175581372806102,0.032662863909321264,nan,-0.017271531302600174,0.8348585969240014,-0.017838084049542804,nan,-7.690801742121778e-05,0.005092339676849758,-0.00011280783998440841,nan
16.634,17.909300491999943,ABORT,-0.02017253078520298,-0.0036592944525182247,0.2448301911354065,-0.062318746000528336,-0.04182444140315056,0.6261223554611206,-0.009019455790795746,0.021816936679719564,-0.005535469310806058,-0.054533302783966064,0.063282310962677,0.04997936636209487,0.7554480535779788,0.6306045623129806,-0.005535469310806058,0.022008661982887062,True,True,-0.0045259189904331976,0.004017871613499514,-0.0040816101566206655,nan,0.04993939084806254,0.0331314686150152,0.03202285965267693,nan,0.06212346700997973,0.03838946944662726,0.040114805027092665,nan,0.051093512778177974,0.030748880730389894,0.03262708597119038,nan,-0.018191445942950857,-0.6016916367503017,-0.017818544738193075,nan,-7.731155932866329e-05,-0.0030343457173412462,-0.00011268427360238979,nan
16.675,17.995089178999933,ABORT,-0.023706607520580292,-0.00567259406670928,0.2723219394683838,-0.0630095899105072,-0.04470895230770111,0.6032711267471313,-0.011135929475291987,0.024678848700325984,-0.0037069963852048213,-0.05636271834373474,0.06747563183307648,0.036395840346813195,0.7280862183441155,0.6081982828024887,-0.0037069963852048213,0.023518487753755306,True,True,-0.004546716848717658,0.004775437815749989,-0.004071062111366434,nan,0.051078271461848956,0.023685004040264787,0.03194010344622285,nan,0.0635296246786643,0.03127366862879842,0.04001113692490899,nan,0.0522835862668698,0.027413085774528667,0.032542768271524816,nan,-0.01723831712368007,0.8343482406789542,-0.01777249653440807,nan,-7.718813361012877e-05,0.005089536561865799,-0.00011239306528709533,nan
16.675,18.070675620999964,ABORT,-0.023706607520580292,-0.00567259406670928,0.2723219394683838,-0.0630095899105072,-0.04470895230770111,0.6032711267471313,-0.011135929475291987,0.024678848700325984,-0.0037069963852048213,-0.05636271834373474,0.06747563183307648,0.036395840346813195,0.7280862183441155,0.6081982828024887,-0.0037069963852048213,0.023518487753755306,True,True,-0.004546716848717658,0.004775437815749989,-0.004071062111366434,nan,0.051078271461848956,0.023685004040264787,0.03194010344622285,nan,0.0635296246786643,0.03127366862879842,0.04001113692490899,nan,0.0522835862668698,0.027413085774528667,0.032542768271524816,nan,-0.01723831712368007,0.8343482406789542,-0.01777249653440807,nan,-7.718813361012877e-05,0.005089536561865799,-0.00011239306528709533,nan
16.701999999999998,18.1512251449999,ABORT,-0.027169154956936836,-0.007731680758297443,0.29895055294036865,-0.06425466388463974,-0.046939458698034286,0.5778550505638123,-0.013394252625049289,0.02729126859068899,-0.002317687910779586,-0.05664842575788498,0.055762305855751045,0.035096786916255944,0.7016183215189274,0.5833081810466046,-0.0023176879107795856,0.02424545424451565,True,True,-0.004543596548416851,0.004697595584942989,-0.004063061377865698,nan,0.05160522464613937,0.028787568738871942,0.0318773325405799,nan,0.06417795850923902,0.033141273755355194,0.03993250426472337,nan,0.05283053228667978,0.026437107120313094,0.03247881296718551,nan,-0.018166410945752887,-0.6408507011904804,-0.017737568792083148,nan,-7.990260077317402e-05,-0.0035290143062470664,-0.00011217218264318229,nan
16.704,18.226914506999947,ABORT,-0.027169154956936836,-0.007731680758297443,0.29895055294036865,-0.06425466388463974,-0.046939458698034286,0.5778550505638123,-0.013394252625049289,0.02729126859068899,-0.002317687910779586,-0.051111433655023575,0.05164606869220734,0.03539932519197463,0.7016183215189274,0.5833081810466046,-0.0023176879107795856,0.024852486747740828,True,True,-0.004517210173468733,0.006415801924620622,-0.00406243431497516,nan,0.05209044815890351,0.020797726940365836,0.03187241282846469,nan,0.06477882812462621,0.027702775521781214,0.03992634137688538,nan,0.05334122974117861,0.02456371428814423,0.03247380042702272,nan,-0.017125749783986954,0.8798693559059922,-0.017734831306693816,nan,-7.349660100519628e-05,0.006274484491490489,-0.00011215487081681674,nan
16.73,18.30548364699996,ABORT,-0.029219822958111763,-0.009019025601446629,0.3144153952598572,-0.06480592489242554,-0.048698801547288895,0.5624381303787231,-0.014448747784151806,0.028494867747457422,-0.001615867157601453,-0.046226758509874344,0.048088297247886665,0.03058622404932975,0.686266268392379,0.5682499728792061,-0.001615867157601453,0.025494101093883906,True,True,-0.004490429639778526,0.006379763042361014,-0.004053840340873516,nan,0.05254259262379968,0.019061720042739767,0.03180498756834539,nan,0.06533597933434354,0.025632702774443072,0.039841878240459636,nan,0.05381435662444023,0.022832747345510926,0.032405102947084874,nan,-0.017142883676757315,0.8296726060028574,-0.017697313732468693,nan,-7.669650270525352e-05,0.005255177777780513,-0.00011191761010551859,nan
16.73,18.37991861499995,ABORT,-0.029219822958111763,-0.009019025601446629,0.3144153952598572,-0.06480592489242554,-0.048698801547288895,0.5624381303787231,-0.014448747784151806,0.028494867747457422,-0.001615867157601453,-0.046226758509874344,0.048088297247886665,0.03058622404932975,0.686266268392379,0.5682499728792061,-0.001615867157601453,0.025494101093883906,True,True,-0.004490429639778526,0.006379763042361014,-0.004053840340873516,nan,0.05254259262379968,0.019061720042739767,0.03180498756834539,nan,0.06533597933434354,0.025632702774443072,0.039841878240459636,nan,0.05381435662444023,0.022832747345510926,0.032405102947084874,nan,-0.017142883676757315,0.8296726060028574,-0.017697313732468693,nan,-7.669650270525352e-05,0.005255177777780513,-0.00011191761010551859,nan
16.759,18.45400627899994,ABORT,-0.03284420445561409,-0.011327635496854782,0.3393489420413971,-0.06419645994901657,-0.05053631216287613,0.536514163017273,-0.016293435227116338,0.030425505751140995,-0.0005838530032044192,-0.043061763048172,0.03773871064186096,0.02328524366021156,0.6615639632523019,0.5426993195454867,-0.0005838530032044192,0.026128237134010905,True,True,-0.004479093899084852,0.0036717780574244963,-0.004043264322800157,nan,0.05297590840608457,0.024472931418978737,0.03172201189711477,nan,0.0658661723503462,0.027691525653701837,0.03973793521633529,nan,0.05426394251050315,0.021900495145918228,0.03232056164165113,nan,-0.01808416427430881,-0.6307765529595695,-0.017651143411453,nan,-7.953380809944122e-05,-0.003479182504653306,-0.00011162562952225072,nan
16.78,18.526401497999927,ABORT,-0.034407444298267365,-0.012338386848568916,0.3491029739379883,-0.06354226171970367,-0.050342902541160583,0.5276212096214294,-0.01716662745997092,0.031263084363591424,-0.00022680588405547383,-0.04436805099248886,0.036458536982536316,0.018264649435877797,0.6519225771129072,0.5338128583156315,-0.00022680588405547383,0.026703584977258846,True,True,-0.004487649858626597,0.003949032208124606,-0.004034935910297571,nan,0.053376678917613773,0.01672552916082943,0.03165667013872383,nan,0.06635966704473706,0.022675883812879834,0.03965608206747821,nan,0.054686375917740726,0.020409204260809166,0.03225398697618862,nan,-0.017096875667847122,0.8278785901490106,-0.017614785164319885,nan,-7.520285542650385e-05,0.0051577979103382765,-0.00011139570038225369,nan
16.793,18.61625298099989,ABORT,-0.034407444298267365,-0.012338386848568916,0.3491029739379883,-0.06354226171970367,-0.050342902541160583,0.5276212096214294,-0.01716662745997092,0.031263084363591424,-0.00022680588405547383,-0.04696017876267433,0.03909783810377121,0.017867118120193478,0.6519225771129072,0.5338128583156315,-0.00022680588405547383,0.027240161208385127,True,True,-0.004492637005290234,0.004956076155426682,-0.004029492420701831,nan,0.05377170849603097,0.022458282250555094,0.03161396245801542,nan,0.06684274367266241,0.02503945388402494,0.03960258246427728,nan,0.05509660607766165,0.019152584827465874,0.03221047346161757,nan,-0.017868861966463534,-0.49864501210048273,-0.017591021242933068,nan,-8.256398065142889e-05,-0.004750869459992285,-0.00011124541761456626,nan
16.824,18.70515340099996,ABORT,-0.038171447813510895,-0.014856110326945782,0.37270495295524597,-0.06215696409344673,-0.052313026040792465,0.5038350820541382,-0.019033595051706168,0.032975379021082316,0.0004329509860672226,-0.04736275598406792,0.02802754938602448,0.01727722398936748,0.6286309246999436,0.5103429540880904,0.00043295098606722254,0.028287214468718208,True,True,-0.004455840116547982,0.006765737220299273,-0.004015606633076225,nan,0.05451033232432945,0.014145010898947659,0.03150501951362853,nan,0.06775332489331642,0.019581914785747154,0.039466110424598216,nan,0.055875775372804526,0.017871324747664757,0.03209947491710849,nan,-0.016987318680040886,0.832511108970606,-0.01753040189945398,nan,-7.723476426946263e-05,0.005374491043786485,-0.00011086206157811322,nan
16.824,18.784170787999983,ABORT,-0.038171447813510895,-0.014856110326945782,0.37270495295524597,-0.06215696409344673,-0.052313026040792465,0.5038350820541382,-0.019033595051706168,0.032975379021082316,0.0004329509860672226,-0.04736275598406792,0.02802754938602448,0.01727722398936748,0.6286309246999436,0.5103429540880904,0.00043295098606722254,0.028287214468718208,True,True,-0.004455840116547982,0.006765737220299273,-0.004015606633076225,nan,0.05451033232432945,0.014145010898947659,0.03150501951362853,nan,0.06775332489331642,0.019581914785747154,0.039466110424598216,nan,0.055875775372804526,0.017871324747664757,0.03209947491710849,nan,-0.016987318680040886,0.832511108970606,-0.01753040189945398,nan,-7.723476426946263e-05,0.005374491043786485,-0.00011086206157811322,nan
16.858,18.85622389799994,ABORT,-0.0403313972055912,-0.016357656568288803,0.38635358214378357,-0.060913775116205215,-0.05144161731004715,0.4899612069129944,-0.0199650434060141,0.033648259637469716,0.000793730099826591,-0.03779637813568115,0.022040516138076782,0.013838725164532658,0.6151878742926646,0.4964057939529101,0.0007937300998265909,0.02885648669895486,True,True,-0.004421411414988974,0.005059775414332439,-0.003998880413335494,nan,0.05484254643896769,0.019601436916180544,0.03137379155046589,nan,0.06815820880178958,0.021505383108980834,0.03930172210283472,nan,0.05622296316495934,0.016779179917803838,0.03196577086686532,nan,-0.017864901786055043,-0.6026995089288438,-0.017457382457783978,nan,-7.753169790625236e-05,-0.002815012613738191,-0.00011040028746219455,nan
16.858,18.931085826999947,ABORT,-0.0403313972055912,-0.016357656568288803,0.38635358214378357,-0.060913775116205215,-0.05144161731004715,0.4899612069129944,-0.0199650434060141,0.033648259637469716,0.000793730099826591,-0.03779637813568115,0.022040516138076782,0.013838725164532658,0.6151878742926646,0.4964057939529101,0.0007937300998265909,0.02885648669895486,True,True,-0.004421411414988974,0.005059775414332439,-0.003998880413335494,nan,0.05484254643896769,0.019601436916180544,0.03137379155046589,nan,0.06815820880178958,0.021505383108980834,0.03930172210283472,nan,0.05622296316495934,0.016779179917803838,0.03196577086686532,nan,-0.017864901786055043,-0.6026995089288438,-0.017457382457783978,nan,-7.753169790625236e-05,-0.002815012613738191,-0.00011040028746219455,nan
16.868,19.00212730699991,ABORT,-0.04174099117517471,-0.01733432151377201,0.3951956331729889,-0.06123165786266327,-0.05099310725927353,0.48137423396110535,-0.020746914890555915,0.03417454789279504,0.00101936929652197,-0.03805331885814667,0.02422723732888699,0.017030609771609303,0.6064908170612732,0.487924959429426,0.00101936929652197,0.02928547081810532,True,True,-0.004410243801238778,0.004405120847124178,-0.003993657702410088,nan,0.055151185589867424,0.01829606715479177,0.03133281602057618,nan,0.0685358631705606,0.02005274182481443,0.039250392352455275,nan,0.05654650579071596,0.01543318082511591,0.031924022186362484,nan,-0.017846868616649303,-0.6354454006092407,-0.01743458236058997,nan,-7.999737451580557e-05,-0.0034776324196568384,-0.00011025609990770457,nan
16.868,19.081346888999974,ABORT,-0.04174099117517471,-0.01733432151377201,0.3951956331729889,-0.06123165786266327,-0.05099310725927353,0.48137423396110535,-0.020746914890555915,0.03417454789279504,0.00101936929652197,-0.03805331885814667,0.02422723732888699,0.017030609771609303,0.6064908170612732,0.487924959429426,0.00101936929652197,0.02928547081810532,True,True,-0.004410243801238778,0.004405120847124178,-0.003993657702410088,nan,0.055151185589867424,0.01829606715479177,0.03133281602057618,nan,0.0685358631705606,0.02005274182481443,0.039250392352455275,nan,0.05654650579071596,0.01543318082511591,0.031924022186362484,nan,-0.017846868616649303,-0.6354454006092407,-0.01743458236058997,nan,-7.999737451580557e-05,-0.0034776324196568384,-0.00011025609990770457,nan
16.907,19.157605142999955,ABORT,-0.045142076909542084,-0.01972176507115364,0.4165934920310974,-0.059262510389089584,-0.0493207685649395,0.45898008346557617,-0.022192168506166735,0.03520614899108683,0.0014930754536329552,-0.030243640765547752,0.018473248928785324,0.011029361747205256,0.5854826288334248,0.465410894122087,0.0014930754536329552,0.03018757762612108,True,True,-0.0043627594211193,0.006189473374779257,-0.003971949892824686,nan,0.0557153154509713,0.016505870461178365,0.031162504277649734,nan,0.06922462168815446,0.01780203520408142,0.039037044062033385,nan,0.05714199631771688,0.013698348237669196,0.03175049690040633,nan,-0.017769135920897128,-0.6343535899131595,-0.017339815452084944,nan,-7.88549093675428e-05,-0.003098322018325477,-0.00010965679505967487,nan
16.914,19.23463966399993,ABORT,-0.045142076909542084,-0.01972176507115364,0.4165934920310974,-0.059262510389089584,-0.0493207685649395,0.45898008346557617,-0.022192168506166735,0.03520614899108683,0.0014930754536329552,-0.030243640765547752,0.018473248928785324,0.011029361747205256,0.5854826288334248,0.465410894122087,0.0014930754536329552,0.030228110928588695,True,True,-0.0043627594211193,0.006189473374779257,-0.003967825701296858,nan,0.0557153154509713,0.016505870461178365,0.03113014733972361,nan,0.06922462168815446,0.01780203520408142,0.03899651075956577,nan,0.05714199631771688,0.013698348237669196,0.03171752943257459,nan,-0.017769135920897128,-0.6343535899131595,-0.017321811015495556,nan,-7.88549093675428e-05,-0.003098322018325477,-0.00010954293520812667,nan
16.931,19.309316396999975,ABORT,-0.047089457511901855,-0.02109084650874138,0.4288943111896515,-0.05745771527290344,-0.0488797090947628,0.4457847476005554,-0.022876973894782122,0.03561944122405621,0.0016841336225533838,-0.027329804375767708,0.01751868799328804,0.002516850363463161,0.5734317296825866,0.45212239072939264,0.001684133622553384,0.030636634800853275,True,True,-0.004318753118306873,0.008380852138023627,-0.003957518102696108,nan,0.05596507094859593,0.008828472136120945,0.031049277592079406,nan,0.06953184061156303,0.012977248608538296,0.03889520581070976,nan,0.05741042740525337,0.012198347321711135,0.03163513378654317,nan,-0.01664206883853403,1.0023646755212319,-0.017276812497811822,nan,-8.020836595079572e-05,0.006867461458000931,-0.00010925836509575902,nan
16.972,19.38382462499999,ABORT,-0.050416234880685806,-0.02324300818145275,0.44901975989341736,-0.054652661085128784,-0.04685080423951149,0.42662331461906433,-0.023842256581318184,0.036355542543204215,0.0018388694740752894,-0.015312176197767258,0.009455116465687754,0.007398752495646476,0.5537700417653297,0.43265386141595,0.0018388694740752891,0.031478369212571106,True,True,-0.004247343760693134,0.0052054207060410335,-0.003930943468590997,nan,0.05644386006856372,0.014446834026656788,0.030840782477255947,nan,0.07011239469863284,0.015265569615714392,0.038634025486061735,nan,0.05791313217005545,0.011479718900947268,0.03142270466217077,nan,-0.01759988472714813,-0.6418091972684293,-0.017160799138247102,nan,-8.033933683471162e-05,-0.003373822841966266,-0.00010852469793366456,nan
16.972,19.458173140999975,ABORT,-0.050416234880685806,-0.02324300818145275,0.44901975989341736,-0.054652661085128784,-0.04685080423951149,0.42662331461906433,-0.023842256581318184,0.036355542543204215,0.0018388694740752894,-0.015312176197767258,0.009455116465687754,0.007398752495646476,0.5537700417653297,0.43265386141595,0.0018388694740752891,0.031478369212571106,True,True,-0.004247343760693134,0.0052054207060410335,-0.003930943468590997,nan,0.05644386006856372,0.014446834026656788,0.030840782477255947,nan,0.07011239469863284,0.015265569615714392,0.038634025486061735,nan,0.05791313217005545,0.011479718900947268,0.03142270466217077,nan,-0.01759988472714813,-0.6418091972684293,-0.017160799138247102,nan,-8.033933683471162e-05,-0.003373822841966266,-0.00010852469793366456,nan
16.994,19.536174323999944,ABORT,-0.05183418467640877,-0.024037225171923637,0.457006573677063,-0.05358352139592171,-0.0465833880007267,0.41905081272125244,-0.024169852869684618,0.036684508131175665,0.001934761469565503,-0.0007073752349242568,0.004927776753902436,0.010233646258711815,0.5459912379562117,0.42502328106252674,0.0019347614695655031,0.031884503306259214,True,True,-0.004225329946136114,0.006353785516482271,-0.0039156750491712265,nan,0.05665216396456163,0.007119059518517369,0.030720991896226443,nan,0.07036846799655816,0.010735863074103968,0.038483964690298945,nan,0.058138878931875304,0.010404065800591153,0.03130065380137384,nan,-0.016493737245263596,0.9432763338400303,-0.017094143822312197,nan,-7.827250241110306e-05,0.00452598667608267,-0.00010810317047627556,nan
17.0,19.62369111099997,ABORT,-0.05387308821082115,-0.025206301361322403,0.46891161799430847,-0.05185180902481079,-0.045298557728528976,0.40732160210609436,-0.02427672602214076,0.036920402989382754,0.002102365755112425,-0.0007073752349242568,0.004927776753902436,0.010233646258711815,0.5344085859743573,0.41309981478294777,0.002102365755112425,0.0319266387696248,True,True,-0.004225329946136114,0.006353785516482271,-0.0039113878406179066,nan,0.05665216396456163,0.007119059518517369,0.03068735598477566,nan,0.07036846799655816,0.010735863074103968,0.03844182922693336,nan,0.058138878931875304,0.010404065800591153,0.03126638322758602,nan,-0.016493737245263596,0.9432763338400303,-0.01707542772389075,nan,-7.827250241110306e-05,0.00452598667608267,-0.00010798481008342199,nan
17.016,19.7013222999999,ABORT,-0.05387308821082115,-0.025206301361322403,0.46891161799430847,-0.05185180902481079,-0.045298557728528976,0.40732160210609436,-0.02427672602214076,0.036920402989382754,0.002102365755112425,-0.00697751622647047,-0.0003356325905770059,0.0037406771443784237,0.5344085859743573,0.41309981478294777,0.002102365755112425,0.0322771450854076,True,True,-0.004219631191100248,0.004896904210787478,-0.003899696493884645,nan,0.05684706272736939,0.005707888946317024,0.030595629842095733,nan,0.07060406963582544,0.009004578513271059,0.03832692455041784,nan,0.0583462922882072,0.009049586399298804,0.03117292634161508,nan,-0.0165163034024296,0.8412022130522291,-0.01702438836030076,nan,-7.796613670407737e-05,0.005341482829209721,-0.0001076620377304734,nan
17.016,19.777697088999957,ABORT,-0.05387308821082115,-0.025206301361322403,0.46891161799430847,-0.05185180902481079,-0.045298557728528976,0.40732160210609436,-0.02427672602214076,0.036920402989382754,0.002102365755112425,-0.00697751622647047,-0.0003356325905770059,0.0037406771443784237,0.5344085859743573,0.41309981478294777,0.002102365755112425,0.0322771450854076,True,True,-0.004219631191100248,0.004896904210787478,-0.003899696493884645,nan,0.05684706272736939,0.005707888946317024,0.030595629842095733,nan,0.07060406963582544,0.009004578513271059,0.03832692455041784,nan,0.0583462922882072,0.009049586399298804,0.03117292634161508,nan,-0.0165163034024296,0.8412022130522291,-0.01702438836030076,nan,-7.796613670407737e-05,0.005341482829209721,-0.0001076620377304734,nan
17.056,19.85892257699993,ABORT,-0.057071756571531296,-0.02707565948367119,0.4881690442562103,-0.04939328134059906,-0.04384207725524902,0.38952314853668213,-0.024640459244544315,0.037083490125819,0.00219280291059255,-0.009378273971378803,-0.002908630296587944,-0.0005337854381650683,0.5157142658413058,0.395082405613787,0.00219280291059255,0.032972158984318954,True,True,-0.004195832912929021,0.0060116578955796,-0.0038688151396874286,nan,0.057174046307996385,0.004140388801501729,0.030353345735237073,nan,0.07099557598378059,0.007009149808244099,0.038023416999461636,nan,0.058695328938430436,0.007454756927779551,0.030926070674455144,nan,-0.01642597742743046,0.8328825664825908,-0.016889573723374563,nan,-7.612142405388767e-05,0.005507123585295148,-0.00010680947150488056,nan
17.086,19.931908951999958,ABORT,-0.06002337113022804,-0.028847161680459976,0.5066573023796082,-0.04522554948925972,-0.041108015924692154,0.37234562635421753,-0.024850483385609988,0.037154198631260404,0.002222434203761046,0.0018135248683393002,0.0023019327782094487,0.007509108632802963,0.4978172165707219,0.3773280863717738,0.0022224342037610464,0.03353866379860643,True,True,-0.004166857728021611,0.0038282249242368657,-0.0038440989043293013,nan,0.057447006989682414,0.009442308728657629,0.030159430955127072,nan,0.07131916515342063,0.008975782675737742,0.0377805013548142,nan,0.058986057072896614,0.006294598643219528,0.030728496995203657,nan,-0.01719498461414304,-0.6403065507387858,-0.016781673329023052,nan,-8.128361584436306e-05,-0.003442327567689682,-0.00010612711064221988,nan
17.11,20.010339795999926,ABORT,-0.06112757325172424,-0.029517564922571182,0.5140283107757568,-0.04410975053906441,-0.03945169597864151,0.3657974302768707,-0.024839626422294443,0.03728380010763144,0.0023421051280961658,-0.002889584982767701,0.0069990577176213264,-0.0021863281726837167,0.4906896672827618,0.3705534595781987,0.0023421051280961658,0.03387201116354103,True,True,-0.004170451949070397,0.004935646344614859,-0.0038233643124162857,nan,0.057553857788041896,0.0021441674036463045,0.029996754731453676,nan,0.07144872918776013,0.004675208219510415,0.0375767180242191,nan,0.05910566541643192,0.0054189515579042054,0.03056275130000879,nan,-0.01623616052597221,0.8377869942812148,-0.016691155067980665,nan,-7.776931574632329e-05,0.0053152722197041475,-0.00010555467419226392,nan
17.111,20.085487299999954,ABORT,-0.06112757325172424,-0.029517564922571182,0.5140283107757568,-0.04410975053906441,-0.03945169597864151,0.3657974302768707,-0.024839626422294443,0.03728380010763144,0.0023421051280961658,-0.002889584982767701,0.0069990577176213264,-0.0021863281726837167,0.4906896672827618,0.3705534595781987,0.0023421051280961658,0.033880684462560484,True,True,-0.004170451949070397,0.004935646344614859,-0.003822481819647212,nan,0.057553857788041896,0.0021441674036463045,0.02998983100748099,nan,0.07144872918776013,0.004675208219510415,0.037568044725199645,nan,0.05910566541643192,0.0054189515579042054,0.030555696935103602,nan,-0.01623616052597221,0.8377869942812148,-0.016687302486209386,nan,-7.776931574632329e-05,0.0053152722197041475,-0.00010553031050910297,nan
17.141,20.165831210999954,ABORT,-0.06371554732322693,-0.031099582090973854,0.5321094393730164,-0.04083888605237007,-0.036973461508750916,0.34932199120521545,-0.024947428435568988,0.03760824226519967,0.002342464692397523,-0.0008670211536809802,-0.003122185356914997,0.00011819787323474922,0.4732319005527466,0.35363923002053116,0.002342464692397523,0.03427005494537564,True,True,-0.004156407565310438,0.005483594102280987,-0.0037953174502015053,nan,0.05765760847746915,0.00855408296150255,0.02977670903920523,nan,0.07157112332002136,0.007814264796515919,0.03730106837464572,nan,0.059215784942897365,0.005392037483484973,0.030338553655062363,nan,-0.017004342618625934,-0.6107511368294034,-0.01656871459719505,nan,-7.881319350655502e-05,-0.002764717666081641,-0.00010478036205214628,nan
17.141,20.24487693499998,ABORT,-0.06371554732322693,-0.031099582090973854,0.5321094393730164,-0.04083888605237007,-0.036973461508750916,0.34932199120521545,-0.024947428435568988,0.03760824226519967,0.002342464692397523,-0.0008670211536809802,-0.003122185356914997,0.00011819787323474922,0.4732319005527466,0.35363923002053116,0.002342464692397523,0.03427005494537564,True,True,-0.004156407565310438,0.005483594102280987,-0.0037953174502015053,nan,0.05765760847746915,0.00855408296150255,0.02977670903920523,nan,0.07157112332002136,0.007814264796515919,0.03730106837464572,nan,0.059215784942897365,0.005392037483484973,0.030338553655062363,nan,-0.017004342618625934,-0.6107511368294034,-0.01656871459719505,nan,-7.881319350655502e-05,-0.002764717666081641,-0.00010478036205214628,nan
17.183,20.322321139999985,ABORT,-0.06664770096540451,-0.032411128282547,0.5497105717658997,-0.03727295994758606,-0.03449486196041107,0.33321696519851685,-0.02491425558447803,0.03758987946614288,0.00242291004546847,0.0025493160355836153,-0.005447810981422663,0.0012098847655579454,0.4563474185967471,0.3370648527227835,0.00242291004546847,0.03491633595655999,True,True,-0.004066207465887928,0.005106768118634827,-0.003755050234970621,nan,0.057872568704484095,0.006251549851426328,0.029460786809383473,nan,0.07182165083540681,0.004999282585614771,0.03690531487884682,nan,0.0594562305955284,0.0029929639874309334,0.03001667041713789,nan,-0.01681836897504496,-0.632428268027337,-0.016392925350172,nan,-7.975478092525634e-05,-0.0034523895802378614,-0.00010366867285984966,nan
17.196,20.39890741699992,ABORT,-0.06664770096540451,-0.032411128282547,0.5497105717658997,-0.03727295994758606,-0.03449486196041107,0.33321696519851685,-0.02491425558447803,0.03758987946614288,0.00242291004546847,0.004036270547658205,-0.007682179100811481,0.0045547978952527055,0.4563474185967471,0.3370648527227835,0.00242291004546847,0.03504400884164079,True,True,-0.004066207465887928,0.005106768118634827,-0.0037420597456956782,nan,0.057872568704484095,0.006251549851426328,0.02935886805700181,nan,0.07182165083540681,0.004999282585614771,0.03677764199376602,nan,0.0594562305955284,0.0029929639874309334,0.029912828601256995,nan,-0.01681836897504496,-0.632428268027337,-0.01633621449209529,nan,-7.975478092525634e-05,-0.0034523895802378614,-0.00010331003404048272,nan
17.214,20.473843401999943,ABORT,-0.06836054474115372,-0.03311821445822716,0.5599589347839355,-0.035732466727495193,-0.03330289199948311,0.322386234998703,-0.024887839632598472,0.03752201238066616,0.002495495403113984,0.015425994992256165,-0.011561175808310509,0.0026577378157526268,0.44654912303429406,0.32606560123784867,0.002495495403113984,0.03527066051990197,True,True,-0.00404458870922042,0.006456404222704153,-0.0037236637317913024,nan,0.05791137314474071,-0.0018583033374959743,0.029214539483516423,nan,0.071867503151962,-0.00029028645801276384,0.03659684263206003,nan,0.059506425606928204,0.0011309596498925868,0.029765776750601512,nan,-0.015695170673909686,1.0110814140933861,-0.01625590545125565,nan,-8.092720438757084e-05,0.006890749298885453,-0.00010280216058259464,nan
17.251,20.54876939099995,ABORT,-0.07100026309490204,-0.03423126041889191,0.5763739347457886,-0.03316276893019676,-0.030032014474272728,0.3063901960849762,-0.02446450846939543,0.0372823990049279,0.002598260310765549,0.002108821179717779,-0.0076918499544262895,-0.004846057388931512,0.4308965765844244,0.30963953783955095,0.002598260310765549,0.03570268174828509,True,True,-0.004031420140320208,0.005037662976856148,-0.0036843660327291854,nan,0.05796123008217613,0.003982633679526589,0.028906223732268584,nan,0.07191329946532399,0.0022078595926824382,0.0362106177170389,nan,0.05956418548930831,0.0006147198242891462,0.029451643514802426,nan,-0.01652939483716942,-0.638474538424443,-0.01608434869253126,nan,-8.062731059954586e-05,-0.0032897115560489056,-0.00010171723759800311,nan
17.251,20.635634013999947,ABORT,-0.07100026309490204,-0.03423126041889191,0.5763739347457886,-0.03316276893019676,-0.030032014474272728,0.3063901960849762,-0.02446450846939543,0.0372823990049279,0.002598260310765549,0.002108821179717779,-0.0076918499544262895,-0.004846057388931512,0.4308965765844244,0.30963953783955095,0.002598260310765549,0.03570268174828509,True,True,-0.004031420140320208,0.005037662976856148,-0.0036843660327291854,nan,0.05796123008217613,0.003982633679526589,0.028906223732268584,nan,0.07191329946532399,0.0022078595926824382,0.0362106177170389,nan,0.05956418548930831,0.0006147198242891462,0.029451643514802426,nan,-0.01652939483716942,-0.638474538424443,-0.01608434869253126,nan,-8.062731059954586e-05,-0.0032897115560489056,-0.00010171723759800311,nan
17.274,20.713489892999974,ABORT,-0.0719883143901825,-0.03464468941092491,0.582586407661438,-0.03229709342122078,-0.029413260519504547,0.3014829456806183,-0.024421008678768088,0.03722960609837526,0.0025233249921803934,0.013862107880413532,-0.00992309208959341,0.0013809471856802715,0.424990210454432,0.3046312667375264,0.0025233249921803934,0.03595243274933693,True,True,-0.004001125979661069,0.006843753886586373,-0.0036589395062198225,nan,0.05796403265782768,-0.0028473110057008286,0.028706736260751087,nan,0.0719131539514466,-0.0017282736267292534,0.03596072120210966,nan,0.059575802750303275,0.00018431110609846112,0.02924839199529509,nan,-0.015502522772099958,0.8890076803054694,-0.015973347474198582,nan,-7.484939977153715e-05,0.006641745510801945,-0.00010101526715986807,nan
17.274,20.788985669999988,ABORT,-0.0719883143901825,-0.03464468941092491,0.582586407661438,-0.03229709342122078,-0.029413260519504547,0.3014829456806183,-0.024421008678768088,0.03722960609837526,0.0025233249921803934,0.013862107880413532,-0.00992309208959341,0.0013809471856802715,0.424990210454432,0.3046312667375264,0.0025233249921803934,0.03595243274933693,True,True,-0.004001125979661069,0.006843753886586373,-0.0036589395062198225,nan,0.05796403265782768,-0.0028473110057008286,0.028706736260751087,nan,0.0719131539514466,-0.0017282736267292534,0.03596072120210966,nan,0.059575802750303275,0.00018431110609846112,0.02924839199529509,nan,-0.015502522772099958,0.8890076803054694,-0.015973347474198582,nan,-7.484939977153715e-05,0.006641745510801945,-0.00010101526715986807,nan
17.297,20.86099586299997,ABORT,-0.0734182670712471,-0.03524703159928322,0.5916626453399658,-0.03143972530961037,-0.028133565559983253,0.2918136715888977,-0.02418183433613949,0.03714326535281356,0.0025333690591739567,0.016774125397205353,-0.009843748062849045,-0.0011238397564738976,0.4163796229248741,0.29484771114060676,0.0025333690591739563,0.036197105408959235,True,True,-0.0039825514923501615,0.005205062977176508,-0.003632755186381771,nan,0.05795895350520297,-0.003806893175245415,0.028501303412659353,nan,0.0719004823658409,-0.0028075920602169072,0.035703376956881666,nan,0.059576013148667784,-0.0007382718519103951,0.029039082918320285,nan,-0.015450219799565623,0.8440771219021419,-0.015859038057921607,nan,-7.828597219550204e-05,0.005477483615822233,-0.00010029237571568214,nan
17.297,20.93258059099992,ABORT,-0.0734182670712471,-0.03524703159928322,0.5916626453399658,-0.03143972530961037,-0.028133565559983253,0.2918136715888977,-0.02418183433613949,0.03714326535281356,0.0025333690591739567,0.016774125397205353,-0.009843748062849045,-0.0011238397564738976,0.4163796229248741,0.29484771114060676,0.0025333690591739563,0.036197105408959235,True,True,-0.0039825514923501615,0.005205062977176508,-0.003632755186381771,nan,0.05795895350520297,-0.003806893175245415,0.028501303412659353,nan,0.0719004823658409,-0.0028075920602169072,0.035703376956881666,nan,0.059576013148667784,-0.0007382718519103951,0.029039082918320285,nan,-0.015450219799565623,0.8440771219021419,-0.015859038057921607,nan,-7.828597219550204e-05,0.005477483615822233,-0.00010029237571568214,nan
17.327,21.0066252659999,ABORT,-0.07560548186302185,-0.03618834167718887,0.6063346266746521,-0.02777283824980259,-0.026221588253974915,0.27731284499168396,-0.023572702430385742,0.037053379236609146,0.0024998640521959,0.010109026916325092,-0.001876925583928824,-0.0030738571658730503,0.40249001368539594,0.27993091332039843,0.0024998640521959,0.036469713231982684,True,True,-0.003994517286303179,0.004968449338683581,-0.003597474832153451,nan,0.0579104555507417,-0.00479355362624277,0.028224506318228954,nan,0.07182634846761982,-0.004010459381843414,0.03535663523563713,nan,0.05953527955103599,-0.0017515344720942664,0.02875706305205886,nan,-0.015287509169833235,0.8373907792802382,-0.015705019289329287,nan,-7.732054272047151e-05,0.00554397668483326,-9.931836278056519e-05,nan
17.327,21.08163471399996,ABORT,-0.07560548186302185,-0.03618834167718887,0.6063346266746521,-0.02777283824980259,-0.026221588253974915,0.27731284499168396,-0.023572702430385742,0.037053379236609146,0.0024998640521959,0.010109026916325092,-0.001876925583928824,-0.0030738571658730503,0.40249001368539594,0.27993091332039843,0.0024998640521959,0.036469713231982684,True,True,-0.003994517286303179,0.004968449338683581,-0.003597474832153451,nan,0.0579104555507417,-0.00479355362624277,0.028224506318228954,nan,0.07182634846761982,-0.004010459381843414,0.03535663523563713,nan,0.05953527955103599,-0.0017515344720942664,0.02875706305205886,nan,-0.015287509169833235,0.8373907792802382,-0.015705019289329287,nan,-7.732054272047151e-05,0.00554397668483326,-9.931836278056519e-05,nan
17.355,21.15737504799995,ABORT,-0.07639891654253006,-0.03654717653989792,0.6120926737785339,-0.02584484964609146,-0.025240594521164894,0.27127236127853394,-0.023398075599340606,0.03707702203789881,0.002406197354873948,0.010598516091704369,-0.0008983498555608096,-0.0021616893354803324,0.39704481396713626,0.27366720274567496,0.002406197354873948,0.036755296170116816,True,True,-0.003986287422959478,0.0050193713082795025,-0.003563410075759777,nan,0.05787686880245957,0.001752097343379654,0.02795724637148274,nan,0.07177713680053888,-0.0006428298979138693,0.03502184063042206,nan,0.05950228421465109,-0.001855016631800259,0.02848476028604353,nan,-0.015882333742725407,-0.564519913033525,-0.015556307295164004,nan,-7.946026777894133e-05,-0.0027416626797760885,-9.837790982637086e-05,nan
17.356,21.230007971999953,ABORT,-0.07639891654253006,-0.03654717653989792,0.6120926737785339,-0.02584484964609146,-0.025240594521164894,0.27127236127853394,-0.023398075599340606,0.03707702203789881,0.002406197354873948,0.010598516091704369,-0.0008983498555608096,-0.0021616893354803324,0.39704481396713626,0.27366720274567496,0.002406197354873948,0.03676745055088653,True,True,-0.003986287422959478,0.0050193713082795025,-0.0035621733891059697,nan,0.05787686880245957,0.001752097343379654,0.02794754376843404,nan,0.07177713680053888,-0.0006428298979138693,0.035009686249652346,nan,0.05950228421465109,-0.001855016631800259,0.028474874608522924,nan,-0.015882333742725407,-0.564519913033525,-0.015550908456072954,nan,-7.946026777894133e-05,-0.0027416626797760885,-9.834376762956354e-05,nan
17.38,21.305919013999983,ABORT,-0.07857600599527359,-0.037116639316082,0.6260915398597717,-0.02175614796578884,-0.023098813369870186,0.25875920057296753,-0.0231158226714348,0.037170124100150234,0.002389021119445387,0.005635788664221764,-0.0020962511189281936,0.002670671092346311,0.38387415932402386,0.26069754320776906,0.002389021119445387,0.03700652790397879,True,True,-0.003975868396042692,0.005269585231835105,-0.0035320813911399553,nan,0.057835055898550536,0.001192801512243795,0.027711452669441836,nan,0.07172046453890513,-0.0012085313350772985,0.034713936634926335,nan,0.05946455309798271,-0.002297607449695139,0.02823432880257684,nan,-0.01587160283462996,-0.6496286046921576,-0.015419539807073173,nan,-8.20199178432901e-05,-0.0034254365490593575,-9.751299379229624e-05,nan
17.38,21.38036815199996,ABORT,-0.07857600599527359,-0.037116639316082,0.6260915398597717,-0.02175614796578884,-0.023098813369870186,0.25875920057296753,-0.0231158226714348,0.037170124100150234,0.002389021119445387,0.005635788664221764,-0.0020962511189281936,0.002670671092346311,0.38387415932402386,0.26069754320776906,0.002389021119445387,0.03700652790397879,True,True,-0.003975868396042692,0.005269585231835105,-0.0035320813911399553,nan,0.057835055898550536,0.001192801512243795,0.027711452669441836,nan,0.07172046453890513,-0.0012085313350772985,0.034713936634926335,nan,0.05946455309798271,-0.002297607449695139,0.02823432880257684,nan,-0.01587160283462996,-0.6496286046921576,-0.015419539807073173,nan,-8.20199178432901e-05,-0.0034254365490593575,-9.751299379229624e-05,nan
17.403,21.46475688599992,ABORT,-0.07990634441375732,-0.03733598068356514,0.6344940066337585,-0.02058558538556099,-0.021394990384578705,0.2501956522464752,-0.02299608464926421,0.03707825231306273,0.0024933914246494993,0.010472143068909645,-0.01338974293321371,-0.00012834837252739654,0.37599684907963854,0.251951138799295,0.0024933914246494993,0.03715244433141784,True,True,-0.003927591100820749,0.004554169845430606,-0.003502508917453465,nan,0.05772532977412759,0.0004989528058761158,0.027479437572921935,nan,0.0715757373304795,-0.0021088868533143445,0.03442329299906167,nan,0.05936217532102628,-0.0030544651527939747,0.027997935907536433,nan,-0.015681736481647945,-0.6355808808960354,-0.0152904391763951,nan,-8.036003492239985e-05,-0.003520865619415968,-9.669656287701576e-05,nan
17.448,21.540256151999984,ABORT,-0.0818999782204628,-0.03767384588718414,0.6478582620620728,-0.017494771629571915,-0.020227301865816116,0.2393781542778015,-0.022616068320436042,0.03691121434545614,0.0023605019679563883,0.005736183375120163,-0.010529013350605965,0.0016134944744408144,0.3634979074140419,0.24086741481692509,0.002360501967956388,0.03755532199859574,True,True,-0.0039011058484952343,0.006063260476913296,-0.0034426123989131007,nan,0.05758067214037599,-0.007074103690145545,0.027009510820169516,nan,0.07138994114815933,-0.006731545888412207,0.03383461914956359,nan,0.05922609051925942,-0.004069094599917122,0.02751914229795529,nan,-0.014676090995791924,0.8510544848661497,-0.015028956880359965,nan,-7.910420746437552e-05,0.005525966042999795,-9.504295182058378e-05,nan
17.49,21.61625534599989,ABORT,-0.08362650126218796,-0.03802201896905899,0.6607177257537842,-0.013875346630811691,-0.019731765612959862,0.22754450142383575,-0.02230400995284011,0.03668284402684903,0.002330521430444821,0.010487350635230541,-0.017665576189756393,0.009000479243695738,0.3514989719153139,0.22881950954093042,0.002330521430444821,0.03789126099125444,True,True,-0.0038504527835145907,0.005416703976398858,-0.0033843405198247076,nan,0.05739779226600117,-0.008143631285632265,0.026552330409953577,nan,0.071153173542565,-0.008267042543974222,0.033261912551310564,nan,0.05904673751361589,-0.00532879508282107,0.027053335536465377,nan,-0.014359319800760773,0.8977955431930388,-0.014774567057551709,nan,-7.533714618812581e-05,0.006556892560638741,-9.343419348390853e-05,nan
17.493,21.665859585999897,ABORT,-0.08362650126218796,-0.03802201896905899,0.6607177257537842,-0.013875346630811691,-0.019731765612959862,0.22754450142383575,-0.02230400995284011,0.03668284402684903,0.002330521430444821,0.010487350635230541,-0.017665576189756393,0.009000479243695738,0.3514989719153139,0.22881950954093042,0.002330521430444821,0.037933008190532615,True,True,-0.0038504527835145907,0.005416703976398858,-0.003380092816452619,nan,0.05739779226600117,-0.008143631285632265,0.026519004442085246,nan,0.071153173542565,-0.008267042543974222,0.03322016535203239,nan,0.05904673751361589,-0.00532879508282107,0.027019380754459445,nan,-0.014359319800760773,0.8977955431930388,-0.014756023421666405,nan,-7.533714618812581e-05,0.006556892560638741,-9.33169237421656e-05,nan
17.508,21.74263285899997,ABORT,-0.08423908799886703,-0.03816206380724907,0.6655753254890442,-0.012850048020482063,-0.019105959683656693,0.22230632603168488,-0.022084694717607344,0.036426548815287965,0.0024570061335021038,0.012481029145419598,-0.016045035794377327,-0.0027125822380185106,0.34697612307285375,0.22349555705487298,0.0024570061335021038,0.03800187810770257,True,True,-0.0038469991294247663,0.005191589542338922,-0.003358686378081123,nan,0.05728820401581114,-0.008993204262111358,0.026351057150371907,nan,0.07101165710027235,-0.009172623785850629,0.03300977899256978,nan,0.058938228438329965,-0.00613806316307948,0.026848264533584975,nan,-0.014286209118086646,0.8494225697689314,-0.014662572169544943,nan,-7.876773817461213e-05,0.005465419301134096,-9.272593909009302e-05,nan
17.525,21.817554537999968,ABORT,-0.08508766442537308,-0.03835504502058029,0.6726685166358948,-0.01091071404516697,-0.017472930252552032,0.21461939811706543,-0.02186802276302719,0.03619391038415941,0.0024257166248998203,0.009508133865892887,-0.016524314880371094,0.0008534970693290254,0.34037761400720984,0.21560573512946582,0.0024257166248998203,0.038094650343172866,True,True,-0.00384642289076087,0.003990108351892646,-0.0033340909955268763,nan,0.05717424557303108,-0.00243793983220697,0.026158090538320296,nan,0.07086270145437457,-0.005755632245625086,0.0327680511112017,nan,0.05882145980046882,-0.00610590451935936,0.026651656912989447,nan,-0.01494078868988069,-0.6437130388257382,-0.014555199366269027,nan,-8.181941652640745e-05,-0.0034275801397866193,-9.204691470737421e-05,nan
17.532,21.89194690599993,ABORT,-0.08508766442537308,-0.03835504502058029,0.6726685166358948,-0.01091071404516697,-0.017472930252552032,0.21461939811706543,-0.02186802276302719,0.03619391038415941,0.0024257166248998203,0.009508133865892887,-0.016524314880371094,0.0008534970693290254,0.34037761400720984,0.21560573512946582,0.0024257166248998203,0.03819518904199681,True,True,-0.00384642289076087,0.003990108351892646,-0.0033238613615058188,nan,0.05717424557303108,-0.00243793983220697,0.026077832473001827,nan,0.07086270145437457,-0.005755632245625086,0.03266751241237775,nan,0.05882145980046882,-0.00610590451935936,0.02656988449086886,nan,-0.01494078868988069,-0.6437130388257382,-0.014510541208222283,nan,-8.181941652640745e-05,-0.0034275801397866193,-9.176449702546714e-05,nan
17.571,21.9647457399999,ABORT,-0.08647733926773071,-0.03857537358999252,0.684123694896698,-0.007893877103924751,-0.01488791685551405,0.20295672118663788,-0.021575963966879497,0.0357608649816469,0.002386169901394664,0.002852980513125658,-0.01636703871190548,0.005866593681275846,0.32976390005600675,0.203655085963644,0.002386169901394664,0.038440830064888486,True,True,-0.0038122575437489203,0.006869701919576919,-0.0032657995833845657,nan,0.056919465565161254,-0.0028052854251488426,0.025622300440148123,nan,0.07053770078943078,-0.00640605618680536,0.032096870724542294,nan,0.05856750809046307,-0.007058983022731474,0.026105757209303405,nan,-0.014531084093645674,-0.5160084827384995,-0.014257068595372565,nan,-8.52927096763878e-05,-0.0046934330968694815,-9.016153911410368e-05,nan
17.573,22.03771557899995,ABORT,-0.08647733926773071,-0.03857537358999252,0.684123694896698,-0.007893877103924751,-0.01488791685551405,0.20295672118663788,-0.021575963966879497,0.0357608649816469,0.002386169901394664,0.002852980513125658,-0.01636703871190548,0.005866593681275846,0.32976390005600675,0.203655085963644,0.002386169901394664,0.03847056566909268,True,True,-0.0038122575437489203,0.006869701919576919,-0.0032627740384753704,nan,0.056919465565161254,-0.0028052854251488426,0.025598563092316683,nan,0.07053770078943078,-0.00640605618680536,0.0320671351203381,nan,0.05856750809046307,-0.007058983022731474,0.02608157197110718,nan,-0.014531084093645674,-0.5160084827384995,-0.014243860374779899,nan,-8.52927096763878e-05,-0.0046934330968694815,-9.007801047779062e-05,nan
17.593,22.111722973999917,ABORT,-0.08724301308393478,-0.03856576234102249,0.6887775659561157,-0.007523343898355961,-0.013890719972550869,0.19935476779937744,-0.02154079296254999,0.03555626769681589,0.0024708644473815074,0.011229543015360832,-0.017566677182912827,-0.002015126636251805,0.32551200409371656,0.1999796895914994,0.002470864447381507,0.03859912548743386,True,True,-0.0037709130613086117,0.0063238736765833595,-0.003232266559600712,nan,0.05678587773063892,-0.0034657946523860735,0.025359212278085803,nan,0.07036642757130718,-0.007048951175791813,0.031767302083873315,nan,0.05843382408064013,-0.007166515011250183,0.025837704943680956,nan,-0.014500407119102832,-0.653781234988297,-0.014110677915819232,nan,-8.222472292285232e-05,-0.0033121191578279995,-8.92357661270275e-05,nan
17.605,22.186034260999918,ABORT,-0.08830134570598602,-0.038553670048713684,0.6955080032348633,-0.005879787728190422,-0.01408382412046194,0.19261164963245392,-0.02140768399557591,0.0352646155982506,0.0024095701138573686,0.012759605422616005,-0.013875757344067097,0.002351557835936548,0.3193726494578601,0.19321535544495388,0.0024095701138573686,0.03859470889880698,True,True,-0.003731501185733954,0.006653215020174378,-0.00321374493344499,nan,0.05663819691525074,-0.010721592211556092,0.025213898195612258,nan,0.07017997708098189,-0.011300821395468806,0.031585268182174914,nan,0.05828830739195556,-0.007963916597752689,0.025689648988868916,nan,-0.013684362083185242,0.8430712245639295,-0.014029820506214718,nan,-7.832727728107614e-05,0.005521006385971944,-8.872442479132763e-05,nan
17.617,22.26463344499996,ABORT,-0.08830134570598602,-0.038553670048713684,0.6955080032348633,-0.005879787728190422,-0.01408382412046194,0.19261164963245392,-0.02140768399557591,0.0352646155982506,0.0024095701138573686,0.012759605422616005,-0.013875757344067097,0.002351557835936548,0.3193726494578601,0.19321535544495388,0.0024095701138573686,0.0387783160601131,True,True,-0.003731501185733954,0.006653215020174378,-0.0031950632309187222,nan,0.05663819691525074,-0.010721592211556092,0.025067328210945462,nan,0.07017997708098189,-0.011300821395468806,0.03140166102086879,nan,0.05828830739195556,-0.007963916597752689,0.025540313434755785,nan,-0.013684362083185242,0.8430712245639295,-0.01394826427240587,nan,-7.832727728107614e-05,0.005521006385971944,-8.820866409933364e-05,nan
17.661,22.337282324999933,ABORT,-0.09035386890172958,-0.03859240561723709,0.7101727724075317,-0.0031342736911028624,-0.013782022520899773,0.1821547895669937,-0.02074071712414653,0.03457311446485794,0.002277226130270686,0.013084957376122475,-0.020133126527071,-0.005258210934698579,0.3060278047020772,0.1827023130081639,0.0022772261302706864,0.03907208143979596,True,True,-0.0036868055146532797,0.0051536440155024454,-0.0031252319747745025,nan,0.05633249913187033,-0.004355209862366713,0.0245194570451387,nan,0.06978742820782546,-0.00818839538238672,0.030715346768029506,nan,0.057977075987037274,-0.008134797287482065,0.024982104710682036,nan,-0.014187657844729529,-0.6521049811998914,-0.01364341120854536,nan,-8.225992696697659e-05,-0.0033772139854224836,-8.628077680206447e-05,nan
17.667,22.409722517999967,ABORT,-0.09035386890172958,-0.03859240561723709,0.7101727724075317,-0.0014965557493269444,-0.013490043580532074,0.17839837074279785,-0.02074071712414653,0.03457311446485794,0.002277226130270686,0.017328772693872452,-0.009879782795906067,0.0006759283714927745,0.3060278047020772,0.17891394478519626,0.0022772261302706864,0.03895426867679366,True,True,-0.0036724179104670185,0.0054727144693605435,-0.0031155517001853865,nan,0.05616341462530361,-0.011468624834530879,0.024443509058272826,nan,0.06957447595015065,-0.012205252305701658,0.030620207273356986,nan,0.05780908621659098,-0.008785627877120578,0.024904723692131914,nan,-0.013396455759911774,0.8494713003569756,-0.013601151316192736,nan,-7.886278682001091e-05,0.005469265914218085,-8.601352572504113e-05,nan
17.686,22.485293827999953,ABORT,-0.09107132256031036,-0.03860710561275482,0.7160072922706604,-0.0005401059752330184,-0.012241738848388195,0.1731850951910019,-0.02040564359427906,0.03444542926593889,0.0022436773575826843,0.008939297869801521,-0.010631220415234566,-0.0008004111004993307,0.30072637469986,0.17361805516942358,0.0022436773575826843,0.039050752079385846,True,True,-0.003680185554710391,0.0033987028932007737,-0.003084655378403471,nan,0.056001787401451786,-0.004705600648128326,0.024201107521075217,nan,0.06936730469764907,-0.008487893685271685,0.030316552618263222,nan,0.05764244545553954,-0.008389888991197393,0.02465774837888771,nan,-0.01381419597232636,-0.6472016490523427,-0.013466271337264892,nan,-8.165768848122923e-05,-0.003351524416403278,-8.516054627737547e-05,nan
17.722,22.56476644299994,ABORT,-0.09211241453886032,-0.03859248384833336,0.724981963634491,0.0017616614932194352,-0.00984130147844553,0.1629292368888855,-0.02017608295799524,0.034196136086952114,0.0021976980067726403,0.007510988041758537,-0.012802258133888245,-0.0004393198760226353,0.2925901520012305,0.163235691254091,0.00219769800677264,0.03942061496053466,True,True,-0.00367561743014555,0.006386597802916996,-0.0030251352764745073,nan,0.05582954407658658,-0.011671946449211717,0.02373413399899777,nan,0.06915219322003896,-0.012483275123590393,0.029731578259504305,nan,0.05747226196985533,-0.0091441479659983,0.024181963723290387,nan,-0.012975856707579503,0.9587541397958408,-0.013206432313363322,nan,-7.95612346724539e-05,0.004559094569917462,-8.351732725516528e-05,nan
17.744,22.63988799499998,ABORT,-0.0924634262919426,-0.03857523947954178,0.7284654974937439,0.0022081127390265465,-0.009237762540578842,0.1602410227060318,-0.020062683060630665,0.034033243685563784,0.0021889575064842986,0.0067869024351239204,-0.011655380018055439,0.004789538215845825,0.28942791909881377,0.16052226442615172,0.002188957506484298,0.03932263015498611,True,True,-0.0036034192235465667,0.006108466101404626,-0.0029881550983058827,nan,0.055468170362474645,-0.0059092866782214475,0.023444000691311837,nan,0.06869076051521095,-0.010062330201356119,0.029368130360224835,nan,0.05710252997319376,-0.009727343637240808,0.02388635600818792,nan,-0.013405928772962206,-0.6541706700026513,-0.013044992848583679,nan,-8.206731168236558e-05,-0.003333323989800522,-8.249638592203497e-05,nan
17.744,22.69405919999997,ABORT,-0.0924634262919426,-0.03857523947954178,0.7284654974937439,0.0022081127390265465,-0.009237762540578842,0.1602410227060318,-0.020062683060630665,0.034033243685563784,0.0021889575064842986,0.0067869024351239204,-0.011655380018055439,0.004789538215845825,0.28942791909881377,0.16052226442615172,0.002188957506484298,0.03932263015498611,True,True,-0.0036034192235465667,0.006108466101404626,-0.0029881550983058827,nan,0.055468170362474645,-0.0059092866782214475,0.023444000691311837,nan,0.06869076051521095,-0.010062330201356119,0.029368130360224835,nan,0.05710252997319376,-0.009727343637240808,0.02388635600818792,nan,-0.013405928772962206,-0.6541706700026513,-0.013044992848583679,nan,-8.206731168236558e-05,-0.003333323989800522,-8.249638592203497e-05,nan
17.757,22.7678087889999,ABORT,-0.0924634262919426,-0.03857523947954178,0.7284654974937439,0.0022081127390265465,-0.009237762540578842,0.1602410227060318,-0.020062683060630665,0.034033243685563784,0.0021889575064842986,0.0067869024351239204,-0.011655380018055439,0.004789538215845825,0.28942791909881377,0.16052226442615172,0.002188957506484298,0.03953944006123297,True,True,-0.0036034192235465667,0.006108466101404626,-0.002966095075459069,nan,0.055468170362474645,-0.0059092866782214475,0.023270925608574577,nan,0.06869076051521095,-0.010062330201356119,0.029151320453977975,nan,0.05710252997319376,-0.009727343637240808,0.023710015242085616,nan,-0.013405928772962206,-0.6541706700026513,-0.01294868832930373,nan,-8.206731168236558e-05,-0.003333323989800522,-8.188735724100987e-05,nan
17.767,22.845588112999963,ABORT,-0.09316569566726685,-0.03849038481712341,0.7336677312850952,0.0033251801505684853,-0.009111705236136913,0.15563081204891205,-0.019923938603772427,0.03385806778004813,0.002244656957913829,0.005914686713367701,-0.008936582133173943,-0.00048439481179229807,0.28477049343526495,0.15593277286814267,0.002244656957913829,0.039466170697909614,True,True,-0.003571571536109097,0.007051996634235667,-0.0029490233350828194,nan,0.055275613106966937,-0.012648565124799362,0.023136986813560356,nan,0.06844970699064046,-0.013751960532266495,0.028983536292730844,nan,0.05691005529692372,-0.010026625333686322,0.02357354921040686,nan,-0.012537270672705603,0.9069976150087296,-0.012874160493969042,nan,-7.614612394490905e-05,0.0066577723934755206,-8.141604406076755e-05,nan
17.788,22.92296545399995,ABORT,-0.09389405697584152,-0.038365840911865234,0.7372281551361084,0.0037847724743187428,-0.009118570946156979,0.15196570754051208,-0.019806389875486857,0.033755712785228674,0.00223551685171799,0.010977658443152905,-0.00731971487402916,-0.003630360355600714,0.28166837617565493,0.1522860765371244,0.00223551685171799,0.039580692303276765,True,True,-0.0035379975648890394,0.007234767132355598,-0.0029128901707483907,nan,0.055084813184099524,-0.012793667873039996,0.022853498874759626,nan,0.0682091053023397,-0.013782011493810649,0.028628412999062935,nan,0.05671699884442116,-0.01008014298237219,0.02328471225295313,nan,-0.0125302330503958,0.8603972450824147,-0.012716418725274854,nan,-7.973657028870207e-05,0.005660351782730393,-8.041848691548841e-05,nan
17.79,22.9980405309999,ABORT,-0.09389405697584152,-0.038365840911865234,0.7372281551361084,0.0037847724743187428,-0.009118570946156979,0.15196570754051208,-0.019806389875486857,0.033755712785228674,0.00223551685171799,0.010977658443152905,-0.00731971487402916,-0.003630360355600714,0.28166837617565493,0.1522860765371244,0.00223551685171799,0.039614705770650585,True,True,-0.0035379975648890394,0.007234767132355598,-0.0029094293608603427,nan,0.055084813184099524,-0.012793667873039996,0.02282634659292061,nan,0.0682091053023397,-0.013782011493810649,0.028594399531689112,nan,0.05671699884442116,-0.01008014298237219,0.023257047645748024,nan,-0.0125302330503958,0.8603972450824147,-0.012701310326026942,nan,-7.973657028870207e-05,0.005660351782730393,-8.032294157104191e-05,nan
17.81,23.074978388999966,ABORT,-0.09490534663200378,-0.038201868534088135,0.7425470948219299,0.0035546435974538326,-0.009678499773144722,0.14796647429466248,-0.01962611349680714,0.0336911211355662,0.002163901819533819,0.009749570861458778,-0.009724793955683708,-5.406829586718112e-05,0.2770350266003649,0.1483252721695015,0.002163901819533819,0.039711723333543364,True,True,-0.003507906356194468,0.005513820610566279,-0.002874639321406294,nan,0.05489280709284383,-0.00635189194603057,0.02255339633358705,nan,0.06796420004653303,-0.010601580481219897,0.028252476712989662,nan,0.05651878309205127,-0.010219031003979397,0.022978947198950782,nan,-0.012855230644200688,-0.6585287432391161,-0.012549432059688854,nan,-8.280875066635218e-05,-0.0034125999518162496,-7.936246514775612e-05,nan
17.819,23.151510564999967,ABORT,-0.09553970396518707,-0.038107480853796005,0.7460663318634033,0.003606123151257634,-0.009122497402131557,0.1446542590856552,-0.019454387095848024,0.03361804152845809,0.002132176906373236,0.009749570861458778,-0.009724793955683708,-5.406829586718112e-05,0.2739750407319711,0.14498647783380972,0.002132176906373236,0.03986662755976595,True,True,-0.003507906356194468,0.005513820610566279,-0.0028588780915404987,nan,0.05489280709284383,-0.00635189194603057,0.02242973933730894,nan,0.06796420004653303,-0.010601580481219897,0.02809757248676708,nan,0.05651878309205127,-0.010219031003979397,0.022852956969087977,nan,-0.012855230644200688,-0.6585287432391161,-0.01248062534647616,nan,-8.280875066635218e-05,-0.0034125999518162496,-7.892733227853131e-05,nan
17.821,23.224884518999943,ABORT,-0.09553970396518707,-0.038107480853796005,0.7460663318634033,0.003606123151257634,-0.009122497402131557,0.1446542590856552,-0.019454387095848024,0.03361804152845809,0.002132176906373236,0.009749570861458778,-0.009724793955683708,-5.406829586718112e-05,0.2739750407319711,0.14498647783380972,0.002132176906373236,0.03990113645208333,True,True,-0.003507906356194468,0.005513820610566279,-0.002855366873044454,nan,0.05489280709284383,-0.00635189194603057,0.022402191567484242,nan,0.06796420004653303,-0.010601580481219897,0.028063063594449697,nan,0.05651878309205127,-0.010219031003979397,0.022824889411595196,nan,-0.012855230644200688,-0.6585287432391161,-0.012465296885046336,nan,-8.280875066635218e-05,-0.0034125999518162496,-7.883039526335747e-05,nan
17.84,23.297228518999987,ABORT,-0.0964006632566452,-0.03797217085957527,0.7514098286628723,0.005331575870513916,-0.00850724894553423,0.14108788967132568,-0.01930044884650045,0.03347619903943766,0.002039258033308216,0.008216422982513905,-0.01360188890248537,-0.002905952045693992,0.2693177434212837,0.14144465913491575,0.002039258033308216,0.03997200148413508,True,True,-0.0034894853560700767,0.0052148333180836014,-0.0028218554186676187,nan,0.05468664081622432,-0.013576509564962216,0.022139272631307598,nan,0.06770570842596069,-0.014970620926755055,0.027733706941825607,nan,0.05631173847567528,-0.01101979166559499,0.022557009564912852,nan,-0.012161930364449347,0.8735438584231479,-0.012319000368195753,nan,-7.753843158031515e-05,0.005470494520588594,-7.790521776013902e-05,nan
17.84,23.369218205999914,ABORT,-0.0964006632566452,-0.03797217085957527,0.7514098286628723,0.005331575870513916,-0.00850724894553423,0.14108788967132568,-0.01930044884650045,0.03347619903943766,0.002039258033308216,0.008216422982513905,-0.01360188890248537,-0.002905952045693992,0.2693177434212837,0.14144465913491575,0.002039258033308216,0.03997200148413508,True,True,-0.0034894853560700767,0.0052148333180836014,-0.0028218554186676187,nan,0.05468664081622432,-0.013576509564962216,0.022139272631307598,nan,0.06770570842596069,-0.014970620926755055,0.027733706941825607,nan,0.05631173847567528,-0.01101979166559499,0.022557009564912852,nan,-0.012161930364449347,0.8735438584231479,-0.012319000368195753,nan,-7.753843158031515e-05,0.005470494520588594,-7.790521776013902e-05,nan
17.865,23.442852721999998,ABORT,-0.09691785275936127,-0.03788822144269943,0.7548941373825073,0.006259460933506489,-0.008967770263552666,0.1388973593711853,-0.01924296933304292,0.03341959077005161,0.002007966836075443,0.007007023319602013,-0.002682620892301202,0.0014624511823058133,0.2662808130471316,0.13932723421846194,0.002007966836075443,0.03986175423305473,True,True,-0.003452608336739438,0.005661078947907532,-0.0027773486084019484,nan,0.054256091117653504,-0.0073020367236109746,0.021790088048744265,nan,0.06715804017001314,-0.011777233698754878,0.027296285936958417,nan,0.05586949880585568,-0.01124302628769427,0.02220123636043716,nan,-0.01239411557968051,-0.6555566979792627,-0.012124702882781394,nan,-8.24200467528513e-05,-0.003386366435977367,-7.667648267944757e-05,nan
17.865,23.517000663999966,ABORT,-0.09691785275936127,-0.03788822144269943,0.7548941373825073,0.006259460933506489,-0.008967770263552666,0.1388973593711853,-0.01924296933304292,0.03341959077005161,0.002007966836075443,0.007007023319602013,-0.002682620892301202,0.0014624511823058133,0.2662808130471316,0.13932723421846194,0.002007966836075443,0.03986175423305473,True,True,-0.003452608336739438,0.005661078947907532,-0.0027773486084019484,nan,0.054256091117653504,-0.0073020367236109746,0.021790088048744265,nan,0.06715804017001314,-0.011777233698754878,0.027296285936958417,nan,0.05586949880585568,-0.01124302628769427,0.02220123636043716,nan,-0.01239411557968051,-0.6555566979792627,-0.012124702882781394,nan,-8.24200467528513e-05,-0.003386366435977367,-7.667648267944757e-05,nan
17.895,23.593567821999955,ABORT,-0.09761159867048264,-0.03779694065451622,0.7601421475410461,0.00714989984408021,-0.009908444248139858,0.13488607108592987,-0.019149838759256375,0.033441187577188176,0.002018589855591818,0.006068107672035694,0.006332448683679104,-0.0013509696582332262,0.26170292758024255,0.13543836424070324,0.002018589855591818,0.040115004895011346,True,True,-0.003430852150232866,0.005939865550281894,-0.002723355943346093,nan,0.05403414639993631,-0.014218118328743215,0.021366480827816243,nan,0.06688064112548187,-0.015515297601149032,0.02676563623047052,nan,0.05564617689263773,-0.011558660063116209,0.02176963626709321,nan,-0.011848353061616912,0.8547168576296131,-0.011888994257774302,nan,-7.855878554874351e-05,0.00564336868237131,-7.518586402450146e-05,nan
17.906,23.665460660999997,ABORT,-0.09803451597690582,-0.03775323927402496,0.7635600566864014,0.007136290427297354,-0.009643904864788055,0.1317012459039688,-0.01905682984819483,0.033586021278827524,0.0019710474319884546,0.005259349010884762,-0.00281322980299592,-0.0015943214530125256,0.2587275018096177,0.13224654897108462,0.0019710474319884546,0.040035499190528845,True,True,-0.003423169287794181,0.00510640236146782,-0.002703407446038578,nan,0.05381556983164959,-0.007268949561516682,0.021209972022455656,nan,0.06660507797078541,-0.011741677466845247,0.026569578780256564,nan,0.055420519079441455,-0.01130551460819392,0.02161017436071967,nan,-0.011944845957273742,-0.5800383483365212,-0.011801907745811097,nan,-8.107571889670595e-05,-0.0029346384794493308,-7.463512991656362e-05,nan
17.91,23.731307209999954,ABORT,-0.09803451597690582,-0.03775323927402496,0.7635600566864014,0.007136290427297354,-0.009643904864788055,0.1317012459039688,-0.01905682984819483,0.033586021278827524,0.0019710474319884546,0.005259349010884762,-0.00281322980299592,-0.0015943214530125256,0.2587275018096177,0.13224654897108462,0.0019710474319884546,0.04010698276252697,True,True,-0.003423169287794181,0.00510640236146782,-0.0026961341195621807,nan,0.05381556983164959,-0.007268949561516682,0.021152908093264873,nan,0.06660507797078541,-0.011741677466845247,0.026498095208258438,nan,0.055420519079441455,-0.01130551460819392,0.021552033715450784,nan,-0.011944845957273742,-0.5800383483365212,-0.01177015554796708,nan,-8.107571889670595e-05,-0.0029346384794493308,-7.443432937971263e-05,nan
17.95,23.807487273999982,ABORT,-0.098946213722229,-0.037653133273124695,0.7718781232833862,0.009026032872498035,-0.009792240336537361,0.12243987619876862,-0.019047336909441125,0.03375521355012665,0.001907883572226587,-0.0006670772563666105,-0.004605214111506938,0.0053398855961859235,0.2514909586684154,0.1231620092552639,0.0019078835722265868,0.04024969673869956,True,True,-0.0033849794647693443,0.007149876113941949,-0.0026228624386515137,nan,0.05335367458978357,-0.015027308449321755,0.020578044580023158,nan,0.06602766457541787,-0.01654741205713814,0.025777967836718305,nan,0.054952637415492056,-0.012422918865898122,0.020966323336313236,nan,-0.011410519999480506,0.8558537726257519,-0.01145028307748345,nan,-7.941903784569604e-05,0.005597142485087852,-7.241145952634071e-05,nan
17.95,23.88001257799999,ABORT,-0.098946213722229,-0.037653133273124695,0.7718781232833862,0.009026032872498035,-0.009792240336537361,0.12243987619876862,-0.019047336909441125,0.03375521355012665,0.001907883572226587,-0.0006670772563666105,-0.004605214111506938,0.0053398855961859235,0.2514909586684154,0.1231620092552639,0.0019078835722265868,0.04024969673869956,True,True,-0.0033849794647693443,0.007149876113941949,-0.0026228624386515137,nan,0.05335367458978357,-0.015027308449321755,0.020578044580023158,nan,0.06602766457541787,-0.01654741205713814,0.025777967836718305,nan,0.054952637415492056,-0.012422918865898122,0.020966323336313236,nan,-0.011410519999480506,0.8558537726257519,-0.01145028307748345,nan,-7.941903784569604e-05,0.005597142485087852,-7.241145952634071e-05,nan
17.974,23.955565873999944,ABORT,-0.09957294911146164,-0.037464916706085205,0.7768468260765076,0.00960146076977253,-0.009418428875505924,0.11746745556592941,-0.019083770956750918,0.03377806596126525,0.002001477993687679,0.00500844232738018,-0.007068314123898745,0.0033911108039319524,0.24721596067138565,0.11823492702467425,0.0020014779936876784,0.040390761445851346,True,True,-0.0033453478313481,0.0059828153754398865,-0.0025784606349103295,nan,0.05312092728572093,-0.008315665377993128,0.020229683841253614,nan,0.06573234030087338,-0.013040627748649832,0.025341578855022036,nan,0.05471189045223124,-0.01230574143811218,0.020611389520404914,nan,-0.011428749057539989,-0.6491909505294254,-0.01125644400514201,nan,-8.104074236392478e-05,-0.003500033148563647,-7.118562344469157e-05,nan
17.977,24.0325147289999,ABORT,-0.09957294911146164,-0.037464916706085205,0.7768468260765076,0.00960146076977253,-0.009418428875505924,0.11746745556592941,-0.019083770956750918,0.03377806596126525,0.002001477993687679,0.00500844232738018,-0.007068314123898745,0.0033911108039319524,0.24721596067138565,0.11823492702467425,0.0020014779936876784,0.040445521470501775,True,True,-0.0033453478313481,0.0059828153754398865,-0.0025728888996709577,nan,0.05312092728572093,-0.008315665377993128,0.020185969990899028,nan,0.06573234030087338,-0.013040627748649832,0.025286818830371607,nan,0.05471189045223124,-0.01230574143811218,0.020566850851181734,nan,-0.011428749057539989,-0.6491909505294254,-0.01123212021873848,nan,-8.104074236392478e-05,-0.003500033148563647,-7.103180009702691e-05,nan
17.986,24.10513304899996,ABORT,-0.10018065571784973,-0.03714030608534813,0.7801912426948547,0.009650230407714844,-0.009375638328492641,0.11451145261526108,-0.01904646604650191,0.033743210471667937,0.002023179392461619,-0.004341973457485437,-0.0025225870776921515,-0.003546527354046702,0.24440019620328446,0.11529918612481992,0.002023179392461619,0.04030507225288023,True,True,-0.0033267624583501743,0.005263191433713725,-0.0025561461921653544,nan,0.052878128672326774,-0.008605391808392397,0.020054612670605203,nan,0.06542734071674428,-0.013318775028637465,0.025122268463864048,nan,0.05446317949905488,-0.012617701584317749,0.020433015003020263,nan,-0.011285370998456834,-0.6620760738283297,-0.011159028798617635,nan,-8.282937251813394e-05,-0.003542620825433253,-7.056957079020644e-05,nan
17.986,24.181896079999888,ABORT,-0.10018065571784973,-0.03714030608534813,0.7801912426948547,0.009650230407714844,-0.009375638328492641,0.11451145261526108,-0.01904646604650191,0.033743210471667937,0.002023179392461619,-0.004341973457485437,-0.0025225870776921515,-0.003546527354046702,0.24440019620328446,0.11529918612481992,0.002023179392461619,0.04030507225288023,True,True,-0.0033267624583501743,0.005263191433713725,-0.0025561461921653544,nan,0.052878128672326774,-0.008605391808392397,0.020054612670605203,nan,0.06542734071674428,-0.013318775028637465,0.025122268463864048,nan,0.05446317949905488,-0.012617701584317749,0.020433015003020263,nan,-0.011285370998456834,-0.6620760738283297,-0.011159028798617635,nan,-8.282937251813394e-05,-0.003542620825433253,-7.056957079020644e-05,nan
18.02,24.25552035699991,ABORT,-0.10150055587291718,-0.036417145282030106,0.788282036781311,0.01218452025204897,-0.008943124674260616,0.10777616500854492,-0.019261470071778638,0.033804760922477466,0.0019532845155503125,-0.005118937231600285,-0.003930520731955767,-0.00045942130964249324,0.23759854221453844,0.10883080334473812,0.001953284515550313,0.04062811670663999,True,True,-0.003299399365527478,0.007267485492482927,-0.002492544197002874,nan,0.05263562655547194,-0.015180738232989452,0.019555614067954568,nan,0.06512529322458693,-0.016758457475155357,0.024497176517946948,nan,0.05421902168696935,-0.012581183299111797,0.019924600998625586,nan,-0.011056874806667949,0.8595101532668835,-0.010881369994186565,nan,-7.977416744697763e-05,0.005637160421227033,-6.881365967926372e-05,nan
18.02,24.329826075999904,ABORT,-0.10150055587291718,-0.036417145282030106,0.788282036781311,0.01218452025204897,-0.008943124674260616,0.10777616500854492,-0.019261470071778638,0.033804760922477466,0.0019532845155503125,-0.005118937231600285,-0.003930520731955767,-0.00045942130964249324,0.23759854221453844,0.10883080334473812,0.001953284515550313,0.04062811670663999,True,True,-0.003299399365527478,0.007267485492482927,-0.002492544197002874,nan,0.05263562655547194,-0.015180738232989452,0.019555614067954568,nan,0.06512529322458693,-0.016758457475155357,0.024497176517946948,nan,0.05421902168696935,-0.012581183299111797,0.019924600998625586,nan,-0.011056874806667949,0.8595101532668835,-0.010881369994186565,nan,-7.977416744697763e-05,0.005637160421227033,-6.881365967926372e-05,nan
18.043,24.40386463599998,ABORT,-0.10213262587785721,-0.03603215888142586,0.7928838133811951,0.013586482033133507,-0.009170792065560818,0.10352814197540283,-0.019347810130412327,0.0337972307940908,0.0019115143011915676,-0.00482128094881773,-0.002092764712870121,0.00012738621444441403,0.23372313642829265,0.10481780431790001,0.0019115143011915674,0.04042726770798251,True,True,-0.003204400700770549,0.009075327932182027,-0.002449230469642634,nan,0.05213647409312916,-0.01623049646958942,0.019215789988959314,nan,0.06449874905628317,-0.01800745937882922,0.024071481348300654,nan,0.053709318893294444,-0.013877482347884287,0.019578364917253892,nan,0.011013242257638112,1.030334874208481,-0.01069228099275549,nan,-8.218865401499187e-05,0.0071476813727002556,-6.761786299185014e-05,nan
18.043,24.47874775199989,ABORT,-0.10213262587785721,-0.03603215888142586,0.7928838133811951,0.013586482033133507,-0.009170792065560818,0.10352814197540283,-0.019347810130412327,0.0337972307940908,0.0019115143011915676,-0.00482128094881773,-0.002092764712870121,0.00012738621444441403,0.23372313642829265,0.10481780431790001,0.0019115143011915674,0.04042726770798251,True,True,-0.003204400700770549,0.009075327932182027,-0.002449230469642634,nan,0.05213647409312916,-0.01623049646958942,0.019215789988959314,nan,0.06449874905628317,-0.01800745937882922,0.024071481348300654,nan,0.053709318893294444,-0.013877482347884287,0.019578364917253892,nan,0.011013242257638112,1.030334874208481,-0.01069228099275549,nan,-8.218865401499187e-05,0.0071476813727002556,-6.761786299185014e-05,nan
18.069,24.55262729599997,ABORT,-0.10249911993741989,-0.03578971326351166,0.7958617210388184,0.014837976545095444,-0.00818158034235239,0.10072119534015656,-0.019477113915978506,0.033817049858082975,0.0019121728039393157,-0.0055581023916602135,-0.0007287241751328113,-0.001614199485629797,0.23121291075686753,0.1021364919879332,0.0019121728039393157,0.04059905149075276,True,True,-0.003163807852095246,0.00818403103046356,-0.0024000191894046436,nan,0.05188776186746846,-0.01567986387102228,0.018829695810456376,nan,0.06418687544990309,-0.017279879470543654,0.02358782395915033,nan,0.05345280924348028,-0.013094139360536099,0.019184985684679995,nan,0.011105659463861883,0.8596406974038058,-0.01047744582602061,nan,-7.961732963401857e-05,0.005694737272191179,-6.625924784883688e-05,nan
18.104,24.630052177999914,ABORT,-0.10319529473781586,-0.03520077466964722,0.8033102750778198,0.01782146468758583,-0.007211068645119667,0.09427245706319809,-0.01959753820043541,0.033947109328898516,0.0018073558585572336,0.003975264262408018,-0.00754532590508461,0.0023898954968899497,0.22488933119054552,0.09621278644415213,0.0018073558585572336,0.04063745361912833,True,True,-0.0030677935999241512,0.009154965588873567,-0.002333413818205338,nan,0.05139310640895278,-0.01621179938049351,0.01830713378905164,nan,0.06357066790785648,-0.017894605050953128,0.022933214288728153,nan,0.05294908820732136,-0.013785003493943189,0.018652563652963472,nan,-0.011705949456276343,1.0436277837922385,-0.010186675580706102,nan,-8.323658560716041e-05,0.007087267110601557,-6.442042013535794e-05,nan
18.104,24.72701581199999,ABORT,-0.10319529473781586,-0.03520077466964722,0.8033102750778198,0.01782146468758583,-0.007211068645119667,0.09427245706319809,-0.01959753820043541,0.033947109328898516,0.0018073558585572336,0.003975264262408018,-0.00754532590508461,0.0023898954968899497,0.22488933119054552,0.09621278644415213,0.0018073558585572336,0.04063745361912833,True,True,-0.0030677935999241512,0.009154965588873567,-0.002333413818205338,nan,0.05139310640895278,-0.01621179938049351,0.01830713378905164,nan,0.06357066790785648,-0.017894605050953128,0.022933214288728153,nan,0.05294908820732136,-0.013785003493943189,0.018652563652963472,nan,-0.011705949456276343,1.0436277837922385,-0.010186675580706102,nan,-8.323658560716041e-05,0.007087267110601557,-6.442042013535794e-05,nan
18.146,24.803964544999985,ABORT,-0.10364948958158493,-0.03465507924556732,0.8101546168327332,0.019643783569335938,-0.005703516770154238,0.08799982815980911,-0.0194122071931196,0.03379026367803425,0.001737827692659032,0.012331007048487663,-0.0118109667673707,0.0004050481948070243,0.219055839269274,0.09034588033010844,0.0017378276926590319,0.040802065418082234,True,True,-0.0029852853496263876,0.00571526419760102,-0.0022530479750203624,nan,0.05089467821941529,-0.009026314847290943,0.017676612005140688,nan,0.06294542962155081,-0.01375677114673924,0.022143364203468574,nan,0.0524339893121466,-0.013014708333100922,0.01801014480987769,nan,-0.011166897246575935,-0.6676796844622002,-0.00983583306580024,nan,-8.277354264407677e-05,-0.0034438420844664225,-6.22016960744495e-05,nan
18.169,24.88435257399999,ABORT,-0.10393660515546799,-0.03425956889986992,0.8140856027603149,0.021050142124295235,-0.006306925322860479,0.08417908102273941,-0.019178286344530008,0.033661366717519466,0.001736351972763135,0.012225097045302391,-0.013942074030637741,0.00292544672265649,0.21573293455901443,0.08700001995582583,0.001736351972763135,0.04091461440222776,True,True,-0.0029517745993157263,0.007530899378918383,-0.00220888244642909,nan,0.050635579131557584,-0.016085130736227443,0.01733010499704965,nan,0.06262391177903393,-0.017901334762918705,0.021709297376806165,nan,0.05217218596855222,-0.013800933592619566,0.017657099701938336,nan,-0.01268690560823682,0.9693705975027972,-0.009643025468579565,nan,-8.022867674561951e-05,0.004464417691086938,-6.098238302969423e-05,nan
18.169,24.959054684999955,ABORT,-0.10393660515546799,-0.03425956889986992,0.8140856027603149,0.021050142124295235,-0.006306925322860479,0.08417908102273941,-0.019178286344530008,0.033661366717519466,0.001736351972763135,0.012225097045302391,-0.013942074030637741,0.00292544672265649,0.21573293455901443,0.08700001995582583,0.001736351972763135,0.04091461440222776,True,True,-0.0029517745993157263,0.007530899378918383,-0.00220888244642909,nan,0.050635579131557584,-0.016085130736227443,0.01733010499704965,nan,0.06262391177903393,-0.017901334762918705,0.021709297376806165,nan,0.05217218596855222,-0.013800933592619566,0.017657099701938336,nan,-0.01268690560823682,0.9693705975027972,-0.009643025468579565,nan,-8.022867674561951e-05,0.004464417691086938,-6.098238302969423e-05,nan
18.205,25.034783758999993,ABORT,-0.10461980849504471,-0.033373117446899414,0.8208262920379639,0.02223745733499527,-0.006138376891613007,0.07933171838521957,-0.018732474777385984,0.03312701570064343,0.0016695147721404952,0.010701942257583141,-0.011220535263419151,-0.003055381355807184,0.21014824986787156,0.08261782931995375,0.0016695147721404952,0.04093913350467787,True,True,-0.002899074850438943,0.005060385052315767,-0.002139601126576507,nan,0.050114078191485056,-0.009696638600367609,0.01678654843553121,nan,0.06196752150227791,-0.014633161615179427,0.021028387997600036,nan,0.05163295523646294,-0.013785302886029235,0.017103286992666937,nan,-0.011596942581150849,-0.6626939490709635,-0.009340573188733124,nan,-8.293539382986381e-05,-0.003607909058664212,-5.906967826313545e-05,nan
18.243,25.11365466999996,ABORT,-0.1050628125667572,-0.0326334573328495,0.8271052241325378,0.02365424484014511,-0.006957406643778086,0.0747377946972847,-0.01831112155170604,0.032691495851522014,0.00160484809300435,0.009549932554364204,-0.015009156428277493,0.0010144612751901167,0.20492862329160472,0.07869985236566772,0.00160484809300435,0.04132904068469317,True,True,-0.002883747651630131,0.006211806406731191,-0.002066356149509282,nan,0.04984835799208742,-0.01615846567039977,0.016211894431134757,nan,0.061637563760970515,-0.018022376784712132,0.020308523076277347,nan,0.05136314873715708,-0.013661530671866741,0.016517790075511865,nan,-0.011112738705268299,0.8828965684320595,-0.009020817295681141,nan,-7.808478855775292e-05,0.005534252912748355,-5.704754564411103e-05,nan
18.255,25.185844940999914,ABORT,-0.1050628125667572,-0.0326334573328495,0.8271052241325378,0.02365424484014511,-0.006957406643778086,0.0747377946972847,-0.01831112155170604,0.032691495851522014,0.00160484809300435,0.009549932554364204,-0.015009156428277493,0.0010144612751901167,0.20492862329160472,0.07869985236566772,0.00160484809300435,0.041218523952389924,True,True,-0.0028599586686448575,0.006355651912901137,-0.0020432182523700405,nan,0.049579129198279226,-0.017130634397702932,0.016030362730576307,nan,0.06129964357834705,-0.019177900421327866,0.02008111962595713,nan,0.05108735607085446,-0.014640718029305791,0.01633283312710511,nan,-0.0123935305154097,0.8722714986509471,-0.008919807243397113,nan,-8.030578778139841e-05,0.005520412257530584,-5.640875922606152e-05,nan
18.267,25.258418312999993,ABORT,-0.10522232204675674,-0.03223739191889763,0.8306516408920288,0.02464938722550869,-0.0067137000150978565,0.07146891951560974,-0.01812455436309436,0.03245183871878375,0.0016108239617850224,0.0040221987292170525,-0.017957735806703568,0.010205733589828016,0.20196498020004944,0.07589777674750756,0.0016108239617850224,0.04109697127111493,True,True,-0.00283972672726307,0.0056715963729387555,-0.0020200822987680002,nan,0.049302667479099505,-0.010394393831866147,0.015848846278318555,nan,0.060950706548188016,-0.015514437850430014,0.01985373527707308,nan,0.05079928374123188,-0.014481659132895765,0.016147891714713036,nan,-0.02284224622429143,-0.6600708072032725,-0.008818805675755966,nan,-8.2984180101775e-05,-0.0038962890762962547,-5.577002646479678e-05,nan
18.309,25.34179618199994,ABORT,-0.10531545430421829,-0.0317695215344429,0.8350470066070557,0.02537042647600174,-0.006841081660240889,0.06720144301652908,-0.017952143703922244,0.03214496069194138,0.0017324631599495868,0.00935332104563713,-0.021166959777474403,-0.0007530500297434602,0.19826784268540387,0.07215603149675084,0.0017324631599495868,0.041224397526018905,True,True,-0.002780875738013222,0.007981105025159191,-0.0019391698508906931,nan,0.04876560861199142,-0.009213596292750297,0.01521403602866091,nan,0.060282910587761585,-0.014165727671529717,0.019058513061742676,nan,0.050248328678832443,-0.013761968515287576,0.015501103488564053,nan,-0.022120452919081046,-0.5354750100220699,-0.008465576921157758,nan,-8.744103387670066e-05,-0.00522985451742454,-5.353621185130259e-05,nan
18.344,25.4167402249999,ABORT,-0.10527846962213516,-0.031247271224856377,0.8400550484657288,0.026059580966830254,-0.006470953114330769,0.06057657673954964,-0.01756958926697525,0.03153972163661166,0.0016720038809353733,0.014501137658953667,-0.031027138233184814,-0.0010599009692668876,0.19401632829810728,0.06626082284319441,0.0016720038809353735,0.041222827687584854,True,True,-0.0026977360490096913,0.00637677221884532,-0.0018718950800567604,nan,0.04823200671263539,-0.016849372400639866,0.014686222136124763,nan,0.05962015209786653,-0.018705079591884957,0.018397324410281673,nan,0.049703665615136394,-0.014278479203755079,0.014963330490295114,nan,-0.020430442419909767,0.8707145812330265,-0.008171884366538922,nan,-7.995548883510395e-05,0.005222672564488865,-5.1678903487128633e-05,nan
18.344,25.48863444799997,ABORT,-0.10527846962213516,-0.031247271224856377,0.8400550484657288,0.026059580966830254,-0.006470953114330769,0.06057657673954964,-0.01756958926697525,0.03153972163661166,0.0016720038809353733,0.014501137658953667,-0.031027138233184814,-0.0010599009692668876,0.19401632829810728,0.06626082284319441,0.0016720038809353735,0.041222827687584854,True,True,-0.0026977360490096913,0.00637677221884532,-0.0018718950800567604,nan,0.04823200671263539,-0.016849372400639866,0.014686222136124763,nan,0.05962015209786653,-0.018705079591884957,0.018397324410281673,nan,0.049703665615136394,-0.014278479203755079,0.014963330490295114,nan,-0.020430442419909767,0.8707145812330265,-0.008171884366538922,nan,-7.995548883510395e-05,0.005222672564488865,-5.1678903487128633e-05,nan
18.356,25.56392171199991,ABORT,-0.10527846962213516,-0.031247271224856377,0.8400550484657288,0.026059580966830254,-0.006470953114330769,0.06057657673954964,-0.01756958926697525,0.03153972163661166,0.0016720038809353733,0.014501137658953667,-0.031027138233184814,-0.0010599009692668876,0.19401632829810728,0.06626082284319441,0.0016720038809353735,0.041449049840255395,True,True,-0.0026977360490096913,0.00637677221884532,-0.0018488773778550655,nan,0.04823200671263539,-0.016849372400639866,0.014505633442239735,nan,0.05962015209786653,-0.018705079591884957,0.018171102257611132,nan,0.049703665615136394,-0.014278479203755079,0.01477933434177128,nan,-0.020430442419909767,0.8707145812330265,-0.008071399033370582,nan,-7.995548883510395e-05,0.005222672564488865,-5.104343538677934e-05,nan
18.364,25.63833762899992,ABORT,-0.10541751980781555,-0.030819809064269066,0.8432571291923523,0.026177601888775826,-0.006227667909115553,0.05925698205828667,-0.017266746828776148,0.03103705427721752,0.0016249624670134314,0.014913364313542843,-0.03466447442770004,0.0006340498803183479,0.19139237618623195,0.06508026283666635,0.0016249624670134314,0.04126410990523866,True,True,-0.0026706845781188093,0.006785473530941612,-0.001833548649767027,nan,0.047965767561128025,-0.009941762973092107,0.0143853697008775,nan,0.05928455864255522,-0.015073307867661395,0.018020448737316556,nan,0.04942663903854072,-0.014173158605679699,0.014656801392771684,nan,-0.020260899661100673,-0.5859384364444303,-0.008004480435872173,nan,-8.118945689172818e-05,-0.0031667405096942325,-5.062024293978698e-05,nan
18.411,25.744083400999898,ABORT,-0.10617554187774658,-0.029722189530730247,0.8488091826438904,0.02734263241291046,-0.005988667253404856,0.05689147487282753,-0.016769449296975766,0.02993801155530512,0.0015954261103099333,0.012525713071227074,-0.02199343778192997,0.0009473952231928733,0.18712380259160583,0.06340444460718121,0.0015954261103099333,0.04145672694976511,True,True,-0.002605117177018279,0.007153102767906861,-0.0017438124874230034,nan,0.047414310092555034,-0.017074007455407974,0.013681331730016587,nan,0.05859523240534248,-0.019027003701275053,0.01713850545557737,nan,0.04886138040228172,-0.014592154253084279,0.013939479215695563,nan,-0.011722662293234265,0.8689305534288448,-0.00761273115997254,nan,-8.016549221778746e-05,0.005508428366362321,-4.814282498912839e-05,nan
18.425,25.816755120999915,ABORT,-0.10640840977430344,-0.029316116124391556,0.8508039712905884,0.02726779319345951,-0.0059069381095469,0.05574953556060791,-0.016480082704549044,0.02949838999675432,0.0016490669696981996,0.011975442990660667,-0.025399792939424515,-0.0025248429737985104,0.18558458803999447,0.06234127989297926,0.0016490669696981996,0.04137574561968964,True,True,-0.0025728668712794445,0.0064525393364515855,-0.001717206974100024,nan,0.04714203738311351,-0.009990618573928509,0.013472594347847148,nan,0.058252767264064254,-0.015118411481429821,0.016877021644374615,nan,0.04857807530486635,-0.014159933438362929,0.01372680325273314,nan,-0.011120812263709645,-0.6329933628474504,-0.007496582995097183,nan,-8.039431751960535e-05,-0.002961407347813628,-4.74083053197877e-05,nan
18.438,25.899378781999985,ABORT,-0.10670579969882965,-0.02876407839357853,0.8536761403083801,0.026702746748924255,-0.007273690775036812,0.05173289775848389,-0.01631665432370709,0.02914841064059976,0.0016121748744861585,0.011975442990660667,-0.025399792939424515,-0.0025248429737985104,0.183368949962232,0.05867057160040106,0.0016121748744861585,0.0416179690562894,True,True,-0.0025728668712794445,0.0064525393364515855,-0.0016925611696811957,nan,0.04714203738311351,-0.009990618573928509,0.013279232143803416,nan,0.058252767264064254,-0.015118411481429821,0.016634798207774852,nan,0.04857807530486635,-0.014159933438362929,0.01352979257588104,nan,-0.011120812263709645,-0.6329933628474504,-0.007388990071766839,nan,-8.039431751960535e-05,-0.002961407347813628,-4.672788890035641e-05,nan
18.465,25.977482085999895,ABORT,-0.10686347633600235,-0.028436264023184776,0.8556193113327026,0.026796184480190277,-0.007480114698410034,0.04888352006673813,-0.0161292823046143,0.028660626709260943,0.001621867850907288,0.015265794470906258,-0.027114352211356163,0.001843674108386043,0.18186315444931295,0.05624576564251703,0.001621867850907288,0.04141784127500939,True,True,-0.0024943222275011223,0.007556261246414743,-0.001641574488201234,nan,0.04658127852213756,-0.01740638672193579,0.012879208799452379,nan,0.05755153312816841,-0.01955485793116124,0.01613369185315902,nan,0.048002893683244174,-0.014940147346360233,0.013122221353692162,nan,-0.020743597103100697,0.8638442828405822,-0.00716640427103106,nan,-7.968101441768738e-05,0.005316288583378871,-4.532025883636157e-05,nan
18.471,26.05198406799991,ABORT,-0.10686347633600235,-0.028436264023184776,0.8556193113327026,0.026796184480190277,-0.007480114698410034,0.04888352006673813,-0.0161292823046143,0.028660626709260943,0.001621867850907288,0.015265794470906258,-0.027114352211356163,0.001843674108386043,0.18186315444931295,0.05624576564251703,0.001621867850907288,0.041528808622414246,True,True,-0.0024943222275011223,0.007556261246414743,-0.0016302837577112064,nan,0.04658127852213756,-0.01740638672193579,0.012790625749140267,nan,0.05755153312816841,-0.01955485793116124,0.016022724505754166,nan,0.048002893683244174,-0.014940147346360233,0.013031966865820966,nan,-0.020743597103100697,0.8638442828405822,-0.007117113824701418,nan,-7.968101441768738e-05,0.005316288583378871,-4.500854661621106e-05,nan
18.512,26.1393555919999,ABORT,-0.10711806267499924,-0.027730436995625496,0.8603870868682861,0.027156366035342216,-0.008522968739271164,0.04314618557691574,-0.015512905276526764,0.027902192748996996,0.0016865640871235657,0.011843652464449406,-0.007748860865831375,0.0023581786081194886,0.17814326257351665,0.05168851460637783,0.001686564087123566,0.04159108047609951,True,True,-0.0024801104067551094,0.00657764738375847,-0.0015535603567704472,nan,0.04602952191363929,-0.01701099228821353,0.012188681269847769,nan,0.056859753479712616,-0.018873980299549387,0.015268673003613106,nan,0.04743303941376009,-0.014695327008304719,0.012418664540895154,nan,-0.011493722246104454,1.0535330238549587,-0.006782172637358546,nan,-8.347172622968912e-05,0.006853088548371768,-4.28903823693658e-05,nan
18.519,26.21251739799993,ABORT,-0.10719418525695801,-0.027376364916563034,0.8632495403289795,0.026947487145662308,-0.008849887177348137,0.041906747967004776,-0.015340328180170336,0.02782848682251228,0.0017179457523740316,0.011843652464449406,-0.007748860865831375,0.0023581786081194886,0.17589982071958818,0.05060299488851905,0.0017179457523740316,0.04171902947497021,True,True,-0.0024801104067551094,0.00657764738375847,-0.0015405417734078368,nan,0.04602952191363929,-0.01701099228821353,0.012086542101259777,nan,0.056859753479712616,-0.018873980299549387,0.015140724004742413,nan,0.04743303941376009,-0.014695327008304719,0.012314598149864152,nan,-0.011493722246104454,1.0535330238549587,-0.006725339132645145,nan,-8.347172622968912e-05,0.006853088548371768,-4.253096793406793e-05,nan
18.532,26.30063543999995,ABORT,-0.10719418525695801,-0.027376364916563034,0.8632495403289795,0.026947487145662308,-0.008849887177348137,0.041906747967004776,-0.015340328180170336,0.02782848682251228,0.0017179457523740316,0.011883759871125221,-0.011833633296191692,0.001795008778572084,0.17589982071958818,0.05060299488851905,0.0017179457523740316,0.04162753613796179,True,True,-0.0024760459205666052,0.006938288055852285,-0.0015164315591798217,nan,0.04576668773988235,-0.01651715548240163,0.011897381947106558,nan,0.056531300583656297,-0.01826362706871716,0.014903764445694512,nan,0.04716170463987357,-0.013939003260700765,0.012121868809673426,nan,-0.019224883777607893,0.8813962896013652,-0.006620084364457043,nan,-8.100651684994631e-05,0.005286405238946494,-4.186533798107621e-05,nan
18.533,26.372907102,ABORT,-0.10719418525695801,-0.027376364916563034,0.8632495403289795,0.026947487145662308,-0.008849887177348137,0.041906747967004776,-0.015340328180170336,0.02782848682251228,0.0017179457523740316,0.011883759871125221,-0.011833633296191692,0.001795008778572084,0.17589982071958818,0.05060299488851905,0.0017179457523740316,0.041645727381826717,True,True,-0.0024760459205666052,0.006938288055852285,-0.0015145806324291982,nan,0.04576668773988235,-0.01651715548240163,0.011882860235015447,nan,0.056531300583656297,-0.01826362706871716,0.014885573201829577,nan,0.04716170463987357,-0.013939003260700765,0.012107073093301297,nan,-0.019224883777607893,0.8813962896013652,-0.0066120040187484744,nan,-8.100651684994631e-05,0.005286405238946494,-4.181423796701757e-05,nan
18.57,26.448745736999967,ABORT,-0.10747583210468292,-0.026623964309692383,0.8681605458259583,0.026184910908341408,-0.009071210399270058,0.04042510688304901,-0.015062537982304895,0.0275441411862604,0.0017592709558155318,-0.0023661355953663588,-0.007096066139638424,-0.002806122647598385,0.17216716190687184,0.04901148522429757,0.0017592709558155318,0.04165103496683205,True,True,-0.0024242612931848484,0.007107438018816203,-0.0014464900256982599,nan,0.045236023781687784,-0.016391671744596447,0.011348645584585492,nan,0.05586740133401147,-0.018338699083823125,0.01421636636717942,nan,0.046614048018093435,-0.014103494779294533,0.011562778563840352,nan,-0.011318112366194732,0.9228339835013593,-0.006314749877434189,nan,-7.669008826383106e-05,0.006569543181579037,-3.9934406169221765e-05,nan
18.588,26.525310698999988,ABORT,-0.10794341564178467,-0.025964675471186638,0.8701927065849304,0.025947479531168938,-0.00871780700981617,0.03974086418747902,-0.015116610935117665,0.027502349521780454,0.001714666539100631,0.0031784477178007364,0.000564081652555615,0.0022849109955132008,0.17080948093266102,0.04825565396353554,0.0017146665391006312,0.04164084845626176,True,True,-0.002392873540451035,0.00820998212566812,-0.0014136586170154504,nan,0.044969604180193024,-0.01660714636262865,0.011091062044730784,nan,0.055534541783258895,-0.01838727585924365,0.013893693326997133,nan,0.04633899336772185,-0.014098064382390765,0.01130033478490381,nan,-0.01824872546066114,0.8736852400463193,-0.006171422145979089,nan,-8.017144132121956e-05,0.005370952164522548,-3.902800323096845e-05,nan
18.604,26.599546754999892,ABORT,-0.10856800526380539,-0.02503771334886551,0.8731152415275574,0.02514817751944065,-0.009074948728084564,0.03748738020658493,-0.015105753163379292,0.02755564340151361,0.001744679179331607,0.007727727293968201,-0.009081661701202393,-0.002565862843766807,0.16885982585953277,0.046044426391472396,0.0017446791793316071,0.04192597025290228,True,True,-0.002392873540451035,0.00820998212566812,-0.0013846479806617178,nan,0.044969604180193024,-0.01660714636262865,0.010863454923829362,nan,0.055534541783258895,-0.01838727585924365,0.013608571530356613,nan,0.04633899336772185,-0.014098064382390765,0.011068433037781576,nan,-0.01824872546066114,0.8736852400463193,-0.0060447742541136825,nan,-8.017144132121956e-05,0.005370952164522548,-3.8227083407951835e-05,nan
18.604,26.675027671999942,ABORT,-0.10856800526380539,-0.02503771334886551,0.8731152415275574,0.02514817751944065,-0.009074948728084564,0.03748738020658493,-0.015105753163379292,0.02755564340151361,0.001744679179331607,0.007727727293968201,-0.009081661701202393,-0.002565862843766807,0.16885982585953277,0.046044426391472396,0.0017446791793316071,0.041599186222366406,True,True,-0.0023617585248700834,0.0062720008509896535,-0.0013846479806617178,nan,0.044709685778792085,-0.009592181739804294,0.010863454923829362,nan,0.05520775775272302,-0.014502974943836873,0.013608571530356613,nan,0.04606761028396722,-0.01368814941089656,0.011068433037781576,nan,0.011514014531139871,-0.6735136916429477,-0.0060447742541136825,nan,-8.324093440581493e-05,-0.0035367952951600758,-3.8227083407951835e-05,nan
18.642,26.783091491999926,ABORT,-0.10946089029312134,-0.02371022291481495,0.877410888671875,0.024339834228157997,-0.009651117958128452,0.03283332288265228,-0.015102369630205266,0.027451793930648963,0.0017045367794238766,0.0063592009246349335,-0.0029728629160672435,-0.006092770025134087,0.16604803940622842,0.04199522234269536,0.0017045367794238766,0.04193468156534429,True,True,-0.002328830566352025,0.007253192224024117,-0.0013164427115354036,nan,0.044440374707428454,-0.01658062858093924,0.010328340673081478,nan,0.05487291933822913,-0.01857428084321065,0.012938237772884841,nan,0.045792426273069786,-0.014265610909798894,0.01052322193381008,nan,-0.011175312434718698,0.8796983491322383,-0.0057470195463701235,nan,-7.756501282418782e-05,0.00538195044625755,-3.6344086033769115e-05,nan
18.652,26.863888984999903,ABORT,-0.10946089029312134,-0.02371022291481495,0.877410888671875,0.024339834228157997,-0.009651117958128452,0.03283332288265228,-0.015102369630205266,0.027451793930648963,0.0017045367794238766,0.0063592009246349335,-0.0029728629160672435,-0.006092770025134087,0.16604803940622842,0.04199522234269536,0.0017045367794238766,0.04177079766730267,True,True,-0.002291439566311837,0.008338847955851934,-0.0012986653660859507,nan,0.04416983258661045,-0.016764795626965347,0.010188865951959086,nan,0.05453431646428353,-0.018679771537345118,0.012763518796980854,nan,0.04551290833249144,-0.014327210431628785,0.010381115520884287,nan,-0.017521301326052452,0.8686073534597927,-0.00566941134444433,nan,-7.959341795427122e-05,0.005421696315729915,-3.585329265035376e-05,nan
18.674,26.947543514999893,ABORT,-0.10975569486618042,-0.023228958249092102,0.8790547251701355,0.024494072422385216,-0.009805416688323021,0.030666334554553032,-0.015055754032156107,0.027508161048062623,0.0015793925603988712,0.012199090793728828,-0.0005743385991081599,-0.0025664567947387695,0.16496562235983478,0.04045404621637332,0.0015793925603988714,0.04181796382785487,True,True,-0.0022633960335625147,0.006050445562086752,-0.0012598205888136576,nan,0.04390462926869798,-0.009759375341052515,0.00988410366376936,nan,0.05419970910732541,-0.014704218247092091,0.012381745279470543,nan,0.045235142518277094,-0.013939530211006416,0.010070602796992945,nan,0.011738337484094252,-0.6691988507591123,-0.005499831846375713,nan,-8.270241284336066e-05,-0.0035490666760529914,-3.4780873839587416e-05,nan
18.709,27.023733668999967,ABORT,-0.1103738397359848,-0.022159455344080925,0.8831157088279724,0.023009637370705605,-0.009811073541641235,0.025651706382632256,-0.014762988242054605,0.027899174626095386,0.00153197653142962,0.00621075602248311,0.008174140006303787,-0.007060638628900052,0.16228174106164409,0.0358289075511889,0.00153197653142962,0.04177280163490704,True,True,-0.0022506457571545013,0.008346536673969864,-0.0011988113566323696,nan,0.04338660919046067,-0.01301215073889427,0.009405446956075234,nan,0.05355493711336923,-0.015740659433420724,0.01178213547846219,nan,0.04470078893195417,-0.012647906960484363,0.009582914510499835,nan,-0.01738048647202106,-0.46895325643005864,-0.005233491923808209,nan,-9.235531629325777e-05,-7.989281073386006e-05,-3.30965432083936e-05,nan
18.712,27.1009530959999,ABORT,-0.1103738397359848,-0.022159455344080925,0.8831157088279724,0.023009637370705605,-0.009811073541641235,0.025651706382632256,-0.014762988242054605,0.027899174626095386,0.00153197653142962,0.00621075602248311,0.008174140006303787,-0.007060638628900052,0.16228174106164409,0.0358289075511889,0.00153197653142962,0.041823735012083585,True,True,-0.0022506457571545013,0.008346536673969864,-0.001193628975976291,nan,0.04338660919046067,-0.01301215073889427,0.009364787843115324,nan,0.05355493711336923,-0.015740659433420724,0.011731202101285646,nan,0.04470078893195417,-0.012647906960484363,0.0095414882172692,nan,-0.01738048647202106,-0.46895325643005864,-0.005210867891128141,nan,-9.235531629325777e-05,-7.989281073386006e-05,-3.295346908388074e-05,nan
18.734,27.177292025999918,ABORT,-0.1106720119714737,-0.021598361432552338,0.8856133222579956,0.02288401871919632,-0.010684509761631489,0.022834839299321175,-0.014708325599197438,0.028157066975205414,0.0013990772110670862,0.005874278023838997,0.012012740597128868,-0.004124793689697983,0.16062096841707293,0.03404800944861166,0.0013990772110670862,0.0418852478403576,True,True,-0.0022222621891048178,0.00660313461300681,-0.0011558604458864088,nan,0.04313868867504045,-0.00898218332074553,0.009068469407021086,nan,0.0532452539766739,-0.013674930165893256,0.011360006136316301,nan,0.044443852176377696,-0.013148619752157958,0.009239578669085324,nan,0.01236867660584906,-0.678735364544773,-0.005045986822804962,nan,-8.348018918535871e-05,-0.0035853881883812083,-3.1910763089212205e-05,nan
18.74,27.25410591499997,ABORT,-0.11083343625068665,-0.02127237617969513,0.8872607946395874,0.022867176681756973,-0.01186150312423706,0.021806446835398674,-0.01462366153017865,0.028453310756431004,0.0012927250911709998,0.005874278023838997,0.012012740597128868,-0.004124793689697983,0.15952019622844865,0.03375091331128751,0.0012927250911709998,0.04198576217716904,True,True,-0.0022222621891048178,0.00660313461300681,-0.0011456332906568502,nan,0.04313868867504045,-0.00898218332074553,0.008988230789417916,nan,0.0532452539766739,-0.013674930165893256,0.011259491799504862,nan,0.044443852176377696,-0.013148619752157958,0.009157826061631066,nan,0.01236867660584906,-0.678735364544773,-0.005001339486089881,nan,-8.348018918535871e-05,-0.0035853881883812083,-3.162841384128309e-05,nan
18.759,27.328691732999914,ABORT,-0.11121924221515656,-0.020628679543733597,0.8897898197174072,0.022646205499768257,-0.012398706749081612,0.02169070579111576,-0.014682791167625841,0.028739312192697864,0.0012341458815801505,0.002275895792990923,0.005908220075070858,-2.746225800365282e-05,0.15792892735833203,0.033720398430389265,0.0012341458815801505,0.04198938223477479,True,True,-0.002195348617465953,0.008315367650950369,-0.0011134605872860424,nan,0.0428857285895754,-0.015658301219030876,0.008735815216847999,nan,0.05293267486939346,-0.017194246004253025,0.01094329263461867,nan,0.044185318814629504,-0.013155976270375451,0.008900647762252752,nan,0.011245977570240484,0.8713555546182091,-0.00486088737715158,nan,-7.946266206637631e-05,0.005655661342528009,-3.074019630701316e-05,nan
18.759,27.404733912999973,ABORT,-0.11121924221515656,-0.020628679543733597,0.8897898197174072,0.022646205499768257,-0.012398706749081612,0.02169070579111576,-0.014682791167625841,0.028739312192697864,0.0012341458815801505,0.002275895792990923,0.005908220075070858,-2.746225800365282e-05,0.15792892735833203,0.033720398430389265,0.0012341458815801505,0.04198938223477479,True,True,-0.002195348617465953,0.008315367650950369,-0.0011134605872860424,nan,0.0428857285895754,-0.015658301219030876,0.008735815216847999,nan,0.05293267486939346,-0.017194246004253025,0.01094329263461867,nan,0.044185318814629504,-0.013155976270375451,0.008900647762252752,nan,0.011245977570240484,0.8713555546182091,-0.00486088737715158,nan,-7.946266206637631e-05,0.005655661342528009,-3.074019630701316e-05,nan
18.778,27.478927729999896,ABORT,-0.11167983710765839,-0.019953185692429543,0.8915882110595703,0.022699324414134026,-0.013094454072415829,0.021428629755973816,-0.014676666764358883,0.028964263420569243,0.0012283698226217613,0.003388536162674427,0.009395773522555828,-5.9448746469571476e-05,0.156919188173193,0.033851295832380106,0.0012283698226217613,0.041996562976559626,True,True,-0.0021627504498162864,0.007891029407793671,-0.0010816203397943608,nan,0.042641685047917655,-0.008564438322328206,0.008486007974703936,nan,0.05262692388297996,-0.013310259321619129,0.010630360906420337,nan,0.043930442443048,-0.013282125707371188,0.008646127008826564,nan,-0.016698542993789367,-0.5382504087709596,-0.0047218866268017735,nan,-8.693811730609013e-05,-0.0052188645125623365,-2.986115714789587e-05,nan
18.785,27.558190178999894,ABORT,-0.11167983710765839,-0.019953185692429543,0.8915882110595703,0.022699324414134026,-0.013094454072415829,0.021428629755973816,-0.014676666764358883,0.028964263420569243,0.0012283698226217613,0.007170343305915594,0.0058359866961836815,0.0006676845951005809,0.156919188173193,0.033851295832380106,0.0012283698226217613,0.04180956176799707,True,True,-0.002143906156097941,0.006300255695634405,-0.0010699756301565423,nan,0.0423994915504986,-0.008610829929698458,0.008394647730065388,nan,0.05232547635573592,-0.013156337092354253,0.010515914587738852,nan,0.043679772896020985,-0.012747208705421415,0.008553042924878376,nan,0.012471876148345551,-0.6827133290611977,-0.004671050860600984,nan,-8.405166429525934e-05,-0.003705852447438887,-2.95396723425134e-05,nan
18.805,27.631903638999916,ABORT,-0.11230897903442383,-0.0190240778028965,0.8942762613296509,0.02171247825026512,-0.01280464418232441,0.018887368962168694,-0.014609803241931498,0.029257782312926323,0.0012707820752583619,0.0015526021597906947,0.005627495236694813,0.0003414375823922448,0.15541149000779056,0.03149798931229204,0.0012707820752583619,0.04183628616281075,True,True,-0.002119178301734692,0.006240455783155276,-0.0010369661993215491,nan,0.04215837987017412,-0.015274824561036198,0.00813566749180596,nan,0.052027778076362274,-0.016718027739586225,0.01019149191355152,nan,0.04343392756452058,-0.012816755919906553,0.008289176093802801,nan,-0.011237626095590869,0.8756434960099957,-0.0045269459614200695,nan,-8.01256022988639e-05,0.005387512857592077,-2.862835460443006e-05,nan
18.841,27.704609208999955,ABORT,-0.11320199072360992,-0.01767600141465664,0.8986201882362366,0.021218426525592804,-0.014623818919062614,0.015809660777449608,-0.014616454065080584,0.02967577635983265,0.0012315513194004243,0.0015173798892647028,0.009708629921078682,-0.0009354649810120475,0.1529869208888633,0.03023281458775452,0.0012315513194004243,0.04211426717815308,True,True,-0.002104369076738166,0.00660125836584571,-0.000978555659672641,nan,0.04192204340404171,-0.008160974770532481,0.007677399200215186,nan,0.05173168971230968,-0.012698483601163936,0.009617422534156601,nan,0.043185794494001506,-0.012428733870662418,0.007822260924146712,nan,-0.019048190341481863,-0.5910266051239719,-0.004271950806572214,nan,-8.131754926399282e-05,-0.0034489822755738725,-2.7015768154843646e-05,nan
18.873,27.81204078899998,ABORT,-0.11349713802337646,-0.017222171649336815,0.9002296328544617,0.021493444219231606,-0.015253087505698204,0.013807366602122784,-0.014615633016046022,0.02991300545364377,0.0013115239207278804,-0.0020776926539838314,0.009395025670528412,-0.004154124762862922,0.1520931612406426,0.029753456863818747,0.0013115239207278804,0.04201402920697354,True,True,-0.002053171392869757,0.008184227990912367,-0.0009277675992335286,nan,0.04143865109021139,-0.015384926624704079,0.007278934165813194,nan,0.051132297470133814,-0.016849805915019275,0.009118268263160277,nan,0.04268922462414171,-0.012963890162082256,0.007416277415023712,nan,0.011216448328426054,0.8718922534409496,-0.004050232099401601,nan,-7.999856480811474e-05,0.005536604299728825,-2.5613621580660776e-05,nan
18.883,27.889195805999975,ABORT,-0.11387313157320023,-0.016610318794846535,0.9024591445922852,0.02151695266366005,-0.01574034057557583,0.012531423009932041,-0.01471696719369635,0.030177152997184927,0.0012684438541719035,0.0008614571997895837,0.005595371127128601,-0.0013773003593087203,0.15085493448483062,0.029458006314398814,0.0012684438541719035,0.04187317561025133,True,True,-0.002026324886353237,0.006968314118113472,-0.0009121225640103007,nan,0.041204031931006746,-0.008065951223418327,0.007156188791318779,nan,0.05083768162921398,-0.012625359866896441,0.008964506018962655,nan,0.04244257159152465,-0.012193268203670204,0.0072912160079653815,nan,-0.018866252424825092,-0.6362249516711055,-0.003981932641746757,nan,-8.039778801549602e-05,-0.0033826191191620586,-2.518169658979568e-05,nan
18.892,27.962932252999963,ABORT,-0.11387313157320023,-0.016610318794846535,0.9024591445922852,0.02151695266366005,-0.01574034057557583,0.012531423009932041,-0.01471696719369635,0.030177152997184927,0.0012684438541719035,0.0008614571997895837,0.005595371127128601,-0.0013773003593087203,0.15085493448483062,0.029458006314398814,0.0012684438541719035,0.04201063686934628,True,True,-0.002026324886353237,0.006968314118113472,-0.0008981361250662528,nan,0.041204031931006746,-0.008065951223418327,0.007046456172533647,nan,0.05083768162921398,-0.012625359866896441,0.008827044759867703,nan,0.04244257159152465,-0.012193268203670204,0.007179412889012915,nan,-0.018866252424825092,-0.6362249516711055,-0.003920873898140812,nan,-8.039778801549602e-05,-0.0033826191191620586,-2.479556179195426e-05,nan
18.904,28.038079086999915,ABORT,-0.11408121883869171,-0.01624731533229351,0.9038424491882324,0.022031886503100395,-0.01575450599193573,0.0104792769998312,-0.014742476412173574,0.030357063032123807,0.0012481029711099692,0.0003523069608490914,0.01113163772970438,0.0015192702412605273,0.150082558364875,0.029041758355420343,0.0012481029711099692,0.0419049746116656,True,True,-0.002014586404030183,0.005746278512805425,-0.0008796279420277492,nan,0.04097302039903905,-0.007942292684321232,0.006901247559970125,nan,0.050550117591229515,-0.012288288297502278,0.008645142979563918,nan,0.04220290897732415,-0.012062547625068731,0.007031464394179749,nan,-0.018904995162162486,-0.6747696939124541,-0.0038400751753722238,nan,-8.360251831085463e-05,-0.004100731482393163,-2.428459159113513e-05,nan
18.904,28.11231464399998,ABORT,-0.11408121883869171,-0.01624731533229351,0.9038424491882324,0.022031886503100395,-0.01575450599193573,0.0104792769998312,-0.014742476412173574,0.030357063032123807,0.0012481029711099692,0.0003523069608490914,0.01113163772970438,0.0015192702412605273,0.150082558364875,0.029041758355420343,0.0012481029711099692,0.0419049746116656,True,True,-0.002014586404030183,0.005746278512805425,-0.0008796279420277492,nan,0.04097302039903905,-0.007942292684321232,0.006901247559970125,nan,0.050550117591229515,-0.012288288297502278,0.008645142979563918,nan,0.04220290897732415,-0.012062547625068731,0.007031464394179749,nan,-0.018904995162162486,-0.6747696939124541,-0.0038400751753722238,nan,-8.360251831085463e-05,-0.004100731482393163,-2.428459159113513e-05,nan
18.933,28.188583852999955,ABORT,-0.11433927714824677,-0.01575860008597374,0.9059094190597534,0.022089669480919838,-0.01648513413965702,0.008806935511529446,-0.014722335515955809,0.030627646141904042,0.0012760951324527676,-0.002690827939659357,0.013717977330088615,-0.0003331519546918588,0.1489121929095342,0.028935709054436615,0.0012760951324527674,0.04206345447671209,True,True,-0.0020109374347061504,0.0075386659157954065,-0.0008355752429111052,nan,0.040749469016165385,-0.014195285068892291,0.006555625771753615,nan,0.05027563953815761,-0.015262673209391665,0.008212185061445526,nan,0.041974759531338,-0.011666034089225764,0.006679321208968806,nan,0.011346099340745042,0.8815879897204622,-0.003647760142841537,nan,-8.079833116969581e-05,0.005467301434531667,-2.306839351985886e-05,nan
18.96,28.261674753999955,ABORT,-0.11460582166910172,-0.015094583854079247,0.909130334854126,0.022806599736213684,-0.01772403158247471,0.0062674228101968765,-0.014764066626039095,0.031163138573063392,0.0012499259528631719,0.004321104846894741,0.0060927183367311954,-0.0015436107059940702,0.14703617536477562,0.029556097099349893,0.001249925952863172,0.04219357839290398,True,True,-0.001994157256667961,0.00670966121092028,-0.0007954413225739173,nan,0.040537588121943635,-0.007089456263729178,0.006240749326195779,nan,0.05001132000494568,-0.011278639031032437,0.007817741612041698,nan,0.04175279590095027,-0.011129896381593942,0.00635850348778632,nan,-0.018476065916861906,-0.6717098170013254,-0.0034725528036772934,nan,-8.267097798331235e-05,-0.004175556963100648,-2.196038430622134e-05,nan
18.96,28.334105784999906,ABORT,-0.11460582166910172,-0.015094583854079247,0.909130334854126,0.022806599736213684,-0.01772403158247471,0.0062674228101968765,-0.014764066626039095,0.031163138573063392,0.0012499259528631719,0.004321104846894741,0.0060927183367311954,-0.0015436107059940702,0.14703617536477562,0.029556097099349893,0.001249925952863172,0.04219357839290398,True,True,-0.001994157256667961,0.00670966121092028,-0.0007954413225739173,nan,0.040537588121943635,-0.007089456263729178,0.006240749326195779,nan,0.05001132000494568,-0.011278639031032437,0.007817741612041698,nan,0.04175279590095027,-0.011129896381593942,0.00635850348778632,nan,-0.018476065916861906,-0.6717098170013254,-0.0034725528036772934,nan,-8.267097798331235e-05,-0.004175556963100648,-2.196038430622134e-05,nan
18.991,28.411178492999966,ABORT,-0.11504299938678741,-0.014315860345959663,0.9105563163757324,0.02280554361641407,-0.018902767449617386,0.005206068512052298,-0.014773780134026958,0.03131389272690793,0.0012621514067001278,0.00042326562106609344,0.004924019332975149,0.0020836596377193923,0.1464240694204046,0.030075082481128154,0.0012621514067001278,0.04209755628431565,True,True,-0.0019560511115859214,0.00737176118594873,-0.0007504407183072659,nan,0.04010169967088206,-0.013962125027623609,0.00588769061176193,nan,0.049473023794473825,-0.015049939716112102,0.007375467510158176,nan,0.04130474975938636,-0.01147755134323503,0.005998783052021048,nan,0.011379303304615007,0.8816234724949746,-0.003276099627209572,nan,-8.063113071088424e-05,0.005508577039247818,-2.0718016659906338e-05,nan
18.991,28.488157746999946,ABORT,-0.11504299938678741,-0.014315860345959663,0.9105563163757324,0.02280554361641407,-0.018902767449617386,0.005206068512052298,-0.014773780134026958,0.03131389272690793,0.0012621514067001278,0.00042326562106609344,0.004924019332975149,0.0020836596377193923,0.1464240694204046,0.030075082481128154,0.0012621514067001278,0.04209755628431565,True,True,-0.0019560511115859214,0.00737176118594873,-0.0007504407183072659,nan,0.04010169967088206,-0.013962125027623609,0.00588769061176193,nan,0.049473023794473825,-0.015049939716112102,0.007375467510158176,nan,0.04130474975938636,-0.01147755134323503,0.005998783052021048,nan,0.011379303304615007,0.8816234724949746,-0.003276099627209572,nan,-8.063113071088424e-05,0.005508577039247818,-2.0718016659906338e-05,nan
19.015,28.564175681999927,ABORT,-0.11561507731676102,-0.013264767825603485,0.9126721620559692,0.022851882502436638,-0.019834933802485466,0.0032591908238828182,-0.014808827607474876,0.0314537468559439,0.0012957244445727467,0.0013041895581409335,-0.000438472256064415,0.00010086533438880002,0.14549553755495973,0.030434445250088465,0.0012957244445727467,0.04217430392330071,True,True,-0.001948714733997825,0.006273874385660936,-0.0007164147481959413,nan,0.039895460658692095,-0.006697895329767373,0.005620734968373571,nan,0.04921535802686261,-0.010719204407387368,0.0070410541035619,nan,0.041087427777712016,-0.01073742408893019,0.00572679033113991,nan,0.011299819732833782,-0.680049508470749,-0.0031275569571788224,nan,-8.326929405111372e-05,-0.0037849131402660323,-1.977863450960668e-05,nan
19.028,28.639652687999956,ABORT,-0.11594562232494354,-0.012636329978704453,0.9140839576721191,0.023547880351543427,-0.02092551253736019,0.001695721410214901,-0.01482395685985133,0.03153103793731703,0.0013179300515735314,-0.005567345768213272,-0.002555885585024953,-0.0006484639598056671,0.1448607279456215,0.031547665763141414,0.0013179300515735314,0.04209689291810986,True,True,-0.00193492325336031,0.007511957332656893,-0.0006982864119873078,nan,0.03968746116084265,-0.013313211966498996,0.005478506498757491,nan,0.0489597784449165,-0.014318179904846578,0.006862885526806639,nan,0.04087617513308661,-0.01102940902529383,0.005581878210359752,nan,0.011465554723579352,0.98974403113949,-0.0030484164813941433,nan,-8.089185007253974e-05,0.004425147095149285,-1.9278151043792044e-05,nan
19.044,28.714665225999966,ABORT,-0.11634651571512222,-0.01180371642112732,0.9161523580551147,0.024405809119343758,-0.021155057474970818,-0.0005955033702775836,-0.014991198347029616,0.03155981710530613,0.0013027698252120682,0.0008872571052052081,-0.00604855502024293,-0.005242619197815656,0.1438967216447868,0.032303786152758834,0.0013027698252120682,0.04206313612100067,True,True,-0.0019199061385686278,0.007257896873936336,-0.0006762706980718933,nan,0.03948672807218312,-0.013280202184530035,0.005305779048115682,nan,0.04870964721777593,-0.01424155801295487,0.006646511096775262,nan,0.04066722123547972,-0.010818659902369684,0.005405891635681569,nan,0.011446285517775046,0.8823515486805975,-0.0029523053957460563,nan,-8.053255589590691e-05,0.00551220155537208,-1.867034563484763e-05,nan
19.099,28.826510720999977,ABORT,-0.11691032350063324,-0.010156731121242046,0.9207232594490051,0.02724318951368332,-0.020591922104358673,-0.0029693457763642073,-0.015445683740469875,0.03151717242871032,0.001021173098432988,-0.008674717508256435,-0.0022802702151238927,-0.005773863289505243,0.1416191530848906,0.03427879293630468,0.001021173098432988,0.04229936139922382,True,True,-0.001901065126369339,0.008346152629268296,-0.0006031385014609184,nan,0.039099089081028104,-0.012605676822374116,0.004732009879013021,nan,0.0482271160014589,-0.013449163329827327,0.005927754602235082,nan,0.040264584295802486,-0.010163435600759756,0.00482129624941768,nan,0.011542201616205894,0.8939585421379307,-0.0026330418533910237,nan,-7.835318465421182e-05,0.005450759511577134,-1.665132663601267e-05,nan
19.124,28.909613907999983,ABORT,-0.1169990599155426,-0.009592073038220406,0.9225602746009827,0.027871452271938324,-0.02121150679886341,-0.004339743871241808,-0.01550093708408054,0.031564964546525694,0.0010254968927540758,-8.531467756256461e-05,-0.012286556884646416,0.002433433197438718,0.14063320716020983,0.03529276482925566,0.0010254968927540758,0.042155272773873806,True,True,-0.0018761228875607827,0.007807716981148984,-0.000571231116433024,nan,0.03873079922281786,-0.005731644878531799,0.004481675899670377,nan,0.04776943580802584,-0.009572303168171021,0.005614163034152034,nan,0.03988028652695608,-0.009759542227871901,0.004566238820002882,nan,0.011416583065993358,-0.6880056273977955,-0.0024937480095936007,nan,-8.401680140401879e-05,-0.003754886201795961,-1.5770433957277048e-05,nan
19.127,28.988250231999928,ABORT,-0.1169990599155426,-0.009592073038220406,0.9225602746009827,0.027871452271938324,-0.02121150679886341,-0.004339743871241808,-0.01550093708408054,0.031564964546525694,0.0010254968927540758,-8.531467756256461e-05,-0.012286556884646416,0.002433433197438718,0.14063320716020983,0.03529276482925566,0.0010254968927540758,0.0421923428226249,True,True,-0.0018761228875607827,0.007807716981148984,-0.0005674593048191653,nan,0.03873079922281786,-0.005731644878531799,0.004452083609051683,nan,0.04776943580802584,-0.009572303168171021,0.00557709298540094,nan,0.03988028652695608,-0.009759542227871901,0.004536088164484524,nan,0.011416583065993358,-0.6880056273977955,-0.0024772819113121278,nan,-8.401680140401879e-05,-0.003754886201795961,-1.5666302539634602e-05,nan
19.166,29.06848575999993,ABORT,-0.11700091511011124,-0.008874082937836647,0.925595760345459,0.028058186173439026,-0.022842787206172943,-0.0063443612307310104,-0.015515942642935461,0.03129729258385917,0.0010375355706729633,0.00934746116399765,-0.010052906349301338,-0.0010870073456317173,0.13893867123001225,0.036732896130251776,0.0010375355706729633,0.04221183995643266,True,True,-0.0018550647130632925,0.007374347344187328,-0.0005195534431307628,nan,0.038365748929447996,-0.011991063241943668,0.004076231279573361,nan,0.04731810544299275,-0.012582449502220802,0.0051062654865600896,nan,0.03950361650022938,-0.009444150345616301,0.00415314403022023,nan,0.011731125513115614,0.8863986715576937,-0.0022681456374002602,nan,-8.06684685805692e-05,0.005533779096067578,-1.4343727129805756e-05,nan
19.184,29.15000201099997,ABORT,-0.11740965396165848,-0.00822709035128355,0.9268293380737305,0.02843751199543476,-0.022343307733535767,-0.007538373116403818,-0.015380402305069355,0.031198077985761987,0.0010277723764784653,0.008871590718626976,-0.011077478528022764,0.012213861569762232,0.13858808616101528,0.03694242220277516,0.0010277723764784653,0.042211445361314014,True,True,-0.0018514922577175241,0.005789606560178066,-0.0004981571029917223,nan,0.03819805824992262,-0.005025911959833776,0.0039083632149954535,nan,0.047107423735671894,-0.008721052888816565,0.00489597837435788,nan,0.039326775285716487,-0.00907038804728846,0.003982108531385795,nan,0.011460670626589398,-0.6825609731494149,-0.0021747384697944384,nan,-8.40420029968314e-05,-0.003890470127722683,-1.3753021267707053e-05,nan
19.192,29.224771098999895,ABORT,-0.11740965396165848,-0.00822709035128355,0.9268293380737305,0.02843751199543476,-0.022343307733535767,-0.007538373116403818,-0.015380402305069355,0.031198077985761987,0.0010277723764784653,0.008871590718626976,-0.011077478528022764,0.012213861569762232,0.13858808616101528,0.03694242220277516,0.0010277723764784653,0.04230346793571636,True,True,-0.0018514922577175241,0.005789606560178066,-0.0004887939695035915,nan,0.03819805824992262,-0.005025911959833776,0.003834903404260386,nan,0.047107423735671894,-0.008721052888816565,0.004803955799955531,nan,0.039326775285716487,-0.00907038804728846,0.003907262637350216,nan,0.011460670626589398,-0.6825609731494149,-0.002133863078332243,nan,-8.40420029968314e-05,-0.003890470127722683,-1.3494525758516682e-05,nan
19.198,29.298678414999927,ABORT,-0.11740965396165848,-0.00822709035128355,0.9268293380737305,0.02843751199543476,-0.022343307733535767,-0.007538373116403818,-0.015380402305069355,0.031198077985761987,0.0010277723764784653,0.008871590718626976,-0.011077478528022764,0.012213861569762232,0.13858808616101528,0.03694242220277516,0.0010277723764784653,0.04237190108933184,True,True,-0.0018514922577175241,0.005789606560178066,-0.00048183101767924983,nan,0.03819805824992262,-0.005025911959833776,0.003780274564051927,nan,0.047107423735671894,-0.008721052888816565,0.004735522646340057,nan,0.039326775285716487,-0.00907038804728846,0.0038516030277675715,nan,0.011460670626589398,-0.6825609731494149,-0.002103465841988967,nan,-8.40420029968314e-05,-0.003890470127722683,-1.3302293982735334e-05,nan
19.214,29.373002524999947,ABORT,-0.11794319748878479,-0.007343471050262451,0.9285386800765991,0.028294943273067474,-0.0231296569108963,-0.008466027677059174,-0.015235179366651459,0.03106135300664436,0.0012207670903280564,-0.002776585053652525,-0.010276945307850838,-0.0010361522436141955,0.13809867720633381,0.03751344383378592,0.0012207670903280564,0.0423372498396006,True,True,-0.0018436038884903638,0.006523644715211795,-0.00046351315459735795,nan,0.03802401942469391,-0.011891817962829987,0.003636559134086899,nan,0.046892741204694666,-0.012511392657218741,0.004555491365094068,nan,0.039148484084480906,-0.009370867053302218,0.0037051758897882307,nan,0.011803865348199771,0.8814443846403728,-0.002023497973841798,nan,-7.896671412854772e-05,0.005443870107040826,-1.2796578097061436e-05,nan
19.231,29.446176904999902,ABORT,-0.11824756115674973,-0.006820006296038628,0.9297065734863281,0.028052715584635735,-0.023361820727586746,-0.009307585656642914,-0.015277909715064793,0.030952542581930045,0.0012463942910283918,0.0065125152468681335,-0.00759509252384305,-0.0020544978324323884,0.13773221851270043,0.03767440338128941,0.0012463942910283918,0.042315506631378286,True,True,-0.001842228025018322,0.009369715523043574,-0.00044445103939648976,nan,0.03785740829015882,-0.008826891044225208,0.0034870045670564315,nan,0.046683652070393045,-0.010575856958538209,0.004368145439014759,nan,0.038973259975084495,-0.008480098890716058,0.003552799438440314,nan,0.011531378680417426,-0.47583022361768373,-0.001940281022815668,nan,-9.221518815927254e-05,0.0001860104887774494,-1.2270315048335255e-05,nan
19.232,29.521806567999988,ABORT,-0.11824756115674973,-0.006820006296038628,0.9297065734863281,0.028052715584635735,-0.023361820727586746,-0.009307585656642914,-0.015277909715064793,0.030952542581930045,0.0012463942910283918,0.0065125152468681335,-0.00759509252384305,-0.0020544978324323884,0.13773221851270043,0.03767440338128941,0.0012463942910283918,0.04232640008241467,True,True,-0.001842228025018322,0.009369715523043574,-0.00044334265010329173,nan,0.03785740829015882,-0.008826891044225208,0.0034783085394068936,nan,0.046683652070393045,-0.010575856958538209,0.004357251987978372,nan,0.038973259975084495,-0.008480098890716058,0.003543939328980804,nan,0.011531378680417426,-0.47583022361768373,-0.0019354422745152845,nan,-9.221518815927254e-05,0.0001860104887774494,-1.2239714859297099e-05,nan
19.243,29.59482772299998,ABORT,-0.11863389611244202,-0.006124282721430063,0.9314054250717163,0.02800392359495163,-0.024756018072366714,-0.009923184290528297,-0.015227111795291428,0.030878259636617788,0.0012400733203496827,0.0024626480881124735,-0.009790612384676933,-0.00014803846715949357,0.13717406407649232,0.03867233835669914,0.0012400733203496827,0.042240915757178005,True,True,-0.0018368587555235294,0.006801091416375523,-0.0004312453933910257,nan,0.03769441961062814,-0.004631655459266482,0.0033833977715936256,nan,0.04647927371173477,-0.00829462555571945,0.004238357954556765,nan,0.03880252171216281,-0.008658840608207841,0.0034472377284797268,nan,0.011517122032781657,-0.6824410953857686,-0.0018826308835039988,nan,-8.365094311191257e-05,-0.0037802898800412196,-1.1905736225156308e-05,nan
19.259,29.671171531999903,ABORT,-0.11884608864784241,-0.005731858313083649,0.9325852990150452,0.028361443430185318,-0.025049269199371338,-0.011143515817821026,-0.01521656305575819,0.030692984989402847,0.0012736802994104115,0.0024626480881124735,-0.009790612384676933,-0.00014803846715949357,0.13675521524060044,0.03944635985294718,0.0012736802994104115,0.04241078610570947,True,True,-0.0018368587555235294,0.006801091416375523,-0.00041396138716423645,nan,0.03769441961062814,-0.004631655459266482,0.00324779361431303,nan,0.04647927371173477,-0.00829462555571945,0.004068487606025302,nan,0.03880252171216281,-0.008658840608207841,0.0033090749114911173,nan,0.011517122032781657,-0.6824410953857686,-0.0018071763872661156,nan,-8.365094311191257e-05,-0.0037802898800412196,-1.1428562851936011e-05,nan
19.264,29.748821196999984,ABORT,-0.11884608864784241,-0.005731858313083649,0.9325852990150452,0.028361443430185318,-0.025049269199371338,-0.011143515817821026,-0.01521656305575819,0.030692984989402847,0.0012736802994104115,0.002986655803397298,0.0005788324051536617,-0.0014456954086199403,0.13675521524060044,0.03944635985294718,0.0012736802994104115,0.04225872399718505,True,True,-0.00183282843331245,0.007010066114803393,-0.0004086362368975571,nan,0.03752919461034576,-0.011338984046492665,0.00320601438183472,nan,0.04627487506040229,-0.011804520039151164,0.0040161510632172395,nan,0.03863279031840694,-0.00885152202550736,0.003266507363662321,nan,0.011870262088413241,0.8737447959441713,-0.0017839290842108467,nan,-7.900611315125872e-05,0.005555037324034059,-1.1281547172682315e-05,nan
19.301,29.85240961999989,ABORT,-0.11927679926156998,-0.004786205943673849,0.9359111189842224,0.027309661731123924,-0.026200728490948677,-0.013354740105569363,-0.015143937576931768,0.030818805638346537,0.0012860674384382474,0.00250076362863183,-0.0014144099550321703,-0.002871735719963908,0.13548891939665994,0.04013284042541877,0.0012860674384382474,0.04244614688023305,True,True,0.0018431562295582182,0.007131819318699793,-0.000370362846783376,nan,0.03737866968354364,-0.0038580515340130342,0.0029057349937921043,nan,0.046086140122580055,-0.0074314451041252155,0.0036399932423470047,nan,0.03847321289237993,-0.008425383614971603,0.002960562125938246,nan,0.011680130020136126,-0.5428106816565926,-0.0016168440153623079,nan,-8.716003291375785e-05,-0.005277843832717566,-1.0224903103840587e-05,nan
19.34,29.928587511999922,ABORT,-0.11943737417459488,-0.0043699247762560844,0.9382932186126709,0.027950385585427284,-0.026974588632583618,-0.016077091917395592,-0.01537458344293294,0.030982056253313413,0.0013685179117309848,-0.00344938226044178,-0.0023951707407832146,-0.0011236197315156458,0.1345069123184974,0.04203956910806243,0.0013685179117309848,0.04244544650085826,True,True,0.0018396419773649697,0.0019904476453422564,-0.00033219529857881486,nan,0.037074494998772245,-0.010770163304533202,0.00260628600367753,nan,0.0457103221558226,-0.011114461817402554,0.00326487565496434,nan,0.038159361364178856,-0.00821965861778405,0.002655462954583087,nan,0.012093545092120905,0.8735328919765036,-0.0014502210065168997,nan,-7.955929055292188e-05,0.0056770360785451494,-9.171181097186222e-06,nan
19.369,30.001661439999907,ABORT,-0.11945825070142746,-0.004142793361097574,0.9398731589317322,0.02918415330350399,-0.02785865031182766,-0.01700613833963871,-0.015503821585609472,0.031010888357236314,0.00141637116268953,0.004720274358987808,0.005415668711066246,-0.0004614816862158484,0.13380087224800363,0.043783877654520825,0.00141637116268953,0.04234719370057681,True,True,-0.0018447368975893497,-0.0008204351085461005,-0.00030527048377787655,nan,0.03678559571169426,-0.0035930018254460416,0.0023950434958289538,nan,0.045347447391491436,-0.006870772130113325,0.0030002536909146255,nan,0.03785405459684288,-0.007617098998009757,0.002440234597743656,nan,0.011748791492282251,-0.6821078728674168,-0.0013326789094795614,nan,-8.346253441438023e-05,-0.003830228009705729,-8.427846216758889e-06,nan
19.369,30.076586522999946,ABORT,-0.11945825070142746,-0.004142793361097574,0.9398731589317322,0.02918415330350399,-0.02785865031182766,-0.01700613833963871,-0.015503821585609472,0.031010888357236314,0.00141637116268953,0.004720274358987808,0.005415668711066246,-0.0004614816862158484,0.13380087224800363,0.043783877654520825,0.00141637116268953,0.04234719370057681,True,True,-0.0018447368975893497,-0.0008204351085461005,-0.00030527048377787655,nan,0.03678559571169426,-0.0035930018254460416,0.0023950434958289538,nan,0.045347447391491436,-0.006870772130113325,0.0030002536909146255,nan,0.03785405459684288,-0.007617098998009757,0.002440234597743656,nan,0.011748791492282251,-0.6821078728674168,-0.0013326789094795614,nan,-8.346253441438023e-05,-0.003830228009705729,-8.427846216758889e-06,nan
19.399,30.15251496799999,ABORT,-0.12048521637916565,-0.00257660448551178,0.9423914551734924,0.029937105253338814,-0.028572743758559227,-0.019240928813815117,-0.015609368924419338,0.03141033149406939,0.0013811871863104968,-0.004827745258808136,0.00912727415561676,-0.005211779382079841,0.13357421417937243,0.04563819999145532,0.0013811871863104968,0.04244559786723261,True,True,-0.0018560459837155818,0.006199274927221065,-0.00027872900060087885,nan,0.036652043275954505,-0.009567602290098879,0.0021868084713810125,nan,0.04518499704683432,-0.009477915496559495,0.002739399179601712,nan,0.03771796791906379,-0.006940796232113329,0.0022280704712863246,nan,0.012352325339512582,0.8846353145210624,-0.0012168102725299522,nan,-8.067177392234726e-05,0.005252473658112063,-7.695094278830985e-06,nan
19.399,30.227201718999936,ABORT,-0.12048521637916565,-0.00257660448551178,0.9423914551734924,0.029937105253338814,-0.028572743758559227,-0.019240928813815117,-0.015609368924419338,0.03141033149406939,0.0013811871863104968,-0.004827745258808136,0.00912727415561676,-0.005211779382079841,0.13357421417937243,0.04563819999145532,0.0013811871863104968,0.04244559786723261,True,True,-0.0018560459837155818,0.006199274927221065,-0.00027872900060087885,nan,0.036652043275954505,-0.009567602290098879,0.0021868084713810125,nan,0.04518499704683432,-0.009477915496559495,0.002739399179601712,nan,0.03771796791906379,-0.006940796232113329,0.0022280704712863246,nan,0.012352325339512582,0.8846353145210624,-0.0012168102725299522,nan,-8.067177392234726e-05,0.005252473658112063,-7.695094278830985e-06,nan
19.411,30.307321711999975,ABORT,-0.12048521637916565,-0.00257660448551178,0.9423914551734924,0.029937105253338814,-0.028572743758559227,-0.019240928813815117,-0.015609368924419338,0.03141033149406939,0.0013811871863104968,0.0003190144198015332,0.0030494187958538532,-0.0009532929398119453,0.13357421417937243,0.04563819999145532,0.0013811871863104968,0.04240227752426577,True,True,-0.001862616375865045,0.007694444621860048,-0.0002684863805514303,nan,0.036536014847185605,-0.0019947707995361125,0.0021064485223086724,nan,0.045041010376000834,-0.004936590006883134,0.0026387328517350622,nan,0.03759408559580901,-0.0061045089731227384,0.0021461942430087352,nan,0.012070436642551918,-0.6081359404744937,-0.0011720954230994216,nan,-8.194199663158486e-05,-0.0032085994685194276,-7.412318081259739e-06,nan
19.415,30.38039095499994,ABORT,-0.12048521637916565,-0.00257660448551178,0.9423914551734924,0.029937105253338814,-0.028572743758559227,-0.019240928813815117,-0.015609368924419338,0.03141033149406939,0.0013811871863104968,0.0003190144198015332,0.0030494187958538532,-0.0009532929398119453,0.13357421417937243,0.04563819999145532,0.0013811871863104968,0.04243536617261875,True,True,-0.001862616375865045,0.007694444621860048,-0.0002651196693560214,nan,0.036536014847185605,-0.0019947707995361125,0.002080034505299526,nan,0.045041010376000834,-0.004936590006883134,0.002605644203382086,nan,0.03759408559580901,-0.0061045089731227384,0.0021192818306524017,nan,0.012070436642551918,-0.6081359404744937,-0.0011573978180479776,nan,-8.194199663158486e-05,-0.0032085994685194276,-7.319370594624259e-06,nan
19.423,30.452048188999925,ABORT,-0.12080367654561996,-0.0020445191767066717,0.9433261156082153,0.031047699972987175,-0.029452579095959663,-0.01991184614598751,-0.015656964134902536,0.031575270191476545,0.0013911219451637525,0.0035794097930192947,-0.0070615606382489204,0.0013217339292168626,0.13345275380319457,0.04720059010179709,0.0013911219451637528,0.042359622849673075,True,True,-0.0018547782105295951,0.006839554206665183,-0.00025845747821443867,nan,0.03642144069261111,-0.002212576988370964,0.0020277653262942355,nan,0.0448997898299881,-0.005201449254278189,0.002540166980315027,nan,0.03747532941728249,-0.006178684114693587,0.0020660264057607465,nan,0.012026369557631256,-0.6916707416184953,-0.0011283135727733207,nan,-8.430453881658195e-05,-0.0038893531550833298,-7.135442159378723e-06,nan
19.441,30.528816821999953,ABORT,-0.12118197232484818,-0.0013520307838916779,0.944720983505249,0.03154485300183296,-0.029553208500146866,-0.020844684913754463,-0.01568132832727074,0.03152695377709054,0.0014067967099655205,0.0005534105002880096,-0.0008639481384307147,-0.0004528628778643905,0.13320160685370055,0.04798927768485483,0.0014067967099655205,0.04250353527722204,True,True,-0.0018547782105295951,0.006839554206665183,-0.00024381464433923796,nan,0.03642144069261111,-0.002212576988370964,0.0019128828666496248,nan,0.0448997898299881,-0.005201449254278189,0.0023962545527660625,nan,0.03747532941728249,-0.006178684114693587,0.0019489762756955131,nan,0.012026369557631256,-0.6916707416184953,-0.0010643892927741719,nan,-8.430453881658195e-05,-0.0038893531550833298,-6.731185742084447e-06,nan
19.454,30.60403131599992,ABORT,-0.12118197232484818,-0.0013520307838916779,0.944720983505249,0.03154485300183296,-0.029553208500146866,-0.020844684913754463,-0.01568132832727074,0.03152695377709054,0.0014067967099655205,0.0005534105002880096,-0.0008639481384307147,-0.0004528628778643905,0.13320160685370055,0.04798927768485483,0.0014067967099655205,0.042458073959000746,True,True,-0.0018437034347353887,0.006908766627417941,-0.00023353788173936406,nan,0.03630186239035016,-0.00914388621790973,0.00183225504728627,nan,0.04475332662472109,-0.009042593242771704,0.0022952526657203445,nan,0.03735302485389891,-0.006594116610034461,0.0018668271227913064,nan,0.012434514271652652,0.8807812733460543,-0.0010195253917343779,nan,-8.018870032699965e-05,0.005442437989904179,-6.447466943836991e-06,nan
19.464,30.677212702999896,ABORT,-0.12137561291456223,-0.0009496500133536756,0.9456251263618469,0.0323379784822464,-0.03001214936375618,-0.020786240696907043,-0.015711143298950955,0.03154958849689956,0.001423179370485187,-0.0045292312279343605,0.00026125350268557624,-0.0035620098933577538,0.13300213580502615,0.04877029591934415,0.001423179370485187,0.04239931502173201,True,True,0.001856948434084238,0.006657343715777671,-0.00022580287763600184,nan,0.03619395703380679,-0.0015469014070377382,0.0017715689598575002,nan,0.04461854666398768,-0.004389273338536666,0.0022192316422556674,nan,0.03723658735025648,-0.005487589412896755,0.001804995974253383,nan,0.012153805957519026,-0.6507111459743122,-0.0009857577090363369,nan,-8.118058384809501e-05,-0.003298838693403458,-6.2339205037672375e-06,nan
19.48,30.75187046999997,ABORT,-0.12158964574337006,-0.00043417635606601834,0.9469785690307617,0.032246530055999756,-0.030716143548488617,-0.022164639085531235,-0.01582201187604653,0.03162616939258165,0.0013624011709631179,-0.0045292312279343605,0.00026125350268557624,-0.0035620098933577538,0.13264804032903046,0.049745265110718966,0.0013624011709631176,0.042517928379291504,True,True,0.001856948434084238,0.006657343715777671,-0.00021373417919414968,nan,0.03619395703380679,-0.0015469014070377382,0.001676882250063072,nan,0.04461854666398768,-0.004389273338536666,0.002100618284696175,nan,0.03723658735025648,-0.005487589412896755,0.0017085226594308056,nan,0.012153805957519026,-0.6507111459743122,-0.0009330709910828662,nan,-8.118058384809501e-05,-0.003298838693403458,-5.90073030062143e-06,nan
19.495,30.847827911999957,ABORT,-0.12158964574337006,-0.00043417635606601834,0.9469785690307617,0.032246530055999756,-0.030716143548488617,-0.022164639085531235,-0.01582201187604653,0.03162616939258165,0.0013624011709631179,-0.001602240838110447,-0.010766329243779182,-0.0025185924023389803,0.13264804032903046,0.049745265110718966,0.0013624011709631176,0.042500757735955345,True,True,0.0018587020631022355,0.002444238515248269,-0.00020276250812361132,nan,0.03609158040045646,-0.0014843179314660334,0.00159080242632555,nan,0.044493544447099076,-0.004225080664271036,0.0019927867111437306,nan,0.03713060181627181,-0.005409871154876329,0.0016208186304986424,nan,0.01219144228794189,-0.6998708149887004,-0.0008851734201926094,nan,-8.397860854536532e-05,-0.003605313769688985,-5.597826608855929e-06,nan
19.536,30.92522213899997,ABORT,-0.12178013473749161,0.000176786765223369,0.9493206739425659,0.032819125801324844,-0.0313427597284317,-0.024123426526784897,-0.016000238419492756,0.03140803219565476,0.0013800425447620796,-0.002066362416371703,-0.005651050712913275,0.0011144652962684638,0.13190461159443093,0.0513945844729829,0.0013800425447620796,0.04251728929843316,True,True,-0.0018483873780033022,-0.0009828065349640723,-0.0001744568537352907,nan,0.03588127380851258,-0.0014879743057104218,0.0013687263428504882,nan,0.044231882903576825,-0.004388719294768499,0.0017145936051436647,nan,0.03690975780885264,-0.005590802689961287,0.0013945522836990853,nan,0.012192075198036001,-0.5996446164352421,-0.0007616031746991714,nan,-8.13323099961849e-05,-0.003283029374682219,-4.816369786377574e-06,nan
19.574,30.999903892999896,ABORT,-0.12172942608594894,0.0005574792739935219,0.9515674710273743,0.034155990928411484,-0.03267352283000946,-0.026561342179775238,-0.01610548139674429,0.03134062593600257,0.0014554829471263258,-0.006423807702958584,-0.01048844214528799,0.00015377881936729082,0.13101173161606433,0.05421896078694228,0.0014554829471263258,0.04252131856026152,True,True,-0.001852292958827384,0.008929178608749255,-0.00015040401604662652,nan,0.035691497281594486,-0.007627288498147909,0.0011800163445907716,nan,0.04399951651339418,-0.007187626861897351,0.0014781979531326567,nan,0.03671445388940864,-0.004966659733436948,0.001202281593210383,nan,0.0128322760586137,0.8822416918293788,-0.0006565988876677982,nan,-8.061467940034817e-05,0.005588350311458958,-4.1523238733628585e-06,nan
19.574,31.07404536599995,ABORT,-0.12172942608594894,0.0005574792739935219,0.9515674710273743,0.034155990928411484,-0.03267352283000946,-0.026561342179775238,-0.01610548139674429,0.03134062593600257,0.0014554829471263258,-0.006423807702958584,-0.01048844214528799,0.00015377881936729082,0.13101173161606433,0.05421896078694228,0.0014554829471263258,0.04252131856026152,True,True,-0.001852292958827384,0.008929178608749255,-0.00015040401604662652,nan,0.035691497281594486,-0.007627288498147909,0.0011800163445907716,nan,0.04399951651339418,-0.007187626861897351,0.0014781979531326567,nan,0.03671445388940864,-0.004966659733436948,0.001202281593210383,nan,0.0128322760586137,0.8822416918293788,-0.0006565988876677982,nan,-8.061467940034817e-05,0.005588350311458958,-4.1523238733628585e-06,nan
19.592,31.147705028999894,ABORT,-0.12199456989765167,0.0012096795253455639,0.9525443911552429,0.03481471538543701,-0.032091379165649414,-0.02641897462308407,-0.016274473324862416,0.031242215028753847,0.0015268980405866097,0.0071150148287415504,-0.009606344625353813,-0.0035540866665542113,0.13090520700069055,0.054220690186105355,0.0015268980405866094,0.04252063750916181,True,True,-0.0018488633971873725,0.007546814066634544,-0.00013973463136920591,nan,0.035608405250486364,-0.0005006940742983923,0.0010963081522365227,nan,0.043893974814248615,-0.003165119974556311,0.0013733373050868053,nan,0.036623165269529245,-0.004477345527544651,0.0011169939450097754,nan,0.012358531356578162,-0.6496826075687862,-0.0006100209684377529,nan,-8.053043729194798e-05,-0.003124732181971849,-3.8577656436383746e-06,nan
19.604,31.221469341999978,ABORT,-0.12228608131408691,0.0020750807598233223,0.9539217352867126,0.03572256490588188,-0.03271433711051941,-0.02652568742632866,-0.01620613232671978,0.031155380892347102,0.0014820462327774465,0.0011426805285736918,-0.0009254646720364684,0.004195354413241148,0.1306958228953896,0.055226276259358116,0.0014820462327774465,0.04248733884041017,True,True,0.00185319505710968,0.00613058503738453,-0.00013287775562338417,nan,0.035526984503943204,-0.00035432877102801053,0.0010425115471618986,nan,0.04379328552682349,-0.0028156827645486313,0.0013059466864133173,nan,0.036537653240183765,-0.004263609364064846,0.0010621822736673198,nan,0.012397730258787654,-0.6901731427997289,-0.0005800868143777498,nan,-8.418390217013183e-05,-0.003983408017607843,-3.668462394932354e-06,nan
19.617,31.2940070489999,ABORT,-0.12228608131408691,0.0020750807598233223,0.9539217352867126,0.03572256490588188,-0.03271433711051941,-0.02652568742632866,-0.01620613232671978,0.031155380892347102,0.0014820462327774465,0.0011426805285736918,-0.0009254646720364684,0.004195354413241148,0.1306958228953896,0.055226276259358116,0.0014820462327774465,0.042558089605087585,True,True,0.00185319505710968,0.00613058503738453,-0.00012567899099020195,nan,0.035526984503943204,-0.00035432877102801053,0.0009860326036383177,nan,0.04379328552682349,-0.0028156827645486313,0.0012351959217359043,nan,0.036537653240183765,-0.004263609364064846,0.0010046376519223452,nan,0.012397730258787654,-0.6901731427997289,-0.0005486601212948729,nan,-8.418390217013183e-05,-0.003983408017607843,-3.469720346476577e-06,nan
19.617,31.369651251999926,ABORT,-0.12228608131408691,0.0020750807598233223,0.9539217352867126,0.03572256490588188,-0.03271433711051941,-0.02652568742632866,-0.01620613232671978,0.031155380892347102,0.0014820462327774465,0.0011426805285736918,-0.0009254646720364684,0.004195354413241148,0.1306958228953896,0.055226276259358116,0.0014820462327774465,0.042558089605087585,True,True,0.00185319505710968,0.00613058503738453,-0.00012567899099020195,nan,0.035526984503943204,-0.00035432877102801053,0.0009860326036383177,nan,0.04379328552682349,-0.0028156827645486313,0.0012351959217359043,nan,0.036537653240183765,-0.004263609364064846,0.0010046376519223452,nan,0.012397730258787654,-0.6901731427997289,-0.0005486601212948729,nan,-8.418390217013183e-05,-0.003983408017607843,-3.469720346476577e-06,nan
19.647,31.44598462099998,ABORT,-0.12256335467100143,0.003251141170039773,0.9565389156341553,0.036459531635046005,-0.0323931947350502,-0.028962114825844765,-0.016278181570248632,0.03110484108075852,0.001484707035166312,-0.007189350202679634,-0.008064547553658485,-0.0061951763927936545,0.13008155780652494,0.056722311371939185,0.001484707035166312,0.0425383704846754,True,True,-0.0018529759091956421,0.00549651099735105,-0.00010996830858126579,nan,0.035384982548822386,0.0001236194558830667,0.0008627721847046105,nan,0.043619158969764094,-0.00238238734557799,0.0010807884850886906,nan,0.03638842435707357,-0.0038004234838290253,0.0008790514822606121,nan,0.012509598020337798,-0.647860743790987,-0.00048007407641817434,nan,-8.117244437677584e-05,-0.0034541577976449807,-3.035982981290658e-06,nan
19.678,31.519734541999924,ABORT,-0.12259762734174728,0.003643468953669071,0.9575958251953125,0.03672108054161072,-0.03233378753066063,-0.029020648449659348,-0.016428796005208586,0.031031890079861877,0.0014082680484727402,-0.0003022673772647977,-0.008711210452020168,-0.0004991295863874246,0.12977506361666244,0.056886814013970596,0.00140826804847274,0.04259846379529166,True,True,-0.001850755628138856,0.007802989838079685,-9.503589337993713e-05,nan,0.03531443367332976,0.0001528601301940529,0.0007456177731075125,nan,0.04353249379502788,-0.002207614111205936,0.0009340299997362203,nan,0.036314003701545694,-0.003738754595687215,0.0007596865317052517,nan,0.012487535112973625,-0.6920308052525004,-0.0004148856095866314,nan,-8.378128519570538e-05,-0.0037913023344271074,-2.623731860893562e-06,nan
19.678,31.591955000999974,ABORT,-0.12259762734174728,0.003643468953669071,0.9575958251953125,0.03672108054161072,-0.03233378753066063,-0.029020648449659348,-0.016428796005208586,0.031031890079861877,0.0014082680484727402,-0.0003022673772647977,-0.008711210452020168,-0.0004991295863874246,0.12977506361666244,0.056886814013970596,0.00140826804847274,0.04259846379529166,True,True,-0.001850755628138856,0.007802989838079685,-9.503589337993713e-05,nan,0.03531443367332976,0.0001528601301940529,0.0007456177731075125,nan,0.04353249379502788,-0.002207614111205936,0.0009340299997362203,nan,0.036314003701545694,-0.003738754595687215,0.0007596865317052517,nan,0.012487535112973625,-0.6920308052525004,-0.0004148856095866314,nan,-8.378128519570538e-05,-0.0037913023344271074,-2.623731860893562e-06,nan
19.712,31.670067309999922,ABORT,-0.12255173176527023,0.004421360325068235,0.9600030779838562,0.036611758172512054,-0.033472683280706406,-0.029690170660614967,-0.01638057755480892,0.03085863312794962,0.0012534542933306755,0.005572340916842222,-0.00978909246623516,-0.0015405672602355467,0.1289892598496337,0.0578130400199594,0.0012534542933306755,0.04258872683013605,True,True,0.0018536269715943021,0.007181994482850559,-8.014606258708451e-05,nan,0.035187768470137826,0.0005019266809420681,0.000628797463613176,nan,0.04337641687181115,-0.0019053477656323075,0.0007876900416751015,nan,0.03618029558636149,-0.003390088389136725,0.0006406619872894037,nan,0.012592525056721371,-0.6509338693253566,-0.00034988304786568586,nan,-8.081169076135097e-05,-0.003235425691674048,-2.2126564022945642e-06,nan
19.712,31.742381224999917,ABORT,-0.12255173176527023,0.004421360325068235,0.9600030779838562,0.036611758172512054,-0.033472683280706406,-0.029690170660614967,-0.01638057755480892,0.03085863312794962,0.0012534542933306755,0.005572340916842222,-0.00978909246623516,-0.0015405672602355467,0.1289892598496337,0.0578130400199594,0.0012534542933306755,0.04258872683013605,True,True,0.0018536269715943021,0.007181994482850559,-8.014606258708451e-05,nan,0.035187768470137826,0.0005019266809420681,0.000628797463613176,nan,0.04337641687181115,-0.0019053477656323075,0.0007876900416751015,nan,0.03618029558636149,-0.003390088389136725,0.0006406619872894037,nan,0.012592525056721371,-0.6509338693253566,-0.00034988304786568586,nan,-8.081169076135097e-05,-0.003235425691674048,-2.2126564022945642e-06,nan
19.725,31.819815961999893,ABORT,-0.12242183089256287,0.004752169828861952,0.9613792300224304,0.0372001938521862,-0.03362390771508217,-0.03164505586028099,-0.016331070125344904,0.030784449887823223,0.0012041548077388136,0.009346974082291126,-0.01460685208439827,-0.0030648598913103325,0.12845719781635417,0.05929444453802479,0.0012041548077388136,0.04256484629482584,True,True,0.0018419906579945078,0.0006201401184665317,-7.485559730961797e-05,nan,0.03512683931347116,0.00048531624673846295,0.0005872903572074276,nan,0.04330054068405875,-0.0018700942050604028,0.0007356943892329118,nan,0.036115830577890584,-0.0033972484913665987,0.0005983717001693811,nan,0.012547896060735475,-0.689528749527151,-0.00032678716447283665,nan,-8.330278747337161e-05,-0.003681593293305809,-2.066598299258217e-06,nan
19.725,31.884930459999964,ABORT,-0.12242183089256287,0.004752169828861952,0.9613792300224304,0.0372001938521862,-0.03362390771508217,-0.03164505586028099,-0.016331070125344904,0.030784449887823223,0.0012041548077388136,0.009346974082291126,-0.01460685208439827,-0.0030648598913103325,0.12845719781635417,0.05929444453802479,0.0012041548077388136,0.04256484629482584,True,True,0.0018419906579945078,0.0006201401184665317,-7.485559730961797e-05,nan,0.03512683931347116,0.00048531624673846295,0.0005872903572074276,nan,0.04330054068405875,-0.0018700942050604028,0.0007356943892329118,nan,0.036115830577890584,-0.0033972484913665987,0.0005983717001693811,nan,0.012547896060735475,-0.689528749527151,-0.00032678716447283665,nan,-8.330278747337161e-05,-0.003681593293305809,-2.066598299258217e-06,nan
19.761,31.95898263299989,ABORT,-0.12206508964300156,0.00509599270299077,0.9634660482406616,0.03701649606227875,-0.034378908574581146,-0.03423750773072243,-0.016097763236227965,0.030497836480907425,0.0011206005804386722,0.006189347244799137,-0.011506528593599796,0.002540002577006818,0.1275169984054542,0.06102734855062429,0.0011206005804386722,0.04262091075776888,True,True,-0.0018374210460017082,-0.0008372066167292129,-6.133840315154619e-05,nan,0.03506413967648658,-0.006204522980722795,0.00048123926589489774,nan,0.04322375571078485,-0.005459258870437909,0.0006028449530159699,nan,0.03605184942132045,-0.0035780450062937157,0.000490319573934514,nan,0.013062024909213932,0.8778925502658026,-0.00026777694066452973,nan,-7.996157579892582e-05,0.005393836521708096,-1.6934183172420371e-06,nan
19.791,32.03621147099989,ABORT,-0.12228009104728699,0.00573983509093523,0.9643862247467041,0.037495046854019165,-0.03448941558599472,-0.03516503795981407,-0.01602240762665412,0.030361195128340908,0.001153530250113591,0.0034928983077406883,-0.007681742310523988,-0.005776959471404552,0.12749002847750956,0.06190297424812246,0.001153530250113591,0.04259335998336493,True,True,-0.001855374684251565,0.005246881662097523,-5.131169297886359e-05,nan,0.03496486055724812,0.001103074790294362,0.0004025732688209063,nan,0.04309766060994935,-0.001076304148391172,0.0005043006265844224,nan,0.035942701943036504,-0.0027889942288177936,0.00041016926014678795,nan,0.012659097479772008,-0.6870353150918843,-0.00022400466037974034,nan,-8.402999961898416e-05,-0.004030488781422131,-1.41660291619306e-06,nan
19.791,32.11156976799998,ABORT,-0.12228009104728699,0.00573983509093523,0.9643862247467041,0.037495046854019165,-0.03448941558599472,-0.03516503795981407,-0.01602240762665412,0.030361195128340908,0.001153530250113591,0.0034928983077406883,-0.007681742310523988,-0.005776959471404552,0.12749002847750956,0.06190297424812246,0.001153530250113591,0.04259335998336493,True,True,-0.001855374684251565,0.005246881662097523,-5.131169297886359e-05,nan,0.03496486055724812,0.001103074790294362,0.0004025732688209063,nan,0.04309766060994935,-0.001076304148391172,0.0005043006265844224,nan,0.035942701943036504,-0.0027889942288177936,0.00041016926014678795,nan,0.012659097479772008,-0.6870353150918843,-0.00022400466037974034,nan,-8.402999961898416e-05,-0.004030488781422131,-1.41660291619306e-06,nan
19.822,32.1835329459999,ABORT,-0.12261626869440079,0.007083814591169357,0.9668163657188416,0.03775949403643608,-0.03500090539455414,-0.03518078848719597,-0.016081125329782342,0.030348023938305324,0.0009479652919659024,0.005012182984501123,0.0003625492681749161,-0.003038048278540373,0.1272245391495101,0.062358084054170565,0.0009479652919659024,0.04262824156019212,True,True,-0.0018550848490646032,0.007995601928385365,-4.208863056063411e-05,nan,0.03491791553739265,-0.005232707015464645,0.00033021240581497524,nan,0.043041896256258205,-0.004179504205803588,0.0004136546960660861,nan,0.0358951874513016,-0.0025378001222303775,0.0003364430494382231,nan,0.013243382674307469,0.8822112025603039,-0.00018374075863111447,nan,-8.036777379505367e-05,0.005522084515386665,-1.161974460973784e-06,nan
19.865,32.26033091099998,ABORT,-0.12270521372556686,0.00807185098528862,0.9691677689552307,0.03820420056581497,-0.03591207042336464,-0.03667139634490013,-0.01609306341031436,0.030475068404336052,0.0009238314984746833,0.0028166119009256363,-0.0007622588309459392,-0.0030820202082395554,0.12677677517969838,0.06398460012261133,0.0009238314984746831,0.04261169457298438,True,True,0.001847596136162366,0.007815557500562488,-3.112183785080203e-05,nan,0.034815347271007546,-0.004888902966256296,0.0002441708559581604,nan,0.04291756564091198,-0.0037483708934190592,0.00030587106792760027,nan,0.0357855214784637,-0.0021582425997738134,0.0002487780165610562,nan,0.013315302939745699,0.8825845388158966,-0.00013586448455391725,nan,-8.045096213038505e-05,0.005497900889550438,-8.592054500110617e-07,nan
19.871,32.33638703099996,ABORT,-0.12270521372556686,0.00807185098528862,0.9691677689552307,0.03820420056581497,-0.03591207042336464,-0.03667139634490013,-0.01609306341031436,0.030475068404336052,0.0009238314984746833,0.0028166119009256363,-0.0007622588309459392,-0.0030820202082395554,0.12677677517969838,0.06398460012261133,0.0009238314984746831,0.0426251420113456,True,True,0.001847596136162366,0.007815557500562488,-2.9753584883882196e-05,nan,0.034815347271007546,-0.004888902966256296,0.00023343603047319,nan,0.04291756564091198,-0.0037483708934190592,0.0002924236295663782,nan,0.0357855214784637,-0.0021582425997738134,0.0002378406400187147,nan,0.013315302939745699,0.8825845388158966,-0.0001298912838393236,nan,-8.045096213038505e-05,0.005497900889550438,-8.214309968503216e-07,nan
19.89,32.41203484599998,ABORT,-0.12263347953557968,0.008512897416949272,0.9705095887184143,0.03914354369044304,-0.03598874807357788,-0.03727179765701294,-0.01611749827871227,0.03053550414198163,0.0008357155954408746,0.0006427962798625231,-0.002430066931992769,0.0047993953339755535,0.12641647077415197,0.06493530550582167,0.0008357155954408746,0.04263144844863401,True,True,-0.0018500170777073777,0.0011534978528257543,-2.5672613114819352e-05,nan,0.03478918651830831,0.0023135646970580924,0.0002014181793819278,nan,0.04288376354736201,0.00039390993033903195,0.00025231509872800095,nan,0.03575316858209998,-0.0015175998793489367,0.00020521865711344706,nan,0.01285157381269908,-0.6527209045606109,-0.00011207552602511897,nan,-8.031074093839408e-05,-0.00302679941049638,-7.087643477234274e-07,nan
19.903,32.48750424599996,ABORT,-0.12254640460014343,0.00875820778310299,0.9713349342346191,0.039067406207323074,-0.03588438406586647,-0.0379425510764122,-0.016125371715215425,0.030603608046184276,0.0009165709830742598,0.007254566065967083,-0.006424620747566223,-0.001418964588083326,0.1261586837254086,0.06521954024478205,0.0009165709830742598,0.04262706771922547,True,True,-0.0018539463653102217,0.004686227633029642,-2.309582280985746e-05,nan,0.034764214898819645,0.002355903154657526,0.00018120160035457744,nan,0.042854057655404176,0.0005612008936543961,0.00022698993617870783,nan,0.035726677926914086,-0.001406056561696472,0.00018462061967634835,nan,0.012866949969391861,-0.687778721260989,-0.00010082637395815094,nan,-8.439197920306896e-05,-0.004092307059014125,-6.376248384125518e-07,nan
19.914,32.566294358999926,ABORT,-0.12254640460014343,0.00875820778310299,0.9713349342346191,0.039067406207323074,-0.03588438406586647,-0.0379425510764122,-0.016125371715215425,0.030603608046184276,0.0009165709830742598,0.007254566065967083,-0.006424620747566223,-0.001418964588083326,0.1261586837254086,0.06521954024478205,0.0009165709830742598,0.042647189941099006,True,True,-0.0018539463653102217,0.004686227633029642,-2.1048422476804482e-05,nan,0.034764214898819645,0.002355903154657526,0.0001651384265083794,nan,0.042854057655404176,0.0005612008936543961,0.00020686771430517004,nan,0.035726677926914086,-0.001406056561696472,0.0001682543563340244,nan,0.012866949969391861,-0.687778721260989,-9.188830955915092e-05,nan,-8.439197920306896e-05,-0.004092307059014125,-5.811006211427791e-07,nan
19.92,32.6435488059999,ABORT,-0.12236107885837555,0.009038213640451431,0.9726534485816956,0.03887833654880524,-0.036534182727336884,-0.03891169652342796,-0.016062808751905536,0.030561308044522163,0.0009113759610138192,0.007254566065967083,-0.006424620747566223,-0.001418964588083326,0.12570503887939422,0.06603326197219066,0.0009113759610138192,0.04265767109270022,True,True,-0.0018539463653102217,0.004686227633029642,-1.9981983918778562e-05,nan,0.034764214898819645,0.002355903154657526,0.00015677152938654848,nan,0.042854057655404176,0.0005612008936543961,0.0001963865627039596,nan,0.035726677926914086,-0.001406056561696472,0.00015972958763232903,nan,0.012866949969391861,-0.687778721260989,-8.723270002576611e-05,nan,-8.439197920306896e-05,-0.004092307059014125,-5.51658599577383e-07,nan
19.938,32.71531887599997,ABORT,-0.12220635265111923,0.009169794619083405,0.9735337495803833,0.03861098363995552,-0.03695439174771309,-0.04040120542049408,-0.01604161022116038,0.030557146473422746,0.0008834062167419777,0.002473365981131792,-0.005393338855355978,-0.0005054515786468976,0.12537519759872665,0.06699770538247797,0.0008834062167419775,0.04265697174839299,True,True,-0.0018481413024451498,0.006433197138801748,-1.6990496836536903e-05,nan,0.03473748927648934,-0.004411802680371276,0.00013330138713593676,nan,0.04282395743339418,-0.0031376007147410224,0.00016698568500118915,nan,0.035700814770904366,-0.0016784595421101608,0.00013581659681038277,nan,0.013367777742648634,0.8847007810042016,-7.417316117632605e-05,nan,-8.054142363533856e-05,0.005376247019586729,-4.690702249119164e-07,nan
19.969,32.78823709799997,ABORT,-0.12192688882350922,0.009279006160795689,0.9749009609222412,0.039091791957616806,-0.038239363580942154,-0.04190738499164581,-0.016016099886722184,0.030544148129923943,0.0009007612646072748,0.0049092997796833515,-0.007960562594234943,-0.00113824161235243,0.12482879449926336,0.06889590729768423,0.0009007612646072748,0.042657712620238965,True,True,0.0018482049105656984,0.006578694521162939,-1.2538781517250526e-05,nan,0.03470341229403484,0.002754412243206007,9.837481418728533e-05,nan,0.04278094603953697,0.0009796866460592669,0.0001232334192980064,nan,0.0356599355100462,-0.0010341923439196364,0.0001002310085576677,nan,0.01287866346953681,-0.6913086709912615,-5.473889736018825e-05,nan,-8.384449233656e-05,-0.0038592490600929882,-3.461681622970753e-07,nan
19.971,32.88760286799993,ABORT,-0.12192688882350922,0.009279006160795689,0.9749009609222412,0.039091791957616806,-0.038239363580942154,-0.04190738499164581,-0.016016099886722184,0.030544148129923943,0.0009007612646072748,0.0049092997796833515,-0.007960562594234943,-0.00113824161235243,0.12482879449926336,0.06889590729768423,0.0009007612646072748,0.04266024875480382,True,True,0.0018482049105656984,0.006578694521162939,-1.2280734330146967e-05,nan,0.03470341229403484,0.002754412243206007,9.635026785892453e-05,nan,0.04278094603953697,0.0009796866460592669,0.00012069728473314972,nan,0.0356599355100462,-0.0010341923439196364,9.816826188780575e-05,nan,0.01287866346953681,-0.6913086709912615,-5.3612374940961716e-05,nan,-8.384449233656e-05,-0.0038592490600929882,-3.3904404737230133e-07,nan
19.976,32.96330405799995,ABORT,-0.12192688882350922,0.009279006160795689,0.9749009609222412,0.039091791957616806,-0.038239363580942154,-0.04190738499164581,-0.016016099886722184,0.030544148129923943,0.0009007612646072748,0.0049092997796833515,-0.007960562594234943,-0.00113824161235243,0.12482879449926336,0.06889590729768423,0.0009007612646072748,0.04266644218169183,True,True,0.0018482049105656984,0.006578694521162939,-1.1650564145515227e-05,nan,0.03470341229403484,0.002754412243206007,9.140617702089321e-05,nan,0.04278094603953697,0.0009796866460592669,0.00011450385784514405,nan,0.0356599355100462,-0.0010341923439196364,9.31308830099814e-05,nan,0.01287866346953681,-0.6913086709912615,-5.086132444944921e-05,nan,-8.384449233656e-05,-0.0038592490600929882,-3.216464354553755e-07,nan
19.998,33.04010931899995,ABORT,-0.12212532013654709,0.009838636964559555,0.9759590029716492,0.03917136788368225,-0.03794794902205467,-0.042144667357206345,-0.015956822659766036,0.030455395186560076,0.0008478278917925571,-0.003887382335960865,-0.004709103610366584,-0.006884075701236724,0.12485736715905747,0.0689247117042125,0.000847827891792557,0.04267009106080667,True,True,-0.0018455707340985228,0.000752493737497556,-9.124603028851791e-06,nan,0.0346846952259936,-0.003953893458730741,7.158838570247433e-05,nan,0.04275976931458558,-0.0026054894118870287,8.967825377891037e-05,nan,0.035641553489798916,-0.0012297112023887842,7.293915784495342e-05,nan,0.0133911325028917,0.8800772977955703,-3.9834070636100144e-05,nan,-8.003516644183861e-05,0.005612145621733895,-2.5191020816833917e-07,nan
20.007,33.11291543099992,ABORT,-0.12233635783195496,0.010591769590973854,0.977470874786377,0.03926468268036842,-0.03714415058493614,-0.042791906744241714,-0.016049622649470012,0.030431183269357925,0.0007408890145960256,-0.004679400008171797,-0.002835457678884268,2.077658427879249e-05,0.12484362824568786,0.0689387446322771,0.0007408890145960256,0.04266858988879777,True,True,-0.0018546043756817454,0.0048236002198003575,-8.203069112285369e-06,nan,0.03467765331551309,0.003264906400035395,6.435835879078922e-05,nan,0.04274921114007757,0.0015737167440710758,8.062125127979852e-05,nan,0.03562967333422318,-0.00040281901680095603,6.557271049514868e-05,nan,0.012972291510599199,-0.6567892900098605,-3.5811052099293805e-05,nan,-8.099063097688486e-05,-0.003184995054581481,-2.2646868484701662e-07,nan
20.019,33.19534144799991,ABORT,-0.12242264300584793,0.011028583161532879,0.9783472418785095,0.03969438746571541,-0.037331391125917435,-0.04344920814037323,-0.01616999292959965,0.03045042745819858,0.0007120929108927265,-0.004679400008171797,-0.002835457678884268,2.077658427879249e-05,0.1248109574570915,0.06969297559797577,0.0007120929108927265,0.04267971787928717,True,True,-0.0018546043756817454,0.0048236002198003575,-7.070815846349325e-06,nan,0.03467765331551309,0.003264906400035395,5.547510291013108e-05,nan,0.04274921114007757,0.0015737167440710758,6.949326079040002e-05,nan,0.03562967333422318,-0.00040281901680095603,5.652184007114841e-05,nan,0.012972291510599199,-0.6567892900098605,-3.0868124014572784e-05,nan,-8.099063097688486e-05,-0.003184995054581481,-1.9520966404146624e-07,nan
20.042,33.269400221999945,ABORT,-0.12246765941381454,0.011588707566261292,0.979699969291687,0.04022161290049553,-0.03721984848380089,-0.04407671466469765,-0.016143754890835263,0.03043627621390743,0.0007115106355808837,0.002009485149756074,-0.006191288121044636,-0.001100809080526232,0.12467845440216545,0.0703267519590346,0.0007115106355808837,0.04269080915371795,True,True,-0.001855152981656616,0.006103188203200714,-5.193477455952937e-06,nan,0.034670741575625996,0.003229546116174467,4.074617449967982e-05,nan,0.04274185159225663,0.001610638745365199,5.1042438538678736e-05,nan,0.03562164221256392,-0.0005301676395537041,4.1514997499200734e-05,nan,0.012940071188545232,-0.6920217626334859,-2.267247650920151e-05,nan,-8.418168073998089e-05,-0.003948477115291456,-1.433804827355163e-07,nan
20.043,33.341533207,ABORT,-0.12246765941381454,0.011588707566261292,0.979699969291687,0.04022161290049553,-0.03721984848380089,-0.04407671466469765,-0.016143754890835263,0.03043627621390743,0.0007115106355808837,0.000821176334284246,-0.012226125225424767,0.002156688366085292,0.12467845440216545,0.0703267519590346,0.0007115106355808837,0.04268151614183622,True,True,-0.001846368044012614,0.00838748274311321,-5.120201933972966e-06,nan,0.0346606941722305,-0.003683807199335182,4.01712808507787e-05,nan,0.04273183841525263,-0.0023176109460810203,5.032227341641299e-05,nan,0.03561336148619354,-0.0008953180489242353,4.0929256415786486e-05,nan,0.01343717155130797,0.8808987899272083,-2.2352587270270396e-05,nan,-8.036887208362486e-05,0.005594669751669304,-1.413575068386785e-07,nan
20.064,33.418956489999914,ABORT,-0.12245143204927444,0.011901194229722023,0.9806252717971802,0.04044216871261597,-0.03724827617406845,-0.04522798955440521,-0.01615875157367022,0.03029173654418904,0.0007656465645866875,0.0033430594485253096,-0.003237328957766295,-0.0021512149833142753,0.12454465756484615,0.07119391917328864,0.0007656465645866875,0.042686640331141446,True,True,0.0018443938766861123,0.0080031189238816,-3.73266659376998e-06,nan,0.034655951212335445,0.0032507135617529637,2.9285172732297637e-05,nan,0.04272332565553416,0.0015260723911741268,3.668532439271566e-05,nan,0.03560311501335445,-0.0005691285176315517,2.983774274943618e-05,nan,0.012911013924946424,-0.6503581680593856,-1.6295208053115906e-05,nan,-8.026653236647974e-05,-0.003142871925130075,-1.0305070978829263e-07,nan
20.068,33.49208790199998,ABORT,-0.12245143204927444,0.011901194229722023,0.9806252717971802,0.04044216871261597,-0.03724827617406845,-0.04522798955440521,-0.01615875157367022,0.03029173654418904,0.0007656465645866875,0.0033430594485253096,-0.003237328957766295,-0.0021512149833142753,0.12454465756484615,0.07119391917328864,0.0007656465645866875,0.04268892796990615,True,True,0.0018443938766861123,0.0080031189238816,-3.4999034129352957e-06,nan,0.034655951212335445,0.0032507135617529637,2.7458995712402456e-05,nan,0.04272332565553416,0.0015260723911741268,3.439768562801121e-05,nan,0.03560311501335445,-0.0005691285176315517,2.7977108337857992e-05,nan,0.012911013924946424,-0.6503581680593856,-1.527906467049117e-05,nan,-8.026653236647974e-05,-0.003142871925130075,-9.66246306314595e-08,nan
20.103,33.567984207999984,ABORT,-0.12225820869207382,0.012492310255765915,0.9827569127082825,0.03971681743860245,-0.03756076097488403,-0.04650167003273964,-0.015945561534646387,0.030220195800504772,0.0007609301589651493,0.006010759621858597,0.0003327289014123382,0.0012030743528157473,0.12409855546085449,0.07176797104765777,0.0007609301589651491,0.0427003170415983,True,True,-0.0018513006278020327,0.004692744629548842,-1.8544243139840405e-06,nan,0.03464925322961321,-0.003345808274166197,1.4549152727603987e-05,nan,0.042718542660150405,-0.0017786457932446138,1.8225618552102085e-05,nan,0.03559720862499027,-0.0005720807447506275,1.4823674774837314e-05,nan,0.01347610683988787,0.8886736689597241,-8.095614557581537e-06,nan,-8.07968755571764e-05,0.005148316007095541,-5.1196574085571604e-08,nan
20.103,33.644410161999986,ABORT,-0.12225820869207382,0.012492310255765915,0.9827569127082825,0.03971681743860245,-0.03756076097488403,-0.04650167003273964,-0.015945561534646387,0.030220195800504772,0.0007609301589651493,0.006010759621858597,0.0003327289014123382,0.0012030743528157473,0.12409855546085449,0.07176797104765777,0.0007609301589651491,0.0427003170415983,True,True,-0.0018513006278020327,0.004692744629548842,-1.8544243139840405e-06,nan,0.03464925322961321,-0.003345808274166197,1.4549152727603987e-05,nan,0.042718542660150405,-0.0017786457932446138,1.8225618552102085e-05,nan,0.03559720862499027,-0.0005720807447506275,1.4823674774837314e-05,nan,0.01347610683988787,0.8886736689597241,-8.095614557581537e-06,nan,-8.07968755571764e-05,0.005148316007095541,-5.1196574085571604e-08,nan
20.13,33.71896580199996,ABORT,-0.12207207083702087,0.01272767223417759,0.9839910864830017,0.03941637650132179,-0.03680206835269928,-0.04669199511408806,-0.015863395798933023,0.030299690522328112,0.0008019240302813083,0.004917666781693697,-0.009886890649795532,-4.5195862185208777e-05,0.12377346012346115,0.07133151743279212,0.0008019240302813081,0.04271555185160296,True,True,-0.0018556603369610514,0.006201126068029028,-1.0098380670408441e-06,nan,0.0346556046177664,0.003935180712416941,7.92282982742254e-06,nan,0.042725476723311395,0.0023606483171675526,9.924871708436034e-06,nan,0.035599319911432836,0.00020223317877401774,8.072322482073624e-06,nan,0.013036962883606229,-0.6515516263602937,-4.408516268199214e-06,nan,-8.111721262604732e-05,-0.0032595961352229023,-2.7879406575858127e-08,nan
20.13,33.791016325999976,ABORT,-0.12207207083702087,0.01272767223417759,0.9839910864830017,0.03941637650132179,-0.03680206835269928,-0.04669199511408806,-0.015863395798933023,0.030299690522328112,0.0008019240302813083,0.004917666781693697,-0.009886890649795532,-4.5195862185208777e-05,0.12377346012346115,0.07133151743279212,0.0008019240302813081,0.04271555185160296,True,True,-0.0018556603369610514,0.006201126068029028,-1.0098380670408441e-06,nan,0.0346556046177664,0.003935180712416941,7.92282982742254e-06,nan,0.042725476723311395,0.0023606483171675526,9.924871708436034e-06,nan,0.035599319911432836,0.00020223317877401774,8.072322482073624e-06,nan,0.013036962883606229,-0.6515516263602937,-4.408516268199214e-06,nan,-8.111721262604732e-05,-0.0032595961352229023,-2.7879406575858127e-08,nan
20.178,33.904844690999994,ABORT,-0.12161532044410706,0.012933962978422642,0.9858884215354919,0.04034274443984032,-0.03742547705769539,-0.04889554902911186,-0.015624960364766497,0.030250773867587004,0.0009299317548234967,0.0013989884173497558,0.0019987416453659534,0.0014952216297388075,0.12311259160544878,0.07361370848417184,0.0009299317548234967,0.04272212130419622,True,True,0.0018459649110509346,0.008029543448257355,-2.147077614910245e-07,nan,0.03465272584655743,-0.0032388286717665036,1.6845206300269977e-06,nan,0.042724231491024334,-0.0017155373421970026,2.1101868281150904e-06,nan,0.03559722168977242,-0.0004381654149851807,1.7163051648783068e-06,nan,0.013446200107897432,0.8794887248956581,-9.373212303369349e-07,nan,-8.039357406097736e-05,0.005460687119100694,-5.927608765160866e-09,nan
20.208,33.987774769,ABORT,-0.12172910571098328,0.014823769219219685,0.9879332184791565,0.04029736667871475,-0.03573613986372948,-0.05110875144600868,-0.015581300841811368,0.030377518251204067,0.0010128997462069194,0.012326576747000217,-0.004644844215363265,-0.004554914776235818,0.12322064164470252,0.0742499422758612,0.0010128997462069194,0.042738543866308806,True,True,0.0018519844651700978,-5.713157809082367e-05,-4.0519760186909226e-08,nan,0.03466521398275457,0.003819847370407408,3.179036076050856e-07,nan,0.04273894210186224,0.002332791378216682,3.982355534365434e-07,nan,0.03560493805304965,8.167128791417184e-05,3.239020015186056e-07,nan,0.012966453372825093,-0.6930368145368644,-1.7689174908186445e-07,nan,-8.374481538542256e-05,-0.003752595975815799,-1.118661402727439e-09,nan
20.209,34.06896157099993,ABORT,-0.12172910571098328,0.014823769219219685,0.9879332184791565,0.04029736667871475,-0.03573613986372948,-0.05110875144600868,-0.015581300841811368,0.030377518251204067,0.0010128997462069194,0.012326576747000217,-0.004644844215363265,-0.004554914776235818,0.12322064164470252,0.0742499422758612,0.0010128997462069194,0.042738572854101216,True,True,0.0018519844651700978,-5.713157809082367e-05,-3.757030379945153e-08,nan,0.03466521398275457,0.003819847370407408,2.9476322321170256e-07,nan,0.04273894210186224,0.002332791378216682,3.6924776102703616e-07,nan,0.03560493805304965,8.167128791417184e-05,3.003249906263772e-07,nan,0.012966453372825093,-0.6930368145368644,-1.6401569806479e-07,nan,-8.374481538542256e-05,-0.003752595975815799,-1.0372334030355704e-09,nan
20.227,34.14545010199993,ABORT,-0.12170535326004028,0.015470203943550587,0.9887421131134033,0.040171924978494644,-0.03573956340551376,-0.051862798631191254,-0.01536565171970933,0.030389423615894414,0.0009687032831612728,0.005176031030714512,-0.003015559166669846,-0.0029948293231427665,0.12320008214022282,0.07470508570876573,0.0009687032831612728,0.04274440223649912,True,True,-0.0018507337600643936,-0.0010085847108450667,-5.905487093262052e-09,nan,0.034667624228728044,-0.0030361636736684675,4.633234854112267e-08,nan,0.04274446027669754,-0.0014610534319724258,5.8040198418207734e-08,nan,0.03560950967056975,-0.0001934713649059199,4.720657478807233e-08,nan,0.013488871873537533,0.8848520619960933,-2.578080265935867e-08,nan,-8.059136081595142e-05,0.005406518617403962,-1.6303750183406778e-10,nan
20.233,34.21939052399989,ABORT,-0.12170535326004028,0.015470203943550587,0.9887421131134033,0.040171924978494644,-0.03573956340551376,-0.051862798631191254,-0.01536565171970933,0.030389423615894414,0.0009687032831612728,0.005176031030714512,-0.003015559166669846,-0.0029948293231427665,0.12320008214022282,0.07470508570876573,0.0009687032831612728,0.042744439077226186,True,True,-0.0018507337600643936,-0.0010085847108450667,-2.1570085544098117e-09,nan,0.034667624228728044,-0.0030361636736684675,1.6923120911560563e-08,nan,0.04274446027669754,-0.0014610534319724258,2.1199471351984744e-08,nan,0.03560950967056975,-0.0001934713649059199,1.7242436402276073e-08,nan,0.013488871873537533,0.8848520619960933,-9.416566488368305e-09,nan,-8.059136081595142e-05,0.005406518617403962,-5.955025902460494e-11,nan
20.252,34.29267405299993,ABORT,-0.12161154299974442,0.016341958194971085,0.9899145364761353,0.040074922144412994,-0.034831807017326355,-0.053155578672885895,-0.015249972170536153,0.030396150086027605,0.0009088661777557315,0.008895589970052242,-0.0013060383498668668,0.002271645236760378,0.12311841276964251,0.07513168245835035,0.0009088661777557316,0.042755120959768966,True,True,-0.001858785173213029,0.0060344893163006876,0.0,nan,0.034677147529175834,0.004114587149528214,0.0,nan,0.042755120959768966,0.0026394197806291052,0.0,nan,0.03561478941504426,0.00035820023094879257,0.0,nan,0.013027313734081503,-0.6509435396841043,0.0,nan,-8.110486552848073e-05,-0.0034106309565068473,0.0,nan
20.253,34.37360730499995,ABORT,-0.12161154299974442,0.016341958194971085,0.9899145364761353,0.040074922144412994,-0.034831807017326355,-0.053155578672885895,-0.015249972170536153,0.030396150086027605,0.0009088661777557315,0.008895589970052242,-0.0013060383498668668,0.002271645236760378,0.12311841276964251,0.07513168245835035,0.0009088661777557316,0.042755120959768966,True,True,-0.001858785173213029,0.0060344893163006876,0.0,nan,0.034677147529175834,0.004114587149528214,0.0,nan,0.042755120959768966,0.0026394197806291052,0.0,nan,0.03561478941504426,0.00035820023094879257,0.0,nan,0.013027313734081503,-0.6509435396841043,0.0,nan,-8.110486552848073e-05,-0.0034106309565068473,0.0,nan
20.296,34.45207191099996,ABORT,-0.12131015211343765,0.017530521377921104,0.9917697310447693,0.04013251140713692,-0.035261332988739014,-0.054643597453832626,-0.01498073611112928,0.030503938252354684,0.0009457045087387969,0.011825105175375938,-0.004478476475924253,0.005344471894204617,0.12284628408154055,0.07641925685770055,0.0009457045087387969,0.04277946660107901,True,True,0.0018560825479934095,0.007842080630162767,0.0,nan,0.03469331119980357,-0.0028590434663336535,0.0,nan,0.04277946660107901,-0.0011920245452577312,0.0,nan,0.035633726553610856,-2.9722569892325426e-05,0.0,nan,0.013522768791701445,0.8842349262059991,0.0,nan,-8.042920224937689e-05,0.00555524843123069,0.0,nan
20.317,34.52794063099998,ABORT,-0.12113330513238907,0.01792013645172119,0.9923214912414551,0.04028075933456421,-0.03401680290699005,-0.055115967988967896,-0.014756888078677546,0.030541825283546726,0.0010308684630132455,0.016242563724517822,-0.007414416875690222,-0.002893510041758417,0.12269216926723496,0.07627222548177694,0.0010308684630132455,0.04279471407546609,True,True,0.0018584681536237824,0.0010715844669536567,0.0,nan,0.03470681541079479,0.004311253596164561,0.0,nan,0.04279471407546609,0.0028056098055605294,0.0,nan,0.03564361974318775,0.00031147479760538794,0.0,nan,0.013095157612744934,-0.6028037420976733,0.0,nan,-8.185139561689425e-05,-0.0033533797073790478,0.0,nan
20.319,34.6002131329999,ABORT,-0.12081342190504074,0.018437225371599197,0.9932197332382202,0.04015625640749931,-0.03407284989953041,-0.05480358749628067,-0.014448508790285029,0.030520553523578776,0.0010025982668927502,0.016242563724517822,-0.007414416875690222,-0.002893510041758417,0.12240010706355373,0.07600603417757863,0.0010025982668927502,0.04279471407546609,True,True,0.0018584681536237824,0.0010715844669536567,0.0,nan,0.03470681541079479,0.004311253596164561,0.0,nan,0.04279471407546609,0.0028056098055605294,0.0,nan,0.03564361974318775,0.00031147479760538794,0.0,nan,0.013095157612744934,-0.6028037420976733,0.0,nan,-8.185139561689425e-05,-0.0033533797073790478,0.0,nan
20.336,34.67423431799989,ABORT,-0.12081342190504074,0.018437225371599197,0.9932197332382202,0.04015625640749931,-0.03407284989953041,-0.05480358749628067,-0.014448508790285029,0.030520553523578776,0.0010025982668927502,0.01178589928895235,0.0002728392137214542,0.0004682418366428464,0.12240010706355373,0.07600603417757863,0.0010025982668927502,0.042806239249301825,True,True,-0.0018574333445657842,0.0001625053245110919,0.0,nan,0.03471611067585023,0.003943730302222116,0.0,nan,0.042806239249301825,0.0025177261922725925,0.0,nan,0.035652342897293465,0.0001821511950940661,0.0,nan,0.012989093723618339,-0.6944071413984534,0.0,nan,-8.393039246001877e-05,-0.0038239641804307233,0.0,nan
20.341,34.74873597699991,ABORT,-0.12057027220726013,0.01872040145099163,0.9938275814056396,0.0404292568564415,-0.034132134169340134,-0.054697901010513306,-0.014240382845362668,0.030613294550394857,0.001025853348463754,0.01178589928895235,0.0002728392137214542,0.0004682418366428464,0.12217095694936297,0.07610116797969575,0.001025853348463754,0.042806239249301825,True,True,-0.0018574333445657842,0.0001625053245110919,0.0,nan,0.03471611067585023,0.003943730302222116,0.0,nan,0.042806239249301825,0.0025177261922725925,0.0,nan,0.035652342897293465,0.0001821511950940661,0.0,nan,0.012989093723618339,-0.6944071413984534,0.0,nan,-8.393039246001877e-05,-0.0038239641804307233,0.0,nan
20.385,34.82856054699994,ABORT,-0.12022926658391953,0.01985093578696251,0.9952176809310913,0.04234163835644722,-0.03522162139415741,-0.0556371808052063,-0.013822795717164507,0.03060069781534246,0.0008664177404421104,0.010184760205447674,-0.010116130113601685,0.0002820376539602888,0.12195083751496807,0.07828711797155868,0.0008664177404421104,0.042837886286716476,True,True,-0.0018568456223828633,0.007179718421351167,0.0,nan,0.034739568305381496,0.003911466181144946,0.0,nan,0.042837886286716476,0.002459263933238803,0.0,nan,0.035674895569401066,0.00020620214773443618,0.0,nan,0.012992597243013826,-0.6934293288018397,0.0,nan,-8.398031870715528e-05,-0.00382492068671237,0.0,nan
20.388,34.88800024999989,ABORT,-0.12022926658391953,0.01985093578696251,0.9952176809310913,0.04234163835644722,-0.03522162139415741,-0.0556371808052063,-0.013822795717164507,0.03060069781534246,0.0008664177404421104,0.010184760205447674,-0.010116130113601685,0.0002820376539602888,0.12195083751496807,0.07828711797155868,0.0008664177404421104,0.042837886286716476,True,True,-0.0018568456223828633,0.007179718421351167,0.0,nan,0.034739568305381496,0.003911466181144946,0.0,nan,0.042837886286716476,0.002459263933238803,0.0,nan,0.035674895569401066,0.00020620214773443618,0.0,nan,0.012992597243013826,-0.6934293288018397,0.0,nan,-8.398031870715528e-05,-0.00382492068671237,0.0,nan
20.399,34.961492281999995,ABORT,-0.12027411162853241,0.02089190110564232,0.9959368109703064,0.04237987473607063,-0.037304140627384186,-0.05632419511675835,-0.013703173413971016,0.030505245516598306,0.0008709245579916528,0.010184760205447674,-0.010116130113601685,0.0002820376539602888,0.12214271556229474,0.07975003226421515,0.0008709245579916529,0.042837886286716476,True,True,-0.0018568456223828633,0.007179718421351167,0.0,nan,0.034739568305381496,0.003911466181144946,0.0,nan,0.042837886286716476,0.002459263933238803,0.0,nan,0.035674895569401066,0.00020620214773443618,0.0,nan,0.012992597243013826,-0.6934293288018397,0.0,nan,-8.398031870715528e-05,-0.00382492068671237,0.0,nan
20.4,35.038128042999915,ABORT,-0.12027411162853241,0.02089190110564232,0.9959368109703064,0.04237987473607063,-0.037304140627384186,-0.05632419511675835,-0.013703173413971016,0.030505245516598306,0.0008709245579916528,0.010184760205447674,-0.010116130113601685,0.0002820376539602888,0.12214271556229474,0.07975003226421515,0.0008709245579916529,0.042837886286716476,True,True,-0.0018568456223828633,0.007179718421351167,0.0,nan,0.034739568305381496,0.003911466181144946,0.0,nan,0.042837886286716476,0.002459263933238803,0.0,nan,0.035674895569401066,0.00020620214773443618,0.0,nan,0.012992597243013826,-0.6934293288018397,0.0,nan,-8.398031870715528e-05,-0.00382492068671237,0.0,nan
20.41,35.11895949999996,ABORT,-0.12027411162853241,0.02089190110564232,0.9959368109703064,0.04237987473607063,-0.037304140627384186,-0.05632419511675835,-0.013703173413971016,0.030505245516598306,0.0008709245579916528,0.010511059314012527,-0.007511549163609743,0.0022710808552801618,0.12214271556229474,0.07975003226421515,0.0008709245579916529,0.042845449106367006,True,True,0.001855150443285325,0.007044299676095659,0.0,nan,0.03474332956459136,-0.003014491654307818,0.0,nan,0.042845449106367006,-0.00139586710665782,0.0,nan,0.03568183570897965,-0.00014708146130811006,0.0,nan,0.013534421003020825,0.8864118338626473,0.0,nan,-8.070119884706628e-05,0.00548600937367743,0.0,nan
20.417,35.19722030999992,ABORT,-0.12027411162853241,0.02089190110564232,0.9959368109703064,0.04237987473607063,-0.037304140627384186,-0.05632419511675835,-0.013703173413971016,0.030505245516598306,0.0008709245579916528,0.010511059314012527,-0.007511549163609743,0.0022710808552801618,0.12214271556229474,0.07975003226421515,0.0008709245579916529,0.042845449106367006,True,True,0.001855150443285325,0.007044299676095659,0.0,nan,0.03474332956459136,-0.003014491654307818,0.0,nan,0.042845449106367006,-0.00139586710665782,0.0,nan,0.03568183570897965,-0.00014708146130811006,0.0,nan,0.013534421003020825,0.8864118338626473,0.0,nan,-8.070119884706628e-05,0.00548600937367743,0.0,nan
20.452,35.272520588999896,ABORT,-0.12017209082841873,0.02228088676929474,0.996941864490509,0.04235193133354187,-0.03734903782606125,-0.057909104973077774,-0.013449900027460451,0.030258501874695302,0.0009729743666183923,0.008386444300413132,-0.018493682146072388,0.0022434622514992974,0.12225842106822035,0.080883256320431,0.0009729743666183923,0.04286336896141929,True,True,-0.0018547401217912096,0.003924242125494826,0.0,nan,0.03475935500431149,0.003742485327228503,0.0,nan,0.04286336896141929,0.0021600122453013693,0.0,nan,0.03569396585983853,0.00010544643721916759,0.0,nan,0.012964595398954337,-0.6950898983821944,0.0,nan,-8.414200868678279e-05,-0.003814127249178137,0.0,nan
20.452,35.34712598899989,ABORT,-0.12017209082841873,0.02228088676929474,0.996941864490509,0.04235193133354187,-0.03734903782606125,-0.057909104973077774,-0.013449900027460451,0.030258501874695302,0.0009729743666183923,0.008386444300413132,-0.018493682146072388,0.0022434622514992974,0.12225842106822035,0.080883256320431,0.0009729743666183923,0.04286336896141929,True,True,-0.0018547401217912096,0.003924242125494826,0.0,nan,0.03475935500431149,0.003742485327228503,0.0,nan,0.04286336896141929,0.0021600122453013693,0.0,nan,0.03569396585983853,0.00010544643721916759,0.0,nan,0.012964595398954337,-0.6950898983821944,0.0,nan,-8.414200868678279e-05,-0.003814127249178137,0.0,nan
20.48,35.42062779999992,ABORT,-0.11982234567403793,0.023289015516638756,0.9976904988288879,0.0437692292034626,-0.03791355341672897,-0.05872644484043121,-0.013227549749608884,0.029885202183259806,0.0009849584272024385,0.009718927554786205,-0.00893393810838461,-0.0024120947346091257,0.12208647165932122,0.08247410673262617,0.0009849584272024385,0.04286215120807846,True,True,-0.0018499643269302979,0.0051175624205396075,0.0,nan,0.03475766870623165,-0.0032664194347873203,0.0,nan,0.04286215120807846,-0.0017997170480596961,0.0,nan,0.035694092359878304,-0.0004864856675247716,0.0,nan,0.0134470364179613,0.8845038836813572,0.0,nan,-8.06407396032327e-05,0.005283851337969268,0.0,nan
20.484,35.4940398519999,ABORT,-0.11982234567403793,0.023289015516638756,0.9976904988288879,0.0437692292034626,-0.03791355341672897,-0.05872644484043121,-0.013227549749608884,0.029885202183259806,0.0009849584272024385,0.003458054969087243,-0.004101552534848452,-0.0026014083996415134,0.12208647165932122,0.08247410673262617,0.0009849584272024385,0.042870656488686265,True,True,-0.0018622813786191017,0.0061404113810564955,0.0,nan,0.03476636569263114,0.0041693229219544915,0.0,nan,0.042870656488686265,0.0026556590275535544,0.0,nan,0.035698461536547654,0.00044752736561102027,0.0,nan,0.01305878553247286,-0.6517468308789103,0.0,nan,-8.114626034760875e-05,-0.003256815128855565,0.0,nan
20.502,35.56714164699997,ABORT,-0.11962152272462845,0.023599781095981598,0.9980102181434631,0.04384328052401543,-0.03865887597203255,-0.05891423672437668,-0.013186563932677605,0.029862725711992014,0.0009728201292566416,-0.0036801137030124664,-0.007792924065142871,-0.004060191567987203,0.12194350166603243,0.08299174192258167,0.0009728201292566416,0.042870656488686265,True,True,-0.0018622813786191017,0.0061404113810564955,0.0,nan,0.03476636569263114,0.0041693229219544915,0.0,nan,0.042870656488686265,0.0026556590275535544,0.0,nan,0.035698461536547654,0.00044752736561102027,0.0,nan,0.01305878553247286,-0.6517468308789103,0.0,nan,-8.114626034760875e-05,-0.003256815128855565,0.0,nan
20.512,35.6397348779999,ABORT,-0.11962152272462845,0.023599781095981598,0.9980102181434631,0.04384328052401543,-0.03865887597203255,-0.05891423672437668,-0.013186563932677605,0.029862725711992014,0.0009728201292566416,-0.0036801137030124664,-0.007792924065142871,-0.004060191567987203,0.12194350166603243,0.08299174192258167,0.0009728201292566416,0.04288677061373303,True,True,-0.001869280789295935,0.0072467411733293605,0.0,nan,0.03477828475180278,0.004212077528498045,0.0,nan,0.04288677061373303,0.0028520362209029934,0.0,nan,0.03571121386496667,0.0005109676673371024,0.0,nan,0.013081615313417672,-0.699612431258213,0.0,nan,-8.468393219995818e-05,-0.003921766716060971,0.0,nan
20.523,35.721835411999905,ABORT,-0.11925762891769409,0.023946434259414673,0.9984833002090454,0.044366031885147095,-0.040406908839941025,-0.05925212800502777,-0.013303975932552609,0.029817260783192134,0.0008588222235954154,-0.0038515222258865833,-0.013874860480427742,0.0003902126336470263,0.12164749955123112,0.08433194970091341,0.0008588222235954154,0.04288677061373303,True,True,-0.001869280789295935,0.0072467411733293605,0.0,nan,0.03477828475180278,0.004212077528498045,0.0,nan,0.04288677061373303,0.0028520362209029934,0.0,nan,0.03571121386496667,0.0005109676673371024,0.0,nan,0.013081615313417672,-0.699612431258213,0.0,nan,-8.468393219995818e-05,-0.003921766716060971,0.0,nan
20.551,35.79876663699997,ABORT,-0.11897720396518707,0.024110527709126472,0.998863697052002,0.04439716413617134,-0.04065251350402832,-0.05905216559767723,-0.013402506269753058,0.029682872172103254,0.000856735689644267,0.0007059907075017691,-0.011749242432415485,-0.0037155759055167424,0.12140092171880702,0.08432611279612524,0.0008567356896442671,0.04291264241307591,True,True,0.0018589739146390727,0.006785079587008393,0.0,nan,0.03479867495776112,0.0040346057810125855,0.0,nan,0.04291264241307591,0.002463179501463307,0.0,nan,0.03573135413106243,0.0002641600191336064,0.0,nan,0.013045816573431068,-0.653111187074576,0.0,nan,-8.101006216332252e-05,-0.003231134746917646,0.0,nan
20.558,35.89868483199996,ABORT,-0.11851697415113449,0.024254081770777702,0.9993463754653931,0.04402533173561096,-0.04198945313692093,-0.0581718347966671,-0.01343551809131293,0.029545783846581478,0.0008114726847278926,0.0007059907075017691,-0.011749242432415485,-0.0037155759055167424,0.1209750423414536,0.08417426193783348,0.0008114726847278926,0.04291264241307591,True,True,0.0018589739146390727,0.006785079587008393,0.0,nan,0.03479867495776112,0.0040346057810125855,0.0,nan,0.04291264241307591,0.002463179501463307,0.0,nan,0.03573135413106243,0.0002641600191336064,0.0,nan,0.013045816573431068,-0.653111187074576,0.0,nan,-8.101006216332252e-05,-0.003231134746917646,0.0,nan
20.572,35.97489279099989,ABORT,-0.11851697415113449,0.024254081770777702,0.9993463754653931,0.04402533173561096,-0.04198945313692093,-0.0581718347966671,-0.01343551809131293,0.029545783846581478,0.0008114726847278926,-0.0043653203174471855,-0.015174747444689274,-0.004777584224939345,0.1209750423414536,0.08417426193783348,0.0008114726847278926,0.04292275958864167,True,True,0.0018612786307752316,0.0005600783062958969,0.0,nan,0.03480663918183602,0.004025000140400602,0.0,nan,0.04292275958864167,0.0025358679493459745,0.0,nan,0.03573917746797228,0.0003155284833845826,0.0,nan,0.01302955127060379,-0.6982305055669156,0.0,nan,-8.416232728070128e-05,-0.0036828954277211105,0.0,nan
20.588,36.049899804999995,ABORT,-0.1184614971280098,0.02488178387284279,0.9997211694717407,0.04317270219326019,-0.0425611175596714,-0.05832144618034363,-0.013542800505621044,0.02936317649941445,0.0006920007942536419,0.0031143464148044586,-0.00789746455848217,2.1579704480246675e-05,0.12104671501931732,0.08412325497246775,0.0006920007942536419,0.042929419078159725,True,True,-0.0018566433615765376,-0.0006507273047587914,0.0,nan,0.03481083779548122,-0.003044826219765215,0.0,nan,0.042929419078159725,-0.0015060597095932077,0.0,nan,0.03574630751383445,-0.000204634476806723,0.0,nan,0.01353073872860211,0.8866195546522267,0.0,nan,-8.068562673546609e-05,0.005533100681923428,0.0,nan
20.623,36.124001014999976,ABORT,-0.11819864064455032,0.02616606466472149,1.000387191772461,0.04198257252573967,-0.0427568256855011,-0.05735550820827484,-0.013747179701151533,0.029301534280995183,0.0006202096773161802,-0.0074969143606722355,-0.007649073377251626,-0.004540606401860713,0.12106085869399155,0.08294779599488343,0.0006202096773161802,0.04293783351674829,True,True,-0.001864010170935515,0.00327757561898428,0.0,nan,0.034819653321063626,0.003928575316167287,0.0,nan,0.04293783351674829,0.002344670540809571,0.0,nan,0.03575125733489681,0.00018477073217075968,0.0,nan,0.013058737656472807,-0.6451858379263227,0.0,nan,-8.162283203105858e-05,-0.0036301282698683567,0.0,nan
20.647,36.19880260899993,ABORT,-0.11796823889017105,0.02673703245818615,1.0007109642028809,0.04166136682033539,-0.043525177985429764,-0.05786009132862091,-0.013914823794044105,0.02921443853903376,0.0005488079778012225,-0.012448026798665524,-0.006739908829331398,-0.0014023614348843685,0.12096230719367229,0.0835338301082755,0.0005488079778012226,0.04294825820652104,True,True,-0.0018510014793022833,0.008957572908947005,0.0,nan,0.03482662472241582,-0.003241763744673829,0.0,nan,0.04294825820652104,-0.0017959510620728335,0.0,nan,0.03576145747580828,-0.0004084552454096061,0.0,nan,0.013487707848333308,0.8808443587189787,0.0,nan,-8.03856071067699e-05,0.0056699806978610864,0.0,nan
20.648,36.27636983799994,ABORT,-0.11796823889017105,0.02673703245818615,1.0007109642028809,0.04166136682033539,-0.043525177985429764,-0.05786009132862091,-0.013914823794044105,0.02921443853903376,0.0005488079778012225,-0.012448026798665524,-0.006739908829331398,-0.0014023614348843685,0.12096230719367229,0.0835338301082755,0.0005488079778012226,0.04294825820652104,True,True,-0.0018510014793022833,0.008957572908947005,0.0,nan,0.03482662472241582,-0.003241763744673829,0.0,nan,0.04294825820652104,-0.0017959510620728335,0.0,nan,0.03576145747580828,-0.0004084552454096061,0.0,nan,0.013487707848333308,0.8808443587189787,0.0,nan,-8.03856071067699e-05,0.0056699806978610864,0.0,nan
20.684,36.35159453799997,ABORT,-0.11744633316993713,0.027428893372416496,1.0010961294174194,0.042101550847291946,-0.043155692517757416,-0.05779649317264557,-0.014247894547317352,0.029173867925136578,0.00048530281407423793,-0.0060960762202739716,0.0008838356588967143,-0.000515810213983059,0.12061171944052121,0.08351879431295688,0.00048530281407423793,0.042947364296770374,True,True,0.0018526459833037023,0.007305023678074259,0.0,nan,0.03482926140209219,0.003633048505878451,0.0,nan,0.042947364296770374,0.0020732941880602773,0.0,nan,0.03575924150597043,-7.024179872604404e-05,0.0,nan,0.012964576291215835,-0.6930206072658679,0.0,nan,-8.399674950343439e-05,-0.0038414902955321156,0.0,nan
20.725,36.43005325899992,ABORT,-0.11673937737941742,0.02778707444667816,1.001322865486145,0.0423409566283226,-0.0444461889564991,-0.05932833254337311,-0.014419440462524507,0.02934240070362017,0.0004964237739219629,0.0057075731456279755,-0.001272647641599178,0.001745280926115811,0.12000814018362964,0.08537020184663606,0.0004964237739219629,0.04295934524305167,True,True,-0.0018595900418372224,0.00016531081155906832,0.0,nan,0.0348380111490032,0.003936122072280838,0.0,nan,0.04295934524305167,0.0022812660056372603,0.0,nan,0.03576810865861191,-0.0003523420677789494,0.0,nan,0.013092052873390436,-0.5507927280394521,0.0,nan,-8.752691956903647e-05,-0.005344876526916467,0.0,nan
20.751,36.507840687,ABORT,-0.11624623835086823,0.027869144454598427,1.0014138221740723,0.042063284665346146,-0.0440811887383461,-0.05934050679206848,-0.014370700889930196,0.029414775604717978,0.0005054710226049937,0.0015818328829482198,0.004913134500384331,-0.0003385814488865441,0.11954863460741841,0.08505155415254421,0.0005054710226049937,0.04296869233648959,True,True,-0.0018638419696035413,0.004428512497380384,0.0,nan,0.03484527124460701,0.003893355824262001,0.0,nan,0.04296869233648959,0.0024064003825048363,0.0,nan,0.035775332392295134,0.00018667642329404932,0.0,nan,0.013043802425737994,-0.690485580621248,0.0,nan,-8.484517937823455e-05,-0.004199237556521029,0.0,nan
20.753,36.5856152209999,ABORT,-0.11624623835086823,0.027869144454598427,1.0014138221740723,0.042063284665346146,-0.0440811887383461,-0.05934050679206848,-0.014370700889930196,0.029414775604717978,0.0005054710226049937,0.0015818328829482198,0.004913134500384331,-0.0003385814488865441,0.11954863460741841,0.08505155415254421,0.0005054710226049937,0.04296869233648959,True,True,-0.0018638419696035413,0.004428512497380384,0.0,nan,0.03484527124460701,0.003893355824262001,0.0,nan,0.04296869233648959,0.0024064003825048363,0.0,nan,0.035775332392295134,0.00018667642329404932,0.0,nan,0.013043802425737994,-0.690485580621248,0.0,nan,-8.484517937823455e-05,-0.004199237556521029,0.0,nan
20.791,36.6630399149999,ABORT,-0.11568916589021683,0.028150875121355057,1.001461148262024,0.04228920489549637,-0.043937038630247116,-0.05881646275520325,-0.014419978511476934,0.029580618199227453,0.000537020336540892,0.004174927715212107,-0.0054511288180947295,0.006435670889914037,0.11907388390707616,0.08472435603368911,0.000537020336540892,0.04299531200225282,True,True,0.0018656961708751751,0.008342701453887328,0.0,nan,0.034865184534206506,0.004264229078229275,0.0,nan,0.04299531200225282,0.002730364288007725,0.0,nan,0.03579597297426762,0.00037832475470324367,0.0,nan,0.013148612895241385,-0.6143699908248338,0.0,nan,-8.213585235683496e-05,-0.0031767889291800626,0.0,nan
20.8,36.737592322999944,ABORT,-0.11559107154607773,0.02895028330385685,1.0015099048614502,0.041917409747838974,-0.044056687504053116,-0.05786704272031784,-0.014418523437163757,0.029535629977063403,0.0006188047512907237,0.004174927715212107,-0.0054511288180947295,0.006435670889914037,0.11917086278631478,0.08394436006661261,0.0006188047512907237,0.04299531200225282,True,True,0.0018656961708751751,0.008342701453887328,0.0,nan,0.034865184534206506,0.004264229078229275,0.0,nan,0.04299531200225282,0.002730364288007725,0.0,nan,0.03579597297426762,0.00037832475470324367,0.0,nan,0.013148612895241385,-0.6143699908248338,0.0,nan,-8.213585235683496e-05,-0.0031767889291800626,0.0,nan
20.823,36.81258332999994,ABORT,-0.11548563092947006,0.02939196676015854,1.0016403198242188,0.04180664196610451,-0.04546041786670685,-0.05753384530544281,-0.014357964534195506,0.029538701760168457,0.0005437180940566733,-0.0019708946347236633,-0.010836211033165455,0.0006600645137950791,0.11917847670755723,0.08440727611247903,0.0005437180940566733,0.04300435048564921,True,True,0.001863609553423018,0.0012687496152365852,0.0,nan,0.03487248632287798,0.003940899562449045,0.0,nan,0.04300435048564921,0.0024492335040048737,0.0,nan,0.03580289439888329,0.0001851443645555905,0.0,nan,0.013028450799054347,-0.6997526324440222,0.0,nan,-8.40481934689663e-05,-0.003714923725222384,0.0,nan
20.845,36.90938146399992,ABORT,-0.11526775360107422,0.029925033450126648,1.0017898082733154,0.04248257353901863,-0.045635487884283066,-0.056194011121988297,-0.014373573521535907,0.029418568326024467,0.0005483127822325007,0.0075360434129834175,-0.007065265439450741,0.0009649681160226473,0.11910233440568822,0.08393529469128477,0.0005483127822325007,0.04301875329428029,True,True,-0.0018638621198459049,-0.00037225320998349534,0.0,nan,0.03488446580262927,0.0038051045000142337,0.0,nan,0.04301875329428029,0.0020667673178220783,0.0,nan,0.03581505511142691,-0.0005192908075262424,0.0,nan,0.013064342241322358,-0.5481452883493166,0.0,nan,-8.740434109544282e-05,-0.0052929806542497924,0.0,nan
20.856,36.986056201,ABORT,-0.11526775360107422,0.029925033450126648,1.0017898082733154,0.04248257353901863,-0.045635487884283066,-0.056194011121988297,-0.014373573521535907,0.029418568326024467,0.0005483127822325007,0.0075360434129834175,-0.007065265439450741,0.0009649681160226473,0.11910233440568822,0.08393529469128477,0.0005483127822325007,0.04301875329428029,True,True,-0.0018638621198459049,-0.00037225320998349534,0.0,nan,0.03488446580262927,0.0038051045000142337,0.0,nan,0.04301875329428029,0.0020667673178220783,0.0,nan,0.03581505511142691,-0.0005192908075262424,0.0,nan,0.013064342241322358,-0.5481452883493166,0.0,nan,-8.740434109544282e-05,-0.0052929806542497924,0.0,nan
20.856,37.058916125999986,ABORT,-0.11526775360107422,0.029925033450126648,1.0017898082733154,0.04248257353901863,-0.045635487884283066,-0.056194011121988297,-0.014373573521535907,0.029418568326024467,0.0005483127822325007,0.0075360434129834175,-0.007065265439450741,0.0009649681160226473,0.11910233440568822,0.08393529469128477,0.0005483127822325007,0.04301875329428029,True,True,-0.0018638621198459049,-0.00037225320998349534,0.0,nan,0.03488446580262927,0.0038051045000142337,0.0,nan,0.04301875329428029,0.0020667673178220783,0.0,nan,0.03581505511142691,-0.0005192908075262424,0.0,nan,0.013064342241322358,-0.5481452883493166,0.0,nan,-8.740434109544282e-05,-0.0052929806542497924,0.0,nan
20.89,37.134399388999896,ABORT,-0.1147318184375763,0.03050932288169861,1.0017834901809692,0.04245483875274658,-0.04690327122807503,-0.05509785935282707,-0.014232501942740427,0.02933301254311094,0.00047638636703203343,0.008938709273934364,-0.004166663158684969,0.00028729994664900054,0.11873242936080405,0.08389341029353853,0.0004763863670320335,0.04302230333631574,True,True,-0.0018631740464867264,0.007500604207858065,0.0,nan,0.03488621938203185,-0.003199739363079052,0.0,nan,0.04302230333631574,-0.0016308853733294725,0.0,nan,0.03581910587688952,-0.00032184742933157647,0.0,nan,0.013531061226852437,0.8845299076076786,0.0,nan,-8.03466544061493e-05,0.0055155590159907805,0.0,nan
20.931,37.20846389499991,ABORT,-0.11402436345815659,0.030738042667508125,1.0016791820526123,0.04293253645300865,-0.048308830708265305,-0.056879572570323944,-0.014190612197891835,0.029357870793189317,0.0004240495778936586,0.00011593144154176116,-0.004769453778862953,0.0004374227428343153,0.11810674147326714,0.08609431796855993,0.00042404957789365856,0.0430326108543575,True,True,-0.0018615252252898173,0.007369969367350885,0.0,nan,0.034895124172587444,0.0036714947500839663,0.0,nan,0.0430326108543575,0.002178118324231479,0.0,nan,0.03582530679840534,-4.618100072044905e-05,0.0,nan,0.013015988707919313,-0.6953121831443905,0.0,nan,-8.42067769584176e-05,-0.0038682749038025915,0.0,nan
20.932,37.286130870999955,ABORT,-0.11402436345815659,0.030738042667508125,1.0016791820526123,0.04293253645300865,-0.048308830708265305,-0.056879572570323944,-0.014190612197891835,0.029357870793189317,0.0004240495778936586,0.00011593144154176116,-0.004769453778862953,0.0004374227428343153,0.11810674147326714,0.08609431796855993,0.00042404957789365856,0.0430326108543575,True,True,-0.0018615252252898173,0.007369969367350885,0.0,nan,0.034895124172587444,0.0036714947500839663,0.0,nan,0.0430326108543575,0.002178118324231479,0.0,nan,0.03582530679840534,-4.618100072044905e-05,0.0,nan,0.013015988707919313,-0.6953121831443905,0.0,nan,-8.42067769584176e-05,-0.0038682749038025915,0.0,nan
20.936,37.35927699099989,ABORT,-0.11402436345815659,0.030738042667508125,1.0016791820526123,0.04293253645300865,-0.048308830708265305,-0.056879572570323944,-0.014190612197891835,0.029357870793189317,0.0004240495778936586,0.00011593144154176116,-0.004769453778862953,0.0004374227428343153,0.11810674147326714,0.08609431796855993,0.00042404957789365856,0.0430326108543575,True,True,-0.0018615252252898173,0.007369969367350885,0.0,nan,0.034895124172587444,0.0036714947500839663,0.0,nan,0.0430326108543575,0.002178118324231479,0.0,nan,0.03582530679840534,-4.618100072044905e-05,0.0,nan,0.013015988707919313,-0.6953121831443905,0.0,nan,-8.42067769584176e-05,-0.0038682749038025915,0.0,nan
20.94,37.436898185999894,ABORT,-0.11369694769382477,0.03073187731206417,1.0014759302139282,0.04333309084177017,-0.04883839935064316,-0.057499147951602936,-0.014268738900583323,0.029435328666995164,0.00040793422122431603,-0.0006338226376101375,-0.015630992129445076,-0.00378435058519244,0.11778634287561728,0.08700056337860308,0.0004079342212243161,0.0430326108543575,True,True,-0.0018615252252898173,0.007369969367350885,0.0,nan,0.034895124172587444,0.0036714947500839663,0.0,nan,0.0430326108543575,0.002178118324231479,0.0,nan,0.03582530679840534,-4.618100072044905e-05,0.0,nan,0.013015988707919313,-0.6953121831443905,0.0,nan,-8.42067769584176e-05,-0.0038682749038025915,0.0,nan
20.956,37.511113024,ABORT,-0.11369694769382477,0.03073187731206417,1.0014759302139282,0.04333309084177017,-0.04883839935064316,-0.057499147951602936,-0.014268738900583323,0.029435328666995164,0.00040793422122431603,-0.0006338226376101375,-0.015630992129445076,-0.00378435058519244,0.11778634287561728,0.08700056337860308,0.0004079342212243161,0.04303780110787869,True,True,-0.0018603175714302367,0.007239956004683372,0.0,nan,0.03489710755399145,-0.0030426128957984355,0.0,nan,0.04303780110787869,-0.0014866799882379666,0.0,nan,0.03583073804512882,-0.00010456479447018725,0.0,nan,0.013585633139697961,0.8883155308444918,0.0,nan,-8.077797059957703e-05,0.005532175444466744,0.0,nan
20.967,37.58479320299989,ABORT,-0.11315594613552094,0.030646972358226776,1.001190185546875,0.04377317428588867,-0.04804810509085655,-0.05763998255133629,-0.014303177679902492,0.02925149060346758,0.0003559667629271949,0.0005262933555059135,-0.005046151112765075,-0.0053093116730451575,0.11723873763473752,0.0868739246172471,0.0003559667629271949,0.04304287537573703,True,True,0.0018586383272563012,0.005991468604753953,0.0,nan,0.034903346530839485,0.0039059329972291907,0.0,nan,0.04304287537573703,0.0023303065022222897,0.0,nan,0.0358332109436752,-4.7875183690756357e-05,0.0,nan,0.013073160142916151,-0.6053247190591491,0.0,nan,-8.182960997160649e-05,-0.0033283596893447023,0.0,nan
21.005,37.65952370699995,ABORT,-0.11268272250890732,0.031548768281936646,1.0007599592208862,0.043310485780239105,-0.04860460385680199,-0.05599533021450043,-0.014512091412832153,0.02925223585991522,0.00018142962558036696,-0.0030082371085882187,-0.012299809604883194,0.0018067001365125194,0.11701836723414043,0.08587015022944754,0.00018142962558036693,0.04307370534193922,True,True,0.0018767096794629623,0.007887655007409414,0.0,nan,0.03492464397263628,-0.0025875543624356637,0.0,nan,0.04307370534193922,-0.0008628803916315986,0.0,nan,0.03585907720201842,0.0004235767169045706,0.0,nan,0.013708501600422807,0.894809833594957,0.0,nan,-8.157987810530898e-05,0.0054976553484810285,0.0,nan
21.026,37.73485853699992,ABORT,-0.11249726265668869,0.0319172628223896,1.0006129741668701,0.04306590184569359,-0.048135604709386826,-0.05407124012708664,-0.014640379103152383,0.02913670545381685,0.00016783736431827528,-0.0027756064664572477,-0.01382340956479311,-0.0007000272162258608,0.1169389648861779,0.08423424096768678,0.00016783736431827528,0.043086234133526524,True,True,0.0018614987124898619,0.0029026383257391222,0.0,nan,0.03493674806292013,0.0038633372276688535,0.0,nan,0.043086234133526524,0.0020862668516861463,0.0,nan,0.03586868881137395,-0.00047465061161831054,0.0,nan,0.013104513988713151,-0.5572442152371665,0.0,nan,-8.733853419684579e-05,-0.005007190651136157,0.0,nan
21.027,37.809810840999944,ABORT,-0.11249726265668869,0.0319172628223896,1.0006129741668701,0.04306590184569359,-0.048135604709386826,-0.05407124012708664,-0.014640379103152383,0.02913670545381685,0.00016783736431827528,-0.0027756064664572477,-0.01382340956479311,-0.0007000272162258608,0.1169389648861779,0.08423424096768678,0.00016783736431827528,0.043086234133526524,True,True,0.0018614987124898619,0.0029026383257391222,0.0,nan,0.03493674806292013,0.0038633372276688535,0.0,nan,0.043086234133526524,0.0020862668516861463,0.0,nan,0.03586868881137395,-0.00047465061161831054,0.0,nan,0.013104513988713151,-0.5572442152371665,0.0,nan,-8.733853419684579e-05,-0.005007190651136157,0.0,nan
21.039,37.88414992199989,ABORT,-0.11216235905885696,0.03236246109008789,1.0003840923309326,0.043120890855789185,-0.04807593300938606,-0.052828527987003326,-0.014785263292778041,0.028907350613086486,0.00015747394038721882,-0.0027756064664572477,-0.01382340956479311,-0.0007000272162258608,0.11673847353967794,0.08343596306265934,0.00015747394038721882,0.043086234133526524,True,True,0.0018614987124898619,0.0029026383257391222,0.0,nan,0.03493674806292013,0.0038633372276688535,0.0,nan,0.043086234133526524,0.0020862668516861463,0.0,nan,0.03586868881137395,-0.00047465061161831054,0.0,nan,0.013104513988713151,-0.5572442152371665,0.0,nan,-8.733853419684579e-05,-0.005007190651136157,0.0,nan
21.042,37.94360783299999,ABORT,-0.11216235905885696,0.03236246109008789,1.0003840923309326,0.043120890855789185,-0.04807593300938606,-0.052828527987003326,-0.014785263292778041,0.028907350613086486,0.00015747394038721882,-0.0013837411534041166,-0.007712141610682011,0.001822362421080471,0.11673847353967794,0.08343596306265934,0.00015747394038721882,0.043086234133526524,True,True,0.0018614987124898619,0.0029026383257391222,0.0,nan,0.03493674806292013,0.0038633372276688535,0.0,nan,0.043086234133526524,0.0020862668516861463,0.0,nan,0.03586868881137395,-0.00047465061161831054,0.0,nan,0.013104513988713151,-0.5572442152371665,0.0,nan,-8.733853419684579e-05,-0.005007190651136157,0.0,nan
21.078,38.021234127999946,ABORT,-0.11150865256786346,0.03282748535275459,0.9998102188110352,0.042375437915325165,-0.04854893684387207,-0.05058097094297409,-0.014782277915535083,0.028775096641685337,0.0002031759456971535,0.0031133778393268585,-0.008899061009287834,0.0009141415357589733,0.1162405239535055,0.08192137467547676,0.0002031759456971535,0.0430910278019736,True,True,-0.001866313887443738,-0.00044622693325084214,0.0,nan,0.03494002066994906,-0.0031545625025252936,0.0,nan,0.0430910278019736,-0.0016048974579025432,0.0,nan,0.035873998146752406,-0.00019989476915571042,0.0,nan,0.013578657093145985,0.888563442083015,0.0,nan,-8.019568875727856e-05,0.005656997307312832,0.0,nan
21.089,38.09474860099999,ABORT,-0.11150865256786346,0.03282748535275459,0.9998102188110352,0.042375437915325165,-0.04854893684387207,-0.05058097094297409,-0.014782277915535083,0.028775096641685337,0.0002031759456971535,-0.0021248182747513056,-0.012828551232814789,-0.0014957783278077826,0.1162405239535055,0.08192137467547676,0.0002031759456971535,0.04309381286510572,True,True,-0.001859666168386731,0.006845918702763236,0.0,nan,0.03494410566661532,0.0035797056029437105,0.0,nan,0.04309381286510572,0.0017288595185442936,0.0,nan,0.03587574463574583,-0.0007165507360921428,0.0,nan,0.013061368767058212,-0.5487425603191113,0.0,nan,-8.779580039863788e-05,-0.005446171224073933,0.0,nan
21.102,38.16876059899994,ABORT,-0.11120017617940903,0.03291668742895126,0.9996111392974854,0.04267614707350731,-0.048820704221725464,-0.05100288242101669,-0.014875681896028729,0.02861576359563635,0.0002215640200972022,-0.0021248182747513056,-0.012828551232814789,-0.0014957783278077826,0.1159704216870528,0.08249853759308029,0.00022156402009720222,0.04309381286510572,True,True,-0.001859666168386731,0.006845918702763236,0.0,nan,0.03494410566661532,0.0035797056029437105,0.0,nan,0.04309381286510572,0.0017288595185442936,0.0,nan,0.03587574463574583,-0.0007165507360921428,0.0,nan,0.013061368767058212,-0.5487425603191113,0.0,nan,-8.779580039863788e-05,-0.005446171224073933,0.0,nan
21.139,38.241558940999994,ABORT,-0.11035718023777008,0.032923419028520584,0.9991275668144226,0.041790205985307693,-0.04883825033903122,-0.05230259522795677,-0.014824978004400843,0.028635690985197138,0.0003056033924981333,-8.699717000126839e-06,-0.00029573633219115366,0.0059650372713804245,0.11516692185789511,0.08286831408959529,0.0003056033924981333,0.04308198214821157,True,True,-0.001852372548289516,0.007363700069960942,0.0,nan,0.03493467858481836,-0.003412582193389524,0.0,nan,0.04308198214821157,-0.0019369795212894436,0.0,nan,0.03586771818926504,-0.0005113957868596039,0.0,nan,0.013509948765072721,0.8831269774955885,0.0,nan,-7.976824409094974e-05,0.005632249348944982,0.0,nan
21.15,38.31869234199996,ABORT,-0.11035718023777008,0.032923419028520584,0.9991275668144226,0.041790205985307693,-0.04883825033903122,-0.05230259522795677,-0.014824978004400843,0.028635690985197138,0.0003056033924981333,0.008783386088907719,-0.004083195235580206,0.002804541261866689,0.11516692185789511,0.08286831408959529,0.0003056033924981333,0.04308487251488824,True,True,0.0018588570254856052,0.008774508774557373,0.0,nan,0.034938029512320945,-0.00044700761146767394,0.0,nan,0.04308487251488824,-9.280503513765348e-05,0.0,nan,0.035869026262667525,0.0002560928999119985,0.0,nan,0.012871873625437402,-0.4816042359797632,0.0,nan,-9.298039072636044e-05,6.412758616602954e-05,0.0,nan
21.161,38.39278869999998,ABORT,-0.10978859663009644,0.03281211480498314,0.9990875720977783,0.04221675544977188,-0.04910983890295029,-0.05313778668642044,-0.014756616581460623,0.028675196866308907,0.00034852739495936134,0.008783386088907719,-0.004083195235580206,0.002804541261866689,0.11459059015756123,0.08377144556297865,0.00034852739495936134,0.04308487251488824,True,True,0.0018588570254856052,0.008774508774557373,0.0,nan,0.034938029512320945,-0.00044700761146767394,0.0,nan,0.04308487251488824,-9.280503513765348e-05,0.0,nan,0.035869026262667525,0.0002560928999119985,0.0,nan,0.012871873625437402,-0.4816042359797632,0.0,nan,-9.298039072636044e-05,6.412758616602954e-05,0.0,nan
21.18,38.469318271999896,ABORT,-0.10952222347259521,0.032955870032310486,0.9991755485534668,0.04160281643271446,-0.05020298808813095,-0.05346209183335304,-0.014591156264638925,0.028701968058882407,0.0004121624473348682,0.0065031154081225395,-0.0026911431923508644,0.0016445999499410395,0.11437607496393341,0.08431684061508134,0.00041216244733486825,0.04309083863053065,True,True,-0.0018632197124848204,0.000289383478094634,0.0,nan,0.03494337290308547,0.0037874935624760365,0.0,nan,0.04309083863053065,0.0022684129802872394,0.0,nan,0.03587327870250778,7.297818055201737e-05,0.0,nan,0.013049691372588157,-0.696850207359335,0.0,nan,-8.423779689614719e-05,-0.003686051243819802,0.0,nan
21.181,38.55084560699993,ABORT,-0.10952222347259521,0.032955870032310486,0.9991755485534668,0.04160281643271446,-0.05020298808813095,-0.05346209183335304,-0.014591156264638925,0.028701968058882407,0.0004121624473348682,0.0065031154081225395,-0.0026911431923508644,0.0016445999499410395,0.11437607496393341,0.08431684061508134,0.00041216244733486825,0.04309083863053065,True,True,-0.0018632197124848204,0.000289383478094634,0.0,nan,0.03494337290308547,0.0037874935624760365,0.0,nan,0.04309083863053065,0.0022684129802872394,0.0,nan,0.03587327870250778,7.297818055201737e-05,0.0,nan,0.013049691372588157,-0.696850207359335,0.0,nan,-8.423779689614719e-05,-0.003686051243819802,0.0,nan
21.198,38.62682362499993,ABORT,-0.10952222347259521,0.032955870032310486,0.9991755485534668,0.04160281643271446,-0.05020298808813095,-0.05346209183335304,-0.014591156264638925,0.028701968058882407,0.0004121624473348682,0.0014301498886197805,-0.0024230480194091797,0.0011456486536189916,0.11437607496393341,0.08431684061508134,0.00041216244733486825,0.04309800288064736,True,True,-0.0018709903403770767,0.005003789953847957,0.0,nan,0.03494698093376414,-0.0028949995226704305,0.0,nan,0.04309800288064736,-0.001245556685067571,0.0,nan,0.03588004445090487,9.03752787536332e-05,0.0,nan,0.01361838961155648,0.8884309500939094,0.0,nan,-8.073153245913289e-05,0.005616268309404686,0.0,nan
21.212,38.702949875999934,ABORT,-0.1092749759554863,0.03346075862646103,0.9994383454322815,0.04142589867115021,-0.0508686900138855,-0.05277878791093826,-0.014622787521992467,0.028738813453227475,0.0004133782451309259,0.0037712466437369585,-0.004826107993721962,0.002455142326653004,0.11428454923472303,0.0841981541234069,0.0004133782451309259,0.043111943214015014,True,True,-0.0018738485070644018,0.00638587907086955,0.0,nan,0.03495915110806447,0.004197326873794186,0.0,nan,0.043111943214015014,0.0025593132951936236,0.0,nan,0.03588987638570451,-0.00010417885934929649,0.0,nan,0.013180549846127043,-0.5515990187407821,0.0,nan,-8.834151190395545e-05,-0.005433473277139368,0.0,nan
21.232,38.775622272999954,ABORT,-0.1090802401304245,0.0337192676961422,0.9996405243873596,0.04135333374142647,-0.05112490803003311,-0.0508560910820961,-0.014600094146130584,0.028723177397591733,0.00044416807081223725,-0.0012888781493529677,-0.005151610821485519,-0.000892276177182793,0.11417362665515733,0.08312759128448026,0.00044416807081223725,0.04312443505844232,True,True,-0.0018691345742833931,0.006807200816394984,0.0,nan,0.034969767495947934,0.0039232956657922775,0.0,nan,0.04312443505844232,0.0023966699724631575,0.0,nan,0.03590071183204646,0.00019647680871000966,0.0,nan,0.013085476245436212,-0.6973140322458126,0.0,nan,-8.477167114140371e-05,-0.0038747802628785605,0.0,nan
21.238,38.85169834599992,ABORT,-0.1087283119559288,0.03398431837558746,0.9998772144317627,0.04197205975651741,-0.05281203240156174,-0.05016103386878967,-0.014645617618952344,0.028694490894050573,0.0004404364099358831,-0.0012888781493529677,-0.005151610821485519,-0.000892276177182793,0.1139157354913483,0.08406481954643179,0.0004404364099358831,0.04312443505844232,True,True,-0.0018691345742833931,0.006807200816394984,0.0,nan,0.034969767495947934,0.0039232956657922775,0.0,nan,0.04312443505844232,0.0023966699724631575,0.0,nan,0.03590071183204646,0.00019647680871000966,0.0,nan,0.013085476245436212,-0.6973140322458126,0.0,nan,-8.477167114140371e-05,-0.0038747802628785605,0.0,nan
21.244,38.9552781189999,ABORT,-0.1087283119559288,0.03398431837558746,0.9998772144317627,0.04197205975651741,-0.05281203240156174,-0.05016103386878967,-0.014645617618952344,0.028694490894050573,0.0004404364099358831,0.0030105251353234053,-0.011730418540537357,0.0030493298545479787,0.1139157354913483,0.08406481954643179,0.0004404364099358831,0.04312982247953023,True,True,-0.0018650458097031475,0.007246867192183391,0.0,nan,0.034972407760021085,-0.0030406873375989026,0.0,nan,0.04312982247953023,-0.0014647060197307518,0.0,nan,0.03590627309441796,-0.00013071904658815744,0.0,nan,0.01360019317636496,0.8891200470600893,0.0,nan,-8.085899520082762e-05,0.005530014399766522,0.0,nan
