cycle,time_s,status,solve_time_s,cost,e_p,e_v,e_R,e_omega,e_q,e_dq,e_q_shoulder_lift,abs_e_q_shoulder_lift,e_dq_shoulder_lift,abs_e_dq_shoulder_lift,e_q_elbow,abs_e_q_elbow,e_dq_elbow,abs_e_dq_elbow,e_q_wrist_1,abs_e_q_wrist_1,e_dq_wrist_1,abs_e_dq_wrist_1,e_q_wrist_roll,abs_e_q_wrist_roll,e_dq_wrist_roll,abs_e_dq_wrist_roll,J_p,J_v,J_R,J_omega,J_q,J_dq,J_u,J_nu,cmd_00,cmd_01,cmd_02,cmd_03,cmd_04,cmd_05,cmd_06,cmd_07,cmd_rate_00,cmd_rate_01,cmd_rate_02,cmd_rate_03,cmd_rate_04,cmd_rate_05,cmd_rate_06,cmd_rate_07
0,0.0,0,0.0032882850027817767,242.59883375040786,0.04123105625617661,0.0,0.08726646259971647,0.0,0.1,0.0,0.04999999999999999,0.04999999999999999,0.0,0.0,0.05,0.05,0.0,0.0,0.05,0.05,0.0,0.0,0.05,0.05,0.0,0.0,0.68,0.0,0.9999991428491917,0.0,4.0,0.0,0.0,1922.807816584555,8.79554611899837,0.04787273811622701,0.10631631639856702,-0.008928586104745168,0.11999999999999901,0.11999999999999847,0.11999999999999929,-0.032799923758273564,42.16552542653,2.3936369058113507,5.315815819928352,-0.4464293052372585,5.999999999999951,5.9999999999999245,5.999999999999965,-1.6399961879136784
1,0.02,0,0.0025441120014875196,217.6036355828024,0.042623285795085425,0.012651254998817169,0.07691517049279134,0.42336979449246137,0.08174502628916425,0.7224506369664895,0.036919919445432964,0.036919919445432964,-0.4087525173302203,0.4087525173302203,0.03747267324869802,0.03747267324869802,-0.39147896097818685,0.39147896097818685,0.035699046352553575,0.035699046352553575,-0.4469048014827007,0.4469048014827007,0.05138624057345933,0.05138624057345933,0.043320017920603957,0.043320017920603957,0.7266977967878122,0.016005425304509636,0.7768352033474323,17.924198288858893,2.672899729206461,52.193492285328624,13.957459696467325,1940.9765869396604,9.628074871127106,0.04085440852703026,0.30452358573827343,-0.017892303303393704,0.2399999999999968,0.2399999999999947,0.23999999999999777,-0.0586994384156647,41.62643760643693,-0.35091647945983895,9.91036346698532,-0.4481858599324268,5.999999999999889,5.999999999999809,5.999999999999923,-1.2949757328695568
2,0.04,0,0.0025865099996735808,198.26733797944001,0.04469969528592742,0.019006134262486638,0.07150278283801542,0.8276625033929935,0.057039601463010334,1.4216683381194015,0.010759758336298858,0.010759758336298858,-0.8041717013271074,0.8041717013271074,0.012418019746094057,0.012418019746094057,-0.7696245886230405,0.7696245886230405,0.007097139057660733,0.007097139057660733,-0.880476269632068,0.880476269632068,0.054158721720377986,0.054158721720377986,0.0829955998680664,0.0829955998680664,0.7992251034619047,0.036123313960366846,0.6713527512444839,68.50252195227569,1.3014064540236199,202.11408636111807,55.50942127493344,1837.3519058420475,10.444021903343488,0.02760541594574059,0.4637946791114741,-0.025414702780859718,0.35999999999999677,0.35999999999999466,0.3599999999999977,-0.07798154077736008,40.79735161081904,-0.6624496290644823,7.963554668660033,-0.376119973873301,5.999999999999998,5.9999999999999964,5.999999999999999,-0.9641051180847691
3,0.06,0,0.0024140169989550486,178.3010443498334,0.04571786923795862,0.027998541718263225,0.07322034182512005,1.0138824924247014,0.06015173416299108,1.6887167953583058,-0.010579644361038143,0.010579644361038143,-0.957442409705464,0.957442409705464,-0.00788997330381936,0.00788997330381936,-0.9087786519135039,0.9087786519135039,-0.016228330602339372,0.016228330602339372,-1.048703321110507,1.048703321110507,0.056397622779114503,0.056397622779114503,0.09701109802846208,0.09701109802846208,0.836049427063633,0.0783918338349326,0.7039930763471876,102.79577084453244,1.4472924491260588,285.17644149252254,96.82819187817859,1708.4787290325482,11.235143193380676,0.0069406205722094775,0.5849103719720994,-0.03155043792302796,0.47999999883397537,0.47578099597154844,0.47999999988935177,-0.09138546820473961,39.55606450185932,-1.0332397686765553,6.055784643031263,-0.30678675710841197,5.999999941698932,5.789049798577695,5.999999994467699,-0.6701963713689764
4,0.08,0,0.0023184199999377597,158.4111867770234,0.04720316372367062,0.03887420739580603,0.08146228567218484,0.9917575920665107,0.07667019940206389,1.5260067562823612,-0.0274475004262094,0.0274475004262094,-0.8698815148932737,0.8698815148932737,-0.023302325924906227,0.023302325924906227,-0.81025802327756,0.81025802327756,-0.03455886258570959,0.03455886258570959,-0.9529028283460007,0.9529028283460007,0.05820344336872999,0.05820344336872999,0.08637653449247633,0.08637653449247633,0.8912554662094615,0.151120400065214,0.8714010253834222,98.35831214215632,2.351327790540895,232.8696620219413,136.36261479862324,1547.7507258315748,11.993500507457043,-0.01948239406424193,0.6700328251243287,-0.036354847110777896,0.5980090595753458,0.5631323907690937,0.5999999994255913,-0.09981042873276934,37.917865703818386,-1.3211507318225706,4.256122657611467,-0.24022045938749617,5.900453037068522,4.367569739877268,5.999999976811743,-0.4212480264014865
5,0.1,0,0.0023171200009528548,140.84201534461377,0.04829323161533697,0.046256596359104556,0.09281626003168748,0.9644743730665328,0.0975882237358452,1.3474964196315875,-0.04318622735757448,0.04318622735757448,-0.7729561940560916,0.7729561940560916,-0.03749787154159692,0.03749787154159692,-0.7028417467124493,0.7028417467124493,-0.0516943486516551,0.0516943486516551,-0.8477379094392387,0.8477379094392387,0.05983322760697679,0.05983322760697679,0.07509486645604843,0.07509486645604843,0.9328944879410326,0.21396727067291244,1.131235468814527,93.02108163020814,3.8093845647669515,181.5746600919947,206.4391356228546,1358.2438194698493,12.710861313948156,-0.05000125181011604,0.7219830055235132,-0.039897805052808974,0.6877172663265998,0.6265562772208092,0.7138428441872507,-0.1040390917797112,35.86804032455569,-1.5259428872937053,2.597509019959234,-0.17714789710155407,4.485410337562692,3.1711943225857695,5.692142238083203,-0.2114331523470933
6,0.12,0,0.0024992139988171402,124.74749674299566,0.04828324258858761,0.06947675372479509,0.10054538825508719,0.7629648578700643,0.11878121199596675,1.1938859912129658,-0.057495158197631985,0.057495158197631985,-0.6838253519879733,0.6838253519879733,-0.05030245987196745,0.05030245987196745,-0.6143448297742145,0.6143448297742145,-0.0675474323294861,0.0675474323294861,-0.7599020559111884,0.7599020559111884,0.06091215004892429,0.06091215004892429,0.05362782435201426,0.05362782435201426,0.9325086059473601,0.4827019308135827,1.3274836929793061,58.21153743446873,5.643590529292317,142.53637600145657,214.6799502163344,1171.0365355020933,13.384168252018025,-0.08299680738497224,0.7445211510954597,-0.04228091429354059,0.7534782413486035,0.6699447256832698,0.7990604064281766,-0.10500409672020476,33.66534690349347,-1.6497777787428094,1.1269072785973189,-0.11915546203658092,3.2880487511001855,2.1694224231230255,4.260878112046293,-0.0482502470246786
7,0.14,0,0.002451514999847859,111.35217715921297,0.0477399916523713,0.09230549569565032,0.10752934419346982,0.5728020939887343,0.13753693393351424,1.0331905567513253,-0.06959014980592805,0.06959014980592805,-0.5906366324513666,0.5906366324513666,-0.06086751738711889,0.06086751738711889,-0.5242857266265704,0.5242857266265704,-0.08123067099514845,0.08123067099514845,-0.665351277971925,0.665351277971925,0.06140311606610107,0.06140311606610107,0.03260749489608249,0.03260749489608249,0.9116427211873923,0.8520304535619718,1.5183044961665295,32.81022388778787,7.566563278332743,106.74827265601135,234.5121354802547,999.7127444046367,14.01048900346341,-0.11632520240994652,0.7426054267273903,-0.043597571179547455,0.7990509436443975,0.6965820878929745,0.8599062385959432,-0.10339381153762975,31.31603757226937,-1.6664197512487144,-0.09578621840347412,-0.06583284430034375,2.2786351147896973,1.3318681104852348,3.042291608388333,0.08051425912875107
8,0.16,0,0.0024932140004239045,99.89026616727114,0.04658680990788826,0.12094895005740422,0.11054900092193991,0.403616677024753,0.15523617297738432,0.8786400164222332,-0.0806570015774975,0.0806570015774975,-0.5009917348464132,0.5009917348464132,-0.07053932156202751,0.07053932156202751,-0.4398498337868594,0.4398498337868594,-0.09382072392082176,0.09382072392082176,-0.5721709275573778,0.5721709275573778,0.06176239449482006,0.06176239449482006,0.012965857081028598,0.012965857081028598,0.868132342957486,1.4628648519988456,1.6047763963185324,16.290642197250378,9.639307760265753,77.2008278458462,230.57587816782146,845.5176655851791,14.588395854972665,-0.1487909206703178,0.7198644088550069,-0.04395608173899001,0.8279630701961368,0.7095933867661646,0.9004252485670934,-0.09986722711006507,28.895342575462674,-1.6232859130185657,-1.1370508936191617,-0.017925527972127382,1.4456063275869682,0.6505649436595106,2.0259504985575134,0.1763292213782344
9,0.18,0,0.0024376160035899375,90.2207313093877,0.04414317290942025,0.15599013675808104,0.10938035631644655,0.2859936742702208,0.16946881096851432,0.7344365430142933,-0.08949044265579695,0.08949044265579695,-0.4172389337725526,0.4172389337725526,-0.07803561728101542,0.07803561728101542,-0.3628053219706468,0.3628053219706468,-0.10411530229976837,0.10411530229976837,-0.4833787785370209,0.4833787785370209,0.061494591851237526,0.061494591851237526,-0.005095357589241824,0.005095357589241824,0.7794478858043894,2.4332922765804823,1.5710266472986685,8.179238172258115,11.487871156432814,53.93970357147858,202.36836026468188,710.7681101489902,15.11848833508107,-0.17923126567343145,0.6802131579488415,-0.04346442171193474,0.8431135330833208,0.7114508954818733,0.9239464224402215,-0.09497886588086359,26.504624005420244,-1.5220172501556812,-1.9825625453082685,0.024583001352763357,0.7575231443592002,0.09287543578544868,1.1760586936564053,0.24441806146007355
10,0.2,0,0.0024365149984078016,82.4885905364689,0.041394481585717034,0.18599669595104257,0.10726957074481767,0.2702132005958558,0.18165102480901893,0.5960599516420185,-0.09697238960860888,0.09697238960860888,-0.3365835974975416,0.3365835974975416,-0.08434575938824711,0.08434575938824711,-0.2895910132169184,0.2895910132169184,-0.11294735774527175,0.11294735774527175,-0.3970492000872805,0.3970492000872805,0.06100932485566862,0.06100932485566862,-0.022089038484003058,0.022089038484003058,0.6854012423001066,3.4594770904704566,1.51097740277691,7.301517377625618,13.198837925666721,35.52874659514854,183.0014776272744,591.191101165648,15.600958354456784,-0.20645436370363596,0.6276312044880302,-0.042228492317068635,0.8471454266028425,0.7044326262655112,0.9335540668390454,-0.08916376887135245,24.12350096878574,-1.361154901510225,-2.6290976730405697,0.061796469743306326,0.20159467597608188,-0.35091346081812036,0.4803822199411911,0.2907548504755565
11,0.22,0,0.002463914999680128,75.82555700472957,0.0379578578502905,0.22214252976053767,0.09903136584178575,0.33891908102342055,0.19146927909396072,0.47293753291567286,-0.10300111783219085,0.10300111783219085,-0.26520713688990527,0.26520713688990527,-0.08933843770224734,0.08933843770224734,-0.2256088388577167,0.2256088388577167,-0.12015810706855073,0.12015810706855073,-0.3180873919227769,0.3180873919227769,0.06026547449995337,0.06026547449995337,-0.03544217137903273,0.03544217137903273,0.576319589033144,4.934730352841136,1.2878059332387968,11.486614348175987,14.664193934704405,22.36699100403631,138.3822326848759,490.02787857386636,16.03813424187525,-0.23052627124968528,0.5640217886046194,-0.04033457761494232,0.8423532257064058,0.6905202424131774,0.9319610865298599,-0.08282845084987495,21.85879437092358,-1.2035953773024664,-3.1804707941705415,0.09469573510631464,-0.23961004482182574,-0.6956191926166876,-0.079649015459265,0.31676590107387603
12,0.24,0,0.002429414998914581,70.6892689829807,0.03382152721831492,0.2531938029647294,0.0902975546848559,0.43168756166519623,0.1984348705935853,0.35959705960377375,-0.10733871294623179,0.10733871294623179,-0.19887262913105663,0.19887262913105663,-0.09275179429768673,0.09275179429768673,-0.16674080423490367,0.16674080423490367,-0.1255157822241146,0.1255157822241146,-0.24429606487645072,0.24429606487645072,0.05914128539157434,0.05914128539157434,-0.04771435368062449,0.04771435368062449,0.45755828135168664,6.41071018597422,1.070673029647139,18.635415089644255,15.750559146997176,12.931004527568,104.76238040522333,403.54457181875205,16.43219790389894,-0.2505809632941256,0.4929040590071904,-0.03789314361517042,0.8305844319365668,0.6712412572145036,0.9213609894153474,-0.07625346583148947,19.70318310118434,-1.002734602222016,-3.555886479871443,0.12207169998859563,-0.5884396884919498,-0.9639492599337003,-0.5300048557256307,0.3287492509192738
13,0.26,0,0.0022614210029132664,66.54310643034977,0.030285643482971043,0.28105610755756255,0.07929766273424325,0.5153654541289384,0.20407836669629212,0.2595004558991835,-0.11083928436213121,0.11083928436213121,-0.13957584753989793,0.13957584753989793,-0.09553713353150295,0.09553713353150295,-0.1145683746664129,0.1145683746664129,-0.12989258274490167,0.12989258274490167,-0.1772194237030571,0.1772194237030571,0.057993153561084504,0.057993153561084504,-0.057675235448639624,0.057675235448639624,0.3668880804710505,7.899253559540815,0.8257064129359561,26.56015513095269,16.659191901370505,6.734048661188408,74.15721288179434,330.36107908098955,16.785498174843227,-0.26662725834010814,0.41620339869806566,-0.034990052474941476,0.813576213749779,0.6480983393086215,0.9038594643402694,-0.06967548336574526,17.66501354721444,-0.8023147522991252,-3.835033015456234,0.14515455701144706,-0.8504109093393937,-1.1571458952940965,-0.8750762537539021,0.32889912328720894
14,0.28,0,0.002268522002850659,63.2335441827896,0.026618831041131528,0.3059490252979751,0.06629962600294674,0.5801960030252153,0.20702681730711234,0.17448434999927556,-0.11280290080146751,0.11280290080146751,-0.08748505901339654,0.08748505901339654,-0.09685144559207629,0.09685144559207629,-0.06909762644347867,0.06909762644347867,-0.1325098271505002,0.1325098271505002,-0.11720931503956522,0.11720931503956522,0.056538056655286585,0.056538056655286585,-0.06541137005082254,0.06541137005082254,0.2834248663985229,9.360480608078097,0.5772009550184862,33.66274019264356,17.144041233724984,3.0444788394669686,47.4825319774406,269.3539155674321,17.10085523371331,-0.2786789903692153,0.33581949399215993,-0.03171651529518426,0.792628131832163,0.6221478444873465,0.8810378838449702,-0.06328139487327691,15.767852943503987,-0.6025866014553574,-4.0191952352952915,0.16367685898786105,-1.0474040958808117,-1.2975247410637438,-1.1410790247649567,0.31970442462341875
15,0.3,0,0.0022558220007340424,60.730563618050965,0.02445309588293291,0.32634585322408505,0.0536866722444857,0.6360395543122366,0.20862829799834026,0.10847310272742805,-0.11395049251885422,0.11395049251885422,-0.04098128004225665,0.04098128004225665,-0.09752281235166953,0.09752281235166953,-0.0287833072026481,0.0287833072026481,-0.13417972685604584,0.13417972685604584,-0.06347033722464523,0.06347033722464523,0.055010489474760955,0.055010489474760955,-0.07231864365764264,0.07231864365764264,0.23918155930396412,10.650161591655603,0.3784755721684637,40.454631464970845,17.410306690273703,1.1766414015315156,29.11275717407197,218.04574768481206,17.380828727637283,-0.28643636434400516,0.2541099510685604,-0.028167076054321054,0.7689134092192181,0.5943659849254069,0.8543424514139377,-0.05719443362613151,13.998674696198888,-0.3878686987394981,-4.085477146179975,0.17747196204316004,-1.1857361306472345,-1.3890929780969894,-1.3347716215516208,0.3043480623572696
16,0.32,0,0.0023160199998528697,58.647590261143904,0.02423785517147964,0.34175222951266143,0.0388987122016197,0.6600486126641745,0.20874673886738876,0.07832399412027623,-0.11423685160149821,0.11423685160149821,-0.0020328364450029612,0.0020328364450029612,-0.09745109478841751,0.09745109478841751,0.004660502182442738,0.004660502182442738,-0.13481489874443237,0.13481489874443237,-0.017148432058800123,0.017148432058800123,0.05341694417518084,0.05341694417518084,-0.07625435481513888,0.07625435481513888,0.23498944932544885,11.67945863768748,0.19868968951816482,43.566417107990134,17.430080395107915,0.6134648054953064,15.360685388662018,176.02497244986972,17.628122680727248,-0.29076211049289946,0.17132869052724334,-0.024406499674316618,0.7434175691718315,0.565591235122288,0.8250199215801476,-0.05151431109059517,12.364697654497837,-0.21628730744471508,-4.139063027065853,0.18802881900022173,-1.274792002369328,-1.4387374901559329,-1.466126491689513,0.2840061267768173
17,0.34,0,0.002268721000291407,57.09376876183764,0.026283126092474886,0.35326928650765266,0.025548346429160967,0.6758424068655953,0.207129916646812,0.09493369044012583,-0.11354426686787167,0.11354426686787167,0.03180465298376056,0.03180465298376056,-0.0964677321472244,0.0964677321472244,0.03354931955711682,0.03354931955711682,-0.13428579445846203,0.13428579445846203,0.023262639957761566,0.023262639957761566,0.05168949499254057,0.05168949499254057,-0.07958745107499185,0.07958745107499185,0.2763210868771736,12.479918878962597,0.08570979903167524,45.67629589178807,17.16112094804611,0.9012405580581636,7.766402379639123,141.225489425504,17.845427283168384,-0.29146037974407457,0.08947952590625306,-0.020528264500537213,0.7168361775819507,0.5363536401657222,0.7939480651695001,-0.04629665908675541,10.865230122056953,-0.03491346255875474,-4.092458231049513,0.1939117586889701,-1.3290695794940448,-1.4618797478282959,-1.5535928205323652,0.26088260019198717
18,0.36,0,0.002300721000210615,55.865504451310954,0.030322573833439566,0.3598516899615848,0.015069091527252011,0.6748778999168883,0.20504995076943458,0.12992199101831722,-0.11253917225064727,0.11253917225064727,0.06010762830293115,0.06010762830293115,-0.0953457851597781,0.0953457851597781,0.05748190937786979,0.05748190937786979,-0.13337460901582798,0.13337460901582798,0.057576423944222244,0.057576423944222244,0.050008118759128924,0.050008118759128924,-0.081532706750297,0.081532706750297,0.3677833935537575,12.94932387682085,0.029818035354119574,45.54601797962294,16.818192924219016,1.6879723750163698,4.737040221568125,112.62707238204393,18.03513694949609,-0.2889858245168152,0.009325568141140718,-0.016600512438805774,0.6898694432254094,0.5072538126218537,0.762034179417704,-0.04156770352658945,9.485483316384977,0.12372776136296912,-4.007697888255618,0.1963876030865719,-1.3483367178270558,-1.4549913771934344,-1.5956942875898037,0.23644777800829836
19,0.38,0,0.002289321000716882,54.902209622752885,0.035833352282155916,0.36182922543995266,0.01561406576032371,0.6582898370271277,0.20140019934971026,0.1644200164185539,-0.11067360990050089,0.11067360990050089,0.08328224737547141,0.08328224737547141,-0.09337613254202629,0.09337613254202629,0.07686897806375692,0.07686897806375692,-0.13139952327771962,0.13139952327771962,0.08621476957225271,0.08621476957225271,0.04825407261130134,0.04825407261130134,-0.08219600227629892,0.08219600227629892,0.5136116543108353,13.092038838247605,0.0320137752812518,43.33455095332023,16.22481611924121,2.7033941799077525,5.144248503411415,89.38971467633834,18.199641678581425,-0.2837795286984162,-0.06845737773016795,-0.01269194331930877,0.6629345355837819,0.47859699565276936,0.729832037307258,-0.037345083841956624,8.225236454266957,0.26031479091994814,-3.8891472935654328,0.1954284559748503,-1.3467453820813726,-1.4328408484542101,-1.6101071055223093,0.21113098423164167
20,0.4,0,0.0024153160011337604,54.150785174876376,0.0420896726336161,0.36095499250404084,0.025712701719367813,0.6370634664447704,0.19730125888667877,0.19524253332918978,-0.10852548511001853,0.10852548511001853,0.10256088218843629,0.10256088218843629,-0.0912423788497006,0.0912423788497006,0.09293935734581904,0.09293935734581904,-0.12907627715229356,0.12907627715229356,0.11020477953995877,0.11020477953995877,0.04652041292008689,0.04652041292008689,-0.08257175478470048,0.08257175478470048,0.7086162169619886,13.028850661359215,0.08681610703325193,40.584986027862705,15.571114703307293,3.8119646820799775,8.210160046335435,70.31750054138752,18.341227788680236,-0.27583474615293496,-0.14251889387225047,-0.008870260759958698,0.6364241140636987,0.4506897865764506,0.6978625531360529,-0.03361977079136497,7.079305504940425,0.3972391272740633,-3.7030758071041263,0.19108412796750346,-1.3255210760041751,-1.3953604538159368,-1.5984742085602488,0.18626565252958222
21,0.42,0,0.0025645109999459237,53.54733479529035,0.04872291724581279,0.3541787705235979,0.03804751795285523,0.5969066162104554,0.1926044045622842,0.218957707327724,-0.10603192662962889,0.10603192662962889,0.11712561223493467,0.11712561223493467,-0.08883178963978955,0.08883178963978955,0.10471791453937862,0.10471791453937862,-0.12630748205459155,0.12630748205459155,0.1289605562568883,0.1289605562568883,0.044822096318916704,0.044822096318916704,-0.08140885615977111,0.08140885615977111,0.9495690659769284,12.54426014896074,0.19008924474027317,35.62975084758158,14.838582662716815,4.794247759821323,12.426835325640383,55.06049914596724,18.461764312289006,-0.26609871475423247,-0.21330413048939645,-0.005184441747303188,0.6106574494078458,0.4238031160749699,0.6665758788703495,-0.030371571626800355,6.026826180438529,0.4868015699351257,-3.5392618308572987,0.1842909506327755,-1.288333232792637,-1.344333525074037,-1.5643337132851698,0.16240995822823107
22,0.44,0,0.0024304159996972885,53.05619015801467,0.0556832270727458,0.34525612428853686,0.04995654851956468,0.5544191725017548,0.18707048887116126,0.23815608536127533,-0.10308119573457647,0.10308119573457647,0.12866234223452422,0.12866234223452422,-0.08597870351238429,0.08597870351238429,0.1140029215327944,0.1140029215327944,-0.12295180910746237,0.12295180910746237,0.1440409550518822,0.1440409550518822,0.043129457125691543,0.043129457125691543,-0.08012402782600489,0.08012402782600489,1.240248710893988,11.92017913587416,0.32771003084208006,30.738061883753044,13.998147122598104,5.671832099460706,17.672221238422434,42.696212023715155,18.563291135892978,-0.25456269572168455,-0.2796999113110317,-0.0016877254362603256,0.585772605962687,0.3980006326856215,0.6361743606043907,-0.02757755441929294,5.076341180198902,0.5768009516273993,-3.319789041081763,0.17483581555214311,-1.244242172257944,-1.290124169467418,-1.5200759132979371,0.13970086037537022
23,0.46,0,0.0023965170003066305,52.64215826676242,0.062373760353930434,0.3328826265696486,0.06108338052035017,0.5046542889765827,0.1817292434486301,0.2521877491427332,-0.10019944906681458,0.10019944906681458,0.1370661199967853,0.1370661199967853,-0.08331350157726272,0.08331350157726272,0.1205479310615235,0.1205479310615235,-0.11967475441869896,0.11967475441869896,0.1553945421912828,0.1553945421912828,0.041501830572612385,0.041501830572612385,-0.07830882543272358,0.07830882543272358,1.5561943922758172,11.081084307190812,0.4899491539548888,25.46759513824602,13.210207169764582,6.3598660817678105,22.984056669298088,32.75797586282973,18.647466250271773,-0.2416451524647287,-0.34145207628115987,0.0015793915989372267,0.561981756720011,0.3734661133144193,0.6069637615977419,-0.025196931466302076,4.208755718939324,0.6458771628477934,-3.0876082485064087,0.1633558517598776,-1.1895424621338009,-1.2267259685601108,-1.4605299503324425,0.11903114764954359
24,0.48,0,0.002444115001708269,52.27757560845324,0.06912041631990887,0.31742218375535064,0.07126133126014005,0.44855550603763145,0.1755911164980861,0.26158186865950994,-0.09689602321019095,0.09689602321019095,0.14272480520575853,0.14272480520575853,-0.0801998624578274,0.0801998624578274,0.12470708568155975,0.12470708568155975,-0.11583754131353424,0.11583754131353424,0.16347423887839496,0.16347423887839496,0.03991299241193763,0.03991299241193763,-0.07601986578731212,0.07601986578731212,1.9110527808950093,10.075684274001556,0.6668263402348186,20.12020419966756,12.332896077217775,6.842507401140109,27.872821081980305,24.95036118019865,18.715921866151337,-0.227792155175469,-0.39848238993393703,0.004583470510116423,0.5393147679032295,0.350187595898182,0.5790189393865625,-0.023199036633848747,3.422780793978182,0.6926498644629852,-2.8515156826388535,0.15020394555895983,-1.133349440839067,-1.1639258708118685,-1.39724111055898,0.09989474162266622
25,0.5,0,0.0024450149976473767,51.90069686775591,0.07552315487004292,0.3008713219722311,0.08022918403941752,0.392863523435087,0.16956197912781218,0.26796442156822325,-0.09363272459212096,0.09363272459212096,0.14653077309355833,0.14653077309355833,-0.07719468038186544,0.07719468038186544,0.12745250000510688,0.12745250000510688,-0.11203764034590158,0.11203764034590158,0.1692522922594808,0.1692522922594808,0.0383761138947221,0.0383761138947221,-0.07377794772393803,0.07377794772393803,2.2814987686097945,9.052355238531794,0.8452197459877691,15.434174804583114,11.500505906296242,7.1804931226392466,32.59485110991012,18.71719377769728,18.77025015059956,-0.21298548155031272,-0.4500007598172522,0.007300920545331318,0.5178308965912781,0.32819285543853277,0.5524391102111148,-0.021544402961090982,2.716414222410772,0.7403336812578142,-2.575918494165762,0.13587250176074467,-1.0741935655975863,-1.0997370229824621,-1.3289914587723812,0.08273168363788831
26,0.52,0,0.002415717000985751,51.557736340676776,0.08156156294629412,0.28068350998791947,0.0879388610116067,0.32957659826166774,0.16346124449708854,0.26994092300779027,-0.09032257688928368,0.09032257688928368,0.14790005849007332,0.14790005849007332,-0.07417280105750271,0.07417280105750271,0.1278867171204126,0.1278867171204126,-0.10815662157811995,0.10815662157811995,0.17204873023729406,0.17204873023729406,0.03690462503139521,0.03690462503139521,-0.07097814185246765,0.07097814185246765,2.6609154200969183,7.878323277913847,1.0154687348973968,10.86207341217327,10.687831381014782,7.286810191429774,36.001096086076934,13.962776687434637,18.811592438824206,-0.1979519173941657,-0.49663377826795274,0.009708996570161459,0.4975797965124273,0.3075286384988088,0.5273288349523779,-0.020188767163170817,2.0671144112327284,0.7516782078073496,-2.331650922535027,0.12040380124150711,-1.0125550039425306,-1.0332108469861916,-1.2555137629368331,0.06778178989600825
27,0.54,0,0.002491213999746833,51.1520464105014,0.08733225966955697,0.26013674710306195,0.09441957606493283,0.26816133349529403,0.15703589684197042,0.26993459322160257,-0.08684271888815379,0.08684271888815379,0.14804792453344656,0.14804792453344656,-0.07096492639423607,0.07096492639423607,0.1274705963255171,0.1274705963255171,-0.10403368420481007,0.10403368420481007,0.17330326673485608,0.17330326673485608,0.03549065856967968,0.03549065856967968,-0.06829144507546579,0.06829144507546579,3.0507694315963705,6.7671127193362395,1.1706551396799503,7.19105007819743,9.864109158784787,7.286468461771204,38.908089518716146,10.3111355973441,18.84135642396605,-0.18267280157737173,-0.5378093331764427,0.011803621219145098,0.4784918038553951,0.28809430682423864,0.5036209200874471,-0.019100495931570406,1.4881992570922515,0.7639557908396988,-2.0587777454244995,0.10473123244918188,-0.9543996328516107,-0.9717165837285137,-1.1853957432465432,0.05441356158002072
28,0.56,0,0.0023290200006158557,50.7003216985437,0.09251323169696071,0.2383798615824978,0.09953740982455755,0.20603826321525187,0.1511177082789938,0.26751513338732497,-0.08361640868153596,0.08361640868153596,0.1468338878307308,0.1468338878307308,-0.06808588352725731,0.06808588352725731,0.12587894798243965,0.12587894798243965,-0.1002208307284177,0.1002208307284177,0.17281204143973228,0.17281204143973228,0.03413144455067831,0.03413144455067831,-0.06553353923005485,0.06553353923005485,3.4234792156062137,5.68249584080908,1.3010007725926689,4.24517659087574,9.134624702198025,7.156434659123826,40.97570771980253,7.561556625409601,18.86057467671363,-0.1673768004278554,-0.5734781469109868,0.013579267157018609,0.4605983011697554,0.2699210404606294,0.48137898141888136,-0.018235808599762544,0.9609126373789575,0.7648000574758156,-1.783440686727202,0.08878229689367564,-0.8946751342819806,-0.9086633181804619,-1.1120969334282944,0.043234366590393064
29,0.58,0,0.0023607190014445223,50.18031515707395,0.09735385874201412,0.21588169336758006,0.10333262750741683,0.14377915062190083,0.14481610424500613,0.26308459267864837,-0.08019423316234885,0.08019423316234885,0.14449259715215318,0.14449259715215318,-0.06496810491332039,0.06496810491332039,0.12331598378436626,0.12331598378436626,-0.09613001218021244,0.09613001218021244,0.17086501609846044,0.17086501609846044,0.0328444077189301,0.0328444077189301,-0.06271926888989274,0.06271926888989274,3.791109524784015,4.660490553125386,1.4021027113580238,2.0672444153555243,8.388681619480192,6.921350290489031,42.17677040444443,5.6303825795181,18.87031931177741,-0.1523870084117653,-0.6038595854539313,0.01503760983297505,0.4438065255249356,0.2529052509502303,0.46051291847193526,-0.017565526254747645,0.4872317531889575,0.7494896008045034,-1.5190719271472326,0.07291713379782207,-0.839588782240996,-0.8507894755199535,-1.043303147347305,0.033514117250745025
30,0.6,0,0.0022722209978383034,49.53847807066283,0.10165628996198081,0.1941473490405725,0.10601646132398485,0.08529001177056861,0.13886288085268444,0.2579025354738637,-0.07695129193743488,0.07695129193743488,0.14164928736817595,0.14164928736817595,-0.06206527639815068,0.06206527639815068,0.12053419726054687,0.12053419726054687,-0.09225120078958093,0.09225120078958093,0.16826546937589987,0.16826546937589987,0.03160721067047979,0.03160721067047979,-0.06006193718486877,0.06006193718486877,4.133600515533727,3.7693193139481878,1.4758815100714588,0.727438610782373,7.713159871482733,6.651371780384752,42.819272790013734,4.281097272575471,18.871622833587157,-0.1376036343597922,-0.62851891512637,0.016194465380428548,0.4280718837959113,0.23699156111846256,0.44097605966878783,-0.01705816975990468,0.06517609048768647,0.7391687025986564,-1.2329664836219392,0.05784277737267482,-0.7867320864512106,-0.7956844915883914,-0.9768429401573698,0.025367824742148277
31,0.62,0,0.002269520999107044,48.83809586059567,0.10543099939461953,0.1720784025199978,0.10713297132983773,0.028886616619996162,0.1330669334902587,0.250594702488788,-0.0737897628290838,0.0737897628290838,0.1377150924674433,0.1377150924674433,-0.059252892966913995,0.059252892966913995,0.11659871824646173,0.11659871824646173,-0.08845867995106627,0.08845867995106627,0.16416691567587816,0.16416691567587816,0.030430844656281784,0.030430844656281784,-0.05732556953820044,0.05732556953820044,4.446278253339305,2.9610976613834374,1.507131629710548,0.08344366197506384,7.082723515400372,6.279770491544416,42.76203948635127,3.4806060350596777,18.86515434383493,-0.12349452617219077,-0.6480807752990576,0.017051262568050098,0.41336741195039334,0.22216555530568535,0.42276182733099466,-0.01667942790585327,-0.32342448761141473,0.7054554093800731,-0.9780930086343704,0.04283985938107752,-0.735223592275898,-0.7413002906388598,-0.9107116168896607,0.018937092702570213
32,0.64,0,0.002335918998142006,47.99393162889041,0.10875575479792464,0.15192906741057902,0.10727113013498922,0.036004023844020176,0.1271777153316139,0.24311407668895232,-0.07058371385837697,0.07058371385837697,0.13361051236699628,0.13361051236699628,-0.0563685818086993,0.0563685818086993,0.11272711680133479,0.11272711680133479,-0.08458792589242842,0.08458792589242842,0.15983636783591415,0.15983636783591415,0.029318533268579403,0.029318533268579403,-0.054750506153195475,0.054750506153195475,4.731125680666522,2.308244152424826,1.5110213336031668,0.1296289732960773,6.469668510787607,5.910445428432178,42.20976781370693,3.0870220301921,18.851866530878794,-0.11000271725457125,-0.6623486576021014,0.017636091441583325,0.39957973425641136,0.2083002102174128,0.4057359939915301,-0.016410003868436177,-0.6643906478068493,0.6745904458809755,-0.713394115152192,0.02924144367666134,-0.6893838846991028,-0.6932672544136278,-0.8512916669732216,0.013471201870854821
33,0.66,0,0.0022677209999528714,47.03366153325861,0.11148927323753217,0.13390029671151563,0.10618783873743746,0.08655999932089384,0.12187224329109736,0.2348915544346681,-0.0676818991847111,0.0676818991847111,0.12910582461031078,0.12910582461031078,-0.05383474421918644,0.05383474421918644,0.10850946852545318,0.10850946852545318,-0.08109369348268136,0.08109369348268136,0.15491582940242665,0.15491582940242665,0.028242475099515,0.028242475099515,-0.05227341042354376,0.05227341042354376,4.971943218813243,1.792928945943192,1.4806569418798552,0.749263348243314,5.941137473921769,5.517404234473464,41.28872394801956,3.0251764894658386,18.832364545673506,-0.09718264240640873,-0.6713786969273993,0.017966682201871816,0.3866968005094388,0.19538956612625694,0.3898915140080906,-0.016221084477255805,-0.975099260264401,0.6410037424081255,-0.45150196626488814,0.01652953801442454,-0.6441466873486262,-0.6455322045577901,-0.7922239991719794,0.009445969559018615
34,0.68,0,0.0023562179994769394,45.95652185458846,0.11376954255644195,0.11917370342747634,0.10396601643336839,0.1358429179904614,0.1163689089652293,0.22611355580973305,-0.06467998990813476,0.06467998990813476,0.12430700523538718,0.12430700523538718,-0.05115830195452248,0.05115830195452248,0.10403277640585257,0.10403277640585257,-0.07745466557223496,0.07745466557223496,0.14954392898824492,0.14954392898824492,0.027236460883612517,0.027236460883612517,-0.049888909653141716,0.049888909653141716,5.177403525400821,1.4202371588620082,1.4193440829098325,1.8453298368163216,5.416689189503129,5.112734012092126,40.03720986952207,3.2398467633488632,18.80734304683162,-0.08524386495672598,-0.6755671295229663,0.0180622843058616,0.37461466499459223,0.18333033010597016,0.3751145664870982,-0.016096840153936854,-1.251074942094253,0.5969388724841375,-0.20942162977834888,0.004780105199489194,-0.6041067757423293,-0.6029618010143394,-0.7388473760496226,0.006212216165947443
35,0.7000000000000001,0,0.002455215002555633,44.73234149589588,0.11553285607180122,0.10868307132663925,0.10101256366243509,0.1810029281701977,0.11126196195198489,0.21774897035780472,-0.06188854596024873,0.06188854596024873,0.11967003371904944,0.11967003371904944,-0.048709462503383705,0.048709462503383705,0.09989739491101574,0.09989739491101574,-0.0740705423943625,0.0740705423943625,0.14437384125424124,0.14437384125424124,0.026267376503326695,0.026267376503326695,-0.047648731074955236,0.047648731074955236,5.3391363328430135,1.1812009992991352,1.3398484274249447,3.2762060006185743,4.951689670961972,4.741461409188411,38.43059969101922,3.6647681468777384,18.77744382236517,-0.0740275073304369,-0.6747374215104945,0.017956004922047016,0.3632783648325224,0.17206158151965428,0.3613328749589342,-0.016020495422862175,-1.4949612233226408,0.560817881314453,0.041485400623589075,-0.005313969190729361,-0.5668150081034883,-0.5634374293157958,-0.689084576408196,0.0038172365537339145
36,0.72,0,0.0024378159978368785,43.42040585607487,0.11679816078066727,0.10393472765148042,0.09671590712768513,0.2229696152396254,0.10637219515784367,0.20837667049681308,-0.059212111484010344,0.059212111484010344,0.11456996575596906,0.11456996575596906,-0.046375649278681985,0.046375649278681985,0.09515004539306943,0.09515004539306943,-0.07082328418235762,0.07082328418235762,0.13845603193772615,0.13845603193772615,0.025344256310044055,0.025344256310044055,-0.045507755776017615,0.045507755776017615,5.456724144698639,1.0802427611987406,1.2282893972801021,4.971544932010659,4.526017561079351,4.34208368073374,36.84140453740549,4.2580282876925875,18.743037600029453,-0.06379908409102972,-0.6694778947142715,0.01765925299473902,0.35265655625782766,0.1615665631240202,0.34852345012710595,-0.01597294727230893,-1.720311116786007,0.5114211619703601,0.26297633981115287,-0.014837596365399459,-0.5310904287347383,-0.5247509197817029,-0.6404712415914067,0.0023774075276621343
37,0.74,0,0.0027387049995013513,41.9816960648768,0.11762719083197157,0.10424583414689129,0.09187058963176094,0.2603627394298533,0.10146961503305701,0.19964352530344243,-0.056531540691337034,0.056531540691337034,0.10975973936056138,0.10975973936056138,-0.0440108335469086,0.0440108335469086,0.0908442950289203,0.0908442950289203,-0.06755946413658792,0.06755946413658792,0.13291369885783377,0.13291369885783377,0.024475151033321343,0.024475151033321343,-0.04349252266442426,0.04349252266442426,5.534462409208421,1.0867193936981163,1.1083014242151294,6.778875608341766,4.118433109982715,3.9857537195586246,34.97153264848344,4.961066944190838,18.704757826269184,-0.054485033243228016,-0.6598659826555295,0.017206669461508176,0.3426507177976672,0.1517390152199167,0.336563419993944,-0.01594748789484613,-1.9139886880132306,0.46570254239008435,0.4805956029370885,-0.022629176661542343,-0.5002919230080232,-0.49137739520517343,-0.5980015066581026,0.0012729688731401428
38,0.76,0,0.002430316002573818,40.43886404077082,0.1179866492831638,0.10930093900196268,0.08621327360352073,0.2933371856609714,0.09710740841903791,0.19088913196811572,-0.054138946113621134,0.054138946113621134,0.10495149594721831,0.10495149594721831,-0.041961296614562826,0.041961296614562826,0.08653081550927078,0.08653081550927078,-0.06465181380445656,0.06465181380445656,0.1273011233504172,0.1273011233504172,0.023626591836039698,0.023626591836039698,-0.04160151635462496,0.04160151635462496,5.568339763627317,1.1946695266710765,0.9760075020884352,8.60467044914992,3.771939507944733,3.643866070354069,33.06282325893504,5.77222465746068,18.662933859078674,-0.046021332299916014,-0.6460260442355573,0.016621120590034524,0.3332515303978601,0.14257334215124223,0.32543822230077557,-0.015929473089849308,-2.091198359525673,0.4231850471656004,0.6919969209986133,-0.029277443573682473,-0.46995936999035737,-0.4582836534337238,-0.5562598846584197,0.0009007402498410824
39,0.78,0,0.0024008170003071427,38.82227389488422,0.11794893015309814,0.11792413696707324,0.0798403017321101,0.32191234391565343,0.09262139399734187,0.18216795443976605,-0.05168022840618236,0.05168022840618236,0.10017622942831095,0.10017622942831095,-0.039811653875155395,0.039811653875155395,0.0822306032662532,0.0822306032662532,-0.061656150457372993,0.061656150457372993,0.12166359523891707,0.12166359523891707,0.02283479678907321,0.02283479678907321,-0.03982441665993501,0.03982441665993501,5.564780049704169,1.3906102079429048,0.8370458027321478,10.36275571652699,3.431489050404334,3.318516362476867,31.13409153417646,6.607332028961418,18.618012940223736,-0.03854327163820103,-0.6284639865788175,0.015920987774383916,0.32437637892201054,0.13399117023397916,0.3150563057770192,-0.015914136493410447,-2.246045942746887,0.37390303308574857,0.878102882836994,-0.035006640782530414,-0.44375757379247605,-0.42910859586315464,-0.5190958261878224,0.0007668298219429964
40,0.8,0,0.00248241399822291,37.117316279331504,0.11752578744908981,0.12759795070867153,0.07320353505547886,0.3459616456636871,0.08849354545101544,0.1742696812715081,-0.04941511269871107,0.04941511269871107,0.095795496418835,0.095795496418835,-0.03786229531585067,0.03786229531585067,0.07844793181336976,0.07844793181336976,-0.05889586700344901,0.05889586700344901,0.11655178283065387,0.11655178283065387,0.022067570477784338,0.022067570477784338,-0.03814116659913517,0.03814116659913517,5.524924286211454,1.6281237025052564,0.7036699286741421,11.968946027032656,3.1324430345963736,3.0369921810473017,29.040869584015827,7.489425412967613,18.570382988555075,-0.03186729041507683,-0.6071842710112456,0.01513663500206608,0.3159864786526026,0.12594695691158736,0.3053584970523386,-0.015895389206941928,-2.381497583433235,0.3337990611562105,1.0639857783785938,-0.039217638615891746,-0.4194950134704006,-0.40221066611959083,-0.4848904362340294,0.0009373643234259835
41,0.8200000000000001,0,0.0025446119980188087,35.37572228408116,0.11673953653198631,0.1393425213366111,0.06571217247295293,0.365245528104852,0.08456957215034949,0.16579125221062385,-0.04725822627280121,0.04725822627280121,0.09117947915808822,0.09117947915808822,-0.03601842747614159,0.03601842747614159,0.07425771475033985,0.07425771475033985,-0.05626967920070847,0.05626967920070847,0.1109942537219964,0.1109942537219964,0.02133233855059436,0.02133233855059436,-0.0365938427987646,0.0365938427987646,5.451247755881185,1.9416338252443914,0.5670175937915318,13.34042958005922,2.860805013477267,2.7486739309566683,27.155630519791984,8.366109191375728,18.520248138197676,-0.026118328902392525,-0.5827220923352923,0.014277320339176568,0.3080623235544329,0.11843317046228509,0.2963305872101468,-0.015865164885821147,-2.506742517869533,0.28744807563421493,1.223108933797659,-0.04296573314447572,-0.39620775490848226,-0.375689322465113,-0.4513954921095852,0.0015112160560390164
42,0.84,0,0.002428716001304565,33.597936680899835,0.11564610754333136,0.15028927330334396,0.0581548991761985,0.38022286374960873,0.08065052877433374,0.15817375252394036,-0.04510329400553137,0.04510329400553137,0.0869808655128137,0.0869808655128137,-0.03415527302640248,0.03415527302640248,0.07059382172599774,0.07059382172599774,-0.05364395992534321,0.05364395992534321,0.1060015273856123,0.1060015273856123,0.020638399876209072,0.020638399876209072,-0.03512055734440841,0.03512055734440841,5.349608875969504,2.2586865670047214,0.4440966510299288,14.45694261179535,2.601803116631853,2.5018935987504727,25.156193459071353,9.19796288612866,18.46803398289032,-0.021229208477474698,-0.5553333565141373,0.013367856386800846,0.30053143766716417,0.1113716818287041,0.2878799585006897,-0.015824209487961767,-2.610707765368162,0.2444560212458918,1.3694367910577538,-0.045473197618786015,-0.37654429436343695,-0.3530744316790501,-0.4225314354728596,0.0020477698929690577
43,0.86,0,0.0022693210012221243,31.788710864870417,0.11425850872151852,0.16085183127648062,0.05031702488895007,0.39064254793170095,0.07718575521386256,0.15074431743328937,-0.043196012979971526,0.043196012979971526,0.08289735219485084,0.08289735219485084,-0.03255379840256123,0.03255379840256123,0.06701266413014342,0.06701266413014342,-0.05132042534417841,0.05132042534417841,0.10110547163505756,0.10110547163505756,0.019955185356855393,0.019955185356855393,-0.03374706934156397,0.03374706934156397,5.222002726106128,2.5873311624997384,0.33245647281905166,15.260160025457123,2.383056323173724,2.2723849238428304,23.216409528889994,10.033287974146116,18.413921491742546,-0.01706344287694154,-0.5251639888197943,0.012425217574159531,0.29339504200562755,0.10476286745681107,0.2799987985118034,-0.015766588448468264,-2.70562455738852,0.2082882800266579,1.508468384717161,-0.04713194063206567,-0.3568197830768296,-0.3304407185946525,-0.39405799944431474,0.0028810519746751313
44,0.88,0,0.0025181130004057195,30.001906185879363,0.11262420934020204,0.17073005763210128,0.042319544962215405,0.3966918768325442,0.07362843197842969,0.14349607782357418,-0.041233798614314254,0.041233798614314254,0.07892566079436153,0.07892566079436153,-0.03087462087952675,0.03087462087952675,0.0635059661746151,0.0635059661746151,-0.04893470494937002,0.04893470494937002,0.09630617547198578,0.09630617547198578,0.019315079199941597,0.019315079199941597,-0.03246501571092129,0.03246501571092129,5.07368501180226,2.9148752579060617,0.2351726768553131,15.73644451449264,2.1684583982408987,2.0591124350749253,21.34856670675555,10.758709322764359,18.358226565506776,-0.01371334423500947,-0.4927581579154039,0.01145869546646064,0.28659273069371616,0.09855166395401872,0.2726226279728195,-0.015693525177115867,-2.784746311788294,0.167504932096603,1.620291545219519,-0.04832610538494463,-0.3401155655955754,-0.31056017513961687,-0.36880852694919314,0.003653163567619973
45,0.9,0,0.002373016999626998,28.21890566683289,0.11077944290900424,0.17873490419088903,0.034614680981353486,0.39897686613203465,0.07036551189688649,0.1371016054827602,-0.0394340000735105,0.0394340000735105,0.07537068740971603,0.07537068740971603,-0.029358011199356937,0.029358011199356937,0.06051045791128781,0.06051045791128781,-0.046744137103852335,0.046744137103852335,0.09208265949520528,0.09208265949520528,0.018691113598390437,0.018691113598390437,-0.031231042393644957,0.031231042393644957,4.908833988491731,3.1946165976126277,0.15733507469956035,15.918253970853947,1.9805221058043492,1.879685022595042,19.455156960683926,11.443659203115699,18.301197686697485,-0.010997377961047649,-0.45822119205617917,0.010487480649245344,0.280102982968933,0.09270797815874851,0.2657106470652539,-0.015604351497589581,-2.851443940464948,0.1357983136980911,1.7268482929612357,-0.04856074086076492,-0.32448738623915596,-0.2921842897635104,-0.3455990453782786,0.004458683976314069
46,0.92,0,0.0023655180011701304,26.480147573216996,0.10874575662714263,0.18645030792488274,0.026878628204604425,0.3965817135890255,0.06727161966437409,0.13025622682087903,-0.037723920656194565,0.037723920656194565,0.07164138627885269,0.07164138627885269,-0.027928144563948543,0.027928144563948543,0.05717499198671126,0.05717499198671126,-0.04466734131138228,0.04466734131138228,0.08751137889508942,0.08751137889508942,0.0180893334310862,0.0180893334310862,-0.030116029832235616,0.030116029832235616,4.730255833763893,3.4763717325283583,0.09486785560845278,15.727705555320782,1.8101883249072808,1.6966684625612283,17.73246930862334,12.03952542672008,18.242993381418007,-0.008938776011328758,-0.4219870688069676,0.009515165506678351,0.27391510382357276,0.08722948638686191,0.25925628515118054,-0.01549672655549788,-2.9102152639740053,0.1029300974859445,1.8117061624605757,-0.04861575712834955,-0.3093939572680099,-0.2739245885943304,-0.3227180957036707,0.005381247104585145
47,0.9400000000000001,0,0.0024101170020003337,24.803434879319084,0.10657826344290668,0.19213737259057515,0.02005589448110132,0.39088481378528817,0.064182162997965,0.12422523973761272,-0.03601242763557544,0.03601242763557544,0.06830906909978152,0.06830906909978152,-0.02648261569308824,0.02648261569308824,0.05432353453894177,0.05432353453894177,-0.042593792654952334,0.042593792654952334,0.08349648785305541,0.08349648785305541,0.017518418770223407,0.017518418770223407,-0.029035691450172086,0.029035691450172086,4.543570495402246,3.691676994600949,0.05281885178323871,15.279093764795936,1.6477400188389388,1.5431910187867353,16.023418912363724,12.507816957900689,18.183928697926824,-0.0074946097447471235,-0.38440045181610155,0.00855345278070621,0.26797807505344634,0.08206086993929154,0.2531942911016574,-0.015374315769842623,-2.9532341745589195,0.0722083133290817,1.8793308495433043,-0.04808563629860716,-0.2968514385063196,-0.25843082237851794,-0.3030997024761592,0.006120539282762731
48,0.96,0,0.0022964199997659307,23.167547093943508,0.10428429572753231,0.19651686686846664,0.01485933836456197,0.38148762924120966,0.061457007163995804,0.11838544565730252,-0.034505468693939834,0.034505468693939834,0.06509159027328143,0.06509159027328143,-0.025245317305911508,0.025245317305911508,0.051551155332755005,0.051551155332755005,-0.040762628268843026,0.040762628268843026,0.07959511649825252,0.07959511649825252,0.01695342002390471,0.01695342002390471,-0.028023105335796716,0.028023105335796716,4.350085734154964,3.861887896379863,0.028993712510374726,14.55328112640786,1.5107854918221724,1.4015113743478127,14.401849269885641,12.931615315504342,18.12414022105778,-0.006483791820555935,-0.34556663409381455,0.007611700023109612,0.2623002502198807,0.07720535612914983,0.2475218120881911,-0.015235094713356436,-2.989423843451988,0.05054089620955948,1.9416908861143485,-0.047087637879829815,-0.28389124167828517,-0.24277569050708503,-0.28362395067331586,0.0069610528243094424
49,0.98,0,0.002285621001647087,21.636324433790346,0.1019180097763453,0.1996316480513199,0.01317611291482082,0.3686620377553083,0.05865830362438022,0.11270865006107622,-0.032948870389189255,0.032948870389189255,0.061973886999146965,0.061973886999146965,-0.023946737287507625,0.023946737287507625,0.04883997308520047,0.04883997308520047,-0.03888541165235304,0.03888541165235304,0.07579025958775254,0.07579025958775254,0.016420933532431205,0.016420933532431205,-0.027073431800661688,0.027073431800661688,4.154912286708486,3.9852794903686046,0.02279709451360442,13.591169808189635,1.376318633635991,1.2703239798590134,12.879235461477087,13.185045546266355,18.06391183636581,-0.0059725722471708435,-0.3059915805593287,0.006691578660236579,0.2568360071535997,0.07262319986394929,0.24219362292444915,-0.015082265461776028,-3.01141923459837,0.025560978669254573,1.9787526767242973,-0.046006068143651664,-0.27321215331404913,-0.22910781326002883,-0.26640945818709827,0.007641462579020503
50,1.0,0,0.0024596149996796157,20.173813891881373,0.099494599042844,0.20080530297472834,0.01572306946518795,0.35330875136212564,0.05609199618532803,0.10776972848212951,-0.03152410792245364,0.03152410792245364,0.05921507551963373,0.05921507551963373,-0.022775350980895503,0.022775350980895503,0.04656618054217852,0.04656618054217852,-0.037162105161307246,0.037162105161307246,0.07249837973279383,0.07249837973279383,0.01589981079841247,0.01589981079841247,-0.026143163047895636,0.026143163047895636,3.9596700954785167,4.032276970277244,0.032462319676893225,12.48270737890643,1.2585248144219414,1.1614314377111914,11.431388693523322,13.360175385254557,18.003432157959157,-0.005803960433785783,-0.26581781172085744,0.0058022052726807265,0.25157612767374554,0.06829537923953116,0.23718324694110382,-0.014917022361111365,-3.0239839203326877,0.008430590669253087,2.0086884419235638,-0.04446866937779257,-0.2629939739927116,-0.21639103122090525,-0.2505187991672667,0.00826215503323308
51,1.02,0,0.0022934199987503234,18.807264248534032,0.09703208441072567,0.2013915116353665,0.020845594946733385,0.3343950561880616,0.053659779672222484,0.10242815895014797,-0.03017050198497917,0.03017050198497917,0.05629962591143206,0.05629962591143206,-0.02167258107676262,0.02167258107676262,0.04398840967009038,0.04398840967009038,-0.03553037553987759,0.03553037553987759,0.06889638164434969,0.06889638164434969,0.015394947480009406,0.015394947480009406,-0.025301942201380486,0.025301942201380486,3.766090162036076,4.0558540958777956,0.05706022413586584,11.182005360301684,1.1517487817885843,1.0491527745916776,10.097520038250169,13.42516196103566,17.94290407151553,-0.005908802565245767,-0.2253047595353342,0.004944171672822813,0.24651274479306629,0.06421894761152402,0.23248494993818966,-0.014738727022975219,-3.026404322181257,-0.005242106572999289,2.02565260927616,-0.042901679992895694,-0.2531691440339613,-0.20382158140035772,-0.23491485014570587,0.008914766906807325
52,1.04,0,0.0024722140005906112,17.554663240544023,0.09458537385636968,0.20023405903251962,0.026609997326064817,0.3135097621803008,0.05122993942902892,0.097763173409556,-0.02881171587951309,0.02881171587951309,0.05371154668930295,0.05371154668930295,-0.020557074230087957,0.020557074230087957,0.041811488454997964,0.041811488454997964,-0.033902525120176774,0.033902525120176774,0.06576901527165874,0.06576901527165874,0.014913658556994717,0.014913658556994717,-0.02447333019275549,0.02447333019275549,3.5785571790196884,4.009367839663854,0.09298107130542757,9.828837098234875,1.0498026775607885,0.9557638075106913,8.863687128325049,13.337611901439825,17.882595550856898,-0.006286467644652044,-0.18482690976100694,0.004120783005041612,0.241609363482338,0.06035462139447233,0.2280533693773673,-0.014551369817685308,-3.015426032931694,-0.018883253970313794,2.023892488716361,-0.04116943338906003,-0.2451690655364121,-0.19321631085258476,-0.221579028041118,0.00936786026449559
53,1.06,0,0.0024821140032145195,16.371341447363815,0.09211381168578171,0.197998776629326,0.03247154701527882,0.29031253783859934,0.04908589205044543,0.09324084486456945,-0.027619858378777562,0.027619858378777562,0.051210685764947694,0.051210685764947694,-0.01960354144318227,0.01960354144318227,0.039689698740394005,0.039689698740394005,-0.032463146032816526,0.032463146032816526,0.0627291817098703,0.0627291817098703,0.014436534697139645,0.014436534697139645,-0.023687515497606115,0.023687515497606115,3.393981721313462,3.920351554670972,0.13845570125605627,8.428136962628816,0.9637699193551925,0.8693855151058704,7.731131202382567,13.204712166859778,17.822652847752973,-0.006723390950690245,-0.1443936553325017,0.0033368411288391066,0.23687757269156992,0.05670558296155832,0.22388691501889313,-0.014353851909582414,-2.997135155196249,-0.021846165301910078,2.021662721425263,-0.03919709381012529,-0.23658953953840464,-0.18245192164569968,-0.20832271792371143,0.009875895405144608
54,1.08,0,0.0024505149995093234,15.320608697952032,0.08970465608103945,0.1948333220049762,0.038146456243874624,0.2650900147393146,0.046884289685005076,0.08882936930886408,-0.02638270480520627,0.02638270480520627,0.048780062329005835,0.048780062329005835,-0.01860297061974847,0.01860297061974847,0.037603914136725675,0.037603914136725675,-0.030991114910909,0.030991114910909,0.05975578608580373,0.05975578608580373,0.013984626814056498,0.013984626814056498,-0.022942407063215882,0.022942407063215882,3.2187701290470265,3.796002336349473,0.1910791415277446,7.027271591449001,0.8792546477069892,0.7890656851810562,6.707437152381532,12.903157461826634,17.763382212388667,-0.00726265091716731,-0.104409566552559,0.0025918683959033203,0.23227964212313895,0.05324039596519297,0.21995103676721234,-0.014148905693049373,-2.9635317682152627,-0.026962998323853248,1.9992044389971366,-0.03724863664678931,-0.2298965284215474,-0.17325934981826735,-0.19679391258403767,0.010247310826652055
55,1.1,0,0.0024442150024697185,14.348834039053553,0.0873142729339587,0.1903383976753858,0.04329927944175317,0.23869152761954604,0.04486382404232234,0.08500352290640106,-0.025252238207155275,0.025252238207155275,0.046631480546245774,0.046631480546245774,-0.017700509174376877,0.017700509174376877,0.03586659842229749,0.03586659842229749,-0.029637855561767346,0.029637855561767346,0.05719893819758634,0.05719893819758634,0.013541664074151433,0.013541664074151433,-0.02220298437702684,0.02220298437702684,3.0495129031943327,3.6228705629633304,0.2461876270211702,5.69736453573525,0.8051050830801838,0.7225598906499049,5.8097407992998455,12.528686551836909,17.704939954446594,-0.007798122378959692,-0.06503289112575905,0.0018896277186550492,0.2278144184716708,0.0499477620325742,0.21622940929111206,-0.013937963754454535,-2.922112897103675,-0.026773573089619113,1.9688337713399957,-0.03511203386241357,-0.22326118257340888,-0.16463169663093852,-0.18608137380501383,0.010547096929741855
56,1.12,0,0.0024100170012388844,13.474649532652489,0.08495983819318517,0.1856292903689255,0.04819543868133961,0.2103898828967025,0.042948438208642005,0.0808311014932023,-0.024177531387362172,0.024177531387362172,0.04434884635690828,0.04434884635690828,-0.016851660439768712,0.016851660439768712,0.03386988587919443,0.03386988587919443,-0.028357041639185843,0.028357041639185843,0.05437208488100842,0.05437208488100842,0.013111637978180763,0.013111637978180763,-0.02152565937755393,0.02152565937755393,2.887269642324882,3.445823344287085,0.30501188281655245,4.426390282528818,0.7378273378246161,0.653366696860437,4.991246863729022,12.082230025662156,17.64759492564211,-0.008144875390544823,-0.026266320592200514,0.0012316309078770282,0.22347310669788872,0.0468209934803451,0.21271258483084593,-0.013719401385555073,-2.8672514402244365,-0.017337650579256517,1.9383285266779273,-0.032899840538901035,-0.21706558868910245,-0.15633842761145497,-0.1758412230133068,0.010928118444973049
57,1.1400000000000001,0,0.0023954169992066454,12.706848103103045,0.08269721763770382,0.17994308774127166,0.052442137915975955,0.18144148580749264,0.04103515091662517,0.07718305668326095,-0.023095198298030306,0.023095198298030306,0.04231702586923755,0.04231702586923755,-0.015993427168711827,0.015993427168711827,0.03218583750865281,0.03218583750865281,-0.02708145159844977,0.02708145159844977,0.051920934291947995,0.051920934291947995,0.012700420979038247,0.012700420979038247,-0.020851426969672116,0.020851426969672116,2.7355319220071004,3.2379514825862983,0.36113174010951193,3.292101277203055,0.6735534443000813,0.5957224238971471,4.306050858827874,11.50435596759298,17.59158419540464,-0.008369850474972972,0.011495193546522592,0.0006193250337136803,0.21922847821252298,0.043831771896102774,0.2093687827680219,-0.013496524540551181,-2.800536511873303,-0.011248754221407434,1.8880757069361551,-0.030615293708167388,-0.21223142426828767,-0.14946107921211643,-0.16719010314120195,0.011143842250194689
58,1.16,0,0.002375818003201857,11.991294109918787,0.08041176183169506,0.17386840470473655,0.05616425725225897,0.1517215470151269,0.03934461854958626,0.07363632161481998,-0.02214985135947556,0.02214985135947556,0.040349053730344364,0.040349053730344364,-0.015259846617881712,0.015259846617881712,0.030539038165871203,0.030539038165871203,-0.025949982493863488,0.025949982493863488,0.04953206137812066,0.04953206137812066,0.012293029867875907,0.012293029867875907,-0.020204053245934012,0.020204053245934012,2.5864205763508994,3.023022215457005,0.414214143247583,2.301942782866336,0.6191996035249789,0.5422307860961203,3.718357434326045,10.923833559786694,17.537048168890802,-0.008227599325828986,0.048369171707995484,5.617048731370718e-05,0.21509355786907455,0.04098291147596895,0.2061967718572635,-0.013267686270648756,-2.726801325691662,0.007112557457199291,1.8436989080736448,-0.028157727319998653,-0.20674601717242386,-0.14244302100669082,-0.1586005455379196,0.01144191349512123
59,1.18,0,0.0023973169991222676,11.383617481204134,0.07824917046153407,0.16761474513415395,0.059342422376813815,0.12149568172839365,0.03760985651010329,0.07016144688336652,-0.02116272625589466,0.02116272625589466,0.03842937102794164,0.03842937102794164,-0.014491031467865845,0.014491031467865845,0.02891184271444227,0.02891184271444227,-0.02479710330838303,0.02479710330838303,0.04718505597583528,0.04718505597583528,0.011906048825673735,0.011906048825673735,-0.019582847458347465,0.019582847458347465,2.449173071167286,2.809470278638738,0.46241873856558247,1.4761200678647122,0.5658005226842234,0.4922628628767461,3.2303246966493027,10.229229929617679,17.484305640025624,-0.007727881558309023,0.08409326318523257,-0.000455742310276127,0.21103410886869053,0.038247232431410184,0.20316736275470423,-0.013033697409389896,-2.6371264432589023,0.024985888375998064,1.7862045738618535,-0.025595639879491705,-0.20297245001919845,-0.13678395222793846,-0.15147045512796387,0.01169944306294305
60,1.2,0,0.002290120999532519,10.821445467170168,0.07608620426076419,0.16098800935659668,0.061809439372380405,0.09134318930581066,0.03601683900406197,0.067125013137325,-0.020263124996082016,0.020263124996082016,0.03671845997394288,0.03671845997394288,-0.013797860514159987,0.013797860514159987,0.0275479834450219,0.0275479834450219,-0.02373541094674425,0.02373541094674425,0.04515607510775499,0.04515607510775499,0.011526828256664247,0.011526828256664247,-0.018962056186067965,0.018962056186067965,2.315644191524292,2.5917139156599656,0.501665797515877,0.8343578232557162,0.5188850767378077,0.4505767388686052,2.8672722514357316,9.49602236329652,17.433463330805505,-0.006854944993757971,0.11846353422531036,-0.0009140945746638899,0.20705470978485696,0.03561944141119557,0.20027193575234448,-0.012795996271675845,-2.542115461006343,0.0436468282275527,1.7185135520038908,-0.022917613219388146,-0.19896995419167973,-0.13138955101073038,-0.14477135011798853,0.011885056885702558
61,1.22,0,0.0023215199980768375,10.325675718526492,0.07395180795765026,0.154863530274589,0.06385685339927961,0.06128997694261676,0.03450579673229219,0.06382709459903815,-0.019407044872990886,0.019407044872990886,0.034910793309516186,0.034910793309516186,-0.013146213574752375,0.013146213574752375,0.02598556308679567,0.02598556308679567,-0.022730560873713168,0.022730560873713168,0.042917418883433894,0.042917418883433894,0.01115864187262056,0.01115864187262056,-0.018384237348904053,0.018384237348904053,2.1875479600820733,2.3982713009108534,0.5354512205783064,0.3756461273626493,0.47626000325210643,0.4073898004954565,2.556265411225693,8.785435677263656,17.384780737771344,-0.005250343390983634,0.15181036740495102,-0.001313990222359399,0.20314388459481741,0.03309089809690366,0.1974997723620888,-0.012550058045228676,-2.4341296517077775,0.08023008013871685,1.6673416589820302,-0.01999478238477545,-0.1955412595019792,-0.12642716571459622,-0.13860816951278476,0.012296911322358332
62,1.24,0,0.002818902001308743,9.888849474920072,0.07191039345644495,0.14880874582382092,0.06518900358173878,0.03248643169551368,0.03299705106364105,0.06091288609983035,-0.01854147648683352,0.01854147648683352,0.03328443041658735,0.03328443041658735,-0.012488057316069112,0.012488057316069112,0.024654376788720622,0.024654376788720622,-0.02173233571109001,0.02173233571109001,0.04095901233265001,0.04095901233265001,0.01080615739269928,0.01080615739269928,-0.017805824854464868,0.017805824854464868,2.068441874824288,2.2144042833658535,0.5580248888460969,0.10553682443072755,0.4355221515586139,0.3710379693010905,2.3630490559555697,7.988609531918636,17.338446257119447,-0.00308869174135549,0.18367952501249626,-0.001651377995432008,0.19928042363065854,0.03064081567767456,0.1948281859069862,-0.012298399868243923,-2.3167240325950615,0.10808258248140717,1.593457880377263,-0.01686938865363046,-0.1931730482079428,-0.12250412096145442,-0.13357932275512857,0.012582908849237826
63,1.26,0,0.002286220002133632,9.468417302588326,0.0697707667410314,0.14328249235361634,0.06596300804942384,0.013033790542706017,0.03166317371639783,0.05807945199920228,-0.017790430417356617,0.017790430417356617,0.03170894213089648,0.03170894213089648,-0.011925946638927432,0.011925946638927432,0.023353879716458095,0.023353879716458095,-0.020843864972068582,0.020843864972068582,0.03905080600699176,0.03905080600699176,0.010457640515508602,0.010457640515508602,-0.017245190223961107,0.017245190223961107,1.947183956652565,2.052987261506412,0.571354678850645,0.01698796959111328,0.40102262791791454,0.3373222744527641,2.240985671563369,7.258788846543718,17.294515101205036,-9.057870547422441e-05,0.21430298539097628,-0.001922733308128198,0.19547762413502975,0.02827534182968298,0.19226185104669036,-0.012038375903275039,-2.1965577957206626,0.1499056517940633,1.5311730189240014,-0.013567765634809489,-0.19013997478144148,-0.1182736923995793,-0.12831674301479415,0.013001198248444116
64,1.28,0,0.0022682210001221392,9.106076203761244,0.06775980262454184,0.13848982761146345,0.06618755753178118,0.03145377439695627,0.030293719771600294,0.05530121223555247,-0.01699927457353334,0.01699927457353334,0.03017083800759368,0.03017083800759368,-0.011336781459831302,0.011336781459831302,0.022068726535050487,0.022068726535050487,-0.019941681443611636,0.019941681443611636,0.037174774368384816,0.037174774368384816,0.010126245548445385,0.010126245548445385,-0.016701858232603835,0.016701858232603835,1.836556340686747,1.9179432351852859,0.5752512801257633,0.09893399238146215,0.3670837830400986,0.3058224074721618,2.18897348377737,6.50166658058018,17.253244513780093,0.0037868136269000865,0.2435695785712026,-0.002121553046169251,0.1917011075269296,0.02597271343696459,0.18977977592833634,-0.011767826890104057,-2.0635293712471854,0.19386961661871552,1.4633296590113178,-0.009940986902052645,-0.18882583040500556,-0.11513141963591932,-0.12410375591769941,0.013527450658549043
65,1.3,0,0.002280020999023691,8.741833588535023,0.06567606229910403,0.13436326938253285,0.0657241957955273,0.05818499551203222,0.029037060303245408,0.052831960928285016,-0.016281692721595853,0.016281692721595853,0.028777507633843735,0.028777507633843735,-0.010806615958390775,0.010806615958390775,0.020971839705757042,0.020971839705757042,-0.019110064204740485,0.019110064204740485,0.03552802067564351,0.03552802067564351,0.00980203299282313,0.00980203299282313,-0.016155891685047278,0.016155891685047278,1.725338063646317,1.8053488159163085,0.5672251066120718,0.3385493702735209,0.33726034842172403,0.27912160955278337,2.2239303582365464,5.740888850319634,17.214661768278088,0.008407232123039437,0.2711649542374592,-0.0022459691728637836,0.18796059145891192,0.023731865711400613,0.18737809455494614,-0.011488806034127422,-1.9291372751001685,0.2310209248069675,1.3797687833128247,-0.00622080633472662,-0.18702580340088473,-0.1120423862781989,-0.12008406866950844,0.013951042798831775
66,1.32,0,0.0022744210000382736,8.41576823561378,0.06357741416523023,0.13134264754889524,0.0649233508700355,0.08415298519709873,0.027843612947172556,0.05021107009044563,-0.015597808637526911,0.015597808637526911,0.027333561596010775,0.027333561596010775,-0.010307961362886697,0.010307961362886697,0.01975012203116705,0.01975012203116705,-0.018322308393765918,0.018322308393765918,0.03375298323119266,0.03375298323119266,0.00948757584022474,0.00948757584022474,-0.015642786607684873,0.015642786607684873,1.6168350367748867,1.7250891065153313,0.5534861240987291,0.7081724917583115,0.310106712780782,0.2521151559627643,2.280592137703051,5.112067002403722,17.17886297129089,0.014360500471195416,0.2976949255924115,-0.002287700968926565,0.18423319678985062,0.021560553483717673,0.1850770565672664,-0.011192890609465348,-1.7899398493598935,0.297663417407799,1.3264985677476182,-0.0020865898031391227,-0.1863697334530628,-0.10856561138414708,-0.11505189938399027,0.014795771233103713
67,1.34,0,0.0024277160009660292,8.09356357893458,0.061547943458500017,0.12921390901690913,0.06346789350584392,0.1093677099332122,0.02665105098599053,0.0478537188221698,-0.01490217824994261,0.01490217824994261,0.026010600594379735,0.026010600594379735,-0.009804034445353493,0.009804034445353493,0.018690229494624976,0.018690229494624976,-0.017541105057632622,0.017541105057632622,0.032176358258045684,0.032176358258045684,0.009186628544587057,0.009186628544587057,-0.015125619078870348,0.015125619078870348,1.5152597375882857,1.669623428343007,0.5289480891982434,1.1961295976035238,0.28411140746314667,0.22899784051112876,2.411485915561708,4.436595185279092,17.14596203250131,0.02130858974798301,0.3226039923734041,-0.0022408588628176546,0.1805023625215005,0.019442195725259497,0.18285819189040006,-0.01088203725137738,-1.6450469394787641,0.3474044638393795,1.2454533390496276,0.0023421053054455384,-0.18654171341750617,-0.10591788792290874,-0.11094323384331617,0.015542667904398537
68,1.36,0,0.002399816999968607,7.770314859202198,0.059333889012999796,0.12806298811200093,0.061577471045931594,0.13296607490026624,0.025598928541063864,0.04557911561265677,-0.014305281359989375,0.014305281359989375,0.024731076718011252,0.024731076718011252,-0.009375353698052646,0.009375353698052646,0.017667372283896008,0.017667372283896008,-0.0168444251225498,0.0168444251225498,0.030657759079823182,0.030657759079823182,0.008890002980272753,0.008890002980272753,-0.01462174371220876,0.01462174371220876,1.408204154162791,1.6400128924174486,0.49790740042851145,1.7679977074383209,0.2621220569801976,0.20774557800319315,2.5730699666969064,3.855713901679164,17.115877563485117,0.02947991862893541,0.34601070491229224,-0.002106457455737863,0.1767700380463006,0.017406384686317715,0.1807688553272737,-0.010554449797854889,-1.5042234508097776,0.4085664440476202,1.1703356269444123,0.006720070353989563,-0.18661622375999454,-0.10179055194708914,-0.10446682815631675,0.016379372676124593
69,1.3800000000000001,0,0.0024812139999994542,7.470977927737173,0.05725266225937413,0.12786190413114523,0.059273978422003756,0.15480106881493186,0.024513355375239153,0.04336805769529092,-0.013667470219452416,0.013667470219452416,0.023482496657248886,0.023482496657248886,-0.008923160891348703,0.008923160891348703,0.016670593036273457,0.016670593036273457,-0.01613652433257251,0.01613652433257251,0.029185477259996567,0.029185477259996567,0.008607823866956622,0.008607823866956622,-0.014130110542014549,0.014130110542014549,1.311146934314385,1.634866652804217,0.46135267102120536,2.3963370906245265,0.24036183670110645,0.18807884282620813,2.762226355210658,3.3056928279997244,17.08873723686889,0.03892490430900412,0.367793087319105,-0.0018816900522290534,0.17298491984002737,0.015460689779148662,0.17884143001161434,-0.010205842123653388,-1.3570163308115368,0.47224928400343497,1.0891191203406347,0.011238370175440495,-0.18925591031366115,-0.09728474535845276,-0.0963712657829652,0.017430383710075006
70,1.4000000000000001,0,0.0024702139999135397,7.1391254246389515,0.05503986921256901,0.12844976862487847,0.05638466142622942,0.17546568215810762,0.02351985289148253,0.04136863480006568,-0.013093682390906192,0.013093682390906192,0.022319534909470057,0.022319534909470057,-0.00851786149533168,0.00851786149533168,0.015807975309377834,0.015807975309377834,-0.015483908890368436,0.015483908890368436,0.02788389038884556,0.02788389038884556,0.008332680391336725,0.008332680391336725,-0.013630806287490827,0.013630806287490827,1.2117548811746806,1.6499343059784812,0.41747150524707344,3.0788205615210043,0.22127339201479163,0.1711363945221205,2.9838549492342277,2.7702694919222264,17.064466606929102,0.04929936998452724,0.3875405767598573,-0.001568217991477985,0.16916682490424095,0.013598909152896016,0.17705962634810665,-0.009839404185175153,-1.2135314969890296,0.5187232837761564,0.9873744720376152,0.015673603037553423,-0.19090474678932184,-0.09308903131263228,-0.08909018317538672,0.018321896923911646
71,1.42,0,0.002671606998774223,6.896258813787892,0.0527898780660008,0.12970239213451532,0.05342382104474664,0.19283005303316025,0.02257327192222684,0.039353236554158746,-0.012545822700200548,0.012545822700200548,0.021143409143510677,0.021143409143510677,-0.008135060571198727,0.008135060571198727,0.014910684004035606,0.014910684004035606,-0.014863134516678311,0.014863134516678311,0.026570480902975674,0.026570480902975674,0.008066161409988074,0.008066161409988074,-0.013164897424366323,0.013164897424366323,1.1147084904892928,1.6822710525415576,0.3747785941620053,3.718342935277139,0.2038210421099178,0.1548677227287576,3.1872925935158802,2.236569438165977,17.043309938926058,0.06062522808005586,0.40480756201372775,-0.0012113002260450208,0.1651870676384648,0.0119649786039807,0.17570965577646133,-0.009463471812015355,-1.057833400152175,0.5662929047764316,0.8633492626935206,0.0178458882716482,-0.19898786328880758,-0.08169652744576575,-0.06749852858226457,0.018796618657989823
72,1.44,0,0.0024010160013858695,6.648239976765987,0.050612017418872085,0.13145406307520607,0.04993361227511741,0.2087969445413607,0.021622343283492274,0.03752743154735697,-0.011983434652620584,0.011983434652620584,0.020026054138251814,0.020026054138251814,-0.007745214941443035,0.007745214941443035,0.0141376210309027,0.0141376210309027,-0.014244967120488172,0.014244967120488172,0.025424112917900143,0.025424112917900143,0.00781124703505235,0.00781124703505235,-0.012688870245920688,0.012688870245920688,1.0246305228832844,1.7280170698980253,0.32740918091909854,4.359616404980804,0.18701029162767333,0.1408308118541563,3.389949116821853,1.7391093200279486,17.025227745261052,0.07249018802524879,0.41921089675058826,-0.0008286549334783499,0.16103885858296116,0.010536891283556319,0.17475947680872986,-0.00907831603100169,-0.9041096832504402,0.5932479972596465,0.720166736843024,0.01913226462833355,-0.20741045277518416,-0.07140436602121908,-0.047508948386573595,0.01925778905068331
73,1.46,0,0.002400317000137875,6.290140817163158,0.04820898756333486,0.1335084910394967,0.04625141219128058,0.2218302371364163,0.02078769567395193,0.03584116979201004,-0.011510333648330262,0.011510333648330262,0.01892348194774157,0.01892348194774157,-0.00741553795508898,0.00741553795508898,0.013446191394313568,0.013446191394313568,-0.013692178695393076,0.013692178695393076,0.024416180498576412,0.024416180498576412,0.0075613854647818765,0.0075613854647818765,-0.012228710066136034,0.012228710066136034,0.9296425927527099,1.7824517179643364,0.2809020308260069,4.920865410799868,0.1728513165731359,0.1284589452059693,3.5532074110195566,1.2993809623247685,17.00907589012696,0.08292525438217518,0.42898611862156466,-0.0005830593489567097,0.15477424879261367,0.009331024423254178,0.17108080973455417,-0.008714958338049807,-0.8075927567046923,0.5217533178463195,0.4887610935488226,0.012279779226082005,-0.313230489517373,-0.060293343015107095,-0.18393335370878436,0.018167884647594203
74,1.48,0,0.002448014998662984,6.237478966805051,0.04597452505895781,0.1357118507335236,0.04241438199275304,0.2317163688459668,0.019912976519299755,0.03430258572409523,-0.010994059738133721,0.010994059738133721,0.01781316701811375,0.01781316701811375,-0.0070597437275431996,0.0070597437275431996,0.012844184135273235,0.012844184135273235,-0.013122203702909396,0.013122203702909396,0.02356927573558476,0.02356927573558476,0.007322914229546586,0.007322914229546586,-0.011784508616945275,0.011784508616945275,0.8454627817586957,1.8417706429518188,0.23622788993351967,5.369247559116012,0.15861065354327333,0.11766673873589019,3.645543768528054,1.2447129551936258,16.99404641973167,0.09017523887329987,0.43237696513684476,-0.0006920442559084463,0.1441953360911957,0.008377760459355519,0.1613335156247978,-0.008404538941362729,-0.7514735197642547,0.3624992245562348,0.16954232576400102,-0.005449245347586829,-0.5289456350708976,-0.04766319819493281,-0.4873647054878184,0.015520969834353755
75,1.5,0,0.0022757210026611574,6.615653670745234,0.04360539654637688,0.1378517179807478,0.03816649507442018,0.23933613840886522,0.01911281558397521,0.0326343047278199,-0.010537575109595743,0.010537575109595743,0.01647814324346064,0.01647814324346064,-0.006739681572357992,0.006739681572357992,0.012394451061091612,0.012394451061091612,-0.01259143536455265,0.01259143536455265,0.022613921075673643,0.022613921075673643,0.00709166257799854,0.00709166257799854,-0.011333878276812797,0.011333878276812797,0.7605722431867106,1.9003096150243624,0.19127994698269138,5.728178714846748,0.14611988781881824,0.1064997845068208,3.6584060039692745,1.6200950598761805,16.980108974863917,0.09450343353446408,0.42962982436180164,-0.0011702276865308246,0.1299277250972891,0.0076508659837422836,0.1463965255432092,-0.008139639143338755,-0.6968722433877765,0.21640973305821054,-0.13735703875215932,-0.023909171531118916,-0.7133805496953294,-0.03634472378066185,-0.7468495040794295,0.013244989901198838
76,1.52,0,0.002380216999881668,6.223488358858971,0.04122311456200017,0.1398880712083948,0.03430221116319617,0.24088559305584045,0.018348371926809135,0.03011856987205694,-0.010107623955166456,0.010107623955166456,0.01446923007637163,0.01446923007637163,-0.006430899838580584,0.006430899838580584,0.012036709808754441,0.012036709808754441,-0.01208230709106084,0.01208230709106084,0.020808719249961305,0.020808719249961305,0.00686731919812295,0.00686731919812295,-0.01094917587269119,0.01094917587269119,0.6797380696767159,1.956867246640493,0.15450734011850026,5.802586894186396,0.134665100945807,0.09071282511379757,3.575079173389718,1.4593755446482661,16.966865576074458,0.0997163067566223,0.4250856041729353,-0.0016643467748810716,0.11677976889635758,0.006900628858849938,0.13272938415659644,-0.00787111233422215,-0.6621699394728303,0.26064366110790976,-0.2272110094433134,-0.024705954417512346,-0.6573978100465778,-0.03751185624461733,-0.6833570693306396,0.01342634045583019
77,1.54,0,0.002266021998366341,5.826573419855917,0.03895915909742109,0.1415294216483247,0.030153755638374153,0.23906566492431866,0.017593150127805043,0.026418324438235177,-0.009680205455493918,0.009680205455493918,0.011446809822831,0.011446809822831,-0.00610643816264167,0.00610643816264167,0.01184938456131547,0.01184938456131547,-0.011587964159591513,0.011587964159591513,0.017741825159631908,0.017741825159631908,0.006651545185952542,0.006651545185952542,-0.010569680057925341,0.010569680057925341,0.6071264310312674,2.0030577192109273,0.11939543055310942,5.715239214570659,0.12380757256779461,0.06979278661238539,3.5277644829331356,1.3596405581645574,16.954269828422376,0.10534618426749578,0.41841581149931695,-0.002036235839995886,0.10456134161951276,0.006135023310757543,0.12012247927093692,-0.007600483424754994,-0.6297873826043562,0.28149387554367433,-0.3334896336809192,-0.018594453255740728,-0.6109213638422409,-0.03828027740461971,-0.6303452442829752,0.013531445473357905
78,1.56,0,0.0029745969986834098,5.43607571746681,0.03650219123827123,0.1428097925033572,0.026240358775739315,0.23274727971439468,0.01699061576118369,0.022098428512501794,-0.009378562071684748,0.009378562071684748,0.007678628482290173,0.007678628482290173,-0.0058263724043148835,0.0058263724043148835,0.011772692687826781,0.011772692687826781,-0.011193282038047814,0.011193282038047814,0.013638120424731004,0.013638120424731004,0.006441072832587292,0.006441072832587292,-0.01023643421859581,0.01023643421859581,0.5329639860781299,2.039463683485194,0.09041581915636247,5.417129621445067,0.11547240957767342,0.04883405427221522,3.482902496880844,1.3175600231767133,16.942192628367806,0.11083154138518209,0.40919248290765753,-0.002317733598397171,0.09319908260851588,0.005417627613542298,0.10845037667861215,-0.00732935843286076,-0.6038600027284442,0.2742678558843145,-0.4611664295829719,-0.014074887920064227,-0.5681129505498446,-0.03586978486076222,-0.5836051296162391,0.01355624959471167
79,1.58,0,0.0024042170007305685,5.058419556491232,0.03427697741474958,0.14363523526522207,0.02265198481184194,0.22230832236021433,0.01641462734524202,0.018036308991019465,-0.009084251538763077,0.009084251538763077,0.003354243612964214,0.003354243612964214,-0.005510557413254846,0.005510557413254846,0.011788383556205578,0.011788383556205578,-0.01084731434545716,0.01084731434545716,0.008724343538228208,0.008724343538228208,0.006235855462541539,0.006235855462541539,-0.009948735334864225,0.009948735334864225,0.4699644722765011,2.063108080969569,0.06737789013648321,4.942099019061296,0.10777599635326682,0.03253084420195295,3.4454154839764812,1.3513823653447845,16.930495768976595,0.11561483495137737,0.3969671906766927,-0.0025397098409527426,0.08259913996095591,0.004798678462225065,0.09756299947812462,-0.007059875398382568,-0.5848429695604543,0.23916467830976512,-0.6112646115482414,-0.011098812127778612,-0.5299971323779975,-0.030947457565861584,-0.5443688600243772,0.013474151723909556
80,1.6,0,0.002474513999914052,4.703034488608839,0.031988103760802016,0.14365665036922146,0.019071776842115175,0.2094286104981464,0.015996855917167208,0.015750921155509436,-0.008914811784121346,0.008914811784121346,-0.0013967283749418413,0.0013967283749418413,-0.0052163452786372355,0.0052163452786372355,0.01192555252664838,0.01192555252664838,-0.010619587268077213,0.010619587268077213,0.0032445034018259156,0.0032445034018259156,0.006036525348081466,0.006036525348081466,-0.00966411204940203,0.00966411204940203,0.4092955128847343,2.063723319530473,0.04776251606311554,4.386034289518431,0.10235975969384296,0.02480915172470747,3.4503889097487326,1.4905867183420487,16.9189739919806,0.11916136797375255,0.38134960186646355,-0.002725927668726978,0.07258489401260881,0.004280390792780514,0.08725098684425678,-0.0067946588748412,-0.5760888497999888,0.1773266511187592,-0.780879440511461,-0.009310891388711722,-0.5007122974173566,-0.02591438347222761,-0.5156006316933915,0.01326082617706842
81,1.62,0,0.002442414999677567,4.374655243121014,0.029760450644380567,0.14364292350139932,0.016537916472327004,0.19389243207738965,0.015713593997165078,0.016798550857082737,-0.008834998708900699,0.008834998708900699,-0.006273663334003116,0.006273663334003116,-0.004925223978919369,0.004925223978919369,0.01199932134021586,0.01199932134021586,-0.010511953267652308,0.010511953267652308,-0.0029793209272089838,0.0029793209272089838,0.005839592569489501,0.005839592569489501,-0.009485377876316523,0.009485377876316523,0.3542737690226446,2.0633289472028853,0.035914222765608794,3.759427521688515,0.09876681452309694,0.028219131089799513,3.445802586090443,1.7464504256871252,16.90748602482206,0.12098915520416535,0.36201971907328184,-0.002901085255520832,0.06302620013979257,0.00386979550838246,0.0773521270305186,-0.006537203932470641,-0.5743983579269276,0.09138936152063908,-0.9664941396590854,-0.008757879339692725,-0.4779346936408118,-0.020529764219902717,-0.4949429906869082,0.012872747118527912
82,1.6400000000000001,0,0.0022651209983450826,4.069286767119822,0.027734554106896153,0.14267751173652973,0.014338817862675282,0.17704379456686548,0.015534431753172175,0.02131778118009332,-0.008812318966841426,0.008812318966841426,-0.011347286865764555,0.011347286865764555,-0.00461289845948587,0.00461289845948587,0.01218998057645167,0.01218998057645167,-0.010512766779162575,0.010512766779162575,-0.009508971969321545,0.009508971969321545,0.005644865522757775,0.005644865522757775,-0.009309710030971766,0.009309710030971766,0.30768219660334006,2.0356872355327575,0.02699799920979902,3.1344505194634458,0.09652742795758555,0.045444779444234085,3.518718544890066,2.1376087683306495,16.89581882694251,0.12069709473191946,0.33877411678224517,-0.0030846665644334434,0.05379853051923428,0.0035634960478946975,0.06770130435406592,-0.0062904462288367186,-0.5833598939772843,-0.014603023612294652,-1.1622801145518324,-0.009179065445630595,-0.46138348102791427,-0.015314973024388088,-0.48254113382263464,0.012337885181696118
83,1.6600000000000001,0,0.0022686219999741297,3.7920364632223196,0.025647380729613346,0.1413246193588342,0.013050432335468898,0.16252065096441198,0.01558516544611529,0.02796016658663837,-0.00895783248925519,0.00895783248925519,-0.01632353908170639,0.01632353908170639,-0.004336185597359821,0.004336185597359821,0.012224265675366273,0.012224265675366273,-0.010681451535807573,0.010681451535807573,-0.01677720303541047,0.01677720303541047,0.005455154134456097,0.005455154134456097,-0.009187261529272395,0.009187261529272395,0.26311525531589675,1.997264803691937,0.022364267713554545,2.641296198989622,0.09715895279311439,0.07817709155525687,3.6989174764093393,2.6535682117357027,16.883745374173547,0.1179978809536063,0.3116559801184676,-0.003292623655817382,0.04478115330699675,0.003332821877513236,0.058134905637213685,-0.006057210572805174,-0.6036726384481395,-0.13496068891565804,-1.3559068331888762,-0.010397854569196938,-0.4508688606118771,-0.011533708519073108,-0.4783199358426118,0.011661782801577278
84,1.68,0,0.0022675209984299727,3.530615685735726,0.02386691241962789,0.13957570355948196,0.012883162037511893,0.1514206011900479,0.015755126008645818,0.035897414711456826,-0.009116650456076236,0.009116650456076236,-0.021151837577181837,0.021151837577181837,-0.004043318536134488,0.004043318536134488,0.01210089079311768,0.01210089079311768,-0.01100333500294326,0.01100333500294326,-0.02473134998819107,0.02473134998819107,0.005262021858410295,0.005262021858410295,-0.009118822284126223,0.009118822284126223,0.22785180337847513,1.948137702412438,0.021794646141334504,2.2928198464755534,0.09928959821932315,0.1288624382966317,4.00381376288068,3.2765834975495256,16.87104020686706,0.11274108811323226,0.28083340070823837,-0.003536473496047257,0.0358897383083318,0.0031423049849431065,0.0485251901419814,-0.005839958970263583,-0.6352583653242643,-0.26283964201870164,-1.5411289705114615,-0.012192492011493786,-0.4445707499332469,-0.009525844628506471,-0.48048577476161436,0.01086258012707952
85,1.7,0,0.0023451180022675544,3.29228008959395,0.022184921636457203,0.13671808516778022,0.013457066533429124,0.1429977043369105,0.016142677300517494,0.04453196000767116,-0.009417757887755895,0.009417757887755895,-0.026022223569436384,0.026022223569436384,-0.0037661139946590927,0.0037661139946590927,0.012087769898344149,0.012087769898344149,-0.01148802702556373,0.01148802702556373,-0.03283013957745348,0.03283013957745348,0.0050728184705747855,0.0050728184705747855,-0.009055776986912874,0.009055776986912874,0.19686829920629872,1.86918348119444,0.02377966231717616,2.044834344562647,0.10423441217145708,0.1983095462124823,4.467396233500476,3.8826389829576207,16.85747403197303,0.1048394902049875,0.2471255309684677,-0.003815497178960858,0.027139105827293074,0.0029879877082446406,0.03884822422407542,-0.005640324808374417,-0.6783087447016591,-0.3950798954122375,-1.6853934869885303,-0.013951184145679998,-0.4375316240519366,-0.007715863834923305,-0.48384829589529854,0.009981708094458298
86,1.72,0,0.0022773220007366035,3.089321158527004,0.02071323049647327,0.13405626507226973,0.014750204282601027,0.14389708281592958,0.01677980944054447,0.054900273236469864,-0.009774795002930103,0.009774795002930103,-0.02961983623247516,0.02961983623247516,-0.0035387165663848252,0.0035387165663848252,0.010628842739447333,0.010628842739447333,-0.012231562510179428,0.012231562510179428,-0.04408942806858479,0.04408942806858479,0.004886895858727155,0.004886895858727155,-0.008936181377164742,0.008936181377164742,0.17161516704001212,1.797108220512664,0.028569389110020504,2.0706370442934494,0.11262480194439409,0.3014040001439049,5.452015786719728,4.216929436245023,16.84255491491239,0.095103822843066,0.21240386133362535,-0.0041255295466192735,0.01868942908123914,0.0028972869095451625,0.029241997279404422,-0.005458172436586451,-0.7459558530320938,-0.48678336809607636,-1.7360834817421174,-0.015501618382920815,-0.42248383730269695,-0.004535039934973904,-0.48031134723354985,0.009107618589398299
87,1.74,0,0.0027322040004946757,2.886187958942708,0.019561933434459545,0.13029295847415576,0.016598086600794634,0.14406156715814658,0.01764310807634071,0.06591586276265458,-0.010142506612784541,0.010142506612784541,-0.03322261999954659,0.03322261999954659,-0.0033458819199232437,0.0033458819199232437,0.00926501817269542,0.00926501817269542,-0.013232883524517569,0.013232883524517569,-0.055474752569172184,0.055474752569172184,0.004701562507033471,0.004701562507033471,-0.008824383817558484,0.008824383817558484,0.15306769587769045,1.6976255027948073,0.03617603259306048,2.075373513206117,0.12451170503737549,0.4344900963745112,6.604275894872868,4.460630300058801,16.82582697867501,0.0840329420383515,0.17736267111309031,-0.0044538215983347075,0.010645638367921822,0.0028447809614906517,0.01980069047651592,-0.00529240251751524,-0.8363968118689488,-0.5535440402357246,-1.7520595110267514,-0.01641460258577166,-0.402189535665866,-0.0026252974027255556,-0.47206534014442525,0.008288495953560491
88,1.76,0,0.0023888169998826925,2.6815672968386175,0.01860199069193024,0.12488545180561485,0.0176031509938771,0.1408083925773812,0.018111276362926452,0.039752893567902514,-0.010311349250714419,0.010311349250714419,-0.015787631622877316,0.015787631622877316,-0.003178446538956492,0.003178446538956492,0.00757362042037077,0.00757362042037077,-0.013823785535104549,0.013823785535104549,-0.03468225397347083,0.03468225397347083,0.0045271226184541696,0.0045271226184541696,-0.008415745231951781,0.008415745231951781,0.1384136230810637,1.5596376072692546,0.040689814722229906,1.9827003420225897,0.13120733259771933,0.15802925470209847,5.226404622041221,4.410539799294122,16.807699715438137,0.0726304801553907,0.14310088811553856,-0.004768465128493108,0.003328372506149563,0.0028055829345890143,0.01096520913923345,-0.005138490511532079,-0.9063631618433297,-0.5701230941480404,-1.7130891498775873,-0.01573217650792004,-0.3658632930886129,-0.0019599013450818338,-0.4417740668641237,0.007695600299158145
89,1.78,0,0.003050193998205941,2.5086699388344464,0.018064197553593744,0.11785469826198586,0.019104513157589174,0.18649353325284732,0.015524137238132462,0.0306971458881407,-0.008553631002776507,0.008553631002776507,0.02272702256903769,0.02272702256903769,-0.00308360394308832,0.00308360394308832,0.005548715117543089,0.005548715117543089,-0.011796147488287834,0.011796147488287834,0.01831796685899406,0.01831796685899406,0.00437910091382265,0.00437910091382265,-0.0077110998905077725,0.0077110998905077725,0.13052609330210485,1.388972990242373,0.047926623552793195,3.4779837945130865,0.09639953479534838,0.09423147656777932,2.3258053423782177,3.9454429295394515,16.78946043902776,0.06211362976551643,0.11086049352665568,-0.005028837666464117,-0.002821771007009726,0.00275726244059985,0.0033795460239401565,-0.00498981767663506,-0.911963820518985,-0.5258425194937127,-1.6120197294441432,-0.013018626898550462,-0.3075071756579645,-0.00241602469945823,-0.37928315576466465,0.007433641744850917
90,1.8,0,0.002441215001454111,2.3682360384989063,0.01776704285587328,0.10973744482817913,0.02200592393918473,0.26642847186554414,0.012641818874838659,0.09442892092905385,-0.00659111172929,0.00659111172929,0.061385278776187935,0.061385278776187935,-0.003013814958947869,0.003013814958947869,0.0036014393793655534,0.0036014393793655534,-0.009450673150172673,0.009450673150172673,0.0713194812036235,0.0713194812036235,0.004239637606927051,0.004239637606927051,-0.007016401687328311,0.007016401687328311,0.12626712473697507,1.2042306797417655,0.06358930801420606,7.098413062060903,0.06392623378569079,0.8916821107825502,0.9476729550870779,3.2270532547808215,16.77240572297141,0.05326991352398428,0.08145142867495733,-0.0052102429374558945,-0.007513183549674837,0.0026852725777402565,-0.002518259541465984,-0.0048415031738391736,-0.8527358028178179,-0.4421858120766082,-1.4704532425849186,-0.009070263549588984,-0.23457062713325555,-0.0035994931429796824,-0.29489027827030706,0.007415725139794376
91,1.82,0,0.002357118999498198,2.2164294246055665,0.01764326651537209,0.10600552206556223,0.025648926944653174,0.24455595405710828,0.010795914498871972,0.0856212304421726,-0.005288752900027172,0.005288752900027172,0.055509437468602964,0.055509437468602964,-0.002908019687000607,0.002908019687000607,0.004064397921523204,0.004064397921523204,-0.007957260541510136,0.007957260541510136,0.06470813851738584,0.06470813851738584,0.004099547390133566,0.004099547390133566,-0.006784904826245252,0.006784904826245252,0.12451394133297998,1.1237170708392397,0.08638598409521962,5.980761466478245,0.046620707946781616,0.7330995102431622,0.6592845698519683,2.6323611191128427,16.756750023998027,0.045836526407536875,0.05460565975818613,-0.005326643569058047,-0.010967643119911226,0.0026014944933808255,-0.00698115010607765,-0.004694080123051116,-0.78278494866891,-0.3716693558223703,-1.3422884458385593,-0.005820031580107592,-0.17272297851181942,-0.004188904217971546,-0.22314452823058328,0.007371152539402811
92,1.84,0,0.002407517000392545,2.0935768477092713,0.01770625937881664,0.10131979763062998,0.029427582681776893,0.2219816263167659,0.009123329209771228,0.07731824208498111,-0.004075915926763873,0.004075915926763873,0.05002441204371437,0.05002441204371437,-0.0027803028125752416,0.0027803028125752416,0.004585162489373142,0.004585162489373142,-0.00657094116735113,0.00657094116735113,0.05840879642995595,0.05840879642995595,0.003964176291919148,0.003964176291919148,-0.006561824696107015,0.006561824696107015,0.12540464847597285,1.026570139191181,0.11371403261461095,4.927584242223628,0.03329405434794595,0.5978110559111743,0.4312658597473441,2.133738397749205,16.74272245668476,0.03957649657806897,0.030088755304224935,-0.005390316721213736,-0.013383098601319213,0.002515577280954401,-0.010235216203822298,-0.004548033855403674,-0.7013783656630111,-0.3130014914733955,-1.2258452226980594,-0.003183657607784422,-0.12077277407039921,-0.004295860621321178,-0.1627033048872324,0.007302313382372114
93,1.86,0,0.0024820139988150913,1.9963373080735398,0.017949638218284613,0.09618649165386838,0.0330596175978424,0.19748234371894052,0.007738509994712784,0.06846824977639657,-0.0030391169305749033,0.0030391169305749033,0.04406053602202699,0.04406053602202699,-0.002672479262599503,0.002672479262599503,0.0047032581418165,0.0047032581418165,-0.005367872330265366,0.005367872330265366,0.05180845311448379,0.05180845311448379,0.003833028366384692,0.003833028366384692,-0.00635090085188408,0.00635090085188408,0.1288758048669214,0.9251841176679688,0.14351607070506722,3.8999276080725758,0.023953814775307856,0.46879012274430276,0.34396111355183784,1.7247862124072024,16.730382946276336,0.03427282376996145,0.0076837333132072135,-0.0054112084911192,-0.01494368277745335,0.0024309600276577197,-0.012487592996770219,-0.004403841498165186,-0.6169755204214582,-0.2651836404053758,-1.1202510995508868,-0.0010445884952731905,-0.07802920880670704,-0.00423086266483407,-0.11261883964739587,0.007209617861924391
94,1.8800000000000001,0,0.0022479219987872057,1.9207476230167253,0.018265783491570993,0.0907434725301106,0.036394407239641,0.1715308188894261,0.006592160072497335,0.05917271477444262,-0.00214006197687161,0.00214006197687161,0.037679384178423,0.037679384178423,-0.0025718265015013397,0.0025718265015013397,0.004412883494450297,0.004412883494450297,-0.004304470432413221,0.004304470432413221,0.044992892526655115,0.044992892526655115,0.0037059346863149334,0.0037059346863149334,-0.0061514439818319945,0.0061514439818319945,0.13345553862437895,0.8234377806822936,0.17392987491138315,2.9422821828877086,0.017382629768571224,0.35014101737775394,0.37681041431771817,1.3975500407724486,16.71962143458462,0.029731610094333727,-0.012803513622247572,-0.005397339554208527,-0.015818085974315645,0.002346512902324442,-0.01392562562517965,-0.004261956613478619,-0.5380755845859992,-0.227060683781386,-1.0243623467727392,0.0006934468455335758,-0.043720159843114816,-0.0042223562666639,-0.07190163142047161,0.007094244234328375
95,1.9000000000000001,0,0.002497512999980245,1.862656581279572,0.01867888272548436,0.08472524151287786,0.03934313018753649,0.1463381968489632,0.005685470084068297,0.05070397788309441,-0.0013734966691119621,0.0013734966691119621,0.03187891215964591,0.03187891215964591,-0.0024787778510582115,0.0024787778510582115,0.004162006128904598,0.004162006128904598,-0.0033848068832893485,0.0033848068832893485,0.03875312214725357,0.03875312214725357,0.0035828507790186008,0.0035828507790186008,-0.005958318681466464,0.005958318681466464,0.1395602639489592,0.717836654941548,0.20325568606930577,2.14148678570059,0.012929828030734225,0.2570893373169326,0.4283594237718237,1.1324321524543064,16.71034192387267,0.025790009252989448,-0.031527107218294256,-0.005355754464348241,-0.016150289707518254,0.002261861139715589,-0.014710314580742213,-0.004122757949142022,-0.46397553559755683,-0.19708004206721383,-0.9361796798023345,0.002079254493014295,-0.01661018666013047,-0.004232588130442645,-0.03923444777812815,0.006959933216829872
96,1.92,0,0.0022441219989559613,1.8181691996980658,0.01912370461811737,0.07835708824550924,0.041890942803793914,0.12212618623341517,0.005001580295662207,0.04271537882138424,-0.0007299991058834499,0.0007299991058834499,0.026450270311330605,0.026450270311330605,-0.0023933429581697307,0.0023933429581697307,0.0038651247913001514,0.0038651247913001514,-0.0025995944555189388,0.0025995944555189388,0.03281390691623553,0.03281390691623553,0.0034636577358019027,0.0034636577358019027,-0.005770191639123531,0.005770191639123531,0.14628643132840144,0.6139833278314522,0.23043325441433252,1.4914805363918804,0.010006322181582577,0.18246035878543607,0.5305638239781637,0.9173209018199422,16.70240337186255,0.022313365526693846,-0.04860662872959106,-0.005292538961633991,-0.016063676765122194,0.0021766463903324083,-0.014981115496633697,-0.003986547210976111,-0.3969276005054654,-0.17383218631478034,-0.8539760755648399,0.0031607751357125282,0.004330647119803158,-0.004260737469159032,-0.013540045794574275,0.006810536908295627
97,1.94,0,0.0022327229999064002,1.783295529874723,0.019530503126464583,0.07174264544389938,0.04400271670205941,0.09925175388770197,0.0045077994285977144,0.0355865005671807,-0.0001928546346078308,0.0001928546346078308,0.021608452559262626,0.021608452559262626,-0.002313022653167074,0.002313022653167074,0.0035994452478282897,0.0035994452478282897,-0.0019293600880589956,0.0019293600880589956,0.027482659829801026,0.027482659829801026,0.0033482172323367992,0.0033482172323367992,-0.005587593685959668,0.005587593685959668,0.15257622094913711,0.5147007175289056,0.25425169957365545,0.9850910649784961,0.00812810227538635,0.1266399022617952,0.6437585160590876,0.7405849912253505,16.695675665924764,0.019193883469724074,-0.06413180611562327,-0.005212917816009187,-0.01566068385421778,0.0020914406790768668,-0.014854699202017728,-0.003853565154419531,-0.3363852968896186,-0.15597410284848898,-0.7762588693016109,0.003981057281240137,0.020149645545220612,-0.0042602855627770966,0.006320814730798596,0.006649102827828989
98,1.96,0,0.002473413998814067,1.7547325167941707,0.01995232660724064,0.0650484778219872,0.0456946869561327,0.07834283807806441,0.004171115868217519,0.0298585123037703,0.00025048325107485114,0.00025048325107485114,0.017718920480139646,0.017718920480139646,-0.0022353102499289013,0.0022353102499289013,0.0035917718073373876,0.0035917718073373876,-0.0013653972690952365,0.0013653972690952365,0.02313861203043236,0.02313861203043236,0.003236440036697269,0.003236440036697269,-0.005410584312441445,0.005410584312441445,0.15923813481680107,0.42313044669575595,0.2741803312162907,0.6137600278125818,0.006959283034438394,0.08915307569944023,0.7481561756824372,0.5932197192421828,16.690055745572657,0.016350709767706376,-0.07816732565781474,-0.005121329511552495,-0.015022082063367272,0.0020094743302423237,-0.014424314381181445,-0.0037239998323257313,-0.2809960176050633,-0.14215868510088503,-0.7017759771095733,0.004579415222834709,0.03193008954252536,-0.004098317441727136,0.021519241041814147,0.006478266104689959
99,1.98,0,0.0024418149987468496,1.729490924428258,0.020248522095611853,0.0585171797307473,0.04697795935252778,0.060044620799678934,0.003938795873996431,0.02550087133051096,0.0006468040837002142,0.0006468040837002142,0.01475369889212214,0.01475369889212214,-0.002140187636457902,0.002140187636457902,0.003839030765838102,0.003839030765838102,-0.0008543765644539736,0.0008543765644539736,0.01975950823045335,0.01975950823045335,0.003128161597677556,0.003128161597677556,-0.0052389392901105985,0.0052389392901105985,0.16400105882259255,0.34242603236405816,0.2897965290103686,0.36053564869772353,0.0062056451748045225,0.06502944386152758,0.8373729873265654,0.469065903274459,16.68546631743634,0.01372434242151719,-0.09075860768090302,-0.005021489108328879,-0.014210957420026446,0.0019354957094646482,-0.013763950998583874,-0.0035979905362191417,-0.2294714068159961,-0.131318367309459,-0.629564101154414,0.004992020161180676,0.040556232167041316,-0.003698931038883785,0.033018169129878504,0.0063004648053295335
100,2.0,0,0.002396416002738988,1.7051982119593125,0.02048550774353575,0.05271083591710332,0.047852488777550974,0.04533627092477491,0.003801838657435971,0.021972097774791765,0.0009723816419225928,0.0009723816419225928,0.012274865499556566,0.012274865499556566,-0.002046470892178076,0.002046470892178076,0.004087631593883648,0.004087631593883648,-0.0004240966078210562,0.0004240966078210562,0.017020035472087643,0.017020035472087643,0.00302333426440561,0.00302333426440561,-0.005070544159591533,0.005070544159591533,0.16786241100418522,0.27784322230797887,0.30068650979357037,0.20553774613645903,0.005781590870869819,0.04827730806250092,0.922405054350677,0.3644246153389464,16.68183707731994,0.011268754271395228,-0.10193824609889696,-0.00491643645189148,-0.013279879749203227,0.0018725827135448838,-0.01293487992555308,-0.0034756164619279173,-0.18146200582003685,-0.12277940750609795,-0.5589819208996967,0.005252632821870016,0.046553883541160836,-0.003145649795988198,0.041453553651539736,0.0061187037145611954
101,2.02,0,0.0022338230010063853,1.6795720552580713,0.020723802173550698,0.04873616480174658,0.04833659777861135,0.03528684643453005,0.0037266591248679656,0.017633037142190246,0.00121787895191372,0.00121787895191372,0.009331996286269564,0.009331996286269564,-0.0019647182603004243,0.0019647182603004243,0.0038485053845037595,0.0038485053845037595,-8.369589837931013e-05,8.369589837931013e-05,0.013599592530901919,0.013599592530901919,0.0029219233812137796,0.0029219233812137796,-0.0049069270903279345,0.0049069270903279345,0.17179039061138582,0.23752137595830017,0.30680119131429656,0.12451615312941057,0.005555195293184667,0.031092399885786073,1.0041947171124748,0.27691763320216095,16.679103628006555,0.00893886207110953,-0.1117342657382156,-0.004808644193279184,-0.012280144921930341,0.001818206691223443,-0.011998516930190018,-0.0033569219532672144,-0.13667246566922087,-0.11649461001428497,-0.4898009819659318,0.005389612930614826,0.04998674136364439,-0.0027188011160720516,0.04681814976815292,0.005934725433035158
102,2.04,0,0.002358718000323279,1.650498133311721,0.020898664057781888,0.045168464583187434,0.04845232737334777,0.03414294047731241,0.0036804188009279394,0.01398816891113726,0.0014045188776390938,0.0014045188776390938,0.006819565615661476,0.006819565615661476,-0.0018877481526103357,0.0018877481526103357,0.0036289584210638846,0.0036289584210638846,0.00018829595223868179,0.00018829595223868179,0.01065131781351803,0.01065131781351803,0.002823784839407221,0.002823784839407221,-0.004747892576061266,0.004747892576061266,0.17470166376000976,0.2040190192802657,0.30827206366157245,0.1165740384437298,0.005418193020089539,0.01956688694865069,1.0776399462555404,0.20444605724870926,16.677206460575313,0.006702537520994174,-0.1201666561313582,-0.004700072743775205,-0.01125230242448209,0.0017702893885362869,-0.011004004951441748,-0.00324192065546624,-0.09485837156251628,-0.11181622750576778,-0.42161951965712974,0.005428572475198919,0.05139212487241248,-0.0023958651343578027,0.04972559893741353,0.005750064890048711
103,2.06,0,0.0022995209983491804,1.6166993630707416,0.02100045081414472,0.04218387789359432,0.048222872111452895,0.04088583888354936,0.0036437342081692575,0.011003932236288481,0.001540910189952338,0.001540910189952338,0.004697375555929052,0.004697375555929052,-0.0018151689841890417,0.0018151689841890417,0.0034277637844149465,0.0034277637844149465,0.0004013223085090889,0.0004013223085090889,0.008134669508661579,0.008134669508661579,0.0027288269878859954,0.0027288269878859954,-0.004593340284639705,0.004593340284639705,0.17640757375892463,0.17794795541416752,0.30535921459099796,0.16716518212115564,0.005310719591913137,0.012108652466082878,1.1410037428953794,0.14554804516017866,16.676090062880178,0.004538421063356038,-0.1272508389644556,-0.00459224333912743,-0.01022775852653113,0.0017271435765534454,-0.009989975063559661,-0.0031306002105102307,-0.055819884756437815,-0.10820582288190672,-0.35420914165487094,0.0053914702323887625,0.05122719489754791,-0.002157290599142065,0.050701494394104415,0.005566022247800452
104,2.08,0,0.0028464019997045398,1.577280587331602,0.0210222357663435,0.03994298076038143,0.04767260813970944,0.0512565793600375,0.0036048705746956054,0.008655484454310438,0.001634857701070913,0.001634857701070913,0.0029251891136611472,0.0029251891136611472,-0.001746613708500766,0.001746613708500766,0.003243599962650651,0.003243599962650651,0.000564015698682363,0.000564015698682363,0.006008150124205653,0.006008150124205653,0.0026369601821932013,0.0026369601821932013,-0.004443182548064875,0.004443182548064875,0.17677375864629272,0.15954417120242007,0.29843015811849394,0.26272369276918217,0.005198036744122488,0.007491741113880964,1.1929243065889306,0.09916614796818422,16.675702134913188,0.0024339547714682438,-0.1330006240676097,-0.004486306601794373,-0.009230217671767033,0.0016874184130898507,-0.008986141453433648,-0.0030229265420638305,-0.019396398350007615,-0.10522331459438974,-0.28748925515770607,0.0052968368666528555,0.049877042738204966,-0.00198625817317975,0.05019168050630066,0.005383683422320009
105,2.1,0,0.0024754149999353103,1.5317097761112999,0.020959587524865216,0.03856146172606489,0.046826709900156756,0.06251105857494792,0.003557615032223529,0.006925588742302774,0.0016933614833441468,0.0016933614833441468,0.0014637504869731161,0.0014637504869731161,-0.0016817417092477305,0.0016817417092477305,0.0030751048086398503,0.0030751048086398503,0.000684178701166438,0.000684178701166438,0.004230580658898396,0.004230580658898396,0.002548096531231904,0.002548096531231904,-0.004297340066114359,0.004297340066114359,0.1757217236849942,0.1486986330450767,0.28793348484131565,0.3907632444160569,0.005062649887001128,0.004796377942751091,1.232395187780782,0.06447226171197504,16.67599291422195,0.0003836365338306584,-0.13743067368113818,-0.004383105313285294,-0.00827696541592547,0.0016500497515367094,-0.00801473091346816,-0.0029188477198575174,0.014538965438288698,-0.10251591188187928,-0.22150248067642092,0.005160064425453836,0.04766261279207821,-0.0018684330776570545,0.048570526998274424,0.005203941110315666
106,2.12,0,0.0025091130009968765,1.4797941774107386,0.02081034311076439,0.03807851482792449,0.045710891763151046,0.07347992195147503,0.0034994103404723037,0.005788505217933099,0.001722636493083629,0.001722636493083629,0.00027553180266865515,0.00027553180266865515,-0.0016202396130749475,0.0016202396130749475,0.002920917431356517,0.002920917431356517,0.000768790314344403,0.000768790314344403,0.0027620559797503913,0.0027620559797503913,0.002462149729909617,0.002462149729909617,-0.004155738563442078,0.004155738563442078,0.17322815215509552,0.14499732915004648,0.27437483204227286,0.5399298929994861,0.004898349092401793,0.0033506792658038707,1.258755507708753,0.04073816653561121,16.67691461210206,-0.0016125113657411475,-0.14055850432242387,-0.00428323063299758,-0.0073799993982986084,0.0016142154340220219,-0.007091751378409062,-0.0028182974065237543,0.04608489400586041,-0.09980739497859027,-0.15639153206428624,0.004993734014385758,0.04484830088134294,-0.001791715875734374,0.04614897675295493,0.005027515666688099
107,2.14,0,0.002543911999964621,1.4216517525438928,0.020574389258303172,0.03844059267049171,0.04435122934665332,0.08366786047452252,0.00342995820682715,0.005174643693652693,0.001728147129136992,0.001728147129136992,-0.0006747456660640249,0.0006747456660640249,-0.0015618212644478158,0.0015618212644478158,0.0027797099113765385,0.0027797099113765385,0.0008240314339393873,0.0008240314339393873,0.001564635213837219,0.001564635213837219,0.002379034958640775,0.002379034958640775,-0.0040183062474882375,0.0040183062474882375,0.16932219734087234,0.1477679164858661,0.25829512440806146,0.7000310876384165,0.004705845320232367,0.0026776937356259582,1.271683785691648,0.0272427389733993,16.678420959006697,-0.003550271191432308,-0.14240606105634077,-0.004187071397089065,-0.006547017060294452,0.001579295472147733,-0.006228106964829525,-0.0027211978997000526,0.07531734523182809,-0.09688799128455804,-0.09237783669584532,0.0048079617954257465,0.04164911690020772,-0.0017459980937144575,0.04318222067897682,0.004854975341185083
108,2.16,0,0.0022643219999736175,1.3576783118466178,0.02025345908009852,0.03951336464494021,0.04277403058865377,0.0928468393405739,0.003350255211862801,0.004949319735704592,0.0017146522158157373,0.0017146522158157373,-0.001419773858534534,0.001419773858534534,-0.0015062270662202781,0.0015062270662202781,0.0026502105250038144,0.0026502105250038144,0.0008553241382160959,0.0008553241382160959,0.00060281448136541,0.00060281448136541,0.0022986688336910106,0.0022986688336910106,-0.003884971931825517,0.003884971931825517,0.16408104188369002,0.15613059855640105,0.24025101726905715,0.8620535575534339,0.0044896839938455444,0.0024495765846234965,1.2711907220715342,0.02320917110363807,16.68046685555681,-0.005422371194009864,-0.14300090191464523,-0.004094856473640288,-0.005782270290378965,0.0015448369196889506,-0.005430569000598032,-0.0026274627893244497,0.10229482750545012,-0.09360500012887778,-0.029742042915223393,0.00461074617243885,0.03823733849577436,-0.00172292762293909,0.03987689821157467,0.004686755518780176
109,2.18,0,0.002275820999784628,1.2885108940216927,0.019850947063188636,0.041115824918492944,0.041005736968410915,0.10090469929182509,0.003261958356170091,0.004949187477730187,0.0016862567386450311,0.0016862567386450311,-0.0019894675476189697,0.0019894675476189697,-0.0014532228557201932,0.0014532228557201932,0.002531219963575361,0.002531219963575361,0.0008673804278434005,0.0008673804278434005,-0.0001561767904340272,0.0001561767904340272,0.0022209693950545,0.0022209693950545,-0.003755663706033799,0.003755663706033799,0.15762403972220698,0.1690511058728165,0.2207974874484971,1.0181758339173645,0.004256148926955152,0.0024494456689721283,1.2576077709107019,0.02776702956240426,16.683008123668387,-0.007219456097685763,-0.14237703130033766,-0.004006690427733602,-0.005087298027802708,0.0015105231717897707,-0.004702613827621477,-0.002536999254920989,0.12706340557895882,-0.08985424518379498,0.031193530715379503,0.004408302295334321,0.034748613128812875,-0.0017156873949590074,0.036397758648827765,0.004523176720173031
110,2.2,0,0.00241621699751704,1.2149880766285617,0.01937174308944001,0.04305738954879707,0.039072842530145,0.10778574175657449,0.003166982121191461,0.005040503043252244,0.0016464673876926406,0.0016464673876926406,-0.0024108900745923026,0.0024108900745923026,-0.0014025984564486893,0.0014025984564486893,0.002421621847587982,0.002421621847587982,0.0008642568920347315,0.0008642568920347315,-0.0007422203693411389,0.0007422203693411389,0.0021458561209338244,0.0021458561209338244,-0.003630308048621649,0.003630308048621649,0.1501057721293067,0.1853938794756859,0.20047254235866993,1.1617766126014963,0.004011910302378545,0.0025406670929035125,1.2315695646315599,0.039934928937174034,16.686001350635568,-0.008930903694552345,-0.14057542098798714,-0.003922582959768169,-0.004461548225958169,0.0014761473790358293,-0.004045138870728902,-0.0024497100307319533,0.1496613483592004,-0.08557237984332912,0.09008051561752584,0.004205373398271627,0.031287490092227,-0.0017187896376970823,0.03287374784462872,0.004364461209451809
111,2.22,0,0.002435615999274887,1.1381080432665152,0.018822085043950415,0.045163455985566016,0.037001823688252944,0.1134652996356798,0.0030672519155926603,0.005140870983661175,0.0015982495862008061,0.0015982495862008061,-0.0027082687360601254,0.0027082687360601254,-0.0013541660194969496,0.0013541660194969496,0.002320388661388181,0.002320388661388181,0.0008494124846478712,0.0008494124846478712,-0.001182264086927843,0.001182264086927843,0.0020732499599613913,0.0020732499599613913,-0.00350882929376602,0.00350882929376602,0.14170835416068073,0.20397377565601585,0.17978404303471313,1.2874374221414597,0.0037632137254827373,0.002642855447064941,1.1939892671974917,0.05862015254331376,16.689403817532448,-0.010545504353151065,-0.13764425620497267,-0.003842472724980249,-0.0039029005689908583,0.0014415896376901102,-0.003457068713953492,-0.002365495068165502,0.17012334484385216,-0.08073003292993594,0.14655823915072386,0.004005511739396036,0.027932382848365488,-0.0017278870672859342,0.029403507838770517,0.004210748128322536
112,2.24,0,0.002450914998917142,1.0589853480335427,0.018209429035446256,0.04728687170833371,0.03481907691675059,0.11793797826566292,0.002964561029595914,0.0052092719339585005,0.0015440842114796127,0.0015440842114796127,-0.0029030775682710192,0.0029030775682710192,-0.001307758246269164,0.001307758246269164,0.002226584074460142,0.002226584074460142,0.0008257672029092777,0.0008257672029092777,-0.0015003612851279607,0.0015003612851279607,0.002003073374086071,0.002003073374086071,-0.0033911493756511235,0.0033911493756511235,0.13263332231878125,0.22360482359604109,0.15919865370813982,1.3909366717391978,0.0035154488392795135,0.002713651408192773,1.14602676203473,0.08263187479228931,16.69317350204532,-0.0120520194836909,-0.1336389425659458,-0.0037662462278147775,-0.003408101044216882,0.0014067976053849156,-0.002935862818953228,-0.0022842529255047194,0.18848422564348755,-0.07532575652699186,0.20026568195134228,0.0038113248582735283,0.024739976238698835,-0.0017396016152597428,0.026060294750013143,0.004062107133039157
113,2.2600000000000002,0,0.002478813999914564,0.978807398504884,0.017542335899606156,0.0493097132564156,0.03255086486897332,0.12121187015404083,0.0028604951844731093,0.005229989602538606,0.0014860226601142168,0.0014860226601142168,-0.003014169012795446,0.003014169012795446,-0.0012632265647799512,0.0012632265647799512,0.0021393624703745827,0.0021393624703745827,0.0007957599772067114,0.0007957599772067114,-0.0017177732216641308,0.0017177732216641308,0.0019352503865730484,0.0019352503865730484,-0.003277187785930499,0.003277187785930499,0.12309341952584435,0.24314478214299282,0.13913293550426276,1.4692317466240052,0.003272973080157539,0.0027352791242661917,1.0890502444777495,0.11070483619779543,16.69726914484783,-0.01343963391790358,-0.12862190756650219,-0.0036937525196751794,-0.0029731189744993396,0.0013717701912867432,-0.002477936148111793,-0.002205881914431633,0.2047821401255622,-0.06938072171063382,0.2508517499721804,0.00362468540697992,0.02174910348587715,-0.001751370704908617,0.022896333542071764,0.003918550553654329
114,2.2800000000000002,0,0.002281119999679504,0.8987917179974836,0.01683037215233435,0.05114044002267038,0.03022327466402349,0.1233055594094012,0.002756400612061025,0.005200891438037246,0.0014257392798582846,0.0014257392798582846,-0.0030579392385089387,0.0030579392385089387,-0.001220439315372468,0.001220439315372468,0.0020579663742646198,0.0020579663742646198,0.0007614045127734004,0.0007614045127734004,-0.0018531165102518082,0.0018531165102518082,0.0018697066308544384,0.0018697066308544384,-0.0031668616903276344,0.0031668616903276344,0.1133045707144286,0.2615344605712346,0.11994659387441892,1.5204260981265367,0.0030390977336681568,0.002704927175024913,1.0245922990057024,0.141530475767923,16.701650367910446,-0.014698315900423526,-0.12266222809008956,-0.003624814421876041,-0.0025934364720855098,0.001336543978333444,-0.0020790033911252106,-0.0021302810318797505,0.21906115313074762,-0.0629340991259973,0.2979839738206308,0.0034469048899569074,0.018984125120691493,-0.001761310647664973,0.01994663784932911,0.00378004412759413
115,2.3000000000000003,0,0.0025470120017416775,0.8201450433892543,0.01608402255746257,0.05270967578179184,0.027862195421005327,0.12424648929142053,0.0026533795833700597,0.0051264955506899875,0.0013645804950880858,0.0013645804950880858,-0.0030485147647300944,0.0030485147647300944,-0.001179279987887194,0.001179279987887194,0.0019817223539337447,0.0019817223539337447,0.0007243421825683383,0.0007243421825683383,-0.001922540914458473,0.001922540914458473,0.0018063693970478858,0.0018063693970478858,-0.003060086159672523,0.003060086159672523,0.10347831265158589,0.2778309921021612,0.1019378693200175,1.5437190101243072,0.002816169285378028,0.0026280956631244234,0.9543019092067929,0.17379268946191292,16.706277832714417,-0.0158190970566162,-0.1158351130616969,-0.0035592369567513937,-0.00226427953978268,0.0013011820502194858,-0.001734356799444396,-0.002057350704225015,0.2313732401983815,-0.05603905780963376,0.34135575141963426,0.0032788732562324127,0.016457846615141485,-0.001768096405697891,0.017232329584040744,0.003646516382736765
116,2.32,0,0.0023277200016309507,0.7440252665700342,0.015314609548224804,0.05396614468703483,0.02549332605241906,0.12407000957461942,0.0025523026241317153,0.005014157063833247,0.0013036101997934701,0.0013036101997934701,-0.002997950509991807,0.002997950509991807,-0.0011396455408085315,0.0011396455408085315,0.0019100358677559335,0.0019100358677559335,0.0006858913642792119,0.0006858913642792119,-0.0019399256340881105,0.0019399256340881105,0.0017451676738544353,0.0017451676738544353,-0.0029567744788066594,0.0029567744788066594,0.09381490624583132,0.29123447723819773,0.08534103093636725,1.539336727584615,0.0026056994740598556,0.002514177106078884,0.8798940831555602,0.20620558794859262,16.711113426232505,-0.016794283374044126,-0.10822126807103137,-0.0034968136078354613,-0.0019807992578839695,0.0012657649154035288,-0.00143908685709696,-0.001986993369008816,0.24177967590468372,-0.04875931587139625,0.3806922495332761,0.003121167445796585,0.0141740140949355,-0.0017708567407978624,0.014763497117371792,0.0035178667608099443
117,2.34,0,0.002759304999926826,0.6715071386385236,0.01453421135159095,0.054873276189508956,0.02314222929940481,0.12281875920012052,0.002453830203070459,0.004872032091059605,0.0012436511895936309,0.0012436511895936309,-0.002916431513301904,0.002916431513301904,-0.0011014448234534235,0.0011014448234534235,0.0018423854435852172,0.0018423854435852172,0.000647092851597475,0.000647092851597475,-0.001917084652461031,0.001917084652461031,0.001686032184278302,0.001686032184278302,-0.0028568385038531432,0.0028568385038531432,0.08449731984508609,0.301107643977013,0.07032589511961083,1.5084447611457186,0.0024085130662003236,0.0023736696696314624,0.8030988895994206,0.23755088459901158,16.71612046274777,-0.01761760696211354,-0.09990616653598626,-0.0034373309530181285,-0.0017382106883227855,0.0012303832429465358,-0.0011882541984709616,-0.0019191139173795582,0.25035182576319076,-0.04116617940347064,0.41575507675225487,0.002974132740866632,0.012129428478059227,-0.0017690836228496463,0.012541632931299906,0.0033939725814628578
118,2.36,0,0.0024637139977130573,0.6035525312046471,0.01375556517153272,0.05540653388207534,0.0208344543507219,0.12054220505766991,0.002358439066303463,0.00470801999257095,0.001185322559327573,0.001185322559327573,-0.0028124723738110224,0.0028124723738110224,-0.0010645971145817335,0.0010645971145817335,0.001778316496009474,0.001778316496009474,0.0006087511585483041,0.0006087511585483041,-0.0018639737863094675,0.0018639737863094675,0.0016288954142012393,0.0016288954142012393,-0.0027601890444259956,0.0027601890444259956,0.07568622927531359,0.3069883996825562,0.05699925057850634,1.4530423200165339,0.0022248939317865398,0.002216545225044776,0.725611703601025,0.2667128548794715,16.72126389009973,-0.018284327169028832,-0.09097924981265854,-0.003380572129698952,-0.0015318963261184034,0.0011951321491701144,-0.0009770203543643158,-0.001853620018338301,0.2571713675978275,-0.03333601034576468,0.44634583616638607,0.0028379411659588414,0.010315718110219077,-0.0017625546888210438,0.010561692205332303,0.003274694952062881
119,2.38,0,0.0024400149995926768,0.5409858950996872,0.01299193364965047,0.055551360905090545,0.01859575785382054,0.11729624402589105,0.002266450019019354,0.00452924361486028,0.001129073111851342,0.001129073111851342,-0.002693109964312329,0.002693109964312329,-0.0010290307846615443,0.0010290307846615443,0.0017174350234469252,0.0017174350234469252,0.0005714716828221222,0.0005714716828221222,-0.0017888938321051892,0.0017888938321051892,0.0015736916333127194,0.0015736916333127194,-0.002666736252531947,0.002666736252531947,0.06751613598276805,0.3085953698407622,0.04540802873261981,1.375840886258138,0.0020547182754851318,0.0020514047722752617,0.6490463684653066,0.292709161620958,16.72651048975619,-0.018791288554913813,-0.08153307659518709,-0.0033263195041461453,-0.0013574801510133126,0.0011601067989562121,-0.0008007440905485792,-0.0017904223437547196,0.26232998282314685,-0.025348069294248838,0.47230866087357243,0.0027126312776403097,0.00872080875525456,-0.0017512675106951287,0.008813813190786819,0.00315988372917905
120,2.4,0,0.0025684119973448105,0.48447538096610054,0.01225690213881684,0.05530160274981304,0.016452459178045397,0.11314282397143269,0.0021780550813954767,0.004341827903077646,0.0010752109125650722,0.0010752109125650722,-0.0025640862267352262,0.0025640862267352262,-0.0009946820841926218,0.0009946820841926218,0.0016594013707495019,0.0016594013707495019,0.0005356938061800154,0.0005356938061800154,-0.0016986856679117588,0.0016986856679117588,0.0015203569082620804,0.0015203569082620804,-0.0025763900042882087,0.0025763900042882087,0.06009266001621313,0.3058267266698129,0.03554401861564907,1.28012986162306,0.0018975695750370622,0.0018851469539943625,0.5748928098650115,0.3147162222806668,16.731829061178484,-0.01913694225232325,-0.07166243999220545,-0.003274356833222028,-0.0012108775928660893,0.001125399110193754,-0.0006550493157614297,-0.0017294347110398279,0.2659285711144263,-0.01728268487047198,0.4935318301490826,0.00259813354620592,0.007330127907361163,-0.0017353844381229016,0.007284738739357475,0.0030493816357445905
121,2.42,0,0.002282120996824233,0.4345198966943258,0.01156406298293568,0.0546582839173209,0.014431961149053237,0.10814956995745631,0.002093342734452808,0.004150844830478047,0.001023929188030348,0.001023929188030348,-0.002430018884988347,0.002430018884988347,-0.0009614940567776453,0.0009614940567776453,0.001603924196105803,0.001603924196105803,0.0005017200928217891,0.0005017200928217891,-0.001598914381538072,0.001598914381538072,0.0014688291081763163,0.0014688291081763163,-0.002489060264228932,0.002489060264228932,0.0534910210693213,0.298752800078646,0.027349890131032048,1.1696329481982735,0.0017528335215545431,0.0017229512806706327,0.5044804050973464,0.3320881871848839,16.73719058223954,-0.019321336390464048,-0.061463468816199955,-0.0032244711289102844,-0.0010883260321578791,0.0010910953738538362,-0.0005358697909277311,-0.001670574158364018,0.2680760530527074,-0.009219706907040118,0.5099485588002756,0.0024942852155871364,0.006127578035410492,-0.0017151868169958983,0.005958976241684935,0.0029430276337905205
122,2.44,0,0.002414615999441594,0.3914421817484047,0.010926536467366988,0.053628642495955954,0.012563424667383614,0.10238942514746947,0.0020123205285373313,0.003960350286451069,0.0009753288103305779,0.0009753288103305779,-0.002294558741419207,0.002294558741419207,-0.0009294155728555298,0.0009294155728555298,0.0015507547421155755,0.0015507547421155755,0.00046974180519099296,0.00046974180519099296,-0.0014940404853406673,0.0014940404853406673,0.0014190479028917376,0.0014190479028917376,-0.0024046574249856983,0.0024046574249856983,0.04775567966908025,0.2876031295959052,0.020726261051146312,1.0483594382029253,0.0016197735638291055,0.001568437439139306,0.4389481328184422,0.34436898466802207,16.742568338921654,-0.01934608051235703,-0.05103272787428342,-0.0031764543671472596,-0.000986399817750504,0.0010572746249879763,-0.00043947517686819147,-0.001613760965423321,0.2688878341060995,-0.0012372060946491265,0.521537047095826,0.0024008380881512612,0.005096310720368757,-0.001691037443293013,0.004819730702976976,0.0028406596470348434
123,2.46,0,0.0022741219981980976,0.3553877861027703,0.010356287099682102,0.052225353432440724,0.010878434503177922,0.09594033947770737,0.0019349347201186662,0.0037734700652521124,0.0009294376355021838,0.0009294376355021838,-0.002160532884834615,0.002160532884834615,-0.000898400478013206,0.000898400478013206,0.0014996814789753822,0.0014996814789753822,0.0004398609954842092,0.0004398609954842092,-0.001387577074850341,0.001387577074850341,0.0013709547543920236,0.0013709547543920236,-0.0023230926175832893,0.0023230926175832893,0.04290107299641676,0.27274875411433475,0.015539523102424981,0.9204548739097734,0.0014975889484482802,0.001423907633335378,0.3792222236089039,0.35129725439646575,16.74793801911136,-0.019214288266943495,-0.040466330399543386,-0.0031301051238445407,-0.0009020132009045557,0.0010240076213371661,-0.00036248231889483563,-0.0015589186310031975,0.26848400948487444,0.0065896122706768645,0.5283198737370017,0.0023174621651359385,0.004219330842297422,-0.0016633501825405032,0.003849642898667789,0.0027421167210061534
124,2.48,0,0.0025833100007730536,0.32632965926623414,0.009863233085458686,0.05046589373393067,0.009411088935333198,0.08888507167550011,0.0018610868760532665,0.0035925097025183094,0.0008862269778054932,0.0008862269778054932,-0.0020300736551586026,0.0020300736551586026,-0.0008684068484337004,0.0008684068484337004,0.0014505251618656704,0.0014505251618656704,0.000412109453987175,0.000412109453987175,-0.001282232419518991,0.001282232419518991,0.0013244929020403578,0.0013244929020403578,-0.002244277989565515,0.002244277989565515,0.03891334675923474,0.2546806430364382,0.01163013186758963,0.790055596675879,0.0013854577440870822,0.0012906125962688188,0.3260017156189496,0.3528043210408049,16.75327776696769,-0.018930502101128677,-0.02985907420700209,-0.0030852301734057785,-0.0008324140584567649,0.0009913563059876782,-0.00030185508592429856,-0.0015059738169795342,0.2669873928170497,0.014189308290740901,0.5303628096270651,0.00224374752193809,0.0034799571223895435,-0.0016325657674743723,0.003031361648526857,0.0026472407011831757
125,2.5,0,0.002417515999695752,0.3040778893382613,0.009454226147577467,0.04837202137779189,0.008196115272720886,0.081311225962446,0.001790647568572515,0.003419072988756587,0.0008456255047022965,0.0008456255047022965,-0.0019047336046859307,0.0019047336046859307,-0.0008393963451963637,0.0008393963451963637,0.00140313432402917,0.00140313432402917,0.00038646480559678675,0.00038646480559678675,-0.0011800379638940849,0.0011800379638940849,0.0012796073422490476,0.0012796073422490476,-0.0021681269497252575,0.0021681269497252575,0.03575295681981498,0.2339852452173555,0.008821064538008416,0.661151546751595,0.0012825674859338638,0.0011690060102444897,0.27975200715631365,0.3490056471501802,16.758568196011666,-0.018500603199697745,-0.019303611693767046,-0.0030416460485273916,-0.0007751708082548682,0.0009593736485549459,-0.00025489555946322785,-0.0014548562669361043,0.26452145219835593,0.021494945071546676,0.5277731256617522,0.00217920624391937,0.002862162510094835,-0.001599132871636614,0.002347976323053536,0.0025558775021715012
126,2.52,0,0.00258161000238033,0.28829398881049206,0.00913208526496326,0.04596935607302272,0.007262627631638939,0.07331175379520101,0.0017234674006384478,0.003254179906911669,0.0008075308326085939,0.0008075308326085939,-0.0017855869884382456,0.0017855869884382456,-0.0008113336587157738,0.0008113336587157738,0.0013573812109134486,0.0013573812109134486,0.00036286404631891145,0.00036286404631891145,-0.0010824620885641087,0.0010824620885641087,0.0012362448032545424,0.0012362448032545424,-0.002094554379420177,0.002094554379420177,0.033357992514623624,0.21131816977683504,0.006926158713012113,0.5374613244528169,0.001188135952425379,0.0010589686866547636,0.2407062023503888,0.3401864403269986,16.76379236071241,-0.01793170951384035,-0.008889662426194657,-0.0029991805341374935,-0.000728154504494103,0.0009281037756502358,-0.00021922890285702736,-0.0014054987062668432,0.26120823503743007,0.02844468429286974,0.5206974633786192,0.0021232757194949124,0.002350815188038257,-0.0015634936452355148,0.0017833328303100237,0.0024678780334630433
127,2.54,0,0.002512912000383949,0.2785090072844937,0.00889495055904481,0.043287066830466826,0.0066219485133997245,0.06498638374059236,0.0016593856663660222,0.003098378313070867,0.0007718190928398538,0.0007718190928398538,-0.0016733185239734259,0.0016733185239734259,-0.0007841860344974805,0.0007841860344974805,0.0013131581484291705,0.0013131581484291705,0.0003412148045476293,0.0003412148045476293,-0.0009905102519973442,0.0009905102519973442,0.0011943537156661388,0.0011943537156661388,-0.002023476811366391,0.002023476811366391,0.03164805817914062,0.1873770154785301,0.005758063942447451,0.4223230071679527,0.001101424315896403,0.0009599948170907871,0.2088737776972203,0.32678227259901554,16.768935687880923,-0.01723206437205621,0.0012967242344245119,-0.002957674052072733,-0.0006895177366489958,0.000897582315934897,-0.00019278383122095342,-0.0013578367294663164,0.257166358425395,0.03498225708920688,0.5093193330309584,0.0020753241032380257,0.0019318383922553586,-0.0015260729857669378,0.0013222535818036988,0.0023830988400263316
128,2.56,0,0.002285919999849284,0.2741446645153985,0.008736209197838862,0.04035769248827389,0.006253766427082218,0.05644497934455286,0.0015982369780315584,0.0029518459176095264,0.0007383527223603914,0.0007383527223603914,-0.0015683002995868344,0.0015683002995868344,-0.0007579228715288711,0.0007579228715288711,0.001270374329231511,0.001270374329231511,0.00032140459950769085,0.00032140459950769085,-0.0009048123243150868,0.0009048123243150868,0.001153884179438811,0.001153884179438811,-0.001954812577466441,0.001954812577466441,0.030528540459361726,0.16287433429780782,0.005135564608099488,0.3186035693206998,0.001021744575178979,0.0008713394321308025,0.1840558647618677,0.30935569911124217,16.773985870576492,-0.016410917871846068,0.011173850224080777,-0.002916980885338155,-0.000657671639816275,0.000867836897934679,-0.00017377024435706858,-0.0013118086792864082,0.2525091347786404,0.04105732501050701,0.4938562994828134,0.0020346583367289025,0.0015923048416360448,-0.0014872709000109013,0.0009506793431942423,0.0023014025089954197
129,2.58,0,0.002345519002119545,0.27453664197058397,0.008645097814079622,0.037217153644255825,0.006102460157890629,0.04781516606889185,0.001539856190519881,0.0028144806025165283,0.0007069867163686516,0.0007069867163686516,-0.0014706577925937413,0.0014706577925937413,-0.0007325153849442323,0.0007325153849442323,0.0012289529944207761,0.0012289529944207761,0.00030330835302139203,0.00030330835302139203,-0.0008256980473046275,0.0008256980473046275,0.0011147879278894822,0.0011147879278894822,-0.0018884819276886497,0.0018884819276886497,0.029895086486001702,0.13851165253801442,0.0048900667708897975,0.2286290106195706,0.0009484628349929597,0.0007921301061941798,0.16586625361856486,0.2885699410878479,16.778932728447842,-0.01547840299899621,0.02066498846914285,-0.0028769701901824743,-0.0006312620526636109,0.0008388877500663255,-0.00016065527502572875,-0.0012673555215432307,0.24734289356749514,0.04662574364249309,0.47455691225310337,0.0020005347577840126,0.0013204793576332035,-0.0014474573934176666,0.000655748466566991,0.0022226578871588783
130,2.6,0,0.0024669140002515633,0.2789591478771622,0.008607862920694742,0.03390507085395168,0.00609060234292416,0.039260221544806045,0.0014840819347780112,0.002685978152566849,0.0006775735605167865,0.0006775735605167865,-0.0013803259978406894,0.0013803259978406894,-0.0007079363250558357,0.0007079363250558357,0.0011888289837000987,0.0011888289837000987,0.0002867943920753513,0.0002867943920753513,-0.0007532616247548987,0.0007532616247548987,0.0010770182893357094,0.0010770182893357094,-0.001824407122310623,0.001824407122310623,0.029638121624588558,0.11495538296114836,0.004871081257168226,0.15413649957472525,0.000880999675653778,0.0007214478636066421,0.1537570764887216,0.2651607283514365,16.783768039437177,-0.014445408206702934,0.029698937110850088,-0.002837526749309048,-0.0006091456278334826,0.0008107483621216707,-0.00015213873921214303,-0.0012244207185859576,0.2417655494665708,0.05164973961466356,0.45169743208536195,0.0019721720436713178,0.001105821241506419,-0.0014069693972327414,0.0004258267906792844,0.002146740147863653
131,2.62,0,0.002535111998440698,0.2866498787385634,0.008609187653006035,0.030465611478284325,0.006140101475196149,0.03102402642755673,0.0014307590411272294,0.0025658972571671107,0.0006499670405599733,0.0006499670405599733,-0.0012970966705987917,0.0012970966705987917,-0.0006841597453818293,0.0006841597453818293,0.0011499466244074572,0.0011499466244074572,0.00027172915958029176,0.00027172915958029176,-0.000687416474784991,0.000687416474784991,0.0010405301468894967,0.0010405301468894967,-0.001762512500003135,0.001762512500003135,0.02964724481786862,0.09281534827457694,0.004950578839095032,0.09624902157777382,0.0008188285735069233,0.0006583828734337701,0.147048033115771,0.2399073845539004,16.78848534855059,-0.013323448003335016,0.03821050516305198,-0.002798551428885266,-0.0005903665045594295,0.0007834261758832195,-0.00014712874937582176,-0.001182950103778463,0.23586545567086648,0.056098010168395905,0.42557840261009483,0.0019487660211890798,0.0009389561637026462,-0.0013661093119225567,0.00025049949181606303,0.00207353074037474
132,2.64,0,0.0025052140008483548,0.2968345376387557,0.008633561527718126,0.026949305186646122,0.006186781964975332,0.0235525410276374,0.0013797400967712884,0.0024537122399673613,0.0006240251071479852,0.0006240251071479852,-0.0012206576658470908,0.0012206576658470908,-0.0006611608128936908,0.0006611608128936908,0.0011122579285979253,0.0011122579285979253,0.00025798083008454764,0.00025798083008454764,-0.0006279411708324524,0.0006279411708324524,0.0010052798968894342,0.0010052798968894342,-0.0017027245242901153,0.0017027245242901153,0.029815353861157808,0.07262650500429914,0.0050261391223664275,0.05547221888585428,0.0007614730938553776,0.0006020703756565645,0.14495796842446684,0.21360418931549865,16.79307975992816,-0.012124532940215177,0.046140927403634256,-0.002759961314224629,-0.0005741339904545414,0.0007569232797231937,-0.00014471806198188534,-0.0011428917587847083,0.22972056887834358,0.059945753155991835,0.3965211120291138,0.001929505733031865,0.0008116257052444182,-0.0013251448080012834,0.00012053436969682252,0.002002917249687726
133,2.66,0,0.0026177090003329795,0.3087501334509192,0.008666367681162713,0.023416727513895126,0.0061847640382869246,0.017807963186989604,0.0013308863437255871,0.002348854428030671,0.0005996119538310696,0.0005996119538310696,-0.0011506253145929062,0.0011506253145929062,-0.0006389156543217256,0.0006389156543217256,0.0010757210671851801,0.0010757210671851801,0.0002454220066678836,0.0002454220066678836,-0.0005745175684483823,0.0005745175684483823,0.0009712254064036318,0.0009712254064036318,-0.0016449718108999317,0.0016449718108999317,0.03004237151404062,0.05483431274600129,0.005022860931450667,0.03171235528691769,0.0007085033839661045,0.0005517117124079288,0.14663760704294634,0.18703297154575713,16.797547718728204,-0.010861040255017584,0.05343820712998856,-0.0027216895128215454,-0.000559801565140059,0.000731237088096956,-0.00014416157287209733,-0.0011041958949792542,0.22339794000224866,0.06317463425987987,0.36486398631771544,0.001913590070154222,0.0007166212657241071,-0.0012843095813118946,2.7824455489398718e-05,0.0019347931902727216
134,2.68,0,0.00245141499908641,0.32166637165828044,0.008694605406202352,0.01994593759676549,0.006104943109437052,0.015592837565930261,0.00128406808661421,0.00225074339156978,0.0005765994475392389,0.0005765994475392389,-0.0010865707230219767,0.0010865707230219767,-0.0006174012329780432,0.0006174012329780432,0.001040299090800515,0.001040299090800515,0.00023393165529894677,0.00023393165529894677,-0.0005267620677298826,0.0005267620677298826,0.0009383259701856332,0.0009383259701856332,-0.0015891851384426847,0.0015891851384426847,0.030238465267825265,0.0397840426614063,0.004894046893216494,0.02431365833574859,0.000659532340424431,0.0005065845814695034,0.1512022850478744,0.16093778311551246,16.8018867893777,-0.009545586308341571,0.06005738617466424,-0.0026836846276921465,-0.0005468474090071898,0.0007063609919011247,-0.00014485524439655857,-0.0010668147399148207,0.2169535324750154,0.0657726973338006,0.33095895223378374,0.0019002442564699106,0.0006477078066434693,-0.0012438048097915579,-3.4683576223057855e-05,0.0018690577532216419
135,2.7,0,0.002263620997837279,0.3349045526007334,0.008707278263893281,0.01664757234077344,0.005932015048257058,0.01792001927156909,0.0012391647461972679,0.0021588094739357798,0.0005548680330788036,0.0005548680330788036,-0.0010280408165906525,0.0010280408165906525,-0.0005965952511620132,0.0005965952511620132,0.0010059588682778974,0.0010059588682778974,0.0002233964139443101,0.0002233964139443101,-0.0004842509016345732,0.0004842509016345732,0.0009065422674167795,0.0009065422674167795,-0.0015352974447245258,0.0015352974447245258,0.03032667790594735,0.027714166484128486,0.004620717015497883,0.032112709069340745,0.0006142117072872556,0.00046604583447548773,0.15776359245834537,0.13600237733595577,16.806095436546975,-0.008190901847379495,0.06596074228384513,-0.002645909917759796,-0.0005348565726075489,0.0006822849698419063,-0.00014631664309422987,-0.0010307024294598077,0.21043235846375924,0.06773422304810377,0.29516780545904475,0.0018887354966175916,0.0005995418199820469,-0.001203801102960914,-7.306993488356633e-05,0.0018056155227506676
136,2.72,0,0.0023944169988681097,0.347853511887599,0.0086955321478032,0.013694458213018821,0.005662273908801827,0.02313159739298662,0.001196064665105048,0.00207250909941547,0.0005343072167469654,0.0005343072167469654,-0.0009745748824147122,0.0009745748824147122,-0.0005764760737964614,0.0005764760737964614,0.0009726702153471449,0.0009726702153471449,0.00021371139591164212,0.00021371139591164212,-0.00044654027305257154,0.00044654027305257154,0.0008758363185222889,0.0008758363185222889,-0.0014832438108567808,0.0014832438108567808,0.030244911733391572,0.01875381857481186,0.004210043977043544,0.05350707979512253,0.0005722282732451401,0.00042952939671599214,0.1654589453452126,0.11283107764051307,16.810172814802414,-0.006809711038297011,0.07111791461344458,-0.002608342174550755,-0.0005235048328929118,0.0006589961543606879,-0.00014816718273632444,-0.0009958149059608816,0.2038689127716723,0.0690595404541241,0.2578586164799718,0.0018783871604519872,0.0005675869857318564,-0.0011644407740609224,-9.252698210472806e-05,0.0017443761749463026
137,2.74,0,0.0023790179984644055,0.3599822655579688,0.008652634791995092,0.011368457963688435,0.0053030721589673235,0.02941684483862678,0.0011546647474286245,0.001991334311205085,0.0005148157190986713,0.0005148157190986713,-0.0009257172924361385,0.0009257172924361385,-0.0005570226694895375,0.0005570226694895375,0.000940405188068785,0.000940405188068785,0.00020478059045059283,0.00020478059045059283,-0.00041318209194608915,0.00041318209194608915,0.0008461714423051533,0.0008461714423051533,-0.001432961435146006,0.001432961435146006,0.029947235537457574,0.012924183647215098,0.003692835457357401,0.08653507602598429,0.0005333002715817636,0.000396541233898263,0.1734782381291103,0.09193347346045051,16.814118572302124,-0.005414615125325577,0.07550595870005798,-0.0025709703551492886,-0.0005125442289845106,0.0006364793484018625,-0.00015011610167979064,-0.0009621098225808264,0.1972878749855326,0.06975479564857166,0.21940220433067126,0.0018685909700733206,0.0005480301954200553,-0.0011258402979412705,-9.74459471733102e-05,0.001685254169002766
138,2.7600000000000002,0,0.0025234130007447675,0.3708491543884993,0.00857387150632627,0.010071512307650734,0.004874609568027542,0.03591145005150192,0.0011148699934666034,0.0019148178779841416,0.0004963013732499633,0.0004963013732499633,-0.0008810270191535578,0.0008810270191535578,-0.0005382145657281678,0.0005382145657281678,0.0009091375176567742,0.0009091375176567742,0.00019651694861166913,0.00019651694861166913,-0.00038373599092278194,0.00038373599092278194,0.0008175122136022332,0.0008175122136022332,-0.0013843895985698811,0.0013843895985698811,0.02940450904279739,0.01014353601631602,0.0031202152641016593,0.12896322448015168,0.0004971740409328895,0.00036665275058476906,0.18108687851736538,0.07371322727045769,16.81793267315723,-0.0040179814972160464,0.0791093328209587,-0.002533794019798243,-0.0005017902298553883,0.0006147174914640497,-0.00015194615295114716,-0.0009295464538019876,0.19070504275543604,0.06983168140547662,0.18016870604503532,0.001858816767552245,0.0005376999564561056,-0.0010880928468906385,-9.150256356782634e-05,0.001628168438941937
139,2.7800000000000002,0,0.002429215997835854,0.38010741276379656,0.008456409400062053,0.01011708763869801,0.00441509388041864,0.0422348275173335,0.001076592974682848,0.0018425351419518812,0.00047868083286689567,0.00047868083286689567,-0.0008400844869125525,0.0008400844869125525,-0.0005200318153750216,0.0005200318153750216,0.0008788421655173395,0.0008788421655173395,0.00018884222879322898,0.00018884222879322898,-0.0003577782254513385,0.0003577782254513385,0.0007898244216308356,0.0007898244216308356,-0.001337469623459986,0.001337469623459986,0.02860434397658313,0.010235546228909605,0.0025596746605065553,0.17837806554189103,0.00046362097325458525,0.00033949357493276384,0.1876446731998632,0.05846112372076644,16.82161524222058,-0.002631838868498374,0.0819198181721944,-0.0024968216284846894,-0.0004911104570327474,0.0005936920750485174,-0.0001535009478143504,-0.0008980856119639918,0.184128453167138,0.06930713143588352,0.14052426756178468,0.0018486195656777305,0.00053398864113205,-0.0010512708207766203,-7.773974316016119e-05,0.0015730420918997874
140,2.8000000000000003,0,0.0026934069974231534,0.3875072132632865,0.008299163075269886,0.011375579353462818,0.003990167392771506,0.0481953162755346,0.0010397532812732582,0.0017741035899725506,0.00046187914312861844,0.00046187914312861844,-0.0008024962361284232,0.0008024962361284232,-0.000502454972064692,0.000502454972064692,0.0008494949795114185,0.0008494949795114185,0.00018168666428419744,0.00018168666428419744,-0.00033490799517353945,0.00033490799517353945,0.0007630750291616359,0.0007630750291616359,-0.0012921448268313196,0.0012921448268313196,0.027550443099969242,0.012940380562692953,0.002090677832727158,0.23227885108988094,0.0004324347543674028,0.0003147443547953491,0.19262020550975917,0.04635234303176524,16.82516643512186,-0.0012677792121280364,0.08393637576918471,-0.002460068754233726,-0.00048041486522095095,0.0005733835088801857,-0.00015467386658873003,-0.000867689569614667,0.17755964506434824,0.0682029828185169,0.10082787984951538,0.0018376437125481775,0.0005347795905898202,-0.001015428308416579,-5.86459387189831e-05,0.0015198021174662466
141,2.82,0,0.0034206810014438815,0.39289435455814786,0.008102681352911971,0.013389566874544366,0.003702415160439966,0.053681273105952866,0.0010042769650934935,0.0017091809343717005,0.0004458292184060242,0.0004458292184060242,-0.0007678978162289037,0.0007678978162289037,-0.0004854650724744891,0.0004854650724744891,0.0008210724345710962,0.0008210724345710962,0.0001749885043806909,0.0001749885043806909,-0.000314751656578074,0.000314751656578074,0.0007372321326250095,0.0007372321326250095,-0.0012483604696238387,0.0012483604696238387,0.02626137804273094,0.017928050108789576,0.0018000108175212234,0.2881679082275898,0.00040342888904695915,0.00029212994664197186,0.19560052055562221,0.03744780059834448,16.82858633538097,6.313298998766455e-05,0.08516494341150381,-0.002423556271690208,-0.00046964727089750404,0.0005537714401911937,-0.00015539843223275724,-0.0008383219873897925,0.17099501295546218,0.06654561010578505,0.06142838211595436,0.0018256241271758732,0.0005383797161723489,-0.000980603434449604,-3.622828220135898e-05,0.0014683791112437298
142,2.84,0,0.002431815999443643,0.3962058638926897,0.007869066492572822,0.015752276059439584,0.003678737542520331,0.05862044810602662,0.0009700959934970871,0.0016474623069448458,0.0004304712620814555,0.0004304712620814555,-0.0007359552661169089,0.0007359552661169089,-0.00046904362378308306,0.00046904362378308306,0.0007935514428276617,0.0007935514428276617,0.00016869347124914835,0.00016869347124914835,-0.00029696523546814693,0.00029696523546814693,0.0007122649232325327,0.0007122649232325327,-0.001206063702956153,0.001206063702956153,0.02476888298581293,0.02481342010527934,0.001777061642280107,0.34363569361513585,0.0003764344946396401,0.00027141320528040327,0.19629610298262168,0.0316992669562322,16.831874879435922,0.0013504436825752372,0.0856181764532761,-0.0023873085780475524,-0.0004587781119806125,0.00053483502899565,-0.00015564003103540555,-0.0008099478470956012,0.1644272027471585,0.06436553462937863,0.022661652088614592,0.0018123846821327793,0.0005434579458445741,-0.0009468205597771895,-1.2079940132416812e-05,0.0014187070147095476
143,2.86,0,0.0022868209998705424,0.3974628735317235,0.007601932945258707,0.018213255374146888,0.004007814465529841,0.06296331600872544,0.0009371477243562294,0.0015886770089252262,0.00041575215675909716,0.00041575215675909716,-0.0007063654888703084,0.0007063654888703084,-0.00045317259492655415,0.00045317259492655415,0.0007669092203124986,0.0007669092203124986,0.00016275416653976915,0.00016275416653976915,-0.00028123559066421476,0.00028123559066421476,0.0006881436491734097,0.0006881436491734097,-0.0011652035123376685,0.0011652035123376685,0.023115753801683885,0.03317226713238905,0.0021092113554512393,0.3964379162814621,0.0003512983429064237,0.00025238946386876024,0.19454129214565558,0.02895787047249295,16.835031809454087,0.0025843839344766193,0.08531513648223164,-0.0023513518997200487,-0.0004477983193328802,0.0005165531826894129,-0.00015538885920070276,-0.0007825333896436619,0.15784650090873206,0.06169701259506911,-0.015151998552222351,0.0017978339163751723,0.0005489896323866196,-0.0009140923153118583,1.2558591735140729e-05,0.001370722872596973
144,2.88,0,0.00227272100164555,0.3967612009829403,0.007306410021867496,0.02062953493648054,0.004681180120141981,0.06667552259098287,0.0009053744087385869,0.0015325851258189565,0.0004016248469816963,0.0004016248469816963,-0.0006788557803270089,0.0006788557803270089,-0.00043783441052031025,0.00043783441052031025,0.0007411231990550709,0.0007411231990550709,0.00015712945472645679,0.00015712945472645679,-0.00026728052848323596,0.00026728052848323596,0.0006648395789266564,0.0006648395789266564,-0.0011257306606441055,0.0011257306606441055,0.02135345096305831,0.04255777116954711,0.002877501693688702,0.44456253127806666,0.0003278811279994983,0.00023488171678815063,0.19029042432572807,0.02898549240262297,16.838056652886483,0.003755936047420869,0.08428093233264417,-0.0023157127326483774,-0.0004367141820965424,0.0004989047535318114,-0.00015465397295723592,-0.0007560460574772923,0.15124217161954576,0.05857760564721253,-0.05171020747937363,0.0017819583535835654,0.000554206861816888,-0.0008824214578800698,3.6744312173340386e-05,0.0013243666083184778
145,2.9,0,0.002447414997732267,0.39426011418018597,0.006989189740520926,0.02291655516510563,0.00562359718568146,0.06973412960600903,0.0008747227250200473,0.001478974209938557,0.0003880477313751296,0.0003880477313751296,-0.000653182729105439,0.000653182729105439,-0.00042301194653920904,0.00042301194653920904,0.0007161709750144423,0.0007161709750144423,0.00015178384415681645,0.00015178384415681645,-0.00025484812078517674,0.00025484812078517674,0.0006423249657137742,0.0006423249657137742,-0.0010875976305329451,0.0010875976305329451,0.01953950929160118,0.05251685006353293,0.004152726160137033,0.48628488319076635,0.0003060559382665989,0.00021873647136633786,0.1836101176885617,0.03146849274219446,16.840948726902717,0.004856890801126674,0.08254631813805836,-0.002280416457119366,-0.0004255430927369408,0.0004818687026467639,-0.00015345832200853722,-0.0007304544411289079,0.14460370081164822,0.0550477376852902,-0.0867307097292899,0.0017648137764505753,0.000558554467980079,-0.0008518025442523738,5.978254743493712e-05,0.0012795808174192232
146,2.92,0,0.002419415999611374,0.39016979450873923,0.006658614440231427,0.02502114780028893,0.00675516455418976,0.07212557019276544,0.0008451433463314799,0.001427656153224699,0.000374984076793039,0.000374984076793039,-0.0006291306683266726,0.0006291306683266726,-0.0004086885270389029,0.0004086885270389029,0.0006920302837385944,0.0006920302837385944,0.00014668688174113154,0.00014668688174113154,-0.00024371543769318333,0.00024371543769318333,0.0006205730131031153,0.0006205730131031153,-0.0010507585668600948,0.0010507585668600948,0.01773485850546339,0.06260578372439034,0.0059920682241238555,0.5202097875631534,0.00028570691033934865,0.00020382020918403447,0.17466821981090747,0.03603315723720217,16.843707165133488,0.005879895637315812,0.08014725336652438,-0.0022454861598382174,-0.0004143100634702791,0.0004654242341475225,-0.00015183465081526168,-0.0007057282295560862,0.137921911538679,0.05115024180945692,-0.11995323857669976,0.0017465148640574244,0.0005616514633330828,-0.00082222342496207,8.118355966377498e-05,0.0012363105786410771
147,2.94,0,0.0024286160005431157,0.3847380226541085,0.006324783738138942,0.02690810878936533,0.008015409846598274,0.07384442158889498,0.0008165905419361278,0.0013784643150729057,0.00036240146342653157,0.00036240146342653157,-0.0006065098265944802,0.0006065098265944802,-0.0003948479213641276,0.0003948479213641276,0.0006686789969506132,0.0006686789969506132,0.00014181257298728767,0.00014181257298728767,-0.0002336868692837782,0.0002336868692837782,0.0005995578417659134,0.0005995578417659134,-0.0010151692195566296,0.0010151692195566296,0.01600115573369072,0.07240463186203196,0.008436384233670878,0.5452998599798458,0.00026672804527181547,0.00019001638679294147,0.16372001754198595,0.042262231779486785,16.846330963564295,0.006818493664249166,0.07712442997143092,-0.002210941687092469,-0.00040304491285144767,0.00044955090287445923,-0.00014982215862110104,-0.0006818381639184957,0.13118992154015524,0.04692990134666766,-0.15114116975467212,0.0017272236372874667,0.0005632575309415709,-0.0007936665636531623,0.00010062460970803252,0.0011945032818795383
148,2.96,0,0.0027454049995867535,0.37823660551892097,0.005999630198691609,0.02855346202846451,0.00936162560785497,0.07489258427425674,0.0007890218122437471,0.0013312509302810217,0.0003502712668946306,0.0003502712668946306,-0.0005851542973584579,0.0005851542973584579,-0.00038147434142510317,0.00038147434142510317,0.0006460951344169365,0.0006460951344169365,0.00013713883560162454,0.00013713883560162454,-0.00022459217834283192,0.00022459217834283192,0.0005792544573747808,0.0005792544573747808,-0.000980786887334347,0.000980786887334347,0.014398225008420923,0.08153001938109644,0.011508200543788328,0.5608899179276646,0.0002490221680785627,0.00017722290393740853,0.1510923634356176,0.0497119100230716,16.848819041982924,0.0076671534432462985,0.0735227719325965,-0.0021767989435663698,-0.00039178002919830934,0.00043422869906090513,-0.0001474638167302181,-0.0006587559944763704,0.12440392093146634,0.04243298894985667,-0.18008290194172114,0.0017071371763049364,0.0005632441826569153,-0.0007661101906777041,0.00011791709454414762,0.001154108472106259
149,2.98,0,0.0025173129979521036,0.3709480382443415,0.005696860897034207,0.029940932590439052,0.010762639888325489,0.0752786670956667,0.0007623975565620263,0.0012858847968128216,0.00033856818094746277,0.00033856818094746277,-0.0005649199213021234,0.0005649199213021234,-0.0003685524387367911,0.0003685524387367911,0.0006242568864677724,0.0006242568864677724,0.00013264699203474617,0.00013264699203474617,-0.00021628439837375073,0.00021628439837375073,0.0005596387196280938,0.0005596387196280938,-0.0009475703625103635,0.0009475703625103635,0.012981689632062953,0.08964594443852152,0.015210465397457172,0.5666877719700212,0.0002325000137006992,0.0001653499710674351,0.13716640165346355,0.05792866230341206,16.85117031709037,0.008421289598446673,0.06939091255307163,-0.002143069442061766,-0.00038054862584804855,0.00041943811302568756,-0.00014480424982490835,-0.0006364544403124899,0.11756375537207887,0.03770680776001853,-0.2065929689762429,0.001686475075230183,0.0005615701675130402,-0.000739529301760881,0.00013297834526548982,0.0011150777081940307
150,3.0,0,0.002412316000118153,0.36315285557931987,0.005431590866058598,0.03105999874982432,0.012194245919347499,0.07501747626305091,0.0007366807722767598,0.0012422492281316244,0.00032726978252139993,0.00032726978252139993,-0.0005456821555128108,0.0005456821555128108,-0.00035606730100745665,0.00035606730100745665,0.0006031426434225649,0.0006031426434225649,0.00012832130406725817,0.00012832130406725817,-0.0002086376670800249,0.0002086376670800249,0.0005406873123778866,0.0005406873123778866,-0.0009154798771732532,0.0009154798771732532,0.011800871734500474,0.0964723522339088,0.01952606731258253,0.5627621744877406,0.00021707942409691323,0.00015431831447936163,0.12235957969805873,0.06646533681860477,16.85338378324144,0.00907727436980926,0.06478065491579246,-0.002109760100391584,-0.0003693834116556111,0.00040516018274954207,-0.00014188809671701545,-0.0006149071516024224,0.11067330755367527,0.03279923856812951,-0.23051288186395885,0.0016654670835091175,0.0005582607096218775,-0.000713896513807271,0.00014580765539464415,0.0010773644355033677
151,3.02,0,0.002384416999120731,0.3551180737764637,0.005219439584307403,0.03190475033486978,0.013636519211952526,0.0741295550256173,0.0007118367838805789,0.0012002402472754935,0.0003163561394111669,0.0003163561394111669,-0.0005273339855500594,0.0005273339855500594,-0.00034400444813897924,0.00034400444813897924,0.000582731028934023,0.000582731028934023,0.00012414855072562236,0.00012414855072562236,-0.0002015450651627897,0.0002015450651627897,0.0005223777148344216,0.0005223777148344216,-0.0008844770508553906,0.0008844770508553906,0.010897019829694012,0.10179130939303731,0.024418104119845904,0.5495190928296022,0.00020268464275417837,0.00014405766511799373,0.10710761204116544,0.07489602477233763,16.855458596784445,0.009632440305949537,0.05974642089028731,-0.0020768732733364354,-0.0003583156084301362,0.00039137652693941336,-0.00013875877454687063,-0.0005940886741812504,0.10374067715030885,0.027758296807013843,-0.2517117012752577,0.001644341352757428,0.0005533901612737432,-0.0006891827905064374,0.00015646610850723986,0.001040923871058595
152,3.04,0,0.0022720209999533836,0.34708706049457794,0.005074916337131522,0.03247317445782673,0.015072332081794376,0.07264074671971162,0.0006878330000917866,0.0011597649971391028,0.00030580945970015705,0.00030580945970015705,-0.0005097839217840096,0.0005097839217840096,-0.0003323498275603076,0.0003323498275603076,0.0005630009349135251,0.0005630009349135251,0.00012011764942232439,0.00012011764942232439,-0.00019491651311325924,0.00019491651311325924,0.0005046881738173137,0.0005046881738173137,-0.000854524839827283,0.000854524839827283,0.010301910331553768,0.105450705936845,0.029830861257974434,0.5276678083997294,0.00018924569440610705,0.0001345054848589063,0.09184701988130985,0.08282925640699337,16.857394160109344,0.010085074366770972,0.054344694013521676,-0.0020444070000552213,-0.00034737425497884474,0.0003780693659232203,-0.00013545757886883892,-0.000573974416178338,0.09677816624491108,0.022631703041071816,-0.2700863438382819,0.0016233136640607239,0.0005470676725645729,-0.0006653580508096489,0.00016505978390158712,0.0010057129001456318
153,3.06,0,0.0024349160012206994,0.3392710987004221,0.005009204874022651,0.032766675312337935,0.016486541654503393,0.07058176861499084,0.0006646386971961606,0.0011207403417196292,0.0002956137812644699,0.0002956137812644699,-0.0004929541091891347,0.0004929541091891347,-0.00032108980886202954,0.00032108980886202954,0.0005439315562497349,0.0005439315562497349,0.00011621931916006023,0.00011621931916006023,-0.00018867676438366051,0.00018867676438366051,0.000487597677020768,0.000487597677020768,-0.0008255874880888349,0.0008255874880888349,0.01003685338797291,0.10736550110241762,0.03569143523534695,0.49817860608201053,0.00017669783912424382,0.0001256058913557831,0.07699881073787287,0.08991918078431434,16.859190201778645,0.010434403774913791,0.04863346145208816,-0.0020123554409332877,-0.00033658574497058476,0.00036522153246715364,-0.00013202306012728563,-0.000554540616514428,0.08980208346484368,0.017466470407140933,-0.2855616280716756,0.0016025779560966328,0.0005394255004130007,-0.0006423916728033307,0.0001717259370776619,0.0009716899831954882
154,3.08,0,0.0029255980007292237,0.33184283422913424,0.005027951278401646,0.03278972594932505,0.01786554753451973,0.06798779335620052,0.0006422248266859912,0.0010830916350261456,0.00028575469908070916,0.00028575469908070916,-0.0004767785698324358,0.0004767785698324358,-0.000310211177737052,0.000310211177737052,0.0005255024239912332,0.0005255024239912332,0.00011244578387237247,0.00011244578387237247,-0.00018276352154868034,0.00018276352154868034,0.00047108592725899137,0.00047108592725899137,-0.0007976304800987797,0.0007976304800987797,0.010112117623192295,0.10751661278318402,0.041911918937291334,0.4622340045445423,0.00016498109120474054,0.00011730874898636092,0.06295378569531342,0.09587447482370308,16.86084684948804,0.010680574018868681,0.04267166008769827,-0.001980709472703418,-0.0003259735528567753,0.0003528164743595374,-0.0001284906246129403,-0.0005357643150770633,0.08283238546972158,0.012308512197744533,-0.2980900682194937,0.001582298411493537,0.00053060960569047,-0.0006202529053808149,0.00017662177571726995,0.0009388150718682385
155,3.1,0,0.0025552109982527327,0.32493171842391466,0.005130003167097587,0.032549596853930086,0.01919705322135761,0.06489804199246195,0.0006205638452511551,0.0010467516370280662,0.000276219127684052,0.000276219127684052,-0.00046120158929223014,0.00046120158929223014,-0.0002997011292572016,0.0002997011292572016,0.0005076934360441133,0.0005076934360441133,0.00010879051344137025,0.00010879051344137025,-0.0001771256925018587,0.0001771256925018587,0.00045513331765701585,0.00045513331765701585,-0.000770620495256074,0.000770620495256074,0.010526772997772507,0.10594762553533751,0.04839205016687325,0.4211755854455354,0.0001540397944131598,0.00010956889896209363,0.05005987450322722,0.10046482958717826,16.862364693065075,0.0108246193281083,0.03651863132436823,-0.0019494573914943599,-0.0003155581034796292,0.0003408382448959899,-0.00012489231302070165,-0.0005176232829939002,0.0758921788518487,0.007202265461980904,-0.3076514381665024,0.0015626040604528766,0.0005207724688573084,-0.0005989114731773732,0.00017991557961193267,0.00090705160415816
156,3.12,0,0.0024820129983709194,0.3186214798873988,0.0053077623609248635,0.032056131526626765,0.02046994086012136,0.061355399870056615,0.0005996295651899716,0.001011659558845779,0.0002669950958982259,0.0002669950958982259,-0.00044617625191051296,0.00044617625191051296,-0.00028954726053631585,0.00028954726053631585,0.0004904848847458271,0.0004904848847458271,0.00010524799959132913,0.00010524799959132913,-0.00017172179606975667,0.00017172179606975667,0.00043972090775189427,0.00043972090775189427,-0.0007445253641250728,0.0007445253641250728,0.01126893651202027,0.10275955684523942,0.055022213758915334,0.3764485093214543,0.00014382224617996573,0.00010234550630040359,0.03861180272951639,0.10352490057026395,16.863744835245306,0.010868426920114912,0.03023359056441607,-0.0019185857724677308,-0.0003053567802184,0.00032927151325067266,-0.00012125672939660067,-0.000500096147712649,0.06900710901150171,0.0021903796003303645,-0.31425203799760804,0.001543580951331472,0.0005100661630614573,-0.0005783365822658653,0.0001817791812050475,0.0008763567640625605
157,3.14,0,0.002371717997448286,0.3129495860713504,0.005548962142073003,0.031321553927239405,0.0216742091496309,0.0574060764309341,0.00057939702334473,0.0009777602180629915,0.00025807157085999677,0.00025807157085999677,-0.00043166312430708144,0.00043166312430708144,-0.00027973756284138673,0.00027973756284138673,0.0004738574803180674,0.0004738574803180674,0.00010181356366989469,0.00010181356366989469,-0.00016651852017541722,0.00016651852017541722,0.00042483040046939285,0.00042483040046939285,-0.0007193140217771647,0.0007193140217771647,0.012316392341663762,0.0981039740416966,0.061686680942408235,0.32954576111942474,0.0001342803642642934,9.560150440265886e-05,0.028843299118497697,0.10495588726815146,16.86498892853596,0.01081469378647019,0.02387511239233605,-0.0018880802541716346,-0.00029538397972299823,0.000318101526961823,-0.00011760906259659286,-0.00048316217316888004,0.0622046645323804,-0.002686656682236048,-0.3179239086040009,0.0015252759148047957,0.0004986400247700882,-0.0005584993144424791,0.00018238334000039014,0.0008466987271884478
158,3.16,0,0.002218623001681408,0.30790858612983074,0.005838995328800036,0.030360302000250493,0.022800945850143094,0.053099346404034097,0.0005598423668075697,0.0009450033102219577,0.0002494383083738727,0.0002494383083738727,-0.0004176290860750057,0.0004176290860750057,-0.0002702604132350239,0.0002702604132350239,0.0004577923728661346,0.0004577923728661346,9.848319326644095e-05,9.848319326644095e-05,-0.00016148943231110427,0.00016148943231110427,0.00041044412003384966,0.00041044412003384966,-0.0006949564802144407,0.0006949564802144407,0.013637546579899455,0.0921747937546414,0.06826696732011321,0.28195405885356084,0.00012536939026908055,8.930312563304575e-05,0.020921940948036278,0.10472463173761515,16.866099197080143,0.01066687864963882,0.01750063940382519,-0.0018579264293487922,-0.0002856512620437288,0.0003073141056805272,-0.00011397120156102534,-0.00046680132136361706,0.05551342720927043,-0.007390756841568532,-0.31872364942554277,0.0015076912411421195,0.0004866358839634757,-0.0005393710640647917,0.00018189305177837667,0.0008180425902631465
159,3.18,0,0.0022736209975846577,0.303449168657631,0.0061629269349374625,0.02918888856723684,0.023842318209593948,0.04848743950758179,0.0005409427533408713,0.0009133427509142926,0.00024108572665237915,0.00024108572665237915,-0.00040404629648033825,0.00040404629648033825,-0.00026110456577771446,0.00026110456577771446,0.00044227116776565553,0.00044227116776565553,9.525340462024356e-05,9.525340462024356e-05,-0.00015661383567615856,0.00015661383567615856,0.0003965449904295608,0.0003965449904295608,-0.0006714237794316006,0.0006714237794316006,0.015192667362151063,0.08519912157905693,0.0746451927474045,0.23510317900014027,0.00011704762495680108,8.341949806476874e-05,0.014946654984136333,0.10286061116918935,16.867078443031733,0.010429148578209356,0.011166015824492758,-0.0018281106858295502,-0.00027616753711641077,0.00029689562412324867,-0.00011036190593224901,-0.0004509942376577465,0.04896229757964664,-0.011886503571473077,-0.3167311789666217,0.0014907871759620864,0.00047418624636589603,-0.0005209240778639243,0.00018046478143881692,0.0007903541852935321
160,3.2,0,0.0023947170011524577,0.29948471539506416,0.006506795289632535,0.027825797655658468,0.024791571321271823,0.04362570788874532,0.0005226762652409073,0.0008827361077561256,0.00023300480072274699,0.00023300480072274699,-0.0003908912926540483,0.0003908912926540483,-0.0002522591424223841,0.0002522591424223841,0.0004272759386450857,0.0004272759386450857,9.212112790668581e-05,9.212112790668581e-05,-0.00015187576521892153,0.00015187576521892153,0.00038311651484092876,0.00038311651484092876,-0.0006486879507573803,0.0006486879507573803,0.016935353976473656,0.07742750151736481,0.08070733212622057,0.19032023887941352,0.00010927619129847328,7.79223035936434e-05,0.010947785503141625,0.09945097362906966,16.867930037529813,0.010106321067397776,0.004925049820936798,-0.0017986209804641453,-0.00026693927719346035,0.00028683299066771967,-0.00010679701548707933,-0.0004357222156148936,0.04257972490378499,-0.016141375540578984,-0.31204830017779817,0.0014744852682702623,0.00046141299614752327,-0.0005031316727764495,0.0001782445222584836,0.000763601102142642
161,3.22,0,0.0024211159980040975,0.2958970930576148,0.0068582384275962015,0.02629143268600025,0.02564302832910409,0.03857333372275763,0.0005050218349021199,0.0008531441057082945,0.00022518697486967332,0.00022518697486967332,-0.0003781442087054219,0.0003781442087054219,-0.00024371362364949967,0.00024371362364949967,0.0004127892370315483,0.0004127892370315483,8.908361260229203e-05,8.908361260229203e-05,-0.00014726311418706902,0.00014726311418706902,0.00037014275582578126,0.00037014275582578126,-0.0006267219826351987,0.0006267219826351987,0.018814173731902882,0.06912394326824821,0.0863462554065845,0.1487902074487231,0.0001020188214911616,7.278548651048053e-05,0.008889566619396591,0.0946339241215779,16.868657896905077,0.009703802336666801,-0.001170892521814413,-0.0017694475277451433,-0.00025797074606538574,0.0002771136258929145,-0.00010328968465583991,-0.00042096716839936537,0.03639296876324847,-0.020125936536548712,-0.3047971171375605,0.0014586726359500962,0.00044842655640373253,-0.0004859682387402608,0.00017536654156197052,0.0007377523607764174
162,3.24,0,0.0024172170014935546,0.2925433967829978,0.007206664086085619,0.024608145264980695,0.026392088730057266,0.03339515342367328,0.0004879591806150083,0.0008245301962107147,0.00021762409069558952,0.00021762409069558952,-0.0003657881052040928,0.0003657881052040928,-0.00023545783890888128,0.00023545783890888128,0.00039879409854667847,0.00039879409854667847,8.613835031856532e-05,8.613835031856532e-05,-0.0001427668809981813,0.0001427668809981813,0.00035760831617307723,0.00035760831617307723,-0.0006054997862996092,0.0006054997862996092,0.020774402899870505,0.06055608133823917,0.09146446726271848,0.11152362721906771,9.524166477858809e-05,6.798500444632797e-05,0.008674763510685352,0.08859079696016577,16.869266445237816,0.009227522538361116,-0.007073259262106895,-0.0017405833854107695,-0.00024926423696374096,0.0002677254434868107,-9.985063081667701e-05,-0.00040671162490151994,0.030427416637271817,-0.023813989915284283,-0.2951183370146241,0.0014432071167186828,0.00043532545508223456,-0.0004694091203051897,0.00017195269195814512,0.0007127771748922677
163,3.2600000000000002,0,0.0022601220007345546,0.28926334178200414,0.007543177034070509,0.022800393532526293,0.027035222467630432,0.02816597653260212,0.0004714687512902497,0.0007968601841476617,0.00021030832859153525,0.00021030832859153525,-0.00035380839863312537,0.00035380839863312537,-0.00022748195693794715,0.00022748195693794715,0.0003852740460295936,0.0003852740460295936,8.328301269855398e-05,8.328301269855398e-05,-0.00013838052584903225,0.00013838052584903225,0.00034549832044708496,0.00034549832044708496,-0.000584996162088471,0.000584996162088471,0.022759807906931502,0.051985794523806673,0.09597647145612728,0.07933222340350933,8.891311337727492e-05,6.349861530798452e-05,0.010151188463427314,0.08153716363966511,16.869760564807,0.008683868489322443,-0.01273664883545064,-0.0017120249150207637,-0.00024082031029378778,0.00025865683259207906,-9.648838647806311e-05,-0.00039293874553699635,0.024705978458971198,-0.027182702451933723,-0.28316947866718734,0.001427923519500273,0.00042219633349766303,-0.00045343054473658624,0.00016811221693069446,0.0006886439682261794
164,3.2800000000000002,0,0.0023300189968722407,0.2858869945208801,0.007860407910937249,0.020895114046056845,0.027569958432464025,0.02298102800084458,0.0004555316789046665,0.0007701019088332898,0.0002032321606188492,0.0002032321606188492,-0.00034219238066986044,0.00034219238066986044,-0.00021977647601734152,0.00021977647601734152,0.00037221309019150664,0.00037221309019150664,8.051540218156905e-05,8.051540218156905e-05,-0.00013409942640099277,0.00013409942640099277,0.00033379839720531546,0.00033379839720531546,-0.0005651867690676986,0.0005651867690676986,0.02471440501052995,0.0436605790997722,0.09981070117098996,0.05281276479756024,8.300364419428166e-05,5.9305694998867656e-05,0.01311975322164513,0.07371326774227645,16.87014553631148,0.008079614315061046,-0.018119106563921905,-0.0016837720425871981,-0.00023263800787191822,0.00024989662286323006,-9.320954117272521e-05,-0.000379632176300635,0.01924857522381226,-0.0302127087130698,-0.2691228864235631,0.001412643621678276,0.0004091151210934757,-0.00043801048644245,0.00016394226526689502,0.0006653284618180694
165,3.3000000000000003,0,0.00225652199878823,0.2822425412698172,0.008152321867989167,0.01892245381980685,0.02799486659261619,0.017983113199153536,0.00044012973753639143,0.0007442249748602478,0.00019638831300544668,0.00019638831300544668,-0.00033092881729474124,0.00033092881729474124,-0.00021233221421351756,0.00021233221421351756,0.00035959572823601467,0.00035959572823601467,7.783341365352747e-05,7.783341365352747e-05,-0.0001299204219651117,0.0001299204219651117,0.0003224946618239615,0.0003224946618239615,-0.0005460480997865095,0.0005460480997865095,0.02658414073571775,0.03580592585627228,0.10291097394591264,0.032339236033357005,7.748567434554111e-05,5.538708132057364e-05,0.017343686600084254,0.06537432955401638,16.87042697100366,0.0074218513973040145,-0.02318238451315998,-0.0016558284582636458,-0.00022471508156767469,0.00024143407791025955,-9.001898439785099e-05,-0.0003667761489739835,0.014071734609266898,-0.03288814588785151,-0.2531638974619039,0.0013971792161776306,0.00039614631521217884,-0.0004231272476485253,0.00015952783874371158,0.0006428013663325717
166,3.3200000000000003,0,0.0024781140018603764,0.2781638060017837,0.008414042003566853,0.016917122072237282,0.028309533387111133,0.013439900897667,0.00042524530794128655,0.0007192005120787027,0.00018976973665957297,0.00018976973665957297,-0.0003200076162477609,0.0003200076162477609,-0.00020514029964879832,0.00020514029964879832,0.0003474069387501497,0.0003474069387501497,7.523500521422477e-05,7.523500521422477e-05,-0.0001258414352104021,0.0001258414352104021,0.0003115736998282313,0.0003115736998282313,-0.0005275574416214123,0.0005275574416214123,0.02831844113511492,0.028618901920697777,0.10523744757749146,0.018063093613911015,7.233342877043184e-05,5.172493765742681e-05,0.022558533379352666,0.056780816122262934,16.870610737042284,0.0067179174742665925,-0.02789215953841006,-0.0016282016056256416,-0.00021704819075559878,0.0002332588710714361,-8.692012884087173e-05,-0.00035435542560859507,0.009188301930995173,-0.03519669615187112,-0.23548875126250363,0.001381342631900222,0.0003833445406037952,-0.0004087603419411719,0.00015494277784896447,0.0006210361682694242
167,3.34,0,0.002434516001812881,0.2734972569562876,0.008641699074528303,0.014920819394300035,0.028514530310864577,0.00996047788428378,0.0004108613470428191,0.0006950009841682411,0.00018336958433462502,0.00018336958433462502,-0.0003094195568388624,0.0003094195568388624,-0.0001981921608738002,0.0001981921608738002,0.00033563217643460633,0.00033563217643460633,7.271817651000045e-05,7.271817651000045e-05,-0.00012186116289789643,0.00012186116289789643,0.000301022550995803,0.000301022550995803,-0.0005096928535494757,0.0005096928535494757,0.02987158515788132,0.022263085139732002,0.10676707096891389,0.009921111968330627,6.752281859753593e-05,4.830263679948237e-05,0.028482544289385837,0.04818917386697652,16.870702882452484,0.005975325913280756,-0.032218210961132636,-0.0016009025385481641,-0.00020963308790757594,0.00022536106646048573,-8.391511971575612e-05,-0.00034235528098842304,0.00460727051007064,-0.03712957804929191,-0.21630257113612905,0.001364953353873848,0.0003707551424011396,-0.0003948902305475191,0.00015025045625578074,0.0006000072310086012
168,3.36,0,0.002476913999998942,0.26810827221629957,0.008832307986224846,0.012986509825039332,0.0286113758169276,0.008746484650338377,0.00039696136132596165,0.0006716000252180021,0.00017718119319787284,0.00017718119319787284,-0.0002991560717184998,0.0002991560717184998,-0.0001914795173451056,0.0001914795173451056,0.00032425736472758743,0.00032425736472758743,7.0280953252011e-05,7.0280953252011e-05,-0.00011797882578044924,0.00011797882578044924,0.00029082869392481336,0.00029082869392481336,-0.0004924331393338223,0.0004924331393338223,0.031203865745412472,0.016864943743584306,0.1074935405910436,0.007650099373860483,6.303132895430427e-05,4.5104659387282095e-05,0.03482707942700572,0.03984323996181315,16.870709557074647,0.005201695670323772,-0.036134557284087036,-0.0015739456401931513,-0.0002024647872263504,0.0002177311008640989,-8.100502702422585e-05,-0.0003307614856662611,0.00033373110823517503,-0.038681512147849074,-0.1958173161477204,0.0013478449177506417,0.0003584150340612774,-0.00038149827981934106,0.00014550463457651318,0.0005796897661080985
169,3.38,0,0.0022685210024064872,0.2618864739364036,0.008983667313899438,0.01118557065357928,0.028602490820210345,0.010395946395471265,0.0003835293835445982,0.0006489723040967491,0.00017119807176352309,0.00017119807176352309,-0.000289209073517286,0.000289209073517286,-0.00018499437005053965,0.00018499437005053965,0.0003132688871423539,0.0003132688871423539,6.792137673639065e-05,6.792137673639065e-05,-0.0001141939695510389,0.0001141939695510389,0.0002809800311381369,0.0002809800311381369,-0.000475757821739889,0.000475757821739889,0.032282511362730054,0.012511699084621398,0.10742678871823474,0.010807570145751197,5.883791521683979e-05,4.211650514846434e-05,0.04130666924772611,0.03196658937079764,16.87063693579619,0.004404682506103743,-0.03961955208745377,-0.0015473482182075352,-0.00019553771604069985,0.00021035976653213434,-7.819002001314969e-05,-0.00031956028954960075,-0.00363106392320324,-0.03985065821100149,-0.17424974016833594,0.0013298710992808128,0.00034635355928252934,-0.0003685667165982272,0.00014075035055380818,0.000560059805833015
170,3.4,0,0.002266821000375785,0.25474998383106395,0.009094277070114792,0.00961803322052839,0.028491148198909404,0.013710328750996146,0.00037054995216395144,0.0006270934127723491,0.00016541389029317566,0.00016541389029317566,-0.00027957081948495985,0.00027957081948495985,-0.00017872899230769734,0.00017872899230769734,0.0003026535775558811,0.0003026535775558811,6.563749734533886e-05,6.563749734533886e-05,-0.00011050630927028189,0.00011050630927028189,0.0002714648747033392,0.0002714648747033392,-0.00045964711773170816,0.00045964711773170816,0.03308235017120627,0.00925065630311877,0.10659204328790708,0.01879731144603915,5.4922906819482664e-05,3.932461483424717e-05,0.047648410173984856,0.024756018060589465,16.870491145200432,0.0035919119991442926,-0.042655939582821545,-0.0015211299938344281,-0.00018884584918821092,0.00020323819487817106,-7.5469523726148e-05,-0.0003087384060140189,-0.007289529787554197,-0.04063852534797252,-0.15181937476838908,0.0013109112186553426,0.0003345933426244465,-0.00035607858269816615,0.00013602481435008373,0.0005410941767790906
171,3.42,0,0.002519511999707902,0.246648498223284,0.009163270240932227,0.008420177268531243,0.02828141677538696,0.017578020317916415,0.0003580080930425428,0.0006059397750855922,0.00015982247390350368,0.00015982247390350368,-0.0002702338079911532,0.0002702338079911532,-0.0001726759207565931,0.0001726759207565931,0.0002923987096643537,0.0002923987096643537,6.34273711599409e-05,6.34273711599409e-05,-0.00010691561046393387,0.00010691561046393387,0.0002622719323487051,0.0002622719323487051,-0.00044408191460036287,0.00044408191460036287,0.033586208603341654,0.007089938523349025,0.1050285108187095,0.030898679829708228,5.126791787358318e-05,3.671630110307779e-05,0.05360041345260332,0.018376313924660055,16.87027819554349,0.0027709148643586924,-0.04523087062033224,-0.0014953125055873488,-0.00018238282699229255,0.00019635784108580122,-7.284235801920934e-05,-0.0002982829965244528,-0.010647482847025946,-0.041049856739280015,-0.12874655187553494,0.0012908744123539678,0.00032315110979591664,-0.0003440176896184907,0.0001313582853469338,0.0005227704744783057
172,3.44,0,0.0024188160023186356,0.237565127556723,0.009190354370984768,0.007746299816780094,0.027978100322556397,0.021517064254146328,0.0003458893029333649,0.000585488572824855,0.0001544177977436667,0.0001544177977436667,-0.00026119070145749296,0.00026119070145749296,-0.00016682794656330824,0.00016682794656330824,0.00028249198579922226,0.00028249198579922226,6.128905895064207e-05,6.128905895064207e-05,-0.00010342160082640211,0.00010342160082640211,0.00025339029405669787,0.00025339029405669787,-0.00042904374697965797,0.00042904374697965797,0.03378504538571153,0.006000516085144731,0.10278774303211857,0.04629840541170616,4.785576395349163e-05,3.427968689084856e-05,0.05893907436819461,0.012956415844915466,16.870003919694714,0.0019490650511010067,-0.04733588024562083,-0.0014699184502138347,-0.00017614205770492795,0.00018971046960204453,-7.030685976879708e-05,-0.00028818165574658007,-0.013713792438885465,-0.04109249066288428,-0.1052504812644296,0.0012697027686757179,0.0003120384643682323,-0.00033236857418783556,0.00012677491252061226,0.0005050670388936346
173,3.46,0,0.002555011000367813,0.22751699113978507,0.00917576029173621,0.007693753677918229,0.027586672189481826,0.025322651799,0.0003341795344517905,0.0005657176862822701,0.00014919398371449066,0.00014919398371449066,-0.0002524342709613596,0.0002524342709613596,-0.00016117810684734835,0.00016117810684734835,0.0002729215252755088,0.0002729215252755088,5.9220626934086695e-05,5.9220626934086695e-05,-0.00010002390718115847,0.00010002390718115847,0.00024480941911710465,0.00024480941911710465,-0.0004145147747068574,0.0004145147747068574,0.03367783077256118,0.0059193845656480264,0.09993175448863617,0.06412366941333977,4.467038449856616e-05,3.2003650057256496e-05,0.06347498229719506,0.008587009753163786,16.869673920362185,0.0011335210578654002,-0.048966828186383156,-0.001444970984860611,-0.00017011680547345667,0.00018328814048677926,-6.786098924025802e-05,-0.0002784223971320244,-0.01649996662658578,-0.040777199661780325,-0.08154739703811584,0.0012473732676611701,0.000301262611573563,-0.0003211164557632613,0.00012229352642695285,0.0004879629307277828
174,3.48,0,0.0023795169981895015,0.21655460149436745,0.009120195809004398,0.008218098836621097,0.027113206174041192,0.028892083945702685,0.0003228651822163757,0.0005466056467949436,0.0001441452982952618,0.0001441452982952618,-0.00024395735837731163,0.00024395735837731163,-0.0001557196763418145,0.0001557196763418145,0.0002636758524229017,0.0002636758524229017,5.722014879050441e-05,5.722014879050441e-05,-9.672201302422943e-05,9.672201302422943e-05,0.00023651912362296747,0.00023651912362296747,-0.00040047776148904884,0.00040047776148904884,0.033271188637832544,0.006753714848847301,0.09653096260049666,0.08347525147255307,4.169677035504539e-05,2.987777331081186e-05,0.06705734834477312,0.005319560157793321,16.869293526583792,0.00033117086186842503,-0.05012380391242303,-0.0014204930146597741,-0.00016430026499729644,0.00017708319658064038,-6.550242175327374e-05,-0.0002689936389623586,-0.019019688919451376,-0.040117509799848766,-0.05784878630199401,0.0012238985100418533,0.00029082702380801194,-0.0003102471953069449,0.00011792837434921443,0.0004714379084832963
175,3.5,0,0.002296020000358112,0.20476011266405417,0.009024802755392978,0.009157388197103973,0.026564304293396408,0.03216513839910537,0.0003119330699219829,0.0005281315990826379,0.0001392661511276927,0.0001392661511276927,-0.00023575285249910553,0.00023575285249910553,-0.00015044615929338256,0.00015044615929338256,0.0002547438844299992,0.0002547438844299992,5.528570852997294e-05,5.528570852997294e-05,-9.351523260378816e-05,9.351523260378816e-05,0.00022850956839318647,0.00022850956839318647,-0.0003869160543382684,0.0003869160543382684,0.03257882590949947,0.008385775859245914,0.0926620228386519,0.10345961282336026,3.892089604438106e-05,2.7892298594958417e-05,0.06957688443702166,0.003166727901620501,16.868867760110735,-0.00045141917911150546,-0.0508109981569265,-0.0013965064894254993,-0.0001586856240963293,0.0001710882514470919,-6.32286258688469e-05,-0.000259884190837851,-0.021288323653076303,-0.039129502048996526,-0.03435971222517395,0.0011993262617137459,0.0002807320450483585,-0.00029974725667742503,0.00011368979422134177,0.000455472406225383
176,3.52,0,0.0023163190016930457,0.1922445420474944,0.008891116275183871,0.010333642188793755,0.02594702211639925,0.035102547702063315,0.0003013704381493548,0.0005102752714830154,0.00013455109407772836,0.00013455109407772836,-0.00022781367611001563,0.00022781367611001563,-0.0001453512816047553,0.0001453512816047553,0.0002461149191134038,0.0002461149191134038,5.34154038779322e-05,5.34154038779322e-05,-9.040269806484212e-05,9.040269806484212e-05,0.00022077124730642103,0.00022077124730642103,-0.00037381356374094506,0.00037381356374094506,0.0316207794475358,0.010678416088601818,0.08840563091963496,0.12321888551756303,3.632965639613363e-05,2.6038085268706498e-05,0.07096712381470335,0.002104081315531469,16.868401311955925,-0.0012080511378099457,-0.05103654300939083,-0.00137303173185036,-0.00015326611542241495,0.0001652961780419061,-6.103692936835399e-05,-0.00025108324059773936,-0.02332240774047077,-0.03783159793492201,-0.011277242623216083,0.0011737378787569795,0.0002709754336957164,-0.00028960367025928973,0.00010958482502464452,0.0004400475120055834
177,3.54,0,0.0025115120006375946,0.17914410483352686,0.008721025562925281,0.011610720784474884,0.02526879232740509,0.037677296965831504,0.00029116493275444416,0.0004930169524542909,0.00012999482055553457,0.00012999482055553457,-0.00022013278144182826,0.00022013278144182826,-0.00014042898322247366,0.00014042898322247366,0.0002377786227060358,0.0002377786227060358,5.160734991660476e-05,5.160734991660476e-05,-8.738335670973154e-05,8.738335670973154e-05,0.00021329497603160205,0.00021329497603160205,-0.0003611547445294902,0.0003611547445294902,0.030422514747678483,0.013480883713503703,0.08384436042188877,0.14195787066514556,3.391080722635999e-05,2.4306571540731647e-05,0.07120422609704116,0.0020729696635739927,16.86789852903758,-0.0019329377706796644,-0.05081232289109784,-0.001350086817607802,-0.00014803505852274316,0.00015970009806229996,-5.892457429175898e-05,-0.0002425803416594452,-0.025139145917160946,-0.036244331643485936,0.011211005914649907,0.001147245712127873,0.0002615528449835897,-0.00027980399898030713,0.0001056177538297509,0.0004251449469147014
178,3.56,0,0.0024378150010306854,0.16561582325113938,0.008516735544181926,0.01289758374723516,0.024537347189646487,0.039870704028581366,0.00028130459371409017,0.00047633747196154956,0.00012559216492669112,0.00012559216492669112,-0.00021270315188411568,0.00021270315188411568,-0.0001356734107683666,0.0001356734107683666,0.00022972501774335473,0.00022972501774335473,4.985968278237163e-05,4.985968278237163e-05,-8.445597589402292e-05,8.445597589402292e-05,0.0002060718811410123,0.0002060718811410123,-0.0003489245774259623,0.0003489245774259623,0.02901391373181272,0.01663476665169445,0.0790605988918508,0.15896730397347342,3.1652909777859725e-05,2.2689738719471996e-05,0.07030535884433334,0.0029843958622287076,16.867363410528082,-0.002620739987656778,-0.050153758901215637,-0.001327687025208027,-0.0001429858934153468,0.00015429337192561922,-5.688876226824784e-05,-0.00023436540076468825,-0.02675592547471651,-0.03439011084885568,0.032928199494110126,0.001119989619988745,0.00025245825536981937,-0.0002703363068340351,0.00010179060117555691,0.000410747044737849
179,3.58,0,0.00243241600037436,0.15183258918838222,0.008280729187113334,0.01413500718455728,0.023760640569787272,0.04167047132649674,0.000271777844332199,0.0004602181865859464,0.00012133810188902361,0.00012133810188902361,-0.00020551780817729652,0.00020551780817729652,-0.00013107891041347353,0.00013107891041347353,0.00022194447111212643,0.00022194447111212643,4.817056326444913e-05,4.817056326444913e-05,-8.161915349377137e-05,8.161915349377137e-05,0.00019909338959249305,0.00019909338959249305,-0.00033710855122968264,0.00033710855122968264,0.02742819034812426,0.01997984281074859,0.07413463836204454,0.17364281805723866,2.954527866794279e-05,2.118007792644569e-05,0.06832579046443651,0.004723700682149348,16.866799613230732,-0.0032665993590521502,-0.04907956917450911,-0.0013058443704361939,-0.00013811220677162743,0.00014906958933318145,-5.492669131640348e-05,-0.00022642866612088199,-0.02818986486779843,-0.03229296856976862,0.053709486335326205,0.0010921327385916644,0.00024368433218596733,-0.00026118912962188836,9.810354759221763e-05,0.00039683673219031404
180,3.6,0,0.002436415001284331,0.13797786811270096,0.008015730282512129,0.015283862829947332,0.02294677017519566,0.04306961937652627,0.0002625734807342833,0.000444640967395182,0.0001172277457254789,0.0001172277457254789,-0.000198569817648191,0.000198569817648191,-0.00012664002099121996,0.00012664002099121996,0.00021442768231362563,0.00021442768231362563,4.653818019462186e-05,4.653818019462186e-05,-7.887133224649098e-05,7.887133224649098e-05,0.00019235121856789935,0.00019235121856789935,-0.000325692645622461,0.000325692645622461,0.025700772784792783,0.02335964630046456,0.06914296766160362,0.1854992113238847,2.7577933113966815e-05,1.977055898861233e-05,0.0653548652624953,0.007155853518831816,16.86621046505907,-0.0038661655268254283,-0.04761150801935642,-0.0012845672368501859,-0.00013340775172342712,0.00014402256037198322,-5.303558522340681e-05,-0.00021876071592656388,-0.029457408583047687,-0.029978308388663884,0.07340305775763428,0.0010638566793004067,0.00023522275241001333,-0.0002523514480599126,9.455530464983355e-05,0.0003833975097159042
181,3.62,0,0.0022876199982420076,0.12424023472208925,0.007724666639950075,0.016317651971803317,0.022103900643850163,0.04406583893034796,0.00025368066159675833,0.00042958818978982975,0.00011325634937253692,0.00011325634937253692,-0.00019185230532857281,0.00019185230532857281,-0.00012235146734496105,0.00012235146734496105,0.00020716567198246516,0.00020716567198246516,4.49607535496499e-05,4.49607535496499e-05,-7.621081658759236e-05,7.621081658759236e-05,0.00018583736565545004,0.00018583736565545004,-0.00031466331456673,0.00031466331456673,0.02386818987934303,0.026626576587289664,0.06415680432543651,0.19417981606353696,2.57415512272676e-05,1.8454601280690273e-05,0.061511059597132565,0.010131135578102045,16.865598985491932,-0.004415618434362286,-0.04577408670646411,-0.0012638601102589297,-0.00012886646222849172,0.0001391463071107527,-5.121271652598692e-05,-0.00021135244726990256,-0.030573978356874112,-0.02747264537684293,0.09187106564461522,0.0010353563295628055,0.0002270644747467732,-0.00024381266306152552,9.114343487099455e-05,0.0003704134328330669
182,3.64,0,0.0022873199995956384,0.11080792667838228,0.007410633728038053,0.01721813096854054,0.02124018811609144,0.04466104984793227,0.0002450888980734598,0.00041504272469374464,0.00010941930326596738,0.00010941930326596738,-0.0001853584660391122,0.0001853584660391122,-0.00011820815390528594,0.00011820815390528594,0.0002001497706924116,0.0002001497706924116,4.3436537217944604e-05,4.3436537217944604e-05,-7.363579088046063e-05,7.363579088046063e-05,0.00017954409936411547,0.00017954409936411547,-0.0003040074702733782,0.0003040074702733782,0.021966996900454065,0.029646403404981474,0.05924089368533594,0.19946093735194906,2.4027427183545104e-05,1.7226046332120748e-05,0.056936337956089406,0.013490999903934582,16.864967911725465,-0.004911685335521491,-0.043594278853771935,-0.001243723421469478,-0.0001244824628405474,0.00013443505565139763,-4.945542402791511e-05,-0.00020419506538958533,-0.03155368832327714,-0.02480334505796024,0.1089903926346088,0.0010068344394725773,0.000219199969397217,-0.0002355625729677502,8.786462490359003e-05,0.00035786909401585974
183,3.66,0,0.0024015159979171585,0.09786359263472673,0.0070768588444607644,0.017972770945745887,0.02036370691065805,0.04486106370552048,0.00023678804389382828,0.00040098793058936826,0.00010571213394516832,0.00010571213394516832,-0.00017908157672682102,0.00017908157672682102,-0.00011420515849142054,0.00011420515849142054,0.00019337160807222727,0.00019337160807222727,4.196382140031485e-05,4.196382140031485e-05,-7.1144338174408e-05,7.1144338174408e-05,0.000173463949958648,0.000173463949958648,-0.00029371246771743646,0.00029371246771743646,0.020032772441769015,0.032302049546824745,0.05445259223714294,0.20125150367907665,2.2427431092426215e-05,1.6079132047834398e-05,0.0517900390854662,0.01707389874080744,16.86431972914426,-0.00535165258971292,-0.041101213401145975,-0.0012241534980047513,-0.00012025007464366715,0.00012988322859719103,-4.776112570547911e-05,-0.00019728007328762804,-0.03240912906029408,-0.021998362709571465,0.12465327263129856,0.000978496173236327,0.0002116194098440102,-0.00022759135271033156,8.471491612180015e-05,0.000345749605097864
184,3.68,0,0.00250821300141979,0.08557939525686376,0.006726665941523871,0.01857325099393873,0.01948237892810365,0.044675297949204114,0.00022876828561708168,0.0003874076460118696,0.0001021305024106467,0.0001021305024106467,-0.00017301500851723506,0.00017301500851723506,-0.00011033772632995653,0.00011033772632995653,0.00018682310224769064,0.00018682310224769064,4.0540934636790205e-05,4.0540934636790205e-05,-6.873445882479768e-05,6.873445882479768e-05,0.0001675897006042993,0.0001675897006042993,-0.00028376608968100857,0.00028376608968100857,0.018099213875542884,0.0344965652483846,0.04984124199084564,0.1995882246850161,2.093397140167146e-05,1.5008468418845803e-05,0.046242525186296575,0.020720881673637833,16.863656704686683,-0.005733372294671758,-0.038325858189473136,-0.0012051426220685934,-0.0001161638180253687,0.00012548543790360912,-4.6127327753867524e-05,-0.0001905992616838434,-0.03315122287873838,-0.01908598524794185,0.1387677605836414,0.0009505437968078986,0.00020431283091492327,-0.00021988953467909646,8.168989758057922e-05,0.0003340405801892314
185,3.7,0,0.002435915001115063,0.07411260988321028,0.0063634412591872785,0.019014531421464143,0.018603906416582754,0.04411651467015387,0.00022102013303410144,0.0003742861822113797,9.867020224030298e-05,9.867020224030298e-05,-0.00016715223808683863,0.00016715223808683863,-0.00010660126428502226,0.00010660126428502226,0.00018049644961985737,0.00018049644961985737,3.916624546029812e-05,3.916624546029812e-05,-6.640408847820673e-05,6.640408847820673e-05,0.0001619143788106792,0.0001619143788106792,-0.00027415653230396627,0.00027415653230396627,0.016197353863650787,0.03615524051778471,0.04544783256779511,0.19462668666419014,1.9539959682564757e-05,1.4009014619437011e-05,0.040468822001942885,0.024280787003927128,16.862980921683743,-0.006055263851972734,-0.03530069715286836,-0.0011866791888736226,-0.00011221841288033408,0.00012123647807979632,-4.455163044762957e-05,-0.00018414469930191105,-0.03378915014739393,-0.016094577865048802,0.1512580518302391,0.000923171659748568,0.00019727025725172956,-0.0002124479911906383,7.878486531189843e-05,0.00032272811909661884
186,3.72,0,0.0036560720000125,0.06360183580728174,0.005990599932608043,0.019294256738780602,0.017735708761620343,0.04320057049821216,0.00021353440971450584,0.00036160831577174954,9.532715747856413e-05,9.532715747856413e-05,-0.00016148685808000862,0.00016148685808000862,-0.00010299133529262372,0.00010299133529262372,0.00017438411498471866,0.00017438411498471866,3.783816369073989e-05,3.783816369073989e-05,-6.415111506439126e-05,6.415111506439126e-05,0.00015643124816459983,0.00015643124816459983,-0.0002648723911239526,0.0002648723911239526,0.014354915021025393,0.03722683431019806,0.04130493861787428,0.18662892913709986,1.8238777652848973e-05,1.3076057403528132e-05,0.034642464988235304,0.027614872897549582,16.86229431480251,-0.0063163106017652786,-0.03205940410041684,-0.0011687479566391313,-0.00010840877676205902,0.00011713131971247808,-4.303173140272519e-05,-0.00017790872347717206,-0.03433034406113844,-0.013052337489627192,0.16206465262257613,0.0008965616117245492,0.0001904818059137531,-0.00020525791836591373,7.599495224521845e-05,0.00031179879123694897
187,3.74,0,0.0026077090005856007,0.054163910902711165,0.0056115537468216315,0.019412349361947332,0.01688486400493025,0.041946171852040755,0.00020630224370043278,0.00034935928103921473,9.209742031696111e-05,9.209742031696111e-05,-0.0001560125863911559,0.0001560125863911559,-9.950365299293829e-05,9.950365299293829e-05,0.00016847882199528286,0.00016847882199528286,3.6555141389449375e-05,3.6555141389449375e-05,-6.197339455141774e-05,6.197339455141774e-05,0.00015113380034212083,0.00015113380034212083,-0.0002559026475881702,0.0002559026475881702,0.012595814181387154,0.03768393077502969,0.03743691195232239,0.1759481333040936,1.70242463023331e-05,1.22051907248237e-05,0.028929747535564265,0.030600762841484913,16.86159870382049,-0.006516051702302806,-0.02863651600603255,-0.001151330377183549,-0.00010473002142746146,0.00011316510328559705,-4.1565426752870535e-05,-0.0001718839310764629,-0.03478054910118099,-0.009987055026876433,0.17114440471921447,0.0008708789727791054,0.00018393776672987939,-0.00019831082134405052,7.3315232492733e-05,0.00030123962003545865
188,3.7600000000000002,0,0.002521111997339176,0.04589159247962033,0.00522968020828752,0.01937071550936646,0.016058055856321134,0.04037463487155227,0.00019931505835097792,0.00033752476226691334,8.897716858913274e-05,8.897716858913274e-05,-0.00015072327421014514,0.00015072327421014514,-9.613407655301165e-05,9.613407655301165e-05,0.0001627735439638601,0.0001627735439638601,3.531567349845943e-05,3.531567349845943e-05,-5.9868765312674124e-05,5.9868765312674124e-05,0.0001460157473903575,0.0001460157473903575,-0.0002472366560202815,0.0002472366560202815,0.010939822032381676,0.03752246193448102,0.03386030083760572,0.1630111141011164,1.589059699418149e-05,1.1392296514333635e-05,0.0234845424282396,0.03313561065855765,16.860895825089088,-0.00665456946624113,-0.02506710864274336,-0.0011344049941335898,-0.0001011774481550509,0.00010933313327321543,-4.015061067978105e-05,-0.00016606316972048407,-0.03514393657033171,-0.006925888196916193,0.17847036816445946,0.0008462691524979559,0.00017762866362052663,-0.00019159850061908044,7.074080365447362e-05,0.00029103806779893907
189,3.7800000000000002,0,0.0024787140027910937,0.03885203889035898,0.004848293091663441,0.019173018077623224,0.015261527029571058,0.038509653513897665,0.00019256456334353992,0.0003260908854228426,8.596270310490262e-05,8.596270310490262e-05,-0.00014561291278984695,0.00014561291278984695,-9.287860567375184e-05,9.287860567375184e-05,0.00015726149499960864,0.00015726149499960864,3.4118298192220564e-05,3.4118298192220564e-05,-5.78350610282515e-05,5.78350610282515e-05,0.00014107101426995197,0.00014107101426995197,-0.0002388641310265239,0.0002388641310265239,0.009402378361068577,0.036760462220486685,0.030584463330404682,0.14829934137604506,1.4832444422275276e-05,1.0633526555585344e-05,0.01844383854451932,0.03513841793521677,16.860187359707925,-0.006732472360596818,-0.02138647754019649,-0.0011179478885960203,-9.774654119401118e-05,0.00010563087144189297,-3.8785273291411415e-05,-0.00016043951683441192,-0.03542326905779762,-0.003895144717784344,0.18403155512734345,0.0008228552768784702,0.00017154534805198692,-0.00018511309156612305,6.826686941848195e-05,0.0002811826443036088
190,3.8000000000000003,0,0.0022537210024893284,0.033086098514561055,0.004470614599368736,0.018824490058904433,0.014501039789886398,0.03637708383689311,0.00018604274583880543,0.0003150442096413073,8.305044484913093e-05,8.305044484913093e-05,-0.00014067563894153628,0.00014067563894153628,-8.973337577378171e-05,8.973337577378171e-05,0.00015193612147445384,0.00015193612147445384,3.296159697163681e-05,3.296159697163681e-05,-5.5870122100643675e-05,5.5870122100643675e-05,0.0001362937316494214,0.0001362937316494214,-0.0002307751353258528,0.0002307751353258528,0.007994557958435553,0.03543614259777918,0.027612337455067484,0.13232922284763496,1.384476131169694e-05,9.925285402851596e-06,0.01392410272041786,0.03655150256374439,16.859474957617238,-0.006750874158424903,-0.017629825552132414,-0.0011019331885438227,-9.443296487421402e-05,0.00010205393503102131,-3.74674992494538e-05,-0.00015500631513704896,-0.035620104534507445,-0.0009200898914042809,0.18783259940320376,0.0008007350026098846,0.00016567881598985644,-0.0001788468205435834,6.58887020978806e-05,0.0002716600848681488
191,3.8200000000000003,0,0.0023692180002399255,0.028608385910556474,0.004099749238850908,0.01833177296336194,0.01378184461456959,0.03400475901965035,0.00017974186181666152,0.00030437171719672167,8.023693207032112e-05,8.023693207032112e-05,-0.00013590573919181127,0.00013590573919181127,-8.669465334426585e-05,8.669465334426585e-05,0.00014679109369305818,0.00014679109369305818,3.184419452961773e-05,3.184419452961773e-05,-5.397180556628453e-05,5.397180556628453e-05,0.00013167822894290444,0.00013167822894290444,-0.0002229600666045816,0.0002229600666045816,0.00672317752858344,0.03360538999802477,0.024941328477742494,0.11563236359844918,1.2922854755727936e-05,9.26421422292811e-06,0.01001854083758568,0.037341043939050966,16.858760257017412,-0.006711369072672861,-0.013831962301536225,-0.0010863335577985921,-9.123255307865756e-05,9.859808734036249e-05,-3.619546284570262e-05,-0.00014975711284748736,-0.03573502999129348,0.0019752542876020508,0.18989316252980945,0.0007799815372615344,0.0001600205897778233,-0.00017279238453294198,6.360182018755907e-05,0.00026246011447808034
192,3.84,0,0.0022052230015106034,0.02540810125110521,0.0037386594736440026,0.017702771287408235,0.013108657788821684,0.03142236049687165,0.00017365442761287472,0.0002940608072136321,7.751881728645937e-05,7.751881728645937e-05,-0.00013129765315652268,0.00013129765315652268,-8.375883147038188e-05,8.375883147038188e-05,0.00014182029828616518,0.00014182029828616518,3.0764758418344584e-05,3.0764758418344584e-05,-5.213799375330334e-05,5.213799375330334e-05,0.00012721902761081275,0.00012721902761081275,-0.00021540964977485576,0.00021540964977485576,0.005591029863947218,0.03133881112542854,0.022564272503471285,0.09873647391953598,1.2062344091822054e-05,8.64717583391329e-06,0.006795302008922719,0.037496841061754486,16.858044898733997,-0.006616003718652156,-0.010027014859239179,-0.0010711207232814944,-8.814130378350262e-05,9.525923424782325e-05,-3.4967424707975175e-05,-0.0001446856749743197,-0.03576791417092523,0.004768267701035186,0.19024737211485235,0.0007606417258548964,0.00015456246475774722,-0.00016694265462696128,6.140190688637236e-05,0.0002535718936583823
193,3.86,0,0.0024301159974129405,0.02345052663410164,0.003390143132348482,0.016946518282195063,0.012485648523903395,0.02866139197920685,0.0001677732115815088,0.0002840992840858269,7.489286422335262e-05,7.489286422335262e-05,-0.00012684597537009323,0.00012684597537009323,-8.092242550467033e-05,8.092242550467033e-05,0.00013701783040329823,0.00013701783040329823,2.9721998543230654e-05,2.9721998543230654e-05,-5.036660143023659e-05,5.036660143023659e-05,0.0001229108346153156,0.0001229108346153156,-0.0002081149234495926,0.0002081149234495926,0.0045972281831238295,0.028718448188877147,0.02047043607015638,0.08214753901857424,1.1259140209749484e-05,8.071240321807936e-06,0.004296628789583686,0.03703126220893542,16.85733053535533,-0.006467245972387568,-0.0062481531811658325,-0.001056265988102275,-8.515537232835366e-05,9.203341963535777e-05,-3.378172774708345e-05,-0.0001397859792220667,-0.03571816893296664,0.007437887313229509,0.18894308390366735,0.0007427367589609812,0.00014929657275744812,-0.0001612907306232742,5.9284848044586246e-05,0.00024498478761264943
194,3.88,0,0.0025668109992693644,0.022679115487882495,0.003056812454538083,0.016073051287601614,0.011916435710815562,0.025755345299981792,0.00016209122598904256,0.00027447534757840957,7.235594471594053e-05,7.235594471594053e-05,-0.00012254545630491649,0.00012254545630491649,-7.818206889659285e-05,7.818206889659285e-05,0.00013237798638602322,0.00013237798638602322,2.8714666514662035e-05,2.8714666514662035e-05,-4.8655581794429765e-05,4.8655581794429765e-05,0.00011874853614632385,0.00011874853614632385,-0.00020106722917456228,0.00020106722917456228,0.0037376409528876546,0.02583429776938718,0.018646513181390587,0.0663337811521294,1.0509426217052344e-05,7.533671642828873e-06,0.002538929436894181,0.03597749530333778,16.85661883517242,-0.006267951129869425,-0.0025273320619091217,-0.0010417407224651747,-8.227106453065201e-05,8.891682079231408e-05,-3.2636792880258076e-05,-0.00013505220939310304,-0.03558500914569683,0.009964742125907136,0.18604105596283552,0.0007262632818550068,0.00014421538988508318,-0.00015582994215218365,5.724674334126841e-05,0.00023668849144818356
195,3.9,0,0.0025607099996705074,0.023018076757148828,0.002741074501907658,0.015093297518744893,0.0114040936777723,0.022740240653919334,0.00015660171910672832,0.00026517758303701945,6.990503558984562e-05,6.990503558984562e-05,-0.00011839100252974284,0.00011839100252974284,-7.553450916886195e-05,7.553450916886195e-05,0.0001278952567470604,0.0001278952567470604,2.7741554878724095e-05,2.7741554878724095e-05,-4.700293134472462e-05,4.700293134472462e-05,0.00011472719156283267,0.00011472719156283267,-0.00019425820140206277,0.00019425820140206277,0.003005395770003325,0.02278076299893507,0.017077584233643944,0.05171185449981655,9.809639370873052e-06,7.031915054535533e-06,0.0015137163733530187,0.03438719495062261,16.85591148113886,-0.006021325742537815,0.0011049486102863077,-0.0010275168200180645,-7.948482971351076e-05,8.590574376277031e-05,-3.1531114640576654e-05,-0.00013047874627555744,-0.035367701677826206,0.012331269366580449,0.18161403360977146,0.000711195122355515,0.00013931174085706128,-0.0001505538514771886,5.528391198407149e-05,0.00022867315587728215
196,3.92,0,0.002611509000416845,0.024375345405981137,0.0024451124566756558,0.014018974223266558,0.010951165300665868,0.019655943355528966,0.00015129816749875097,0.00025619495147493314,6.753721553925951e-05,6.753721553925951e-05,-0.00011437767608539941,0.00011437767608539941,-7.297660403393635e-05,7.297660403393635e-05,0.00012356431941875525,0.00012356431941875525,2.680149625178263e-05,2.680149625178263e-05,-4.540669373756167e-05,4.540669373756167e-05,0.00011084202753479139,0.00011084202753479139,-0.0001876797578455117,0.0001876797578455117,0.0023914299703161838,0.019653163827261216,0.015748005315005358,0.038635610919576326,9.15645419539204e-06,6.563585316124334e-06,0.001189329146291964,0.03232764490003426,16.85521016523817,-0.005730889520983306,0.004619863943904045,-0.0010135671118315052,-7.679325409971236e-05,8.299661904517222e-05,-3.0463256907820355e-05,-0.00012606016098486663,-0.0350657950345222,0.014521811077725422,0.17574576668088687,0.0006974854093279546,0.00013457878068992064,-0.00014545623587990464,5.3392886637814796e-05,0.00022092926453453775
197,3.94,0,0.002474213997629704,0.026645824732375197,0.0021708670744571357,0.012862511739412535,0.010559679651425735,0.01654921972855316,0.0001461742685086753,0.00024751677933740747,6.524966201754134e-05,6.524966201754134e-05,-0.00011050069315518957,0.00011050069315518957,-7.0505317645575e-05,7.0505317645575e-05,0.00011938003323475693,0.00011938003323475693,2.5893362377016338e-05,2.5893362377016338e-05,-4.386496272678556e-05,4.386496272678556e-05,0.00010708843237788109,0.00010708843237788109,-0.00018132408989329454,0.00018132408989329454,0.0018850655419848329,0.016544420824652524,0.014642201203153508,0.027387667362393304,8.54676670961852e-06,6.126455605356284e-06,0.0015133383319311004,0.029878572439655023,16.854516578790776,-0.005400435693434434,0.00799046409932905,-0.0009998657362269609,-7.419305552954163e-05,8.018599862008665e-05,-2.9431849190397888e-05,-0.00012179122188412899,-0.03467932236986075,0.01652269137744361,0.16853000777125018,0.0006850687802272034,0.0001300099285085368,-0.0001405310212542789,5.1570385871123346e-05,0.0002134469550368836
198,3.96,0,0.0027099060025648214,0.029714783933671638,0.001920017317487838,0.01163701648235089,0.010231170328946515,0.013481059569315976,0.00014122393295081185,0.00023913274821832546,6.30396481544615e-05,6.30396481544615e-05,-0.00010675542214902543,0.00010675542214902543,-6.811771698089775e-05,6.811771698089775e-05,0.00011533743165813641,0.00011533743165813641,2.5016063122440535e-05,2.5016063122440535e-05,-4.237588430245609e-05,4.237588430245609e-05,0.0001034619505800151,0.0001034619505800151,-0.00017518365334791367,0.00017518365334791367,0.0014745865997812773,0.013542015261050627,0.013745340847462527,0.018173896711144583,7.977679695238159e-06,5.718447127044903e-06,0.0024155103045040557,0.0271286455499444,16.853832399351923,-0.005033990156959186,0.01119184834047334,-0.0009863884203119492,-7.168107411839337e-05,7.747054844156503e-05,-2.8435581356937157e-05,-0.00011766684742725988,-0.03420897194265336,0.01832227682376248,0.1600692120572146,0.0006738657957505944,0.00012559907055741332,-0.00013577250892608166,4.981339167303668e-05,0.00020621872284345527
199,3.98,0,0.0024519139988115057,0.03346129764235561,0.001693959162624493,0.01035630858321979,0.009966690101496232,0.010545547421605551,0.00013644127800714015,0.0002310328857875289,6.0904539711470473e-05,6.0904539711470473e-05,-0.00010313738141352723,0.00010313738141352723,-6.581096834773481e-05,6.581096834773481e-05,0.00011143171687613088,0.00011143171687613088,2.416854543640934e-05,2.416854543640934e-05,-4.093765817889407e-05,4.093765817889407e-05,9.995827751305684e-05,9.995827751305684e-05,-0.0001692511609630487,0.0001692511609630487,0.001147799057855789,0.010725312747087188,0.01304387995982855,0.011120857042133147,7.446488937688682e-06,5.337619431531336e-06,0.0038111986848381268,0.024172033433903697,16.853159274937084,-0.004635769913576628,0.014201322001051163,-0.000973112744429592,-6.92542696643891e-05,7.484704804799994e-05,-2.7473201128943283e-05,-0.00011368214191062118,-0.03365622074193941,0.0199110121691279,0.15047368302889122,0.0006637837941178666,0.00012134022270021289,-0.00013117501967825287,4.81190113996937e-05,0.00019923527583193604
200,4.0,0,0.002449614999932237,0.03776161720969791,0.0014937822208857556,0.009035109412321465,0.009766817924208865,0.007922168439194188,0.0001318206203058821,0.00022320755291763893,5.88417920832085e-05,5.88417920832085e-05,-9.964223615851235e-05,9.964223615851235e-05,-6.358233401021485e-05,6.358233401021485e-05,0.00010765825371673468,0.00010765825371673468,2.3349792272808756e-05,2.3349792272808756e-05,-3.954853853200997e-05,3.954853853200997e-05,9.657325429379584e-05,9.657325429379584e-05,-0.00016351957057018327,0.00016351957057018327,0.0008925541293737519,0.008163320209261991,0.01252596134091034,0.006276075277896446,6.950670375131012e-06,4.982161167948057e-06,0.00560502575819459,0.021104819048464278,16.85249880637284,-0.004210141051225034,0.016998525943555394,-0.0009600183129280652,-6.690971502919986e-05,7.231238562673376e-05,-2.654351007739532e-05,-0.00010983237545711932,-0.03302342821181016,0.021281443117579634,0.1398601971252114,0.0006547215750763392,0.00011722773175946207,-0.00012673312106331,4.6484552577398204e-05,0.00019248832267509226
201,4.0200000000000005,0,0.002399215998593718,0.042492375816461314,0.0013202459786539082,0.007689555980406779,0.00963165601352229,0.006009163782862977,0.00012735646925739655,0.00021564743495203372,5.6848947360021995e-05,5.6848947360021995e-05,-9.626579543694309e-05,9.626579543694309e-05,-6.142916893586703e-05,6.142916893586703e-05,0.00010401256419798638,0.00010401256419798638,2.255882150214994e-05,2.255882150214994e-05,-3.820683437611367e-05,3.820683437611367e-05,9.330286288239224e-05,9.330286288239224e-05,-0.00015798207849689858,0.00015798207849689858,0.0006972197776607262,0.005912927117580965,0.012181669467350411,0.0036110049369272082,6.487868104684075e-06,4.65038162013916e-06,0.0076947107566998985,0.01802163624543795,16.851852528592545,-0.003761576705457484,0.019565542999629093,-0.0009470868687831711,-6.464459091331813e-05,6.986355438512764e-05,-2.564536028285413e-05,-0.00010611297839361297,-0.032313889015060895,0.022428217288377524,0.12835085280368502,0.0006465722072447075,0.00011325620579408699,-0.0001224415620803071,4.4907489727059546e-05,0.00018596985317531717
202,4.04,0,0.002288019997649826,0.047533538924729044,0.0011737622510308052,0.006338503296701064,0.00956081737339565,0.005501274741410431,0.0001230435205648994,0.00020834353164182775,5.4923631451264665e-05,5.4923631451264665e-05,-9.300400872497162e-05,9.300400872497162e-05,-5.9348917651913524e-05,5.9348917651913524e-05,0.00010049032213451387,0.00010049032213451387,2.179468481466884e-05,2.179468481466884e-05,-3.6910909454033855e-05,3.6910909454033855e-05,9.014322131245425e-05,9.014322131245425e-05,-0.00015263211149247865,0.00015263211149247865,0.0005510871287779611,0.004017662404229026,0.012003141587888688,0.0030264023780480396,6.055883181201928e-06,4.340702717698927e-06,0.009974907678731262,0.015012535054801466,16.851221891693964,-0.0032946153476465538,0.02188698020920239,-0.0009343023469337837,-6.24561809302709e-05,6.749764904006104e-05,-2.4777651230103284e-05,-0.0001025195358196834,-0.03153184492884589,0.023348067890546546,0.11607186047866466,0.0006392260924693639,0.00010942049915236086,-0.00011829526725332734,4.338545263754211e-05,0.0001796721286964787
203,4.0600000000000005,0,0.0026980059992638417,0.052771026379369965,0.001054397941175074,0.005006974254977813,0.009553407275394986,0.006602875009167148,0.00011887664993621964,0.00020128714722365384,5.306355127676632e-05,5.306355127676632e-05,-8.985296230145456e-05,8.985296230145456e-05,-5.73391112091981e-05,5.73391112091981e-05,9.708734794013761e-05,9.708734794013761e-05,2.1056466625535286e-05,2.1056466625535286e-05,-3.565918176834722e-05,3.565918176834722e-05,8.709057908260474e-05,8.709057908260474e-05,-0.000147463318925938,0.000147463318925938,0.00044470200734169377,0.002506979119001062,0.011984542762312915,0.004359795838668406,5.652663160023402e-06,4.051651563743688e-06,0.012340922220046844,0.012160184320807442,16.85060824254265,-0.002813819746089163,0.02395002687035,-0.0009216508702710752,-6.034186697185797e-05,6.52118624235662e-05,-2.3939326933832568e-05,-9.904778236120418e-05,-0.0306824575656967,0.024039780077869458,0.10315233305738064,0.0006325738331354241,0.00010571569792064737,-0.00011428933082474301,4.1916214813535574e-05,0.000173587672923961
204,4.08,0,0.0024953129977802746,0.0580989478539083,0.0009619187226485655,0.0037363888981712732,0.009608004759478789,0.00859922686772166,0.00011485090699431486,0.00019446988066405601,5.126649203074374e-05,5.126649203074374e-05,-8.680887548243416e-05,8.680887548243416e-05,-5.539736425042019e-05,5.539736425042019e-05,9.379960361790688e-05,9.379960361790688e-05,2.034328299016508e-05,2.034328299016508e-05,-3.445012281965345e-05,3.445012281965345e-05,8.414131270408597e-05,8.414131270408597e-05,-0.00014246956524746528,0.00014246956524746528,0.0003701150515927391,0.0013960601998377537,0.012121916914140298,0.007394670272254606,5.276292334966704e-06,3.781853448549218e-06,0.01469218903631534,0.009537487006991712,16.850012807645957,-0.0023237369305596422,0.025744488616634812,-0.0009091206937491618,-5.8299124853377994e-05,6.300348219927115e-05,-2.312937328953706e-05,-9.569359710237311e-05,-0.029771744834401478,0.024504140776476103,0.08972308731424081,0.0006265088260956693,0.00010213710592399829,-0.00011041901121475333,4.0497682214775633e-05,0.00016770926294155445
205,4.1,0,0.0024503149979864247,0.06342140982840745,0.0008958894723328874,0.0026193919055725236,0.00972265127212898,0.010895391145345504,0.00011096150938250757,0.0001878836160922974,4.9530314521095686e-05,4.9530314521095686e-05,-8.386809675903681e-05,8.386809675903681e-05,-5.352137217806696e-05,5.352137217806696e-05,9.062318792964681e-05,9.062318792964681e-05,1.9654280533742963e-05,1.9654280533742963e-05,-3.3282256610117796e-05,3.3282256610117796e-05,8.129192139913672e-05,8.129192139913672e-05,-0.0001376449227045474,0.0001376449227045474,0.00032104717865475975,0.0006861213954978856,0.012412929871075583,0.011870954821007319,4.924982625777725e-06,3.5300253195917784e-06,0.01693540549997562,0.007205665260200577,16.84943667794255,-0.001828859472779284,0.02726279793561525,-0.0008967021032926657,-5.6325520224326284e-05,6.0869887686940795e-05,-2.2346815638725847e-05,-9.245299869007198e-05,-0.028806485170617492,0.02474387288901788,0.07591546594902174,0.0006209295228248074,9.868023145258543e-05,-0.00010667972561651684,3.912788254056067e-05,0.00016202992061505603
206,4.12,0,0.0025445109968131874,0.06865386913800871,0.0008558188936679268,0.001910947072031749,0.009894852650734844,0.013227388154717797,0.0001072038370614536,0.0001815205134394848,4.785295258591393e-05,4.785295258591393e-05,-8.102709988063028e-05,8.102709988063028e-05,-5.170890841948994e-05,5.170890841948994e-05,8.755433173738284e-05,8.755433173738284e-05,1.8988635401506748e-05,1.8988635401506748e-05,-3.21541584633866e-05,3.21541584633866e-05,7.853902294504569e-05,7.853902294504569e-05,-0.0001329836643043058,0.0001329836643043058,0.00029297039150359764,0.00036517187121067133,0.012856523455066262,0.017496379739556867,4.597065072279475e-06,3.294969679933418e-06,0.018987235721195803,0.005212853194559309,16.848880796053184,-0.001333588375190284,0.028500001729988216,-0.0008843872770781694,-5.441870473015784e-05,5.880854678978132e-05,-2.1590716537217135e-05,-8.932214060464279e-05,-0.027794094468579653,0.02476355487945002,0.0618601897186482,0.0006157413107248197,9.534077470842257e-05,-0.00010306704485797357,3.780495507543582e-05,0.00015654290427145916
207,4.14,0,0.002459113999066176,0.07372402475146664,0.000841289100765861,0.002022819259797892,0.010121598107705276,0.015478457753805179,0.00010357342679304999,0.00017537299929832898,4.6232410588320505e-05,4.6232410588320505e-05,-7.828247991881872e-05,7.828247991881872e-05,-4.995782178474073e-05,4.995782178474073e-05,8.458939350955594e-05,8.458939350955594e-05,1.8345552232235107e-05,1.8345552232235107e-05,-3.1064453705090966e-05,3.1064453705090966e-05,7.58793496589596e-05,7.58793496589596e-05,-0.0001284802570138354,0.0001284802570138354,0.00028310694042697234,0.00040917977578092905,0.013452501897405936,0.02395826544363316,4.290981895062113e-06,3.075568888289169e-06,0.020776518128468785,0.0035932160104154027,16.848345946426697,-0.0008421978385092739,0.029453726700371392,-0.0008721701173515915,-5.2576412409557276e-05,5.681701302340089e-05,-2.0860173710997162e-05,-8.629730659136398e-05,-0.02674248132377399,0.02456952683405049,0.04768624851915904,0.0006108579863288962,9.211461603002843e-05,-9.95766883190221e-05,3.652714131099842e-05,0.00015124170066394118
208,4.16,0,0.002288019997649826,0.07857225528281413,0.0008519867689589586,0.002799248769837521,0.010399396586781878,0.0175884386181762,0.00010006596680725155,0.0001694337580145544,4.466676098996425e-05,4.466676098996425e-05,-7.563094934230085e-05,7.563094934230085e-05,-4.826603391455686e-05,4.826603391455686e-05,8.172485498513654e-05,8.172485498513654e-05,1.772426315815867e-05,1.772426315815867e-05,-3.0011816241993874e-05,3.0011816241993874e-05,7.330974451868295e-05,7.330974451868295e-05,-0.00012412935519059176,0.00012412935519059176,0.00029035258179245033,0.0007835793675436872,0.014201073168595691,0.03093531730253518,4.005279085227986e-06,2.8707798354934567e-06,0.022245930580891818,0.00236659515957272,16.847832748693722,-0.00035880215501946436,0.030124123494900904,-0.0008600460612134439,-5.0796456309444406e-05,5.489292264055777e-05,-2.015431818748233e-05,-8.337490624711602e-05,-0.02565988664903438,0.024169784174490488,0.03351983972647535,0.000606202806907377,8.899780500564313e-05,-9.620451914215609e-05,3.52927761757411e-05,0.00014612001721239646
209,4.18,0,0.002272420999361202,0.08315162431881712,0.000887597937248811,0.0038013792211540583,0.010724327936539775,0.019521532872923884,9.667729164698936e-05,0.00016369572301813784,4.3154142003121176e-05,4.3154142003121176e-05,-7.306933412755157e-05,7.306933412755157e-05,-4.663153681483401e-05,4.663153681483401e-05,7.895731698938813e-05,7.895731698938813e-05,1.7124026833292838e-05,1.7124026833292838e-05,-2.8994967071883128e-05,2.8994967071883128e-05,7.082715741487115e-05,7.082715741487115e-05,-0.00011992579423512201,0.00011992579423512201,0.00031513203928333763,0.0014450483983021833,0.015102368234755092,0.03810902457086478,3.738599488078815e-06,2.67962897344309e-06,0.02335308804653652,0.0015386614184667764,16.847341654414898,0.00011267505037425989,0.03051379072463311,-0.00084801187877065,-4.907672530334674e-05,5.303399185117257e-05,-1.947231258656575e-05,-8.055147075691127e-05,-0.024554713940940893,0.023573860269686213,0.01948336148661039,0.0006017091221396968,8.598655030488333e-05,-9.29465394692595e-05,3.410028004582926e-05,0.00014117177451023909
210,4.2,0,0.002360817998123821,0.08742748854553015,0.0009476242768652275,0.004840949745260251,0.01109210453144863,0.021254246355634405,9.340337718662224e-05,0.00015815206839975475,4.169275532056593e-05,4.169275532056593e-05,-7.059456992553966e-05,7.059456992553966e-05,-4.505239047503107e-05,4.505239047503107e-05,7.628349539507365e-05,7.628349539507365e-05,1.654412749185763e-05,1.654412749185763e-05,-2.8012672751394153e-05,2.8012672751394153e-05,6.842864153016877e-05,6.842864153016877e-05,-0.0001158645844586769,0.0001158645844586769,0.00035919670804173803,0.002343479443613528,0.016155960819754536,0.04517429881459983,3.489676347946569e-06,2.50120767391207e-06,0.024071068593308258,0.0011015414831509925,16.84687294728561,0.000568529035432798,0.03062768008430053,-0.0008360654667384861,-4.7415181096280996e-05,5.123801413320819e-05,-1.881334955609605e-05,-7.782364877515632e-05,-0.02343535646467715,0.02279269925292691,0.005694467983371157,0.0005973206016081978,8.307721035328724e-05,-8.979888589821863e-05,3.294815152348526e-05,0.00013639109908774677
211,4.22,0,0.0024752140016062185,0.09137675454401377,0.0010312324048707112,0.005851552567586387,0.011498138477492457,0.022770383036965068,9.024033581861916e-05,0.0001527962007357281,4.028086392204866e-05,4.028086392204866e-05,-6.820369830085156e-05,6.820369830085156e-05,-4.3526720567121924e-05,4.3526720567121924e-05,7.370021722352908e-05,7.370021722352908e-05,1.5983874036784584e-05,1.5983874036784584e-05,-2.7063743844190997e-05,2.7063743844190997e-05,6.611134984099514e-05,6.611134984099514e-05,-0.00011194090515848072,0.00011194090515848072,0.000425376109142172,0.0034240667451226835,0.017360409029616858,0.05184903436501065,3.257327283462863e-06,2.3346678959272914e-06,0.024388383116260178,0.0010348695203759167,16.846426746737656,0.001005299443418086,0.03047298394442803,-0.0008242056450088205,-4.58098554014953e-05,4.950285763125135e-05,-1.817665033984183e-05,-7.518820244668596e-05,-0.022310027397669505,0.0218385203992644,-0.007734806993624971,0.0005929910864832771,8.026628473928472e-05,-8.675782509784231e-05,3.1834960812710596e-05,0.0001317723164235176
212,4.24,0,0.0026580080011626706,0.09498683875368147,0.0011372066409848702,0.0068039920625666515,0.011937610101122584,0.024058746545931063,8.718441180393187e-05,0.0001476217511626138,3.891678995604497e-05,3.891678995604497e-05,-6.589386305589928e-05,6.589386305589928e-05,-4.205271622265139e-05,4.205271622265139e-05,7.120441688016009e-05,7.120441688016009e-05,1.544259915986501e-05,1.544259915986501e-05,-2.6147033367736002e-05,2.6147033367736002e-05,6.387253173782562e-05,6.387253173782562e-05,-0.0001081500988936669,0.0001081500988936669,0.0005172955777200365,0.004629430798746999,0.018712838271247197,0.05788232853613498,3.0404486646390293e-06,2.1792181416316662e-06,0.02430842225666012,0.00130720337286865,16.846003014766485,0.0014197929525313195,0.03005900689246344,-0.0008124319629173429,-4.425884727635633e-05,4.782646264174043e-05,-1.7561463464709424e-05,-7.264200356279222e-05,-0.021186598558827246,0.02072467545566167,-0.020698852598229553,0.0005886841045738723,7.755040625694829e-05,-8.381974947554606e-05,3.0759343756620454e-05,0.0001273099441946883
213,4.26,0,0.002524112001992762,0.09825439131692747,0.0012639948064220052,0.007682256306019383,0.012405534549328126,0.025111981249755302,8.423197678075566e-05,0.00014262256770089244,3.7598912694947195e-05,3.7598912694947195e-05,-6.36623066498544e-05,6.36623066498544e-05,-4.062862788506427e-05,4.062862788506427e-05,6.879313251917023e-05,6.879313251917023e-05,1.49196584925404e-05,1.49196584925404e-05,-2.526143525352554e-05,2.526143525352554e-05,6.170952975995234e-05,6.170952975995234e-05,-0.00010448766595511346,0.00010448766595511346,0.0006390731482647208,0.005901706195137456,0.020208582378400734,0.06306116022880617,2.8380103649575035e-06,2.034119681759565e-06,0.02384842983117182,0.0018777360951433262,16.845601565711345,0.0018091029593580096,0.02939702279678789,-0.000800744520984079,-4.276032060117401e-05,4.620683918054255e-05,-1.6967063531147898e-05,-7.018202984762979e-05,-0.020072452756906813,0.019465500341334513,-0.03309920478377745,0.0005843720966632071,7.492633375911616e-05,-8.098117305989389e-05,2.9719996678076484e-05,0.0001229986857581197
214,4.28,0,0.0031128910013649147,0.10118384825768048,0.0014097948411591775,0.008476157049247278,0.012896824562396162,0.025925930980627263,8.137952542683188e-05,0.00013779270782595917,3.6325666561976e-05,3.6325666561976e-05,-6.150636671946572e-05,6.150636671946572e-05,-3.925276523469856e-05,3.925276523469856e-05,6.646350253278914e-05,6.646350253278914e-05,1.4414429787446004e-05,1.4414429787446004e-05,-2.4405882832545974e-05,2.4405882832545974e-05,5.9619776440850104e-05,5.9619776440850104e-05,-0.00010094925902263332,0.00010094925902263332,0.000795008597663612,0.007184523832350431,0.021840896865508923,0.06721538972122483,2.6490508634785502e-06,1.8986830330010146e-06,0.023038065364683544,0.0026982273549724036,16.84522207862989,0.0021706262123369277,0.028500119047748997,-0.0007891438128126541,-4.131250169210443e-05,4.4642064631179454e-05,-1.639275010038564e-05,-6.780536137054734e-05,-0.018974354072434328,0.018076162648945897,-0.044845187451944934,0.0005800354085712391,7.239094545347867e-05,-7.823872746815516e-05,2.8715671538113036e-05,0.00011883342385412384
215,4.3,0,0.002532811002311064,0.10378587773148644,0.0015726388245140568,0.009178685225815412,0.01340634851804773,0.026499246695845025,7.862367127042211e-05,0.00013312643128307624,3.509553922759201e-05,3.509553922759201e-05,-5.94234727063222e-05,5.94234727063222e-05,-3.792349518405569e-05,3.792349518405569e-05,6.42127621603173e-05,6.42127621603173e-05,1.392631213081863e-05,1.392631213081863e-05,-2.3579347354612852e-05,2.3579347354612852e-05,5.7600791260397364e-05,5.7600791260397364e-05,-9.753067800318849e-05,9.753067800318849e-05,0.0009892771489475815,0.00842482624746021,0.023600754895414314,0.07022100754472534,2.4726726736157594e-06,1.7722646706167619e-06,0.02191762869999915,0.0037150795132456184,16.844864111838838,0.0025020762639452626,0.027383029047763883,-0.0007776305852120007,-3.9913676477700336e-05,4.313028086935256e-05,-1.5837846444537072e-05,-6.550917059982485e-05,-0.017898339552756187,0.016572502580416777,-0.05585449999925579,0.0005756613800326731,6.994126072020526e-05,-7.558918809134481e-05,2.7745182792428166e-05,0.0001148095385361248
216,4.32,0,0.002381317000981653,0.1060757850314796,0.0017504567037363934,0.00978491904779155,0.013928983563744403,0.0268331183616881,7.596114264487633e-05,0.00012861819314230707,3.390706977346447e-05,3.390706977346447e-05,-5.7411142593631337e-05,5.7411142593631337e-05,-3.6639239940849944e-05,3.6639239940849944e-05,6.203824021263531e-05,6.203824021263531e-05,1.3454725183770222e-05,1.3454725183770222e-05,-2.2780836548587606e-05,2.2780836548587606e-05,5.5650177700333585e-05,5.5650177700333585e-05,-9.422786504400613e-05,9.422786504400613e-05,0.0012256394686622717,0.009574464077183388,0.02547673300541248,0.07200162410123628,2.308038076766099e-06,1.6542639607191802e-06,0.020536026056114168,0.0048714574116837436,16.844527119140867,0.002801494120828829,0.02606195821788965,-0.00076620574785547,-3.856219020857601e-05,4.166969407926619e-05,-1.5301699330721297e-05,-6.329074077844175e-05,-0.016849634898568597,0.014970892844178282,-0.06605354149371166,0.0005712418678265287,6.757431345621618e-05,-7.302933950431817e-05,2.680735569078858e-05,0.0001109214910691549
217,4.34,0,0.0022392210012185387,0.10807193791816055,0.0019411197556639763,0.01029151696650238,0.014459664060190154,0.026931069683247644,7.338877878215368e-05,0.00012426263649675424,3.275884692161002e-05,3.275884692161002e-05,-5.5466979691861226e-05,5.5466979691861226e-05,-3.5398475136616536e-05,3.5398475136616536e-05,5.993735584115945e-05,5.993735584115945e-05,1.299910845276031e-05,1.299910845276031e-05,-2.20093932036931e-05,2.20093932036931e-05,5.376562039945349e-05,5.376562039945349e-05,-9.103689899465265e-05,9.103689899465265e-05,0.0015071783623315897,0.010591532147180635,0.027454990021942426,0.07252825142839402,2.154365140454356e-06,1.5441202829124475e-06,0.018948566844753757,0.00610943281401163,16.84421046722656,0.0030672552236972296,0.02455439771309596,-0.0007548702716979443,-3.725644330789006e-05,4.025857036355275e-05,-1.47836773004548e-05,-6.114743824081557e-05,-0.01583259571545487,0.01328805514342004,-0.07537802523968422,0.0005667738078762808,6.52873450342978e-05,-7.055618578567168e-05,2.5901101513324905e-05,0.00010716512688130839
218,4.36,0,0.0024182160013879184,0.10979426824958113,0.002142469981529467,0.010696455009741809,0.014993425722948883,0.02679878482732489,7.090352605231588e-05,0.00012005458743944469,3.164950732775784e-05,3.164950732775784e-05,-5.358866974927398e-05,5.358866974927398e-05,-3.4199728019768116e-05,3.4199728019768116e-05,5.790761564539353e-05,5.790761564539353e-05,1.2558920588712219e-05,1.2558920588712219e-05,-2.1264093884474012e-05,2.1264093884474012e-05,5.194488241956033e-05,5.194488241956033e-05,-8.795399252618476e-05,8.795399252618476e-05,0.0018360710487019493,0.01144141497754306,0.02951933902888105,0.07181748682212587,2.0109240026605744e-06,1.4413103965255269e-06,0.017214665832270663,0.007372002103403685,16.84391345372236,0.003298073714423967,0.022878935925260392,-0.0007436251421296646,-3.599489020355312e-05,3.88952345444843e-05,-1.428317015332465e-05,-5.9076718533235015e-05,-0.014850675209870386,0.011540924536336872,-0.0837730893917786,0.000562256478413991,6.307765521684639e-05,-6.816679095342308e-05,2.5025357356507618e-05,0.0001035359853790274
219,4.38,0,0.0023775170011504088,0.11126289994572405,0.002352341463263517,0.010998874100919466,0.015525445871205183,0.026443949960251196,6.850243430364261e-05,0.00011598904786993313,3.0577733932779516e-05,3.0577733932779516e-05,-5.177397792245355e-05,5.177397792245355e-05,-3.304157570688249e-05,3.304157570688249e-05,5.594661061407789e-05,5.594661061407789e-05,1.2133638710998262e-05,1.2133638710998262e-05,-2.0544047597360767e-05,2.0544047597360767e-05,5.0185802569036736e-05,5.0185802569036736e-05,-8.497548649447707e-05,8.497548649447707e-05,0.002213404143915497,0.012097523148787696,0.031651408913032,0.06992824895002692,1.8770334022099486e-06,1.3453459225773637e-06,0.015395546020504835,0.008604974336047384,16.84363532536575,0.0034930035482308836,0.02105506508353765,-0.0007324713304743498,-3.477603745584787e-05,3.7578068178890896e-05,-1.3799588167480572e-05,-5.707612339754867e-05,-0.013906417830306248,0.009746491690345836,-0.09119354208613686,0.0005576905827657376,6.09426373852628e-05,-6.585831827966981e-05,2.417909929220388e-05,0.00010002975678431725
220,4.4,0,0.0024225150009442586,0.11249694449074779,0.0025685777118640606,0.011198979228339921,0.016051080107492743,0.025876101983448682,6.618265334635609e-05,0.00011206118946606463,2.954225437434843e-05,2.954225437434843e-05,-5.002074595368683e-05,5.002074595368683e-05,-3.1922643494608494e-05,3.1922643494608494e-05,5.405201327301194e-05,5.405201327301194e-05,1.1722757759069502e-05,1.1722757759069502e-05,-1.984839454802342e-05,1.984839454802342e-05,4.8486292839147174e-05,4.8486292839147174e-05,-8.209784560989462e-05,8.209784560989462e-05,0.0026390365847539245,0.012541713575678898,0.033830888852467385,0.06695726538578367,1.752057441585575e-06,1.2557710184549232e-06,0.013552014386021737,0.009758648915320432,16.843375295805934,0.0036514366360663685,0.01910298572224129,-0.0007214097892621771,-3.3598441963038526e-05,3.63055076389061e-05,-1.333236136658284e-05,-5.514327785521585e-05,-0.013001477990946957,0.007921654391774235,-0.09760396806481819,0.0005530770606086339,5.88797746404668e-05,-6.362802699923925e-05,2.3361340044886548e-05,9.664227711664101e-05
221,4.42,0,0.0024613139976281673,0.11351349654788859,0.002789047211778788,0.01129796349115861,0.016565895668900224,0.02510648065178732,6.394142955710904e-05,0.00010826634786541963,2.8541839455276108e-05,2.8541839455276108e-05,-4.832688945392695e-05,4.832688945392695e-05,-3.084160322913698e-05,3.084160322913698e-05,5.2221574929220714e-05,5.2221574929220714e-05,1.1325789868066316e-05,1.1325789868066316e-05,-1.9176304950185327e-05,1.9176304950185327e-05,4.684433592694933e-05,4.684433592694933e-05,-7.931765425296729e-05,7.931765425296729e-05,0.0031115137398124116,0.012764397904755281,0.0360358464434618,0.06303353707185708,1.6354025655226949e-06,1.172160208011605e-06,0.011742383525345507,0.010789241770571214,16.843132562567202,0.0037730981200248654,0.01704341077450298,-0.0007104414683831398,-3.246070924212659e-05,3.5076042257518354e-05,-1.2880938825912919e-05,-5.327588738858867e-05,-0.012136661936565969,0.006083074197924848,-0.10297874738691556,0.0005484160439518737,5.688663604559754e-05,-6.147326906938744e-05,2.257112703349604e-05,9.336952333135878e-05
222,4.44,0,0.002249622000817908,0.11432685263065714,0.0030116581693891936,0.011297943892383701,0.017065701591909864,0.02414788352130576,6.177610259988615e-05,0.00010460001704962184,2.757530166619393e-05,2.757530166619393e-05,-4.6690395288272684e-05,4.6690395288272684e-05,-2.979717173057228e-05,2.979717173057228e-05,5.0453123008074646e-05,5.0453123008074646e-05,1.0942263769075922e-05,1.0942263769075922e-05,-1.8526977885340606e-05,1.8526977885340606e-05,4.525798284189006e-05,4.525798284189006e-05,-7.66316124309949e-05,7.66316124309949e-05,0.0036280339716994667,0.012764353619545013,0.03824310788174944,0.058312027855855014,1.5265147409726636e-06,1.094116356678118e-06,0.010020601640394103,0.011660026004929228,16.842906322762254,0.003858038906698455,0.014897371002155907,-0.0006995673485728493,-3.136149177654596e-05,3.388821253609633e-05,-1.2444788014632906e-05,-5.147173521635579e-05,-0.011311990247386099,0.004247039333679488,-0.1073019886173534,0.0005437059905145204,5.4960873279030715e-05,-5.939148607110169e-05,2.180754056400052e-05,9.020760861164407e-05
223,4.46,0,0.0022742210021533538,0.11494796600951254,0.0032343728104300743,0.01120190238531695,0.017546575755891934,0.023014525667311363,5.968410225896053e-05,0.00010105784392485355,2.6641493760415358e-05,2.6641493760415358e-05,-4.510931906092312e-05,4.510931906092312e-05,-2.8788109270427853e-05,2.8788109270427853e-05,4.874455848023506e-05,4.874455848023506e-05,1.0571724211372313e-05,1.0571724211372313e-05,-1.7899640212070863e-05,1.7899640212070863e-05,4.372535059327023e-05,4.372535059327023e-05,-7.403653187072755e-05,7.403653187072755e-05,0.004184466990739735,0.012548261705016954,0.040428686852019405,0.05296683916913334,1.4248768249832228e-06,1.0212687818740057e-06,0.008434642532062784,0.012342164756838346,16.842695787203752,0.003906625603618898,0.012686023410815131,-0.0006887884882110749,-3.029948742847977e-05,3.274060841196947e-05,-1.2023394170475172e-05,-4.9728679660169056e-05,-0.010526777925180197,0.0024293348460221508,-0.11056737956703902,0.0005389430180887141,5.310021740330963e-05,-5.738020620634284e-05,2.1069692207886738e-05,8.715277780933688e-05
224,4.48,0,0.0022587210005440284,0.11538414141811743,0.003455221246098319,0.011013629119136668,0.018004888815451647,0.02172190882308227,5.766294538050052e-05,9.763562309179403e-05,2.573930737920227e-05,2.573930737920227e-05,-4.358178269599232e-05,4.358178269599232e-05,-2.781321810080284e-05,2.781321810080284e-05,4.709385337533075e-05,4.709385337533075e-05,1.0213731407082705e-05,1.0213731407082705e-05,-1.7293545523466645e-05,1.7293545523466645e-05,4.2244619955855624e-05,4.2244619955855624e-05,-7.152933224246402e-05,7.152933224246402e-05,0.004775421543795687,0.012130002637389512,0.042568247556692355,0.04718413229182993,1.3300061079818342e-06,9.532714896522862e-07,0.007025195364442985,0.012815225877066854,16.842500192631995,0.003919528022078336,0.010430464224212293,-0.0006781060791048917,-2.927343790804986e-05,3.163186758203919e-05,-1.161625970178893e-05,-4.8044651594394126e-05,-0.009779728587623677,0.0006451209229718889,-0.11277795933014179,0.0005341204553091608,5.130247602149565e-05,-5.543704149651398e-05,2.035672343431219e-05,8.42014032887461e-05
225,4.5,0,0.0023941170002217405,0.11563896398077485,0.0036723147895672283,0.010737666802635326,0.018437324998680428,0.020286708444118673,5.5710232918703056e-05,9.43292917984185e-05,2.486767172527049e-05,2.486767172527049e-05,-4.210597211071315e-05,4.210597211071315e-05,-2.687134103329658e-05,2.687134103329658e-05,4.549904837940172e-05,4.549904837940172e-05,9.867860496615144e-06,9.867860496615144e-06,-1.6707973150912038e-05,1.6707973150912038e-05,4.0814033311006425e-05,4.0814033311006425e-05,-6.910703751109791e-05,6.910703751109791e-05,0.005394358365469677,0.011529748836441674,0.044637586644843456,0.04115505394966758,1.241452020742458e-06,8.898015291191183e-07,0.005824681392065738,0.01306737949127829,16.8423188118513,0.003897704426950072,0.008151547908411213,-0.0006675215068875951,-2.828212730234857e-05,3.056067388670278e-05,-1.1222903616556796e-05,-4.641765198952322e-05,-0.009069039034571721,-0.0010911797564132023,-0.11394581579005394,0.0005292286108648425,4.9565530285064467e-05,-5.3559684766820267e-05,1.9667804261606643e-05,8.134998024354563e-05
226,4.5200000000000005,0,0.0026172079997195397,0.11571244840453056,0.0038838585609251137,0.01037925643674733,0.01884089973368255,0.01872669377353328,5.382364708276995e-05,9.113492506846722e-05,2.402555228303571e-05,2.402555228303571e-05,-4.0680134977083896e-05,4.0680134977083896e-05,-2.5961360065718253e-05,2.5961360065718253e-05,4.395825051302811e-05,4.395825051302811e-05,9.533701033626052e-06,9.533701033626052e-06,-1.614222721212058e-05,1.614222721212058e-05,3.943189256078454e-05,3.943189256078454e-05,-6.676677240924193e-05,6.676677240924193e-05,0.0060337429285085165,0.010772896417976085,0.04661311867880254,0.035068905968769014,1.1587939941162278e-06,8.305574567235133e-07,0.004856612080385771,0.01309529035221594,16.842150961645004,0.0038423847280879015,0.005869713637657695,-0.0006570364117146488,-2.7324380661159774e-05,2.9525755753107085e-05,-1.0842860975775751e-05,-4.48457495538341e-05,-0.00839251031490263,-0.0027659849431085053,-0.11409171353767593,0.0005242547586473138,4.788733205943983e-05,-5.174590667978505e-05,1.9002132039052278e-05,7.859512178445591e-05
227,4.54,0,0.0023758169991197065,0.11560138711010243,0.004088163218628452,0.009944285822195845,0.019212974065519507,0.017060708476632675,5.200094858144341e-05,8.804873100042158e-05,2.3211949583490377e-05,2.3211949583490377e-05,-3.930257856877997e-05,3.930257856877997e-05,-2.508219505548137e-05,2.508219505548137e-05,4.246963088788085e-05,4.246963088788085e-05,9.210856489416663e-06,9.210856489416663e-06,-1.5595635701502383e-05,1.5595635701502383e-05,3.809655711259981e-05,3.809655711259981e-05,-6.450575902927318e-05,6.450575902927318e-05,0.006685231400858616,0.009888882051352528,0.04847235017531686,0.029106777372464598,1.0816394613479684e-06,7.752579030784598e-07,0.004135290537515478,0.012903726701486946,16.841996008416288,0.0037550518152436817,0.0036048204785522602,-0.0006466527448154598,-2.6399062610815782e-05,2.8525884667674077e-05,-1.0475682360739958e-05,-4.33270782633622e-05,-0.00774766143583671,-0.0043666456422109855,-0.1132446579552718,0.0005191833449594442,4.62659025171996e-05,-4.9993554271650144e-05,1.835893075178967e-05,7.593356452359476e-05
228,4.5600000000000005,0,0.0022682199996779673,0.1152998698101785,0.004283655673812154,0.009439243593104293,0.01955126583608939,0.015308765077972726,5.023997396146495e-05,8.506704623250963e-05,2.2425898012101708e-05,2.2425898012101708e-05,-3.7971667690155504e-05,3.7971667690155504e-05,-2.4232802437740286e-05,2.4232802437740286e-05,4.1031422539572654e-05,4.1031422539572654e-05,8.898943775426105e-06,8.898943775426105e-06,-1.506754962086609e-05,1.506754962086609e-05,3.6806441932014326e-05,3.6806441932014326e-05,-6.232131353200217e-05,6.232131353200217e-05,0.00733988237271322,0.008909931960996043,0.05019432813966837,0.023435828821255722,1.0096219934594704e-06,7.23640235472393e-07,0.0036658463309972847,0.012504915302773319,16.841853371576473,0.003637421261906184,0.001375992486530091,-0.0006363728177885736,-2.5505076045738294e-05,2.7559873731285644e-05,-1.012093337019062e-05,-4.185983541131438e-05,-0.007131841990687072,-0.005881527666874888,-0.11144139960110842,0.000513996351344309,4.469932825387445e-05,-4.8300546819421396e-05,1.7737449527466696e-05,7.336214260239154e-05
229,4.58,0,0.0023848160017223563,0.11479994223400723,0.004468888668104053,0.008871183500800219,0.019853857617123948,0.013492363024765738,4.8538633036825875e-05,8.218633154943996e-05,2.1666464658287587e-05,2.1666464658287587e-05,-3.668582268133998e-05,3.668582268133998e-05,-2.3412173986936402e-05,2.3412173986936402e-05,3.964191833158392e-05,3.964191833158392e-05,8.59759278304395e-06,8.59759278304395e-06,-1.4557342147518742e-05,1.4557342147518742e-05,3.556001566137434e-05,3.556001566137434e-05,-6.021084294659773e-05,6.021084294659773e-05,0.007988386371163525,0.007869789670487001,0.05176005032004308,0.01820438599920656,9.423995588334575e-07,6.754593093554469e-07,0.0034445829683097343,0.011917680066933639,16.841722524771757,0.003491419614239861,-0.0007985252567252108,-0.0006261993408781295,-2.464136085381793e-05,2.6626576253593842e-05,-9.77819413220046e-06,-4.0442279428087985e-05,-0.0065423402357889,-0.007300082383316146,-0.10872588716276511,0.0005086738455222013,4.318575959601795e-05,-4.6664873884589935e-05,1.713696189950811e-05,7.087779916131905e-05
230,4.6000000000000005,0,0.00252961200021673,0.11409236831633945,0.004642549120602199,0.008247707006119256,0.020119201408765063,0.011635274760488621,4.6894906405838625e-05,7.940316766627039e-05,2.093274820463842e-05,2.093274820463842e-05,-3.544351749960646e-05,3.544351749960646e-05,-2.261933562031082e-05,2.261933562031082e-05,3.829946893155078e-05,3.829946893155078e-05,8.306445940076124e-06,8.306445940076124e-06,-1.4064407838926728e-05,1.4064407838926728e-05,3.43557988024424e-05,3.43557988024424e-05,-5.8171842109344024e-05,5.8171842109344024e-05,0.0086213049348817,0.006802467085878864,0.053152826079405996,0.013537961875206351,8.796528987249457e-07,6.304863035437847e-07,0.0034596078322790907,0.011166406061904222,16.841602995101656,0.0033191614956812393,-0.0029014987341287506,-0.0006161354476072372,-2.3806892675395167e-05,2.5724884383757158e-05,-9.447058827959583e-06,-3.907272773417595e-05,-0.005976483504960651,-0.008612905927931106,-0.10514867387017698,0.0005031946635446203,4.172340892113823e-05,-4.5084593491834275e-05,1.655676521204387e-05,6.84775846956018e-05
231,4.62,0,0.0025228119993698783,0.11316745826854323,0.00480346517330331,0.007576978362488313,0.02034612014116068,0.009765392523842438,4.530684305252312e-05,7.671425115512152e-05,2.022387785466373e-05,2.022387785466373e-05,-3.424327787229662e-05,3.424327787229662e-05,-2.1853346241662575e-05,2.1853346241662575e-05,3.7002480856222234e-05,3.7002480856222234e-05,8.025157783309034e-06,8.025157783309034e-06,-1.3588161871512699e-05,1.3588161871512699e-05,3.319236196025542e-05,3.319236196025542e-05,-5.620189070031558e-05,5.620189070031558e-05,0.009229311068455117,0.005741060110561606,0.05435857873897088,0.009536289114471776,8.210840109543848e-07,5.885076330291062e-07,0.0036917065005894817,0.01027987451869541,16.841494360535947,0.0031229257626803866,-0.004916824414106397,-0.0006061847039692352,-2.3000681708701702e-05,2.485372779352638e-05,-9.12713523424534e-06,-3.774955473846127e-05,-0.005431728285652118,-0.009811786650042616,-0.10076628399888231,0.0004975371819000994,4.0310548334673455e-05,-4.355782951153916e-05,1.599617968571204e-05,6.61586497857341e-05
232,4.64,0,0.002380216999881668,0.11201592449938157,0.0049506118858817635,0.006867798319018047,0.020533806042522564,0.0079192201433422,4.377255802941704e-05,7.411639050539406e-05,1.953901229723165e-05,1.953901229723165e-05,-3.308367951708535e-05,3.308367951708535e-05,-2.1113296624519773e-05,2.1113296624519773e-05,3.574941458150389e-05,3.574941458150389e-05,7.753394545839676e-06,7.753394545839676e-06,-1.3128039311117909e-05,1.3128039311117909e-05,3.206832414624902e-05,3.206832414624902e-05,-5.429865037074451e-05,5.429865037074451e-05,0.009803423217853515,0.00471666537507071,0.05536608240992983,0.006271404767871685,7.664147345754727e-07,5.493239341548066e-07,0.004115417256079347,0.009290016213381045,16.841396245780214,0.002905130944784773,-0.00682963534380339,-0.0005963511008319591,-2.2221771556429572e-05,2.4012072405815664e-05,-8.818044280206544e-06,-3.647118990559068e-05,-0.004905737786667913,-0.010889740894780696,-0.09564054648484967,0.0004916801568638127,3.894550761360657e-05,-4.2082769385535684e-05,1.5454547701939986e-05,6.391824164352936e-05
233,4.66,0,0.0024628140017739497,0.11062972828791133,0.005083115550289812,0.006129787173393875,0.020681815963126148,0.006153690812209745,4.22902302193045e-05,7.160650231996831e-05,1.8877338706868585e-05,1.8877338706868585e-05,-3.1963346427264945e-05,3.1963346427264945e-05,-2.03983083328918e-05,2.03983083328918e-05,3.453878271617306e-05,3.453878271617306e-05,7.490833759615789e-06,7.490833759615789e-06,-1.2683494413687624e-05,1.2683494413687624e-05,3.098235113883408e-05,3.098235113883408e-05,-5.245986196715748e-05,5.245986196715748e-05,0.010335225479039237,0.0037574290791104062,0.05616712861615924,0.0037867910612274618,7.1538542880071e-07,5.127491174499627e-07,0.004700257342267216,0.008230630496690525,16.84130831687277,0.002668310202396989,-0.008626393389684548,-0.000586639029001537,-2.1469238109523557e-05,2.3198919166544134e-05,-8.519419618710734e-06,-3.523611588893061e-05,-0.0043964453720880085,-0.011841037119389174,-0.08983790229405784,0.00048560359152109765,3.7626672345300604e-05,-4.065766196357653e-05,1.4931233074790411e-05,6.175370083300337e-05
234,4.68,0,0.002410916000371799,0.10900288232056592,0.005200256613351925,0.005373781375436895,0.020790063770007035,0.004579890719725386,4.085810017288418e-05,6.918160764265931e-05,1.8238071778309273e-05,1.8238071778309273e-05,-3.0880949219394346e-05,3.0880949219394346e-05,-1.9707532678547857e-05,1.9707532678547857e-05,3.336914823724446e-05,3.336914823724446e-05,7.237163871298691e-06,7.237163871298691e-06,-1.2253999954411948e-05,1.2253999954411948e-05,2.9933153899491024e-05,2.9933153899491024e-05,-5.068334284920561e-05,5.068334284920561e-05,0.010817067537884171,0.0028877526270992444,0.0567566203377459,0.002097539900462671,6.677537398949752e-07,4.786094836022856e-07,0.005412050171864295,0.007136115659871534,16.841230274816706,0.0024150860328067208,-0.010294967236142875,-0.0005770532371121977,-2.074218846713591e-05,2.241330285748241e-05,-8.230907210499688e-06,-3.40428667269606e-05,-0.003902102803586875,-0.01266120847951343,-0.08342869232291644,0.0004792895944669602,3.6352482119382496e-05,-3.928081545308596e-05,1.4425620410552381e-05,5.966245809850063e-05
235,4.7,0,0.002242222002678318,0.10713217753757508,0.005301471211585256,0.004612670539500559,0.02085880995103348,0.0034517759468215346,3.947446802003969e-05,6.683882841213396e-05,1.7620452793909447e-05,1.7620452793909447e-05,-2.9835203540519815e-05,2.9835203540519815e-05,-1.904014971382262e-05,1.904014971382262e-05,3.2239122784944424e-05,3.2239122784944424e-05,6.99208387222594e-06,6.99208387222594e-06,-1.183904658377848e-05,1.183904658377848e-05,2.8919487042506882e-05,2.8919487042506882e-05,-4.8966984298063945e-05,4.8966984298063945e-05,0.011242238802906894,0.0021276729505976372,0.057132593394071306,0.0011914757187055699,6.232934501860544e-07,4.467428983506685e-07,0.006214302218741909,0.006040253260527383,16.841161848560617,0.002148144950420802,-0.01182469588760102,-0.0005675987731881755,-2.0039759892860688e-05,2.1654290950018804e-05,-7.952164922005702e-06,-3.289002610100441e-05,-0.003421312804244873,-0.01334705411929593,-0.07648643257290719,0.00047272319620111263,3.512142871376118e-05,-3.795059537318071e-05,1.393711442469923e-05,5.764203129780971e-05
236,4.72,0,0.002293319997988874,0.10501780701384142,0.005386351337072614,0.003863196098997093,0.020888648589227822,0.0032111406901009416,3.81376914517966e-05,6.4575384037646e-05,1.7023748723088428e-05,1.7023748723088428e-05,-2.8824868532366047e-05,2.8824868532366047e-05,-1.839536725811719e-05,1.839536725811719e-05,3.1147365015226424e-05,3.1147365015226424e-05,6.755302940586461e-06,6.755302940586461e-06,-1.1438142208969726e-05,1.1438142208969726e-05,2.7940147356545538e-05,2.7940147356545538e-05,-4.7308749012385794e-05,4.7308749012385794e-05,0.011605112290553572,0.0014924284099306353,0.05729616726243989,0.001031142453162195,5.817934037089757e-07,4.169980223609465e-07,0.007069579623676627,0.00497508469823748,16.841102787640455,0.001870212360638297,-0.013206437552537758,-0.0005582809113452457,-1.936111880450836e-05,2.0920982497669945e-05,-7.682862133704208e-06,-3.177622565226438e-05,-0.0029530460078813076,-0.013896629489125248,-0.06908708324683689,0.0004658930921464864,3.393205441761623e-05,-3.666542261744279e-05,1.3465139415074697e-05,5.569002243700182e-05
237,4.74,0,0.00250361299913493,0.10266386462070624,0.00545464366649425,0.003149943180774331,0.020880491888402276,0.003945296558328409,3.6846183771026926e-05,6.23885880923077e-05,1.6447251352413872e-05,1.6447251352413872e-05,-2.7848745350198785e-05,2.7848745350198785e-05,-1.7772419957817753e-05,1.7772419957817753e-05,3.0092579007981134e-05,3.0092579007981134e-05,6.52654009636322e-06,6.52654009636322e-06,-1.1050811399307057e-05,1.1050811399307057e-05,2.6993972376297866e-05,2.6993972376297866e-05,-4.570666868889897e-05,4.570666868889897e-05,0.011901255011370331,0.0009922142042106707,0.057251429428231346,0.0015565364933157984,5.430565033953152e-07,3.892335924151636e-07,0.007940837472790882,0.003969912950013581,16.841052854782987,0.0015840278386774283,-0.014432603917890353,-0.0005491050656435775,-1.870545979687947e-05,2.0212507065365227e-05,-7.422679362951035e-06,-3.070014335617277e-05,-0.0024966428733272416,-0.014309226098043434,-0.06130831826762971,0.00045879228508340997,3.278295038144482e-05,-3.542377161523579e-05,1.3009138537658742e-05,5.380411480458014e-05
238,4.76,0,0.002462114000081783,0.1000787017658355,0.005506247097487055,0.0025142086804303514,0.020835552449182376,0.005185025475742026,3.5598412009158175e-05,6.027584511961343e-05,1.5890276445384988e-05,1.5890276445384988e-05,-2.690567573401096e-05,2.690567573401096e-05,-1.7170568377633533e-05,1.7170568377633533e-05,2.9073512729057668e-05,2.9073512729057668e-05,6.3055238683773496e-06,6.3055238683773496e-06,-1.0676594814240074e-05,1.0676594814240074e-05,2.6079839002519836e-05,2.6079839002519836e-05,-4.415884168482846e-05,4.415884168482846e-05,0.012127502839433844,0.0006321245288751328,0.05700525912931419,0.0026884489184093815,5.068987750295107e-07,3.6331775048836255e-07,0.00879265906989696,0.0030504561921024164,16.841011818750776,0.0012923210149531044,-0.015497179948320554,-0.0005400766935551156,-1.8072004696456642e-05,1.9528023696619e-05,-7.171307895821391e-06,-2.9660501952137245e-05,-0.0020518016106764094,-0.014585341186216199,-0.05322880152151008,0.0004514186044231002,3.167275502114138e-05,-3.422416843731157e-05,1.256857335648213e-05,5.198207020177638e-05
239,4.78,0,0.002497812998626614,0.09727513136392255,0.005541209047405501,0.002030449494142046,0.020755323510194303,0.006581996320341169,3.4392895106774114e-05,5.8234647549189805e-05,1.535216293069297e-05,1.535216293069297e-05,-2.599454062988524e-05,2.599454062988524e-05,-1.6589098123076518e-05,1.6589098123076518e-05,2.8088956544202952e-05,2.8088956544202952e-05,6.091991972101418e-06,6.091991972101418e-06,-1.0315048652985736e-05,1.0315048652985736e-05,2.519666216882336e-05,2.519666216882336e-05,-4.2663430759422274e-05,4.2663430759422274e-05,0.012281999082819427,0.000412272514826169,0.056567097845956475,0.004332267556098468,4.7314849353022665e-07,3.3912741751783576e-07,0.009592368087619116,0.0022381733036066424,16.840979447679445,0.0009977882574768256,-0.016395729465980544,-0.0005312011918563106,-1.7460001647395015e-05,1.8866719914308145e-05,-6.928449431880458e-06,-2.865606742679752e-05,-0.0016185535666836878,-0.014726637873813966,-0.04492747588299968,0.00044377508494024027,3.060015245308112e-05,-3.306518911554284e-05,1.2142923197046621e-05,5.022172626698593e-05
240,4.8,0,0.0025745099992491305,0.09427047413326717,0.0055597205793555425,0.0018112797862813695,0.020641557382514362,0.007988793680294762,3.322820215577689e-05,5.6262572717935953e-05,1.4832272118070478e-05,1.4832272118070478e-05,-2.5114258859504284e-05,2.5114258859504284e-05,-1.602731899219556e-05,1.602731899219556e-05,2.713774178336029e-05,2.713774178336029e-05,5.885690999019033e-06,5.885690999019033e-06,-9.96574412441192e-06,9.96574412441192e-06,2.4343393553635014e-05,2.4343393553635014e-05,-4.121866089194616e-05,4.121866089194616e-05,0.01236419716820381,0.0003280734464191483,0.055948675064530086,0.006382082446631752,4.4164536740207025e-07,3.1654770888410304e-07,0.010310982987509118,0.001549774227895546,16.84095550312253,0.000703070329313937,-0.01712538688179967,-0.0005224837879935837,-1.686872422653423e-05,1.8227810755834047e-05,-6.693815738934928e-06,-2.7685647548974738e-05,-0.0011972278459409054,-0.014735896408144418,-0.03648287079095607,0.0004358701931363426,2.95638710430391e-05,-3.19454579237044e-05,1.1731684647276569e-05,4.8520993891139273e-05
241,4.82,0,0.0025276119995396584,0.09108644813210794,0.005562110429068341,0.001925284489494114,0.020496242316377,0.009340737167992857,3.210295070141675e-05,5.435727999280783e-05,1.4329986940897488e-05,1.4329986940897488e-05,-2.4263785835936587e-05,2.4263785835936587e-05,-1.548456415650934e-05,1.548456415650934e-05,2.6218739353465606e-05,2.6218739353465606e-05,5.686376116531555e-06,5.686376116531555e-06,-9.628266936352869e-06,9.628266936352869e-06,2.351902033579604e-05,2.351902033579604e-05,-3.982281717359631e-05,3.982281717359631e-05,0.012374828970060318,0.0003706720365486611,0.05516369868804081,0.00872493708415232,4.122397774950377e-07,2.954713888216506e-07,0.010923990269966181,0.0009969211139082687,16.8409397349787,0.000410731185555376,-0.017684835558117666,-0.000513929430091538,-1.6297470588407008e-05,1.7610537841622512e-05,-6.467128319047869e-06,-2.674809045453847e-05,-0.0007884071912369157,-0.014616957187928053,-0.027972433815900054,0.0004277178951022895,2.856268190636124e-05,-3.0863645710576946e-05,1.133437099435297e-05,4.687785472181339e-05
242,4.84,0,0.002341519000765402,0.08774890794835018,0.005548838013802983,0.0022967166759771448,0.020321578047589266,0.01060427839867617,3.1015805101557627e-05,5.251650799163907e-05,1.3844711224175743e-05,1.3844711224175743e-05,-2.344211232378077e-05,2.344211232378077e-05,-1.4960189369417343e-05,1.4960189369417343e-05,2.533085839817321e-05,2.533085839817321e-05,5.493810777856822e-06,5.493810777856822e-06,-9.30221680330643e-06,9.30221680330643e-06,2.2722563992324174e-05,2.2722563992324174e-05,-3.847424277086058e-05,3.847424277086058e-05,0.012315841321370008,0.0005274907489711503,0.054227519970305026,0.011245072035663002,3.847920664391232e-07,2.75798361163589e-07,0.01141192066727157,0.0005861193125897968,16.84093187743242,0.00012323805965413725,-0.01807427338403285,-0.0005055426787837982,-1.5745562637706105e-05,1.701416847428018e-05,-6.248118084918851e-06,-2.584228327946929e-05,-0.00039287731381537194,-0.014374656295061933,-0.019471891295758974,0.0004193375653869845,2.7595397535045327e-05,-2.9818468367116648e-05,1.0950511706450868e-05,4.529035875345932e-05
243,4.86,0,0.0022314220004773233,0.0842874449675123,0.005520485511008062,0.00279798744726846,0.020119950277096343,0.011759258797888522,2.9965474941742146e-05,5.0738071898665076e-05,1.3375868977705263e-05,1.3375868977705263e-05,-2.2648263242072574e-05,2.2648263242072574e-05,-1.4453572201478249e-05,1.4453572201478249e-05,2.447304500300091e-05,2.447304500300091e-05,5.307766441808859e-06,5.307766441808859e-06,-8.987206971722146e-06,8.987206971722146e-06,2.1953079136907e-05,2.1953079136907e-05,-3.7171336957935906e-05,3.7171336957935906e-05,0.012190304110899974,0.0007828733755071873,0.05315678301667728,0.013828016747571859,3.591718753936705e-07,2.574351939994106e-07,0.011760720047989143,0.0003187908837834762,16.8409316459936,-0.00015705702648525133,-0.018295366238407825,-0.0004973276039483827,-1.5212345229242531e-05,1.6437994768388077e-05,-6.036525045486357e-06,-2.4967150839457447e-05,-1.1571941368184943e-05,-0.014014754306969432,-0.01105464271874887,0.00041075374177077764,2.66608704231785e-05,-2.8808685294605133e-05,1.0579651971624732e-05,4.37566220005918e-05
244,4.88,0,0.0022678200002701487,0.0807348645167498,0.0054777490999558046,0.003344841304131374,0.01989390434068249,0.012792341042794258,2.895071350377251e-05,4.90198608713596e-05,1.2922903712853095e-05,1.2922903712853095e-05,-2.1881296508254076e-05,2.1881296508254076e-05,-1.3964111301445481e-05,1.3964111301445481e-05,2.364428094425416e-05,2.364428094425416e-05,5.128022302347546e-06,5.128022302347546e-06,-8.682863762077335e-06,8.682863762077335e-06,2.1209652397748352e-05,2.1209652397748352e-05,-3.591255321588406e-05,3.591255321588406e-05,0.012002294080826648,0.0011187963349823268,0.05196906873690507,0.016364398935515848,3.352575249510063e-07,2.402946759847452e-07,0.011961914291101852,0.00019151747033814486,16.840938735676602,-0.0004279342104569746,-0.018351190100582414,-0.0004892876892320706,-1.4697185394216997e-05,1.5881332811322154e-05,-5.832098001854302e-06,-2.4121654354415716e-05,0.00035448415042644687,-0.013543859198586162,-0.0027911931087295366,0.0004019957358156077,2.5757991751277e-05,-2.783309785329615e-05,1.0221352181602751e-05,4.2274824252086895e-05
245,4.9,0,0.002426116003334755,0.07712655930576291,0.005421429463987352,0.0038930957606972683,0.019646118326871582,0.013694290123067101,2.7970316286349953e-05,4.735983553541336e-05,1.2485277782692261e-05,1.2485277782692261e-05,-2.114030192169724e-05,2.114030192169724e-05,-1.3491225682560337e-05,1.3491225682560337e-05,2.284358248026904e-05,2.284358248026904e-05,4.954365027121099e-06,4.954365027121099e-06,-8.38882612690056e-06,8.38882612690056e-06,2.0491401333430767e-05,2.0491401333430767e-05,-3.46963973962811e-05,3.46963973962811e-05,0.011756758973196073,0.001515619460195904,0.05068254267917121,0.018753358197473313,3.129354372633813e-07,2.2429540219414012e-07,0.012012574467600153,0.00019643438037806384,16.840952820315238,-0.000687321093881784,-0.01824616264492262,-0.00048142574696259015,-1.4199471592537454e-05,1.5343521849959782e-05,-5.634594253846131e-06,-2.3304790216342203e-05,0.0007042319315401025,-0.012969344171240476,0.005251372782990128,0.00039309711347402696,2.4885690083977012e-05,-2.6890548068118712e-05,9.875187400408486e-06,4.0843206903675496e-05
246,4.92,0,0.002541511999879731,0.07349980137079531,0.0053524216544113745,0.004419104368537349,0.01937937589970386,0.014458724214937518,2.702311957561761e-05,4.575602556488785e-05,1.2062471744234138e-05,1.2062471744234138e-05,-2.0424400085310547e-05,2.0424400085310547e-05,-1.3034354032936957e-05,1.3034354032936957e-05,2.2069999183719387e-05,2.2069999183719387e-05,4.786588504557265e-06,4.786588504557265e-06,-8.104745224117642e-06,8.104745224117642e-06,1.9797473385505058e-05,1.9797473385505058e-05,-3.3521425947184946e-05,3.3521425947184946e-05,0.011459367026644716,0.0019528483420025878,0.04931561545144069,0.02090547059236205,2.9209959663925105e-07,2.0936138754946698e-07,0.011915095118126629,0.000321753612373838,16.840973552969288,-0.0009333063191886285,-0.017985965222044105,-0.00047374384568726283,-1.3718612988822392e-05,1.482392350735187e-05,-5.443779314179111e-06,-2.2515588799031003e-05,0.0010366327023101519,-0.012299261265342209,0.013009871143925694,0.0003840950637663624,2.404293018575318e-05,-2.597991713039545e-05,9.540746983351087e-06,3.946007086556009e-05
247,4.94,0,0.002486412999132881,0.06989297662768451,0.005271704419500857,0.004909054427148354,0.019096539079192433,0.01508148302885222,2.6107999064318544e-05,4.4206527344497907e-05,1.1653983742532237e-05,1.1653983742532237e-05,-1.9732741363891314e-05,1.9732741363891314e-05,-1.2592954049261973e-05,1.2592954049261973e-05,2.1322612813301653e-05,2.1322612813301653e-05,4.624493600058344e-06,4.624493600058344e-06,-7.830284005198585e-06,7.830284005198585e-06,1.912704486656128e-05,1.912704486656128e-05,-3.238624419931353e-05,3.238624419931353e-05,0.011116346994633946,0.002409881536870485,0.047886623486548305,0.02274511303495575,2.726510460569831e-07,1.954217059859841e-07,0.011676804053622742,0.0005523904489315136,16.841000567342014,-0.0011641513517301177,-0.017577456186530886,-0.00046624325215746605,-1.3254038753737274e-05,1.4321921024520513e-05,-5.259426632602009e-06,-2.175311330816568e-05,0.001350718636307112,-0.011542251627074479,0.020425451775660915,0.00037502967648983716,2.3228711754256016e-05,-2.5100124141567753e-05,9.217634078855025e-06,3.812377454326618e-05
248,4.96,0,0.0024458139996568207,0.06634478713561548,0.0051803291034984,0.00535417409069114,0.01880052122587517,0.015560276219533998,2.522386851742826e-05,4.270950171123457e-05,1.1259328915269595e-05,1.1259328915269595e-05,-1.9064504877772547e-05,1.9064504877772547e-05,-1.2166501792976181e-05,1.2166501792976181e-05,2.0600536223751677e-05,2.0600536223751677e-05,4.467887919967772e-06,4.467887919967772e-06,-7.565116817307532e-06,7.565116817307532e-06,1.8479319982575007e-05,1.8479319982575007e-05,-3.128950471039325e-05,3.128950471039325e-05,0.010734323848221011,0.002866718019342829,0.04641353677591946,0.02421221960281952,2.5449741719380337e-07,1.8241015364219481e-07,0.011309426786667132,0.0008706661834340415,16.841033480096282,-0.0013783004177913129,-0.017028576578001265,-0.0004589243891164901,-1.2805197388046048e-05,1.3836918528644335e-05,-5.081317329474139e-06,-2.1016458670386397e-05,0.0016456377137171593,-0.010707453303059764,0.027443980426480902,0.0003659431520487979,2.2442068284561205e-05,-2.425012479380903e-05,8.90546515639352e-06,3.6832731888964163e-05
249,4.98,0,0.0022319229974527843,0.06289344627795085,0.005079408221121094,0.005748567694716118,0.01849426046693503,0.01589446613564664,2.436967848320576e-05,4.12631717725989e-05,1.087803881771876e-05,1.087803881771876e-05,-1.8418897530657515e-05,1.8418897530657515e-05,-1.1754491068494133e-05,1.1754491068494133e-05,1.9902912312725992e-05,1.9902912312725992e-05,4.316585583641341e-06,4.316585583641341e-06,-7.3089290190069185e-06,7.3089290190069185e-06,1.785352988836709e-05,1.785352988836709e-05,-3.0229905665701296e-05,3.0229905665701296e-05,0.010320155150717021,0.0033046030540733783,0.044913698931658357,0.025263405373721775,2.3755249174992863e-07,1.7026493447350023e-07,0.01082843231970522,0.001257058539391579,16.841071893931698,-0.00157438856648542,-0.016348249199338066,-0.0004517868097612571,-1.2371556068647026e-05,1.3368340325387895e-05,-4.9092399367360695e-06,-2.0304750459984023e-05,0.0019206917705739783,-0.009804407434705358,0.034016368933160124,0.00035687896776165383,2.1682065969951114e-05,-2.342891016282203e-05,8.603869636903571e-06,3.558541052011872e-05
250,5.0,0,0.0022752209988539107,0.05957589132635141,0.0049701038128611465,0.006088180382042139,0.01818069378982082,0.016084917281325054,2.3544415047770492e-05,3.986582079883371e-05,1.0509660867130677e-05,1.0509660867130677e-05,-1.779515307036735e-05,1.779515307036735e-05,-1.1356432822240414e-05,1.1356432822240414e-05,1.9228913003383585e-05,1.9228913003383585e-05,4.1704070032899665e-06,4.1704070032899665e-06,-7.061416609058832e-06,7.061416609058832e-06,1.7248931775053038e-05,1.7248931775053038e-05,-2.920618933288853e-05,2.920618933288853e-05,0.00988077276424676,0.003706594036428276,0.04340360358774963,0.025872456394706932,2.2173579197667261e-07,1.589283667964722e-07,0.010252289510953751,0.0016909713692984185,16.841115401266034,-0.0017512478407399417,-0.015546272162701037,-0.00044482918925298394,-1.1952600017656825e-05,1.2915630216251332e-05,-4.7429901486004595e-06,-1.9617143861908143e-05,0.0021753667166956687,-0.008842963712726075,0.04009885183185143,0.0003478810254136541,2.0947802549510122e-05,-2.2635505456827922e-05,8.312489406780438e-06,3.4380329903794176e-05
251,5.0200000000000005,0,0.0024598149975645356,0.05642703633609707,0.004853615685507513,0.006370268171073464,0.017862732015127312,0.01613387928389969,2.274709863179797e-05,3.851579018652393e-05,1.015375780571981e-05,1.015375780571981e-05,-1.7192531181287314e-05,1.7192531181287314e-05,-1.0971854562169536e-05,1.0971854562169536e-05,1.8577738261384065e-05,1.8577738261384065e-05,4.0291786711499356e-06,4.0291786711499356e-06,-6.822285867689636e-06,6.822285867689636e-06,1.666480798839516e-05,1.666480798839516e-05,-2.8217140569232474e-05,2.8217140569232474e-05,0.009423034089041825,0.004058031657139164,0.04189870976786482,0.026030206074744745,2.0697219846589802e-07,1.4834660936923326e-07,0.009601664589371742,0.0021514962174656086,16.841163588352128,-0.0019079115594391387,-0.01463320799066526,-0.0004380493331647082,-1.1547831891443235e-05,1.247825083751119e-05,-4.582370579001863e-06,-1.8952822669831926e-05,0.0024093543047799867,-0.007833185934959849,0.04565320860178862,0.0003389928044137872,2.023840631067945e-05,-2.1868968937007297e-05,8.030978479929784e-06,3.321605960381078e-05
252,5.04,0,0.0023708169974270277,0.05347908611923386,0.004731169640921495,0.006593106877788559,0.017543235843686635,0.016044886421332717,2.1976782828051644e-05,3.721147749126687e-05,9.80990718207897e-06,9.80990718207897e-06,-1.6610316607550593e-05,1.6610316607550593e-05,-1.0600299796936774e-05,1.0600299796936774e-05,1.7948615145258206e-05,1.7948615145258206e-05,3.892732953758582e-06,3.892732953758582e-06,-6.591253010013061e-06,6.591253010013061e-06,1.610046517701042e-05,1.610046517701042e-05,-2.726158537952977e-05,2.726158537952977e-05,0.00895358646847089,0.0043469058301942795,0.04041329747741702,0.025743838027346692,1.931915933885382e-07,1.3846940570830606e-07,0.008898590617342085,0.0026181402094102363,16.841216039655613,-0.002043616729147396,-0.013620269366574076,-0.00043144420228994034,-1.1156771191217009e-05,1.2055683023214018e-05,-4.427190528907745e-06,-1.8310998318070453e-05,0.0026225651743839295,-0.00678525848541284,0.05064693120455925,0.00033025654373839927,1.9553035011311417e-05,-2.112839071485837e-05,7.759002504705991e-06,3.209121758807327e-05
253,5.0600000000000005,0,0.002383417002420174,0.05076092926637934,0.004604005794352028,0.006755819734633182,0.017224993153444244,0.015822664948995195,2.1232553278230488e-05,3.595133452687153e-05,9.477700849913617e-06,9.477700849913617e-06,-1.6047818305760888e-05,1.6047818305760888e-05,-1.024132749405382e-05,1.024132749405382e-05,1.734079688884187e-05,1.734079688884187e-05,3.7609078935574303e-06,3.7609078935574303e-06,-6.368043851011817e-06,6.368043851011817e-06,1.555523346941979e-05,1.555523346941979e-05,-2.6338389522896676e-05,2.6338389522896676e-05,0.008478747741770818,0.004564110028685915,0.03896036346535539,0.02503567260881611,1.8032852748515845e-07,1.2924984542630246e-07,0.008165638861224463,0.003071497373239874,16.84127234231996,-0.0021578046195679236,-0.012519202625186666,-0.0004250099528103128,-1.0778953692459048e-05,1.16474251887321e-05,-4.277265759515854e-06,-1.769090894618631e-05,0.0028151332173714707,-0.005709394521026417,0.05505333706937043,0.00032171247398137486,1.889087493789797e-05,-2.041289172409599e-05,7.4962384695945155e-06,3.1004468594207155e-05
254,5.08,0,0.0024097159985103644,0.048297624961793774,0.004473367081663798,0.00685826643563366,0.016910697699910222,0.015473043870281127,2.051352658768159e-05,3.4733865529002705e-05,9.156744483818091e-06,9.156744483818091e-06,-1.550436862636712e-05,1.550436862636712e-05,-9.894511556252095e-06,9.894511556252095e-06,1.675356201488322e-05,1.675356201488322e-05,3.633547016490546e-06,3.633547016490546e-06,-6.152393481889142e-06,6.152393481889142e-06,1.5028465678961801e-05,1.5028465678961801e-05,-2.5446457166804874e-05,2.5446457166804874e-05,0.008004405218925311,0.004703581850213922,0.03755155588634603,0.023941508661164432,1.6832190922540775e-07,1.206441414586842e-07,0.007425120216606611,0.003493843765321213,16.841332090552285,-0.0022501195518268833,-0.011342170063154878,-0.0004187419904226525,-1.0413930893136396e-05,1.1252992733961825e-05,-4.132418273166878e-06,-1.7091818492070537e-05,0.002987411616320208,-0.004615746612947993,0.05885162810158938,0.0003133981193830152,1.8251139966132612e-05,-1.972162273851367e-05,7.242374317448752e-06,2.995452270578867e-05
255,5.1000000000000005,0,0.002212623003288172,0.04610999479213462,0.004340488052980734,0.0069009648897359,0.01660292935011212,0.015002867379906705,1.9818849277101585e-05,3.355762538092231e-05,8.846657111316603e-06,8.846657111316603e-06,-1.4979322522599558e-05,1.4979322522599558e-05,-9.559440315942691e-06,9.559440315942691e-06,1.6186213478644207e-05,1.6186213478644207e-05,3.5104991468193347e-06,3.5104991468193347e-06,-5.944045957180998e-06,5.944045957180998e-06,1.451953653562577e-05,1.451953653562577e-05,-2.4584729586736146e-05,2.4584729586736146e-05,0.007535934615227393,0.004762331640936762,0.03619714551032336,0.022508602961906862,1.57114714667388e-07,1.126114221206321e-07,0.006698342166549608,0.003869640553829394,16.84139488977587,-0.002320405963019816,-0.010101632123233674,-0.0004126350368032692,-1.0061269483242263e-05,1.0871917470755093e-05,-3.992476103793489e-06,-1.651301582435387e-05,0.0031399611789603293,-0.0035143205596466446,0.0620268969960603,0.00030534768096916753,1.7633070494706625e-05,-1.9053763160336797e-05,6.9971084686694255e-06,2.8940133385833104e-05
256,5.12,0,0.002229721998446621,0.04421432702080508,0.004206584048592415,0.006885030659843149,0.016304135954551102,0.014419908953226942,1.914769676950879e-05,3.2421217898882586e-05,8.547070660891443e-06,8.547070660891443e-06,-1.447205678599254e-05,1.447205678599254e-05,-9.235716046385178e-06,9.235716046385178e-06,1.5638077840346163e-05,1.5638077840346163e-05,3.3916182277105023e-06,3.3916182277105023e-06,-5.74275399229054e-06,5.74275399229054e-06,1.4027841943891131e-05,1.4027841943891131e-05,-2.375218390955108e-05,2.375218390955108e-05,0.00707813974314886,0.004740364718698018,0.03490603020124463,0.020793377421935447,1.466537166308229e-07,1.0511353700468244e-07,0.006004943365077933,0.004185933235803225,16.841460360412466,-0.0023687038231836894,-0.008810230481660259,-0.0004066832063785011,-9.720550830698574e-06,1.0503747067325222e-05,-3.857273111812156e-06,-1.5953813900149345e-05,0.003273531829569837,-0.00241489300819364,0.06457008207867065,0.00029759152123840274,1.7035932627184453e-05,-1.840852017149347e-05,6.760149599066668e-06,2.796009621022645e-05
257,5.14,0,0.002350318001845153,0.04262219702290607,0.004072840851673872,0.006812125983533442,0.016016616935439272,0.013732788536587597,1.849927241151421e-05,3.132329417628872e-05,8.257629525165733e-06,8.257629525165733e-06,-1.3981969307909176e-05,1.3981969307909176e-05,-8.92295448956526e-06,8.92295448956526e-06,1.5108504465947155e-05,1.5108504465947155e-05,3.276763147819217e-06,3.276763147819217e-06,-5.548278671346424e-06,5.548278671346424e-06,1.3552798265700078e-05,1.3552798265700078e-05,-2.2947831900084724e-05,2.2947831900084724e-05,0.00663521304122542,0.0046405060415531454,0.0336857686404928,0.018858948099063168,1.368892319021643e-07,9.811487580543226e-08,0.005362324001728708,0.004432639420335236,16.8415281411786,-0.0023952424931209526,-0.007480673030891229,-0.00040088009122659057,-9.391370481767579e-06,1.0148044508823207e-05,-3.7266487862353445e-06,-1.5413548941832934e-05,0.003389038306879902,-0.001326933496863169,0.06647787253845142,0.0002901557575955251,1.6459017446549762e-05,-1.778512792510089e-05,6.5312162788405856e-06,2.7013247915820462e-05
258,5.16,0,0.0026871070003835484,0.04134040387619334,0.003940404911429384,0.006684413945430144,0.01574250864350192,0.012950895984947221,1.7872806527989062e-05,3.0262550983971717e-05,7.977990139018676e-06,7.977990139018676e-06,-1.3508478365996886e-05,1.3508478365996886e-05,-8.620784400226178e-06,8.620784400226178e-06,1.4596864754989162e-05,1.4596864754989162e-05,3.165797574422591e-06,3.165797574422591e-06,-5.360389164731505e-06,5.360389164731505e-06,1.3093841627698352e-05,1.3093841627698352e-05,-2.2170718788980792e-05,2.2170718788980792e-05,0.0062107163464067226,0.004468138979386098,0.03254263871573823,0.016772570681292204,1.2777488527477134e-07,9.158219920574874e-08,0.004785185772305723,0.004602721936494672,16.841597891803836,-0.002400433122798336,-0.006125621694230264,-0.0003952188519880412,-9.07333768127008e-06,9.804387579087906e-06,-3.600448054371657e-06,-1.4891579650549624e-05,0.0034875312620541157,-0.0002595314838691812,0.06775256683304828,0.0002830619619274762,1.590164002487496e-05,-1.7182846486764905e-05,6.310036593184351e-06,2.60984645641656e-05
259,5.18,0,0.0024556150019634515,0.04037101960022597,0.0038103742295168518,0.006504515428612478,0.015483771511084748,0.012084326384846229,1.726755550829363e-05,2.923772922361505e-05,7.707820571689616e-06,7.707820571689616e-06,-1.3051021934415853e-05,1.3051021934415853e-05,-8.328847105110171e-06,8.328847105110171e-06,1.4102551394304056e-05,1.4102551394304056e-05,3.0585897911050708e-06,3.0585897911050708e-06,-5.178862456009709e-06,5.178862456009709e-06,1.2650427251918641e-05,1.2650427251918641e-05,-2.1419922139297697e-05,2.1419922139297697e-05,0.005807580707586456,0.004230872096105775,0.03148171563869983,0.01460309441754907,1.1926738929280064e-07,8.548448101534334e-08,0.004285190727385368,0.004692247995771729,16.841669295104726,-0.0023848596995781238,-0.0047575839685238454,-0.00038969231242053564,-8.766074907789151e-06,9.472368358690245e-06,-3.478521096357735e-06,-1.4387286418946142e-05,0.003570165044255726,0.0007786711610106112,0.06840188628532098,0.0002763269783752749,1.536313867404642e-05,-1.6600961019882857e-05,6.096347900696139e-06,2.521466158017406e-05
260,5.2,0,0.0022940199996810406,0.03971154433401051,0.003683790001555991,0.006275467707008063,0.015242179007594118,0.011143837225829028,1.6682800923823696e-05,2.8247612433685155e-05,7.4468001329819344e-06,7.4468001329819344e-06,-1.2609057017399656e-05,1.2609057017399656e-05,-8.046796077243457e-06,8.046796077243457e-06,1.3624977637057818e-05,1.3624977637057818e-05,2.955012541994151e-06,2.955012541994151e-06,-5.003483078049926e-06,5.003483078049926e-06,1.2222028809132698e-05,1.2222028809132698e-05,-2.0694550751659023e-05,2.0694550751659023e-05,0.0054281235102255545,0.003938149494170103,0.03050696469367935,0.012418510811577278,1.1132633866557309e-07,7.97927608203684e-08,0.0038707436775145157,0.004700339136274932,16.841742058374777,-0.00234926886349279,-0.003388809020194299,-0.0003842930553725409,-8.469217425772609e-06,9.151592741224184e-06,-3.360723168160067e-06,-1.3900070603039978e-05,0.003638163502555988,0.0017795418042666922,0.06843874741647732,0.00026996285239974107,1.4842874100826989e-05,-1.6038780873303107e-05,5.8898964098833666e-06,2.4360790795308153e-05
261,5.22,0,0.002220121998107061,0.03935515792930984,0.0035616291033188727,0.006000684370253989,0.015019308385826711,0.010140845687132987,1.6117848675138776e-05,2.7291025343680588e-05,7.194618992623081e-06,7.194618992623081e-06,-1.218205900522071e-05,1.218205900522071e-05,-7.774296524487578e-06,7.774296524487578e-06,1.3163576606128088e-05,1.3163576606128088e-05,2.8549428804369725e-06,2.8549428804369725e-06,-4.834042857861905e-06,4.834042857861905e-06,1.1808137794099569e-05,1.1808137794099569e-05,-1.9993743603579814e-05,1.9993743603579814e-05,0.005074080747843198,0.0036008212911410506,0.029621343545061428,0.010283675125024368,1.0391401836586909e-07,7.44800064309416e-08,0.0035468983395852732,0.0046290201304092435,16.841815914077326,-0.0022945586137989218,-0.002031189084571575,-0.000379013518157761,-8.182412857412104e-06,8.841679971287124e-06,-3.2469144312932353e-06,-1.3429353910425747e-05,0.0036927851275365903,0.002735512484693406,0.0678809967811362,0.00026397686073899415,1.4340228418025429e-05,-1.54956384968531e-05,5.690436843341592e-06,2.3535834630711492e-05
262,5.24,0,0.0022257230011746287,0.03929105608248295,0.0034447975065305106,0.005683916951761277,0.014816533195627939,0.009087501461504296,1.557202816824531e-05,2.6366832478127656e-05,6.950977812503201e-06,6.950977812503201e-06,-1.1769521051948699e-05,1.1769521051948699e-05,-7.511024992357118e-06,7.511024992357118e-06,1.2717800621138766e-05,1.2717800621138766e-05,2.758262023228042e-06,2.758262023228042e-06,-4.670340670117256e-06,4.670340670117256e-06,1.1408262922027977e-05,1.1408262922027977e-05,-1.9316668825742056e-05,1.9316668825742056e-05,0.004746651944399528,0.0032306911914519202,0.028826909232024345,0.00825826828128427,9.699522450905013e-08,6.952098549296472e-08,0.00331538317857323,0.004482977450843194,16.841890619853448,-0.002221766039935391,-0.0006961669196496556,-0.00037384608490866603,-7.905320759550619e-06,8.542262186987128e-06,-3.1369597845545898e-06,-1.297457763010554e-05,0.0037352888060623608,0.003639628693176572,0.06675110824609597,0.00025837166245474695,1.3854604893074252e-05,-1.4970889214999753e-05,5.497732336932267e-06,2.2738814016010296e-05
263,5.26,0,0.002360918002523249,0.03950485729134743,0.003334124700350109,0.005329219369269527,0.01463501753529465,0.007996908534828793,1.504469151868368e-05,2.5473936816540607e-05,6.715587391459277e-06,6.715587391459277e-06,-1.1370953474777966e-05,1.1370953474777966e-05,-7.256668979938041e-06,7.256668979938041e-06,1.2287120548933028e-05,1.2287120548933028e-05,2.6648552098329503e-06,2.6648552098329503e-06,-4.5121821991368095e-06,4.5121821991368095e-06,1.1021929545513209e-05,1.1021929545513209e-05,-1.8662522724040243e-05,1.8662522724040243e-05,0.004446555006993881,0.0028400579085797488,0.02812492533363163,0.006395054611441757,9.053709715694105e-08,6.489214569331029e-08,0.0031747390643440698,0.004269241519784512,16.84196595788076,-0.002132054210251355,0.0006053501122871997,-0.00036878317451325717,-7.637612220683e-06,8.252983985463009e-06,-3.030728703967135e-06,-1.253520197336961e-05,0.003766901365647035,0.004485591484201768,0.06507585159684275,0.00025314551977044286,1.338542694338096e-05,-1.446391007620606e-05,5.311554029372752e-06,2.1968782836796462e-05
264,5.28,0,0.0023514179993071593,0.039979065616503634,0.003230359179574177,0.004940917349601454,0.01447571201123342,0.006883660053899399,1.4535212782339595e-05,2.4611278490767734e-05,6.488168321938659e-06,6.488168321938659e-06,-1.0985883173086037e-05,1.0985883173086037e-05,-7.010926568962184e-06,7.010926568962184e-06,1.1871025175383483e-05,1.1871025175383483e-05,2.574611565830942e-06,2.574611565830942e-06,-4.359379708627674e-06,4.359379708627674e-06,1.064867909103236e-05,1.064867909103236e-05,-1.8030528824714164e-05,1.8030528824714164e-05,0.004174088171623659,0.0024412664255592654,0.027515965274233237,0.004738477573765026,8.450896425115533e-08,6.057150289501264e-08,0.0031205574855962185,0.003996807550565678,16.842041733639956,-0.002026698357862764,0.0018630687626567592,-0.0003638173223505151,-7.378969468471178e-06,7.973501998520447e-06,-2.928095086981986e-06,-1.2110705428312455e-05,0.003788787959686321,0.005267792619429588,0.06288593251847797,0.0002482926081370971,1.2932137610591109e-05,-1.3974099347127993e-05,5.1316808492574165e-06,2.122482725285789e-05
265,5.3,0,0.002383115999691654,0.04069357348356199,0.0031341650375727443,0.0045235868667138955,0.014339351381482495,0.005765085922992237,1.40429872125203e-05,2.377783352700056e-05,6.2684506584864685e-06,6.2684506584864685e-06,-1.0613853067263477e-05,1.0613853067263477e-05,-6.773506065427259e-06,6.773506065427259e-06,1.1469020598725652e-05,1.1469020598725652e-05,2.487423971686553e-06,2.487423971686553e-06,-4.211751819220948e-06,4.211751819220948e-06,1.0288068514538017e-05,1.0288068514538017e-05,-1.7419936952342545e-05,1.7419936952342545e-05,0.003929196193097344,0.0020462838140706437,0.027000008330557015,0.0033236215699483243,7.888219594040346e-08,5.6538536723775186e-08,0.003145805311964845,0.0036762117256408603,16.84211777416368,-0.001907071504179439,0.003067380954518097,-0.00035894125462947564,-7.12908549231304e-06,7.703484485577124e-06,-2.8289371023779667e-06,-1.1700584140985696e-05,0.0038020261863435864,0.005981342684166236,0.060215609593066904,0.00024380338605197534,1.2494198807906924e-05,-1.3500875647166104e-05,4.957899230200973e-06,2.0506064366337824e-05
266,5.32,0,0.0022106230026111007,0.041626188558703626,0.0030461196698460527,0.004082049285091739,0.014226453867395692,0.004664283291372766,1.3567430541980203e-05,2.2972612629740902e-05,6.056173597168701e-06,6.056173597168701e-06,-1.0254421556286556e-05,1.0254421556286556e-05,-6.544125653429322e-06,6.544125653429322e-06,1.1080629643147295e-05,1.1080629643147295e-05,2.403188935296008e-06,2.403188935296008e-06,-4.0691232934166185e-06,4.0691232934166185e-06,9.939669775491187e-06,9.939669775491187e-06,-1.6830022338561424e-05,1.6830022338561424e-05,0.003711538017209209,0.0016663126365917976,0.026576525571307637,0.0021755538622179158,7.363006860458288e-08,5.2774093103613107e-08,0.0032412199569086682,0.0033190796641190436,16.842193925856694,-0.001774629661623061,0.004209426783454907,-0.0003541479542477627,-6.887663677566373e-06,7.442610938033874e-06,-2.73313704506688e-06,-1.1304351312647636e-05,0.0038075846509851166,0.00662209212781888,0.057102291446840536,0.0002396650190856491,1.2071090737333249e-05,-1.3043677377162447e-05,4.790002865554365e-06,1.981164141690319e-05
267,5.34,0,0.0023856170009821653,0.0427531690466206,0.0029667125533433757,0.0036213987838942226,0.01413732212724202,0.0036180751941596464,1.3107978289371438e-05,2.2194660007018515e-05,5.851085166042047e-06,5.851085166042047e-06,-9.907161993622831e-06,9.907161993622831e-06,-6.322513060541546e-06,6.322513060541546e-06,1.0705391292306165e-05,1.0705391292306165e-05,2.321806469418597e-06,2.321806469418597e-06,-3.931324827745657e-06,3.931324827745657e-06,9.60306932872002e-06,9.60306932872002e-06,-1.626008476105301e-05,1.626008476105301e-05,0.003520553349666068,0.001311452915199055,0.026244553677313216,0.0013090468110593361,6.872763793385317e-08,4.9260293282714706e-08,0.0033957573398530976,0.002937664356525264,16.84227005198655,-0.0016308967555081287,0.005281149173489254,-0.0003494307176256355,-6.654417456590773e-06,7.1905717024686475e-06,-2.6405811981295846e-06,-1.0921536632294588e-05,0.003806306492633021,0.007186645305746637,0.05358611950171724,0.0002358618311063583,1.166231104878007e-05,-1.260196177826136e-05,4.627792346864746e-06,1.9140734017652273e-05
268,5.36,0,0.002358718000323279,0.044049752551155785,0.0028963450201025974,0.0031470960491699175,0.014072045892852077,0.0026993845073819455,1.2664085089229387e-05,2.1443052234873207e-05,5.652941926170829e-06,5.652941926170829e-06,-9.571662180727669e-06,9.571662180727669e-06,-6.108405234683811e-06,6.108405234683811e-06,1.0342860141831467e-05,1.0342860141831467e-05,2.243179972882814e-06,2.243179972882814e-06,-3.7981928518924597e-06,3.7981928518924597e-06,9.277867633498927e-06,9.277867633498927e-06,-1.5709447711230192e-05,1.5709447711230192e-05,0.0033555257901892455,0.0009904213542700903,0.02600275532687055,0.0007286676718693668,6.415162045889682e-08,4.598044891475008e-08,0.003597074279797255,0.002544389657906783,16.842346029950352,-0.0014774494050514802,0.006275339934134792,-0.0003447832018641696,-6.429069966459101e-06,6.947067611708643e-06,-2.5511596955506034e-06,-1.0551685714255874e-05,0.0037988981900017238,0.0076723675228324165,0.04970953803227694,0.00023237578807329553,1.1267374506583533e-05,-1.2175204538000218e-05,4.471075128949075e-06,1.8492545901935667e-05
269,5.38,0,0.0023555180014227517,0.04549066485687397,0.0028353308968979093,0.0026652092710185587,0.01403050627277008,0.002071741773955355,1.2235224044564709e-05,2.0716897161595868e-05,5.46150868258044e-06,5.46150868258044e-06,-9.247523878045792e-06,9.247523878045792e-06,-5.901548031872483e-06,5.901548031872483e-06,9.992605870791154e-06,9.992605870791154e-06,2.1672161159003167e-06,2.1672161159003167e-06,-3.669569334807696e-06,3.669569334807696e-06,8.963678679274308e-06,8.963678679274308e-06,-1.5177457591348458e-05,1.5177457591348458e-05,0.0032156405179615604,0.0007103340458323276,0.02584946555893801,0.000429211397795168,5.988028296827775e-08,4.2918982800413885e-08,0.0038320268479732815,0.002151414840195505,16.84242174842559,-0.0013159016990616217,0.007185677090749408,-0.00034019946224947883,-6.211353721012085e-06,6.711809629730642e-06,-2.4647663931013742e-06,-1.0194359558424365e-05,0.003785923762145091,0.008077385299492913,0.04551685783073084,0.00022918698073453735,1.088581227235081e-05,-1.1762899098900056e-05,4.3196651224614684e-06,1.786630779157546e-05
270,5.4,0,0.0023662169987801462,0.04705059655746141,0.0027838978434283094,0.002183017084045334,0.01401238172045308,0.001991084221548124,1.182088610133395e-05,2.0015332848489714e-05,5.2765582050362525e-06,5.2765582050362525e-06,-8.934362332313937e-06,8.934362332313937e-06,-5.701695914461791e-06,5.701695914461791e-06,9.654212730893098e-06,9.654212730893098e-06,2.0938247291546475e-06,2.0938247291546475e-06,-3.5453015971124635e-06,3.5453015971124635e-06,8.660129527447323e-06,8.660129527447323e-06,-1.4663482938338171e-05,1.4663482938338171e-05,0.0031000348810579165,0.0004765563589233791,0.025782724220868865,0.0003964416377297899,5.589333928828405e-08,4.006135490358313e-08,0.004087166748675247,0.0017702336992529097,16.84249710451129,-0.0011478900984227835,0.008006753420976991,-0.0003356739802246057,-6.001010292297246e-06,6.484518508071494e-06,-2.3812987409910286e-06,-9.84913402933648e-06,0.0037678042847461846,0.00840058003194189,0.04105381651137914,0.0002262741012436575,1.0517171435741973e-05,-1.1364556082957427e-05,4.173382605517291e-06,1.7261276454394292e-05
271,5.42,0,0.0022397220018319786,0.04870463731048527,0.002742189199269283,0.0017106174566805866,0.014017155652529105,0.002465961555414932,1.142057944434579e-05,1.9337526546549395e-05,5.097870958370443e-06,5.097870958370443e-06,-8.631805819947064e-06,8.631805819947064e-06,-5.508611659821305e-06,5.508611659821305e-06,9.327279052986158e-06,9.327279052986158e-06,2.022918697219822e-06,2.022918697219822e-06,-3.4252421300001203e-06,3.4252421300001203e-06,8.366859868680484e-06,8.366859868680484e-06,-1.4166913673903305e-05,1.4166913673903305e-05,0.0030078406418356436,0.0002926212083100358,0.025800295243949348,0.0006080966392784429,5.2171853937845416e-08,3.7393993293850246e-08,0.004349218914126958,0.0014113198738623163,16.8425720009606,-0.0009750585924300041,0.008734096210344279,-0.00033120168221211665,-5.797790004273985e-06,6.2649244547801105e-06,-2.3006576631629277e-06,-9.515599352913463e-06,0.003744822465317559,0.008641575299638994,0.03636713946836434,0.00022361490062445166,1.0161014401163052e-05,-1.0979702664569135e-05,4.0320538914050575e-06,1.667673382115079e-05
272,5.44,0,0.002368318000662839,0.050428659552691574,0.002710266152275996,0.0012657586557033548,0.014044125680331929,0.0032173129531961825,1.1033828913428037e-05,1.8682673707718504e-05,4.925234841968162e-06,4.925234841968162e-06,-8.33949520576375e-06,8.33949520576375e-06,-5.322066078783383e-06,5.322066078783383e-06,9.011416770217862e-06,9.011416770217862e-06,1.9544138546434553e-06,1.9544138546434553e-06,-3.3092484201102213e-06,3.3092484201102213e-06,8.083521595202451e-06,8.083521595202451e-06,-1.3687160380062546e-05,1.3687160380062546e-05,0.002938217046469172,0.00016021449744879634,0.025899674050264058,0.001035110263880394,4.869815219632021e-08,3.490422968690762e-08,0.004605525124352438,0.0010838277665507054,16.84264634359768,-0.0007990442300430759,0.00936417831633445,-0.00032677794988559373,-5.601451636327228e-06,6.052766813960113e-06,-2.2227474390243917e-06,-9.193359630261868e-06,0.003717131854346513,0.008800718119346414,0.03150410529950852,0.00022118661632614437,9.816918397337779e-06,-1.0607882040999842e-05,3.89551120692675e-06,1.6111986132579758e-05
273,5.46,0,0.0024291150002682116,0.05219964568700229,0.002688110072278044,0.0008900803973050743,0.014092414389373574,0.0040533861106006605,1.0660175439268559e-05,1.804999702973244e-05,4.758444937857931e-06,4.758444937857931e-06,-8.057083516709332e-06,8.057083516709332e-06,-5.141837743360966e-06,5.141837743360966e-06,8.706250957391445e-06,8.706250957391445e-06,1.8882288862487329e-06,1.8882288862487329e-06,-3.197182780449411e-06,3.197182780449411e-06,7.809778387601234e-06,7.809778387601234e-06,-1.3223653599268204e-05,1.3223653599268204e-05,0.0028903743042730675,7.922431136667586e-05,0.026078084862518287,0.0016429938961610346,4.545573615839383e-08,3.2580239277334976e-08,0.004844440511208792,0.0007953560086367879,16.842720039000376,-0.0006214631402883245,0.009894420702931808,-0.0003223986226621263,-5.411762136575647e-06,5.847793756890363e-06,-2.1474755893137025e-06,-8.882032367947958e-06,0.0036847701347099086,0.00887905448773756,0.026512119329867984,0.0002189663611733703,9.484474987579063e-06,-1.0248652853487509e-05,3.763592485534485e-06,1.556636311569542e-05
274,5.48,0,0.002393517002929002,0.05399595497151065,0.002675624911331832,0.0006917258292031817,0.014160981568801486,0.004892159760359858,1.0299175498684698e-05,1.7438745533305512e-05,4.597303267517283e-06,4.597303267517283e-06,-7.784235530000209e-06,7.784235530000209e-06,-4.967712724235351e-06,4.967712724235351e-06,8.411419385899075e-06,8.411419385899075e-06,1.8242852306560309e-06,1.8242852306560309e-06,-3.0889121869577424e-06,3.0889121869577424e-06,7.545305315615966e-06,7.545305315615966e-06,-1.27758431582675e-05,1.27758431582675e-05,0.0028635874664557893,4.7848462278682924e-05,0.02633247005308923,0.0023933227120884215,4.2429206381082864e-08,3.041098457753829e-08,0.005055672181995468,0.0005517778740130811,16.842792992516802,-0.00044389714842523647,0.010323186676759253,-0.00031805999332228904,-5.228496345641645e-06,5.649761982334908e-06,-2.0747527672612884e-06,-8.581248024190983e-06,0.003647675821465352,0.00887829959315441,0.021438298691372197,0.0002169314669918642,9.16328954670015e-06,-9.901588727772718e-06,3.636141102620706e-06,1.5039217187848758e-05
275,5.5,0,0.0022221229992283043,0.05579752852442157,0.0026726396460915215,0.0007921699130667223,0.014248637759537162,0.005696726706206973,9.950400588006491e-06,1.6848193670597187e-05,4.441618556894067e-06,4.441618556894067e-06,-7.520627375175257e-06,7.520627375175257e-06,-4.799484336515114e-06,4.799484336515114e-06,8.126572093786996e-06,8.126572093786996e-06,1.7625069869131593e-06,1.7625069869131593e-06,-2.9843081205528493e-06,2.9843081205528493e-06,7.289788452450631e-06,7.289788452450631e-06,-1.2343197514898661e-05,1.2343197514898661e-05,0.0028572010711440847,6.275331711681382e-05,0.026659473922765735,0.0032452695165211746,3.9604188744719965e-08,2.8386162996195104e-08,0.005230551802279726,0.00035714050619238514,16.84286510666915,-0.0002678810861769384,0.010649768120990154,-0.00031375879775755086,-5.051436728833693e-06,5.458436428339065e-06,-2.004492651530283e-06,-8.290649570426146e-06,0.0036057076173783686,0.008800803112414898,0.016329072211545146,0.00021505977823691206,8.852980840397583e-06,-9.566277699792125e-06,3.513005786550266e-06,1.4529922688241796e-05
276,5.5200000000000005,0,0.002217023000412155,0.05758603293780084,0.0026789108142517113,0.0010921332396224461,0.014354058959058395,0.006447581762384138,9.613436714582616e-06,1.6277640463893393e-05,4.291206009365833e-06,4.291206009365833e-06,-7.265946149671522e-06,7.265946149671522e-06,-4.636952894654378e-06,4.636952894654378e-06,7.85137097029232e-06,7.85137097029232e-06,1.7028208244562748e-06,1.7028208244562748e-06,-2.883246414631565e-06,2.883246414631565e-06,7.04292450215264e-06,7.04292450215264e-06,-1.1925203127042252e-05,1.1925203127042252e-05,0.002870625260285906,0.00011927550130882191,0.02705542344070658,0.004157131058262854,3.696726618611399e-08,2.6496157907177946e-08,0.0053622367077292765,0.00021363236798896664,16.842936279981597,-9.489088541098106e-05,0.010874364083798622,-0.0003094921998976162,-4.880373118187851e-06,5.27358999311976e-06,-1.936611844564304e-06,-8.00989206771882e-06,0.0035586656220546534,0.008649510038297871,0.011229798140423294,0.0002133298929967292,8.55318053229213e-06,-9.242321760965345e-06,3.394040348298947e-06,1.4037875135366429e-05
277,5.54,0,0.002287520001118537,0.05934494490365312,0.002694125259157125,0.0014548439876167158,0.014475802295501237,0.007132878246390758,9.28788390530434e-06,1.5726408673464578e-05,4.1458870863597674e-06,4.1458870863597674e-06,-7.019889547356208e-06,7.019889547356208e-06,-4.4799254752536655e-06,4.4799254752536655e-06,7.585489354519736e-06,7.585489354519736e-06,1.6451558961794177e-06,1.6451558961794177e-06,-2.7856071076203116e-06,2.7856071076203116e-06,6.80442043961174e-06,6.80442043961174e-06,-1.1521363842973796e-05,1.1521363842973796e-05,0.0029033243648113774,0.00021165710283045064,0.027516308506610784,0.005087795207783449,3.450591497536455e-08,2.4731992976482184e-08,0.005445836870186371,0.00012161603132222556,16.843006406252975,7.366746476970891e-05,0.010998052133823814,-0.0003052577728832883,-4.7151024631356296e-06,5.095003265261162e-06,-1.8710297724814615e-06,-7.738642257516568e-06,0.0035063135687656384,0.008427917509034499,0.006184402501259505,0.00021172135071639598,8.263532752611007e-06,-8.929336392929836e-06,3.279103604142128e-06,1.3562490510112528e-05
278,5.5600000000000005,0,0.0026301079997210763,0.06105958094528502,0.0027179032312836847,0.0018256626373635422,0.014612322465845217,0.007744741710809332,8.973355731851448e-06,1.5193843993650459e-05,4.005489295411113e-06,4.005489295411113e-06,-6.782165499670834e-06,6.782165499670834e-06,-4.32821568818742e-06,4.32821568818742e-06,7.328611647697516e-06,7.328611647697516e-06,1.5894437540575623e-06,1.5894437540575623e-06,-2.6912743006140886e-06,2.6912743006140886e-06,6.5739931627522945e-06,6.5739931627522945e-06,-1.113120031238991e-05,1.113120031238991e-05,0.0029547991898489175,0.0003333044065465204,0.02803776421933285,0.0059981024167149845,3.220844523614049e-08,2.3085289530338807e-08,0.005478467728679219,7.972136471631302e-05,16.843075374278396,0.00023646802740716452,0.01102275294561661,-0.0003010534775267161,-4.5554285892553795e-06,4.922464263788987e-06,-1.807668590699956e-06,-7.476578166259032e-06,0.00344840127127931,0.00814002813187278,0.0012350405896398645,0.0002102147678286117,7.983693694012471e-06,-8.626950073608715e-06,3.1680590890752736e-06,1.3103204562876808e-05
279,5.58,0,0.002435915001115063,0.0627170777726891,0.0027498019960019156,0.002184170253022408,0.014761988723254396,0.008277717805283802,8.669478851993491e-06,1.4679314276159138e-05,3.869845985438047e-06,3.869845985438047e-06,-6.552491828944701e-06,6.552491828944701e-06,-4.181643455225537e-06,4.181643455225537e-06,7.080432938537922e-06,7.080432938537922e-06,1.535618268100336e-06,1.535618268100336e-06,-2.6001360197104635e-06,2.6001360197104635e-06,6.351369156504553e-06,6.351369156504553e-06,-1.0754249417403983e-05,1.0754249417403983e-05,0.003024564406886447,0.000477059969418797,0.02861505746203634,0.0068520612063912465,3.006394542606495e-08,2.1548226761824945e-08,0.0054592314239831725,8.499240491561328e-05,16.843143068008363,0.0003922740335765867,0.010951188623035808,-0.00029687763904407566,-4.401161965345985e-06,4.75576818621892e-06,-1.7464530901350166e-06,-7.2233887233659555e-06,0.0033846864981456537,0.0077903003084711046,-0.0035782161290402043,0.00020879192413202421,7.713331195469784e-06,-8.334803878503482e-06,3.060775028246968e-06,1.2659472144653806e-05
280,5.6000000000000005,0,0.002550311000959482,0.06430632991287427,0.0027893200658706905,0.002520868873794731,0.014923102197000666,0.008728049474895465,8.375892566484377e-06,1.4182208779728066e-05,3.7387961488444255e-06,3.7387961488444255e-06,-6.3305959134236654e-06,6.3305959134236654e-06,-4.040034796481962e-06,4.040034796481962e-06,6.840658641343595e-06,6.840658641343595e-06,1.4836155477482293e-06,1.4836155477482293e-06,-2.5120840831537403e-06,2.5120840831537403e-06,6.1362841681565725e-06,6.1362841681565725e-06,-1.0390063722832321e-05,1.0390063722832321e-05,0.003112122571947549,0.0006354779878867114,0.02924307985425765,0.007617884763622298,2.8062230514115287e-08,2.0113504587179582e-08,0.005389131268707061,0.0001330797602682793,16.8432093671194,0.0005399459552027236,0.010786835307843636,-0.0002927289229604531,-4.252119478572594e-06,4.594717165296701e-06,-1.6873106093648747e-06,-6.978773392153079e-06,0.0033149555521793323,0.007383596081306844,-0.008217665759608375,0.0002074358041811268,7.452124338669484e-06,-8.052551046110872e-06,2.9571240385070883e-06,1.2230766560643815e-05
281,5.62,0,0.0025877090010908432,0.06581789208463072,0.002835902121840941,0.0028303593124859743,0.015093913333809047,0.009093307289958844,8.092248390866748e-06,1.3701937445158075e-05,3.6121842305614216e-06,3.6121842305614216e-06,-6.1162143636372564e-06,6.1162143636372564e-06,-3.903221623635655e-06,3.903221623635655e-06,6.6090041463297425e-06,6.6090041463297425e-06,1.433373866044363e-06,1.433373866044363e-06,-2.4270139728183267e-06,2.4270139728183267e-06,5.92848289369995e-06,5.92848289369995e-06,-1.0038210945113835e-05,1.0038210945113835e-05,0.00321693633786478,0.0008010933837776075,0.02991634879011616,0.008268823746961862,2.6193793607794185e-08,1.8774308975102495e-08,0.005270926279216293,0.00021846931690870712,16.843274147957672,0.0006784484957288661,0.010533870654123432,-0.00028860631097820646,-4.1081242170700435e-06,4.439120034733551e-06,-1.6301709469488179e-06,-6.742441813234488e-06,0.0032390419136248986,0.006925127026307131,-0.012648232686010404,0.00020613059911233207,7.199763075127599e-06,-7.779856528157483e-06,2.856983120802859e-06,1.1816578945929568e-05
282,5.64,0,0.002448015002300963,0.06724385428656623,0.002888944624146543,0.0031091410529996387,0.015272639260451165,0.009372181609262394,7.818209641966576e-06,1.3237930194937285e-05,3.489859943306417e-06,3.489859943306417e-06,-5.909092709741183e-06,5.909092709741183e-06,-3.77104154070107e-06,3.77104154070107e-06,6.3851944817705155e-06,6.3851944817705155e-06,1.3848335865818129e-06,1.3848335865818129e-06,-2.3448247102123876e-06,2.3448247102123876e-06,5.7277186747977e-06,5.7277186747977e-06,-9.698273439229307e-06,9.698273439229307e-06,0.0033384004165540842,0.00096667580874477,0.030629017895268413,0.008783778811699623,2.4449760802295648e-08,1.752427958460323e-08,0.005108934240420019,0.00033473732003892607,16.84333728480577,0.0008068564700990078,0.010197116776506494,-0.0002845090774740936,-3.969005259951096e-06,4.2887921016341435e-06,-1.5749662791178559e-06,-6.514113459986389e-06,0.0031568424047357137,0.006420398718507088,-0.016837693880846723,0.00020486167520564246,6.955947855947342e-06,-7.516396654970327e-06,2.7602333915480913e-06,1.1416417662404916e-05
283,5.66,0,0.0022360219991242047,0.06857769775104867,0.002947802053140824,0.0033547888095085483,0.015457480882296655,0.009564353003656738,7.5534510380649406e-06,1.2789636256593997e-05,3.371678089114649e-06,3.371678089114649e-06,-5.70898509944439e-06,5.70898509944439e-06,-3.6433376510713877e-06,3.6433376510713877e-06,6.168963987655297e-06,6.168963987655297e-06,1.337937092338315e-06,1.337937092338315e-06,-2.2654187365164353e-06,2.2654187365164353e-06,5.533753206013025e-06,5.533753206013025e-06,-9.369847703007661e-06,9.369847703007661e-06,0.0034758147778005026,0.001125460795640378,0.03137489781006475,0.009147684837855764,2.2821849033777727e-08,1.6357479557598367e-08,0.0049087930339714566,0.00047482158358102617,16.843398651414642,0.0009243595559948073,0.009781979301476054,-0.00028043676715289694,-3.83459747451065e-06,4.143554927863853e-06,-1.521631079046206e-06,-6.293517305663444e-06,0.0030683304437335718,0.005875154294789966,-0.02075687375152202,0.00020361551605983493,6.720389272022354e-06,-7.261858688514619e-06,2.666760003582496e-06,1.1029807716147315e-05
284,5.68,0,0.0022614210029132664,0.06981413980019606,0.003011793672464922,0.0035656016581464625,0.015646639549709455,0.009670401801045012,7.297658312950742e-06,1.2356523508955571e-05,3.2574983871436203e-06,3.2574983871436203e-06,-5.515654006167357e-06,5.515654006167357e-06,-3.51995837133412e-06,3.51995837133412e-06,5.960056000319614e-06,5.960056000319614e-06,1.2926287176195927e-06,1.2926287176195927e-06,-2.188701796805482e-06,2.188701796805482e-06,5.346356251952891e-06,5.346356251952891e-06,-9.05254389822752e-06,9.05254389822752e-06,0.0036283604501998958,0.00127135151845768,0.03214748776016554,0.009351667099365458,2.1302326741031624e-08,1.5268367322737168e-08,0.004677190814244057,0.0006312986309533903,16.843458122736187,0.0010302659085902467,0.009294383166199224,-0.00027638917424205133,-3.7047413201258494e-06,4.003236118030402e-06,-1.4701020385804614e-06,-6.080391501774457e-06,0.002973566077193103,0.005295317629771982,-0.02437980676384155,0.0002023796455422807,6.492807719239996e-06,-7.015940491672522e-06,2.57645202328723e-06,1.0656290194449321e-05
285,5.7,0,0.0024071160005405545,0.07094897524783203,0.003080210676546935,0.00374043581218585,0.015838333142293236,0.00969173739631565,7.050527842761172e-06,1.1938077850583783e-05,3.1471853070286215e-06,3.1471853070286215e-06,-5.32886994709439e-06,5.32886994709439e-06,-3.400757251303954e-06,3.400757251303954e-06,5.758222547824529e-06,5.758222547824529e-06,1.2488546816680213e-06,1.2488546816680213e-06,-2.1145828281655623e-06,2.1145828281655623e-06,5.1653053739883666e-06,5.1653053739883666e-06,-8.745985387942623e-06,8.745985387942623e-06,0.0037950791247654903,0.0013990860065082418,0.03294001792586024,0.009392977375914323,1.98839771446202e-08,1.4251770276659908e-08,0.004421576059231856,0.0007966569644635112,16.84351557678829,0.0011240046411790663,0.008740705818484507,-0.00027236632346862397,-3.579282658846689e-06,3.867669114513453e-06,-1.4203179936327642e-06,-5.874483067332185e-06,0.0028727026048103836,0.00468693662944098,-0.027683867385735896,0.00020114253867136784,6.272933063958033e-06,-6.778350175847414e-06,2.4892022473848626e-06,1.0295421722113574e-05
286,5.72,0,0.0025507110003673006,0.07197892135552045,0.003152323571841157,0.00387861590949212,0.016030811439031054,0.009630537391776259,6.811766285740843e-06,1.1533802589574081e-05,3.040607908066928e-06,3.040607908066928e-06,-5.148411210764553e-06,5.148411210764553e-06,-3.285592800328363e-06,3.285592800328363e-06,5.5632240556251815e-06,5.5632240556251815e-06,1.2065630251578696e-06,1.2065630251578696e-06,-2.0429738515449957e-06,2.0429738515449957e-06,4.990385666229493e-06,4.990385666229493e-06,-8.449808289479493e-06,8.449808289479493e-06,0.0039748575606341555,0.001504366137336538,0.03374550218397454,0.009274725045440064,1.8560063972622237e-08,1.3302860217526576e-08,0.0041498585642148825,0.000963557367130396,16.84357089658288,0.001205127183806727,0.008127708474647138,-0.0002683684529222085,-3.458072572441645e-06,3.7366930002802783e-06,-1.3722198510400086e-06,-5.675547588612121e-06,0.0027659897296549267,0.00405612713138303,-0.030649867191868456,0.00019989352732077448,6.060504320252202e-06,-6.548805711658772e-06,2.4049071296377798e-06,9.94677393600329e-06
287,5.74,0,0.0025722099999256898,0.07290147251001008,0.003227389643504793,0.003979882222572987,0.016222370659662116,0.00948969141102748,6.581090233938537e-06,1.1143217854011835e-05,2.937639683842086e-06,2.937639683842086e-06,-4.97406359388479e-06,4.97406359388479e-06,-3.1743283191998373e-06,3.1743283191998373e-06,5.374829062168323e-06,5.374829062168323e-06,1.165703548133834e-06,1.165703548133834e-06,-1.9737898673325255e-06,1.9737898673325255e-06,4.821389500439836e-06,4.821389500439836e-06,-8.163661042574237e-06,8.163661042574237e-06,0.004166417564400797,0.0015839462505552492,0.0345568003867113,0.009005424307652868,1.7324299466896475e-08,1.241713041419681e-08,0.0038701121068525114,0.001125072116318784,16.84362397204874,0.001273307541410958,0.007462466089444286,-0.00026439599877964726,-3.3409671857879902e-06,3.6101523076743357e-06,-1.325750519499806e-06,-5.4833489290644275e-06,0.0026537732929901242,0.0034090178802115454,-0.03326211926014265,0.00019862270712806132,5.855269332682711e-06,-6.327034630297127e-06,2.3234665770101365e-06,9.609932977384618e-06
288,5.76,0,0.0024363160009670537,0.07371476978784894,0.0033046603718803248,0.004044354988493637,0.01641136707883627,0.009272747016179196,6.358225876860938e-06,1.0765860022412072e-05,2.8381584119552272e-06,2.8381584119552272e-06,-4.805620147057774e-06,4.805620147057774e-06,-3.0668317379523025e-06,3.0668317379523025e-06,5.192813944180762e-06,5.192813944180762e-06,1.1262277508361507e-06,1.1262277508361507e-06,-1.9069487544111347e-06,1.9069487544111347e-06,4.658116279588438e-06,4.658116279588438e-06,-7.887203992134002e-06,7.887203992134002e-06,0.004368312069390481,0.001635680727295336,0.03536668897345711,0.008598383722606018,1.6170814520473612e-08,1.1590374202217043e-08,0.0035902888270719826,0.0012748961856556109,16.843674701883863,0.0013283414818052934,0.006752296683566547,-0.00026044958175027566,-3.2278274960442605e-06,3.487896833679962e-06,-1.2808548401979382e-06,-5.297658948740812e-06,0.002536491756061141,0.002751697019716778,-0.035508470293886915,0.00019732085146858023,5.656984487186499e-06,-6.112773699718678e-06,2.244783965093381e-06,9.28449901618075e-06
289,5.78,0,0.002419116000965005,0.0744174894553782,0.0033833886815722,0.004072506988285741,0.016596229629567978,0.00898385668560443,6.14290867640682e-06,1.0401281173463826e-05,2.7420460090299414e-06,2.7420460090299414e-06,-4.642880929138909e-06,4.642880929138909e-06,-2.9629754590421165e-06,2.9629754590421165e-06,5.016962651235604e-06,5.016962651235604e-06,1.0880887757469537e-06,1.0880887757469537e-06,-1.8423711727543203e-06,1.8423711727543203e-06,4.500372199745797e-06,4.500372199745797e-06,-7.620108985126271e-06,7.620108985126271e-06,0.004578927588236347,0.001658531316963619,0.03616793839577709,0.008070968094747938,1.5094130802669674e-08,1.0818665004945301e-08,0.0033179543773287135,0.0014075248689590584,16.84372299527774,0.0013701446924045877,0.006004690661554408,-0.00025652999501218416,-3.118519207052435e-06,3.369781461758052e-06,-1.2374795226374775e-06,-5.118257233228006e-06,0.0024146696939046867,0.002090160529964715,-0.03738030110060697,0.00019597933690457503,5.465414449591256e-06,-5.905768596095487e-06,2.1687658780230414e-06,8.97008577564029e-06
290,5.8,0,0.0022368229983840138,0.07500875326850719,0.003462835926227749,0.004065139996753944,0.016775471426324778,0.008627725847582764,5.934883052937534e-06,1.0049048554336441e-05,2.6491883904355973e-06,2.6491883904355973e-06,-4.4856527699061704e-06,4.4856527699061704e-06,-2.8626362060246713e-06,2.8626362060246713e-06,4.847066449284977e-06,4.847066449284977e-06,1.0512413523011688e-06,1.0512413523011688e-06,-1.7799804691369446e-06,1.7799804691369446e-06,4.3479700200432705e-06,4.3479700200432705e-06,-7.3620589810834424e-06,7.3620589810834424e-06,0.004796493060789437,0.0016525363193208651,0.03695339558140237,0.0074437653301047705,1.4089134740818054e-08,1.0098337684741129e-08,0.0030600516606452913,0.001518393722970454,16.84376877345074,0.0013987499530380987,0.005227240737099213,-0.00025263819336057144,-3.0129125712831753e-06,3.2556659899975005e-06,-1.1955730808601615e-06,-4.944930834074002e-06,0.0022889086501509436,0.00143026303167553,-0.03887249622275973,0.00019459008258063842,5.280331788462948e-06,-5.705773588027592e-06,2.0953220888657936e-06,8.666319957700223e-06
291,5.82,0,0.0022386220007319935,0.07548806222992097,0.003542278531676596,0.004023362905310173,0.016947700150871905,0.008209562855111263,5.733902081874192e-06,9.70874406697318e-06,2.559475335062178e-06,2.559475335062178e-06,-4.3337490407001995e-06,4.3337490407001995e-06,-2.765694877060465e-06,2.765694877060465e-06,4.682923672893096e-06,4.682923672893096e-06,1.0156417429296738e-06,1.0156417429296738e-06,-1.7197025861925593e-06,1.7197025861925593e-06,4.200728840421603e-06,4.200728840421603e-06,-7.112747675766172e-06,7.112747675766172e-06,0.0050190948783907586,0.0016187449067825914,0.037716069476293176,0.006739692227202257,1.3151053233808473e-08,9.425971135798691e-09,0.002822699541889602,0.0016039783092805765,16.843811970966154,0.0014143033767211497,0.004427573046702492,-0.00024877528312672873,-2.9108822348853935e-06,3.1454149646599044e-06,-1.1550857724459195e-06,-4.777474014367469e-06,0.0021598757704896915,0.0007776711841525601,-0.039983384519836025,0.00019314551169213347,5.101516819889107e-06,-5.51255126687977e-06,2.0243654207120976e-06,8.37284098532668e-06
292,5.84,0,0.002480114002537448,0.07585525428072372,0.0036210142373340796,0.00394857046019289,0.01711162725594009,0.00773503281171698,5.5397272005312236e-06,9.379963772029368e-06,2.472800354258453e-06,2.472800354258453e-06,-4.186989432987197e-06,4.186989432987197e-06,-2.6720364035837108e-06,2.6720364035837108e-06,4.524339485904696e-06,4.524339485904696e-06,9.81247691211884e-07,9.81247691211884e-07,-1.6614659744889594e-06,1.6614659744889594e-06,4.058473886906205e-06,4.058473886906205e-06,-6.871879137800375e-06,6.871879137800375e-06,0.005244697642790441,0.001559120867910789,0.038449217588517735,0.005983073259833828,1.2275430982522199e-08,8.798372036458338e-09,0.002611031347391983,0.0016618526292569438,16.843852536779764,0.0014170597802890216,0.003613280022165184,-0.0002449425125397004,-2.8123070891125355e-06,3.03889751868568e-06,-1.1159695399770202e-06,-4.615688004506207e-06,0.002028290680498186,0.00013782017839359968,-0.04071465122686547,0.0001916385293514168,4.928757288642874e-06,-5.325872298711224e-06,1.9558116234449687e-06,8.089300493063117e-06
293,5.86,0,0.0024555140007578302,0.0761104852860596,0.0036983678901470704,0.003842422211205159,0.017266075953076145,0.007210218676588662,5.3521279250813875e-06,9.06231740941175e-06,2.389060565599621e-06,2.389060565599621e-06,-4.045199744309219e-06,4.045199744309219e-06,-2.581549613855927e-06,2.581549613855927e-06,4.371125650210831e-06,4.371125650210831e-06,9.480183716936708e-07,9.480183716936708e-07,-1.6052015075952884e-06,1.6052015075952884e-06,3.92103630415027e-06,3.92103630415027e-06,-6.6391674574189415e-06,6.6391674574189415e-06,0.005471170020348356,0.001476420844916274,0.03914643141479986,0.0051987253364227945,1.1458109330574398e-08,8.212559682892728e-09,0.0024290763355574157,0.0016907067156784312,16.843890435001917,0.0014073772503482935,0.0027918555493026374,-0.0002411412621018425,-2.7170701260447416e-06,2.9359872169585234e-06,-1.0781779528129875e-06,-4.459380766075619e-06,0.001894911107513146,-0.0004841264970364091,-0.04107122364312729,0.00019006252189289333,4.761848153389695e-06,-5.1455150863578596e-06,1.889579358201635e-06,7.815361921529378e-06
294,5.88,0,0.002472412998031359,0.0762542316590771,0.003773696756892323,0.003706821698662053,0.01740998796178452,0.006641595735055501,5.170881576898224e-06,8.755427935034554e-06,2.308156570707265e-06,2.308156570707265e-06,-3.9082116715095875e-06,3.9082116715095875e-06,-2.494127100849397e-06,2.494127100849397e-06,4.2231003022635915e-06,4.2231003022635915e-06,9.159143415926607e-07,9.159143415926607e-07,-1.5508424000821475e-06,1.5508424000821475e-06,3.788252955001792e-06,3.788252955001792e-06,-6.414336407095304e-06,6.414336407095304e-06,0.005696314885191854,0.0013740527105671825,0.03980171865846968,0.004411079390790741,1.0695206512922183e-08,7.665751832558341e-09,0.002279685665764126,0.001690325165492471,16.843925645357146,0.0013857109755431303,0.0019706329073905884,-0.0002373730345821413,-2.6250583003881033e-06,2.8365619055897084e-06,-1.0416661526106548e-06,-4.308366763491903e-06,0.0017605177615548188,-0.0010833137402581619,-0.04106113209560247,0.0001884113759850617,4.6005912828319185e-06,-4.971265568440748e-06,1.825590010116646e-06,7.550700129185739e-06
295,5.9,0,0.0026195089994871523,0.07628731208305868,0.0038463953297188176,0.0035438962689442236,0.01754242900745128,0.0060360306475461265,4.995773018201387e-06,8.45893107323194e-06,2.229992337288156e-06,2.229992337288156e-06,-3.7758626109023826e-06,3.7758626109023826e-06,-2.409665094793567e-06,2.409665094793567e-06,4.080087737229695e-06,4.080087737229695e-06,8.848974936137566e-07,8.848974936137566e-07,-1.498324128163352e-06,1.498324128163352e-06,3.6599662268598475e-06,3.6599662268598475e-06,-6.197119113648673e-06,6.197119113648673e-06,0.005917902812993091,0.0012559200765036786,0.04040958024266418,0.00364336659781161,9.983099219755597e-09,7.155351490168885e-09,0.002164502787628486,0.0016615296220945169,16.84395816333677,0.0013526064211088476,0.0011567259477461883,-0.0002336394442918995,-2.5361623951494374e-06,2.7405035676591803e-06,-1.0063908006396641e-06,-4.162466745204818e-06,0.0016258989810380023,-0.0016552277217141394,-0.04069534798221999,0.00018667951451208938,4.444795261933292e-06,-4.802916896526356e-06,1.7637675985495297e-06,7.295000914354254e-06
296,5.92,0,0.0025030129982042126,0.07621092506391466,0.003915899606972519,0.0033559783178450583,0.017662593065588674,0.005400826953674698,4.826594396740907e-06,8.172474884309863e-06,2.154475085058838e-06,2.154475085058838e-06,-3.647995465289685e-06,3.647995465289685e-06,-2.3280633400513118e-06,2.3280633400513118e-06,3.941918200380808e-06,3.941918200380808e-06,8.549310110961272e-07,8.549310110961272e-07,-1.447584353101941e-06,1.447584353101941e-06,3.5360238445868424e-06,3.5360238445868424e-06,-5.9872577414090315e-06,5.9872577414090315e-06,0.00613370789275501,0.0011262590469846144,0.04096508027887391,0.0029168931783539118,9.318405388260285e-09,6.67893457346755e-09,0.002083976663455132,0.0016060893300755006,16.843988000049446,0.0013086919221205523,0.0003569739156834192,-0.00022994220523568594,-2.4502768911829547e-06,2.6476981822899924e-06,-9.723100248579964e-07,-4.021507521179871e-06,0.0014918356339405393,-0.0021957249494147617,-0.039987601603138474,0.00018486195281068054,4.294275198324152e-06,-4.640269268459409e-06,1.704038789083355e-06,7.0479612012474085e-06
297,5.94,0,0.0022354230022756383,0.07602669848951255,0.00398169083708165,0.0031455893541837182,0.017769805359692026,0.004743862704662121,4.663144899070166e-06,7.89571934690695e-06,2.081515175778037e-06,2.081515175778037e-06,-3.524458457496324e-06,3.524458457496324e-06,-2.2492249760475147e-06,2.2492249760475147e-06,3.8084276856339603e-06,3.8084276856339603e-06,8.259793240483759e-07,8.259793240483759e-07,-1.398562847272799e-06,1.398562847272799e-06,3.416278689758563e-06,3.416278689758563e-06,-5.78450318627523e-06,5.78450318627523e-06,0.0063415447688399875,0.000989473238515394,0.04146390736069784,0.002250423336068421,8.697968139889643e-09,6.23423840051207e-09,0.0020374148684326717,0.0015266045588824895,16.84401518178394,0.0012546707815825559,-0.00042210969328510396,-0.00022628311805077765,-2.3672998433382496e-06,2.558035590402863e-06,-9.393833721281588e-07,-3.885321775775905e-06,0.0013590867248191654,-0.002701057026899819,-0.038954180448426155,0.00018295435924541313,4.148852392235222e-06,-4.483129594356473e-06,1.646332636491905e-06,6.809287270198293e-06
298,5.96,0,0.0023419190001732204,0.07573674700081419,0.004043298718063597,0.0029154292864529813,0.017863524129469798,0.004073923215602351,4.505230512130784e-06,7.628335953582024e-06,2.0110260066097396e-06,2.0110260066097396e-06,-3.405104950128172e-06,3.405104950128172e-06,-2.173056422360986e-06,2.173056422360986e-06,3.6794577408179637e-06,3.6794577408179637e-06,7.980080670710876e-07,7.980080670710876e-07,-1.3512014225600433e-06,1.3512014225600433e-06,3.300588626033033e-06,3.300588626033033e-06,-5.588614779042412e-06,5.588614779042412e-06,0.00653930580939789,0.0008499727924307737,0.041902425806909276,0.0016596850366623799,8.11884078697368e-09,5.819150942071216e-09,0.0020230724300557227,0.001426368641493586,16.8440397493062,0.0011913129510270654,-0.0011743839443964328,-0.000222664055361226,-2.2871327588248285e-06,2.4714093635798986e-06,-9.075717588887019e-07,-3.7537478610551313e-06,0.0012283761133469054,-0.003167891527774516,-0.037613712555566434,0.0001809531344775809,4.008354225671099e-06,-4.331311341148212e-06,1.5905806619728378e-06,6.578695736038662e-06
299,5.98,0,0.0022428219999710564,0.07534373279224535,0.004100304049385012,0.002668375228530908,0.017943341195319887,0.0034014824637614775,4.352663793047461e-06,7.370007321826506e-06,1.9429239075940963e-06,1.9429239075940963e-06,-3.2897932715959585e-06,3.2897932715959585e-06,-2.0994672675356263e-06,2.0994672675356263e-06,3.5548552796607303e-06,3.5548552796607303e-06,7.70984038611644e-07,7.70984038611644e-07,-1.305443861400945e-06,1.305443861400945e-06,3.1888163304521263e-06,3.1888163304521263e-06,-5.3993600009016895e-06,5.3993600009016895e-06,0.006724997318961248,0.0007120226360237373,0.04227771576633169,0.001157008295127685,7.578272838122522e-09,5.43170079237763e-09,0.002038271288234068,0.0013092144271997783,16.844061756919924,0.001119446380991386,-0.0018941226512254388,-0.00021908694553845695,-2.2096804802220363e-06,2.3877166772233345e-06,-8.768374249581853e-07,-3.62662960244457e-06,0.0011003806860264967,-0.0035933285017839827,-0.035986935341450296,0.000178855491138453,3.872613930139592e-06,-4.1846343178281776e-06,1.5367166965258281e-06,6.355912930528074e-06
300,6.0,0,0.00246081500154105,0.07485092545581536,0.004152340836718228,0.002407497922582747,0.018008981353745995,0.0027406213673410755,4.205263646606201e-06,7.120426817441117e-06,1.8771280421714387e-06,1.8771280421714387e-06,-3.1783865479547217e-06,3.1783865479547217e-06,-2.0283701619439043e-06,2.0283701619439043e-06,3.4344724000961934e-06,3.4344724000961934e-06,7.448751613292615e-07,7.448751613292615e-07,-1.2612358500106958e-06,1.2612358500106958e-06,3.080829130434155e-06,3.080829130434155e-06,-5.216514207585405e-06,5.216514207585405e-06,0.006896773769711132,0.0005796046247240241,0.04258760140934653,0.0007511005479126464,7.073696934987072e-09,5.070047806253462e-09,0.002079544518419738,0.0011793513449900217,16.84408127132514,0.001039948126534707,-0.0025760517105743634,-0.00021555375487266552,-2.1348510725981514e-06,2.3068581892233217e-06,-8.471438892872309e-07,-3.503816114414133e-06,0.0009757202610963696,-0.003974912722833937,-0.034096452967446234,0.00017665953328957384,3.7414703811942515e-06,-4.042924400000656e-06,1.4846767835477244e-06,6.1406744015218326e-06
301,6.0200000000000005,0,0.002424516002065502,0.07426225665160847,0.004199097853743809,0.0021361120130902727,0.018060300646707664,0.002114139892831016,4.062855110248729e-06,6.879298190430761e-06,1.8135603112034993e-06,1.8135603112034993e-06,-3.0707525404288677e-06,3.0707525404288677e-06,-1.9596807139254935e-06,1.9596807139254935e-06,3.318166208665876e-06,3.318166208665876e-06,7.196504443474083e-07,7.196504443474083e-07,-1.2185249138937501e-06,1.2185249138937501e-06,2.9764988462824445e-06,2.9764988462824445e-06,-5.0398603625697565e-06,5.0398603625697565e-06,0.007052969114126343,0.0004562974532468577,0.04283066675532254,0.00044695874864595384,6.602716658749684e-09,4.732474359286393e-09,0.0021427989565689707,0.0010411992012279569,16.844098370313763,0.0009537352908423468,-0.003215381410057838,-0.0002120664681668218,-2.0625557142658773e-06,2.2287379213545974e-06,-8.184559058796881e-07,-3.385161620850753e-06,0.0008549494306407139,-0.0043106417846180325,-0.03196648497417375,0.0001743643352921823,3.6147679166137327e-06,-3.906013393436216e-06,1.434399170377144e-06,5.932724678169027e-06
302,6.04,0,0.002427614999760408,0.07358236571180332,0.0042403196686474996,0.0018578950187371737,0.01809728355576336,0.0015681619340790936,3.9252691464342586e-06,6.646335223379428e-06,1.7521452603808108e-06,1.7521452603808108e-06,-2.966763488447677e-06,2.966763488447677e-06,-1.8933173897561772e-06,1.8933173897561772e-06,3.2057986509500367e-06,3.2057986509500367e-06,6.952799460613335e-07,6.952799460613335e-07,-1.177260355604137e-06,1.177260355604137e-06,2.875701639031003e-06,2.875701639031003e-06,-4.869188779441354e-06,4.869188779441354e-06,0.007192124356927535,0.00034517739006484024,0.043006259011730864,0.0002459131851494683,6.163095148779492e-09,4.417377190153407e-09,0.00222348961084125,0.0008992245381193675,16.84411314134316,0.0008617558908925471,-0.0038078335751853755,-0.000208627067934097,-1.9927085914258445e-06,2.153263145751576e-06,-7.907394224163814e-07,-3.270525281970811e-06,0.0007385514701058462,-0.004598969997489981,-0.02962260825637687,0.00017197001163623993,3.492356142001619e-06,-3.7737387801510705e-06,1.385824173165332e-06,5.731816943997097e-06
303,6.0600000000000005,0,0.0024060169998847414,0.07281663274785154,0.004275807146380208,0.0015771556696408927,0.01812003917917854,0.0012074511022636529,3.792342441967071e-06,6.421261391630632e-06,1.6928099906277083e-06,1.6928099906277083e-06,-2.8662959579830326e-06,2.8662959579830326e-06,-1.829201416725379e-06,1.829201416725379e-06,3.0972363476616547e-06,3.0972363476616547e-06,6.717347389439965e-07,6.717347389439965e-07,-1.1373931945236425e-06,1.1373931945236425e-06,2.778317863442103e-06,2.778317863442103e-06,-4.704296872931287e-06,4.704296872931287e-06,0.007313010701214421,0.00024874200062804117,0.04311447961860496,0.000145793816435771,5.752744478857905e-09,4.123259785964615e-09,0.0023167992306422584,0.0007577849912946885,16.844125680030587,0.0007649797264747854,-0.004349663474595593,-0.00020523751241812092,-1.9252267963144402e-06,2.0803442748041825e-06,-7.6396153978998e-07,-3.159771027128476e-06,0.0006269343714944628,-0.004838808220888083,-0.027091494970510905,0.00016947777579880586,3.3740897555702004e-06,-3.64594354736967e-06,1.338894131320063e-06,5.537712742116767e-06
304,6.08,0,0.002314719997229986,0.07197119640535568,0.004305417441106565,0.0012994541701075656,0.018128796456847705,0.0011883025283293738,3.66391721411704e-06,6.203809535012111e-06,1.6354840714494223e-06,1.6354840714494223e-06,-2.769230695032234e-06,2.769230695032234e-06,-1.7672566897664055e-06,1.7672566897664055e-06,2.9923504363383127e-06,2.9923504363383127e-06,6.489868750181316e-07,6.489868750181316e-07,-1.0988761087339468e-06,1.0988761087339468e-06,2.684231925983386e-06,2.684231925983386e-06,-4.544988918380123e-06,4.544988918380123e-06,0.0074146477368738405,0.0001688581140209942,0.043156163491703994,0.00014120628988339819,5.369715740761267e-09,3.848725274670718e-09,0.002417816615956755,0.0006209864795199976,16.844136088610284,0.0006643893315701869,-0.004837676449310593,-0.000201899712731611,-1.8600302287475813e-06,2.009894754370415e-06,-7.380904730585107e-07,-3.05276739335604e-06,0.0005204289845624505,-0.005029519745229922,-0.024400648735749965,0.0001668899843254949,3.2598283783429636e-06,-3.5224760216883675e-06,1.2935533365734721e-06,5.350181688621801e-06
305,6.1000000000000005,0,0.0032831850003276486,0.07105295407214254,0.004329063496537282,0.0010331233592065904,0.018123898513891012,0.0014963348905094641,3.5398410234209807e-06,5.993721540677062e-06,1.5800994575543292e-06,1.5800994575543292e-06,-2.67545248406359e-06,2.67545248406359e-06,-1.707409681028782e-06,1.707409681028782e-06,2.891016418390076e-06,2.891016418390076e-06,6.270093528826237e-07,6.270093528826237e-07,-1.0616633788512839e-06,1.0616633788512839e-06,2.593332147615788e-06,2.593332147615788e-06,-4.391075819352162e-06,4.391075819352162e-06,0.007496316302820638,0.00010673438753383094,0.04313284723094405,0.00022390181045559696,5.012189788437638e-09,3.5924697907176203e-09,0.0025217076685313507,0.0004925573422546417,16.844144474393957,0.0005609710840205248,-0.005269239278692641,-0.00019861550946545197,-1.7970415010985747e-06,1.9418309616177807e-06,-7.130955134525998e-07,-2.9493873694466137e-06,0.0004192891837506282,-0.0051709123774831105,-0.021578141469102412,0.00016421016330795036,3.149436382450324e-06,-3.4031896376317255e-06,1.2497479802955493e-06,5.169001195471313e-06
306,6.12,0,0.0025975089993153233,0.07006954306558151,0.004346713074992977,0.0007932084468588221,0.018105796199068352,0.001957607621912849,3.4199665926054738e-06,5.79074803666746e-06,1.526590407863182e-06,1.526590407863182e-06,-2.5848500112507e-06,2.5848500112507e-06,-1.6495893526702332e-06,1.6495893526702332e-06,2.7931140112767804e-06,2.7931140112767804e-06,6.057760852939964e-07,6.057760852939964e-07,-1.0257108337631979e-06,1.0257108337631979e-06,2.505510631228792e-06,2.505510631228792e-06,-4.242374883130371e-06,4.242374883130371e-06,0.007557565822525961,6.291796401681846e-05,0.04304672730018932,0.0003832227601371279,4.678468597814997e-09,3.3532762824168036e-09,0.002623873784890223,0.00037574272298012106,16.844150948272286,0.0004557065457085293,-0.005642286341326719,-0.00019538664916065045,-1.7361858462933967e-06,1.8760721054101326e-06,-6.889469920362655e-07,-2.8495082451292006e-06,0.0003236939163824854,-0.005263226915599774,-0.01865235313170387,0.0001614430152400775,3.042782740258906e-06,-3.2879428103823807e-06,1.2074260708167145e-06,4.99395621587061e-06
307,6.140000000000001,0,0.0022730199998477474,0.06902930207454847,0.004358387339055535,0.0006108512488145643,0.018075040898665698,0.0024629341085044597,3.30415163186021e-06,5.594648095898402e-06,1.4748934076269649e-06,1.4748934076269649e-06,-2.4973157323449085e-06,2.4973157323449085e-06,-1.5937270724242225e-06,1.5937270724242225e-06,2.6985270057591136e-06,2.6985270057591136e-06,5.852618686352784e-07,5.852618686352784e-07,-9.909757981731314e-07,9.909757981731314e-07,2.4206631335662275e-06,2.4206631335662275e-06,-4.098709603832176e-06,4.098709603832176e-06,0.007598216078895835,3.7313924817831264e-05,0.04290060938470796,0.0006066044422834657,4.366967202529794e-09,3.1300087316939612e-09,0.002720092938663269,0.00027322161130799753,16.844155623291105,0.0003495641015081056,-0.005955320671773479,-0.00019221476107577197,-1.6773910292357303e-06,1.8125401307356156e-06,-6.656162447259505e-07,-2.7530114654284688e-06,0.00023375094111590354,-0.005307122210021192,-0.01565171652233808,0.0001585944042439268,2.9397408528833414e-06,-3.1765987337258502e-06,1.1665373655157534e-06,4.824838985036628e-06
308,6.16,0,0.0022919209986866917,0.06794121288345653,0.004364159012479876,0.0005406065077806502,0.01803227671021514,0.002966669109242305,3.192258669964466e-06,5.405188950138733e-06,1.4249470929872388e-06,1.4249470929872388e-06,-2.4127457450058518e-06,2.4127457450058518e-06,-1.5397565323316265e-06,1.5397565323316265e-06,2.6071431279425603e-06,2.6071431279425603e-06,5.654423527179375e-07,5.654423527179375e-07,-9.574170419357019e-07,9.574170419357019e-07,2.338688941489527e-06,2.338688941489527e-06,-3.959909452865178e-06,3.959909452865178e-06,0.0076183535544837285,2.922553962547902e-05,0.04269785028941724,0.0008801125603732531,4.07620616638532e-09,2.9216067586701854e-09,0.002806639661678796,0.00018704804683410066,16.844158613331466,0.00024349096052819183,-0.00620741005579663,-0.0001891013346928191,-1.6205872610577162e-06,1.7511596257621184e-06,-6.43075578396739e-07,-2.659782489964088e-06,0.00014950201774865165,-0.005303657048995686,-0.0126044692011575,0.00015567131914764372,2.840188408900699e-06,-3.0690252486748505e-06,1.1270333164605739e-06,4.6614487732190035e-06
309,6.18,0,0.0025239120004698634,0.06681482313256769,0.004364150149641324,0.0006116594009153881,0.017978232063284857,0.0034481821520627918,3.0841548909577847e-06,5.2221457137127e-06,1.3766921780899999e-06,1.3766921780899999e-06,-2.331039665475838e-06,2.331039665475838e-06,-1.4876136697483666e-06,1.4876136697483666e-06,2.5188539060306774e-06,2.5188539060306774e-06,5.46294011916082e-07,5.46294011916082e-07,-9.249947311346184e-07,9.249947311346184e-07,2.2594907524322964e-06,2.2594907524322964e-06,-3.825809676483321e-06,3.825809676483321e-06,0.007618322611445756,3.741272227281714e-05,0.04244229385201576,0.0011889960153804383,3.804804556567529e-09,2.7270805855247916e-09,0.0028803810742156393,0.00011861707515939897,16.84416003191714,0.00013840557818659642,-0.0063981783453162825,-0.00018604769840748007,-1.5657071162491862e-06,1.6918577321588801e-06,-6.212982374584382e-07,-2.5697106570148025e-06,7.09292839796748e-05,-0.005254269117079768,-0.009538414475982667,0.00015268181426694873,2.7440072404264878e-06,-2.965094680161923e-06,1.0888670469150374e-06,4.5035916474642726e-06
310,6.2,0,0.002652006998687284,0.06566015154617512,0.004358529545142677,0.0007756650843010782,0.017913710876604597,0.0038964538726863614,2.9797119766726546e-06,5.045301116546988e-06,1.330071384753051e-06,1.330071384753051e-06,-2.25210050942938e-06,2.25210050942938e-06,-1.4372365916281993e-06,1.4372365916281993e-06,2.433554541556393e-06,2.433554541556393e-06,5.277941172998624e-07,5.277941172998624e-07,-8.936703808304095e-07,8.936703808304095e-07,2.18297455890264e-06,2.18297455890264e-06,-3.6962511002034062e-06,3.6962511002034062e-06,0.007598711918352652,6.0165632300379865e-05,0.042138202409394865,0.001518235278197254,3.5514733855705826e-09,2.5455063356630276e-09,0.0029388470976497365,6.865516901931016e-05,16.84415999116773,3.519055226448382e-05,-0.006527792210381231,-0.00018305499983675192,-1.5126854524763183e-06,1.6345640592753598e-06,-6.002583721440561e-07,-2.482689052186514e-06,-2.037470618210073e-06,-0.005160751296105632,-0.006480693253247374,0.00014963492853640905,2.6510831886434074e-06,-2.8646836441760167e-06,1.0519932657191044e-06,4.351080241414437e-06
311,6.22,0,0.0025051129996427335,0.06448757766754105,0.004347509817281116,0.0009766781692708791,0.017839583341968834,0.004304727516946153,2.8788059543454747e-06,4.874445246239657e-06,1.2850293745758634e-06,1.2850293745758634e-06,-2.175834576853803e-06,2.175834576853803e-06,-1.3885655008039066e-06,1.3885655008039066e-06,2.3511437849566693e-06,2.3511437849566693e-06,5.099207096570524e-07,5.099207096570524e-07,-8.634068093446349e-07,8.634068093446349e-07,2.1090495368985933e-06,2.1090495368985933e-06,-3.571079939849117e-06,3.571079939849117e-06,0.007560336644542273,9.53900246330316e-05,0.04179018537403611,0.0018530678995153386,3.315009489109983e-09,2.376021645858839e-09,0.002980273971717021,3.723401065826481e-05,16.844158600909193,-6.531395958081223e-05,-0.006596943578525484,-0.00018012418815032755,-1.4614593335421183e-06,1.579210600161355e-06,-5.799310087432417e-07,-2.3986143815314913e-06,-6.951292701000509e-05,-0.005025225592264801,-0.0034575684072127005,0.00014654058432121667,2.561305946709985e-06,-2.7676729557002176e-06,1.0163681700407277e-06,4.20373353275114e-06
312,6.24,0,0.0025780100004340056,0.06330771865736154,0.004331344200850294,0.001186173460687811,0.017756776425687643,0.0046684843125927526,2.7813170494299063e-06,4.709375298897154e-06,1.2415126830478407e-06,1.2415126830478407e-06,-2.10215134081186e-06,2.10215134081186e-06,-1.3415426250995566e-06,1.3415426250995566e-06,2.271523815436524e-06,2.271523815436524e-06,4.926525735138299e-07,4.926525735138299e-07,-8.341680941001262e-07,8.341680941001262e-07,2.037627938101562e-06,2.037627938101562e-06,-3.4501476189977167e-06,3.4501476189977167e-06,0.007504217034495787,0.00014070074788400977,0.04140312645157522,0.0021794745776924623,3.094289811779792e-09,2.2178215705862654e-09,0.0030036211596241075,2.3805800135090098e-05,16.84415596794811,-0.00016231625930096646,-0.00660682804187973,-0.00017725599879238422,-1.4119679543458505e-06,1.5257316505528928e-06,-5.602920183763394e-07,-2.3173868489276525e-06,-0.00013164805397615238,-0.004850114986007712,-0.0004942231677123191,0.00014340946789716776,2.474568959813388e-06,-2.6739474804231266e-06,9.819495183450991e-07,4.061376630191974e-06
313,6.26,0,0.002573009998741327,0.062131296128978455,0.004310323086215556,0.0013911136707959813,0.017666264177848518,0.004984587766043103,2.6871295434286336e-06,4.549895338420248e-06,1.1994696562100948e-06,1.1994696562100948e-06,-2.0309633400041108e-06,2.0309633400041108e-06,-1.296112148774231e-06,1.296112148774231e-06,2.194600124850394e-06,2.194600124850394e-06,4.759692115996472e-07,4.759692115996472e-07,-8.059195290604723e-07,8.059195290604723e-07,1.9686249857215742e-06,1.9686249857215742e-06,-3.3333105926125804e-06,3.3333105926125804e-06,0.007431554043025116,0.00019351972450754696,0.04098211096475842,0.0024846115197386565,2.8882660732667902e-09,2.0701547590578297e-09,0.0030085626262782218,2.7257627854648365e-05,16.844152195510063,-0.00025507852947216083,-0.006559119538848,-0.00017445094091245197,-1.3641525691450163e-06,1.474063731289136e-06,-5.413180899902945e-07,-2.238910037644978e-06,-0.00018862190224426707,-0.004638113508559718,0.0023854251515865125,0.00014025289399661334,2.3907692600417087e-06,-2.5833959631878643e-06,9.486964193022589e-07,3.923840564133689e-06
314,6.28,0,0.002364817999477964,0.060968996296482975,0.004284770342734465,0.0015848495439599309,0.01756905793833626,0.005250883255266504,2.596131636669966e-06,4.395816063876307e-06,1.1588503894266466e-06,1.1588503894266466e-06,-1.9621860749309707e-06,1.9621860749309707e-06,-1.2522201462972227e-06,1.2522201462972227e-06,2.1202814054840053e-06,2.1202814054840053e-06,4.5985082097743657e-07,4.5985082097743657e-07,-7.78627583428902e-07,7.78627583428902e-07,1.9019587738692244e-06,1.9019587738692244e-06,-3.2204301766475883e-06,3.2204301766475883e-06,0.007343702755990729,0.000251174807699,0.04053235464714607,0.002757177496043815,2.69595978996747e-09,1.932319886743299e-09,0.00299545429046701,4.5981944171466114e-05,16.84414738283726,-0.0003429216266008396,-0.006455941640228963,-0.0001717092877659331,-1.3179564213418762e-06,1.4241455130448011e-06,-5.229867016650802e-07,-2.1630907960540866e-06,-0.0002406336401168819,-0.004392154856433937,0.005158894930951783,0.00013708265732594163,2.309807390157e-06,-2.4959109122167217e-06,9.165694162607073e-07,3.7909620795445706e-06
315,6.3,0,0.002374416999373352,0.05983132689865321,0.004255039465390294,0.001763508125693213,0.017466196526465694,0.005465992036586327,2.5082153153849893e-06,4.246954584830992e-06,1.1196066679319827e-06,1.1196066679319827e-06,-1.89573790762142e-06,1.89573790762142e-06,-1.2098145181771436e-06,1.2098145181771436e-06,2.0484794416845752e-06,2.0484794416845752e-06,4.442782692848368e-07,4.442782692848368e-07,-7.522598619357233e-07,7.522598619357233e-07,1.8375501703363478e-06,1.8375501703363478e-06,-3.111372383425076e-06,3.111372383425076e-06,0.007242144340811567,0.00031099609093859884,0.04005913513750174,0.0029877068944025136,2.516457627332728e-09,1.8036623245616977e-09,0.0029652801584022187,7.795978318181961e-05,16.844141624935904,-0.00042522922390379113,-0.006299835790163858,-0.00016903107026999746,-1.2733246766291387e-06,1.3759177433991824e-06,-5.052760940280643e-07,-2.0898391269856217e-06,-0.00028789506792927053,-0.004115379865147579,0.007805292503255279,0.00013391087479677993,2.23158723563687e-06,-2.4113884822809433e-06,8.855303818507986e-07,3.6625834534232483e-06
316,6.32,0,0.0023022189998300746,0.058728474428424264,0.004221509583957897,0.001924594848893384,0.017358736498261137,0.005629194534065669,2.423276223689706e-06,4.103134204258664e-06,1.081691909765592e-06,1.081691909765592e-06,-1.8315399647014708e-06,1.8315399647014708e-06,-1.168844929344548e-06,1.168844929344548e-06,1.9791090051690447e-06,1.9791090051690447e-06,4.292330720856441e-07,4.292330720856441e-07,-7.267850663500963e-07,7.267850663500963e-07,1.7753227226679005e-06,1.7753227226679005e-06,-3.006007762606077e-06,3.006007762606077e-06,0.007128457266979348,0.00037040653323869467,0.03956772724888213,0.00316878311023548,2.3489070625199363e-09,1.6835710298157377e-09,0.0029195802261189276,0.0001208531585767904,16.844135012459656,-0.0005014512868751366,-0.00609372686709888,-0.0001664160738433266,-1.230204357399581e-06,1.3293231762625467e-06,-4.881652448212123e-07,-2.019068080922701e-06,-0.00033062381210938185,-0.0038111031485672706,0.01030544615324898,0.00013074982133354427,2.1560159614778786e-06,-2.3297283568317858e-06,8.555424603425992e-07,3.5385523031460206e-06
317,6.34,0,0.002385017000051448,0.057670165149719094,0.004184581374127374,0.002066407850551314,0.01724774255192083,0.005740356833093133,2.3412135396195637e-06,3.964184208819901e-06,1.0450611104828589e-06,1.0450611104828589e-06,-1.769516043804545e-06,1.769516043804545e-06,-1.1292627492553997e-06,1.1292627492553997e-06,1.9120877538612824e-06,1.9120877538612824e-06,4.146973707763735e-07,4.146973707763735e-07,-7.02172958314315e-07,7.02172958314315e-07,1.7152025674157557e-06,1.7152025674157557e-06,-2.904211247537138e-06,2.904211247537138e-06,0.007004288510677494,0.0004270041404820101,0.03906334291143982,0.0032951696571239014,2.1925123352391864e-09,1.5714756441457064e-09,0.00286036367850888,0.00017210294634664172,16.84412763171236,-0.0005711068713361365,-0.005840886443024565,-0.00016386383857776253,-1.1885442800966886e-06,1.284306504248395e-06,-4.71633843581781e-07,-1.950693652809517e-06,-0.0003690373650148031,-0.00348277922305,0.012642021203715718,0.00012761176327820466,2.0830038651446353e-06,-2.250833600707588e-06,8.265700619715657e-07,3.4187214056592203e-06
318,6.36,0,0.0024243150000984315,0.056665533225810485,0.004144672909764681,0.0021877691665024247,0.017134278157897795,0.005799878739834793,2.2619298554239128e-06,3.829939666211301e-06,1.009670789586803e-06,1.009670789586803e-06,-1.7095925230928822e-06,1.7095925230928822e-06,-1.091020994159475e-06,1.091020994159475e-06,1.8473361341280895e-06,1.8473361341280895e-06,4.0065391160304387e-07,4.0065391160304387e-07,-6.78394323481748e-07,6.78394323481748e-07,1.6571183424649114e-06,1.6571183424649114e-06,-2.8058620068022005e-06,2.8058620068022005e-06,0.0068713254115748915,0.0004786333925898713,0.03855107650146269,0.003363859339678762,2.0465306683432166e-09,1.4668437846818728e-09,0.002790011207688873,0.00022902859716350266,16.84411956475056,-0.0006337862398160383,-0.005544894127831528,-0.00016137366271897069,-1.1482949947012987e-06,1.2408142930056748e-06,-4.556622676838354e-07,-1.8846346823518377e-06,-0.00040334809025024,-0.0031339684239950916,0.014799615759651871,0.00012450879293959317,2.0124642697694825e-06,-2.1746105621360105e-06,7.985787948972801e-07,3.3029485228839435e-06
319,6.38,0,0.002304919999005506,0.055722999026931376,0.004102215494893561,0.0022878900937337607,0.017019396485387656,0.005808652687232764,2.1853310620982244e-06,3.700241229402094e-06,9.75478939124752e-07,9.75478939124752e-07,-1.651698273871083e-06,1.651698273871083e-06,-1.0540742714781892e-06,1.0540742714781892e-06,1.784777286363679e-06,1.784777286363679e-06,3.8708602512205204e-07,3.8708602512205204e-07,-6.554209368261961e-07,6.554209368261961e-07,1.6010011023288948e-06,1.6010011023288948e-06,-2.7108433008030134e-06,2.7108433008030134e-06,0.006731268786617929,0.0005234441081005075,0.03803585607775989,0.0033740446040896404,1.910268740388541e-09,1.3691785155767117e-09,0.0027111704204698336,0.0002889261726198895,16.84411088956507,-0.0006891522981414771,-0.0052095973907448365,-0.00015894460936270258,-1.1094087255247512e-06,1.1987949175748522e-06,-4.402315588648784e-07,-1.8208127576924742e-06,-0.00043375927412559606,-0.0027683029162719293,0.016764836854334556,0.00012145266781340598,1.9443134588273717e-06,-2.100968771541137e-06,7.71535440947845e-07,3.1910962329681757e-06
320,6.4,0,0.002609109000331955,0.054850160342531325,0.004057649513043649,0.0023662976817969334,0.016904131691918293,0.00576802798758377,2.1113262375240743e-06,3.5749349475143782e-06,9.424449736727958e-07,9.424449736727958e-07,-1.5957645761855513e-06,1.5957645761855513e-06,-1.018378725736735e-06,1.018378725736735e-06,1.7243369537683451e-06,1.7243369537683451e-06,3.7397760643820277e-07,3.7397760643820277e-07,-6.332255291437115e-07,6.332255291437115e-07,1.5467842363128814e-06,1.5467842363128814e-06,-2.619042343197327e-06,2.619042343197327e-06,0.006585807828281344,0.0005599364718877539,0.03752240085642343,0.0033270146865549666,1.7830793925030254e-09,1.2780159878959627e-09,0.0026266483079498515,0.0003491614612582423,16.84410168031988,-0.0007369413599586739,-0.004839070252480018,-0.00015657551620603904,-1.0718393149697307e-06,1.1581985013177794e-06,-4.253234012226739e-07,-1.7591521223130043e-06,-0.00046046225961329443,-0.0023894530908598437,0.018526356913240935,0.0001184546578331767,1.8784705277510303e-06,-2.0298208128536247e-06,7.454078821102281e-07,3.083031768973494e-06
321,6.42,0,0.0026023089994851034,0.05405369880960899,0.004011420330323236,0.0024227907423229863,0.01678949063727305,0.005679777589423742,2.0398275385805887e-06,3.4538720830663326e-06,9.105296821521058e-07,9.105296821521058e-07,-1.5417250372232403e-06,1.5417250372232403e-06,-9.838919866611562e-07,9.838919866611562e-07,1.6659433941912904e-06,1.6659433941912904e-06,3.6131309588682825e-07,3.6131309588682825e-07,-6.117817546682856e-07,6.117817546682856e-07,1.494403389448902e-06,1.494403389448902e-06,-2.530350167030121e-06,2.530350167030121e-06,0.0064365972266122295,0.0005869914981085965,0.037015185072053806,0.0032259873465320162,1.6643585548606967e-09,1.1929232366184964e-09,0.0025393046178894033,0.00040725528744490623,16.84409200762677,-0.0007769632525121189,-0.004437571239974868,-0.00015426500813218237,-1.0355421682394994e-06,1.118976856458407e-06,-4.1092009852380614e-07,-1.699579585000237e-06,-0.00048363465568079366,-0.002001094627672258,0.020074950625257514,0.0001155254036928322,1.8148573365115643e-06,-1.961082242968619e-06,7.201651349433881e-07,2.978626865638366e-06
322,6.44,0,0.0026246090019412804,0.05333930340024109,0.0039639742869560304,0.002457410709857923,0.0166764450772382,0.005546065944702382,1.9707500969298445e-06,3.3369089354480966e-06,8.796951814216136e-07,8.796951814216136e-07,-1.4895155125284059e-06,1.4895155125284059e-06,-9.505731187742228e-07,9.505731187742228e-07,1.6095272949831225e-06,1.6095272949831225e-06,3.4907746082613045e-07,3.4907746082613045e-07,-5.910641598409955e-07,5.910641598409955e-07,1.4437963861083786e-06,1.4437963861083786e-06,-2.4446614953948858e-06,2.4446614953948858e-06,0.006285236859059427,0.0006038867396924419,0.036518408202912925,0.0030758847462987516,1.5535423778195962e-09,1.1134961243473346e-09,0.002451949714953167,0.0004609585660374512,16.844081938835178,-0.000809100782116124,-0.004009500987998905,-0.00015201151236971178,-1.000474201068111e-06,1.0810834274028713e-06,-3.97004554468315e-07,-1.6420244333656808e-06,-0.0005034395795531577,-0.0016068764802002495,0.021403512598798143,0.00011267478812352876,1.753398358569408e-06,-1.8946714527767722e-06,6.957772027745611e-07,2.877757581727811e-06
323,6.46,0,0.0024772139986453112,0.05271161230612587,0.003915754810072122,0.0024704201460661415,0.016565924386736264,0.0053694174573508955,1.9040119182162805e-06,3.223906670307092e-06,8.499048711474444e-07,8.499048711474444e-07,-1.4390740298296385e-06,1.4390740298296385e-06,-9.183825728786843e-07,9.183825728786843e-07,1.5550216907025984e-06,1.5550216907025984e-06,3.372561776515681e-07,3.372561776515681e-07,-5.710481530279744e-07,5.710481530279744e-07,1.3949031562004825e-06,1.3949031562004825e-06,-2.361874616462147e-06,2.361874616462147e-06,0.006133254293041183,0.0006102975698089455,0.036035971383573395,0.0028830643831304547,1.4501045538838557e-09,1.0393574218850558e-09,0.0023672501505394633,0.0005083151325548793,16.844071538318094,-0.0008333085832902759,-0.0035593598694326155,-0.00014981327588258452,-9.66593787940389e-07,1.0444732348765902e-06,-3.835602515247393e-07,-1.5864183496831564e-06,-0.0005200258539902296,-0.0012103900587076015,0.022507055928314423,0.00010991182435636548,1.694020656386124e-06,-1.8305096263140695e-06,6.722151471787842e-07,2.7803041841262115e-06
324,6.48,0,0.0024715139988984447,0.05217417403370422,0.003867198678286118,0.0024622851859900322,0.016458808855874908,0.0051526855855235296,1.83953378480131e-06,3.1147311548323735e-06,8.211233905597304e-07,8.211233905597304e-07,-1.3903407155228021e-06,1.3903407155228021e-06,-8.872821390393248e-07,8.872821390393248e-07,1.5023618836692955e-06,1.5023618836692955e-06,3.2583521458739995e-07,3.2583521458739995e-07,-5.517099754102345e-07,5.517099754102345e-07,1.3476656638713135e-06,1.3476656638713135e-06,-2.281891262784762e-06,2.281891262784762e-06,0.005982090246935158,0.0006062848337145966,0.03557145969501984,0.0026550168743261953,1.3535538181701725e-09,9.701550166883409e-10,0.002287644713910483,0.0005477109328553905,16.844060867737078,-0.0008496113795614118,-0.0030917060180201657,-0.0001476683846578819,-9.33860713185849e-07,1.0091028228470733e-06,-3.705712309575676e-07,-1.532695329793287e-06,-0.0005335290508380035,-0.0008151398135568004,0.023382692570622574,0.00010724456123512881,1.6366537377269941e-06,-1.7685206014758442e-06,6.494510283585807e-07,2.6861509944934574e-06
325,6.5,0,0.0026004089995694812,0.05172942799690932,0.003818732466043636,0.0024336599751476236,0.016355923596393294,0.004899023204519525,1.777239161691345e-06,3.009252798511199e-06,7.933165762641359e-07,7.933165762641359e-07,-1.3432577235692006e-06,1.3432577235692006e-06,-8.572349013413749e-07,8.572349013413749e-07,1.4514853671367727e-06,1.4514853671367727e-06,3.1480101503333913e-07,3.1480101503333913e-07,-5.330266727562905e-07,5.330266727562905e-07,1.3020278386156447e-06,1.3020278386156447e-06,-2.2046164946623615e-06,2.2046164946623615e-06,0.005833087058886283,0.0005922700874635531,0.03512812991149483,0.002400042835842075,1.2634316151397417e-09,9.055602405347482e-10,0.002215273215083486,0.0005779086851479888,16.84404998627208,-0.0008581016886001434,-0.002611114097311747,-0.0001455747845060359,-9.022361227707867e-07,9.749302069158083e-07,-3.5802207518882327e-07,-1.4807916043661473e-06,-0.0005440732498025935,-0.0004245154519365681,0.024029596035420875,0.00010468000759229903,1.5812295207531092e-06,-1.7086307965632457e-06,6.274577884372169e-07,2.5951862713570087e-06
326,6.5200000000000005,0,0.002605909001431428,0.051378704383681376,0.003770769192908995,0.0023853720718829997,0.016258033089969585,0.004611855474134277,1.7170541057042146e-06,2.9073463993147494e-06,7.66451421774228e-07,7.66451421774228e-07,-1.2977691668599392e-06,1.2977691668599392e-06,-8.282051939811907e-07,8.282051939811907e-07,1.4023317511045838e-06,1.4023317511045838e-06,3.0414048157734186e-07,3.0414048157734186e-07,-5.14976068111988e-07,5.14976068111988e-07,1.2579355087223056e-06,1.2579355087223056e-06,-2.1299585874546866e-06,2.1299585874546866e-06,0.00568748012247662,0.0005689999921319394,0.034708903197250125,0.002126921091430229,1.1793099207662798e-09,8.452663085608437e-10,0.0021519196850610326,0.00059806768130567,16.844038950804784,-0.0008589370082079251,-0.0021221351523304875,-0.00014353030298056677,-8.716824785343351e-07,9.419148243349367e-07,-3.458978885740273e-07,-1.4306455613117171e-06,-0.000551773365079322,-4.176598038909112e-05,0.02444894724906301,0.0001022240762734564,1.5276822118225844e-06,-1.6507691290435793e-06,6.062093307397966e-07,2.507302152721513e-06
327,6.54,0,0.0024323149991687387,0.05112224259191671,0.0037237051999360754,0.002318408312387891,0.01616583640394221,0.004294857423986988,1.6589071777219e-06,2.8088909950610075e-06,7.404960384316261e-07,7.404960384316261e-07,-1.2538210508500334e-06,1.2538210508500334e-06,-8.00158558966757e-07,8.00158558966757e-07,1.3548426906391643e-06,1.3548426906391643e-06,2.9384096023044037e-07,2.9384096023044037e-07,-4.975367355649697e-07,4.975367355649697e-07,1.2153363369731864e-06,1.2153363369731864e-06,-2.057828922667071e-06,2.057828922667071e-06,0.005546392166412385,0.0005375017102949267,0.0343163621856071,0.001844580029237614,1.1007892097188954e-09,7.889868622134815e-10,0.002098971088410445,0.0006077489586728439,16.844027816047188,-0.0008523365215020094,-0.0016292578457771188,-0.0001415326720688455,-8.42163513397112e-07,9.100174862122249e-07,-3.34184279580198e-07,-1.3821976785176844e-06,-0.0005567378795357843,0.0003300243352957835,0.02464386532766845,9.988154558606392e-05,1.475948256861152e-06,-1.594866906135581e-06,5.856804496914701e-07,2.4223941397016324e-06
328,6.5600000000000005,0,0.002305519999936223,0.0509592270919554,0.003677917272062207,0.0022339009610196437,0.01607996309421253,0.0039519401873270715,1.6027293578340486e-06,2.7137697196500894e-06,7.154196174363747e-07,7.154196174363747e-07,-1.2113612094816225e-06,1.2113612094816225e-06,-7.730617051504574e-07,7.730617051504574e-07,1.3089618166053612e-06,1.3089618166053612e-06,2.838902255497544e-07,2.838902255497544e-07,-4.806879747881983e-07,4.806879747881983e-07,1.1741797585197548e-06,1.1741797585197548e-06,-1.9881418825164764e-06,1.9881418825164764e-06,0.005410830184053402,0.0004990313503644486,0.033952751837094716,0.0015617831244210726,1.0274965577852564e-09,7.364546091289723e-10,0.0020573920485126977,0.0006069064227386253,16.844016634610764,-0.0008385773668212904,-0.001136871400518711,-0.00013957955116777318,-8.136441889678024e-07,8.792003306338503e-07,-3.2286734442520904e-07,-1.3353904494851628e-06,-0.000559071821009836,0.0006879577340359517,0.024619322262920358,9.765604505361516e-05,1.4259662214654793e-06,-1.5408577789187367e-06,5.658467577494438e-07,2.340361451626074e-06
329,6.58,0,0.002351917999476427,0.05088783919254354,0.003633760022163117,0.0021331142067297438,0.016000969809457942,0.003587253151126828,1.5484539634553722e-06,2.621869664664395e-06,6.911923932650943e-07,6.911923932650943e-07,-1.1703392432500102e-06,1.1703392432500102e-06,-7.468824688161568e-07,7.468824688161568e-07,1.2646346687839016e-06,1.2646346687839016e-06,2.7427646609456957e-07,2.7427646609456957e-07,-4.644097864317538e-07,4.644097864317538e-07,1.1344169208694303e-06,1.1344169208694303e-06,-1.920814748738833e-06,1.920814748738833e-06,0.005281684759468357,0.00045501762189522634,0.03361998346191067,0.0012868385170269354,9.590838707762602e-10,6.874200538487386e-10,0.002027715515587565,0.0005958651551045436,16.84400545701435,-0.0008179905155483795,-0.0006492304986254536,-0.00013766855004431822,-7.860906529787204e-07,8.494267781175263e-07,-3.119336497798419e-07,-1.290168315071812e-06,-0.0005588798208742288,0.0010293425636455512,0.024382045094662873,9.555005617274827e-05,1.3776767994541024e-06,-1.4886776258162046e-06,5.466847322683575e-07,2.2611067206675425e-06
330,6.6000000000000005,0,0.002438515002722852,0.05090532286703402,0.0035915635490722294,0.0020174312921391875,0.015929337605344294,0.0032052162800325717,1.496016570160524e-06,2.5330817453562685e-06,6.677856084214007e-07,6.677856084214007e-07,-1.130706459440876e-06,1.130706459440876e-06,-7.215897754320189e-07,7.215897754320189e-07,1.2218086312116737e-06,1.2218086312116737e-06,2.6498827032650496e-07,2.6498827032650496e-07,-4.486828484310266e-07,4.486828484310266e-07,1.0960006258946449e-06,1.0960006258946449e-06,-1.855767604377314e-06,1.855767604377314e-06,0.005159731490809723,0.0004070029018502391,0.033319641302983316,0.0010273411401785836,8.95226231277943e-10,6.416503128657158e-10,0.0020100487610820884,0.0005752883338522849,16.843994331632405,-0.0007909563058099782,-0.00017042238924752965,-0.00013579725140478702,-7.59470199618206e-07,8.20661487687787e-07,-3.0137021780813015e-07,-1.2464775974628518e-06,-0.0005562690974661487,0.0013517104869200593,0.0239404054688962,9.356493197655848e-05,1.3310226680257306e-06,-1.4382645214869667e-06,5.281715985855873e-07,2.1845358804480022e-06
331,6.62,0,0.0024518139980500564,0.051008062548850014,0.0035516313785897333,0.0018883428490210563,0.01586546997202441,0.0028106125372846158,1.445354935256228e-06,2.4473005711307636e-06,6.451714792410357e-07,6.451714792410357e-07,-1.0924158142784143e-06,1.0924158142784143e-06,-6.971536027911007e-07,6.971536027911007e-07,1.1804328697567685e-06,1.1804328697567685e-06,2.5601461339785914e-07,2.5601461339785914e-07,-4.334884930253394e-07,4.334884930253394e-07,1.0588852738071305e-06,1.0588852738071305e-06,-1.792923238898925e-06,1.792923238898925e-06,0.005045634179753283,0.00035658387154489593,0.03305299110646226,0.0007899542834741463,8.356203555478138e-10,5.989280085456961e-10,0.0020040935994317015,0.0005461345770636925,16.84398330458795,-0.0007578996808273134,0.0002956635767681047,-0.00013396323275737763,-7.33751230581621e-07,7.928703150368622e-07,-2.911645096811078e-07,-1.2042664365643984e-06,-0.0005513522226151014,0.0016528312491332386,0.02330429830078172,9.170093237046911e-05,1.2859484518292414e-06,-1.3895586325462364e-06,5.102854063511166e-07,2.1105580449226895e-06
332,6.640000000000001,0,0.0026566070009721443,0.051191670630533814,0.0035142386933736157,0.0017474374736686311,0.015809691572998597,0.002408808275151596,1.3964089238234242e-06,2.3644243204284613e-06,6.233231629737546e-07,6.233231629737546e-07,-1.0554218570939466e-06,1.0554218570939466e-06,-6.735449453731945e-07,6.735449453731945e-07,1.140458271749104e-06,1.140458271749104e-06,2.4734484349586694e-07,2.4734484349586694e-07,-4.188086846678717e-07,4.188086846678717e-07,1.0230268090291247e-06,1.0230268090291247e-06,-1.7322070565171391e-06,1.7322070565171391e-06,0.004939949437601719,0.00030535377243814076,0.032820990154356876,0.0005802357306438806,7.799831530134773e-10,5.59050236703359e-10,0.0020091793160857637,0.0005096077164129601,16.843972419597005,-0.0007192851820217395,0.0007453637924631745,-0.00013216408727498513,-7.089032177943672e-07,7.660202724938329e-07,-2.8130441107538823e-07,-1.1634847285476937e-06,-0.0005442495470867042,0.001930724940278689,0.022485010784753484,8.995727411962464e-05,1.242400639362689e-06,-1.3425021271514728e-06,4.930049302859764e-07,2.0390854008352326e-06
333,6.66,0,0.00242521600011969,0.05145108230059182,0.0034796308546997706,0.0015963964234704069,0.015762247688260924,0.002006269648542683,1.3491204374084866e-06,2.2843546198339894e-06,6.022147258089028e-07,6.022147258089028e-07,-1.019680676370355e-06,1.019680676370355e-06,-6.507357799279134e-07,6.507357799279134e-07,1.101837387669966e-06,1.101837387669966e-06,2.389686698522908e-07,2.389686698522908e-07,-4.0462599855823127e-07,4.0462599855823127e-07,9.883826678988312e-07,9.883826678988312e-07,-1.6735469876335013e-06,1.6735469876335013e-06,0.004843132353991461,0.0002548481540869106,0.03262429829551537,0.000402511790266358,7.280503818533062e-10,5.218276029156889e-10,0.0020243064363853923,0.00046710115397727005,16.843961717773443,-0.0006756117476805547,0.0011752654553736411,-0.0001303974434036046,-6.848966669689481e-07,7.400794892536442e-07,-2.717782186698457e-07,-1.124084066254544e-06,-0.0005350911782164847,0.0021836717170592435,0.02149508314552334,8.833219356902639e-05,1.20032754127096e-06,-1.2970391620094264e-06,4.7630962027712743e-07,1.9700331146574647e-06
334,6.68,0,0.002445715002977522,0.051780655325735,0.003448022216477632,0.0014369960302241646,0.015723304349566883,0.001611833464681067,1.3034333450090294e-06,2.2069964273347123e-06,5.818211122887718e-07,5.818211122887718e-07,-9.851498476396896e-07,9.851498476396896e-07,-6.286990321680008e-07,6.286990321680008e-07,1.0645243748726178e-06,1.0645243748726178e-06,2.3087614986483374e-07,2.3087614986483374e-07,-3.909235999490265e-07,3.909235999490265e-07,9.549117281461642e-07,9.549117281461642e-07,-1.6168734032906336e-06,1.6168734032906336e-06,0.004755542882129328,0.00020649575908800077,0.03246328958277152,0.0002598007117865772,6.795753939525709e-10,4.870833230268183e-10,0.0020481992087989227,0.0004201390240905657,16.84395123740488,-0.0006274073678311568,0.0015822287108156123,-0.0001286609830208703,-6.617030824724098e-07,7.150171740363084e-07,-2.6257462456192896e-07,-1.0860176817454597e-06,-0.000524018428004946,0.0024102189924698914,0.02034816277209856,8.682301913671782e-05,1.159679224826922e-06,-1.2531157608667929e-06,4.60179705395843e-07,1.903319225454212e-06
335,6.7,0,0.0028157020024082158,0.05217427242925548,0.0034195952296603893,0.0012711251654535132,0.015692949150607205,0.0012401016424382237,1.2592934164705158e-06,2.1322579194949017e-06,5.621181153325772e-07,5.621181153325772e-07,-9.517883831207183e-07,9.517883831207183e-07,-6.074085446838851e-07,6.074085446838851e-07,1.0284749431371764e-06,1.0284749431371764e-06,2.2305767788388664e-07,2.2305767788388664e-07,-3.7768522425133974e-07,3.7768522425133974e-07,9.225742600804492e-07,9.225742600804492e-07,-1.562119032508846e-06,1.562119032508846e-06,0.004677452613886436,0.0001615759186249221,0.032338064202185705,0.00015378520835779798,6.343279635063934e-10,4.5465238352487253e-10,0.00207936450300172,0.0003703163452270149,16.843941013711344,-0.0005752236459677295,0.0019634057717411143,-0.00012695245797987419,-6.392949337785382e-07,6.908035779248018e-07,-2.536827040659519e-07,-1.0492403907944553e-06,-0.0005111846770199033,0.0026091860931713616,0.01905885304627511,8.542625204980379e-05,1.1204074346935715e-06,-1.2106798055753294e-06,4.445960247988503e-07,1.8388645475502298e-06
336,6.72,0,0.0027437049975560512,0.052625444022519875,0.0033944998333207605,0.001100833911448356,0.015671192709856813,0.0009210437018900269,1.2166482580695457e-06,2.0600503824390466e-06,5.430823476482161e-07,5.430823476482161e-07,-9.19556683048684e-07,9.19556683048684e-07,-5.868390458019235e-07,5.868390458019235e-07,9.936463021259688e-07,9.936463021259688e-07,2.155039734441644e-07,2.155039734441644e-07,-3.64895157619183e-07,3.64895157619183e-07,8.913318794302304e-07,8.913318794302304e-07,-1.5092188824240253e-06,1.5092188824240253e-06,0.004609051647365867,0.0001211835300594687,0.032248460461249795,8.483215007912845e-05,5.920931935454638e-10,4.2438075781872613e-10,0.0021161547388382092,0.0003192402624613361,16.843931078598935,-0.0005196303175219166,0.0023162569391590062,-0.00012526970492121773,-6.176456225670233e-07,6.674099596612191e-07,-2.450919026255872e-07,-1.0137085392607067e-06,-0.0004967556203920673,0.0027796664222906565,0.017642558370894592,8.413765293282339e-05,1.08246556057575e-06,-1.1696809131791328e-06,4.295400720182322e-07,1.7765925766874382e-06
337,6.74,0,0.0024497150006936863,0.05312740921021051,0.0033728531271581623,0.0009284522980226204,0.01565797075891949,0.0007214984169498498,1.175447250420366e-06,1.9902881065342572e-06,5.246912139766913e-07,5.246912139766913e-07,-8.884164886853345e-07,8.884164886853345e-07,-5.669661197749143e-07,5.669661197749143e-07,9.599971105480613e-07,9.599971105480613e-07,2.082060702734978e-07,2.082060702734978e-07,-3.5253821833549064e-07,3.5253821833549064e-07,8.611475017818431e-07,8.611475017818431e-07,-1.4581101611318508e-06,1.4581101611318508e-06,0.004550455286952236,8.620236697034846e-05,0.03219406668330739,5.2055996566113915e-05,5.526704954083194e-10,3.961246747011718e-10,0.0021568324637819096,0.0002684743193651699,16.843921460421097,-0.000461209773854025,0.002638563476243437,-0.00012361065827950192,-5.967294514119115e-07,6.448085512159198e-07,-2.3679202306193637e-07,-9.793799512803062e-07,-0.00048090889170789106,0.0029210271833945757,0.016115326854221516,8.295233208578938e-05,1.045808557755587e-06,-1.1300704222649606e-06,4.1499397818254234e-07,1.71642939902001e-06
338,6.76,0,0.0026917060022242367,0.05367323320041782,0.0033547393190116828,0.0007568827134476942,0.015653146824336175,0.0007308984021602743,1.1356414882998729e-06,1.922888284659939e-06,5.069228842247142e-07,5.069228842247142e-07,-8.58330836894411e-07,8.58330836894411e-07,-5.47766177583231e-07,5.47766177583231e-07,9.274874271161899e-07,9.274874271161899e-07,2.0115530585673724e-07,2.0115530585673724e-07,-3.4059973881216803e-07,3.4059973881216803e-07,8.31985298559287e-07,8.31985298559287e-07,-1.408732203146168e-06,1.408732203146168e-06,0.004501710359409186,5.7287144191594424e-05,0.03217423293202798,5.3421247428044195e-05,5.1587263597918e-10,3.6974993552824427e-10,0.002199634279340308,0.00021948748160247205,16.843912183759457,-0.0004005516390552219,0.002928437317909284,-0.00012197336145146726,-5.765215928835395e-07,6.229725250214795e-07,-2.287732138479915e-07,-9.462138792085048e-07,-0.0004638330821553835,0.0030329067399401544,0.014493692083292306,8.18648414017333e-05,1.010392926418602e-06,-1.0918013097220198e-06,4.009404606972414e-07,1.658303603590072e-06
339,6.78,0,0.0028018029988743365,0.054255899498790984,0.003340209939995349,0.0005903764673123,0.0156565154661314,0.0009267045660585441,1.097183722624623e-06,1.8577709139143622e-06,4.897562674854861e-07,4.897562674854861e-07,-8.292640162852444e-07,8.292640162852444e-07,-5.292164290682244e-07,5.292164290682244e-07,8.96078663127271e-07,8.96078663127271e-07,1.9434331111067848e-07,1.9434331111067848e-07,-3.290655481732534e-07,3.290655481732534e-07,8.038106544963966e-07,8.038106544963966e-07,-1.3610263973832944e-06,1.3610263973832944e-06,0.004462800977297493,3.485443731561511e-05,0.03218808255975515,8.587813527537544e-05,4.815248484769701e-10,3.4513127685862037e-10,0.0022428319731879766,0.00017360937187780673,16.843903269235547,-0.00033824744498317765,0.0031843276255947043,-0.00012035597613078328,-5.569980605162166e-07,6.018759618608812e-07,-2.2102595631490433e-07,-9.141709552609708e-07,-0.0004457261954902989,0.0031152097036022085,0.012794515384271048,8.086926603420022e-05,9.761766183661365e-07,-1.0548281580299146e-06,3.8736287665436016e-07,1.6021461973767017e-06
340,6.8,0,0.002643007999722613,0.05486839554219179,0.0033292843190312117,0.00043683233093148757,0.015667806031916927,0.0012063373924580455,1.0600283043459962e-06,1.7948587006486774e-06,4.7317098716970207e-07,4.7317098716970207e-07,-8.011815247961661e-07,8.011815247961661e-07,-5.112948557872699e-07,5.112948557872699e-07,8.657335366710719e-07,8.657335366710719e-07,1.8776200017001088e-07,1.8776200017001088e-07,-3.179219554704465e-07,3.179219554704465e-07,7.765901265488311e-07,7.765901265488311e-07,-1.3149361175860955e-06,1.3149361175860955e-06,0.004433653630778847,1.9082248534703663e-05,0.03223452363455126,0.00014552499044424762,4.494640024058591e-10,3.221517755294258e-10,0.002284788934096886,0.00013199287888625405,16.843894733363523,-0.00027488544776411907,0.0034050242240491113,-0.00011875678984825674,-5.381356800156886e-07,5.814938201920598e-07,-2.1354105453928126e-07,-8.832131447889751e-07,-0.0004267936010843975,0.0031680998609529337,0.011034829922720365,7.995931412632613e-05,9.431190250264092e-07,-1.0191070834410635e-06,3.7424508878115123e-07,1.547890523599785e-06
341,6.82,0,0.0026633080015017185,0.05550379071916765,0.003321950307728467,0.00031492424771057445,0.01568668688124272,0.001509271949307272,1.024131130331838e-06,1.7340769687035387e-06,4.571473566916673e-07,4.571473566916673e-07,-7.740500287650606e-07,7.740500287650606e-07,-4.939801850345482e-07,4.939801850345482e-07,8.364160283588285e-07,8.364160283588285e-07,1.8140356106144395e-07,1.8140356106144395e-07,-3.0715573334205296e-07,3.0715573334205296e-07,7.502914041970961e-07,7.502914041970961e-07,-1.2704066551055262e-06,1.2704066551055262e-06,0.004414141538806902,9.917728179607122e-06,0.03231226035090342,0.00022779018169657726,4.195378288459072e-10,3.007022933388053e-10,0.002324010199761133,9.558498359369161e-05,16.843886588452353,-0.000211045626476678,0.0035896579828501346,-0.000117174221785352,-5.199120619043209e-07,5.618019066202598e-07,-2.0630962442057628e-07,-8.533037011379517e-07,-0.0004072455587724082,0.0031919910643720545,0.009231687940051164,7.912840314523679e-05,9.111809055683879e-07,-9.845956785900068e-07,3.615715059352509e-07,1.4954721825511607e-06
342,6.84,0,0.0022765210014767945,0.05615530602361526,0.003318165245622005,0.0002663139507866539,0.015712770031177863,0.0018100449850958495,9.89449590949595e-07,1.675353570767126e-06,4.416663560991019e-07,4.416663560991019e-07,-7.478373233484637e-07,7.478373233484637e-07,-4.772518644724499e-07,4.772518644724499e-07,8.080913385625209e-07,8.080913385625209e-07,1.75260446377834e-07,1.75260446377834e-07,-2.967541023639672e-07,2.967541023639672e-07,7.248832710950604e-07,7.248832710950604e-07,-1.2273851539592427e-06,1.2273851539592427e-06,0.004404088238901495,7.09231203835963e-06,0.032419804567002226,0.0003276262848070634,3.916041972121283e-10,2.806809587082159e-10,0.0023591848008764154,6.510631679613137e-05,16.843878842564155,-0.00014729490195734097,0.0037376982299977156,-0.00011560682695297271,-5.023055749632601e-07,5.427768470116123e-07,-1.9932308196174804e-07,-8.244071220355365e-07,-0.00038729440955670175,0.0031875362259668515,0.007402012357379022,7.836974161896487e-05,8.803243470530261e-07,-9.512529804323749e-07,3.493271229414118e-07,1.4448289551207588e-06
343,6.86,0,0.002328919003048213,0.056816374882369236,0.0033178571546626017,0.00031848587184580006,0.01574561617090819,0.0020969242805664967,9.559425195353278e-07,1.6186188027535212e-06,4.2670960964663607e-07,4.2670960964663607e-07,-7.225122942991144e-07,7.225122942991144e-07,-4.6109003770666845e-07,4.6109003770666845e-07,7.807258461244919e-07,7.807258461244919e-07,1.693253642853776e-07,1.693253642853776e-07,-2.8670471592581267e-07,2.8670471592581267e-07,7.003355680158287e-07,7.003355680158287e-07,-1.1858205480902104e-06,1.1858205480902104e-06,0.004403270439498326,1.0143325056537936e-05,0.03255548763646364,0.0004397091438429319,3.655304402622201e-10,2.619926828627242e-10,0.002389219405473966,4.1039634213497804e-05,16.843871499533584,-8.418261062860797e-05,0.003848947308056003,-0.00011405329884622431,-4.852953203982994e-07,5.243960588979971e-07,-1.9257313426984783e-07,-7.964891074549106e-07,-0.0003671515288653374,0.0031556145664366486,0.005562453902914405,7.767640533742001e-05,8.505127282480491e-07,-9.190394056807535e-07,3.3749738459501077e-07,1.3959007290313043e-06
344,6.88,0,0.0024237149991677143,0.057480694979938116,0.0033209261505001645,0.00042942912273436146,0.015784739990533026,0.002363545540344485,9.235701434904515e-07,1.5638053210485533e-06,4.122593637578831e-07,4.122593637578831e-07,-6.980448810395751e-07,6.980448810395751e-07,-4.454755208049832e-07,4.454755208049832e-07,7.54287068445283e-07,7.54287068445283e-07,1.6359126997489426e-07,1.6359126997489426e-07,-2.7699564548536103e-07,2.7699564548536103e-07,6.766191570539877e-07,6.766191570539877e-07,-1.1456635007508022e-06,1.1456635007508022e-06,0.004411420198830336,1.8440937145240326e-05,0.03271747271409445,0.0005586347521282304,3.411927239787892e-10,2.4454870821397684e-10,0.0024132626221068827,2.3627080510685744e-05,16.843864559050633,-2.2236265010137555e-05,0.003923532404813754,-0.00011251247069931696,-4.6886110723387577e-07,5.066377243618587e-07,-1.8605176920430928e-07,-7.695165189042705e-07,-0.0003470241474284874,0.003097317280923521,0.003729254837887549,7.704140734536734e-05,8.217106582211728e-07,-8.879167268069226e-07,3.2606825327692765e-07,1.3486294275320049e-06
345,6.9,0,0.002608609000162687,0.05814227116407752,0.0033272460565098496,0.0005587417969621968,0.015829615767294344,0.002605968856002652,8.922940370805925e-07,1.5108480625832293e-06,3.9829846615324627e-07,3.9829846615324627e-07,-6.744060409683222e-07,6.744060409683222e-07,-4.3038977942666534e-07,4.3038977942666534e-07,7.287436229400291e-07,7.287436229400291e-07,1.5805135711310925e-07,1.5805135711310925e-07,-2.6761536646141515e-07,2.6761536646141515e-07,6.537058870389068e-07,6.537058870389068e-07,-1.1068663459401476e-06,1.1068663459401476e-06,0.004428226528224137,3.1219239567254476e-05,0.032903767714082106,0.0006791073678455771,3.1847545944383267e-10,2.2826618682114968e-10,0.0024307196763491117,1.287582151955116e-05,16.84385801680766,3.8042370851186293e-05,0.0039618948101395905,-0.00011098331547303027,-4.5298342801287105e-07,4.894807644636442e-07,-1.7975124593215973e-07,-7.434573400962799e-07,-0.00032711214892295996,0.003013931793066192,0.0019181202662918104,7.645776131433437e-05,7.938839610502338e-07,-8.578479949107184e-07,3.1502616360747725e-07,1.3029589403995236e-06
346,6.92,0,0.002736804999585729,0.05879544974881927,0.003336666204735343,0.0006900010286050838,0.015879683151219397,0.002821547382430457,8.620770758023745e-07,1.4596841675966795e-06,3.8481034531079317e-07,3.8481034531079317e-07,-6.515677149978281e-07,6.515677149978281e-07,-4.1581490695108414e-07,4.1581490695108414e-07,7.040651897646768e-07,7.040651897646768e-07,1.526990497380254e-07,1.526990497380254e-07,-2.5855274454395894e-07,2.5855274454395894e-07,6.315685601200605e-07,6.315685601200605e-07,-1.0693830318250502e-06,1.0693830318250502e-06,0.004453336544729182,4.7610141947607355e-05,0.033112239085580836,0.0007961129631300161,2.9727075384958915e-10,2.1306778691324107e-10,0.0024412575198617436,8.571363238012509e-06,16.843851864708775,9.618086635797848e-05,0.003964776768514703,-0.00010946494471054976,-4.376434361775503e-07,4.729048138701537e-07,-1.7366408596794804e-07,-7.182806389486042e-07,-0.00030760494374353076,0.0029069247753396093,0.0001440979187556403,7.59185381240251e-05,7.669995917660406e-07,-8.287975296745299e-07,3.0435799821058414e-07,1.2588350573837863e-06
347,6.94,0,0.0025862100010272115,0.0594349447316612,0.0033490134060399595,0.0008165706940561355,0.01593435309162206,0.0030084430368239575,8.328833924602975e-07,1.4102529050178089e-06,3.7177899103735257e-07,3.7177899103735257e-07,-6.295027942217218e-07,6.295027942217218e-07,-4.017336031614249e-07,4.017336031614249e-07,6.802224758423398e-07,6.802224758423398e-07,1.475279948204289e-07,1.475279948204289e-07,-2.4979702247598124e-07,2.4979702247598124e-07,6.101808994836075e-07,6.101808994836075e-07,-1.033169066077409e-06,1.033169066077409e-06,0.004486356317534148,6.667876983913187e-05,0.03334062654625385,0.0009050729505814555,2.774778981744695e-10,1.9888132561111685e-10,0.0024448007538595217,1.0297653965820207e-05,16.843846091138325,0.00015173934875192742,0.003933206112553891,-0.00010795660639644172,-4.228229234201771e-07,4.568901972019367e-07,-1.6778306364981666e-07,-6.939565308691529e-07,-0.00028867852266585125,0.0027779241196974457,-0.0015785327980405786,7.541691570540306e-05,7.410256378686637e-07,-8.007308334108551e-07,2.9405111590656924e-07,1.2162054039725587e-06
348,6.96,0,0.0024770140007603914,0.06005585660322071,0.003364094069873793,0.0009351955347835242,0.015993013846084345,0.0031653974460296675,8.046783343634062e-07,1.3624956003867243e-06,3.591889351506339e-07,3.591889351506339e-07,-6.081850877723694e-07,6.081850877723694e-07,-3.8812915365005196e-07,3.8812915365005196e-07,6.571871800676524e-07,6.571871800676524e-07,1.4253205438130578e-07,1.4253205438130578e-07,-2.41337807308422e-07,2.41337807308422e-07,5.895175181620631e-07,5.895175181620631e-07,-9.981814630630974e-07,9.981814630630974e-07,0.0045268515643840075,8.745906882790417e-05,0.03358655888046218,0.001001974099133114,2.5900288871754625e-10,1.85639426107318e-10,0.0024415190396773583,1.746288747938532e-05,16.843840681282828,0.00020431334966282356,0.003868478876554923,-0.0001064576819486157,-4.085042977300921e-07,4.41417905245182e-07,-1.6210119841483077e-07,-6.704561432863121e-07,-0.0002704927745900915,0.0026287000455448087,-0.0032363617999483923,7.494622239130039e-05,7.159312845042477e-07,-7.736145978377302e-07,2.8409326174929283e-07,1.1750193791420428e-06
349,6.98,0,0.002418415002466645,0.06065368455101046,0.0033816964523131557,0.001043975046635577,0.01605503701440285,0.003291612981472035,7.774284223609981e-07,1.3163555662178454e-06,3.4702523338259184e-07,3.4702523338259184e-07,-5.875892917332369e-07,5.875892917332369e-07,-3.749854100565386e-07,3.749854100565386e-07,6.349319597492395e-07,6.349319597492395e-07,1.3770529827539235e-07,1.3770529827539235e-07,-2.3316505801302142e-07,2.3316505801302142e-07,5.695538889008509e-07,5.695538889008509e-07,-9.64378692819326e-07,9.64378692819326e-07,0.004574348358234952,0.00010898838979977551,0.03384757086729007,0.0010834716019795217,2.417579807578841e-10,1.732791976712704e-10,0.0024318069199551,2.9329794051456955e-05,16.84383561749981,0.0002535362603551347,0.0037721401007366636,-0.00010496768246498201,-3.946705631010774e-07,4.26469572587991e-07,-1.5661174595595794e-07,-6.477515813793603e-07,-0.0002531891510381915,0.0024611455346155563,-0.004816938790912974,7.449997418168478e-05,6.916867314507292e-07,-7.474166328595502e-07,2.744726229436424e-07,1.1352280953475934e-06
