sim_time_s,state,active_position_reference_kind,active_joint_reference_kind,ref_px,ref_py,ref_pz,qcmd_shoulder_pan_joint,qdcmd_shoulder_pan_joint,qcmd_shoulder_lift_joint,qdcmd_shoulder_lift_joint,qcmd_elbow_joint,qdcmd_elbow_joint,qcmd_wrist_1_joint,qdcmd_wrist_1_joint,qcmd_wrist_roll_joint,qdcmd_wrist_roll_joint,qcmd_left_knuckle_joint,qdcmd_left_knuckle_joint
17.521,PRESTREAM_SETPOINTS,INITIAL_HOLD,MEASURED_JOINT_HOLD,0.013960471376776695,-0.0021721713710576296,-0.1155102327466011,0.611329511229874,0.0,-0.14652109119376178,0.0,0.20951035858049316,0.0,0.16273899196654273,0.0,-0.017177137279663413,0.0,0.0019938707951210333,0.0
17.548000000000002,PRESTREAM_SETPOINTS,INITIAL_HOLD,MEASURED_JOINT_HOLD,0.013960471376776695,-0.0021721713710576296,-0.1155102327466011,0.6129768093253603,0.0,-0.1468014527509549,0.0,0.20974412529479647,0.0,0.16317552975559924,0.0,-0.017314269762295886,0.0,0.0019773879299895825,0.0
17.569,PRESTREAM_SETPOINTS,INITIAL_HOLD,MEASURED_JOINT_HOLD,0.013960471376776695,-0.0021721713710576296,-0.1155102327466011,0.6137879588427415,0.0,-0.14692670026841004,0.0,0.20985852100178892,0.0,0.16333240138245486,0.0,-0.017186349910797816,0.0,0.0019975809623877794,0.0
17.572,PRESTREAM_SETPOINTS,INITIAL_HOLD,MEASURED_JOINT_HOLD,0.013960471376776695,-0.0021721713710576296,-0.1155102327466011,0.6137879588427415,0.0,-0.14692670026841004,0.0,0.20985852100178892,0.0,0.16333240138245486,0.0,-0.017186349910797816,0.0,0.0019975809623877794,0.0
17.604,PRESTREAM_SETPOINTS,INITIAL_HOLD,MEASURED_JOINT_HOLD,0.013960471376776695,-0.0021721713710576296,-0.1155102327466011,0.6145821860617913,0.0,-0.14701241699565415,0.0,0.20999100670471993,0.0,0.16350208097174335,0.0,-0.017077951599936192,0.0,0.001850201555788189,0.0
17.604,PRESTREAM_SETPOINTS,INITIAL_HOLD,MEASURED_JOINT_HOLD,0.013960471376776695,-0.0021721713710576296,-0.1155102327466011,0.6145821860617913,0.0,-0.14701241699565415,0.0,0.20999100670471993,0.0,0.16350208097174335,0.0,-0.017077951599936192,0.0,0.001850201555788189,0.0
17.632,PRESTREAM_SETPOINTS,INITIAL_HOLD,MEASURED_JOINT_HOLD,0.013960471376776695,-0.0021721713710576296,-0.1155102327466011,0.6161664109931912,0.0,-0.1471901758072054,0.0,0.21021994273316835,0.0,0.1638331960424413,0.0,-0.016368054332446924,0.0,0.001460388292510828,0.0
17.659,PRESTREAM_SETPOINTS,INITIAL_HOLD,MEASURED_JOINT_HOLD,0.013960471376776695,-0.0021721713710576296,-0.1155102327466011,0.6169714169304319,0.0,-0.14730810094434332,0.0,0.2103224958209644,0.0,0.16403642978459754,0.0,-0.016233245937695706,0.0,0.0013393155829284353,0.0
17.66,PRESTREAM_SETPOINTS,INITIAL_HOLD,MEASURED_JOINT_HOLD,0.013960471376776695,-0.0021721713710576296,-0.1155102327466011,0.6169714169304319,0.0,-0.14730810094434332,0.0,0.2103224958209644,0.0,0.16403642978459754,0.0,-0.016233245937695706,0.0,0.0013393155829284353,0.0
17.689,PRESTREAM_SETPOINTS,INITIAL_HOLD,MEASURED_JOINT_HOLD,0.013960471376776695,-0.0021721713710576296,-0.1155102327466011,0.618574017444077,0.0,-0.1474928527747954,0.0,0.21052483219888618,0.0,0.16432897216439013,0.0,-0.015670813054883048,0.0,0.0010592717934851947,0.0
17.717,PRESTREAM_SETPOINTS,INITIAL_HOLD,MEASURED_JOINT_HOLD,0.013960471376776695,-0.0021721713710576296,-0.1155102327466011,0.6193759869077891,0.0,-0.1475892301561288,0.0,0.21059941383674907,0.0,0.16442739676769413,0.0,-0.01561033569442749,0.0,0.0009585099681217457,0.0
17.753,PRESTREAM_SETPOINTS,INITIAL_HOLD,MEASURED_JOINT_HOLD,0.013960471376776695,-0.0021721713710576296,-0.1155102327466011,0.6209826204156048,0.0,-0.14778372836382925,0.0,0.21074904840848419,0.0,0.1646150287068746,0.0,-0.015448872817989567,0.0,0.0007976788575527749,0.0
17.787,PRESTREAM_SETPOINTS,INITIAL_HOLD,MEASURED_JOINT_HOLD,0.013960471376776695,-0.0021721713710576296,-0.1155102327466011,0.6217630466919033,0.0,-0.14786038114191236,0.0,0.21084641368878287,0.0,0.16472114968505736,0.0,-0.015456415817066471,0.0,0.0007006122076074206,0.0
17.823,PRESTREAM_SETPOINTS,INITIAL_HOLD,MEASURED_JOINT_HOLD,0.013960471376776695,-0.0021721713710576296,-0.1155102327466011,0.6233499962227507,0.0,-0.14801368641870116,0.0,0.21101267418968916,0.0,0.16488282280747502,0.0,-0.015482164797845144,0.0,0.0005602944215761241,0.0
17.865,PRESTREAM_SETPOINTS,INITIAL_HOLD,MEASURED_JOINT_HOLD,0.013960471376776695,-0.0021721713710576296,-0.1155102327466011,0.6249478591477358,0.0,-0.14820469628881305,0.0,0.2111544755906083,0.0,0.1650367390083307,0.0,-0.014854969975308663,0.0,0.001062263393375673,0.0
17.904,PRESTREAM_SETPOINTS,INITIAL_HOLD,MEASURED_JOINT_HOLD,0.013960471376776695,-0.0021721713710576296,-0.1155102327466011,0.626537602444694,0.0,-0.1483787222988875,0.0,0.21132507724890637,0.0,0.16522409674324035,0.0,-0.014267038208283012,0.0,0.0006446378231439454,0.0
17.939,PRESTREAM_SETPOINTS,INITIAL_HOLD,MEASURED_JOINT_HOLD,0.013960471376776695,-0.0021721713710576296,-0.1155102327466011,0.6281296563773919,0.0,-0.14853728794078425,0.0,0.2115175058517078,0.0,0.16541975213690918,0.0,-0.014870470272013492,0.0,0.0006033032941488159,0.0
17.974,PRESTREAM_SETPOINTS,INITIAL_HOLD,MEASURED_JOINT_HOLD,0.013960471376776695,-0.0021721713710576296,-0.1155102327466011,0.6297223986139011,0.0,-0.14870046846131757,0.0,0.21168892416810436,0.0,0.1655891347988261,0.0,-0.014800997709905062,0.0,-0.0005622842346300061,0.0
18.004,PRESTREAM_SETPOINTS,INITIAL_HOLD,MEASURED_JOINT_HOLD,0.013960471376776695,-0.0021721713710576296,-0.1155102327466011,0.6305111639405965,0.0,-0.14878467886848856,0.0,0.21177119155131674,0.0,0.1656759785741837,0.0,-0.014869695191625176,0.0,-0.0005990864514346939,0.0
18.042,PRESTREAM_SETPOINTS,INITIAL_HOLD,MEASURED_JOINT_HOLD,0.013960471376776695,-0.0021721713710576296,-0.1155102327466011,0.6321156392532465,0.0,-0.1489691940695268,0.0,0.21192183549165833,0.0,0.16583420644737767,0.0,-0.014819902143611507,0.0,0.000867570929150574,0.0
18.077,PRESTREAM_SETPOINTS,INITIAL_HOLD,MEASURED_JOINT_HOLD,0.013960471376776695,-0.0021721713710576296,-0.1155102327466011,0.6336951336026937,0.0,-0.14911167384062196,0.0,0.21210572403207184,0.0,0.16600462023616203,0.0,-0.014271123592966894,0.0,-0.0005415621519979652,0.0
18.112,PRESTREAM_SETPOINTS,INITIAL_HOLD,MEASURED_JOINT_HOLD,0.013960471376776695,-0.0021721713710576296,-0.1155102327466011,0.6352680775275275,0.0,-0.14926031163070785,0.0,0.2122793117554007,0.0,0.16616798805967825,0.0,-0.01423273689353266,0.0,-0.0004929997772258332,0.0
18.147,PRESTREAM_SETPOINTS,INITIAL_HOLD,MEASURED_JOINT_HOLD,0.013960471376776695,-0.0021721713710576296,-0.1155102327466011,0.6368459969929035,0.0,-0.1493951270326095,0.0,0.21246978185554433,0.0,0.16634700235772826,0.0,-0.013074476883238262,0.0,-0.0005760592893313543,0.0
18.147,PRESTREAM_SETPOINTS,INITIAL_HOLD,MEASURED_JOINT_HOLD,0.013960471376776695,-0.0021721713710576296,-0.1155102327466011,0.6368459969929035,0.0,-0.1493951270326095,0.0,0.21246978185554433,0.0,0.16634700235772826,0.0,-0.013074476883238262,0.0,-0.0005760592893313543,0.0
18.166,PRESTREAM_SETPOINTS,INITIAL_HOLD,MEASURED_JOINT_HOLD,0.013960471376776695,-0.0021721713710576296,-0.1155102327466011,0.6368459969929035,0.0,-0.1493951270326095,0.0,0.21246978185554433,0.0,0.16634700235772826,0.0,-0.013074476883238262,0.0,-0.0005760592893313543,0.0
18.178,PRESTREAM_SETPOINTS,INITIAL_HOLD,MEASURED_JOINT_HOLD,0.013960471376776695,-0.0021721713710576296,-0.1155102327466011,0.6376364010579767,0.0,-0.14946325170214259,0.0,0.21256113342699656,0.0,0.16642852836379074,0.0,-0.013012448733819681,0.0,-0.0005921683051335336,0.0
18.188,PRESTREAM_SETPOINTS,INITIAL_HOLD,MEASURED_JOINT_HOLD,0.013960471376776695,-0.0021721713710576296,-0.1155102327466011,0.6384299233564104,0.0,-0.1495495745267723,0.0,0.2126391336926945,0.0,0.16651025434476185,0.0,-0.012957733382571668,0.0,-0.0006446306166516536,0.0
18.203,PRESTREAM_SETPOINTS,INITIAL_HOLD,MEASURED_JOINT_HOLD,0.013960471376776695,-0.0021721713710576296,-0.1155102327466011,0.6384299233564104,0.0,-0.1495495745267723,0.0,0.2126391336926945,0.0,0.16651025434476185,0.0,-0.012957733382571668,0.0,-0.0006446306166516536,0.0
18.213,PRESTREAM_SETPOINTS,INITIAL_HOLD,MEASURED_JOINT_HOLD,0.013960471376776695,-0.0021721713710576296,-0.1155102327466011,0.6392375612952863,0.0,-0.14963944718878963,0.0,0.21271846520394266,0.0,0.16659794656424864,0.0,-0.01300075132806544,0.0,-0.0006984288788061122,0.0
18.248,PRESTREAM_SETPOINTS,INITIAL_HOLD,MEASURED_JOINT_HOLD,0.013960471376776695,-0.0021721713710576296,-0.1155102327466011,0.6408303734480327,0.0,-0.14979529926787993,0.0,0.21290265461680402,0.0,0.16678410903342034,0.0,-0.012349432249862957,0.0,-0.0006453971065907282,0.0
18.281,PRESTREAM_SETPOINTS,INITIAL_HOLD,MEASURED_JOINT_HOLD,0.013960471376776695,-0.0021721713710576296,-0.1155102327466011,0.641636012285054,0.0,-0.14988019803212005,0.0,0.21298822070777224,0.0,0.16687705764215277,0.0,-0.011808619866930492,0.0,-0.0006995386029267081,0.0
18.3,PRESTREAM_SETPOINTS,INITIAL_HOLD,MEASURED_JOINT_HOLD,0.013960471376776695,-0.0021721713710576296,-0.1155102327466011,0.6424377543399196,0.0,-0.14997365892643355,0.0,0.21306840612690614,0.0,0.16697160773341313,0.0,-0.011908010974357452,0.0,-0.0007420945352825115,0.0
18.306,PRESTREAM_SETPOINTS,INITIAL_HOLD,MEASURED_JOINT_HOLD,0.013960471376776695,-0.0021721713710576296,-0.1155102327466011,0.6424377543399196,0.0,-0.14997365892643355,0.0,0.21306840612690614,0.0,0.16697160773341313,0.0,-0.011908010974357452,0.0,-0.0007420945352825115,0.0
18.342,PRESTREAM_SETPOINTS,INITIAL_HOLD,MEASURED_JOINT_HOLD,0.013960471376776695,-0.0021721713710576296,-0.1155102327466011,0.6440508811386376,0.0,-0.1501604619391239,0.0,0.21323549237317785,0.0,0.16716659116421173,0.0,-0.011839999295534476,0.0,-0.0007964182834303557,0.0
18.373,PRESTREAM_SETPOINTS,INITIAL_HOLD,MEASURED_JOINT_HOLD,0.013960471376776695,-0.0021721713710576296,-0.1155102327466011,0.645660166549928,0.0,-0.1503277215423191,0.0,0.21343154363799854,0.0,0.16739857399792601,0.0,-0.010877057794957068,0.0,-0.0007770864381795306,0.0
18.373,PRESTREAM_SETPOINTS,INITIAL_HOLD,MEASURED_JOINT_HOLD,0.013960471376776695,-0.0021721713710576296,-0.1155102327466011,0.645660166549928,0.0,-0.1503277215423191,0.0,0.21343154363799854,0.0,0.16739857399792601,0.0,-0.010877057794957068,0.0,-0.0007770864381795306,0.0
18.394,PRESTREAM_SETPOINTS,INITIAL_HOLD,MEASURED_JOINT_HOLD,0.013960471376776695,-0.0021721713710576296,-0.1155102327466011,0.6464745402847862,0.0,-0.15041307064038545,0.0,0.21353131674468617,0.0,0.16751706397847954,0.0,-0.010420623257135553,0.0,-0.0008119637782115774,0.0
18.428,PRESTREAM_SETPOINTS,INITIAL_HOLD,MEASURED_JOINT_HOLD,0.013960471376776695,-0.0021721713710576296,-0.1155102327466011,0.6480841597286542,0.0,-0.15057639420138091,0.0,0.21373563323709632,0.0,0.1677524736944882,0.0,-0.009827469811787282,0.0,-0.0007906232154839543,0.0
18.468,PRESTREAM_SETPOINTS,INITIAL_HOLD,MEASURED_JOINT_HOLD,0.013960471376776695,-0.0021721713710576296,-0.1155102327466011,0.6497050986650414,0.0,-0.1507417396757793,0.0,0.21394186119614123,0.0,0.1679987441800801,0.0,-0.00937312261009815,0.0,-0.0008092136050548149,0.0
18.505,PRESTREAM_SETPOINTS,INITIAL_HOLD,MEASURED_JOINT_HOLD,0.013960471376776695,-0.0021721713710576296,-0.1155102327466011,0.6505178227826747,0.0,-0.15082845994684657,0.0,0.21404347120229428,0.0,0.1681249398239517,0.0,-0.00919346080247685,0.0,-0.0008488264520174482,0.0
18.53,PRESTREAM_SETPOINTS,INITIAL_HOLD,MEASURED_JOINT_HOLD,0.013960471376776695,-0.0021721713710576296,-0.1155102327466011,0.6520492119556334,0.0,-0.1510078858177355,0.0,0.21424574718142342,0.0,0.168381454753872,0.0,-0.008944162971424419,0.0,-0.0008417558366193845,0.0
18.53,PRESTREAM_SETPOINTS,INITIAL_HOLD,MEASURED_JOINT_HOLD,0.013960471376776695,-0.0021721713710576296,-0.1155102327466011,0.6520492119556334,0.0,-0.1510078858177355,0.0,0.21424574718142342,0.0,0.168381454753872,0.0,-0.008944162971424419,0.0,-0.0008417558366193845,0.0
18.532,PRESTREAM_SETPOINTS,INITIAL_HOLD,MEASURED_JOINT_HOLD,0.013960471376776695,-0.0021721713710576296,-0.1155102327466011,0.6520492119556334,0.0,-0.1510078858177355,0.0,0.21424574718142342,0.0,0.168381454753872,0.0,-0.008944162971424419,0.0,-0.0008417558366193845,0.0
18.55,PRESTREAM_SETPOINTS,INITIAL_HOLD,MEASURED_JOINT_HOLD,0.013960471376776695,-0.0021721713710576296,-0.1155102327466011,0.6528233378539419,0.0,-0.15108938725080368,0.0,0.21434925013902717,0.0,0.16850512581652488,0.0,-0.00885663021596006,0.0,-0.0008339538359170007,0.0
18.559,PRESTREAM_SETPOINTS,INITIAL_HOLD,MEASURED_JOINT_HOLD,0.013960471376776695,-0.0021721713710576296,-0.1155102327466011,0.6528233378539419,0.0,-0.15108938725080368,0.0,0.21434925013902717,0.0,0.16850512581652488,0.0,-0.00885663021596006,0.0,-0.0008339538359170007,0.0
18.574,PRESTREAM_SETPOINTS,INITIAL_HOLD,MEASURED_JOINT_HOLD,0.013960471376776695,-0.0021721713710576296,-0.1155102327466011,0.6534541243081948,0.0,-0.15117545615748718,0.0,0.21445821047851332,0.0,0.16865148864966795,0.0,-0.008646569303810026,0.0,-0.0007979806407414358,0.0
18.599,PRESTREAM_SETPOINTS,INITIAL_HOLD,MEASURED_JOINT_HOLD,0.013960471376776695,-0.0021721713710576296,-0.1155102327466011,0.6538962909607564,0.0,-0.15126176383198953,0.0,0.21455432553437603,0.0,0.16876517943378921,0.0,-0.008519942617522425,0.0,-0.0008172961414416591,0.0
18.599,PRESTREAM_SETPOINTS,INITIAL_HOLD,MEASURED_JOINT_HOLD,0.013960471376776695,-0.0021721713710576296,-0.1155102327466011,0.6538962909607564,0.0,-0.15126176383198953,0.0,0.21455432553437603,0.0,0.16876517943378921,0.0,-0.008519942617522425,0.0,-0.0008172961414416591,0.0
18.623,PRESTREAM_SETPOINTS,INITIAL_HOLD,MEASURED_JOINT_HOLD,0.013960471376776695,-0.0021721713710576296,-0.1155102327466011,0.6544317703863571,0.0,-0.15135077766924354,0.0,0.21464540296002976,0.0,0.16887615293912894,0.0,-0.0082903492077131,0.0,-0.0008091990093994639,0.0
18.629,PRESTREAM_SETPOINTS,INITIAL_HOLD,MEASURED_JOINT_HOLD,0.013960471376776695,-0.0021721713710576296,-0.1155102327466011,0.6550460091726737,0.0,-0.1514418222617815,0.0,0.21474110171528515,0.0,0.16899966720139492,0.0,-0.008395213269518642,0.0,-0.0007896307159009908,0.0
18.646,PRESTREAM_SETPOINTS,INITIAL_HOLD,MEASURED_JOINT_HOLD,0.013960471376776695,-0.0021721713710576296,-0.1155102327466011,0.6550460091726737,0.0,-0.1514418222617815,0.0,0.21474110171528515,0.0,0.16899966720139492,0.0,-0.008395213269518642,0.0,-0.0007896307159009908,0.0
18.674,PRESTREAM_SETPOINTS,INITIAL_HOLD,MEASURED_JOINT_HOLD,0.013960471376776695,-0.0021721713710576296,-0.1155102327466011,0.6562566110038457,0.0,-0.15161629971438018,0.0,0.21491810765330221,0.0,0.1692067252413505,0.0,-0.008251003240896893,0.0,-0.0007517516230439725,0.0
18.674,PRESTREAM_SETPOINTS,INITIAL_HOLD,MEASURED_JOINT_HOLD,0.013960471376776695,-0.0021721713710576296,-0.1155102327466011,0.6562566110038457,0.0,-0.15161629971438018,0.0,0.21491810765330221,0.0,0.1692067252413505,0.0,-0.008251003240896893,0.0,-0.0007517516230439725,0.0
18.704,PRESTREAM_SETPOINTS,INITIAL_HOLD,MEASURED_JOINT_HOLD,0.013960471376776695,-0.0021721713710576296,-0.1155102327466011,0.6568150359495242,0.0,-0.15170069043092393,0.0,0.21501036570220666,0.0,0.16930997753839172,0.0,-0.008073849643154496,0.0,-0.0007830336249936565,0.0
18.713,PRESTREAM_SETPOINTS,INITIAL_HOLD,MEASURED_JOINT_HOLD,0.013960471376776695,-0.0021721713710576296,-0.1155102327466011,0.6573892702903814,0.0,-0.1517818943905338,0.0,0.21510365858493774,0.0,0.1694200802657253,0.0,-0.007966144340530334,0.0,-0.0007739928296075504,0.0
18.731,PRESTREAM_SETPOINTS,INITIAL_HOLD,MEASURED_JOINT_HOLD,0.013960471376776695,-0.0021721713710576296,-0.1155102327466011,0.658043315263952,0.0,-0.15187154342870368,0.0,0.2151857179726928,0.0,0.16951518452366887,0.0,-0.007780550356262239,0.0,-0.000742400882794314,0.0
18.763,PRESTREAM_SETPOINTS,INITIAL_HOLD,MEASURED_JOINT_HOLD,0.013960471376776695,-0.0021721713710576296,-0.1155102327466011,0.6586511656049829,0.0,-0.1519537176165029,0.0,0.2152661038906336,0.0,0.1695966180851025,0.0,-0.007752739042804713,0.0,-0.0007780676841235845,0.0
18.779,PRESTREAM_SETPOINTS,INITIAL_HOLD,MEASURED_JOINT_HOLD,0.013960471376776695,-0.0021721713710576296,-0.1155102327466011,0.659413176396721,0.0,-0.15203085798966054,0.0,0.21535962488315352,0.0,0.1696982547353718,0.0,-0.007617816149847911,0.0,-0.0007283523161598637,0.0
18.788,PRESTREAM_SETPOINTS,INITIAL_HOLD,MEASURED_JOINT_HOLD,0.013960471376776695,-0.0021721713710576296,-0.1155102327466011,0.6598585845200926,0.0,-0.15210532641981978,0.0,0.2154657244675553,0.0,0.1698308433814244,0.0,-0.0075291658852982835,0.0,-0.0006750022693235991,0.0
18.788,PRESTREAM_SETPOINTS,INITIAL_HOLD,MEASURED_JOINT_HOLD,0.013960471376776695,-0.0021721713710576296,-0.1155102327466011,0.6598585845200926,0.0,-0.15210532641981978,0.0,0.2154657244675553,0.0,0.1698308433814244,0.0,-0.0075291658852982835,0.0,-0.0006750022693235991,0.0
18.806,PRESTREAM_SETPOINTS,INITIAL_HOLD,MEASURED_JOINT_HOLD,0.013960471376776695,-0.0021721713710576296,-0.1155102327466011,0.6598585845200926,0.0,-0.15210532641981978,0.0,0.2154657244675553,0.0,0.1698308433814244,0.0,-0.0075291658852982835,0.0,-0.0006750022693235991,0.0
18.826,PRESTREAM_SETPOINTS,INITIAL_HOLD,MEASURED_JOINT_HOLD,0.013960471376776695,-0.0021721713710576296,-0.1155102327466011,0.6602912461461736,0.0,-0.15218967006049855,0.0,0.2155523154853647,0.0,0.1699275403443865,0.0,-0.007351526824045607,0.0,-0.0007098511675600605,0.0
18.829,PRESTREAM_SETPOINTS,INITIAL_HOLD,MEASURED_JOINT_HOLD,0.013960471376776695,-0.0021721713710576296,-0.1155102327466011,0.6609147172985868,0.0,-0.1522723741140073,0.0,0.2156333782428792,0.0,0.17001373525892483,0.0,-0.007438377676960428,0.0,-0.0007090137180485456,0.0
18.864,PRESTREAM_SETPOINTS,INITIAL_HOLD,MEASURED_JOINT_HOLD,0.013960471376776695,-0.0021721713710576296,-0.1155102327466011,0.6615263782232841,0.0,-0.15234730292526155,0.0,0.21572011883350672,0.0,0.17009937481813964,0.0,-0.0073300184628459775,0.0,-0.0007018376468979071,0.0
18.864,PRESTREAM_SETPOINTS,INITIAL_HOLD,MEASURED_JOINT_HOLD,0.013960471376776695,-0.0021721713710576296,-0.1155102327466011,0.6615263782232841,0.0,-0.15234730292526155,0.0,0.21572011883350672,0.0,0.17009937481813964,0.0,-0.0073300184628459775,0.0,-0.0007018376468979071,0.0
18.886,PRESTREAM_SETPOINTS,INITIAL_HOLD,MEASURED_JOINT_HOLD,0.013960471376776695,-0.0021721713710576296,-0.1155102327466011,0.6622027748794199,0.0,-0.15243619315346457,0.0,0.2157937267671146,0.0,0.17017497088728373,0.0,-0.007223833797032064,0.0,-0.0006903496086323457,0.0
18.916,PRESTREAM_SETPOINTS,INITIAL_HOLD,MEASURED_JOINT_HOLD,0.013960471376776695,-0.0021721713710576296,-0.1155102327466011,0.6631938904724626,0.0,-0.15258124468240908,0.0,0.2159841443044197,0.0,0.17038548105369422,0.0,-0.007082499045314883,0.0,-0.0005378486099818502,0.0
18.943,PRESTREAM_SETPOINTS,INITIAL_HOLD,MEASURED_JOINT_HOLD,0.013960471376776695,-0.0021721713710576296,-0.1155102327466011,0.6636000721078066,0.0,-0.15265813711688647,0.0,0.21606536354966543,0.0,0.1704651289809913,0.0,-0.006823070823647193,0.0,-0.0006044267199536435,0.0
18.946,PRESTREAM_SETPOINTS,INITIAL_HOLD,MEASURED_JOINT_HOLD,0.013960471376776695,-0.0021721713710576296,-0.1155102327466011,0.6636000721078066,0.0,-0.15265813711688647,0.0,0.21606536354966543,0.0,0.1704651289809913,0.0,-0.006823070823647193,0.0,-0.0006044267199536435,0.0
18.972,PRESTREAM_SETPOINTS,INITIAL_HOLD,MEASURED_JOINT_HOLD,0.013960471376776695,-0.0021721713710576296,-0.1155102327466011,0.6645859276234063,0.0,-0.1527993702867283,0.0,0.21623569258095632,0.0,0.17062293089170044,0.0,-0.006480114427230177,0.0,-0.0005197247754926693,0.0
18.981,PRESTREAM_SETPOINTS,INITIAL_HOLD,MEASURED_JOINT_HOLD,0.013960471376776695,-0.0021721713710576296,-0.1155102327466011,0.6645859276234063,0.0,-0.1527993702867283,0.0,0.21623569258095632,0.0,0.17062293089170044,0.0,-0.006480114427230177,0.0,-0.0005197247754926693,0.0
18.997,PRESTREAM_SETPOINTS,INITIAL_HOLD,MEASURED_JOINT_HOLD,0.013960471376776695,-0.0021721713710576296,-0.1155102327466011,0.6651916616088611,0.0,-0.15287675205788887,0.0,0.21630447375009076,0.0,0.17066804160545335,0.0,-0.006325149277120801,0.0,-0.0006509120713369398,0.0
19.004,PRESTREAM_SETPOINTS,INITIAL_HOLD,MEASURED_JOINT_HOLD,0.013960471376776695,-0.0021721713710576296,-0.1155102327466011,0.6651916616088611,0.0,-0.15287675205788887,0.0,0.21630447375009076,0.0,0.17066804160545335,0.0,-0.006325149277120801,0.0,-0.0006509120713369398,0.0
19.021,PRESTREAM_SETPOINTS,INITIAL_HOLD,MEASURED_JOINT_HOLD,0.013960471376776695,-0.0021721713710576296,-0.1155102327466011,0.6657059064925459,0.0,-0.15293353868852666,0.0,0.2164087693072423,0.0,0.17077400105988616,0.0,-0.006158119035851506,0.0,-0.0005099134218546908,0.0
19.029,PRESTREAM_SETPOINTS,INITIAL_HOLD,MEASURED_JOINT_HOLD,0.013960471376776695,-0.0021721713710576296,-0.1155102327466011,0.666124863689074,0.0,-0.15299961618908142,0.0,0.2164978486827689,0.0,0.1708594294320127,0.0,-0.006129560326936456,0.0,-0.00044826924560048553,0.0
19.042,PRESTREAM_SETPOINTS,INITIAL_HOLD,MEASURED_JOINT_HOLD,0.013960471376776695,-0.0021721713710576296,-0.1155102327466011,0.666124863689074,0.0,-0.15299961618908142,0.0,0.2164978486827689,0.0,0.1708594294320127,0.0,-0.006129560326936456,0.0,-0.00044826924560048553,0.0
19.075,PRESTREAM_SETPOINTS,INITIAL_HOLD,MEASURED_JOINT_HOLD,0.013960471376776695,-0.0021721713710576296,-0.1155102327466011,0.6667771611901294,0.0,-0.1531368322171316,0.0,0.2166620197094007,0.0,0.1710074356231832,0.0,-0.005940338458731986,0.0,-0.0005073217097226745,0.0
19.11,PRESTREAM_SETPOINTS,INITIAL_HOLD,MEASURED_JOINT_HOLD,0.013960471376776695,-0.0021721713710576296,-0.1155102327466011,0.6672036942399968,0.0,-0.1532794086430087,0.0,0.21682461587746804,0.0,0.17116194055896994,0.0,-0.0057508864608726284,0.0,-0.00048277717679301446,0.0
19.147,PRESTREAM_SETPOINTS,INITIAL_HOLD,MEASURED_JOINT_HOLD,0.013960471376776695,-0.0021721713710576296,-0.1155102327466011,0.6674772341485111,0.0,-0.15334546677157057,0.0,0.21690388175246067,0.0,0.17122803023571098,0.0,-0.005709825491697629,0.0,-0.000494582831899848,0.0
19.159,PRESTREAM_SETPOINTS,INITIAL_HOLD,MEASURED_JOINT_HOLD,0.013960471376776695,-0.0021721713710576296,-0.1155102327466011,0.6677569362753468,0.0,-0.1534110690872037,0.0,0.21698551641350594,0.0,0.17129868760949218,0.0,-0.005538358084233863,0.0,-0.0004924034847366698,0.0
19.174,PRESTREAM_SETPOINTS,INITIAL_HOLD,MEASURED_JOINT_HOLD,0.013960471376776695,-0.0021721713710576296,-0.1155102327466011,0.6680221794698014,0.0,-0.15347290164787797,0.0,0.2170652549504295,0.0,0.17136127588265904,0.0,-0.005475833847373934,0.0,-0.0004572054941993642,0.0
19.184,PRESTREAM_SETPOINTS,INITIAL_HOLD,MEASURED_JOINT_HOLD,0.013960471376776695,-0.0021721713710576296,-0.1155102327466011,0.6680221794698014,0.0,-0.15347290164787797,0.0,0.2170652549504295,0.0,0.17136127588265904,0.0,-0.005475833847373934,0.0,-0.0004572054941993642,0.0
19.196,PRESTREAM_SETPOINTS,INITIAL_HOLD,MEASURED_JOINT_HOLD,0.013960471376776695,-0.0021721713710576296,-0.1155102327466011,0.6684274647834583,0.0,-0.15354105014870356,0.0,0.21713667321174235,0.0,0.17141046707591467,0.0,-0.005467483324919975,0.0,-0.00044644629649148726,0.0
19.231,PRESTREAM_SETPOINTS,INITIAL_HOLD,MEASURED_JOINT_HOLD,0.013960471376776695,-0.0021721713710576296,-0.1155102327466011,0.6689842424843286,0.0,-0.15366494073510228,0.0,0.21729375736855516,0.0,0.17153116104008337,0.0,-0.005198452059103964,0.0,-0.00045117602241440125,0.0
19.254,PRESTREAM_SETPOINTS,INITIAL_HOLD,MEASURED_JOINT_HOLD,0.013960471376776695,-0.0021721713710576296,-0.1155102327466011,0.6693632567580599,0.0,-0.15372569481421472,0.0,0.2173718355757117,0.0,0.17158893045853318,0.0,-0.005171190918919599,0.0,-0.00042675696930150053,0.0
19.254,PRESTREAM_SETPOINTS,INITIAL_HOLD,MEASURED_JOINT_HOLD,0.013960471376776695,-0.0021721713710576296,-0.1155102327466011,0.6693632567580599,0.0,-0.15372569481421472,0.0,0.2173718355757117,0.0,0.17158893045853318,0.0,-0.005171190918919599,0.0,-0.00042675696930150053,0.0
19.28,PRESTREAM_SETPOINTS,INITIAL_HOLD,MEASURED_JOINT_HOLD,0.013960471376776695,-0.0021721713710576296,-0.1155102327466011,0.6696122198832484,0.0,-0.15378547049285718,0.0,0.2174496428810455,0.0,0.17164930839448989,0.0,-0.005079268256124259,0.0,-0.00041146856235751983,0.0
19.308,PRESTREAM_SETPOINTS,INITIAL_HOLD,MEASURED_JOINT_HOLD,0.013960471376776695,-0.0021721713710576296,-0.1155102327466011,0.6701134499490777,0.0,-0.15391230066413364,0.0,0.2176003502918702,0.0,0.17176560529560003,0.0,-0.0049921740078398,0.0,-0.0003689567850093667,0.0
19.308,PRESTREAM_SETPOINTS,INITIAL_HOLD,MEASURED_JOINT_HOLD,0.013960471376776695,-0.0021721713710576296,-0.1155102327466011,0.6701134499490777,0.0,-0.15391230066413364,0.0,0.2176003502918702,0.0,0.17176560529560003,0.0,-0.0049921740078398,0.0,-0.0003689567850093667,0.0
19.325,PRESTREAM_SETPOINTS,INITIAL_HOLD,MEASURED_JOINT_HOLD,0.013960471376776695,-0.0021721713710576296,-0.1155102327466011,0.6701134499490777,0.0,-0.15391230066413364,0.0,0.2176003502918702,0.0,0.17176560529560003,0.0,-0.0049921740078398,0.0,-0.0003689567850093667,0.0
19.355,PRESTREAM_SETPOINTS,INITIAL_HOLD,MEASURED_JOINT_HOLD,0.013960471376776695,-0.0021721713710576296,-0.1155102327466011,0.6705038706401911,0.0,-0.15403956756838966,0.0,0.21774860834074516,0.0,0.17187581896712167,0.0,-0.004802094917500277,0.0,-0.0004205259378728954,0.0
19.391,PRESTREAM_SETPOINTS,INITIAL_HOLD,MEASURED_JOINT_HOLD,0.013960471376776695,-0.0021721713710576296,-0.1155102327466011,0.671040011382205,0.0,-0.15415416401182114,0.0,0.21789672370409097,0.0,0.17197283830858812,0.0,-0.0047231076564395735,0.0,-0.00036243703067917465,0.0
19.423,PRESTREAM_SETPOINTS,INITIAL_HOLD,MEASURED_JOINT_HOLD,0.013960471376776695,-0.0021721713710576296,-0.1155102327466011,0.6712395023521687,0.0,-0.1542144237472165,0.0,0.21797297184544195,0.0,0.17203131967406637,0.0,-0.004701815132737153,0.0,-0.00034179350952179277,0.0
19.431,PRESTREAM_SETPOINTS,INITIAL_HOLD,MEASURED_JOINT_HOLD,0.013960471376776695,-0.0021721713710576296,-0.1155102327466011,0.6714241422178393,0.0,-0.1542832957399245,0.0,0.21803916082442765,0.0,0.17207725777722693,0.0,-0.004604012199869167,0.0,-0.00038560503069984264,0.0
19.434,PRESTREAM_SETPOINTS,INITIAL_HOLD,MEASURED_JOINT_HOLD,0.013960471376776695,-0.0021721713710576296,-0.1155102327466011,0.6714241422178393,0.0,-0.1542832957399245,0.0,0.21803916082442765,0.0,0.17207725777722693,0.0,-0.004604012199869167,0.0,-0.00038560503069984264,0.0
19.453,PRESTREAM_SETPOINTS,INITIAL_HOLD,MEASURED_JOINT_HOLD,0.013960471376776695,-0.0021721713710576296,-0.1155102327466011,0.671582549690755,0.0,-0.15433757245045943,0.0,0.218115625276587,0.0,0.17212977764964155,0.0,-0.0045063884765799145,0.0,-0.00035904684959753297,0.0
19.453,PRESTREAM_SETPOINTS,INITIAL_HOLD,MEASURED_JOINT_HOLD,0.013960471376776695,-0.0021721713710576296,-0.1155102327466011,0.671582549690755,0.0,-0.15433757245045943,0.0,0.218115625276587,0.0,0.17212977764964155,0.0,-0.0045063884765799145,0.0,-0.00035904684959753297,0.0
19.476,PRESTREAM_SETPOINTS,INITIAL_HOLD,MEASURED_JOINT_HOLD,0.013960471376776695,-0.0021721713710576296,-0.1155102327466011,0.6717688679441842,0.0,-0.15439860695370733,0.0,0.21818569429217316,0.0,0.1721715441361722,0.0,-0.004471564718919296,0.0,-0.0003750197883372053,0.0
19.491,PRESTREAM_SETPOINTS,INITIAL_HOLD,MEASURED_JOINT_HOLD,0.013960471376776695,-0.0021721713710576296,-0.1155102327466011,0.6720645975003219,0.0,-0.1544519047032784,0.0,0.21826308572675313,0.0,0.1722285918182278,0.0,-0.004458324931744251,0.0,-0.0003287606534438936,0.0
19.498,PRESTREAM_SETPOINTS,INITIAL_HOLD,MEASURED_JOINT_HOLD,0.013960471376776695,-0.0021721713710576296,-0.1155102327466011,0.6720645975003219,0.0,-0.1544519047032784,0.0,0.21826308572675313,0.0,0.1722285918182278,0.0,-0.004458324931744251,0.0,-0.0003287606534438936,0.0
19.535,PRESTREAM_SETPOINTS,INITIAL_HOLD,MEASURED_JOINT_HOLD,0.013960471376776695,-0.0021721713710576296,-0.1155102327466011,0.6724515456622022,0.0,-0.15457016109239952,0.0,0.21840364588058048,0.0,0.17231597193808934,0.0,-0.004299706364395917,0.0,-0.0003177666331817264,0.0
19.551,ARM_NEUTRALIZE,INITIAL_HOLD,NEUTRALIZE_PROFILE,0.013960471376776695,-0.0021721713710576296,-0.1155102327466011,0.6724505336719627,-0.00018924027923502225,-0.15456992847564766,4.3498896887392814e-05,0.21840331719911737,-6.146281795171896e-05,0.17231571261519413,-4.849289566894546e-05,-0.004299699893653301,1.210016748828512e-06,-0.00031776615496625747,8.942539694167123e-08
19.551,ARM_NEUTRALIZE,INITIAL_HOLD,NEUTRALIZE_PROFILE,0.013960471376776695,-0.0021721713710576296,-0.1155102327466011,0.6724505336719627,-0.00018924027923502225,-0.15456992847564766,4.3498896887392814e-05,0.21840331719911737,-6.146281795171896e-05,0.17231571261519413,-4.849289566894546e-05,-0.004299699893653301,1.210016748828512e-06,-0.00031776615496625747,8.942539694167123e-08
19.576999999999998,ARM_NEUTRALIZE,INITIAL_HOLD,NEUTRALIZE_PROFILE,0.013960471376776695,-0.0021721713710576296,-0.1155102327466011,0.6724334789153045,-0.0012813592176576384,-0.1545660082578995,0.0002945340849734103,0.21839777803267807,-0.00041616905578457464,0.17231134232712103,-0.0003283488013624423,-0.004299590844241161,8.193108364134141e-06,-0.00031775809574974143,6.055056414369179e-07
19.61,ARM_NEUTRALIZE,INITIAL_HOLD,NEUTRALIZE_PROFILE,0.013960471376776695,-0.0021721713710576296,-0.1155102327466011,0.6723503758525101,-0.003995307816219494,-0.1545469061324211,0.0009183641211778723,0.2183707872226856,-0.0012976247866576434,0.17229004713473312,-0.0010237991926477696,-0.004299059476932539,2.55463022665862e-05,-0.0003177188254400194,1.8879806604273314e-06
19.645,ARM_NEUTRALIZE,INITIAL_HOLD,NEUTRALIZE_PROFILE,0.013960471376776695,-0.0021721713710576296,-0.1155102327466011,0.6721380167047323,-0.008389904803673482,-0.1544980931169805,0.0019285091177486159,0.21830181569245424,-0.00272493358002297,0.17223563001994568,-0.0021499163918039053,-0.004297701636378631,5.364568988462425e-05,-0.0003176184752335993,3.964645214032661e-06
19.662,ARM_NEUTRALIZE,INITIAL_HOLD,NEUTRALIZE_PROFILE,0.013960471376776695,-0.0021721713710576296,-0.1155102327466011,0.6719732300714634,-0.011052351061611922,-0.15446021515147568,0.0025405007915637735,0.21824829510538668,-0.003589662010563253,0.1721934033806327,-0.002832169288133858,-0.004296647978103319,7.066957390119937e-05,-0.00031754060539452314,5.222782828363286e-06
19.666,ARM_NEUTRALIZE,INITIAL_HOLD,NEUTRALIZE_PROFILE,0.013960471376776695,-0.0021721713710576296,-0.1155102327466011,0.6719276777634249,-0.011726803962545667,-0.15444974446754753,0.002695530985514631,0.21823350029939945,-0.00380871567099258,0.17218173058385752,-0.003004998108144101,-0.004296356713178657,7.49820770835281e-05,-0.0003175190796747112,5.54149520095262e-06
19.686,ARM_NEUTRALIZE,INITIAL_HOLD,NEUTRALIZE_PROFILE,0.013960471376776695,-0.0021721713710576296,-0.1155102327466011,0.6716574945255749,-0.015364370466693726,-0.15438763996817007,0.0035316644499366547,0.2181457482456152,-0.0049901506632442,0.17211249602334258,-0.003937125949466041,-0.004294629140991738,9.824095417242932e-05,-0.00031739140472417,7.2604253877506455e-06
19.71,ARM_NEUTRALIZE,INITIAL_HOLD,NEUTRALIZE_PROFILE,0.013960471376776695,-0.0021721713710576296,-0.1155102327466011,0.6712308289934429,-0.020290323859060357,-0.1542895663441898,0.004663947384377622,0.2180071727476625,-0.006590037208632741,0.17200316281363243,-0.0051994034354840134,-0.004291901009105046,0.00012973787508591928,-0.000317189784145684,9.588182138106542e-06
19.712,ARM_NEUTRALIZE,INITIAL_HOLD,NEUTRALIZE_PROFILE,0.013960471376776695,-0.0021721713710576296,-0.1155102327466011,0.6711898119625442,-0.02072737316590799,-0.15428013814209193,0.004764407829744336,0.21799385094157958,-0.006731985223565334,0.17199265218340054,-0.005311397491531807,-0.004291638743087604,0.00013253240161846972,-0.0003171704015687595,9.794709564011432e-06
19.727,ARM_NEUTRALIZE,INITIAL_HOLD,NEUTRALIZE_PROFILE,0.013960471376776695,-0.0021721713710576296,-0.1155102327466011,0.670853650018713,-0.024130851198913485,-0.15420286773332223,0.005546733561954594,0.2178846698494806,-0.007837391279775473,0.1719065105536377,-0.006183540070443933,-0.004289489298032889,0.0001542944992060134,-0.0003170115484145298,1.140302136377255e-05
19.733,ARM_NEUTRALIZE,INITIAL_HOLD,NEUTRALIZE_PROFILE,0.013960471376776695,-0.0021721713710576296,-0.1155102327466011,0.6707046154269027,-0.025553042643128937,-0.15416861054258033,0.005873639436518592,0.21783626532364725,-0.008299300838256665,0.1718683203811177,-0.0065479771850180234,-0.004288536359509577,0.0001633880995457387,-0.00031694112219456995,1.2075077201674094e-05
19.736,ARM_NEUTRALIZE,INITIAL_HOLD,NEUTRALIZE_PROFILE,0.013960471376776695,-0.0021721713710576296,-0.1155102327466011,0.6706268726445811,-0.026276885524849122,-0.15415074053474892,0.0060400224444168,0.21781101546407078,-0.008534395731609485,0.17184839876270022,-0.006733462206948121,-0.004288039266242278,0.00016801640602437143,-0.0003169043848826374,1.241712878436512e-05
19.754,ARM_NEUTRALIZE,INITIAL_HOLD,NEUTRALIZE_PROFILE,0.013960471376776695,-0.0021721713710576296,-0.1155102327466011,0.6701136772074496,-0.03079400562010699,-0.15403277708905383,0.007078330684321511,0.21764433616168563,-0.010001498460495674,0.17171689223094497,-0.007890976000464539,-0.004284757855557081,0.00019689921571914976,-0.0003166618746419019,1.4551691569753766e-05
19.784,ARM_NEUTRALIZE,INITIAL_HOLD,NEUTRALIZE_PROFILE,0.013960471376776695,-0.0021721713710576296,-0.1155102327466011,0.6690693635786586,-0.03895434015498751,-0.15379273046134587,0.008954070626865972,0.21730515647588963,-0.012651870558708393,0.17144928645456728,-0.009982064920980246,-0.0042780804347301036,0.00024907701583212787,-0.0003161683847719665,1.840785347095364e-05
19.784,ARM_NEUTRALIZE,INITIAL_HOLD,NEUTRALIZE_PROFILE,0.013960471376776695,-0.0021721713710576296,-0.1155102327466011,0.6690693635786586,-0.03895434015498751,-0.15379273046134587,0.008954070626865972,0.21730515647588963,-0.012651870558708393,0.17144928645456728,-0.009982064920980246,-0.0042780804347301036,0.00024907701583212787,-0.0003161683847719665,1.840785347095364e-05
19.803,ARM_NEUTRALIZE,INITIAL_HOLD,NEUTRALIZE_PROFILE,0.013960471376776695,-0.0021721713710576296,-0.1155102327466011,0.6682769522574221,-0.04450481041825013,-0.15361058626617663,0.010229905426065094,0.2170477914319523,-0.014454592181802492,0.17124623074315665,-0.011404375099754099,-0.004273013696430343,0.00028456714515116886,-0.0003157939312083325,2.1030725348503392e-05
19.803,ARM_NEUTRALIZE,INITIAL_HOLD,NEUTRALIZE_PROFILE,0.013960471376776695,-0.0021721713710576296,-0.1155102327466011,0.6682769522574221,-0.04450481041825013,-0.15361058626617663,0.010229905426065094,0.2170477914319523,-0.014454592181802492,0.17124623074315665,-0.011404375099754099,-0.004273013696430343,0.00028456714515116886,-0.0003157939312083325,2.1030725348503392e-05
19.83,ARM_NEUTRALIZE,INITIAL_HOLD,NEUTRALIZE_PROFILE,0.013960471376776695,-0.0021721713710576296,-0.1155102327466011,0.6669636829810963,-0.05286333378857759,-0.1533087173138204,0.012151201186600251,0.21662125839797725,-0.017169333474366326,0.17090970497676308,-0.013546249986972712,-0.0042646165527223555,0.0003380121797624844,-0.0003151733464850301,2.4980541282295557e-05
19.865,ARM_NEUTRALIZE,INITIAL_HOLD,NEUTRALIZE_PROFILE,0.013960471376776695,-0.0021721713710576296,-0.1155102327466011,0.6649130406551162,-0.06445051318760207,-0.15283735530013431,0.01481463797675591,0.215955236045467,-0.02093270087614275,0.17038422707760728,-0.016515469246031277,-0.00425150458961216,0.00041210148675979486,-0.00031420431650511536,3.045605696733242e-05
19.888,ARM_NEUTRALIZE,INITIAL_HOLD,NEUTRALIZE_PROFILE,0.013960471376776695,-0.0021721713710576296,-0.1155102327466011,0.6633389089218117,-0.07248251776695042,-0.15247552432931258,0.01666087991007198,0.2154439782279071,-0.02354139304909584,0.16998085520444747,-0.0185736735651821,-0.004241439471499566,0.00046345873536968884,-0.0003134604613614944,3.425157661383175e-05
19.897,ARM_NEUTRALIZE,INITIAL_HOLD,NEUTRALIZE_PROFILE,0.013960471376776695,-0.0021721713710576296,-0.1155102327466011,0.6626720844721468,-0.07570816165512763,-0.15232224761626176,0.017402328567062243,0.21522740219070624,-0.02458904085366228,0.16980998117806254,-0.019400246074834163,-0.004237175745215265,0.000484083747899941,-0.0003131453538096416,3.5775852979617937e-05
19.915,ARM_NEUTRALIZE,INITIAL_HOLD,NEUTRALIZE_PROFILE,0.013960471376776695,-0.0021721713710576296,-0.1155102327466011,0.6612503572704939,-0.08228975194102418,-0.151995448452803,0.018915177302852405,0.21476564341226098,-0.026726657048322798,0.1694456630258269,-0.021086781163240757,-0.004228085113277818,0.0005261669371240035,-0.00031247351734932496,3.8885980095277056e-05
19.92,ARM_NEUTRALIZE,INITIAL_HOLD,NEUTRALIZE_PROFILE,0.013960471376776695,-0.0021721713710576296,-0.1155102327466011,0.6608342695082774,-0.08414742346322936,-0.15189980624207533,0.019342182918790505,0.21463050343844342,-0.027330004956310126,0.16933904037380032,-0.02156281021835322,-0.0042254246164570575,0.000538045030227525,-0.00031227689529058993,3.9763821820791126e-05
19.951999999999998,ARM_NEUTRALIZE,INITIAL_HOLD,NEUTRALIZE_PROFILE,0.013960471376776695,-0.0021721713710576296,-0.1155102327466011,0.6579481057134482,-0.09631565880537536,-0.1512363907059173,0.02213918161583946,0.21369311441842342,-0.031282091883317695,0.1685994597710243,-0.02468092529040421,-0.004206970265482081,0.0006158496531503114,-0.00031091304006888664,4.551391519388153e-05
19.986,ARM_NEUTRALIZE,INITIAL_HOLD,NEUTRALIZE_PROFILE,0.013960471376776695,-0.0021721713710576296,-0.1155102327466011,0.6544468336683152,-0.10971568829735566,-0.1504315859768099,0.02521932133829132,0.21255594612011317,-0.035634249767160155,0.167702257438204,-0.02811468809577601,-0.004184582865537726,0.0007015304616210878,-0.0003092585157588271,5.184609226101763e-05
20.017,ARM_NEUTRALIZE,INITIAL_HOLD,NEUTRALIZE_PROFILE,0.013960471376776695,-0.0021721713710576296,-0.1155102327466011,0.6508515736012133,-0.12228734197280408,-0.1496051770982434,0.028109050042681962,0.21138825171653994,-0.03971736179980793,0.16678097063794423,-0.03133617927373244,-0.004161594499027312,0.0007819145720718659,-0.0003075595774571676,5.778682076070448e-05
20.017,ARM_NEUTRALIZE,INITIAL_HOLD,NEUTRALIZE_PROFILE,0.013960471376776695,-0.0021721713710576296,-0.1155102327466011,0.6508515736012133,-0.12228734197280408,-0.1496051770982434,0.028109050042681962,0.21138825171653994,-0.03971736179980793,0.16678097063794423,-0.03133617927373244,-0.004161594499027312,0.0007819145720718659,-0.0003075595774571676,5.778682076070448e-05
20.044,ARM_NEUTRALIZE,INITIAL_HOLD,NEUTRALIZE_PROFILE,0.013960471376776695,-0.0021721713710576296,-0.1155102327466011,0.6473993751212973,-0.13346242050099213,-0.14881165245158934,0.030677761051623485,0.21026702188343044,-0.04334688411900282,0.16589634342543016,-0.034199797523242,-0.0041395208791940264,0.0008533688747353494,-0.00030592824283519457,6.306759839048416e-05
20.044,ARM_NEUTRALIZE,INITIAL_HOLD,NEUTRALIZE_PROFILE,0.013960471376776695,-0.0021721713710576296,-0.1155102327466011,0.6473993751212973,-0.13346242050099213,-0.14881165245158934,0.030677761051623485,0.21026702188343044,-0.04334688411900282,0.16589634342543016,-0.034199797523242,-0.0041395208791940264,0.0008533688747353494,-0.00030592824283519457,6.306759839048416e-05
20.066,ARM_NEUTRALIZE,INITIAL_HOLD,NEUTRALIZE_PROFILE,0.013960471376776695,-0.0021721713710576296,-0.1155102327466011,0.6443618351327496,-0.14269448859074532,-0.14811344148251193,0.03279985038438559,0.20928046781528034,-0.046345341543670156,0.1651179726137281,-0.0365655185869327,-0.004120098617314914,0.0009123994207696484,-0.00030449285487075005,6.743020743363296e-05
20.101,ARM_NEUTRALIZE,INITIAL_HOLD,NEUTRALIZE_PROFILE,0.013960471376776695,-0.0021721713710576296,-0.1155102327466011,0.6391079092724014,-0.1575614567453501,-0.14690577057768586,0.03621718160689006,0.20757406001461665,-0.05117394230918503,0.1637716520543411,-0.040375184999120926,-0.004086504615478606,0.0010074599467004444,-0.000302010114898779,7.445558561379089e-05
20.126,ARM_NEUTRALIZE,INITIAL_HOLD,NEUTRALIZE_PROFILE,0.013960471376776695,-0.0021721713710576296,-0.1155102327466011,0.6350350583082638,-0.1682769140310609,-0.14596958233677382,0.038680243770276124,0.2062512502070789,-0.05465418553797001,0.16272798239966996,-0.043121025125237425,-0.00406046249642229,0.0010759753961569734,-0.00030008549126355415,7.951916946105502e-05
20.131,ARM_NEUTRALIZE,INITIAL_HOLD,NEUTRALIZE_PROFILE,0.013960471376776695,-0.0021721713710576296,-0.1155102327466011,0.6341883002250199,-0.17042661706915782,-0.14577494595861754,0.039174375945364284,0.20597623403118898,-0.05535238154050663,0.16251100030921034,-0.04367188737066977,-0.004055048260789831,0.0010897207610001225,-0.00029968535616539357,8.05350105296987e-05
20.163,ARM_NEUTRALIZE,INITIAL_HOLD,NEUTRALIZE_PROFILE,0.013960471376776695,-0.0021721713710576296,-0.1155102327466011,0.6285141417625567,-0.18421484888011586,-0.14447068010739839,0.042343748111949714,0.20413334006581668,-0.059830622563500094,0.16105699498094947,-0.047205127172317035,-0.004018767259710981,0.0011778837646451818,-0.0002970040354927182,8.705063240366236e-05
20.207,ARM_NEUTRALIZE,INITIAL_HOLD,NEUTRALIZE_PROFILE,0.013960471376776695,-0.0021721713710576296,-0.1155102327466011,0.6199912662423499,-0.20317977514059218,-0.14251160625200032,0.04670303871972216,0.20136521930082318,-0.06599018761448903,0.15887300479095662,-0.05206489695407882,-0.003964271344944216,0.0012991469466074876,-0.0002929765550347529,9.601249858600075e-05
20.207,ARM_NEUTRALIZE,INITIAL_HOLD,NEUTRALIZE_PROFILE,0.013960471376776695,-0.0021721713710576296,-0.1155102327466011,0.6199912662423499,-0.20317977514059218,-0.14251160625200032,0.04670303871972216,0.20136521930082318,-0.06599018761448903,0.15887300479095662,-0.05206489695407882,-0.003964271344944216,0.0012991469466074876,-0.0002929765550347529,9.601249858600075e-05
20.235,ARM_NEUTRALIZE,INITIAL_HOLD,NEUTRALIZE_PROFILE,0.013960471376776695,-0.0021721713710576296,-0.1155102327466011,0.6141338910236773,-0.2151927964828385,-0.14116522607491666,0.049464359823161504,0.1994628188805983,-0.06989186302309282,0.15737205009716124,-0.055143238377866756,-0.003926818841981225,0.0013759591194013134,-0.00029020865537785384,0.00010168924566300638
20.276,ARM_NEUTRALIZE,INITIAL_HOLD,NEUTRALIZE_PROFILE,0.013960471376776695,-0.0021721713710576296,-0.1155102327466011,0.6049529386339657,-0.2326188236042323,-0.1390548862310817,0.05346991804773495,0.19648096318035682,-0.07555161335168843,0.1550194274516254,-0.059608664652536794,-0.0038681151336234943,0.0014873824631400924,-0.0002858702010325561,0.00010992390584606203
20.307,ARM_NEUTRALIZE,INITIAL_HOLD,NEUTRALIZE_PROFILE,0.013960471376776695,-0.0021721713710576296,-0.1155102327466011,0.5975399489048612,-0.24560711908546592,-0.13735093146438448,0.05645541631567776,0.19407331909929906,-0.07977004530440593,0.15311984593028347,-0.06293692045640129,-0.003820715913080333,0.0015704306130083783,-0.0002823671965362119,0.00011606151821748829
20.341,ARM_NEUTRALIZE,INITIAL_HOLD,NEUTRALIZE_PROFILE,0.013960471376776695,-0.0021721713710576296,-0.1155102327466011,0.5889504817820773,-0.25960873881967633,-0.13537655081877364,0.05967383797272099,0.1912835702350296,-0.08431759199072314,0.15091879161605,-0.06652484099695423,-0.0037657942065382893,0.0016599580352760312,-0.0002783082482505859,0.00012267797644519512
20.349,ARM_NEUTRALIZE,INITIAL_HOLD,NEUTRALIZE_PROFILE,0.013960471376776695,-0.0021721713710576296,-0.1155102327466011,0.5868605937351011,-0.2628603623889068,-0.1348961677574661,0.06042125833653746,0.19060480137519692,-0.08537367766281691,0.15038325698551858,-0.067358070810051,-0.003752431303300987,0.0016807491638642957,-0.0002773206727253332,0.000124214529495945
20.368,ARM_NEUTRALIZE,INITIAL_HOLD,NEUTRALIZE_PROFILE,0.013960471376776695,-0.0021721713710576296,-0.1155102327466011,0.5817934060019407,-0.2705102979506456,-0.13373142060318788,0.06217967763046594,0.18895904372556024,-0.08785827871431713,0.1490847881443585,-0.06931836979380403,-0.003720031319262875,0.0017296634340956709,-0.0002749261757596366,0.00012782950262403415
20.402,ARM_NEUTRALIZE,INITIAL_HOLD,NEUTRALIZE_PROFILE,0.013960471376776695,-0.0021721713710576296,-0.1155102327466011,0.5723670236504823,-0.2839199325346177,-0.1315646660645413,0.06526202518577365,0.185897475518448,-0.09221355620896808,0.14666927397500365,-0.07275459390776053,-0.003659758313049644,0.001815405658255703,-0.0002704717436117309,0.0001341662185724671
20.402,ARM_NEUTRALIZE,INITIAL_HOLD,NEUTRALIZE_PROFILE,0.013960471376776695,-0.0021721713710576296,-0.1155102327466011,0.5723670236504823,-0.2839199325346177,-0.1315646660645413,0.06526202518577365,0.185897475518448,-0.09221355620896808,0.14666927397500365,-0.07275459390776053,-0.003659758313049644,0.001815405658255703,-0.0002704717436117309,0.0001341662185724671
20.428,ARM_NEUTRALIZE,INITIAL_HOLD,NEUTRALIZE_PROFILE,0.013960471376776695,-0.0021721713710576296,-0.1155102327466011,0.5648547573909131,-0.29390567119315203,-0.12983789152829256,0.06755735373848934,0.1834575876923298,-0.0954567961775622,0.14474425280384906,-0.07531344334987254,-0.003611724310814586,0.0018792552312699383,-0.00026692182604180813,0.00013888497425653694
20.464,ARM_NEUTRALIZE,INITIAL_HOLD,NEUTRALIZE_PROFILE,0.013960471376776695,-0.0021721713710576296,-0.1155102327466011,0.5540314300779117,-0.307303568233355,-0.12735003428843902,0.07063700329415241,0.1799423096608241,-0.09980826146839056,0.14197077094099259,-0.07874665971364123,-0.003542519132193389,0.0019649224046817456,-0.0002618072682684455,0.0001452161436346788
20.464,ARM_NEUTRALIZE,INITIAL_HOLD,NEUTRALIZE_PROFILE,0.013960471376776695,-0.0021721713710576296,-0.1155102327466011,0.5540314300779117,-0.307303568233355,-0.12735003428843902,0.07063700329415241,0.1799423096608241,-0.09980826146839056,0.14197077094099259,-0.07874665971364123,-0.003542519132193389,0.0019649224046817456,-0.0002618072682684455,0.0001452161436346788
20.483,ARM_NEUTRALIZE,INITIAL_HOLD,NEUTRALIZE_PROFILE,0.013960471376776695,-0.0021721713710576296,-0.1155102327466011,0.5481273028638834,-0.3141574512412352,-0.1259929076664998,0.07221244141675089,0.17802472479154302,-0.10203431485025304,0.14045783603007714,-0.08050296991869817,-0.0035047676934137203,0.002008746654294834,-0.00025901727598010775,0.00014845494253652502
20.487,ARM_NEUTRALIZE,INITIAL_HOLD,NEUTRALIZE_PROFILE,0.013960471376776695,-0.0021721713710576296,-0.1155102327466011,0.5468678251378307,-0.31558022295966215,-0.12570340327579083,0.07253948067353244,0.17761566256386324,-0.10249641287436306,0.14013509436950825,-0.08086755572876622,-0.003496714496972346,0.0020178439649520337,-0.0002584221104263116,0.00014912727258270777
20.516,ARM_NEUTRALIZE,INITIAL_HOLD,NEUTRALIZE_PROFILE,0.013960471376776695,-0.0021721713710576296,-0.1155102327466011,0.5375686582095799,-0.3256766558616524,-0.12356589055922863,0.07486025347892827,0.17459541229619216,-0.10577560491490158,0.13775217920217359,-0.08345477061411666,-0.003437254915857686,0.0020824013253840537,-0.0002540277938614278,0.00015389833677477717
20.548000000000002,ARM_NEUTRALIZE,INITIAL_HOLD,NEUTRALIZE_PROFILE,0.013960471376776695,-0.0021721713710576296,-0.1155102327466011,0.5269748901444785,-0.3363493573510362,-0.12113079996130949,0.07731348776643461,0.17115469216705193,-0.10924196160887141,0.1350375219864972,-0.08618965455067927,-0.003369517556539708,0.0021506433910246517,-0.00024902171419298073,0.00015894171639240501
20.584,ARM_NEUTRALIZE,INITIAL_HOLD,NEUTRALIZE_PROFILE,0.013960471376776695,-0.0021721713710576296,-0.1155102327466011,0.5146594185805454,-0.34772946508157365,-0.11829995744805238,0.0799293269246684,0.16715478480175194,-0.1129380747859414,0.13188167757494898,-0.08910581161358948,-0.003290771494008415,0.0022234086660130785,-0.00024320204441876303,0.00016431938046665008
20.584,ARM_NEUTRALIZE,INITIAL_HOLD,NEUTRALIZE_PROFILE,0.013960471376776695,-0.0021721713710576296,-0.1155102327466011,0.5146594185805454,-0.34772946508157365,-0.11829995744805238,0.0799293269246684,0.16715478480175194,-0.1129380747859414,0.13188167757494898,-0.08910581161358948,-0.003290771494008415,0.0022234086660130785,-0.00024320204441876303,0.00016431938046665008
20.586,ARM_NEUTRALIZE,INITIAL_HOLD,NEUTRALIZE_PROFILE,0.013960471376776695,-0.0021721713710576296,-0.1155102327466011,0.5139633473561531,-0.34834139568925837,-0.11813995805184288,0.08006998570256453,0.16692870978685978,-0.11313682200662428,0.1317033090510858,-0.08926261907146814,-0.003286320761620485,0.002227321396893695,-0.0002428731163185056,0.00016460854796161562
20.593,ARM_NEUTRALIZE,INITIAL_HOLD,NEUTRALIZE_PROFILE,0.013960471376776695,-0.0021721713710576296,-0.1155102327466011,0.5115175061278043,-0.35046589670455414,-0.11757775535469536,0.08055832492387133,0.16613433189456067,-0.11382683271506969,0.1310765612784204,-0.08980702328868745,-0.0032706818666492833,0.0022409056180848846,-0.00024171733529986862,0.00016561247982730401
20.628,ARM_NEUTRALIZE,INITIAL_HOLD,NEUTRALIZE_PROFILE,0.013960471376776695,-0.0021721713710576296,-0.1155102327466011,0.49907048855875114,-0.3606763676588962,-0.11471667558890514,0.08290531059209183,0.16209170007230228,-0.11714306285383762,0.12788700815154083,-0.09242346046961544,-0.0031910946889490625,0.0023061921465032725,-0.00023583550352836624,0.00017043743264255254
20.649,ARM_NEUTRALIZE,INITIAL_HOLD,NEUTRALIZE_PROFILE,0.013960471376776695,-0.0021721713710576296,-0.1155102327466011,0.4914350729742625,-0.36646266517160236,-0.11296159386663829,0.08423535280024348,0.15961181492336785,-0.11902237814588632,0.12593042991764483,-0.09390620147341971,-0.0031422732605573653,0.0023431901732044688,-0.0002322273918080832,0.00017317174456593399
20.653,ARM_NEUTRALIZE,INITIAL_HOLD,NEUTRALIZE_PROFILE,0.013960471376776695,-0.0021721713710576296,-0.1155102327466011,0.48996707423981495,-0.36753510133705647,-0.11262415869776893,0.08448186369299832,0.15913502774395002,-0.11937069167125522,0.1255542546670086,-0.09418101366083138,-0.003132886764917425,0.0023500474116713247,-0.00023153368975866484,0.00017367852372615302
20.678,ARM_NEUTRALIZE,INITIAL_HOLD,NEUTRALIZE_PROFILE,0.013960471376776695,-0.0021721713710576296,-0.1155102327466011,0.48069686751822266,-0.3740177777996058,-0.11049330279363787,0.085971976031337,0.15612418338033326,-0.12147618192347963,0.12317876056397231,-0.09584220204326617,-0.0030736123575683507,0.002391498138380406,-0.0002271530583245916,0.00017674190916529593
20.687,ARM_NEUTRALIZE,INITIAL_HOLD,NEUTRALIZE_PROFILE,0.013960471376776695,-0.0021721713710576296,-0.1155102327466011,0.4773205920531842,-0.37625724328299254,-0.109717229861856,0.08648674106200857,0.15502761236965118,-0.12220353161811633,0.1223135886537555,-0.09641606595045903,-0.0030520241952708225,0.0024058174511307102,-0.00022555760108437838,0.0001778001674314461
20.724,ARM_NEUTRALIZE,INITIAL_HOLD,NEUTRALIZE_PROFILE,0.013960471376776695,-0.0021721713710576296,-0.1155102327466011,0.4632360158486707,-0.3849254154288892,-0.10647973977518221,0.08847921289676132,0.1504531224847043,-0.125018842865442,0.11870441048519789,-0.09863728845768957,-0.002961966343018092,0.00246124240358091,-0.000218901941819156,0.00018189630773539724
20.755,ARM_NEUTRALIZE,INITIAL_HOLD,NEUTRALIZE_PROFILE,0.013960471376776695,-0.0021721713710576296,-0.1155102327466011,0.451199728911579,-0.3915034948614537,-0.10371307082658383,0.08999125462546137,0.14654389070899781,-0.12715531877992498,0.11562010724361897,-0.10032292388855482,-0.002885005408240041,0.002503303144141551,-0.00021321420059723287,0.0001850047757991141
20.755,ARM_NEUTRALIZE,INITIAL_HOLD,NEUTRALIZE_PROFILE,0.013960471376776695,-0.0021721713710576296,-0.1155102327466011,0.451199728911579,-0.3915034948614537,-0.10371307082658383,0.08999125462546137,0.14654389070899781,-0.12715531877992498,0.11562010724361897,-0.10032292388855482,-0.002885005408240041,0.002503303144141551,-0.00021321420059723287,0.0001850047757991141
20.772,ARM_NEUTRALIZE,INITIAL_HOLD,NEUTRALIZE_PROFILE,0.013960471376776695,-0.0021721713710576296,-0.1155102327466011,0.4445155421988609,-0.39483896166864685,-0.10217663920764974,0.09075794725191445,0.14437295250947807,-0.128238635661422,0.11390728178065801,-0.10117763856421629,-0.002842266209654093,0.0025246303727748,-0.00021005559159267362,0.00018658094892898237
20.773,ARM_NEUTRALIZE,INITIAL_HOLD,NEUTRALIZE_PROFILE,0.013960471376776695,-0.0021721713710576296,-0.1155102327466011,0.4441206081180755,-0.39502908681433524,-0.10208585939625417,0.0908016495447954,0.1442446829803463,-0.12830038587265996,0.11380607976778287,-0.10122635820726046,-0.002839740971082446,0.0025258460474270805,-0.00020986896569525474,0.00018667079246911298
20.806,ARM_NEUTRALIZE,INITIAL_HOLD,NEUTRALIZE_PROFILE,0.013960471376776695,-0.0021721713710576296,-0.1155102327466011,0.43098540058189916,-0.4009193937300973,-0.09906659182531044,0.09215559942375126,0.13997853587457387,-0.13021348208614425,0.11044017769230197,-0.10273575166133256,-0.0027557534543531303,0.002563509118167749,-0.0002036619301075773,0.00018945425398258982
20.846,ARM_NEUTRALIZE,INITIAL_HOLD,NEUTRALIZE_PROFILE,0.013960471376776695,-0.0021721713710576296,-0.1155102327466011,0.4148223933971817,-0.4070433461449421,-0.09535135220634405,0.09356325521306556,0.1347289982382821,-0.13220246336402083,0.10629840077106043,-0.10430501686605063,-0.0026524059562200567,0.002602666136012709,-0.00019602410934813216,0.00019234812455688378
20.865,ARM_NEUTRALIZE,INITIAL_HOLD,NEUTRALIZE_PROFILE,0.013960471376776695,-0.0021721713710576296,-0.1155102327466011,0.4070643006731341,-0.40955497094530624,-0.0935680718349012,0.09414057896598169,0.13220926912628633,-0.1330182069176228,0.10431038647210657,-0.10494862170480874,-0.002602800120860853,0.002618725656150276,-0.00019235802660843893,0.00019353499156875376
20.867,ARM_NEUTRALIZE,INITIAL_HOLD,NEUTRALIZE_PROFILE,0.013960471376776695,-0.0021721713710576296,-0.1155102327466011,0.40624494091502106,-0.409804308023253,-0.09337973325404564,0.09419789175313067,0.13194315157534295,-0.13309918840577323,0.10410042521319213,-0.10501251442868417,-0.002597561072204613,0.0026203199364041373,-0.00019197083857477358,0.00019365281567711905
20.883,ARM_NEUTRALIZE,INITIAL_HOLD,NEUTRALIZE_PROFILE,0.013960471376776695,-0.0021721713710576296,-0.1155102327466011,0.3996726981922736,-0.4116952418227873,-0.09186903315535966,0.09463254305833549,0.12980857134942253,-0.13371333947524608,0.10241628544150341,-0.10549706695538921,-0.0025555376520107844,0.0026324107110405497,-0.00018886512864528868,0.00019454637547473364
20.89,ARM_NEUTRALIZE,INITIAL_HOLD,NEUTRALIZE_PROFILE,0.013960471376776695,-0.0021721713710576296,-0.1155102327466011,0.396788119043289,-0.41246430687370067,-0.09120598186695306,0.09480932086422655,0.1288716970020687,-0.13396312194971927,0.10167711090484569,-0.1056941401758861,-0.0025370934333819478,0.00263732817151094,-0.00018750202224716687,0.00019490979677029454
20.892,ARM_NEUTRALIZE,INITIAL_HOLD,NEUTRALIZE_PROFILE,0.013960471376776695,-0.0021721713710576296,-0.1155102327466011,0.39596297674394315,-0.41267750813237275,-0.09101631410731033,0.09485832744783934,0.12860370135582486,-0.13403236698677906,0.10146566786747563,-0.10574877308191999,-0.0025318174107169453,0.002638691396586,-0.00018711210167660628,0.000195010544915786
20.91,ARM_NEUTRALIZE,INITIAL_HOLD,NEUTRALIZE_PROFILE,0.013960471376776695,-0.0021721713710576296,-0.1155102327466011,0.3885183376669278,-0.4144652312779215,-0.08930508440037903,0.09526925468323438,0.12618577797209013,-0.13461299655827996,0.09955797618833627,-0.10620687783811933,-0.0024842158218343568,0.0026501222344452904,-0.0001835941412971314,0.00019585533257176894
20.91,ARM_NEUTRALIZE,INITIAL_HOLD,NEUTRALIZE_PROFILE,0.013960471376776695,-0.0021721713710576296,-0.1155102327466011,0.3885183376669278,-0.4144652312779215,-0.08930508440037903,0.09526925468323438,0.12618577797209013,-0.13461299655827996,0.09955797618833627,-0.10620687783811933,-0.0024842158218343568,0.0026501222344452904,-0.0001835941412971314,0.00019585533257176894
20.937,ARM_NEUTRALIZE,INITIAL_HOLD,NEUTRALIZE_PROFILE,0.013960471376776695,-0.0021721713710576296,-0.1155102327466011,0.37729637526996335,-0.4167019708399949,-0.08672559663406941,0.09578339313181354,0.1225410283730417,-0.1353394609086014,0.09668234392909093,-0.10678004322690804,-0.002412461740145506,0.002664424117447243,-0.00017829120871919564,0.00019691230270519987
20.937,ARM_NEUTRALIZE,INITIAL_HOLD,NEUTRALIZE_PROFILE,0.013960471376776695,-0.0021721713710576296,-0.1155102327466011,0.37729637526996335,-0.4167019708399949,-0.08672559663406941,0.09578339313181354,0.1225410283730417,-0.1353394609086014,0.09668234392909093,-0.10678004322690804,-0.002412461740145506,0.002664424117447243,-0.00017829120871919564,0.00019691230270519987
20.963,ARM_NEUTRALIZE,INITIAL_HOLD,NEUTRALIZE_PROFILE,0.013960471376776695,-0.0021721713710576296,-0.1155102327466011,0.3664396446619367,-0.4183477866202095,-0.08423006129052742,0.09616170144550128,0.11901490137930967,-0.13587400078610692,0.09390030245880202,-0.10720178416516322,-0.002343042978313536,0.002674947588811776,-0.00017316086623589253,0.00019769003210844057
21.002,ARM_NEUTRALIZE,INITIAL_HOLD,NEUTRALIZE_PROFILE,0.013960471376776695,-0.0021721713710576296,-0.1155102327466011,0.3500906114451422,-0.4198754813073817,-0.08047206160367064,0.09651285836590612,0.11370494487135882,-0.1363701764460829,0.08971085629398462,-0.10759325652706479,-0.0022385060155726048,0.0026847157849169984,-0.00016543513897035255,0.00019841194344971688
21.031,ARM_NEUTRALIZE,INITIAL_HOLD,NEUTRALIZE_PROFILE,0.013960471376776695,-0.0021721713710576296,-0.1155102327466011,0.3379068937254781,-0.42027623871305664,-0.07767150411699215,0.0966049767306474,0.10974782946650975,-0.13650033731652428,0.08658877385663104,-0.10769595076922354,-0.0021606023971495777,0.002687278258271212,-0.00015967772940770277,0.00019860132115632706
21.031,ARM_NEUTRALIZE,INITIAL_HOLD,NEUTRALIZE_PROFILE,0.013960471376776695,-0.0021721713710576296,-0.1155102327466011,0.3379068937254781,-0.42027623871305664,-0.07767150411699215,0.0966049767306474,0.10974782946650975,-0.13650033731652428,0.08658877385663104,-0.10769595076922354,-0.0021606023971495777,0.002687278258271212,-0.00015967772940770277,0.00019860132115632706
21.053,ARM_NEUTRALIZE,INITIAL_HOLD,NEUTRALIZE_PROFILE,0.013960471376776695,-0.0021721713710576296,-0.1155102327466011,0.3286614191586966,-0.42016118347562925,-0.07554633316247258,0.09657853005698236,0.10674501778988137,-0.13646296884961553,0.08421961737795125,-0.10766646781957198,-0.0021014861290807696,0.002686542586326051,-0.00015530878514070681,0.00019854695186286185
21.092,ARM_NEUTRALIZE,INITIAL_HOLD,NEUTRALIZE_PROFILE,0.013960471376776695,-0.0021721713710576296,-0.1155102327466011,0.3122927382523047,-0.4190693173445351,-0.07178381724457171,0.0963275529793576,0.10142867996409595,-0.13610834472036376,0.0800251364849796,-0.10738667669585543,-0.0019968235375171332,0.0026795611111800456,-0.00014757377336951962,0.00019803099108234008
21.119,ARM_NEUTRALIZE,INITIAL_HOLD,NEUTRALIZE_PROFILE,0.013960471376776695,-0.0021721713710576296,-0.1155102327466011,0.30099580552665606,-0.4176503392436531,-0.06918709674847418,0.09600138572603686,0.09775958096288892,-0.13564747881462455,0.07713029304964718,-0.10702306300176902,-0.0019245900898405563,0.0026704880572021674,-0.00014223541360119642,0.00019736045370818348
21.119,ARM_NEUTRALIZE,INITIAL_HOLD,NEUTRALIZE_PROFILE,0.013960471376776695,-0.0021721713710576296,-0.1155102327466011,0.30099580552665606,-0.4176503392436531,-0.06918709674847418,0.09600138572603686,0.09775958096288892,-0.13564747881462455,0.07713029304964718,-0.10702306300176902,-0.0019245900898405563,0.0026704880572021674,-0.00014223541360119642,0.00019736045370818348
21.16,ARM_NEUTRALIZE,INITIAL_HOLD,NEUTRALIZE_PROFILE,0.013960471376776695,-0.0021721713710576296,-0.1155102327466011,0.2839332079952746,-0.4144652312779219,-0.06526507669202053,0.09526925468323447,0.09221786790849038,-0.13461299655828007,0.07275799574975311,-0.10620687783811943,-0.0018154905425615607,0.002650122234445293,-0.00013417249188459507,0.0001958553325717691
21.169,ARM_NEUTRALIZE,INITIAL_HOLD,NEUTRALIZE_PROFILE,0.013960471376776695,-0.0021721713710576296,-0.1155102327466011,0.28020686600670164,-0.41360090500761937,-0.0644085372354982,0.09507058006987554,0.09100759977638165,-0.13433227446033538,0.07180311915577883,-0.10598539389284552,-0.0017916640282683934,0.002644595666487635,-0.0001324116108881413,0.00019544689563581993
21.175,ARM_NEUTRALIZE,INITIAL_HOLD,NEUTRALIZE_PROFILE,0.013960471376776695,-0.0021721713710576296,-0.1155102327466011,0.27772707460421914,-0.4129918583423795,-0.06383853072866535,0.0949305841969146,0.09020219530252896,-0.13413446390720654,0.0711676716376953,-0.10582932544634785,-0.0017758080532997759,0.0026407013757545126,-0.00013123978673212146,0.00019515909094637834
21.189,ARM_NEUTRALIZE,INITIAL_HOLD,NEUTRALIZE_PROFILE,0.013960471376776695,-0.0021721713710576296,-0.1155102327466011,0.2719556827584393,-0.4114689871020765,-0.0625119147470617,0.09458053599722636,0.08832772118011098,-0.13363985484097066,0.0696887502168786,-0.10543908909459561,-0.0017389053345674018,0.0026309640211356934,-0.00012851251847400492,0.00019443945892244743
21.196,ARM_NEUTRALIZE,INITIAL_HOLD,NEUTRALIZE_PROFILE,0.013960471376776695,-0.0021721713710576296,-0.1155102327466011,0.2690782305323298,-0.4106543203219247,-0.06185050165790383,0.09439327614741713,0.08739316156598942,-0.13337526150913775,0.06895140195699885,-0.1052303304131217,-0.0017205066860258708,0.0026257549797377273,-0.00012715277989963424,0.00019405448855311187
21.229,ARM_NEUTRALIZE,INITIAL_HOLD,NEUTRALIZE_PROFILE,0.013960471376776695,-0.0021721713710576296,-0.1155102327466011,0.25559568751029355,-0.4063395947738244,-0.05875139532036226,0.0934014904532039,0.0830142043448342,-0.13197389393587833,0.06549649502723423,-0.10412468030158117,-0.0016342982797636716,0.002598166296182068,-0.00012078161110616939,0.0001920155672072284
21.251,ARM_NEUTRALIZE,INITIAL_HOLD,NEUTRALIZE_PROFILE,0.013960471376776695,-0.0021721713710576296,-0.1155102327466011,0.24669196330916604,-0.4030329856353631,-0.05670477933298239,0.09264143106974564,0.08012238880810815,-0.13089994965543084,0.06321491221359804,-0.1032773604148342,-0.0015773671895440572,0.002577023585679096,-0.0001165741607992707,0.00019045303075392592
21.259,ARM_NEUTRALIZE,INITIAL_HOLD,NEUTRALIZE_PROFILE,0.013960471376776695,-0.0021721713710576296,-0.1155102327466011,0.24347281648047203,-0.40174626609357483,-0.05596482409442119,0.09234566485708998,0.07907685116521476,-0.1304820396350507,0.06239000457798309,-0.10294763802831393,-0.0015567837197066432,0.002568796202994487,-0.00011505295461561267,0.00018984499209406895
21.294,ARM_NEUTRALIZE,INITIAL_HOLD,NEUTRALIZE_PROFILE,0.013960471376776695,-0.0021721713710576296,-0.1155102327466011,0.22951687578457058,-0.39559538746899464,-0.052756902251610685,0.09093181979123485,0.07454414044525279,-0.12848431306925875,0.058813789308886755,-0.10137147297180564,-0.0014675483726866467,0.0025294670169150792,-0.00010845808199404214,0.0001869383975531678
21.297,ARM_NEUTRALIZE,INITIAL_HOLD,NEUTRALIZE_PROFILE,0.013960471376776695,-0.0021721713710576296,-0.1155102327466011,0.22833093754412676,-0.3950290868143357,-0.05248430169614535,0.09080164954479551,0.07415896290023419,-0.1283003858726601,0.05850989217030647,-0.10122635820726059,-0.0014599653933134705,0.002525846047427083,-0.00010789766748647164,0.0001866707924691132
21.321,ARM_NEUTRALIZE,INITIAL_HOLD,NEUTRALIZE_PROFILE,0.013960471376776695,-0.0021721713710576296,-0.1155102327466011,0.21890645435144995,-0.3902799672497932,-0.050317983699403865,0.08971001375204034,0.07109801151556022,-0.12675793268876942,0.056094864661133226,-0.10000939445887859,-0.0013997045304660369,0.0024954798154678244,-0.00010344413278507464,0.00018442659845344472
21.361,ARM_NEUTRALIZE,INITIAL_HOLD,NEUTRALIZE_PROFILE,0.013960471376776695,-0.0021721713710576296,-0.1155102327466011,0.20346703114843118,-0.38151684457912133,-0.046769067577403955,0.08769571652629103,0.06608348468521158,-0.12391178272760191,0.052138506418589886,-0.09776384084248751,-0.001300983683385154,0.0024394477421353653,-9.61482412652481e-05,0.00018028558932768583
21.398,ARM_NEUTRALIZE,INITIAL_HOLD,NEUTRALIZE_PROFILE,0.013960471376776695,-0.0021721713710576296,-0.1155102327466011,0.18951512310483265,-0.37249686024722384,-0.04356207268274327,0.08562237690765821,0.06155208371904708,-0.1209822073900478,0.04856332451822554,-0.09545246632480883,-0.0012117741214509145,0.0023817732757908513,-8.955527427145606e-05,0.00017602320035559055
21.411,ARM_NEUTRALIZE,INITIAL_HOLD,NEUTRALIZE_PROFILE,0.013960471376776695,-0.0021721713710576296,-0.1155102327466011,0.18469446465954908,-0.3691256866428487,-0.04245399291511459,0.0848474766929735,0.05998639562332245,-0.11988729339833878,0.04732802890363583,-0.0945886017683851,-0.0011809504644432513,0.002360217735178715,-8.727727459436658e-05,0.0001744301539970184
21.416,ARM_NEUTRALIZE,INITIAL_HOLD,NEUTRALIZE_PROFILE,0.013960471376776695,-0.0021721713710576296,-0.1155102327466011,0.18285213987713672,-0.36780170779830956,-0.04203051491102795,0.08454314603211999,0.05938803213978139,-0.1194572820338302,0.04685593245660574,-0.09424933167094253,-0.0011691704995620313,0.0023517521136764484,-8.640668496287434e-05,0.00017380450847274685
21.445,ARM_NEUTRALIZE,INITIAL_HOLD,NEUTRALIZE_PROFILE,0.013960471376776695,-0.0021721713710576296,-0.1155102327466011,0.1723002983093762,-0.3598286236691287,-0.039605061565770094,0.082710447592804,0.05596092919977147,-0.11686772646814125,0.04415201892229326,-0.09220622574022301,-0.0011017012214591475,0.002300771606909461,-8.142041763925281e-05,0.0001700368316547696
21.445,ARM_NEUTRALIZE,INITIAL_HOLD,NEUTRALIZE_PROFILE,0.013960471376776695,-0.0021721713710576296,-0.1155102327466011,0.1723002983093762,-0.3598286236691287,-0.039605061565770094,0.082710447592804,0.05596092919977147,-0.11686772646814125,0.04415201892229326,-0.09220622574022301,-0.0011017012214591475,0.002300771606909461,-8.142041763925281e-05,0.0001700368316547696
21.468,ARM_NEUTRALIZE,INITIAL_HOLD,NEUTRALIZE_PROFILE,0.013960471376776695,-0.0021721713710576296,-0.1155102327466011,0.1641003789565989,-0.3531575735166482,-0.03772022263056424,0.08117703555237371,0.05329770045990784,-0.11470105485506737,0.0420507863766883,-0.09049676652596779,-0.0010492703130076694,0.0022581164044895184,-7.75455499526483e-05,0.00016688443032501633
21.485,ARM_NEUTRALIZE,INITIAL_HOLD,NEUTRALIZE_PROFILE,0.013960471376776695,-0.0021721713710576296,-0.1155102327466011,0.1581400097111645,-0.348035703101794,-0.036350168177749,0.07999971900038513,0.05136184889945755,-0.11303753697106808,0.04052343942319811,-0.08918428522620749,-0.0010111592583985124,0.0022253667752226646,-7.472898052120102e-05,0.00016446409308611747
21.492,ARM_NEUTRALIZE,INITIAL_HOLD,NEUTRALIZE_PROFILE,0.013960471376776695,-0.0021721713710576296,-0.1155102327466011,0.1557112870336621,-0.3458806332773898,-0.035791900362124304,0.0795043532122145,0.05057303089313267,-0.11233759790510373,0.03990107828589154,-0.08863204773968203,-0.0009956298207443458,0.0022115870947393913,-7.358128886499109e-05,0.00016344571594535548
21.529,ARM_NEUTRALIZE,INITIAL_HOLD,NEUTRALIZE_PROFILE,0.013960471376776695,-0.0021721713710576296,-0.1155102327466011,0.14313021426527028,-0.3340582846111359,-0.0329000065787432,0.0767868602573372,0.04648685965978411,-0.10849785053856509,0.036677173461679424,-0.0856025662637931,-0.0009151854838963837,0.002135994097548283,-6.763610937776231e-05,0.00015785907114364492
21.529,ARM_NEUTRALIZE,INITIAL_HOLD,NEUTRALIZE_PROFILE,0.013960471376776695,-0.0021721713710576296,-0.1155102327466011,0.14313021426527028,-0.3340582846111359,-0.0329000065787432,0.0767868602573372,0.04648685965978411,-0.10849785053856509,0.036677173461679424,-0.0856025662637931,-0.0009151854838963837,0.002135994097548283,-6.763610937776231e-05,0.00015785907114364492
21.555,ARM_NEUTRALIZE,INITIAL_HOLD,NEUTRALIZE_PROFILE,0.013960471376776695,-0.0021721713710576296,-0.1155102327466011,0.13455738155495922,-0.32533505974790344,-0.03092944953028544,0.07478173396823443,0.04370251343954837,-0.10566465887404158,0.034480381722156894,-0.08336723647618413,-0.0008603701390537651,0.0020802171338332814,-6.358502167522299e-05,0.00015373691570633858
21.562,ARM_NEUTRALIZE,INITIAL_HOLD,NEUTRALIZE_PROFILE,0.013960471376776695,-0.0021721713710576296,-0.1155102327466011,0.1322884383083487,-0.32293056707195006,-0.030407908721285237,0.07422903567693731,0.04296558974511644,-0.10488371046175973,0.0338989641265931,-0.08275108428626403,-0.0008458623432418041,0.0020648426246532045,-6.251283370717266e-05,0.00015260067392493942
21.576,ARM_NEUTRALIZE,INITIAL_HOLD,NEUTRALIZE_PROFILE,0.013960471376776695,-0.0021721713710576296,-0.1155102327466011,0.12780144896190426,-0.3180527837368813,-0.029376526355412574,0.07310782514401641,0.04150827309737826,-0.10329946893377653,0.03274917134926067,-0.08150115039629419,-0.0008171721918482414,0.0020336537067523826,-6.0392509191689776e-05,0.00015029567991046606
21.611,ARM_NEUTRALIZE,INITIAL_HOLD,NEUTRALIZE_PROFILE,0.013960471376776695,-0.0021721713710576296,-0.1155102327466011,0.1168881666497078,-0.305474257655617,-0.026867991999406482,0.07021651674383815,0.03796377883473129,-0.09921412483177618,0.02995263848263008,-0.0782778981616559,-0.0007473918341155635,0.001953225653615747,-5.523544322957153e-05,0.00014435170385893395
21.667,ARM_NEUTRALIZE,INITIAL_HOLD,NEUTRALIZE_PROFILE,0.013960471376776695,-0.0021721713710576296,-0.1155102327466011,0.10036863625190628,-0.28430848973657824,-0.023070801716730482,0.0653513392035465,0.03259844702697706,-0.09233975460956476,0.02571950234840531,-0.07285416184293932,-0.0006417646994224427,0.0018178901225787884,-4.742914760854917e-05,0.00013434983107906627
21.667,ARM_NEUTRALIZE,INITIAL_HOLD,NEUTRALIZE_PROFILE,0.013960471376776695,-0.0021721713710576296,-0.1155102327466011,0.10036863625190628,-0.28430848973657824,-0.023070801716730482,0.0653513392035465,0.03259844702697706,-0.09233975460956476,0.02571950234840531,-0.07285416184293932,-0.0006417646994224427,0.0018178901225787884,-4.742914760854917e-05,0.00013434983107906627
21.692,ARM_NEUTRALIZE,INITIAL_HOLD,NEUTRALIZE_PROFILE,0.013960471376776695,-0.0021721713710576296,-0.1155102327466011,0.09338318248310873,-0.2744930903855283,-0.021465120651214836,0.06309516495773675,0.030329661147790427,-0.08915183866547671,0.023929477084334294,-0.07033896191508267,-0.0005970991763499744,0.0017551297120614229,-4.412817501107903e-05,0.0001297115691474266
21.729,ARM_NEUTRALIZE,INITIAL_HOLD,NEUTRALIZE_PROFILE,0.013960471376776695,-0.0021721713710576296,-0.1155102327466011,0.08350106388012446,-0.2596087388196757,-0.01919361027362579,0.05967383797272084,0.027120075645550745,-0.08431759199072293,0.021397180322039216,-0.06652484099695408,-0.0005339121578576242,0.0016599580352760271,-3.945838493114027e-05,0.00012267797644519482
21.74,ARM_NEUTRALIZE,INITIAL_HOLD,NEUTRALIZE_PROFILE,0.013960471376776695,-0.0021721713710576296,-0.1155102327466011,0.08067008220611549,-0.2551099644353293,-0.01854287893658904,0.0586397466901705,0.026200609071322267,-0.0828564477136764,0.020671740159335178,-0.06537202829904372,-0.0005158106455631769,0.0016311925294531398,-3.8120605992342346e-05,0.00012055208291609275
21.752,ARM_NEUTRALIZE,INITIAL_HOLD,NEUTRALIZE_PROFILE,0.013960471376776695,-0.0021721713710576296,-0.1155102327466011,0.07763838235160547,-0.25016749947842765,-0.017846010384619304,0.057503668396485394,0.025215951803877673,-0.08125119842369027,0.019894865884267504,-0.06410551971814699,-0.0004964257259456031,0.0015995900323392898,-3.668797778024342e-05,0.00011821652363438024
21.755,ARM_NEUTRALIZE,INITIAL_HOLD,NEUTRALIZE_PROFILE,0.013960471376776695,-0.0021721713710576296,-0.1155102327466011,0.07688974082948574,-0.24892649928952554,-0.017673927144687795,0.05721841126479809,0.024972802629869145,-0.08084813746332353,0.019703026201022766,-0.06378751293370954,-0.000491638855072789,0.001591654982676813,-3.6334207612744225e-05,0.00011763008963129236
21.771,ARM_NEUTRALIZE,INITIAL_HOLD,NEUTRALIZE_PROFILE,0.013960471376776695,-0.0021721713710576296,-0.1155102327466011,0.07296006433066016,-0.2422737117002329,-0.01677064908192963,0.05568919706933091,0.023696494054164158,-0.07868739729677407,0.018696045059161365,-0.06208273350842365,-0.0004665122044449311,0.0015491165524758879,-3.447724099770659e-05,0.0001144863182664115
21.771,ARM_NEUTRALIZE,INITIAL_HOLD,NEUTRALIZE_PROFILE,0.013960471376776695,-0.0021721713710576296,-0.1155102327466011,0.07296006433066016,-0.2422737117002329,-0.01677064908192963,0.05568919706933091,0.023696494054164158,-0.07868739729677407,0.018696045059161365,-0.06208273350842365,-0.0004665122044449311,0.0015491165524758879,-3.447724099770659e-05,0.0001144863182664115
21.793,ARM_NEUTRALIZE,INITIAL_HOLD,NEUTRALIZE_PROFILE,0.013960471376776695,-0.0021721713710576296,-0.1155102327466011,0.06773143677419224,-0.23304063930326663,-0.015568793262118047,0.05356687688584252,0.021998302818452553,-0.07568861368599214,0.017356207200051654,-0.05971675509061627,-0.0004330799618891311,0.0014900795848248288,-3.200645572626543e-05,0.00011012323463840399
21.826999999999998,ARM_NEUTRALIZE,INITIAL_HOLD,NEUTRALIZE_PROFILE,0.013960471376776695,-0.0021721713710576296,-0.1155102327466011,0.060052874184165494,-0.21861085321894708,-0.013803793740361114,0.050250036625797134,0.01950440407496376,-0.0710020040552733,0.015388572529088235,-0.05601911675515872,-0.0003839826482600313,0.0013978144343261081,-2.8377954910633967e-05,0.00010330444662144534
21.857,ARM_NEUTRALIZE,INITIAL_HOLD,NEUTRALIZE_PROFILE,0.013960471376776695,-0.0021721713710576296,-0.1155102327466011,0.053687098347043105,-0.2057594525887045,-0.012340552257804699,0.04729600509966927,0.017436881648025288,-0.06682803379611811,0.013757339977702593,-0.05272594031047485,-0.0003432793930474359,0.0013156416005543595,-2.5369810802109392e-05,9.723152384167807e-05
21.859,ARM_NEUTRALIZE,INITIAL_HOLD,NEUTRALIZE_PROFILE,0.013960471376776695,-0.0021721713710576296,-0.1155102327466011,0.053276439007446386,-0.2048998387433546,-0.012246157827923432,0.047098413687455105,0.01730350475632003,-0.06654884223341753,0.01365210836109837,-0.05250566392594065,-0.0003406536059740728,0.001310145164200519,-2.5175753941700577e-05,9.682531375972452e-05
21.867,ARM_NEUTRALIZE,INITIAL_HOLD,NEUTRALIZE_PROFILE,0.013960471376776695,-0.0021721713710576296,-0.1155102327466011,0.05165100217530738,-0.20145868481556398,-0.01187253383284162,0.04630742774892395,0.016775583700033153,-0.06543119952932404,0.013235589536268855,-0.05162386688423426,-0.00033026043915461174,0.0012881421640741427,-2.4407654599926075e-05,9.519919823519659e-05
21.882,ARM_NEUTRALIZE,INITIAL_HOLD,NEUTRALIZE_PROFILE,0.013960471376776695,-0.0021721713710576296,-0.1155102327466011,0.04867756988264682,-0.1949972645405606,-0.011189058701527449,0.04482220137204136,0.015809850990092494,-0.06333261301445813,0.012473646346745276,-0.04996812540818301,-0.0003112480867623465,0.0012468273510460753,-2.3002560694309227e-05,9.214585739658192e-05
21.888,ARM_NEUTRALIZE,INITIAL_HOLD,NEUTRALIZE_PROFILE,0.013960471376776695,-0.0021721713710576296,-0.1155102327466011,0.0475153465945829,-0.19241033378102126,-0.010921909280843967,0.04422756774108865,0.015432375757746197,-0.06249241105021455,0.012175826174000204,-0.04930522338789308,-0.00030381674259967375,0.0012302863188738773,-2.245335267532885e-05,9.092340459230804e-05
21.908,ARM_NEUTRALIZE,INITIAL_HOLD,NEUTRALIZE_PROFILE,0.013960471376776695,-0.0021721713710576296,-0.1155102327466011,0.04375340472246869,-0.18378350734207025,-0.01005718681133086,0.042244599658129295,0.014210545239606104,-0.05969052835874051,0.01121182709592597,-0.047094595734260176,-0.0002797625999415758,0.0011751257340207794,-2.0675648972157373e-05,8.684680218097886e-05
21.913,ARM_NEUTRALIZE,INITIAL_HOLD,NEUTRALIZE_PROFILE,0.013960471376776695,-0.0021721713710576296,-0.1155102327466011,0.04283987858600391,-0.18162701574041243,-0.009847203083898942,0.04174890705929021,0.013913843655531916,-0.05899012751774146,0.010977735665679111,-0.04654199391675664,-0.00027392144429499044,0.0011613369625855328,-2.0243962664674676e-05,8.582775318010452e-05
21.951,ARM_NEUTRALIZE,INITIAL_HOLD,NEUTRALIZE_PROFILE,0.013960471376776695,-0.0021721713710576296,-0.1155102327466011,0.036249073504934115,-0.16527057246759086,-0.008332236229140172,0.03798920409200945,0.011773234613468714,-0.053677764318538365,0.009288839282400457,-0.04235064892218019,-0.0002317793349692369,0.0010567526193823722,-1.7129481102280252e-05,7.809852429638757e-05
21.982,ARM_NEUTRALIZE,INITIAL_HOLD,NEUTRALIZE_PROFILE,0.013960471376776695,-0.0021721713710576296,-0.1155102327466011,0.03133139636344806,-0.15201770740449624,-0.007201855679250302,0.034942891683401485,0.010176036088322182,-0.049373403555573826,0.008028682588911956,-0.03895459705934653,-0.000200335333033797,0.0009720127914708259,-1.4805635290035264e-05,7.183588970468003e-05
21.984,ARM_NEUTRALIZE,INITIAL_HOLD,NEUTRALIZE_PROFILE,0.013960471376776695,-0.0021721713710576296,-0.1155102327466011,0.031028211841504172,-0.151166913300788,-0.007132165482685415,0.03474732758288753,0.01007756564031112,-0.049097076531950744,0.007950991436423221,-0.03873658073706221,-0.00019839674812459785,0.0009665727492163279,-1.4662365599613168e-05,7.143384738711796e-05
21.998,ARM_NEUTRALIZE,INITIAL_HOLD,NEUTRALIZE_PROFILE,0.013960471376776695,-0.0021721713710576296,-0.1155102327466011,0.028953477736321953,-0.1452290084967405,-0.006655265716552644,0.03338243682156268,0.009403718586605048,-0.04716852113422511,0.007419340009411468,-0.0372149903054755,-0.00018513074034451783,0.000928605333955206,-1.3681951061786759e-05,6.862789351593209e-05
22.006,ARM_NEUTRALIZE,INITIAL_HOLD,NEUTRALIZE_PROFILE,0.013960471376776695,-0.0021721713710576296,-0.1155102327466011,0.027805165033602752,-0.14185113404595948,-0.006391313792300679,0.03260599634585084,0.009030761334141768,-0.04607143079346168,0.007125084429608963,-0.03634940865453591,-0.0001777883415232974,0.0009070069476211378,-1.3139316482779935e-05,6.703168067582591e-05
22.037,ARM_NEUTRALIZE,INITIAL_HOLD,NEUTRALIZE_PROFILE,0.013960471376776695,-0.0021721713710576296,-0.1155102327466011,0.023609275322540424,-0.1288870470221054,-0.005426843782902174,0.02962606265007847,0.007667990118103568,-0.04186086143751708,0.006049886047850839,-0.033027356277356056,-0.0001509595033544562,0.000824113588471884,-1.1156550950769503e-05,6.09055079985243e-05
22.075,ARM_NEUTRALIZE,INITIAL_HOLD,NEUTRALIZE_PROFILE,0.013960471376776695,-0.0021721713710576296,-0.1155102327466011,0.019008413612273234,-0.11333370169703569,-0.004369286639480718,0.02605096031307022,0.0061736891856472575,-0.03680933416161532,0.004870913432691332,-0.029041805446420144,-0.00012154124339959146,0.0007246643146718003,-8.982416108136923e-06,5.3555782638322854e-05
22.075,ARM_NEUTRALIZE,INITIAL_HOLD,NEUTRALIZE_PROFILE,0.013960471376776695,-0.0021721713710576296,-0.1155102327466011,0.019008413612273234,-0.11333370169703569,-0.004369286639480718,0.02605096031307022,0.0061736891856472575,-0.03680933416161532,0.004870913432691332,-0.029041805446420144,-0.00012154124339959146,0.0007246643146718003,-8.982416108136923e-06,5.3555782638322854e-05
22.117,ARM_NEUTRALIZE,INITIAL_HOLD,NEUTRALIZE_PROFILE,0.013960471376776695,-0.0021721713710576296,-0.1155102327466011,0.014599949362195552,-0.096703238113357,-0.0033559541046680463,0.022228270854249655,0.004741876483063623,-0.03140797267647983,0.0037412427420568384,-0.024780242639867927,-9.335318744887675e-05,0.0006183278647448669,-6.899198586687665e-06,4.569706559718226e-05
22.161,ARM_NEUTRALIZE,INITIAL_HOLD,NEUTRALIZE_PROFILE,0.013960471376776695,-0.0021721713710576296,-0.1155102327466011,0.010714096841940912,-0.08007715318745552,-0.0024627494508731307,0.01840658787662815,0.003479801374079966,-0.026008033323286443,0.002745491511867676,-0.020519801866085992,-6.850675067551857e-05,0.000512019412289028,-5.062940970258106e-06,3.7840417688529635e-05
22.194,ARM_NEUTRALIZE,INITIAL_HOLD,NEUTRALIZE_PROFILE,0.013960471376776695,-0.0021721713710576296,-0.1155102327466011,0.008268307070807612,-0.06825294731712864,-0.0019005585817155057,0.01568866802358311,0.0026854401944250983,-0.022167682760661347,0.0021187569251339133,-0.017489844480926005,-5.2868184725668975e-05,0.00043641453999372176,-3.907184267701888e-06,3.225289526598644e-05
22.194,ARM_NEUTRALIZE,INITIAL_HOLD,NEUTRALIZE_PROFILE,0.013960471376776695,-0.0021721713710576296,-0.1155102327466011,0.008268307070807612,-0.06825294731712864,-0.0019005585817155057,0.01568866802358311,0.0026854401944250983,-0.022167682760661347,0.0021187569251339133,-0.017489844480926005,-5.2868184725668975e-05,0.00043641453999372176,-3.907184267701888e-06,3.225289526598644e-05
22.217,ARM_NEUTRALIZE,INITIAL_HOLD,NEUTRALIZE_PROFILE,0.013960471376776695,-0.0021721713710576296,-0.1155102327466011,0.006789567137898134,-0.060387599251553264,-0.001560654433798797,0.013880733867752508,0.002205164411374305,-0.019613118488004656,0.0017398292381850533,-0.015474345958699657,-4.3413009045232404e-05,0.0003861229058174031,-3.208406470456618e-06,2.8536129069636878e-05
22.218,ARM_NEUTRALIZE,INITIAL_HOLD,NEUTRALIZE_PROFILE,0.013960471376776695,-0.0021721713710576296,-0.1155102327466011,0.006729346813329928,-0.06005315752961461,-0.001546812149801402,0.013803858870335155,0.002185605621560144,-0.019504496101935113,0.0017243977564294632,-0.015388645136470517,-4.3027955706472464e-05,0.00038398445999239864,-3.1799493869528604e-06,2.837808880538068e-05
22.238,ARM_NEUTRALIZE,INITIAL_HOLD,NEUTRALIZE_PROFILE,0.013960471376776695,-0.0021721713710576296,-0.1155102327466011,0.005594228899261977,-0.053503349015945605,-0.0012858931884752456,0.012298315513920955,0.0018169338673854063,-0.017377202219672892,0.0014335233463865227,-0.0137102541396444,-3.576992536816464e-05,0.00034210448583892386,-2.6435499985591015e-06,2.5282980149895294e-05
22.27,ARM_NEUTRALIZE,INITIAL_HOLD,NEUTRALIZE_PROFILE,0.013960471376776695,-0.0021721713710576296,-0.1155102327466011,0.004042423475855372,-0.04360962844626994,-0.0009291941581476282,0.010024138300524874,0.0013129273492124283,-0.014163848547308337,0.001035872598882076,-0.011174984368840813,-2.58475633803509e-05,0.00027884328348850386,-1.910245141235206e-06,2.06077075665441e-05
22.276,ARM_NEUTRALIZE,INITIAL_HOLD,NEUTRALIZE_PROFILE,0.013960471376776695,-0.0021721713710576296,-0.1155102327466011,0.003786088075618088,-0.04184018311154218,-0.0008702727319661319,0.009617412414924106,0.0012296728956518177,-0.013589155374567743,0.0009701865521788144,-0.010721563308822762,-2.4208535321109878e-05,0.00026752931534275816,-1.7891139792591154e-06,1.9771557080694814e-05
22.289,ARM_NEUTRALIZE,INITIAL_HOLD,NEUTRALIZE_PROFILE,0.013960471376776695,-0.0021721713710576296,-0.1155102327466011,0.003266595948614004,-0.03810430663009356,-0.0007508619249343984,0.008758681353505894,0.0010609485090757875,-0.012375790561338858,0.0008370664911776515,-0.009764243497314962,-2.0886863121616188e-05,0.00024364183677645743,-1.5436282409522165e-06,1.800617056452036e-05
22.291,ARM_NEUTRALIZE,INITIAL_HOLD,NEUTRALIZE_PROFILE,0.013960471376776695,-0.0021721713710576296,-0.1155102327466011,0.003190950479415866,-0.0375417105080926,-0.0007334740068973555,0.008629362633415792,0.0010363798299288796,-0.012193066549481194,0.0008176823100694564,-0.009620078020714372,-2.040318023405728e-05,0.00024004455435223482,-1.5078820132609686e-06,1.7740316055474225e-05
22.316,ARM_NEUTRALIZE,INITIAL_HOLD,NEUTRALIZE_PROFILE,0.013960471376776695,-0.0021721713710576296,-0.1155102327466011,0.0023378684547521456,-0.030794005620106216,-0.0005373840033455757,0.007078330684321332,0.0007593097188946796,-0.010001498460495422,0.0005990797071442622,-0.00789097600046434,-1.4948508838832919e-05,0.0001968992157191448,-1.1047585398243041e-06,1.45516915697534e-05
22.354,ARM_NEUTRALIZE,INITIAL_HOLD,NEUTRALIZE_PROFILE,0.013960471376776695,-0.0021721713710576296,-0.1155102327466011,0.001346409977822094,-0.021613409342673147,-0.00030948669612088087,0.004968072696692358,0.00043729670918782326,-0.007019758420959114,0.00034501808413137103,-0.005538444608839338,-8.60904787574994e-06,0.0001381977843704278,-6.362453448054378e-07,1.02134055051303e-05
22.367,ARM_NEUTRALIZE,INITIAL_HOLD,NEUTRALIZE_PROFILE,0.013960471376776695,-0.0021721713710576296,-0.1155102327466011,0.0010839562184935536,-0.018792347679465502,-0.0002491588998351779,0.004319621579959192,0.0003520550909891784,-0.006103513739133384,0.00027776420551478553,-0.004815546452788253,-6.930898562801033e-06,0.00012015970138007286,-5.122229553772891e-07,8.880314262351225e-06
22.367,ARM_NEUTRALIZE,INITIAL_HOLD,NEUTRALIZE_PROFILE,0.013960471376776695,-0.0021721713710576296,-0.1155102327466011,0.0010839562184935536,-0.018792347679465502,-0.0002491588998351779,0.004319621579959192,0.0003520550909891784,-0.006103513739133384,0.00027776420551478553,-0.004815546452788253,-6.930898562801033e-06,0.00012015970138007286,-5.122229553772891e-07,8.880314262351225e-06
22.406,ARM_NEUTRALIZE,INITIAL_HOLD,NEUTRALIZE_PROFILE,0.013960471376776695,-0.0021721713710576296,-0.1155102327466011,0.0005007545164860128,-0.011387326758641132,-0.0001151037673722266,0.0026174985288518267,0.00016263865076557305,-0.0036984578249003638,0.00012831854096745365,-0.0029180069416890825,-3.201862491690466e-06,7.281143400357465e-05,-2.3663129006213854e-07,5.381075422274795e-06
22.442,ARM_NEUTRALIZE,INITIAL_HOLD,NEUTRALIZE_PROFILE,0.013960471376776695,-0.0021721713710576296,-0.1155102327466011,0.00019113020341121612,-0.006067809505117131,-4.393331611990403e-05,0.0013947507426134932,6.207664110849387e-05,-0.0019707467801585456,4.8977189479298966e-05,-0.001554878562112295,-1.2221010678567165e-06,3.879803580702907e-05,-9.031847964229706e-08,2.8673402710828616e-06
22.467,ARM_NEUTRALIZE,INITIAL_HOLD,NEUTRALIZE_PROFILE,0.013960471376776695,-0.0021721713710576296,-0.1155102327466011,7.567277582620768e-05,-0.0033000592292825193,-1.7394194756825687e-05,0.0007585538169628903,2.4577547989845794e-05,-0.0010718169538704847,1.9391178442323964e-05,-0.0008456414699546771,-4.838574882166241e-07,2.110082988515777e-05,-3.575913142434299e-08,1.55944129707773e-06
22.467,ARM_NEUTRALIZE,INITIAL_HOLD,NEUTRALIZE_PROFILE,0.013960471376776695,-0.0021721713710576296,-0.1155102327466011,7.567277582620768e-05,-0.0033000592292825193,-1.7394194756825687e-05,0.0007585538169628903,2.4577547989845794e-05,-0.0010718169538704847,1.9391178442323964e-05,-0.0008456414699546771,-4.838574882166241e-07,2.110082988515777e-05,-3.575913142434299e-08,1.55944129707773e-06
22.496,ARM_NEUTRALIZE,INITIAL_HOLD,NEUTRALIZE_PROFILE,0.013960471376776695,-0.0021721713710576296,-0.1155102327466011,1.4487170188370868e-05,-0.0011070876501384245,-3.3300306085115583e-06,0.00025447590615140575,4.705247252462241e-06,-0.0003595678836034049,3.712343034617538e-06,-0.0002836916439330908,-9.263206882798025e-08,7.0788026973106365e-06,-6.8459048459387425e-09,5.231537015430942e-07
22.501,ARM_NEUTRALIZE,INITIAL_HOLD,NEUTRALIZE_PROFILE,0.013960471376776695,-0.0021721713710576296,-0.1155102327466011,9.623245119105839e-06,-0.0008442597887630141,-2.2120055458152432e-06,0.00019406211851952235,3.1255067116375823e-06,-0.00027420476185333476,2.465960330683137e-06,-0.00021634190152047713,-6.153176173358949e-08,5.398261347400344e-06,-4.547459547864317e-09,3.9895453038441593e-07
22.519,ARM_NEUTRALIZE,INITIAL_HOLD,NEUTRALIZE_PROFILE,0.013960471376776695,-0.0021721713710576296,-0.1155102327466011,1.011990239385696e-06,-0.00018924027923439008,-2.3261675183294805e-07,4.3498896887247504e-05,3.2868146307429846e-07,-6.146281795151364e-05,2.5932289515750995e-07,-4.849289566878346e-05,-6.470742614471392e-09,1.2100167488244697e-06,-4.782154687976888e-10,8.942539694137249e-08
22.519,ARM_NEUTRALIZE,INITIAL_HOLD,NEUTRALIZE_PROFILE,0.013960471376776695,-0.0021721713710576296,-0.1155102327466011,1.011990239385696e-06,-0.00018924027923439008,-2.3261675183294805e-07,4.3498896887247504e-05,3.2868146307429846e-07,-6.146281795151364e-05,2.5932289515750995e-07,-4.849289566878346e-05,-6.470742614471392e-09,1.2100167488244697e-06,-4.782154687976888e-10,8.942539694137249e-08
22.542,ARM_NEUTRALIZE,INITIAL_HOLD,NEUTRALIZE_PROFILE,0.013960471376776695,-0.0021721713710576296,-0.1155102327466011,0.0,-0.0,0.0,0.0,0.0,-0.0,0.0,-0.0,0.0,0.0,0.0,0.0
22.589,ARM_NEUTRALIZE,INITIAL_HOLD,NEUTRALIZE_PROFILE,0.013960471376776695,-0.0021721713710576296,-0.1155102327466011,0.0,-0.0,0.0,0.0,0.0,-0.0,0.0,-0.0,0.0,0.0,0.0,0.0
22.622,ARM_NEUTRALIZE,INITIAL_HOLD,NEUTRALIZE_PROFILE,0.013960471376776695,-0.0021721713710576296,-0.1155102327466011,0.0,-0.0,0.0,0.0,0.0,-0.0,0.0,-0.0,0.0,0.0,0.0,0.0
22.622,ARM_NEUTRALIZE,INITIAL_HOLD,NEUTRALIZE_PROFILE,0.013960471376776695,-0.0021721713710576296,-0.1155102327466011,0.0,-0.0,0.0,0.0,0.0,-0.0,0.0,-0.0,0.0,0.0,0.0,0.0
22.656,ARM_NEUTRALIZE,INITIAL_HOLD,NEUTRALIZE_PROFILE,0.013960471376776695,-0.0021721713710576296,-0.1155102327466011,0.0,-0.0,0.0,0.0,0.0,-0.0,0.0,-0.0,0.0,0.0,0.0,0.0
22.696,ARM_NEUTRALIZE,INITIAL_HOLD,NEUTRALIZE_PROFILE,0.013960471376776695,-0.0021721713710576296,-0.1155102327466011,0.0,-0.0,0.0,0.0,0.0,-0.0,0.0,-0.0,0.0,0.0,0.0,0.0
22.717,ARM_NEUTRALIZE,INITIAL_HOLD,NEUTRALIZE_PROFILE,0.013960471376776695,-0.0021721713710576296,-0.1155102327466011,0.0,-0.0,0.0,0.0,0.0,-0.0,0.0,-0.0,0.0,0.0,0.0,0.0
22.718,ARM_NEUTRALIZE,INITIAL_HOLD,NEUTRALIZE_PROFILE,0.013960471376776695,-0.0021721713710576296,-0.1155102327466011,0.0,-0.0,0.0,0.0,0.0,-0.0,0.0,-0.0,0.0,0.0,0.0,0.0
22.751,ARM_NEUTRALIZE,INITIAL_HOLD,NEUTRALIZE_PROFILE,0.013960471376776695,-0.0021721713710576296,-0.1155102327466011,0.0,-0.0,0.0,0.0,0.0,-0.0,0.0,-0.0,0.0,0.0,0.0,0.0
22.759,ARM_NEUTRALIZE,INITIAL_HOLD,NEUTRALIZE_PROFILE,0.013960471376776695,-0.0021721713710576296,-0.1155102327466011,0.0,-0.0,0.0,0.0,0.0,-0.0,0.0,-0.0,0.0,0.0,0.0,0.0
22.772,ARM_NEUTRALIZE,INITIAL_HOLD,NEUTRALIZE_PROFILE,0.013960471376776695,-0.0021721713710576296,-0.1155102327466011,0.0,-0.0,0.0,0.0,0.0,-0.0,0.0,-0.0,0.0,0.0,0.0,0.0
22.809,ARM_NEUTRALIZE,INITIAL_HOLD,NEUTRALIZE_PROFILE,0.013960471376776695,-0.0021721713710576296,-0.1155102327466011,0.0,-0.0,0.0,0.0,0.0,-0.0,0.0,-0.0,0.0,0.0,0.0,0.0
22.84,ARM_NEUTRALIZE,INITIAL_HOLD,NEUTRALIZE_PROFILE,0.013960471376776695,-0.0021721713710576296,-0.1155102327466011,0.0,-0.0,0.0,0.0,0.0,-0.0,0.0,-0.0,0.0,0.0,0.0,0.0
22.86,ARM_NEUTRALIZE,INITIAL_HOLD,NEUTRALIZE_PROFILE,0.013960471376776695,-0.0021721713710576296,-0.1155102327466011,0.0,-0.0,0.0,0.0,0.0,-0.0,0.0,-0.0,0.0,0.0,0.0,0.0
22.867,ARM_NEUTRALIZE,INITIAL_HOLD,NEUTRALIZE_PROFILE,0.013960471376776695,-0.0021721713710576296,-0.1155102327466011,0.0,-0.0,0.0,0.0,0.0,-0.0,0.0,-0.0,0.0,0.0,0.0,0.0
22.901,ARM_NEUTRALIZE,INITIAL_HOLD,NEUTRALIZE_PROFILE,0.013960471376776695,-0.0021721713710576296,-0.1155102327466011,0.0,-0.0,0.0,0.0,0.0,-0.0,0.0,-0.0,0.0,0.0,0.0,0.0
22.946,ARM_NEUTRALIZE,INITIAL_HOLD,NEUTRALIZE_PROFILE,0.013960471376776695,-0.0021721713710576296,-0.1155102327466011,0.0,-0.0,0.0,0.0,0.0,-0.0,0.0,-0.0,0.0,0.0,0.0,0.0
22.946,ARM_NEUTRALIZE,INITIAL_HOLD,NEUTRALIZE_PROFILE,0.013960471376776695,-0.0021721713710576296,-0.1155102327466011,0.0,-0.0,0.0,0.0,0.0,-0.0,0.0,-0.0,0.0,0.0,0.0,0.0
22.957,ARM_NEUTRALIZE,INITIAL_HOLD,NEUTRALIZE_PROFILE,0.013960471376776695,-0.0021721713710576296,-0.1155102327466011,0.0,-0.0,0.0,0.0,0.0,-0.0,0.0,-0.0,0.0,0.0,0.0,0.0
22.961,ARM_NEUTRALIZE,INITIAL_HOLD,NEUTRALIZE_PROFILE,0.013960471376776695,-0.0021721713710576296,-0.1155102327466011,0.0,-0.0,0.0,0.0,0.0,-0.0,0.0,-0.0,0.0,0.0,0.0,0.0
22.996,ARM_NEUTRALIZE,INITIAL_HOLD,NEUTRALIZE_PROFILE,0.013960471376776695,-0.0021721713710576296,-0.1155102327466011,0.0,-0.0,0.0,0.0,0.0,-0.0,0.0,-0.0,0.0,0.0,0.0,0.0
23.014,ARM_NEUTRALIZE,INITIAL_HOLD,NEUTRALIZE_PROFILE,0.013960471376776695,-0.0021721713710576296,-0.1155102327466011,0.0,-0.0,0.0,0.0,0.0,-0.0,0.0,-0.0,0.0,0.0,0.0,0.0
23.015,ARM_NEUTRALIZE,INITIAL_HOLD,NEUTRALIZE_PROFILE,0.013960471376776695,-0.0021721713710576296,-0.1155102327466011,0.0,-0.0,0.0,0.0,0.0,-0.0,0.0,-0.0,0.0,0.0,0.0,0.0
23.047,ARM_NEUTRALIZE,INITIAL_HOLD,NEUTRALIZE_PROFILE,0.013960471376776695,-0.0021721713710576296,-0.1155102327466011,0.0,-0.0,0.0,0.0,0.0,-0.0,0.0,-0.0,0.0,0.0,0.0,0.0
23.087,ARM_NEUTRALIZE,INITIAL_HOLD,NEUTRALIZE_PROFILE,0.013960471376776695,-0.0021721713710576296,-0.1155102327466011,0.0,-0.0,0.0,0.0,0.0,-0.0,0.0,-0.0,0.0,0.0,0.0,0.0
23.091,ARM_NEUTRALIZE,INITIAL_HOLD,NEUTRALIZE_PROFILE,0.013960471376776695,-0.0021721713710576296,-0.1155102327466011,0.0,-0.0,0.0,0.0,0.0,-0.0,0.0,-0.0,0.0,0.0,0.0,0.0
23.108,ARM_NEUTRALIZE,INITIAL_HOLD,NEUTRALIZE_PROFILE,0.013960471376776695,-0.0021721713710576296,-0.1155102327466011,0.0,-0.0,0.0,0.0,0.0,-0.0,0.0,-0.0,0.0,0.0,0.0,0.0
23.141,ARM_NEUTRALIZE,INITIAL_HOLD,NEUTRALIZE_PROFILE,0.013960471376776695,-0.0021721713710576296,-0.1155102327466011,0.0,-0.0,0.0,0.0,0.0,-0.0,0.0,-0.0,0.0,0.0,0.0,0.0
23.148,ARM_NEUTRALIZE,INITIAL_HOLD,NEUTRALIZE_PROFILE,0.013960471376776695,-0.0021721713710576296,-0.1155102327466011,0.0,-0.0,0.0,0.0,0.0,-0.0,0.0,-0.0,0.0,0.0,0.0,0.0
23.155,ARM_NEUTRALIZE,INITIAL_HOLD,NEUTRALIZE_PROFILE,0.013960471376776695,-0.0021721713710576296,-0.1155102327466011,0.0,-0.0,0.0,0.0,0.0,-0.0,0.0,-0.0,0.0,0.0,0.0,0.0
23.196,ARM_NEUTRALIZE,INITIAL_HOLD,NEUTRALIZE_PROFILE,0.013960471376776695,-0.0021721713710576296,-0.1155102327466011,0.0,-0.0,0.0,0.0,0.0,-0.0,0.0,-0.0,0.0,0.0,0.0,0.0
23.231,ARM_NEUTRALIZE,INITIAL_HOLD,NEUTRALIZE_PROFILE,0.013960471376776695,-0.0021721713710576296,-0.1155102327466011,0.0,-0.0,0.0,0.0,0.0,-0.0,0.0,-0.0,0.0,0.0,0.0,0.0
23.264,ARM_NEUTRALIZE,INITIAL_HOLD,NEUTRALIZE_PROFILE,0.013960471376776695,-0.0021721713710576296,-0.1155102327466011,0.0,-0.0,0.0,0.0,0.0,-0.0,0.0,-0.0,0.0,0.0,0.0,0.0
23.267,ARM_NEUTRALIZE,INITIAL_HOLD,NEUTRALIZE_PROFILE,0.013960471376776695,-0.0021721713710576296,-0.1155102327466011,0.0,-0.0,0.0,0.0,0.0,-0.0,0.0,-0.0,0.0,0.0,0.0,0.0
23.289,ARM_NEUTRALIZE,INITIAL_HOLD,NEUTRALIZE_PROFILE,0.013960471376776695,-0.0021721713710576296,-0.1155102327466011,0.0,-0.0,0.0,0.0,0.0,-0.0,0.0,-0.0,0.0,0.0,0.0,0.0
23.311,ARM_NEUTRALIZE,INITIAL_HOLD,NEUTRALIZE_PROFILE,0.013960471376776695,-0.0021721713710576296,-0.1155102327466011,0.0,-0.0,0.0,0.0,0.0,-0.0,0.0,-0.0,0.0,0.0,0.0,0.0
23.312,ARM_NEUTRALIZE,INITIAL_HOLD,NEUTRALIZE_PROFILE,0.013960471376776695,-0.0021721713710576296,-0.1155102327466011,0.0,-0.0,0.0,0.0,0.0,-0.0,0.0,-0.0,0.0,0.0,0.0,0.0
23.316,ARM_NEUTRALIZE,INITIAL_HOLD,NEUTRALIZE_PROFILE,0.013960471376776695,-0.0021721713710576296,-0.1155102327466011,0.0,-0.0,0.0,0.0,0.0,-0.0,0.0,-0.0,0.0,0.0,0.0,0.0
23.335,ARM_NEUTRALIZE,INITIAL_HOLD,NEUTRALIZE_PROFILE,0.013960471376776695,-0.0021721713710576296,-0.1155102327466011,0.0,-0.0,0.0,0.0,0.0,-0.0,0.0,-0.0,0.0,0.0,0.0,0.0
23.342,ARM_NEUTRALIZE,INITIAL_HOLD,NEUTRALIZE_PROFILE,0.013960471376776695,-0.0021721713710576296,-0.1155102327466011,0.0,-0.0,0.0,0.0,0.0,-0.0,0.0,-0.0,0.0,0.0,0.0,0.0
23.355,ARM_NEUTRALIZE,INITIAL_HOLD,NEUTRALIZE_PROFILE,0.013960471376776695,-0.0021721713710576296,-0.1155102327466011,0.0,-0.0,0.0,0.0,0.0,-0.0,0.0,-0.0,0.0,0.0,0.0,0.0
23.398,ARM_NEUTRALIZE,INITIAL_HOLD,NEUTRALIZE_PROFILE,0.013960471376776695,-0.0021721713710576296,-0.1155102327466011,0.0,-0.0,0.0,0.0,0.0,-0.0,0.0,-0.0,0.0,0.0,0.0,0.0
23.414,ARM_NEUTRALIZE,INITIAL_HOLD,NEUTRALIZE_PROFILE,0.013960471376776695,-0.0021721713710576296,-0.1155102327466011,0.0,-0.0,0.0,0.0,0.0,-0.0,0.0,-0.0,0.0,0.0,0.0,0.0
23.428,ARM_NEUTRALIZE,INITIAL_HOLD,NEUTRALIZE_PROFILE,0.013960471376776695,-0.0021721713710576296,-0.1155102327466011,0.0,-0.0,0.0,0.0,0.0,-0.0,0.0,-0.0,0.0,0.0,0.0,0.0
23.433,ARM_NEUTRALIZE,INITIAL_HOLD,NEUTRALIZE_PROFILE,0.013960471376776695,-0.0021721713710576296,-0.1155102327466011,0.0,-0.0,0.0,0.0,0.0,-0.0,0.0,-0.0,0.0,0.0,0.0,0.0
23.453,ARM_NEUTRALIZE,INITIAL_HOLD,NEUTRALIZE_PROFILE,0.013960471376776695,-0.0021721713710576296,-0.1155102327466011,0.0,-0.0,0.0,0.0,0.0,-0.0,0.0,-0.0,0.0,0.0,0.0,0.0
23.481,ARM_NEUTRALIZE,INITIAL_HOLD,NEUTRALIZE_PROFILE,0.013960471376776695,-0.0021721713710576296,-0.1155102327466011,0.0,-0.0,0.0,0.0,0.0,-0.0,0.0,-0.0,0.0,0.0,0.0,0.0
23.481,ARM_NEUTRALIZE,INITIAL_HOLD,NEUTRALIZE_PROFILE,0.013960471376776695,-0.0021721713710576296,-0.1155102327466011,0.0,-0.0,0.0,0.0,0.0,-0.0,0.0,-0.0,0.0,0.0,0.0,0.0
23.5,ARM_NEUTRALIZE,INITIAL_HOLD,NEUTRALIZE_PROFILE,0.013960471376776695,-0.0021721713710576296,-0.1155102327466011,0.0,-0.0,0.0,0.0,0.0,-0.0,0.0,-0.0,0.0,0.0,0.0,0.0
23.5,ARM_NEUTRALIZE,INITIAL_HOLD,NEUTRALIZE_PROFILE,0.013960471376776695,-0.0021721713710576296,-0.1155102327466011,0.0,-0.0,0.0,0.0,0.0,-0.0,0.0,-0.0,0.0,0.0,0.0,0.0
23.529,ARM_NEUTRALIZE,INITIAL_HOLD,NEUTRALIZE_PROFILE,0.013960471376776695,-0.0021721713710576296,-0.1155102327466011,0.0,-0.0,0.0,0.0,0.0,-0.0,0.0,-0.0,0.0,0.0,0.0,0.0
23.559,ARM_AND_OFFBOARD,INITIAL_HOLD,NEUTRAL_HOLD,0.013960471376776695,-0.0021721713710576296,-0.1155102327466011,0.0,0.0,0.0,0.0,0.0,0.0,0.0,0.0,0.0,0.0,0.0,0.0
23.562,ARM_AND_OFFBOARD,INITIAL_HOLD,NEUTRAL_HOLD,0.013960471376776695,-0.0021721713710576296,-0.1155102327466011,0.0,0.0,0.0,0.0,0.0,0.0,0.0,0.0,0.0,0.0,0.0,0.0
23.6,ARM_AND_OFFBOARD,INITIAL_HOLD,NEUTRAL_HOLD,0.013960471376776695,-0.0021721713710576296,-0.1155102327466011,0.0,0.0,0.0,0.0,0.0,0.0,0.0,0.0,0.0,0.0,0.0,0.0
23.642,ARM_AND_OFFBOARD,INITIAL_HOLD,NEUTRAL_HOLD,0.013960471376776695,-0.0021721713710576296,-0.1155102327466011,0.0,0.0,0.0,0.0,0.0,0.0,0.0,0.0,0.0,0.0,0.0,0.0
23.656,ARM_AND_OFFBOARD,INITIAL_HOLD,NEUTRAL_HOLD,0.013960471376776695,-0.0021721713710576296,-0.1155102327466011,0.0,0.0,0.0,0.0,0.0,0.0,0.0,0.0,0.0,0.0,0.0,0.0
23.676,ARM_AND_OFFBOARD,INITIAL_HOLD,NEUTRAL_HOLD,0.013960471376776695,-0.0021721713710576296,-0.1155102327466011,0.0,0.0,0.0,0.0,0.0,0.0,0.0,0.0,0.0,0.0,0.0,0.0
23.711,ARM_AND_OFFBOARD,INITIAL_HOLD,NEUTRAL_HOLD,0.013960471376776695,-0.0021721713710576296,-0.1155102327466011,0.0,0.0,0.0,0.0,0.0,0.0,0.0,0.0,0.0,0.0,0.0,0.0
23.732,ARM_AND_OFFBOARD,INITIAL_HOLD,NEUTRAL_HOLD,0.013960471376776695,-0.0021721713710576296,-0.1155102327466011,0.0,0.0,0.0,0.0,0.0,0.0,0.0,0.0,0.0,0.0,0.0,0.0
23.735,ARM_AND_OFFBOARD,INITIAL_HOLD,NEUTRAL_HOLD,0.013960471376776695,-0.0021721713710576296,-0.1155102327466011,0.0,0.0,0.0,0.0,0.0,0.0,0.0,0.0,0.0,0.0,0.0,0.0
23.766,ARM_AND_OFFBOARD,INITIAL_HOLD,NEUTRAL_HOLD,0.013960471376776695,-0.0021721713710576296,-0.1155102327466011,0.0,0.0,0.0,0.0,0.0,0.0,0.0,0.0,0.0,0.0,0.0,0.0
23.805,ARM_AND_OFFBOARD,INITIAL_HOLD,NEUTRAL_HOLD,0.013960471376776695,-0.0021721713710576296,-0.1155102327466011,0.0,0.0,0.0,0.0,0.0,0.0,0.0,0.0,0.0,0.0,0.0,0.0
23.82,ARM_AND_OFFBOARD,INITIAL_HOLD,NEUTRAL_HOLD,0.013960471376776695,-0.0021721713710576296,-0.1155102327466011,0.0,0.0,0.0,0.0,0.0,0.0,0.0,0.0,0.0,0.0,0.0,0.0
23.826,ARM_AND_OFFBOARD,INITIAL_HOLD,NEUTRAL_HOLD,0.013960471376776695,-0.0021721713710576296,-0.1155102327466011,0.0,0.0,0.0,0.0,0.0,0.0,0.0,0.0,0.0,0.0,0.0,0.0
23.842,ARM_AND_OFFBOARD,INITIAL_HOLD,NEUTRAL_HOLD,0.013960471376776695,-0.0021721713710576296,-0.1155102327466011,0.0,0.0,0.0,0.0,0.0,0.0,0.0,0.0,0.0,0.0,0.0,0.0
23.848,ARM_AND_OFFBOARD,INITIAL_HOLD,NEUTRAL_HOLD,0.013960471376776695,-0.0021721713710576296,-0.1155102327466011,0.0,0.0,0.0,0.0,0.0,0.0,0.0,0.0,0.0,0.0,0.0,0.0
23.881,ARM_AND_OFFBOARD,INITIAL_HOLD,NEUTRAL_HOLD,0.013960471376776695,-0.0021721713710576296,-0.1155102327466011,0.0,0.0,0.0,0.0,0.0,0.0,0.0,0.0,0.0,0.0,0.0,0.0
23.884,ARM_AND_OFFBOARD,INITIAL_HOLD,NEUTRAL_HOLD,0.013960471376776695,-0.0021721713710576296,-0.1155102327466011,0.0,0.0,0.0,0.0,0.0,0.0,0.0,0.0,0.0,0.0,0.0,0.0
23.886,ARM_AND_OFFBOARD,INITIAL_HOLD,NEUTRAL_HOLD,0.013960471376776695,-0.0021721713710576296,-0.1155102327466011,0.0,0.0,0.0,0.0,0.0,0.0,0.0,0.0,0.0,0.0,0.0,0.0
23.9,ARM_AND_OFFBOARD,INITIAL_HOLD,NEUTRAL_HOLD,0.013960471376776695,-0.0021721713710576296,-0.1155102327466011,0.0,0.0,0.0,0.0,0.0,0.0,0.0,0.0,0.0,0.0,0.0,0.0
23.911,ARM_AND_OFFBOARD,INITIAL_HOLD,NEUTRAL_HOLD,0.013960471376776695,-0.0021721713710576296,-0.1155102327466011,0.0,0.0,0.0,0.0,0.0,0.0,0.0,0.0,0.0,0.0,0.0,0.0
23.912,ARM_AND_OFFBOARD,INITIAL_HOLD,NEUTRAL_HOLD,0.013960471376776695,-0.0021721713710576296,-0.1155102327466011,0.0,0.0,0.0,0.0,0.0,0.0,0.0,0.0,0.0,0.0,0.0,0.0
23.927,ARM_AND_OFFBOARD,INITIAL_HOLD,NEUTRAL_HOLD,0.013960471376776695,-0.0021721713710576296,-0.1155102327466011,0.0,0.0,0.0,0.0,0.0,0.0,0.0,0.0,0.0,0.0,0.0,0.0
23.932,ARM_AND_OFFBOARD,INITIAL_HOLD,NEUTRAL_HOLD,0.013960471376776695,-0.0021721713710576296,-0.1155102327466011,0.0,0.0,0.0,0.0,0.0,0.0,0.0,0.0,0.0,0.0,0.0,0.0
23.959,ARM_AND_OFFBOARD,INITIAL_HOLD,NEUTRAL_HOLD,0.013960471376776695,-0.0021721713710576296,-0.1155102327466011,0.0,0.0,0.0,0.0,0.0,0.0,0.0,0.0,0.0,0.0,0.0,0.0
23.959,ARM_AND_OFFBOARD,INITIAL_HOLD,NEUTRAL_HOLD,0.013960471376776695,-0.0021721713710576296,-0.1155102327466011,0.0,0.0,0.0,0.0,0.0,0.0,0.0,0.0,0.0,0.0,0.0,0.0
23.984,ARM_AND_OFFBOARD,INITIAL_HOLD,NEUTRAL_HOLD,0.013960471376776695,-0.0021721713710576296,-0.1155102327466011,0.0,0.0,0.0,0.0,0.0,0.0,0.0,0.0,0.0,0.0,0.0,0.0
23.984,ARM_AND_OFFBOARD,INITIAL_HOLD,NEUTRAL_HOLD,0.013960471376776695,-0.0021721713710576296,-0.1155102327466011,0.0,0.0,0.0,0.0,0.0,0.0,0.0,0.0,0.0,0.0,0.0,0.0
24.013,ARM_AND_OFFBOARD,INITIAL_HOLD,NEUTRAL_HOLD,0.013960471376776695,-0.0021721713710576296,-0.1155102327466011,0.0,0.0,0.0,0.0,0.0,0.0,0.0,0.0,0.0,0.0,0.0,0.0
24.052,ARM_AND_OFFBOARD,INITIAL_HOLD,NEUTRAL_HOLD,0.013960471376776695,-0.0021721713710576296,-0.1155102327466011,0.0,0.0,0.0,0.0,0.0,0.0,0.0,0.0,0.0,0.0,0.0,0.0
24.061,ARM_AND_OFFBOARD,INITIAL_HOLD,NEUTRAL_HOLD,0.013960471376776695,-0.0021721713710576296,-0.1155102327466011,0.0,0.0,0.0,0.0,0.0,0.0,0.0,0.0,0.0,0.0,0.0,0.0
24.074,ARM_AND_OFFBOARD,INITIAL_HOLD,NEUTRAL_HOLD,0.013960471376776695,-0.0021721713710576296,-0.1155102327466011,0.0,0.0,0.0,0.0,0.0,0.0,0.0,0.0,0.0,0.0,0.0,0.0
24.114,ARM_AND_OFFBOARD,INITIAL_HOLD,NEUTRAL_HOLD,0.013960471376776695,-0.0021721713710576296,-0.1155102327466011,0.0,0.0,0.0,0.0,0.0,0.0,0.0,0.0,0.0,0.0,0.0,0.0
24.121,ARM_AND_OFFBOARD,INITIAL_HOLD,NEUTRAL_HOLD,0.013960471376776695,-0.0021721713710576296,-0.1155102327466011,0.0,0.0,0.0,0.0,0.0,0.0,0.0,0.0,0.0,0.0,0.0,0.0
24.124,ARM_AND_OFFBOARD,INITIAL_HOLD,NEUTRAL_HOLD,0.013960471376776695,-0.0021721713710576296,-0.1155102327466011,0.0,0.0,0.0,0.0,0.0,0.0,0.0,0.0,0.0,0.0,0.0,0.0
24.161,ARM_AND_OFFBOARD,INITIAL_HOLD,NEUTRAL_HOLD,0.013960471376776695,-0.0021721713710576296,-0.1155102327466011,0.0,0.0,0.0,0.0,0.0,0.0,0.0,0.0,0.0,0.0,0.0,0.0
24.173,ARM_AND_OFFBOARD,INITIAL_HOLD,NEUTRAL_HOLD,0.013960471376776695,-0.0021721713710576296,-0.1155102327466011,0.0,0.0,0.0,0.0,0.0,0.0,0.0,0.0,0.0,0.0,0.0,0.0
24.18,ARM_AND_OFFBOARD,INITIAL_HOLD,NEUTRAL_HOLD,0.013960471376776695,-0.0021721713710576296,-0.1155102327466011,0.0,0.0,0.0,0.0,0.0,0.0,0.0,0.0,0.0,0.0,0.0,0.0
24.183,ARM_AND_OFFBOARD,INITIAL_HOLD,NEUTRAL_HOLD,0.013960471376776695,-0.0021721713710576296,-0.1155102327466011,0.0,0.0,0.0,0.0,0.0,0.0,0.0,0.0,0.0,0.0,0.0,0.0
24.198,ARM_AND_OFFBOARD,INITIAL_HOLD,NEUTRAL_HOLD,0.013960471376776695,-0.0021721713710576296,-0.1155102327466011,0.0,0.0,0.0,0.0,0.0,0.0,0.0,0.0,0.0,0.0,0.0,0.0
24.228,ARM_AND_OFFBOARD,INITIAL_HOLD,NEUTRAL_HOLD,0.013960471376776695,-0.0021721713710576296,-0.1155102327466011,0.0,0.0,0.0,0.0,0.0,0.0,0.0,0.0,0.0,0.0,0.0,0.0
24.228,ARM_AND_OFFBOARD,INITIAL_HOLD,NEUTRAL_HOLD,0.013960471376776695,-0.0021721713710576296,-0.1155102327466011,0.0,0.0,0.0,0.0,0.0,0.0,0.0,0.0,0.0,0.0,0.0,0.0
24.258,ARM_AND_OFFBOARD,INITIAL_HOLD,NEUTRAL_HOLD,0.013960471376776695,-0.0021721713710576296,-0.1155102327466011,0.0,0.0,0.0,0.0,0.0,0.0,0.0,0.0,0.0,0.0,0.0,0.0
24.267,ARM_AND_OFFBOARD,INITIAL_HOLD,NEUTRAL_HOLD,0.013960471376776695,-0.0021721713710576296,-0.1155102327466011,0.0,0.0,0.0,0.0,0.0,0.0,0.0,0.0,0.0,0.0,0.0,0.0
24.281,ARM_AND_OFFBOARD,INITIAL_HOLD,NEUTRAL_HOLD,0.013960471376776695,-0.0021721713710576296,-0.1155102327466011,0.0,0.0,0.0,0.0,0.0,0.0,0.0,0.0,0.0,0.0,0.0,0.0
24.289,ARM_AND_OFFBOARD,INITIAL_HOLD,NEUTRAL_HOLD,0.013960471376776695,-0.0021721713710576296,-0.1155102327466011,0.0,0.0,0.0,0.0,0.0,0.0,0.0,0.0,0.0,0.0,0.0,0.0
24.31,ARM_AND_OFFBOARD,INITIAL_HOLD,NEUTRAL_HOLD,0.013960471376776695,-0.0021721713710576296,-0.1155102327466011,0.0,0.0,0.0,0.0,0.0,0.0,0.0,0.0,0.0,0.0,0.0,0.0
24.321,ARM_AND_OFFBOARD,INITIAL_HOLD,NEUTRAL_HOLD,0.013960471376776695,-0.0021721713710576296,-0.1155102327466011,0.0,0.0,0.0,0.0,0.0,0.0,0.0,0.0,0.0,0.0,0.0,0.0
24.336,ARM_AND_OFFBOARD,INITIAL_HOLD,NEUTRAL_HOLD,0.013960471376776695,-0.0021721713710576296,-0.1155102327466011,0.0,0.0,0.0,0.0,0.0,0.0,0.0,0.0,0.0,0.0,0.0,0.0
24.372,ARM_AND_OFFBOARD,INITIAL_HOLD,NEUTRAL_HOLD,0.013960471376776695,-0.0021721713710576296,-0.1155102327466011,0.0,0.0,0.0,0.0,0.0,0.0,0.0,0.0,0.0,0.0,0.0,0.0
24.389,ARM_AND_OFFBOARD,INITIAL_HOLD,NEUTRAL_HOLD,0.013960471376776695,-0.0021721713710576296,-0.1155102327466011,0.0,0.0,0.0,0.0,0.0,0.0,0.0,0.0,0.0,0.0,0.0,0.0
24.396,ARM_AND_OFFBOARD,INITIAL_HOLD,NEUTRAL_HOLD,0.013960471376776695,-0.0021721713710576296,-0.1155102327466011,0.0,0.0,0.0,0.0,0.0,0.0,0.0,0.0,0.0,0.0,0.0,0.0
24.398,ARM_AND_OFFBOARD,INITIAL_HOLD,NEUTRAL_HOLD,0.013960471376776695,-0.0021721713710576296,-0.1155102327466011,0.0,0.0,0.0,0.0,0.0,0.0,0.0,0.0,0.0,0.0,0.0,0.0
24.415,ARM_AND_OFFBOARD,INITIAL_HOLD,NEUTRAL_HOLD,0.013960471376776695,-0.0021721713710576296,-0.1155102327466011,0.0,0.0,0.0,0.0,0.0,0.0,0.0,0.0,0.0,0.0,0.0,0.0
24.415,ARM_AND_OFFBOARD,INITIAL_HOLD,NEUTRAL_HOLD,0.013960471376776695,-0.0021721713710576296,-0.1155102327466011,0.0,0.0,0.0,0.0,0.0,0.0,0.0,0.0,0.0,0.0,0.0,0.0
24.442,ARM_AND_OFFBOARD,INITIAL_HOLD,NEUTRAL_HOLD,0.013960471376776695,-0.0021721713710576296,-0.1155102327466011,0.0,0.0,0.0,0.0,0.0,0.0,0.0,0.0,0.0,0.0,0.0,0.0
24.466,ARM_AND_OFFBOARD,INITIAL_HOLD,NEUTRAL_HOLD,0.013960471376776695,-0.0021721713710576296,-0.1155102327466011,0.0,0.0,0.0,0.0,0.0,0.0,0.0,0.0,0.0,0.0,0.0,0.0
24.466,ARM_AND_OFFBOARD,INITIAL_HOLD,NEUTRAL_HOLD,0.013960471376776695,-0.0021721713710576296,-0.1155102327466011,0.0,0.0,0.0,0.0,0.0,0.0,0.0,0.0,0.0,0.0,0.0,0.0
24.498,ARM_AND_OFFBOARD,INITIAL_HOLD,NEUTRAL_HOLD,0.013960471376776695,-0.0021721713710576296,-0.1155102327466011,0.0,0.0,0.0,0.0,0.0,0.0,0.0,0.0,0.0,0.0,0.0,0.0
24.503,ARM_AND_OFFBOARD,INITIAL_HOLD,NEUTRAL_HOLD,0.013960471376776695,-0.0021721713710576296,-0.1155102327466011,0.0,0.0,0.0,0.0,0.0,0.0,0.0,0.0,0.0,0.0,0.0,0.0
24.515,ARM_AND_OFFBOARD,INITIAL_HOLD,NEUTRAL_HOLD,0.013960471376776695,-0.0021721713710576296,-0.1155102327466011,0.0,0.0,0.0,0.0,0.0,0.0,0.0,0.0,0.0,0.0,0.0,0.0
24.524,ARM_AND_OFFBOARD,INITIAL_HOLD,NEUTRAL_HOLD,0.013960471376776695,-0.0021721713710576296,-0.1155102327466011,0.0,0.0,0.0,0.0,0.0,0.0,0.0,0.0,0.0,0.0,0.0,0.0
24.562,ARM_AND_OFFBOARD,INITIAL_HOLD,NEUTRAL_HOLD,0.013960471376776695,-0.0021721713710576296,-0.1155102327466011,0.0,0.0,0.0,0.0,0.0,0.0,0.0,0.0,0.0,0.0,0.0,0.0
24.604,ARM_AND_OFFBOARD,INITIAL_HOLD,NEUTRAL_HOLD,0.013960471376776695,-0.0021721713710576296,-0.1155102327466011,0.0,0.0,0.0,0.0,0.0,0.0,0.0,0.0,0.0,0.0,0.0,0.0
24.612,ARM_AND_OFFBOARD,INITIAL_HOLD,NEUTRAL_HOLD,0.013960471376776695,-0.0021721713710576296,-0.1155102327466011,0.0,0.0,0.0,0.0,0.0,0.0,0.0,0.0,0.0,0.0,0.0,0.0
24.63,ARM_AND_OFFBOARD,INITIAL_HOLD,NEUTRAL_HOLD,0.013960471376776695,-0.0021721713710576296,-0.1155102327466011,0.0,0.0,0.0,0.0,0.0,0.0,0.0,0.0,0.0,0.0,0.0,0.0
24.677,ARM_AND_OFFBOARD,INITIAL_HOLD,NEUTRAL_HOLD,0.013960471376776695,-0.0021721713710576296,-0.1155102327466011,0.0,0.0,0.0,0.0,0.0,0.0,0.0,0.0,0.0,0.0,0.0,0.0
24.682,ARM_AND_OFFBOARD,INITIAL_HOLD,NEUTRAL_HOLD,0.013960471376776695,-0.0021721713710576296,-0.1155102327466011,0.0,0.0,0.0,0.0,0.0,0.0,0.0,0.0,0.0,0.0,0.0,0.0
24.699,ARM_AND_OFFBOARD,INITIAL_HOLD,NEUTRAL_HOLD,0.013960471376776695,-0.0021721713710576296,-0.1155102327466011,0.0,0.0,0.0,0.0,0.0,0.0,0.0,0.0,0.0,0.0,0.0,0.0
24.708,ARM_AND_OFFBOARD,INITIAL_HOLD,NEUTRAL_HOLD,0.013960471376776695,-0.0021721713710576296,-0.1155102327466011,0.0,0.0,0.0,0.0,0.0,0.0,0.0,0.0,0.0,0.0,0.0,0.0
24.721,ARM_AND_OFFBOARD,INITIAL_HOLD,NEUTRAL_HOLD,0.013960471376776695,-0.0021721713710576296,-0.1155102327466011,0.0,0.0,0.0,0.0,0.0,0.0,0.0,0.0,0.0,0.0,0.0,0.0
24.771,ARM_AND_OFFBOARD,INITIAL_HOLD,NEUTRAL_HOLD,0.013960471376776695,-0.0021721713710576296,-0.1155102327466011,0.0,0.0,0.0,0.0,0.0,0.0,0.0,0.0,0.0,0.0,0.0,0.0
24.808,ARM_AND_OFFBOARD,INITIAL_HOLD,NEUTRAL_HOLD,0.013960471376776695,-0.0021721713710576296,-0.1155102327466011,0.0,0.0,0.0,0.0,0.0,0.0,0.0,0.0,0.0,0.0,0.0,0.0
24.837,ARM_AND_OFFBOARD,INITIAL_HOLD,NEUTRAL_HOLD,0.013960471376776695,-0.0021721713710576296,-0.1155102327466011,0.0,0.0,0.0,0.0,0.0,0.0,0.0,0.0,0.0,0.0,0.0,0.0
24.837,ARM_AND_OFFBOARD,INITIAL_HOLD,NEUTRAL_HOLD,0.013960471376776695,-0.0021721713710576296,-0.1155102327466011,0.0,0.0,0.0,0.0,0.0,0.0,0.0,0.0,0.0,0.0,0.0,0.0
24.864,ARM_AND_OFFBOARD,INITIAL_HOLD,NEUTRAL_HOLD,0.013960471376776695,-0.0021721713710576296,-0.1155102327466011,0.0,0.0,0.0,0.0,0.0,0.0,0.0,0.0,0.0,0.0,0.0,0.0
24.864,ARM_AND_OFFBOARD,INITIAL_HOLD,NEUTRAL_HOLD,0.013960471376776695,-0.0021721713710576296,-0.1155102327466011,0.0,0.0,0.0,0.0,0.0,0.0,0.0,0.0,0.0,0.0,0.0,0.0
24.881,ARM_AND_OFFBOARD,INITIAL_HOLD,NEUTRAL_HOLD,0.013960471376776695,-0.0021721713710576296,-0.1155102327466011,0.0,0.0,0.0,0.0,0.0,0.0,0.0,0.0,0.0,0.0,0.0,0.0
24.881,ARM_AND_OFFBOARD,INITIAL_HOLD,NEUTRAL_HOLD,0.013960471376776695,-0.0021721713710576296,-0.1155102327466011,0.0,0.0,0.0,0.0,0.0,0.0,0.0,0.0,0.0,0.0,0.0,0.0
24.917,ARM_AND_OFFBOARD,INITIAL_HOLD,NEUTRAL_HOLD,0.013960471376776695,-0.0021721713710576296,-0.1155102327466011,0.0,0.0,0.0,0.0,0.0,0.0,0.0,0.0,0.0,0.0,0.0,0.0
24.922,ARM_AND_OFFBOARD,INITIAL_HOLD,NEUTRAL_HOLD,0.013960471376776695,-0.0021721713710576296,-0.1155102327466011,0.0,0.0,0.0,0.0,0.0,0.0,0.0,0.0,0.0,0.0,0.0,0.0
24.936,ARM_AND_OFFBOARD,INITIAL_HOLD,NEUTRAL_HOLD,0.013960471376776695,-0.0021721713710576296,-0.1155102327466011,0.0,0.0,0.0,0.0,0.0,0.0,0.0,0.0,0.0,0.0,0.0,0.0
24.974,ARM_AND_OFFBOARD,INITIAL_HOLD,NEUTRAL_HOLD,0.013960471376776695,-0.0021721713710576296,-0.1155102327466011,0.0,0.0,0.0,0.0,0.0,0.0,0.0,0.0,0.0,0.0,0.0,0.0
25.008,ARM_AND_OFFBOARD,INITIAL_HOLD,NEUTRAL_HOLD,0.013960471376776695,-0.0021721713710576296,-0.1155102327466011,0.0,0.0,0.0,0.0,0.0,0.0,0.0,0.0,0.0,0.0,0.0,0.0
25.041,ARM_AND_OFFBOARD,INITIAL_HOLD,NEUTRAL_HOLD,0.013960471376776695,-0.0021721713710576296,-0.1155102327466011,0.0,0.0,0.0,0.0,0.0,0.0,0.0,0.0,0.0,0.0,0.0,0.0
25.075,ARM_AND_OFFBOARD,INITIAL_HOLD,NEUTRAL_HOLD,0.013960471376776695,-0.0021721713710576296,-0.1155102327466011,0.0,0.0,0.0,0.0,0.0,0.0,0.0,0.0,0.0,0.0,0.0,0.0
25.112,ARM_AND_OFFBOARD,INITIAL_HOLD,NEUTRAL_HOLD,0.013960471376776695,-0.0021721713710576296,-0.1155102327466011,0.0,0.0,0.0,0.0,0.0,0.0,0.0,0.0,0.0,0.0,0.0,0.0
25.15,ARM_AND_OFFBOARD,INITIAL_HOLD,NEUTRAL_HOLD,0.013960471376776695,-0.0021721713710576296,-0.1155102327466011,0.0,0.0,0.0,0.0,0.0,0.0,0.0,0.0,0.0,0.0,0.0,0.0
25.185,ARM_AND_OFFBOARD,INITIAL_HOLD,NEUTRAL_HOLD,0.013960471376776695,-0.0021721713710576296,-0.1155102327466011,0.0,0.0,0.0,0.0,0.0,0.0,0.0,0.0,0.0,0.0,0.0,0.0
25.216,ARM_AND_OFFBOARD,INITIAL_HOLD,NEUTRAL_HOLD,0.013960471376776695,-0.0021721713710576296,-0.1155102327466011,0.0,0.0,0.0,0.0,0.0,0.0,0.0,0.0,0.0,0.0,0.0,0.0
25.265,ARM_AND_OFFBOARD,INITIAL_HOLD,NEUTRAL_HOLD,0.013960471376776695,-0.0021721713710576296,-0.1155102327466011,0.0,0.0,0.0,0.0,0.0,0.0,0.0,0.0,0.0,0.0,0.0,0.0
25.299,ARM_AND_OFFBOARD,INITIAL_HOLD,NEUTRAL_HOLD,0.013960471376776695,-0.0021721713710576296,-0.1155102327466011,0.0,0.0,0.0,0.0,0.0,0.0,0.0,0.0,0.0,0.0,0.0,0.0
25.301,ARM_AND_OFFBOARD,INITIAL_HOLD,NEUTRAL_HOLD,0.013960471376776695,-0.0021721713710576296,-0.1155102327466011,0.0,0.0,0.0,0.0,0.0,0.0,0.0,0.0,0.0,0.0,0.0,0.0
25.32,ARM_AND_OFFBOARD,INITIAL_HOLD,NEUTRAL_HOLD,0.013960471376776695,-0.0021721713710576296,-0.1155102327466011,0.0,0.0,0.0,0.0,0.0,0.0,0.0,0.0,0.0,0.0,0.0,0.0
25.358,ARM_AND_OFFBOARD,INITIAL_HOLD,NEUTRAL_HOLD,0.013960471376776695,-0.0021721713710576296,-0.1155102327466011,0.0,0.0,0.0,0.0,0.0,0.0,0.0,0.0,0.0,0.0,0.0,0.0
25.383,ARM_AND_OFFBOARD,INITIAL_HOLD,NEUTRAL_HOLD,0.013960471376776695,-0.0021721713710576296,-0.1155102327466011,0.0,0.0,0.0,0.0,0.0,0.0,0.0,0.0,0.0,0.0,0.0,0.0
25.383,ARM_AND_OFFBOARD,INITIAL_HOLD,NEUTRAL_HOLD,0.013960471376776695,-0.0021721713710576296,-0.1155102327466011,0.0,0.0,0.0,0.0,0.0,0.0,0.0,0.0,0.0,0.0,0.0,0.0
25.417,ARM_AND_OFFBOARD,INITIAL_HOLD,NEUTRAL_HOLD,0.013960471376776695,-0.0021721713710576296,-0.1155102327466011,0.0,0.0,0.0,0.0,0.0,0.0,0.0,0.0,0.0,0.0,0.0,0.0
25.42,ARM_AND_OFFBOARD,INITIAL_HOLD,NEUTRAL_HOLD,0.013960471376776695,-0.0021721713710576296,-0.1155102327466011,0.0,0.0,0.0,0.0,0.0,0.0,0.0,0.0,0.0,0.0,0.0,0.0
25.433,ARM_AND_OFFBOARD,INITIAL_HOLD,NEUTRAL_HOLD,0.013960471376776695,-0.0021721713710576296,-0.1155102327466011,0.0,0.0,0.0,0.0,0.0,0.0,0.0,0.0,0.0,0.0,0.0,0.0
25.442,TAKEOFF_TRANSITION,TAKEOFF_TRANSITION,NEUTRAL_HOLD,0.015657022680631454,0.021798183529584625,-0.02684255022048936,0.0,0.0,0.0,0.0,0.0,0.0,0.0,0.0,0.0,0.0,0.0,0.0
25.449,TAKEOFF_TRANSITION,TAKEOFF_TRANSITION,NEUTRAL_HOLD,0.01565701449758185,0.021798172136893897,-0.026842013547349507,0.0,0.0,0.0,0.0,0.0,0.0,0.0,0.0,0.0,0.0,0.0,0.0
25.484,TAKEOFF_TRANSITION,TAKEOFF_TRANSITION,NEUTRAL_HOLD,0.015656706114076525,0.021797742795991497,-0.026821788673724787,0.0,0.0,0.0,0.0,0.0,0.0,0.0,0.0,0.0,0.0,0.0,0.0
25.518,TAKEOFF_TRANSITION,TAKEOFF_TRANSITION,NEUTRAL_HOLD,0.015655569538459122,0.02179616042082294,-0.0267472480519669,0.0,0.0,0.0,0.0,0.0,0.0,0.0,0.0,0.0,0.0,0.0,0.0
25.556,TAKEOFF_TRANSITION,TAKEOFF_TRANSITION,NEUTRAL_HOLD,0.01565267941297693,0.02179213670015973,-0.026557703469888363,0.0,0.0,0.0,0.0,0.0,0.0,0.0,0.0,0.0,0.0,0.0,0.0
25.589,TAKEOFF_TRANSITION,TAKEOFF_TRANSITION,NEUTRAL_HOLD,0.015648271715892302,0.02178600017012121,-0.02626863121092211,0.0,0.0,0.0,0.0,0.0,0.0,0.0,0.0,0.0,0.0,0.0,0.0
25.612,TAKEOFF_TRANSITION,TAKEOFF_TRANSITION,NEUTRAL_HOLD,0.015643918438472446,0.021779939404796354,-0.025983127984746588,0.0,0.0,0.0,0.0,0.0,0.0,0.0,0.0,0.0,0.0,0.0,0.0
25.612,TAKEOFF_TRANSITION,TAKEOFF_TRANSITION,NEUTRAL_HOLD,0.015643918438472446,0.021779939404796354,-0.025983127984746588,0.0,0.0,0.0,0.0,0.0,0.0,0.0,0.0,0.0,0.0,0.0,0.0
25.649,TAKEOFF_TRANSITION,TAKEOFF_TRANSITION,NEUTRAL_HOLD,0.015634324134446438,0.02176658192270902,-0.025353899822112395,0.0,0.0,0.0,0.0,0.0,0.0,0.0,0.0,0.0,0.0,0.0,0.0
25.654,TAKEOFF_TRANSITION,TAKEOFF_TRANSITION,NEUTRAL_HOLD,0.015632758298500294,0.021764401918245368,-0.025251206800012145,0.0,0.0,0.0,0.0,0.0,0.0,0.0,0.0,0.0,0.0,0.0,0.0
25.684,TAKEOFF_TRANSITION,TAKEOFF_TRANSITION,NEUTRAL_HOLD,0.015621888656315404,0.0217492688715557,-0.02453833748067949,0.0,0.0,0.0,0.0,0.0,0.0,0.0,0.0,0.0,0.0,0.0,0.0
25.692,TAKEOFF_TRANSITION,TAKEOFF_TRANSITION,NEUTRAL_HOLD,0.01561854184981877,0.021744609345684167,-0.024318842153362354,0.0,0.0,0.0,0.0,0.0,0.0,0.0,0.0,0.0,0.0,0.0,0.0
25.7,TAKEOFF_TRANSITION,TAKEOFF_TRANSITION,NEUTRAL_HOLD,0.01561499696251668,0.021739674045686275,-0.02408635599096917,0.0,0.0,0.0,0.0,0.0,0.0,0.0,0.0,0.0,0.0,0.0,0.0
25.736,TAKEOFF_TRANSITION,TAKEOFF_TRANSITION,NEUTRAL_HOLD,0.015596468309039102,0.021713877890357208,-0.022871181805100293,0.0,0.0,0.0,0.0,0.0,0.0,0.0,0.0,0.0,0.0,0.0,0.0
25.772,TAKEOFF_TRANSITION,TAKEOFF_TRANSITION,NEUTRAL_HOLD,0.015573421947717195,0.021681792044661558,-0.021359720468178016,0.0,0.0,0.0,0.0,0.0,0.0,0.0,0.0,0.0,0.0,0.0,0.0
25.806,TAKEOFF_TRANSITION,TAKEOFF_TRANSITION,NEUTRAL_HOLD,0.015547163418585391,0.02164523412117205,-0.019637593881997893,0.0,0.0,0.0,0.0,0.0,0.0,0.0,0.0,0.0,0.0,0.0,0.0
25.811,TAKEOFF_TRANSITION,TAKEOFF_TRANSITION,NEUTRAL_HOLD,0.01554291506701082,0.021639319436802636,-0.01935897206135872,0.0,0.0,0.0,0.0,0.0,0.0,0.0,0.0,0.0,0.0,0.0,0.0
25.826,TAKEOFF_TRANSITION,TAKEOFF_TRANSITION,NEUTRAL_HOLD,0.015529555294882081,0.02162071955541293,-0.018482791272529102,0.0,0.0,0.0,0.0,0.0,0.0,0.0,0.0,0.0,0.0,0.0,0.0
25.849,TAKEOFF_TRANSITION,TAKEOFF_TRANSITION,NEUTRAL_HOLD,0.0155072360327255,0.021589645999306,-0.017019015653154473,0.0,0.0,0.0,0.0,0.0,0.0,0.0,0.0,0.0,0.0,0.0,0.0
25.849,TAKEOFF_TRANSITION,TAKEOFF_TRANSITION,NEUTRAL_HOLD,0.0155072360327255,0.021589645999306,-0.017019015653154473,0.0,0.0,0.0,0.0,0.0,0.0,0.0,0.0,0.0,0.0,0.0,0.0
25.866,TAKEOFF_TRANSITION,TAKEOFF_TRANSITION,NEUTRAL_HOLD,0.015489270516587442,0.02156463386092125,-0.015840773992302153,0.0,0.0,0.0,0.0,0.0,0.0,0.0,0.0,0.0,0.0,0.0,0.0
25.866,TAKEOFF_TRANSITION,TAKEOFF_TRANSITION,NEUTRAL_HOLD,0.015489270516587442,0.02156463386092125,-0.015840773992302153,0.0,0.0,0.0,0.0,0.0,0.0,0.0,0.0,0.0,0.0,0.0,0.0
25.883,TAKEOFF_TRANSITION,TAKEOFF_TRANSITION,NEUTRAL_HOLD,0.015470021760914793,0.02153783515739842,-0.014578372974775078,0.0,0.0,0.0,0.0,0.0,0.0,0.0,0.0,0.0,0.0,0.0,0.0
25.883,TAKEOFF_TRANSITION,TAKEOFF_TRANSITION,NEUTRAL_HOLD,0.015470021760914793,0.02153783515739842,-0.014578372974775078,0.0,0.0,0.0,0.0,0.0,0.0,0.0,0.0,0.0,0.0,0.0,0.0
25.918,TAKEOFF_TRANSITION,TAKEOFF_TRANSITION,NEUTRAL_HOLD,0.015426226697868084,0.02147686233763219,-0.011706138888943262,0.0,0.0,0.0,0.0,0.0,0.0,0.0,0.0,0.0,0.0,0.0,0.0
25.936,TAKEOFF_TRANSITION,TAKEOFF_TRANSITION,NEUTRAL_HOLD,0.01540145802844012,0.021442378642169302,-0.010081722535989948,0.0,0.0,0.0,0.0,0.0,0.0,0.0,0.0,0.0,0.0,0.0,0.0
25.94,TAKEOFF_TRANSITION,TAKEOFF_TRANSITION,NEUTRAL_HOLD,0.01539574233876388,0.021434421085033302,-0.009706867527912399,0.0,0.0,0.0,0.0,0.0,0.0,0.0,0.0,0.0,0.0,0.0,0.0
25.967,TAKEOFF_TRANSITION,TAKEOFF_TRANSITION,NEUTRAL_HOLD,0.015355115714928376,0.02137785946277486,-0.0070424308162185326,0.0,0.0,0.0,0.0,0.0,0.0,0.0,0.0,0.0,0.0,0.0,0.0
25.967,TAKEOFF_TRANSITION,TAKEOFF_TRANSITION,NEUTRAL_HOLD,0.015355115714928376,0.02137785946277486,-0.0070424308162185326,0.0,0.0,0.0,0.0,0.0,0.0,0.0,0.0,0.0,0.0,0.0,0.0
25.992,TAKEOFF_TRANSITION,TAKEOFF_TRANSITION,NEUTRAL_HOLD,0.015314265016820146,0.02132098587749377,-0.004363298526550714,0.0,0.0,0.0,0.0,0.0,0.0,0.0,0.0,0.0,0.0,0.0,0.0
26.025,TAKEOFF_TRANSITION,TAKEOFF_TRANSITION,NEUTRAL_HOLD,0.015255465760785413,0.021239123763566216,-0.0005070367551180295,0.0,0.0,0.0,0.0,0.0,0.0,0.0,0.0,0.0,0.0,0.0,0.0
26.026,TAKEOFF_TRANSITION,TAKEOFF_TRANSITION,NEUTRAL_HOLD,0.015253596030335225,0.02123652066792438,-0.00038441326386692495,0.0,0.0,0.0,0.0,0.0,0.0,0.0,0.0,0.0,0.0,0.0,0.0
26.036,TAKEOFF_TRANSITION,TAKEOFF_TRANSITION,NEUTRAL_HOLD,0.015234611282547439,0.021210089524214475,0.0008606731891160554,0.0,0.0,0.0,0.0,0.0,0.0,0.0,0.0,0.0,0.0,0.0,0.0
26.036,TAKEOFF_TRANSITION,TAKEOFF_TRANSITION,NEUTRAL_HOLD,0.015234611282547439,0.021210089524214475,0.0008606731891160554,0.0,0.0,0.0,0.0,0.0,0.0,0.0,0.0,0.0,0.0,0.0,0.0
26.103,TAKEOFF_TRANSITION,TAKEOFF_TRANSITION,NEUTRAL_HOLD,0.015093715872100698,0.021013930645349625,0.010101089169126623,0.0,0.0,0.0,0.0,0.0,0.0,0.0,0.0,0.0,0.0,0.0,0.0
26.128,TAKEOFF_TRANSITION,TAKEOFF_TRANSITION,NEUTRAL_HOLD,0.01503492520796309,0.02093208049332276,0.013956787453762547,0.0,0.0,0.0,0.0,0.0,0.0,0.0,0.0,0.0,0.0,0.0,0.0
26.132,TAKEOFF_TRANSITION,TAKEOFF_TRANSITION,NEUTRAL_HOLD,0.015025200569554815,0.020918541555741438,0.014594563403048155,0.0,0.0,0.0,0.0,0.0,0.0,0.0,0.0,0.0,0.0,0.0,0.0
26.15,TAKEOFF_TRANSITION,TAKEOFF_TRANSITION,NEUTRAL_HOLD,0.014980347357189314,0.02085609554828664,0.01753619463846482,0.0,0.0,0.0,0.0,0.0,0.0,0.0,0.0,0.0,0.0,0.0,0.0
26.15,TAKEOFF_TRANSITION,TAKEOFF_TRANSITION,NEUTRAL_HOLD,0.014980347357189314,0.02085609554828664,0.01753619463846482,0.0,0.0,0.0,0.0,0.0,0.0,0.0,0.0,0.0,0.0,0.0,0.0
26.173,TAKEOFF_TRANSITION,TAKEOFF_TRANSITION,NEUTRAL_HOLD,0.014920421113400466,0.020772664407705622,0.02146636822589898,0.0,0.0,0.0,0.0,0.0,0.0,0.0,0.0,0.0,0.0,0.0,0.0
26.203,TAKEOFF_TRANSITION,TAKEOFF_TRANSITION,NEUTRAL_HOLD,0.014837820714567003,0.02065766561833706,0.026883592555037028,0.0,0.0,0.0,0.0,0.0,0.0,0.0,0.0,0.0,0.0,0.0,0.0
26.24,TAKEOFF_TRANSITION,TAKEOFF_TRANSITION,NEUTRAL_HOLD,0.014728988433368418,0.02050614600391862,0.0340211958817866,0.0,0.0,0.0,0.0,0.0,0.0,0.0,0.0,0.0,0.0,0.0,0.0
26.271,TAKEOFF_TRANSITION,TAKEOFF_TRANSITION,NEUTRAL_HOLD,0.014631862148098734,0.020370923833328395,0.0403910788725764,0.0,0.0,0.0,0.0,0.0,0.0,0.0,0.0,0.0,0.0,0.0,0.0
26.304,TAKEOFF_TRANSITION,TAKEOFF_TRANSITION,NEUTRAL_HOLD,0.014522504971435129,0.020218673443467276,0.047563106687869866,0.0,0.0,0.0,0.0,0.0,0.0,0.0,0.0,0.0,0.0,0.0,0.0
26.333,TAKEOFF_TRANSITION,TAKEOFF_TRANSITION,NEUTRAL_HOLD,0.01442132835824134,0.020077812283061075,0.0541986244126479,0.0,0.0,0.0,0.0,0.0,0.0,0.0,0.0,0.0,0.0,0.0,0.0
26.343,TAKEOFF_TRANSITION,TAKEOFF_TRANSITION,NEUTRAL_HOLD,0.014385341111508777,0.020027709742814308,0.05655879447588685,0.0,0.0,0.0,0.0,0.0,0.0,0.0,0.0,0.0,0.0,0.0,0.0
26.351,TAKEOFF_TRANSITION,TAKEOFF_TRANSITION,NEUTRAL_HOLD,0.014356146380302586,0.019987063949427505,0.05847348750892757,0.0,0.0,0.0,0.0,0.0,0.0,0.0,0.0,0.0,0.0,0.0,0.0
26.363,TAKEOFF_TRANSITION,TAKEOFF_TRANSITION,NEUTRAL_HOLD,0.014311680417608622,0.019925157082752158,0.061389721550484125,0.0,0.0,0.0,0.0,0.0,0.0,0.0,0.0,0.0,0.0,0.0,0.0
26.373,TAKEOFF_TRANSITION,TAKEOFF_TRANSITION,NEUTRAL_HOLD,0.01427400880763382,0.0198727095207325,0.06386035807228523,0.0,0.0,0.0,0.0,0.0,0.0,0.0,0.0,0.0,0.0,0.0,0.0
26.412,TAKEOFF_TRANSITION,TAKEOFF_TRANSITION,NEUTRAL_HOLD,0.014121755974907862,0.019660738492884074,0.07384563370377654,0.0,0.0,0.0,0.0,0.0,0.0,0.0,0.0,0.0,0.0,0.0,0.0
26.45,TAKEOFF_TRANSITION,TAKEOFF_TRANSITION,NEUTRAL_HOLD,0.013965302548215194,0.019442919270261497,0.08410639904421195,0.0,0.0,0.0,0.0,0.0,0.0,0.0,0.0,0.0,0.0,0.0,0.0
26.481,TAKEOFF_TRANSITION,TAKEOFF_TRANSITION,NEUTRAL_HOLD,0.013831813705710058,0.01925707204071904,0.09286106627947882,0.0,0.0,0.0,0.0,0.0,0.0,0.0,0.0,0.0,0.0,0.0,0.0
26.515,TAKEOFF_TRANSITION,TAKEOFF_TRANSITION,NEUTRAL_HOLD,0.013679438930816286,0.01904493124127302,0.10285433930671598,0.0,0.0,0.0,0.0,0.0,0.0,0.0,0.0,0.0,0.0,0.0,0.0
26.552,TAKEOFF_TRANSITION,TAKEOFF_TRANSITION,NEUTRAL_HOLD,0.013506639118268757,0.018804354082727515,0.11418715805605759,0.0,0.0,0.0,0.0,0.0,0.0,0.0,0.0,0.0,0.0,0.0,0.0
26.574,TAKEOFF_TRANSITION,TAKEOFF_TRANSITION,NEUTRAL_HOLD,0.013400501795341973,0.018656586471241656,0.12114801655200497,0.0,0.0,0.0,0.0,0.0,0.0,0.0,0.0,0.0,0.0,0.0,0.0
26.574,TAKEOFF_TRANSITION,TAKEOFF_TRANSITION,NEUTRAL_HOLD,0.013400501795341973,0.018656586471241656,0.12114801655200497,0.0,0.0,0.0,0.0,0.0,0.0,0.0,0.0,0.0,0.0,0.0,0.0
26.583,TAKEOFF_TRANSITION,TAKEOFF_TRANSITION,NEUTRAL_HOLD,0.013356362811877463,0.01859513483500184,0.12404280614702201,0.0,0.0,0.0,0.0,0.0,0.0,0.0,0.0,0.0,0.0,0.0,0.0
26.59,TAKEOFF_TRANSITION,TAKEOFF_TRANSITION,NEUTRAL_HOLD,0.013321746122316559,0.01854694042616518,0.12631309025620208,0.0,0.0,0.0,0.0,0.0,0.0,0.0,0.0,0.0,0.0,0.0,0.0
26.617,TAKEOFF_TRANSITION,TAKEOFF_TRANSITION,NEUTRAL_HOLD,0.013185900010454183,0.01835781133447524,0.13522235549695952,0.0,0.0,0.0,0.0,0.0,0.0,0.0,0.0,0.0,0.0,0.0,0.0
26.617,TAKEOFF_TRANSITION,TAKEOFF_TRANSITION,NEUTRAL_HOLD,0.013185900010454183,0.01835781133447524,0.13522235549695952,0.0,0.0,0.0,0.0,0.0,0.0,0.0,0.0,0.0,0.0,0.0,0.0
26.656,TAKEOFF_TRANSITION,TAKEOFF_TRANSITION,NEUTRAL_HOLD,0.012983273347110982,0.018075708326410603,0.14851132390264415,0.0,0.0,0.0,0.0,0.0,0.0,0.0,0.0,0.0,0.0,0.0,0.0
26.66,TAKEOFF_TRANSITION,TAKEOFF_TRANSITION,NEUTRAL_HOLD,0.012962070779760866,0.018046189466802132,0.14990186275368308,0.0,0.0,0.0,0.0,0.0,0.0,0.0,0.0,0.0,0.0,0.0,0.0
26.692,TAKEOFF_TRANSITION,TAKEOFF_TRANSITION,NEUTRAL_HOLD,0.012789692754558223,0.01780619953343614,0.16120701920721606,0.0,0.0,0.0,0.0,0.0,0.0,0.0,0.0,0.0,0.0,0.0,0.0
26.729,TAKEOFF_TRANSITION,TAKEOFF_TRANSITION,NEUTRAL_HOLD,0.01258440175545801,0.01752038715603606,0.17467072411160686,0.0,0.0,0.0,0.0,0.0,0.0,0.0,0.0,0.0,0.0,0.0,0.0
26.763,TAKEOFF_TRANSITION,TAKEOFF_TRANSITION,NEUTRAL_HOLD,0.01239028775542771,0.017250135736936012,0.1874014021524063,0.0,0.0,0.0,0.0,0.0,0.0,0.0,0.0,0.0,0.0,0.0,0.0
26.796,TAKEOFF_TRANSITION,TAKEOFF_TRANSITION,NEUTRAL_HOLD,0.012197055964115102,0.016981112555664566,0.200074221846317,0.0,0.0,0.0,0.0,0.0,0.0,0.0,0.0,0.0,0.0,0.0,0.0
26.828,TAKEOFF_TRANSITION,TAKEOFF_TRANSITION,NEUTRAL_HOLD,0.012005309682903864,0.0167141575467708,0.2126496165692108,0.0,0.0,0.0,0.0,0.0,0.0,0.0,0.0,0.0,0.0,0.0,0.0
26.834,TAKEOFF_TRANSITION,TAKEOFF_TRANSITION,NEUTRAL_HOLD,0.01196889218263379,0.01666345599445346,0.2150380041709123,0.0,0.0,0.0,0.0,0.0,0.0,0.0,0.0,0.0,0.0,0.0,0.0
26.856,TAKEOFF_TRANSITION,TAKEOFF_TRANSITION,NEUTRAL_HOLD,0.011834137652667564,0.01647584663630388,0.22387567963621358,0.0,0.0,0.0,0.0,0.0,0.0,0.0,0.0,0.0,0.0,0.0,0.0
26.893,TAKEOFF_TRANSITION,TAKEOFF_TRANSITION,NEUTRAL_HOLD,0.011603298184486667,0.016154464902629596,0.23901494289420455,0.0,0.0,0.0,0.0,0.0,0.0,0.0,0.0,0.0,0.0,0.0,0.0
26.921,TAKEOFF_TRANSITION,TAKEOFF_TRANSITION,NEUTRAL_HOLD,0.011425250125760292,0.01590658097601276,0.25069196006494443,0.0,0.0,0.0,0.0,0.0,0.0,0.0,0.0,0.0,0.0,0.0,0.0
26.921,TAKEOFF_TRANSITION,TAKEOFF_TRANSITION,NEUTRAL_HOLD,0.011425250125760292,0.01590658097601276,0.25069196006494443,0.0,0.0,0.0,0.0,0.0,0.0,0.0,0.0,0.0,0.0,0.0,0.0
26.943,TAKEOFF_TRANSITION,TAKEOFF_TRANSITION,NEUTRAL_HOLD,0.011283417623581746,0.015709117449516585,0.2599938338127122,0.0,0.0,0.0,0.0,0.0,0.0,0.0,0.0,0.0,0.0,0.0,0.0
26.984,TAKEOFF_TRANSITION,TAKEOFF_TRANSITION,NEUTRAL_HOLD,0.011014777625257054,0.015335108667239417,0.277612188630081,0.0,0.0,0.0,0.0,0.0,0.0,0.0,0.0,0.0,0.0,0.0,0.0
27.018,TAKEOFF_TRANSITION,TAKEOFF_TRANSITION,NEUTRAL_HOLD,0.010787995454269415,0.015019375626209752,0.2924853600849297,0.0,0.0,0.0,0.0,0.0,0.0,0.0,0.0,0.0,0.0,0.0,0.0
27.045,TAKEOFF_TRANSITION,TAKEOFF_TRANSITION,NEUTRAL_HOLD,0.010605491548095917,0.014765288133154171,0.3044546073845598,0.0,0.0,0.0,0.0,0.0,0.0,0.0,0.0,0.0,0.0,0.0,0.0
27.045,TAKEOFF_TRANSITION,TAKEOFF_TRANSITION,NEUTRAL_HOLD,0.010605491548095917,0.014765288133154171,0.3044546073845598,0.0,0.0,0.0,0.0,0.0,0.0,0.0,0.0,0.0,0.0,0.0,0.0
27.077,TAKEOFF_TRANSITION,TAKEOFF_TRANSITION,NEUTRAL_HOLD,0.010386614179618938,0.014460560398778733,0.3188093541213376,0.0,0.0,0.0,0.0,0.0,0.0,0.0,0.0,0.0,0.0,0.0,0.0
27.11,TAKEOFF_TRANSITION,TAKEOFF_TRANSITION,NEUTRAL_HOLD,0.010158186230727412,0.014142536055658652,0.3337904614727098,0.0,0.0,0.0,0.0,0.0,0.0,0.0,0.0,0.0,0.0,0.0,0.0
27.125,TAKEOFF_TRANSITION,TAKEOFF_TRANSITION,NEUTRAL_HOLD,0.010053509674536394,0.013996802168083758,0.3406555177544797,0.0,0.0,0.0,0.0,0.0,0.0,0.0,0.0,0.0,0.0,0.0,0.0
27.127,TAKEOFF_TRANSITION,TAKEOFF_TRANSITION,NEUTRAL_HOLD,0.010039514782306807,0.013977318053158466,0.34157335195068794,0.0,0.0,0.0,0.0,0.0,0.0,0.0,0.0,0.0,0.0,0.0,0.0
27.127,TAKEOFF_TRANSITION,TAKEOFF_TRANSITION,NEUTRAL_HOLD,0.010039514782306807,0.013977318053158466,0.34157335195068794,0.0,0.0,0.0,0.0,0.0,0.0,0.0,0.0,0.0,0.0,0.0,0.0
27.139,TAKEOFF_TRANSITION,TAKEOFF_TRANSITION,NEUTRAL_HOLD,0.009955363110977151,0.013860159535004545,0.3470923141797173,0.0,0.0,0.0,0.0,0.0,0.0,0.0,0.0,0.0,0.0,0.0,0.0
27.14,TAKEOFF_TRANSITION,TAKEOFF_TRANSITION,NEUTRAL_HOLD,0.009948336586158946,0.01385037699328594,0.34755313836134394,0.0,0.0,0.0,0.0,0.0,0.0,0.0,0.0,0.0,0.0,0.0,0.0
27.16,TAKEOFF_TRANSITION,TAKEOFF_TRANSITION,NEUTRAL_HOLD,0.009807373352842524,0.01365412368935759,0.35679800240340864,0.0,0.0,0.0,0.0,0.0,0.0,0.0,0.0,0.0,0.0,0.0,0.0
27.16,TAKEOFF_TRANSITION,TAKEOFF_TRANSITION,NEUTRAL_HOLD,0.009807373352842524,0.01365412368935759,0.35679800240340864,0.0,0.0,0.0,0.0,0.0,0.0,0.0,0.0,0.0,0.0,0.0,0.0
27.194,TAKEOFF_TRANSITION,TAKEOFF_TRANSITION,NEUTRAL_HOLD,0.009565960694452426,0.013318021638457321,0.37263069261873627,0.0,0.0,0.0,0.0,0.0,0.0,0.0,0.0,0.0,0.0,0.0,0.0
27.235,TAKEOFF_TRANSITION,TAKEOFF_TRANSITION,NEUTRAL_HOLD,0.009272212732693696,0.012909056785274904,0.3918957158819101,0.0,0.0,0.0,0.0,0.0,0.0,0.0,0.0,0.0,0.0,0.0,0.0
27.274,TAKEOFF_TRANSITION,TAKEOFF_TRANSITION,NEUTRAL_HOLD,0.008990542264364638,0.012516906586048572,0.41036865469795986,0.0,0.0,0.0,0.0,0.0,0.0,0.0,0.0,0.0,0.0,0.0,0.0
27.279,TAKEOFF_TRANSITION,TAKEOFF_TRANSITION,NEUTRAL_HOLD,0.008954294160658911,0.01246644087278405,0.4127459326778845,0.0,0.0,0.0,0.0,0.0,0.0,0.0,0.0,0.0,0.0,0.0,0.0
27.281,TAKEOFF_TRANSITION,TAKEOFF_TRANSITION,NEUTRAL_HOLD,0.008939787003952955,0.012446243567662938,0.4136973629780284,0.0,0.0,0.0,0.0,0.0,0.0,0.0,0.0,0.0,0.0,0.0,0.0
27.29,TAKEOFF_TRANSITION,TAKEOFF_TRANSITION,NEUTRAL_HOLD,0.008874450730810361,0.012355280419550292,0.41798234529581213,0.0,0.0,0.0,0.0,0.0,0.0,0.0,0.0,0.0,0.0,0.0,0.0
27.301,TAKEOFF_TRANSITION,TAKEOFF_TRANSITION,NEUTRAL_HOLD,0.008794480961390348,0.01224394407251974,0.4232270437066647,0.0,0.0,0.0,0.0,0.0,0.0,0.0,0.0,0.0,0.0,0.0,0.0
27.314,TAKEOFF_TRANSITION,TAKEOFF_TRANSITION,NEUTRAL_HOLD,0.008699821518850966,0.01211215631546206,0.4294351424852295,0.0,0.0,0.0,0.0,0.0,0.0,0.0,0.0,0.0,0.0,0.0,0.0
27.314,TAKEOFF_TRANSITION,TAKEOFF_TRANSITION,NEUTRAL_HOLD,0.008699821518850966,0.01211215631546206,0.4294351424852295,0.0,0.0,0.0,0.0,0.0,0.0,0.0,0.0,0.0,0.0,0.0,0.0
27.347,TAKEOFF_TRANSITION,TAKEOFF_TRANSITION,NEUTRAL_HOLD,0.008458908432159806,0.011776749783486543,0.4452350690335547,0.0,0.0,0.0,0.0,0.0,0.0,0.0,0.0,0.0,0.0,0.0,0.0
27.347,TAKEOFF_TRANSITION,TAKEOFF_TRANSITION,NEUTRAL_HOLD,0.008458908432159806,0.011776749783486543,0.4452350690335547,0.0,0.0,0.0,0.0,0.0,0.0,0.0,0.0,0.0,0.0,0.0,0.0
27.375,TAKEOFF_TRANSITION,TAKEOFF_TRANSITION,NEUTRAL_HOLD,0.00825394897971209,0.011491398995427372,0.4586770299437576,0.0,0.0,0.0,0.0,0.0,0.0,0.0,0.0,0.0,0.0,0.0,0.0
27.418,TAKEOFF_TRANSITION,TAKEOFF_TRANSITION,NEUTRAL_HOLD,0.007938596553998707,0.011052355749951103,0.47935894984915095,0.0,0.0,0.0,0.0,0.0,0.0,0.0,0.0,0.0,0.0,0.0,0.0
27.423,TAKEOFF_TRANSITION,TAKEOFF_TRANSITION,NEUTRAL_HOLD,0.007901903307976629,0.011001270296004935,0.4817654218259585,0.0,0.0,0.0,0.0,0.0,0.0,0.0,0.0,0.0,0.0,0.0,0.0
27.469,TAKEOFF_TRANSITION,TAKEOFF_TRANSITION,NEUTRAL_HOLD,0.00756435700560271,0.010531328059925694,0.503902894129419,0.0,0.0,0.0,0.0,0.0,0.0,0.0,0.0,0.0,0.0,0.0,0.0
27.469,TAKEOFF_TRANSITION,TAKEOFF_TRANSITION,NEUTRAL_HOLD,0.00756435700560271,0.010531328059925694,0.503902894129419,0.0,0.0,0.0,0.0,0.0,0.0,0.0,0.0,0.0,0.0,0.0,0.0
27.5,TAKEOFF_TRANSITION,TAKEOFF_TRANSITION,NEUTRAL_HOLD,0.007337151575594895,0.010215005744805383,0.5188038243977118,0.0,0.0,0.0,0.0,0.0,0.0,0.0,0.0,0.0,0.0,0.0,0.0
27.55,TAKEOFF_TRANSITION,TAKEOFF_TRANSITION,NEUTRAL_HOLD,0.006971779383631008,0.009706323458300949,0.5427662162923064,0.0,0.0,0.0,0.0,0.0,0.0,0.0,0.0,0.0,0.0,0.0,0.0
27.578,TAKEOFF_TRANSITION,TAKEOFF_TRANSITION,NEUTRAL_HOLD,0.006768047061030211,0.009422681117764875,0.5561276977162642,0.0,0.0,0.0,0.0,0.0,0.0,0.0,0.0,0.0,0.0,0.0,0.0
27.582,TAKEOFF_TRANSITION,TAKEOFF_TRANSITION,NEUTRAL_HOLD,0.006739006489515533,0.00938224995019276,0.5580322804151757,0.0,0.0,0.0,0.0,0.0,0.0,0.0,0.0,0.0,0.0,0.0,0.0
27.59,TAKEOFF_TRANSITION,TAKEOFF_TRANSITION,NEUTRAL_HOLD,0.006680978006899036,0.009301460930478145,0.5618379921581279,0.0,0.0,0.0,0.0,0.0,0.0,0.0,0.0,0.0,0.0,0.0,0.0
27.601,TAKEOFF_TRANSITION,TAKEOFF_TRANSITION,NEUTRAL_HOLD,0.006601309263679217,0.009190543681285853,0.5670629482132724,0.0,0.0,0.0,0.0,0.0,0.0,0.0,0.0,0.0,0.0,0.0,0.0
27.637,TAKEOFF_TRANSITION,TAKEOFF_TRANSITION,NEUTRAL_HOLD,0.006341661452568422,0.008829054095743543,0.58409156380377,0.0,0.0,0.0,0.0,0.0,0.0,0.0,0.0,0.0,0.0,0.0,0.0
27.683,TAKEOFF_TRANSITION,TAKEOFF_TRANSITION,NEUTRAL_HOLD,0.006012727663819106,0.008371102463271995,0.6056641972081316,0.0,0.0,0.0,0.0,0.0,0.0,0.0,0.0,0.0,0.0,0.0,0.0
27.686,TAKEOFF_TRANSITION,TAKEOFF_TRANSITION,NEUTRAL_HOLD,0.0059914008096880345,0.008341410567824155,0.6070628872228826,0.0,0.0,0.0,0.0,0.0,0.0,0.0,0.0,0.0,0.0,0.0,0.0
27.688,TAKEOFF_TRANSITION,TAKEOFF_TRANSITION,NEUTRAL_HOLD,0.005977192030840375,0.008321628673439106,0.6079947488548837,0.0,0.0,0.0,0.0,0.0,0.0,0.0,0.0,0.0,0.0,0.0,0.0
27.714,TAKEOFF_TRANSITION,TAKEOFF_TRANSITION,NEUTRAL_HOLD,0.005793168333961292,0.008065425281505263,0.620063669367982,0.0,0.0,0.0,0.0,0.0,0.0,0.0,0.0,0.0,0.0,0.0,0.0
27.743,TAKEOFF_TRANSITION,TAKEOFF_TRANSITION,NEUTRAL_HOLD,0.005589528718773402,0.007781912011051176,0.6334190707141222,0.0,0.0,0.0,0.0,0.0,0.0,0.0,0.0,0.0,0.0,0.0,0.0
27.744,TAKEOFF_TRANSITION,TAKEOFF_TRANSITION,NEUTRAL_HOLD,0.005582539013747443,0.007772180730968026,0.6338774801244261,0.0,0.0,0.0,0.0,0.0,0.0,0.0,0.0,0.0,0.0,0.0,0.0
27.787,TAKEOFF_TRANSITION,TAKEOFF_TRANSITION,NEUTRAL_HOLD,0.005284178380640802,0.0073567939763389285,0.6534450185788233,0.0,0.0,0.0,0.0,0.0,0.0,0.0,0.0,0.0,0.0,0.0,0.0
27.837,ABORT,ABORT_SAFE_HOLD,ABORT_RETRACT_PROFILE,0.005284178380640802,0.0073567939763389285,0.6534450185788233,-0.0026950975431225682,3.079912016885737e-06,0.03384219324417491,-3.8674287658524045e-05,0.041909785369833454,-4.7893795872078334e-05,0.034574589342507796,-3.9511257567139e-05,-0.013256110196319821,1.5148859155392061e-05,-8.33074687201036e-05,9.520237019328952e-08
27.864,ABORT,ABORT_SAFE_HOLD,ABORT_RETRACT_PROFILE,0.005284178380640802,0.0073567939763389285,0.6534450185788233,-0.002694962455445576,7.204804103465981e-06,0.03384049695556326,-9.047033320857853e-05,0.04190768470540173,-0.00011203742676345217,0.03457285634365246,-9.242824765516198e-05,-0.013255445753900308,3.543755860791075e-05,-8.330329305957725e-05,2.2270585122813482e-07
27.865,ABORT,ABORT_SAFE_HOLD,ABORT_RETRACT_PROFILE,0.005284178380640802,0.0073567939763389285,0.6534450185788233,-0.0026949551585358804,7.38938839873086e-06,0.03384040532866514,-9.27881481634155e-05,0.0419075712356982,-0.0001149077823158639,0.03457276273381009,-9.479622362105791e-05,-0.013255409863311017,3.6345455156881774e-05,-8.33030675066737e-05,2.2841148902341294e-07
27.907,ABORT,ABORT_SAFE_HOLD,ABORT_RETRACT_PROFILE,0.005284178380640802,0.0073567939763389285,0.6534450185788233,-0.002694453863523091,1.7117094709818525e-05,0.033834110594458414,-0.00021493842715516808,0.04189977590879192,-0.0002661772919033013,0.034566331772062205,-0.00021959001886184178,-0.01325294419302485,8.419216376536104e-05,-8.328757210514211e-05,5.291021231332133e-07
27.951999999999998,ABORT,ABORT_SAFE_HOLD,ABORT_RETRACT_PROFILE,0.005284178380640802,0.0073567939763389285,0.6534450185788233,-0.0026933726084804504,3.161569515440265e-05,0.03382053333370485,-0.000396996564259626,0.04188296198423369,-0.0004916360083590636,0.034552460678910414,-0.0004055881686103682,-0.01324762593059975,0.0001555049983142507,-8.325414970791826e-05,9.772646418163237e-07
27.999,ABORT,ABORT_SAFE_HOLD,ABORT_RETRACT_PROFILE,0.005284178380640802,0.0073567939763389285,0.6534450185788233,-0.002691448971179634,5.092086504910803e-05,0.033796378324758306,-0.000639410532487022,0.04185304869719429,-0.0007918386963396512,0.034527782919142734,-0.0006532483406883877,-0.013238164325730405,0.0002504594314611819,-8.319468864882765e-05,1.5740017956323232e-06
27.999,ABORT,ABORT_SAFE_HOLD,ABORT_RETRACT_PROFILE,0.005284178380640802,0.0073567939763389285,0.6534450185788233,-0.002691448971179634,5.092086504910803e-05,0.033796378324758306,-0.000639410532487022,0.04185304869719429,-0.0007918386963396512,0.034527782919142734,-0.0006532483406883877,-0.013238164325730405,0.0002504594314611819,-8.319468864882765e-05,1.5740017956323232e-06
28.001,ABORT,ABORT_SAFE_HOLD,ABORT_RETRACT_PROFILE,0.005284178380640802,0.0073567939763389285,0.6534450185788233,-0.0026913462200970737,5.183139245058609e-05,0.03379508808500393,-0.0006508439755375601,0.04185145087902714,-0.0008059977415536827,0.034526464756654295,-0.0006649292206890167,-0.013237658934125306,0.0002549379526937668,-8.319151253647573e-05,1.6021468745408757e-06
28.043,ABORT,ABORT_SAFE_HOLD,ABORT_RETRACT_PROFILE,0.005284178380640802,0.0073567939763389285,0.6534450185788233,-0.0026887449219144413,7.253635381659824e-05,0.03376242372522704,-0.0009108350491259092,0.041810999709163084,-0.0011279677159446242,0.03449309349087156,-0.0009305468931955746,-0.013224864185582547,0.0003567774019481344,-8.311110447572322e-05,2.242152623405738e-06
28.051,ABORT,ABORT_SAFE_HOLD,ABORT_RETRACT_PROFILE,0.005284178380640802,0.0073567939763389285,0.6534450185788233,-0.002688147599380818,7.68114032519526e-05,0.0337549231786648,-0.0009645166123364337,0.04180171111801558,-0.0011944463503592976,0.034485430621170335,-0.0009853902063897402,-0.013221926194210525,0.00037780466552691876,-8.30926407921313e-05,2.3742975797252225e-06
28.07,ABORT,ABORT_SAFE_HOLD,ABORT_RETRACT_PROFILE,0.005284178380640802,0.0073567939763389285,0.6534450185788233,-0.002686588768744228,8.736995330560599e-05,0.033735349027156615,-0.001097099751008302,0.041777470712478455,-0.0013586357941493595,0.03446543285550425,-0.0011208426441276411,-0.013214258927862868,0.0004297379632221193,-8.304445617824633e-05,2.7006702116060176e-06
28.092,ABORT,ABORT_SAFE_HOLD,ABORT_RETRACT_PROFILE,0.005284178380640802,0.0073567939763389285,0.6534450185788233,-0.002684525898636533,0.0001002842369870916,0.03370944567942792,-0.0012592637087003723,0.041745392302671,-0.001559457786168663,0.03443896892026654,-0.0012865160744194026,-0.013204112492332888,0.0004932581753291594,-8.298069132958288e-05,3.099860321286207e-06
28.097,ABORT,ABORT_SAFE_HOLD,ABORT_RETRACT_PROFILE,0.005284178380640802,0.0073567939763389285,0.6534450185788233,-0.0026840169056355744,0.00010331900862709359,0.033703054282002494,-0.0012973711711018615,0.04173747726913933,-0.0016066496321200273,0.034432439203362135,-0.00132544823977613,-0.01320160895871234,0.0005081850069695172,-8.296495797751393e-05,3.193667368870542e-06
28.106,ABORT,ABORT_SAFE_HOLD,ABORT_RETRACT_PROFILE,0.005284178380640802,0.0073567939763389285,0.6534450185788233,-0.0026830621318483733,0.0001088722282018688,0.0336910652394933,-0.001367102647224665,0.041722630175905,-0.0016930042952691534,0.03442019069989267,-0.0013966888102024514,-0.013196912807150778,0.0005354990798183576,-8.293544520992783e-05,3.365321514451281e-06
28.126,ABORT,ABORT_SAFE_HOLD,ABORT_RETRACT_PROFILE,0.005284178380640802,0.0073567939763389285,0.6534450185788233,-0.002680758136832881,0.00012161943024739635,0.03366213409941383,-0.0015271685699027242,0.041686802182651535,-0.0018912281047031502,0.03439063344631159,-0.001560218800838507,-0.013185580374343262,0.000598197483978708,-8.286422701110078e-05,3.759347006547665e-06
28.15,ABORT,ABORT_SAFE_HOLD,ABORT_RETRACT_PROFILE,0.005284178380640802,0.0073567939763389285,0.6534450185788233,-0.0026776486912106242,0.00013762710119822103,0.0336230889598792,-0.0017281760232653637,0.041638449128054124,-0.002140153437862964,0.03435074331107447,-0.0017655763586260115,-0.013170286251159008,0.0006769328346349604,-8.27681117352088e-05,4.254156016492613e-06
28.152,ABORT,ABORT_SAFE_HOLD,ABORT_RETRACT_PROFILE,0.005284178380640802,0.0073567939763389285,0.6534450185788233,-0.0026773720701205174,0.00013899483735150517,0.03361961544389804,-0.0017453506117416152,0.04163414756555791,-0.002161422251963208,0.03434719462296916,-0.001783122631097438,-0.013168925662314111,0.0006836601834144849,-8.275956117166049e-05,4.2964337578299665e-06
28.152,ABORT,ABORT_SAFE_HOLD,ABORT_RETRACT_PROFILE,0.005284178380640802,0.0073567939763389285,0.6534450185788233,-0.0026773720701205174,0.00013899483735150517,0.03361961544389804,-0.0017453506117416152,0.04163414756555791,-0.002161422251963208,0.03434719462296916,-0.001783122631097438,-0.013168925662314111,0.0006836601834144849,-8.275956117166049e-05,4.2964337578299665e-06
28.182,ABORT,ABORT_SAFE_HOLD,ABORT_RETRACT_PROFILE,0.005284178380640802,0.0073567939763389285,0.6534450185788233,-0.0026728883032736753,0.00016010645427698506,0.03356331302750504,-0.0020104480370694198,0.04156442329651278,-0.0024897158739936327,0.03428967373737721,-0.002053957164495849,-0.013146871801010271,0.0007874998092197928,-8.262096460498158e-05,4.949009532364833e-06
28.221,ABORT,ABORT_SAFE_HOLD,ABORT_RETRACT_PROFILE,0.005284178380640802,0.0073567939763389285,0.6534450185788233,-0.0026660838422605175,0.0001891238268467179,0.03347786978070406,-0.0023748176059739095,0.04145861135610768,-0.0029409469841615403,0.03420238136986072,-0.002426212240367675,-0.013113403370434481,0.0009302246947711999,-8.241063365630874e-05,5.8459580913738805e-06
28.229,ABORT,ABORT_SAFE_HOLD,ABORT_RETRACT_PROFILE,0.005284178380640802,0.0073567939763389285,0.6534450185788233,-0.002664546266704035,0.0001952812455987956,0.03345856252808057,-0.002452135978299568,0.04143470147509928,-0.003036697172866316,0.034182656279173704,-0.0025052038988722814,-0.013105840649350818,0.0009605105824603919,-8.236310605275193e-05,6.036288482715105e-06
28.287,ABORT,ABORT_SAFE_HOLD,ABORT_RETRACT_PROFILE,0.005284178380640802,0.0073567939763389285,0.6534450185788233,-0.0026518860024682786,0.0002418133132949798,0.033299588278750666,-0.0030364366211626742,0.041237829581464144,-0.0037602884116836608,0.034020241587343375,-0.0031021496888155053,-0.013043569857611952,0.0011893832696910594,-8.197176787298922e-05,7.4746292893303245e-06
28.309,ABORT,ABORT_SAFE_HOLD,ABORT_RETRACT_PROFILE,0.005284178380640802,0.0073567939763389285,0.6534450185788233,-0.0026463639598852447,0.0002602581100585379,0.03323024829041723,-0.003268046930783841,0.041151959732319505,-0.0040471119723089624,0.03394940097709257,-0.003338772394822341,-0.013016409131954261,0.001280105870463112,-8.180107743140166e-05,8.044771670020736e-06
28.318,ABORT,ABORT_SAFE_HOLD,ABORT_RETRACT_PROFILE,0.005284178380640802,0.0073567939763389285,0.6534450185788233,-0.0026439872160087365,0.00026791791342628345,0.03320040364684729,-0.0033642306650034518,0.04111500046678282,-0.004166224809592545,0.03391891045042785,-0.003437037690102645,-0.013004718876506616,0.0013177813890298102,-8.172761051119567e-05,8.281541886775592e-06
28.341,ABORT,ABORT_SAFE_HOLD,ABORT_RETRACT_PROFILE,0.005284178380640802,0.0073567939763389285,0.6534450185788233,-0.0026375974988561467,0.00028777574443282153,0.0331201683161427,-0.0036135843687491085,0.04101563795015616,-0.00447502158673264,0.03383693870616601,-0.003691787784041174,-0.012973290405609825,0.00141545414182286,-8.153009960359307e-05,8.895362206432587e-06
28.343,ABORT,ABORT_SAFE_HOLD,ABORT_RETRACT_PROFILE,0.005284178380640802,0.0073567939763389285,0.6534450185788233,-0.002637020202649136,0.00028952093929865625,0.03311291923907436,-0.0036354986857462922,0.041006660775956154,-0.004502160026468267,0.03382953274813777,-0.0037141763599065868,-0.012970450915753296,0.00142403805950502,-8.151225494864525e-05,8.949307477195425e-06
28.379,ABORT,ABORT_SAFE_HOLD,ABORT_RETRACT_PROFILE,0.005284178380640802,0.0073567939763389285,0.6534450185788233,-0.002626026194287737,0.00032140060948671024,0.032974868074119694,-0.004035809970144068,0.04083569979090529,-0.004997900946366267,0.03368849394778212,-0.004123150984197738,-0.012916375772272917,0.001580841445754835,-8.117242197673185e-05,9.93473178355336e-06
28.42,ABORT,ABORT_SAFE_HOLD,ABORT_RETRACT_PROFILE,0.005284178380640802,0.0073567939763389285,0.6534450185788233,-0.0026120879220419228,0.0003586722384321664,0.0327998459477271,-0.004503827787352975,0.04061895438970858,-0.00557748886275698,0.03350968407862808,-0.004601297412776507,-0.012847818968713686,0.0017641657271924812,-8.074157961924704e-05,1.108682554373816e-05
28.42,ABORT,ABORT_SAFE_HOLD,ABORT_RETRACT_PROFILE,0.005284178380640802,0.0073567939763389285,0.6534450185788233,-0.0026120879220419228,0.0003586722384321664,0.0327998459477271,-0.004503827787352975,0.04061895438970858,-0.00557748886275698,0.03350968407862808,-0.004601297412776507,-0.012847818968713686,0.0017641657271924812,-8.074157961924704e-05,1.108682554373816e-05
28.431,ABORT,ABORT_SAFE_HOLD,ABORT_RETRACT_PROFILE,0.005284178380640802,0.0073567939763389285,0.6534450185788233,-0.0026080867447276722,0.0003688244890168841,0.032749603381843496,-0.004631309045694828,0.04055673457028319,-0.005735360196249912,0.03345835418784926,-0.00473153755780004,-0.012828138772897374,0.0018141005998040844,-8.061790025380029e-05,1.1400639156972031e-05
28.438,ABORT,ABORT_SAFE_HOLD,ABORT_RETRACT_PROFILE,0.005284178380640802,0.0073567939763389285,0.6534450185788233,-0.002605482268554069,0.00037531539806767597,0.03271689911620686,-0.00471281503756062,0.040516233981458455,-0.005836296285137669,0.03342494215258379,-0.0048148074622468675,-0.012815328393084191,0.0018460267932998104,-8.053739395898421e-05,1.1601277981378873e-05
28.474,ABORT,ABORT_SAFE_HOLD,ABORT_RETRACT_PROFILE,0.005284178380640802,0.0073567939763389285,0.6534450185788233,-0.002591365576278295,0.0004090349861236855,0.03253963657920355,-0.005136230070540578,0.040296714081364524,-0.0063606486232535035,0.03324384338695473,-0.005247385835081679,-0.012745894012539144,0.002011880001910243,-8.01010365057275e-05,1.2643575516916734e-05
28.474,ABORT,ABORT_SAFE_HOLD,ABORT_RETRACT_PROFILE,0.005284178380640802,0.0073567939763389285,0.6534450185788233,-0.002591365576278295,0.0004090349861236855,0.03253963657920355,-0.005136230070540578,0.040296714081364524,-0.0063606486232535035,0.03324384338695473,-0.005247385835081679,-0.012745894012539144,0.002011880001910243,-8.01010365057275e-05,1.2643575516916734e-05
28.5,ABORT,ABORT_SAFE_HOLD,ABORT_RETRACT_PROFILE,0.005284178380640802,0.0073567939763389285,0.6534450185788233,-0.0025804106053329092,0.0004336931655058075,0.03240207560495824,-0.005445861487714613,0.04012636014288631,-0.0067440926318582,0.033103305385774634,-0.005563718143070425,-0.012692010878542714,0.0021331637543162184,-7.976241020936532e-05,1.3405778173667627e-05
28.502,ABORT,ABORT_SAFE_HOLD,ABORT_RETRACT_PROFILE,0.005284178380640802,0.0073567939763389285,0.6534450185788233,-0.0025795413133019494,0.0004355990678828843,0.03239115995221223,-0.005469793800188482,0.04011284232326817,-0.006773730134130789,0.03309215350184158,-0.005588168386877925,-0.012687735177655899,0.0021425381281671503,-7.973553974641581e-05,1.3464691033080479e-05
28.533,ABORT,ABORT_SAFE_HOLD,ABORT_RETRACT_PROFILE,0.005284178380640802,0.0073567939763389285,0.6534450185788233,-0.0025655783013513378,0.0004652826544509173,0.032215827170692254,-0.005842528982029685,0.03989571221031183,-0.007235321123758491,0.03291302625451472,-0.0059689701201663765,-0.01261905668935325,0.00228853985473618,-7.930393266626305e-05,1.4382232762071784e-05
28.573,ABORT,ABORT_SAFE_HOLD,ABORT_RETRACT_PROFILE,0.005284178380640802,0.0073567939763389285,0.6534450185788233,-0.0025461956850508023,0.0005038960422596747,0.0319724407121597,-0.00632739519229761,0.039594305201450804,-0.007835773897572463,0.03266437254597475,-0.006464329566438586,-0.012523721328216306,0.002478463713021869,-7.870480158646555e-05,1.557580128624783e-05
28.582,ABORT,ABORT_SAFE_HOLD,ABORT_RETRACT_PROFILE,0.005284178380640802,0.0073567939763389285,0.6534450185788233,-0.0025416213762189796,0.0005126186887488246,0.031915001364986484,-0.006436924989777377,0.03952317297032016,-0.00797141434708052,0.032605690124705926,-0.006576229753914846,-0.012501222126990221,0.0025213669331145064,-7.856340629971772e-05,1.5845424774052824e-05
28.585,ABORT,ABORT_SAFE_HOLD,ABORT_RETRACT_PROFILE,0.005284178380640802,0.0073567939763389285,0.6534450185788233,-0.0025400791559147765,0.0005155283442788669,0.03189563578851853,-0.0064734613759920255,0.03949919086172929,-0.008016660590236133,0.03258590544795848,-0.006613556842626749,-0.012493636560244523,0.0025356783684976143,-7.851573512355574e-05,1.5935364389661107e-05
28.585,ABORT,ABORT_SAFE_HOLD,ABORT_RETRACT_PROFILE,0.005284178380640802,0.0073567939763389285,0.6534450185788233,-0.0025400791559147765,0.0005155283442788669,0.03189563578851853,-0.0064734613759920255,0.03949919086172929,-0.008016660590236133,0.03258590544795848,-0.006613556842626749,-0.012493636560244523,0.0025356783684976143,-7.851573512355574e-05,1.5935364389661107e-05
28.625,ABORT,ABORT_SAFE_HOLD,ABORT_RETRACT_PROFILE,0.005284178380640802,0.0073567939763389285,0.6534450185788233,-0.002518681099261064,0.0005543906266232957,0.031626941555104725,-0.0069614529414052965,0.03916644299366897,-0.00862098376814599,0.032311396266122845,-0.007112109281442916,-0.012388388051628372,0.002726826439762363,-7.785430528406845e-05,1.7136626428974648e-05
28.669,ABORT,ABORT_SAFE_HOLD,ABORT_RETRACT_PROFILE,0.005284178380640802,0.0073567939763389285,0.6534450185788233,-0.002493346674744982,0.0005971638403771298,0.031308818564569164,-0.007498553859784126,0.03877248311765385,-0.009286123407553718,0.03198638861431911,-0.0076608338736833485,-0.012263778119048186,0.002937210823221312,-7.707119938747445e-05,1.845877826572314e-05
28.669,ABORT,ABORT_SAFE_HOLD,ABORT_RETRACT_PROFILE,0.005284178380640802,0.0073567939763389285,0.6534450185788233,-0.002493346674744982,0.0005971638403771298,0.031308818564569164,-0.007498553859784126,0.03877248311765385,-0.009286123407553718,0.03198638861431911,-0.0076608338736833485,-0.012263778119048186,0.002937210823221312,-7.707119938747445e-05,1.845877826572314e-05
28.694,ABORT,ABORT_SAFE_HOLD,ABORT_RETRACT_PROFILE,0.005284178380640802,0.0073567939763389285,0.6534450185788233,-0.002478114359455863,0.0006214104101690507,0.031117547210073655,-0.00780301671772427,0.03853561485806834,-0.009663166731468721,0.03179097785926097,-0.007971885767021814,-0.01218885643373371,0.003056470032174494,-7.660035719746866e-05,1.9208257764031002e-05
28.734,ABORT,ABORT_SAFE_HOLD,ABORT_RETRACT_PROFILE,0.005284178380640802,0.0073567939763389285,0.6534450185788233,-0.002452484814249942,0.0006600208832623855,0.03079571840508942,-0.008287846328069186,0.0381370657437895,-0.010263574180356295,0.03146218419359525,-0.008467207821293482,-0.012062794920153903,0.0032463795541372064,-7.580812890094512e-05,2.04017361921864e-05
28.754,ABORT,ABORT_SAFE_HOLD,ABORT_RETRACT_PROFILE,0.005284178380640802,0.0073567939763389285,0.6534450185788233,-0.00243909238464873,0.0006792065714760171,0.030627550395092972,-0.008528759971326764,0.037928808402009906,-0.010561918883039763,0.03129037677425269,-0.008713335199106737,-0.011996922898919215,0.0033407463045359576,-7.539415894541003e-05,2.099478007841211e-05
28.761,ABORT,ABORT_SAFE_HOLD,ABORT_RETRACT_PROFILE,0.005284178380640802,0.0073567939763389285,0.6534450185788233,-0.002434314509390688,0.0006858985290622918,0.0305675548753791,-0.008612790518716208,0.037854510636016483,-0.010665981352637749,0.031229082861014532,-0.008799184294265964,-0.011973422435610755,0.0033736613756134874,-7.524647126908694e-05,2.1201633462519658e-05
28.798000000000002,ABORT,ABORT_SAFE_HOLD,ABORT_RETRACT_PROFILE,0.005284178380640802,0.0073567939763389285,0.6534450185788233,-0.002408284907900844,0.0007210381630413895,0.030240702585399442,-0.009054036991106358,0.037449740495326976,-0.011212415941544023,0.0308951569945623,-0.009249980005750934,-0.011845393204685077,0.003546499223903596,-7.44418769354067e-05,2.2287825673269053e-05
28.808,ABORT,ABORT_SAFE_HOLD,ABORT_RETRACT_PROFILE,0.005284178380640802,0.0073567939763389285,0.6534450185788233,-0.0024010273868971836,0.0007304602725089132,0.030149570288942752,-0.009172349907156985,0.03733688330084189,-0.011358933304718004,0.03080205245777605,-0.009370853391729519,-0.01180969635266496,0.003592842823489447,-7.421754156560132e-05,2.2579070081749233e-05
28.838,ABORT,ABORT_SAFE_HOLD,ABORT_RETRACT_PROFILE,0.005284178380640802,0.0073567939763389285,0.6534450185788233,-0.0023786920297810864,0.0007585061170089708,0.029869106424608983,-0.009524520050938628,0.03698956005635195,-0.011795056786227068,0.03051551893245786,-0.009730645028521204,-0.011699837636804867,0.00373078914984425,-7.352713907198852e-05,2.344598798584499e-05
28.838,ABORT,ABORT_SAFE_HOLD,ABORT_RETRACT_PROFILE,0.005284178380640802,0.0073567939763389285,0.6534450185788233,-0.0023786920297810864,0.0007585061170089708,0.029869106424608983,-0.009524520050938628,0.03698956005635195,-0.011795056786227068,0.03051551893245786,-0.009730645028521204,-0.011699837636804867,0.00373078914984425,-7.352713907198852e-05,2.344598798584499e-05
28.869,ABORT,ABORT_SAFE_HOLD,ABORT_RETRACT_PROFILE,0.005284178380640802,0.0073567939763389285,0.6534450185788233,-0.00235473406835096,0.0007870987216046598,0.029568267606168507,-0.009883555831499089,0.03661700470153833,-0.012239682593863502,0.030208169508299156,-0.01009745088482549,-0.011581997977306321,0.0038714247710993936,-7.278658067270875e-05,2.4329806650983867e-05
28.869,ABORT,ABORT_SAFE_HOLD,ABORT_RETRACT_PROFILE,0.005284178380640802,0.0073567939763389285,0.6534450185788233,-0.00235473406835096,0.0007870987216046598,0.029568267606168507,-0.009883555831499089,0.03661700470153833,-0.012239682593863502,0.030208169508299156,-0.01009745088482549,-0.011581997977306321,0.0038714247710993936,-7.278658067270875e-05,2.4329806650983867e-05
28.897,ABORT,ABORT_SAFE_HOLD,ABORT_RETRACT_PROFILE,0.005284178380640802,0.0073567939763389285,0.6534450185788233,-0.002332338205431559,0.0008125418778219326,0.02928704397375397,-0.010203044160091846,0.03626874056893969,-0.012635333288925767,0.029920859772373142,-0.01042385342266101,-0.0114718416575253,0.003996569511563064,-7.209430789973294e-05,2.5116273525297946e-05
28.905,ABORT,ABORT_SAFE_HOLD,ABORT_RETRACT_PROFILE,0.005284178380640802,0.0073567939763389285,0.6534450185788233,-0.0023258090592030026,0.0008197391374080613,0.029205057839726968,-0.010293419757206617,0.036167209877486485,-0.012747253395593279,0.029837099334764645,-0.010516184883990426,-0.011439727390598488,0.004031969961698423,-7.189248713573408e-05,2.5338746169886235e-05
28.924,ABORT,ABORT_SAFE_HOLD,ABORT_RETRACT_PROFILE,0.005284178380640802,0.0073567939763389285,0.6534450185788233,-0.002310072614792727,0.0008366960828980282,0.029007456163280137,-0.010506347199319721,0.03592250221953847,-0.01301094030660174,0.02963522126004157,-0.01073372039706118,-0.011362326095148832,0.004115374415307755,-7.140606193980006e-05,2.586289796157138e-05
28.941,ABORT,ABORT_SAFE_HOLD,ABORT_RETRACT_PROFILE,0.005284178380640802,0.0073567939763389285,0.6534450185788233,-0.0022957210329088364,0.0008516977883707192,0.028827244130244963,-0.010694722798894789,0.035699329697265095,-0.013244222496386045,0.02945110916683845,-0.01092617272869538,-0.01129173638627917,0.00418916182288645,-7.09624438741285e-05,2.6326611830705198e-05
28.948,ABORT,ABORT_SAFE_HOLD,ABORT_RETRACT_PROFILE,0.005284178380640802,0.0073567939763389285,0.6534450185788233,-0.002289737681866027,0.0008578262561531605,0.028752111516675852,-0.010771677635469566,0.03560628632722589,-0.013339522486571363,0.029374350570206167,-0.011004792983987217,-0.011262306668245719,0.004219305312299644,-7.077749404509088e-05,2.6516047326051452e-05
28.985,ABORT,ABORT_SAFE_HOLD,ABORT_RETRACT_PROFILE,0.005284178380640802,0.0073567939763389285,0.6534450185788233,-0.00225740541142489,0.0008897213422715645,0.028346116955520133,-0.011172182496866169,0.035103507302338535,-0.013835503130012538,0.028959569674477232,-0.011413965374575378,-0.011103277121816631,0.004376184523364045,-6.977807952842583e-05,2.7501948150277427e-05
28.985,ABORT,ABORT_SAFE_HOLD,ABORT_RETRACT_PROFILE,0.005284178380640802,0.0073567939763389285,0.6534450185788233,-0.00225740541142489,0.0008897213422715645,0.028346116955520133,-0.011172182496866169,0.035103507302338535,-0.013835503130012538,0.028959569674477232,-0.011413965374575378,-0.011103277121816631,0.004376184523364045,-6.977807952842583e-05,2.7501948150277427e-05
29.009,ABORT,ABORT_SAFE_HOLD,ABORT_RETRACT_PROFILE,0.005284178380640802,0.0073567939763389285,0.6534450185788233,-0.0022358087452352534,0.0009099363300420056,0.02807492879296747,-0.011426020998667952,0.03476767098093292,-0.014149853829813711,0.028682512591115133,-0.011673297324363376,-0.010997051732085001,0.004475613987869344,-6.911051052052747e-05,2.8126808451033794e-05
29.028,ABORT,ABORT_SAFE_HOLD,ABORT_RETRACT_PROFILE,0.005284178380640802,0.0073567939763389285,0.6534450185788233,-0.0022183701864168753,0.0009256590986225554,0.027855953758487755,-0.011623450948464842,0.03449649480064867,-0.014394348823440898,0.028458798606658738,-0.011874999956012829,-0.010911278414547265,0.004552948017365554,-6.857147170280715e-05,2.8612810916903732e-05
29.066,ABORT,ABORT_SAFE_HOLD,ABORT_RETRACT_PROFILE,0.005284178380640802,0.0073567939763389285,0.6534450185788233,-0.0021826092195190066,0.0009563178957472103,0.027406905242435144,-0.012008431796217163,0.03394039825003145,-0.014871104705791208,0.028000032003520393,-0.012268312369890084,-0.01073538447737427,0.004703746415816157,-6.746607362961045e-05,2.9560497129217578e-05
29.108,ABORT,ABORT_SAFE_HOLD,ABORT_RETRACT_PROFILE,0.005284178380640802,0.0073567939763389285,0.6534450185788233,-0.0021417545770739434,0.000988906366402989,0.02689389571961632,-0.012417643449531645,0.0333050931195722,-0.015377867740843511,0.02747592018097149,-0.012686379980503712,-0.010534436781189763,0.004864036108946158,-6.620322625837215e-05,3.056783098498846e-05
29.126,ABORT,ABORT_SAFE_HOLD,ABORT_RETRACT_PROFILE,0.005284178380640802,0.0073567939763389285,0.6534450185788233,-0.0021238321226073253,0.001002432211379001,0.026668844433804052,-0.012587486749132076,0.033026392179076255,-0.015588199742123705,0.02724599844594027,-0.012859898945243746,-0.010446283373902417,0.004930564347212672,-6.564922986641397e-05,3.0985924908945875e-05
29.135,ABORT,ABORT_SAFE_HOLD,ABORT_RETRACT_PROFILE,0.005284178380640802,0.0073567939763389285,0.6534450185788233,-0.0021147802099273716,0.0010090923975400305,0.026555180058677404,-0.01267111834446298,0.032885631515859666,-0.015691768154051565,0.027129874202321606,-0.012945340454420239,-0.010401760624705774,0.0049633231473176645,-6.536942851585926e-05,3.119179621467872e-05
29.165,ABORT,ABORT_SAFE_HOLD,ABORT_RETRACT_PROFILE,0.005284178380640802,0.0073567939763389285,0.6534450185788233,-0.002084180077627975,0.0010307845968716251,0.026170935861944668,-0.012943506111482515,0.03240978789371367,-0.016029090051920044,0.02673731438170292,-0.013223623103498963,-0.010251250775139146,0.005070018426482586,-6.442355567690833e-05,3.1862318223018846e-05
29.169,ABORT,ABORT_SAFE_HOLD,ABORT_RETRACT_PROFILE,0.005284178380640802,0.0073567939763389285,0.6534450185788233,-0.0020800512704134454,0.0010336166127224333,0.026119090654345922,-0.012979067580468372,0.03234558338110301,-0.01607312896872074,0.026684347165625334,-0.013259954176302999,-0.010230942818733326,0.00508394798324087,-6.429593117635788e-05,3.194985793842102e-05
29.21,ABORT,ABORT_SAFE_HOLD,ABORT_RETRACT_PROFILE,0.005284178380640802,0.0073567939763389285,0.6534450185788233,-0.002037089915838261,0.0010618000651090357,0.02557962726190767,-0.013332965658995924,0.031677518080818104,-0.016511392304872544,0.026133208971824043,-0.013621511142954349,-0.010019633045591688,0.005222571147921089,-6.296796376694873e-05,3.2821029404594045e-05
29.243,ABORT,ABORT_SAFE_HOLD,ABORT_RETRACT_PROFILE,0.005284178380640802,0.0073567939763389285,0.6534450185788233,-0.002001692365423058,0.0010833307590788171,0.025135142146859184,-0.013603325411972553,0.031127072793854495,-0.016846202733326144,0.0256791045285695,-0.013897721888707883,-0.009845526609191595,0.005328472046608407,-6.187379916741212e-05,3.3486559162129845e-05
29.243,ABORT,ABORT_SAFE_HOLD,ABORT_RETRACT_PROFILE,0.005284178380640802,0.0073567939763389285,0.6534450185788233,-0.002001692365423058,0.0010833307590788171,0.025135142146859184,-0.013603325411972553,0.031127072793854495,-0.016846202733326144,0.0256791045285695,-0.013897721888707883,-0.009845526609191595,0.005328472046608407,-6.187379916741212e-05,3.3486559162129845e-05
29.273,ABORT,ABORT_SAFE_HOLD,ABORT_RETRACT_PROFILE,0.005284178380640802,0.0073567939763389285,0.6534450185788233,-0.0019689105128653972,0.0011019763547802472,0.024723502207522133,-0.013837457142933749,0.030617302597141953,-0.017136148793324497,0.02525855608016174,-0.014136920583415036,-0.009684285747593549,0.005420182297291139,-6.086048773328486e-05,3.4062908387273246e-05
29.286,ABORT,ABORT_SAFE_HOLD,ABORT_RETRACT_PROFILE,0.005284178380640802,0.0073567939763389285,0.6534450185788233,-0.001954533945392674,0.0011097745459782134,0.024542976431807126,-0.013935378605609576,0.03039374153951928,-0.017257413613669746,0.025074123454414045,-0.014236961214215972,-0.009613573144574944,0.0054585384904152065,-6.0416097344487016e-05,3.430395627474424e-05
29.298,ABORT,ABORT_SAFE_HOLD,ABORT_RETRACT_PROFILE,0.005284178380640802,0.0073567939763389285,0.6534450185788233,-0.0019411742350338194,0.0011168190988473249,0.024375219275557143,-0.014023836672785527,0.030185992994324125,-0.01736695907317428,0.02490273578031262,-0.014327333647366915,-0.009547862056247245,0.005493187837098424,-6.000313876505823e-05,3.452170864118017e-05
29.341,ABORT,ABORT_SAFE_HOLD,ABORT_RETRACT_PROFILE,0.005284178380640802,0.0073567939763389285,0.6534450185788233,-0.0018926278882637336,0.001140825039322105,0.023765625439933488,-0.014325277961479813,0.029431078954639117,-0.017740260520265273,0.02427994941477351,-0.014635298580144292,-0.009309081933407088,0.005611263486386903,-5.850253509475898e-05,3.5263750108400074e-05
29.346,ABORT,ABORT_SAFE_HOLD,ABORT_RETRACT_PROFILE,0.005284178380640802,0.0073567939763389285,0.6534450185788233,-0.0018869170925498954,0.0011434887587907544,0.023693915288804115,-0.014358726141949696,0.029342273922973873,-0.017781682364718145,0.02420668734782949,-0.01466947062968187,-0.00928099280636065,0.005624365260346292,-5.8326010153570296e-05,3.5346087657510275e-05
29.369,ABORT,ABORT_SAFE_HOLD,ABORT_RETRACT_PROFILE,0.005284178380640802,0.0073567939763389285,0.6534450185788233,-0.0018604788507871463,0.0011553928130208742,0.02336193172514633,-0.014508204703374267,0.02893114927160084,-0.017966794906966673,0.023867519159198394,-0.01482218413260039,-0.009150953636870001,0.005682916556591625,-5.750878444525217e-05,3.571405082379669e-05
29.377,ABORT,ABORT_SAFE_HOLD,ABORT_RETRACT_PROFILE,0.005284178380640802,0.0073567939763389285,0.6534450185788233,-0.0018512196416580265,0.0011593977258124025,0.023245664339783777,-0.01455849417544285,0.02878716507025493,-0.0180290728144755,0.02374873557227678,-0.014873561944684777,-0.009105411279095383,0.005702615125731218,-5.722257540733982e-05,3.583784565562324e-05
29.39,ABORT,ABORT_SAFE_HOLD,ABORT_RETRACT_PROFILE,0.005284178380640802,0.0073567939763389285,0.6534450185788233,-0.0018361059469983784,0.0011657548289942309,0.023055882498079952,-0.014638319974290683,0.028552141406288707,-0.018127928171530826,0.02355484656531344,-0.014955115294202882,-0.00903107304135958,0.005733883181510029,-5.6755399869179145e-05,3.603434844114284e-05
29.39,ABORT,ABORT_SAFE_HOLD,ABORT_RETRACT_PROFILE,0.005284178380640802,0.0073567939763389285,0.6534450185788233,-0.0018361059469983784,0.0011657548289942309,0.023055882498079952,-0.014638319974290683,0.028552141406288707,-0.018127928171530826,0.02355484656531344,-0.014955115294202882,-0.00903107304135958,0.005733883181510029,-5.6755399869179145e-05,3.603434844114284e-05
29.419,ABORT,ABORT_SAFE_HOLD,ABORT_RETRACT_PROFILE,0.005284178380640802,0.0073567939763389285,0.6534450185788233,-0.001802101015147359,0.0011792552416318503,0.022628884418587857,-0.014807843921401357,0.028023351864318785,-0.01833786469033722,0.023118607603436474,-0.015128307995183674,-0.008863816340396843,0.005800286328244645,-5.570428214479954e-05,3.645165623261294e-05
29.429,ABORT,ABORT_SAFE_HOLD,ABORT_RETRACT_PROFILE,0.005284178380640802,0.0073567939763389285,0.6534450185788233,-0.0017902861935358287,0.0011836901057820585,0.022480526346300943,-0.014863532269292885,0.02783962692301354,-0.018406828503967597,0.02296703883873033,-0.01518520152290572,-0.008805703943822563,0.005822099656682752,-5.5339077225093446e-05,3.658874118058233e-05
29.452,ABORT,ABORT_SAFE_HOLD,ABORT_RETRACT_PROFILE,0.005284178380640802,0.0073567939763389285,0.6534450185788233,-0.0017629478495360502,0.0011934558451847216,0.022137240247815507,-0.01498616012774667,0.027414505341673695,-0.018558689442503107,0.022616323511372854,-0.01531048323314832,-0.008671237530326418,0.005870133434903727,-5.449402868745044e-05,3.689060744582832e-05
29.471,ABORT,ABORT_SAFE_HOLD,ABORT_RETRACT_PROFILE,0.005284178380640802,0.0073567939763389285,0.6534450185788233,-0.0017401992661246531,0.0012010619118185723,0.02185158752336986,-0.01508166909272187,0.02706075627211876,-0.018676966653265577,0.02232448883118478,-0.015408059156160161,-0.008559346319085781,0.005907544643902885,-5.3790853061838045e-05,3.7125716620188064e-05
29.483,ABORT,ABORT_SAFE_HOLD,ABORT_RETRACT_PROFILE,0.005284178380640802,0.0073567939763389285,0.6534450185788233,-0.0017257588340854947,0.0012056486264545813,0.02167025980376815,-0.01513926421890341,0.0268362020963513,-0.018748291799339917,0.02213923690627529,-0.015466900727729977,-0.008488319591729646,0.005930104864333187,-5.334448857181177e-05,3.726749537956634e-05
29.495,ABORT,ABORT_SAFE_HOLD,ABORT_RETRACT_PROFILE,0.005284178380640802,0.0073567939763389285,0.6534450185788233,-0.0017112643763344984,0.0012100660312113936,0.021488253686241725,-0.015194733330141801,0.026610807800346498,-0.01881698411280446,0.021953291901886912,-0.015523570274187087,-0.008417027133438695,0.005951832316976776,-5.289645410686733e-05,3.7404040644705723e-05
29.509,ABORT,ABORT_SAFE_HOLD,ABORT_RETRACT_PROFILE,0.005284178380640802,0.0073567939763389285,0.6534450185788233,-0.0016942886121596476,0.001215004381540394,0.02127508993892621,-0.01525674392659236,0.02634682825167584,-0.018893777326800587,0.021735514969612804,-0.015586922873461398,-0.008333530118222009,0.005976122093172934,-5.2371720615641734e-05,3.7556688724776867e-05
29.534,ABORT,ABORT_SAFE_HOLD,ABORT_RETRACT_PROFILE,0.005284178380640802,0.0073567939763389285,0.6534450185788233,-0.0016638089772370642,0.0012232417736077938,0.020892358821199445,-0.015360180410694525,0.02587285840927958,-0.019021871886655335,0.021344500973311614,-0.0156925978790694,-0.008183612947205914,0.006016638540250849,-5.142957244019152e-05,3.781131263764463e-05
29.546,ABORT,ABORT_SAFE_HOLD,ABORT_RETRACT_PROFILE,0.005284178380640802,0.0073567939763389285,0.6534450185788233,-0.0016491077778000242,0.0012269291996650272,0.020707756659567464,-0.015406483219110843,0.025644249201921685,-0.01907921275545622,0.02115590374250821,-0.015739902750087905,-0.008111303608995585,0.006034775518736174,-5.0975147436029984e-05,3.792529371847955e-05
29.546,ABORT,ABORT_SAFE_HOLD,ABORT_RETRACT_PROFILE,0.005284178380640802,0.0073567939763389285,0.6534450185788233,-0.0016491077778000242,0.0012269291996650272,0.020707756659567464,-0.015406483219110843,0.025644249201921685,-0.01907921275545622,0.02115590374250821,-0.015739902750087905,-0.008111303608995585,0.006034775518736174,-5.0975147436029984e-05,3.792529371847955e-05
29.576999999999998,ABORT,ABORT_SAFE_HOLD,ABORT_RETRACT_PROFILE,0.005284178380640802,0.0073567939763389285,0.6534450185788233,-0.0016109348168011593,0.0012356478552617263,0.020228420864793532,-0.015515962903171199,0.02505064523145467,-0.019214791145078364,0.02066619439826156,-0.015851751739614783,-0.00792354603457604,0.006077659109220137,-4.979519283198171e-05,3.819479384483188e-05
29.631,ABORT,ABORT_SAFE_HOLD,ABORT_RETRACT_PROFILE,0.005284178380640802,0.0073567939763389285,0.6534450185788233,-0.0015438594768784934,0.0012480254935883222,0.01938615947007178,-0.015671388234333734,0.024007598345474224,-0.019407268099011554,0.01980570519676559,-0.016010540709336565,-0.007593629182497921,0.006138539776803486,-4.772184420801182e-05,3.8577395847625044e-05
29.643,ABORT,ABORT_SAFE_HOLD,ABORT_RETRACT_PROFILE,0.005284178380640802,0.0073567939763389285,0.6534450185788233,-0.0015288694247823412,0.001250286713829344,0.019197930201312,-0.01569978225389699,0.023774497370099325,-0.019442430928355885,0.019613402362766198,-0.016039549218303445,-0.007519899093231859,0.006149661817551,-4.725849055341048e-05,3.864729184637243e-05
29.657,ABORT,ABORT_SAFE_HOLD,ABORT_RETRACT_PROFILE,0.005284178380640802,0.0073567939763389285,0.6534450185788233,-0.0015113482440146492,0.0012526984218979942,0.018977917687509123,-0.01573006594092571,0.02350203638727744,-0.019479933900294604,0.019388628446369495,-0.01607048828998951,-0.007433719391269361,0.006161524047918492,-4.671689782981183e-05,3.8721839535751543e-05
29.67,ABORT,ABORT_SAFE_HOLD,ABORT_RETRACT_PROFILE,0.005284178380640802,0.0073567939763389285,0.6534450185788233,-0.0014950498022723389,0.0012547189767319565,0.018773259041134815,-0.015755437938063957,0.023248589458417287,-0.01951135429160305,0.01917954067824728,-0.016096409375408675,-0.007353553855029051,0.006171462351489383,-4.621310087852939e-05,3.8784296387844755e-05
29.684,ABORT,ABORT_SAFE_HOLD,ABORT_RETRACT_PROFILE,0.005284178380640802,0.0073567939763389285,0.6534450185788233,-0.0014774698727738316,0.0012566586284065812,0.018552508822714836,-0.015779794038631282,0.022975214910627963,-0.01954151660820758,0.018954013092193044,-0.016121292578723075,-0.007267085191484598,0.006181002724678069,-4.566969218798467e-05,3.884425246313562e-05
29.696,ABORT,ABORT_SAFE_HOLD,ABORT_RETRACT_PROFILE,0.005284178380640802,0.0073567939763389285,0.6534450185788233,-0.0014623809861843366,0.0012581256968747898,0.018363038494598437,-0.015798215937582672,0.022740577021528475,-0.019564330077346155,0.018760442340440945,-0.01614011315534936,-0.007192868974754136,0.006188218649507857,-4.52032834857159e-05,3.88896006401756e-05
29.713,ABORT,ABORT_SAFE_HOLD,ABORT_RETRACT_PROFILE,0.005284178380640802,0.0073567939763389285,0.6534450185788233,-0.001440977299919824,0.0012598944999980893,0.018094273570468052,-0.01582042670218463,0.02240774161089259,-0.019591835634407768,0.018485860938035007,-0.016162804594392774,-0.007087592776327157,0.006196918686795148,-4.454167963077346e-05,3.894427565972816e-05
29.752,ABORT,ABORT_SAFE_HOLD,ABORT_RETRACT_PROFILE,0.005284178380640802,0.0073567939763389285,0.6534450185788233,-0.0013917828650549515,0.001262577503712813,0.017476541727892113,-0.015854117033883463,0.021642749556397847,-0.019633557356175304,0.017854760446800445,-0.016197224035677082,-0.006845624966561405,0.006210115312271754,-4.3021043075645204e-05,3.902720929922133e-05
29.756,ABORT,ABORT_SAFE_HOLD,ABORT_RETRACT_PROFILE,0.005284178380640802,0.0073567939763389285,0.6534450185788233,-0.0013867322148741548,0.0012627442205017925,0.017413120988311305,-0.01585621048753381,0.021564210037264133,-0.01963614986525221,0.01778996718677195,-0.01619936279482151,-0.006820782832171667,0.006210935325681633,-4.286492372366605e-05,3.9032362639113794e-05
29.777,ABORT,ABORT_SAFE_HOLD,ABORT_RETRACT_PROFILE,0.005284178380640802,0.0073567939763389285,0.6534450185788233,-0.0013602079016699362,0.001263288021057036,0.017080056630245,-0.015863038961524967,0.021151746942446755,-0.019644606169408028,0.01744969481371142,-0.016206339047287677,-0.006690320311579761,0.006213610063782865,-4.204503748310255e-05,3.904917191856326e-05
29.821,ABORT,ABORT_SAFE_HOLD,ABORT_RETRACT_PROFILE,0.005284178380640802,0.0073567939763389285,0.6534450185788233,-0.00130462893503751,0.0012626210763566233,0.016382154569562307,-0.015854664173201572,0.02028747300602242,-0.01963423492725422,0.016736689099947653,-0.016197783015915165,-0.006416949535758637,0.006210329628732904,-4.0327050304478216e-05,3.902855616203546e-05
29.825,ABORT,ABORT_SAFE_HOLD,ABORT_RETRACT_PROFILE,0.005284178380640802,0.0073567939763389285,0.6534450185788233,-0.0012995788077276586,0.0012624392129104132,0.01631874039564352,-0.015852380523800315,0.020208941617729514,-0.019631406881932923,0.016671902547672,-0.01619544994489695,-0.006392109973162594,0.006209435114955548,-4.0170947114828706e-05,3.902293462770728e-05
29.838,ABORT,ABORT_SAFE_HOLD,ABORT_RETRACT_PROFILE,0.005284178380640802,0.0073567939763389285,0.6534450185788233,-0.0012831716151205867,0.001261708733783609,0.0161127161705761,-0.015843207937140797,0.019953803571821454,-0.019620047655436786,0.016461419647674363,-0.016186078849629183,-0.0063114095347808355,0.006205842179395298,-3.9663788593465976e-05,3.900035497482524e-05
29.838,ABORT,ABORT_SAFE_HOLD,ABORT_RETRACT_PROFILE,0.005284178380640802,0.0073567939763389285,0.6534450185788233,-0.0012831716151205867,0.001261708733783609,0.0161127161705761,-0.015843207937140797,0.019953803571821454,-0.019620047655436786,0.016461419647674363,-0.016186078849629183,-0.0063114095347808355,0.006205842179395298,-3.9663788593465976e-05,3.900035497482524e-05
29.876,ABORT,ABORT_SAFE_HOLD,ABORT_RETRACT_PROFILE,0.005284178380640802,0.0073567939763389285,0.6534450185788233,-0.0012352846936864346,0.0012583526395402382,0.015511402703025104,-0.01580106564428774,0.019209143845330758,-0.01956785912156367,0.015847092849860408,-0.016143024534005092,-0.006075872862234969,0.006189334889990175,-3.818356825054822e-05,3.8896615606684445e-05
29.923000000000002,ABORT,ABORT_SAFE_HOLD,ABORT_RETRACT_PROFILE,0.005284178380640802,0.0073567939763389285,0.6534450185788233,-0.0011762877547936096,0.0012516947282285762,0.014770581350595502,-0.0157174626141166,0.01829171914848259,-0.01946432608440322,0.01509023900615087,-0.0160576122081815,-0.005785690443715631,0.006156587278962167,-3.635992900827373e-05,3.869081461823678e-05
29.941,ABORT,ABORT_SAFE_HOLD,ABORT_RETRACT_PROFILE,0.005284178380640802,0.0073567939763389285,0.6534450185788233,-0.001153786164919475,0.0012484147800776878,0.01448803011056159,-0.01567627648360474,0.01794181092177982,-0.019413321651046554,0.014801572931174466,-0.016015534747693634,-0.0056750140952008645,0.006140454521824177,-3.566438813652473e-05,3.8589428982425204e-05
29.951999999999998,ABORT,ABORT_SAFE_HOLD,ABORT_RETRACT_PROFILE,0.005284178380640802,0.0073567939763389285,0.6534450185788233,-0.0011400655782814583,0.0012462123445756658,0.0143157414505047,-0.015648620620811404,0.017728450614055577,-0.019379072946610537,0.01462555568468991,-0.015987280370322366,-0.005607528000348441,0.0061296216197685195,-3.5240274603014645e-05,3.8521350063663644e-05
29.955,ABORT,ABORT_SAFE_HOLD,ABORT_RETRACT_PROFILE,0.005284178380640802,0.0073567939763389285,0.6534450185788233,-0.0011363278784694041,0.001245585674501625,0.014268807357283832,-0.01564075155878055,0.01767032796936697,-0.019369327990118045,0.014577605866911661,-0.015979241009922037,-0.005589143745308846,0.006126539279546949,-3.512473952304234e-05,3.850197922577905e-05
29.981,ABORT,ABORT_SAFE_HOLD,ABORT_RETRACT_PROFILE,0.005284178380640802,0.0073567939763389285,0.6534450185788233,-0.0011040174990711374,0.001239689288746615,0.013863087680762637,-0.015566710963599696,0.017167889358469662,-0.019277636963171425,0.014163105804735288,-0.01590359806460278,-0.005430221872191006,0.006097537309088447,-3.412600167478726e-05,3.831971755844138e-05
29.988,ABORT,ABORT_SAFE_HOLD,ABORT_RETRACT_PROFILE,0.005284178380640802,0.0073567939763389285,0.6534450185788233,-0.0010953456924057442,0.0012379597429918096,0.013754196276184256,-0.015544993151638448,0.01703303948743522,-0.01925074187302667,0.014051857825945542,-0.01588141024643862,-0.005387568712920026,0.006089030363143659,-3.38579496837313e-05,3.8266256013334754e-05
30.037,ABORT,ABORT_SAFE_HOLD,ABORT_RETRACT_PROFILE,0.005284178380640802,0.0073567939763389285,0.6534450185788233,-0.0010350113586761168,0.0012241798985558354,0.01299658132953899,-0.01537196039463604,0.016094817795425168,-0.019036460084148533,0.013277846949315532,-0.015704632799628495,-0.00509080818245892,0.006021252802810988,-3.199297057276907e-05,3.784031077723477e-05
30.082,ABORT,ABORT_SAFE_HOLD,ABORT_RETRACT_PROFILE,0.005284178380640802,0.0073567939763389285,0.6534450185788233,-0.0009802562562467414,0.001208977606860763,0.012309024486838384,-0.015181066044777787,0.015243355258726176,-0.01880005870279745,0.012575410339652343,-0.01550960720815652,-0.0048214896661526,0.005946478791584296,-3.03004496491604e-05,3.737039663884192e-05
30.094,ABORT,ABORT_SAFE_HOLD,ABORT_RETRACT_PROFILE,0.005284178380640802,0.0073567939763389285,0.6534450185788233,-0.0009657751143560731,0.001204517781614866,0.012127185575845759,-0.0151250642617655,0.01501816802938202,-0.018730706734695415,0.012389636160399318,-0.01545239346210502,-0.00475026270326916,0.005924542689469253,-2.9852826787358342e-05,3.7232540124847536e-05
30.096,ABORT,ABORT_SAFE_HOLD,ABORT_RETRACT_PROFILE,0.005284178380640802,0.0073567939763389285,0.6534450185788233,-0.000963366837778304,0.0012037580138459715,0.01209694497786137,-0.015115523899220468,0.01498071841842339,-0.018718892058745547,0.012358741110269491,-0.015442646631726939,-0.004738417351037071,0.0059208056947568435,-2.97783851679135e-05,3.7209055138263945e-05
30.096,ABORT,ABORT_SAFE_HOLD,ABORT_RETRACT_PROFILE,0.005284178380640802,0.0073567939763389285,0.6534450185788233,-0.000963366837778304,0.0012037580138459715,0.01209694497786137,-0.015115523899220468,0.01498071841842339,-0.018718892058745547,0.012358741110269491,-0.015442646631726939,-0.004738417351037071,0.0059208056947568435,-2.97783851679135e-05,3.7209055138263945e-05
30.144,ABORT,ABORT_SAFE_HOLD,ABORT_RETRACT_PROFILE,0.005284178380640802,0.0073567939763389285,0.6534450185788233,-0.0009060469159709666,0.0011841273229425927,0.011377181837749786,-0.014869022381394476,0.014089371971059615,-0.01841362739605399,0.011623401210349878,-0.015190810449312683,-0.004456483510882944,0.005824250153563488,-2.8006583770524755e-05,3.6602255888062224e-05
30.182,ABORT,ABORT_SAFE_HOLD,ABORT_RETRACT_PROFILE,0.005284178380640802,0.0073567939763389285,0.6534450185788233,-0.0008613757254474128,0.0011667161763762317,0.010816248128317548,-0.0146503915610722,0.013394718075569072,-0.018142877486648685,0.011050328049516025,-0.014967448128327196,-0.00423676373647547,0.005738611665963316,-2.6625764060779093e-05,3.606406440343132e-05
30.182,ABORT,ABORT_SAFE_HOLD,ABORT_RETRACT_PROFILE,0.005284178380640802,0.0073567939763389285,0.6534450185788233,-0.0008613757254474128,0.0011667161763762317,0.010816248128317548,-0.0146503915610722,0.013394718075569072,-0.018142877486648685,0.011050328049516025,-0.014967448128327196,-0.00423676373647547,0.005738611665963316,-2.6625764060779093e-05,3.606406440343132e-05
30.206,ABORT,ABORT_SAFE_HOLD,ABORT_RETRACT_PROFILE,0.005284178380640802,0.0073567939763389285,0.6534450185788233,-0.0008335152097868588,0.0011548872505548046,0.010466405148692244,-0.014501856382988834,0.012961476527556724,-0.017958933219549052,0.010692913940222561,-0.014815698424988078,-0.004099728968785877,0.005680429896404335,-2.576457480889456e-05,3.569842351211158e-05
30.207,ABORT,ABORT_SAFE_HOLD,ABORT_RETRACT_PROFILE,0.005284178380640802,0.0073567939763389285,0.6534450185788233,-0.0008323605757746542,0.0011543805910841035,0.010451906472209442,-0.01449549428757592,0.012943521532289223,-0.01795105447329482,0.010678101490515592,-0.01480919864423592,-0.004094049784467941,0.005677937840488674,-2.572888421316812e-05,3.568276229119775e-05
30.247,ABORT,ABORT_SAFE_HOLD,ABORT_RETRACT_PROFILE,0.005284178380640802,0.0073567939763389285,0.6534450185788233,-0.0007866027246883583,0.0011332240067522808,0.00987732762520176,-0.014229832208972755,0.012231969654359943,-0.017622061591100965,0.010091087890751294,-0.01453778723761373,-0.003868985160037336,0.005573877037941454,-2.431447501755357e-05,3.5028796540701945e-05
30.247,ABORT,ABORT_SAFE_HOLD,ABORT_RETRACT_PROFILE,0.005284178380640802,0.0073567939763389285,0.6534450185788233,-0.0007866027246883583,0.0011332240067522808,0.00987732762520176,-0.014229832208972755,0.012231969654359943,-0.017622061591100965,0.010091087890751294,-0.01453778723761373,-0.003868985160037336,0.005573877037941454,-2.431447501755357e-05,3.5028796540701945e-05
30.271,ABORT,ABORT_SAFE_HOLD,ABORT_RETRACT_PROFILE,0.005284178380640802,0.0073567939763389285,0.6534450185788233,-0.0007595663001310252,0.0011197103586499729,0.009537832712731644,-0.014060142064851953,0.011811543034456341,-0.017411919255816505,0.009744245796391899,-0.014364424742868873,-0.0037360037678940104,0.005507408791233422,-2.3478759034337656e-05,3.461107963117845e-05
30.289,ABORT,ABORT_SAFE_HOLD,ABORT_RETRACT_PROFILE,0.005284178380640802,0.0073567939763389285,0.6534450185788233,-0.0007395057775404028,0.0011091808115062725,0.009285933821790424,-0.0139279231141427,0.011499594326579297,-0.01724818081823746,0.009486895433568565,-0.014229344374670322,-0.0036373340560182203,0.005455618147287929,-2.285867336712616e-05,3.428560350080643e-05
30.327,ABORT,ABORT_SAFE_HOLD,ABORT_RETRACT_PROFILE,0.005284178380640802,0.0073567939763389285,0.6534450185788233,-0.0006977952391473584,0.0010858685508277784,0.008762176860110844,-0.013635192324916383,0.010850979690655082,-0.016885666354145252,0.008951803581374023,-0.013930278449705479,-0.0034321765489376387,0.005340954432325907,-2.1569369615822496e-05,3.35650041918039e-05
30.341,ABORT,ABORT_SAFE_HOLD,ABORT_RETRACT_PROFILE,0.005284178380640802,0.0073567939763389285,0.6534450185788233,-0.0006826555119057716,0.001076917618521229,0.008572068128691695,-0.013522795954845557,0.010615551210201052,-0.01674647597389921,0.008757580610308947,-0.013815449652684286,-0.0033577102673112685,0.005296928365322059,-2.1101389391200233e-05,3.3288324219664676e-05
30.355,ABORT,ABORT_SAFE_HOLD,ABORT_RETRACT_PROFILE,0.005284178380640802,0.0073567939763389285,0.6534450185788233,-0.0006676424353655097,0.0010677760736243723,0.008383549743239693,-0.013408006072846968,0.010382092196018489,-0.016604321495834542,0.008564982402696104,-0.01369817554452762,-0.0032838669299851877,0.005251964750989594,-2.0637324033914012e-05,3.30057522706487e-05
30.374,ABORT,ABORT_SAFE_HOLD,ABORT_RETRACT_PROFILE,0.005284178380640802,0.0073567939763389285,0.6534450185788233,-0.0006474748557926745,0.0010550700414703534,0.00813030654359639,-0.013248457118257072,0.010068478711607348,-0.01640673789377309,0.008306258638303057,-0.013535173709948781,-0.0031846706475008053,0.005189468845109873,-2.001392915579114e-05,3.261299937050649e-05
30.378,ABORT,ABORT_SAFE_HOLD,ABORT_RETRACT_PROFILE,0.005284178380640802,0.0073567939763389285,0.6534450185788233,-0.0006432600072494572,0.0010523517377691118,0.008077380919713693,-0.01321432352654774,0.01000293622381749,-0.016364467243874064,0.008252187624103784,-0.01350030141583888,-0.0031639394881064955,0.005176098593074775,-1.9883645053803774e-05,3.2528974582186374e-05
30.394,ABORT,ABORT_SAFE_HOLD,ABORT_RETRACT_PROFILE,0.005284178380640802,0.0073567939763389285,0.6534450185788233,-0.0006265102376858222,0.0010413300605525348,0.00786705497443782,-0.013075924925283696,0.009742470976762722,-0.01619307599766813,0.008037309908185068,-0.013358907660128162,-0.003081554050271374,0.005121887357528199,-1.936589722402587e-05,3.21882863453891e-05
30.409,ABORT,ABORT_SAFE_HOLD,ABORT_RETRACT_PROFILE,0.005284178380640802,0.0073567939763389285,0.6534450185788233,-0.0006109691230692695,0.001030784596871625,0.0076719060435854365,-0.012943506111482511,0.009500800770929255,-0.01602909005192004,0.00783793766017003,-0.01322362310349896,-0.0030051135041930434,0.005070018426482584,-1.888550981723318e-05,3.186231822301884e-05
30.418,ABORT,ABORT_SAFE_HOLD,ABORT_RETRACT_PROFILE,0.005284178380640802,0.0073567939763389285,0.6534450185788233,-0.0006017209172584667,0.0010243602154498402,0.007555776826292444,-0.012862835503435269,0.009356987675341731,-0.01592918849280653,0.007719295231483372,-0.013141206661836336,-0.0029596252673538635,0.005038419455867333,-1.859964090007039e-05,3.166373581708437e-05
30.441,ABORT,ABORT_SAFE_HOLD,ABORT_RETRACT_PROFILE,0.005284178380640802,0.0073567939763389285,0.6534450185788233,-0.0005783522794511873,0.0010076183482605984,0.007262338112526714,-0.012652608787844787,0.008993596525589974,-0.015668846130660167,0.007419506061424479,-0.012926430323083049,-0.0028446842557746446,0.004956072886660933,-1.7877298932103712e-05,3.1146232255573954e-05
30.483,ABORT,ABORT_SAFE_HOLD,ABORT_RETRACT_PROFILE,0.005284178380640802,0.0073567939763389285,0.6534450185788233,-0.0005366935549930276,0.0009758859577537471,0.006739231775608957,-0.012254146886392325,0.00834578761593556,-0.015175395465467157,0.0068850789144928,-0.012519345105173154,-0.002639781600779951,0.004799993910438015,-1.6589596788048233e-05,3.016536047365664e-05
30.508,ABORT,ABORT_SAFE_HOLD,ABORT_RETRACT_PROFILE,0.005284178380640802,0.0073567939763389285,0.6534450185788233,-0.0005125399811782383,0.0009563178957472098,0.006435936663094971,-0.012008431796217156,0.007970190414611479,-0.014871104705791201,0.00657522003835256,-0.012268312369890079,-0.0025209798019579215,0.004703746415816154,-1.584299186453109e-05,2.9560497129217564e-05
30.51,ABORT,ABORT_SAFE_HOLD,ABORT_RETRACT_PROFILE,0.005284178380640802,0.0073567939763389285,0.6534450185788233,-0.000510628931410571,0.0009547313589666312,0.006411939715117457,-0.011988509740166032,0.007940472868469828,-0.0148464334592439,0.006550703760231643,-0.012247959170502074,-0.002511580110145099,0.004695942873993509,-1.5783919895448275e-05,2.9511456097823865e-05
30.542,ABORT,ABORT_SAFE_HOLD,ABORT_RETRACT_PROFILE,0.005284178380640802,0.0073567939763389285,0.6534450185788233,-0.00048048820928534757,0.000928936482857797,0.0060334643069513486,-0.011664604884027395,0.007471773248159848,-0.014445313386940262,0.00616403757346393,-0.01191704452480413,-0.0023633299160442586,0.00456906816362479,-1.485224776652816e-05,2.871411730017653e-05
30.546,ABORT,ABORT_SAFE_HOLD,ABORT_RETRACT_PROFILE,0.005284178380640802,0.0073567939763389285,0.6534450185788233,-0.0004767790142803695,0.0009256590986225551,0.00598688814704236,-0.011623450948464838,0.007414093863994262,-0.014394348823440895,0.00611645343521422,-0.011874999956012823,-0.002345085864784926,0.004552948017365553,-1.4737593791334385e-05,2.861281091690372e-05
30.565,ABORT,ABORT_SAFE_HOLD,ABORT_RETRACT_PROFILE,0.005284178380640802,0.0073567939763389285,0.6534450185788233,-0.00045934045546198836,0.0009099363300420051,0.005767913112562605,-0.011426020998667945,0.007142917683709962,-0.0141498538298137,0.005892739450757783,-0.011673297324363369,-0.002259312547247176,0.004475613987869341,-1.4198554973613968e-05,2.8126808451033774e-05
30.565,ABORT,ABORT_SAFE_HOLD,ABORT_RETRACT_PROFILE,0.005284178380640802,0.0073567939763389285,0.6534450185788233,-0.00045934045546198836,0.0009099363300420051,0.005767913112562605,-0.011426020998667945,0.007142917683709962,-0.0141498538298137,0.005892739450757783,-0.011673297324363369,-0.002259312547247176,0.004475613987869341,-1.4198554973613968e-05,2.8126808451033774e-05
30.602,ABORT,ABORT_SAFE_HOLD,ABORT_RETRACT_PROFILE,0.005284178380640802,0.0073567939763389285,0.6534450185788233,-0.0004262494983479177,0.0008786129688722028,0.005352391764125032,-0.0110326952563509,0.00662834079432352,-0.013662763725398699,0.005468225593703115,-0.011271459419818289,-0.0020965513235856447,0.004321546863862787,-1.3175688887845228e-05,2.7158580070016272e-05
30.606,ABORT,ABORT_SAFE_HOLD,ABORT_RETRACT_PROFILE,0.005284178380640802,0.0073567939763389285,0.6534450185788233,-0.0004227419224546408,0.0008751732953771825,0.005308347324434234,-0.010989503463381331,0.006573796663544004,-0.013609275502574828,0.005423227965915135,-0.011227332891312442,-0.0020792989563450295,0.0043046284814444195,-1.3067267109287273e-05,2.7052257205070252e-05
30.611,ABORT,ABORT_SAFE_HOLD,ABORT_RETRACT_PROFILE,0.005284178380640802,0.0073567939763389285,0.6534450185788233,-0.00041837683374262467,0.0008708595898096668,0.00525353514292452,-0.010935336497222028,0.006505917884348157,-0.013542195750695504,0.005367229566136732,-0.011171993670317662,-0.002057828825465775,0.004283411083764923,-1.2932338971986742e-05,2.6918917358966875e-05
30.654,ABORT,ABORT_SAFE_HOLD,ABORT_RETRACT_PROFILE,0.005284178380640802,0.0073567939763389285,0.6534450185788233,-0.00038173690567888576,0.0008331425515246137,0.0047934495593247965,-0.010461725699164667,0.0059361531554106214,-0.012955681550737851,0.004897187036664839,-0.01068813322035025,-0.0018776116287867201,0.004097896011384205,-1.1799771555691936e-05,2.5753055664956896e-05
30.692,ABORT,ABORT_SAFE_HOLD,ABORT_RETRACT_PROFILE,0.005284178380640802,0.0073567939763389285,0.6534450185788233,-0.00035072459624717204,0.0007989592370918115,0.004404029676762695,-0.010032487679296577,0.005453900023080535,-0.012424118092204018,0.004499339520570127,-0.010249605842409552,-0.001725074444253927,0.003929761917628302,-1.0841158015149237e-05,2.469642400235639e-05
30.692,ABORT,ABORT_SAFE_HOLD,ABORT_RETRACT_PROFILE,0.005284178380640802,0.0073567939763389285,0.6534450185788233,-0.00035072459624717204,0.0007989592370918115,0.004404029676762695,-0.010032487679296577,0.005453900023080535,-0.012424118092204018,0.004499339520570127,-0.010249605842409552,-0.001725074444253927,0.003929761917628302,-1.0841158015149237e-05,2.469642400235639e-05
30.724,ABORT,ABORT_SAFE_HOLD,ABORT_RETRACT_PROFILE,0.005284178380640802,0.0073567939763389285,0.6534450185788233,-0.00032562601146627615,0.000769623876220861,0.004088868112952924,-0.00966412514859126,0.005063607544079869,-0.011967942143772963,0.004177357385232578,-0.009873271391021846,-0.0016016245132945642,0.003785472974414923,-1.0065342100104165e-05,2.378964618854926e-05
30.741,ABORT,ABORT_SAFE_HOLD,ABORT_RETRACT_PROFILE,0.005284178380640802,0.0073567939763389285,0.6534450185788233,-0.00031267626111477,0.0007538561138930956,0.003926258802214682,-0.009466130214758102,0.004862234031937619,-0.011722747480371817,0.0040112289637831006,-0.009670991548229544,-0.0015379298547793466,0.003707917638616551,-9.665055689286065e-06,2.3302252932502418e-05
30.741,ABORT,ABORT_SAFE_HOLD,ABORT_RETRACT_PROFILE,0.005284178380640802,0.0073567939763389285,0.6534450185788233,-0.00031267626111477,0.0007538561138930956,0.003926258802214682,-0.009466130214758102,0.004862234031937619,-0.011722747480371817,0.0040112289637831006,-0.009670991548229544,-0.0015379298547793466,0.003707917638616551,-9.665055689286065e-06,2.3302252932502418e-05
30.786,ABORT,ABORT_SAFE_HOLD,ABORT_RETRACT_PROFILE,0.005284178380640802,0.0073567939763389285,0.6534450185788233,-0.0002797011627255542,0.0007115823983088035,0.0035121922854827597,-0.008935301467723086,0.004349458789509847,-0.011065375226278788,0.0035882014231861867,-0.009128674866579702,-0.0013757384939889396,0.0034999900874882932,-8.645770882837405e-06,2.199554095552489e-05
30.788,ABORT,ABORT_SAFE_HOLD,ABORT_RETRACT_PROFILE,0.005284178380640802,0.0073567939763389285,0.6534450185788233,-0.0002782798927445291,0.0007096873721587411,0.003494345475643635,-0.008911505727440204,0.004327357504155874,-0.011035906853446789,0.0035699683814678362,-0.009104364150591364,-0.0013687478336563402,0.0034906692094613593,-8.60183837108502e-06,2.193696428837495e-05
30.815,ABORT,ABORT_SAFE_HOLD,ABORT_RETRACT_PROFILE,0.005284178380640802,0.0073567939763389285,0.6534450185788233,-0.00025946480475990763,0.0006839878415960382,0.0032580854393022517,-0.008588798120137839,0.004034775775096665,-0.010636269440420003,0.0033285953216424247,-0.008774672664000048,-0.0012762039180143781,0.0033642634658168575,-8.020250013459636e-06,2.1142572692442892e-05
30.816,ABORT,ABORT_SAFE_HOLD,ABORT_RETRACT_PROFILE,0.005284178380640802,0.0073567939763389285,0.6534450185788233,-0.0002587812947654382,0.0006830321038382873,0.00324950264148249,-0.008576796973102884,0.004024146936359663,-0.01062140735707931,0.003319826779134352,-0.008762411794044642,-0.0012728420048880446,0.0033595625728685265,-7.999122211377129e-06,2.1113030127810443e-05
30.84,ABORT,ABORT_SAFE_HOLD,ABORT_RETRACT_PROFILE,0.005284178380640802,0.0073567939763389285,0.6534450185788233,-0.00024266438644730002,0.0006600208832623834,0.0030471235004406634,-0.008287846328069158,0.003773522920853388,-0.010263574180356262,0.0031130678482776744,-0.008467207821293454,-0.0011935693591782759,0.003246379554137196,-7.500936593196329e-06,2.040173619218633e-05
30.841,ABORT,ABORT_SAFE_HOLD,ABORT_RETRACT_PROFILE,0.005284178380640802,0.0073567939763389285,0.6534450185788233,-0.0002420048463715129,0.0006590592330171193,0.0030388416915859036,-0.008275770938250122,0.0037632668234109865,-0.010248620155600198,0.003104606808589719,-0.008454871101828153,-0.0011903253445243959,0.003241649580020278,-7.48054971912065e-06,2.037201086816923e-05
30.873,ABORT,ABORT_SAFE_HOLD,ABORT_RETRACT_PROFILE,0.005284178380640802,0.0073567939763389285,0.6534450185788233,-0.00022140843310541414,0.000628186133036698,0.0027802136505834935,-0.00788809910119534,0.003442984812997929,-0.009768531782849962,0.002840381666749811,-0.008058809461581721,-0.0010890198000920361,0.003089797111271301,-6.843899272723875e-06,1.9417700395260822e-05
30.914,ABORT,ABORT_SAFE_HOLD,ABORT_RETRACT_PROFILE,0.005284178380640802,0.0073567939763389285,0.6534450185788233,-0.0001964673887518589,0.0005884212662501476,0.0024670303133501326,-0.007388773832040098,0.003055142147182603,-0.009150173075745997,0.0025204205697951024,-0.007548678040582544,-0.0009663447476785467,0.0028942095870239395,-6.0729530494108664e-06,1.8188538799817604e-05
30.936,ABORT,ABORT_SAFE_HOLD,ABORT_RETRACT_PROFILE,0.005284178380640802,0.0073567939763389285,0.6534450185788233,-0.00018375735653111984,0.0005670332836532743,0.0023074311301400224,-0.007120206098010028,0.0028574963425718816,-0.00881758186307688,0.002357367419572959,-0.007274298095768068,-0.0009038291670655785,0.0027890106286765424,-5.680076504232487e-06,1.7527420356916735e-05
30.942,ABORT,ABORT_SAFE_HOLD,ABORT_RETRACT_PROFILE,0.005284178380640802,0.0073567939763389285,0.6534450185788233,-0.00018037266202809233,0.0005611981819513743,0.0022649297053822237,-0.007046935043350418,0.0028048630638520325,-0.008726843826317571,0.0023139461998881103,-0.007199441344987458,-0.0008871812043870064,0.0027603100900394505,-5.575453080802924e-06,1.7347053025222148e-05
30.984,ABORT,ABORT_SAFE_HOLD,ABORT_RETRACT_PROFILE,0.005284178380640802,0.0073567939763389285,0.6534450185788233,-0.0001576598142328258,0.0005203798522503009,0.001979725711124425,-0.006534381497682573,0.0024516696966337057,-0.008092103372751255,0.0020225699610858655,-0.006675795367622727,-0.0007754657623932262,0.0025595410017636225,-4.873382069652668e-06,1.608532810789718e-05
31.002,ABORT,ABORT_SAFE_HOLD,ABORT_RETRACT_PROFILE,0.005284178380640802,0.0073567939763389285,0.6534450185788233,-0.00014845010388942403,0.0005029274941511948,0.0018640798793215507,-0.006315233186385393,0.0023084552201130815,-0.00782071260843644,0.0019044213790803191,-0.006451904356377224,-0.0007301668694088652,0.0024736998110661827,-4.588703076006584e-06,1.554586274415053e-05
31.007,ABORT,ABORT_SAFE_HOLD,ABORT_RETRACT_PROFILE,0.005284178380640802,0.0073567939763389285,0.6534450185788233,-0.00014594756954794787,0.0004980868305842181,0.0018326556917256237,-0.006254449237291713,0.0022695398653054116,-0.00774543846050912,0.0018723171246748105,-0.006389804950958469,-0.0007178579008205732,0.0024498905171017023,-4.511347879009912e-06,1.5396234234518466e-05
31.058,ABORT,ABORT_SAFE_HOLD,ABORT_RETRACT_PROFILE,0.005284178380640802,0.0073567939763389285,0.6534450185788233,-0.00012179982710205234,0.00044897303177599457,0.0015294338033936192,-0.005637729937292768,0.0018940333439715074,-0.006981700327170538,0.0015625330573982854,-0.005759738915249256,-0.0005990847841769852,0.0022083193239465304,-3.7649232074405894e-06,1.3878090199849861e-05
31.095,ABORT,ABORT_SAFE_HOLD,ABORT_RETRACT_PROFILE,0.005284178380640802,0.0073567939763389285,0.6534450185788233,-0.00010584060523013972,0.00041375885468231073,0.0013290347224794025,-0.005195547431067668,0.0016458614122994292,-0.006434106564659925,0.001357797038156458,-0.00530798691274554,-0.0005205877352217649,0.002035114827798405,-3.2716117945441326e-06,1.278959380600975e-05
31.095,ABORT,ABORT_SAFE_HOLD,ABORT_RETRACT_PROFILE,0.005284178380640802,0.0073567939763389285,0.6534450185788233,-0.00010584060523013972,0.00041375885468231073,0.0013290347224794025,-0.005195547431067668,0.0016458614122994292,-0.006434106564659925,0.001357797038156458,-0.00530798691274554,-0.0005205877352217649,0.002035114827798405,-3.2716117945441326e-06,1.278959380600975e-05
31.135,ABORT,ABORT_SAFE_HOLD,ABORT_RETRACT_PROFILE,0.005284178380640802,0.0073567939763389285,0.6534450185788233,-9.004271207140599e-05,0.00037624453500602144,0.001130661437440797,-0.0047244821595533015,0.0014001982030891966,-0.0058507447156832025,0.0011551306560680374,-0.004826727078354354,-0.0004428841978799461,0.0018505968474240512,-2.7832871721113846e-06,1.1629998294907202e-05
31.17,ABORT,ABORT_SAFE_HOLD,ABORT_RETRACT_PROFILE,0.005284178380640802,0.0073567939763389285,0.6534450185788233,-7.74399543071692e-05,0.00034401583536675784,0.0009724092937455908,-0.00431978813132279,0.001204220556819964,-0.005349576255908113,0.00099345369732734,-0.004413274861044425,-0.0003808962575448868,0.0016920767244725157,-2.393726560136371e-06,1.0633785228727482e-05
31.17,ABORT,ABORT_SAFE_HOLD,ABORT_RETRACT_PROFILE,0.005284178380640802,0.0073567939763389285,0.6534450185788233,-7.74399543071692e-05,0.00034401583536675784,0.0009724092937455908,-0.00431978813132279,0.001204220556819964,-0.005349576255908113,0.00099345369732734,-0.004413274861044425,-0.0003808962575448868,0.0016920767244725157,-2.393726560136371e-06,1.0633785228727482e-05
31.19,ABORT,ABORT_SAFE_HOLD,ABORT_RETRACT_PROFILE,0.005284178380640802,0.0073567939763389285,0.6534450185788233,-7.074123716986408e-05,0.0003258942296422599,0.0008882938670415549,-0.004092236113998526,0.00110005297364877,-0.005067778438085711,0.0009075178859371466,-0.0041807982749000015,-0.0003479479389310782,0.0016029437715553898,-2.186664233281099e-06,1.0073632923329827e-05
31.19,ABORT,ABORT_SAFE_HOLD,ABORT_RETRACT_PROFILE,0.005284178380640802,0.0073567939763389285,0.6534450185788233,-7.074123716986408e-05,0.0003258942296422599,0.0008882938670415549,-0.004092236113998526,0.00110005297364877,-0.005067778438085711,0.0009075178859371466,-0.0041807982749000015,-0.0003479479389310782,0.0016029437715553898,-2.186664233281099e-06,1.0073632923329827e-05
31.228,ABORT,ABORT_SAFE_HOLD,ABORT_RETRACT_PROFILE,0.005284178380640802,0.0073567939763389285,0.6534450185788233,-5.9001493964521996e-05,0.00029214406733785804,0.0007408785502171222,-0.0036684371618446484,0.0009174955299345866,-0.004542950658852268,0.0007569122793434357,-0.0037478276743013682,-0.0002902048231007686,0.0014369401804080087,-1.8237800429271009e-06,9.030390315043827e-06
31.25,ABORT,ABORT_SAFE_HOLD,ABORT_RETRACT_PROFILE,0.005284178380640802,0.0073567939763389285,0.6534450185788233,-5.278490372054778e-05,0.0002730597352822727,0.000662817164686462,-0.0034287962423502003,0.0008208252021677867,-0.004246182082732559,0.0006771615277075538,-0.00350300056391284,-0.000259627894436433,0.001343071960536869,-1.6316206167804858e-06,8.440479423016257e-06
31.252,ABORT,ABORT_SAFE_HOLD,ABORT_RETRACT_PROFILE,0.005284178380640802,0.0073567939763389285,0.6534450185788233,-5.224050179054992e-05,0.00027134270634983224,0.0006559811392652243,-0.003407235603446509,0.0008123595464072514,-0.004219481633906131,0.0006701775603869739,-0.003480973320268236,-0.00025695019841256994,0.0013346265798504509,-1.6147927483902634e-06,8.387404782194511e-06
31.278,ABORT,ABORT_SAFE_HOLD,ABORT_RETRACT_PROFILE,0.005284178380640802,0.0073567939763389285,0.6534450185788233,-4.547320030756511e-05,0.00024930981283213707,0.0005710045026632651,-0.0031305697580648016,0.0007071254507402536,-0.0038768618126832056,0.0005833619012178964,-0.0031983200087599226,-0.0002236645407490516,0.0012262555618293546,-1.4056104284212209e-06,7.706351663273951e-06
31.279,ABORT,ABORT_SAFE_HOLD,ABORT_RETRACT_PROFILE,0.005284178380640802,0.0073567939763389285,0.6534450185788233,-4.5224308742261316e-05,0.00024847345851718985,0.0005678791848166623,-0.003120067702427049,0.000703255092834705,-0.0038638561869974056,0.0005801689467798826,-0.003187590672800293,-0.00022244034238004702,0.0012221418684343235,-1.3979170050999875e-06,7.680499329613826e-06
31.332,ABORT,ABORT_SAFE_HOLD,ABORT_RETRACT_PROFILE,0.005284178380640802,0.0073567939763389285,0.6534450185788233,-3.320735702374211e-05,0.00020542787925733182,0.0004169829757715293,-0.0025795467052049043,0.0005163869519735492,-0.003194481161034288,0.00042600711620837534,-0.0026353719860526433,-0.00016333374840498023,0.0010104178276517497,-1.0264640935138495e-06,6.34992847258482e-06
31.332,ABORT,ABORT_SAFE_HOLD,ABORT_RETRACT_PROFILE,0.005284178380640802,0.0073567939763389285,0.6534450185788233,-3.320735702374211e-05,0.00020542787925733182,0.0004169829757715293,-0.0025795467052049043,0.0005163869519735492,-0.003194481161034288,0.00042600711620837534,-0.0026353719860526433,-0.00016333374840498023,0.0010104178276517497,-1.0264640935138495e-06,6.34992847258482e-06
31.356,ABORT,ABORT_SAFE_HOLD,ABORT_RETRACT_PROFILE,0.005284178380640802,0.0073567939763389285,0.6534450185788233,-2.8501426779974862e-05,0.00018683220810089687,0.0003578908656883262,-0.002346041874039474,0.0004432079581427051,-0.002905311446578892,0.00036563616374769847,-0.002396813758198248,-0.00014018715393504695,0.0009189531358993974,-8.810002910692865e-07,5.775122452243469e-06
31.382,ABORT,ABORT_SAFE_HOLD,ABORT_RETRACT_PROFILE,0.005284178380640802,0.0073567939763389285,0.6534450185788233,-2.38982489915566e-05,0.00016738323078374902,0.00030008901259753057,-0.002101822123831139,0.0003716268038263873,-0.002602872498829328,0.00030658339138654733,-0.002147308724293969,-0.00011754595782241008,0.0008232913713819151,-7.387126434105565e-07,5.1739401040865764e-06
31.385,ABORT,ABORT_SAFE_HOLD,ABORT_RETRACT_PROFILE,0.005284178380640802,0.0073567939763389285,0.6534450185788233,-2.3399394714108523e-05,0.00016518801503545452,0.0002938249265717133,-0.0020742569190926254,0.0003638694312770932,-0.002568736064292377,0.00030018374109243295,-0.0021191469669545474,-0.00011509229254018892,0.0008124939804161049,-7.232926868229114e-07,5.1060843532802286e-06
31.427,ABORT,ABORT_SAFE_HOLD,ABORT_RETRACT_PROFILE,0.005284178380640802,0.0073567939763389285,0.6534450185788233,-1.7090694106310176e-05,0.00013558507297566896,0.00021460691621302125,-0.0017025343859546791,0.0002657667525410093,-0.0021083991272463822,0.0002192513335229629,-0.0017393797976144394,-8.406230972343547e-05,0.0006668889120276983,-5.282860608513227e-07,4.191035405993771e-06
31.427,ABORT,ABORT_SAFE_HOLD,ABORT_RETRACT_PROFILE,0.005284178380640802,0.0073567939763389285,0.6534450185788233,-1.7090694106310176e-05,0.00013558507297566896,0.00021460691621302125,-0.0017025343859546791,0.0002657667525410093,-0.0021083991272463822,0.0002192513335229629,-0.0017393797976144394,-8.406230972343547e-05,0.0006668889120276983,-5.282860608513227e-07,4.191035405993771e-06
31.438,ABORT,ABORT_SAFE_HOLD,ABORT_RETRACT_PROFILE,0.005284178380640802,0.0073567939763389285,0.6534450185788233,-1.5640035894663035e-05,0.00012819722670685252,0.00019639107996060473,-0.001609765602232712,0.00024320846909399452,-0.001993515325633514,0.0002006412791032211,-0.001644603357510546,-7.692710040239914e-05,0.000630551041992971,-4.834451370418121e-07,3.9626715853525045e-06
31.448,ABORT,ABORT_SAFE_HOLD,ABORT_RETRACT_PROFILE,0.005284178380640802,0.0073567939763389285,0.6534450185788233,-1.4391063864363333e-05,0.00012161943024739303,0.00018070780611628007,-0.0015271685699026825,0.0002237864819913879,-0.0018912281047030986,0.00018461859556136162,-0.0015602188008384645,-7.078390498892716e-05,0.0005981974839786917,-4.4483848304074176e-07,3.759347006547563e-06
31.472,ABORT,ABORT_SAFE_HOLD,ABORT_RETRACT_PROFILE,0.005284178380640802,0.0073567939763389285,0.6534450185788233,-1.1656552265485592e-05,0.00010638985141098326,0.00014637069271798697,-0.0013359315768949915,0.0001812637931585745,-0.0016544023979914273,0.0001495383752462276,-0.0013648431509025657,-5.733393276794417e-05,0.0005232892581839838,-3.603126965549862e-07,3.288589402329429e-06
31.474,ABORT,ABORT_SAFE_HOLD,ABORT_RETRACT_PROFILE,0.005284178380640802,0.0073567939763389285,0.6534450185788233,-1.1445006156073165e-05,0.00010515721136955043,0.0001437143197295307,-0.0013204533829464541,0.0001779741712063243,-0.0016352343794881492,0.0001468245143402963,-0.0013490299854947215,-5.629342180568479e-05,0.0005172263933116801,-3.5377364903971687e-07,3.2504875822461983e-06
31.517,ABORT,ABORT_SAFE_HOLD,ABORT_RETRACT_PROFILE,0.005284178380640802,0.0073567939763389285,0.6534450185788233,-7.472261005948312e-06,8.008465376420892e-05,9.38287749842337e-05,-0.0010056186409643211,0.00011619648267863214,-0.0012453466329039582,9.585937117562171e-05,-0.0010273817449020324,-3.675307246792624e-05,0.00039390447965103286,-2.3097314292389883e-07,2.475476186547341e-06
31.534,ABORT,ABORT_SAFE_HOLD,ABORT_RETRACT_PROFILE,0.005284178380640802,0.0073567939763389285,0.6534450185788233,-6.189038166695693e-06,7.095982551140076e-05,7.771541559502271e-05,-0.0008910386689557172,9.624188255220184e-05,-0.0011034521049720647,7.939729438908444e-05,-0.0009103220895040951,-3.0441410982065195e-05,0.00034902308782520225,-1.913077709544183e-07,2.1934209614268438e-06
31.541,ABORT,ABORT_SAFE_HOLD,ABORT_RETRACT_PROFILE,0.005284178380640802,0.0073567939763389285,0.6534450185788233,-5.705041219113138e-06,6.733841055295967e-05,7.163789225213268e-05,-0.0008455647583161367,8.87155470974399e-05,-0.0010471377337053667,7.318824427570564e-05,-0.0008638640548602554,-2.806082298137738e-05,0.00033121079161418053,-1.7634706547856288e-07,2.081480332731341e-06
31.576,ABORT,ABORT_SAFE_HOLD,ABORT_RETRACT_PROFILE,0.005284178380640802,0.0073567939763389285,0.6534450185788233,-3.649535108204375e-06,5.0468248349019774e-05,4.582701383051141e-05,-0.0006337270492049362,5.6751650223133e-05,-0.0007848003355931517,4.6818779520327314e-05,-0.0006474418582569647,-1.7950608015336947e-05,0.00024823319038565,-1.1280984343051744e-07,1.5600110769360667e-06
31.576,ABORT,ABORT_SAFE_HOLD,ABORT_RETRACT_PROFILE,0.005284178380640802,0.0073567939763389285,0.6534450185788233,-3.649535108204375e-06,5.0468248349019774e-05,4.582701383051141e-05,-0.0006337270492049362,5.6751650223133e-05,-0.0007848003355931517,4.6818779520327314e-05,-0.0006474418582569647,-1.7950608015336947e-05,0.00024823319038565,-1.1280984343051744e-07,1.5600110769360667e-06
31.615,ABORT,ABORT_SAFE_HOLD,ABORT_RETRACT_PROFILE,0.005284178380640802,0.0073567939763389285,0.6534450185788233,-2.0069968513871696e-06,3.4229839469041054e-05,2.520175028856292e-05,-0.00042982223221732583,3.120955955535076e-05,-0.0005322869404308321,2.5747154170911724e-05,-0.0004391242335262063,-9.871617260587967e-06,0.00016836293185819946,-6.203776477217194e-08,1.0580697860595466e-06
31.619,ABORT,ABORT_SAFE_HOLD,ABORT_RETRACT_PROFILE,0.005284178380640802,0.0073567939763389285,0.6534450185788233,-1.8730982592205306e-06,3.2724549352911e-05,2.3520392950386604e-05,-0.00041092038611212047,2.912738584206348e-05,-0.0005088791102217444,2.4029409724325712e-05,-0.0004198133229659032,-9.213023475207124e-06,0.00016095900998243248,-5.7898859741781585e-08,1.0115401494665447e-06
31.648,ABORT,ABORT_SAFE_HOLD,ABORT_RETRACT_PROFILE,0.005284178380640802,0.0073567939763389285,0.6534450185788233,-1.0728281182926548e-06,2.274224396774799e-05,1.3471444322933623e-05,-0.0002855731203965913,1.6682882699771417e-05,-0.00035365048881029,1.3762986694011714e-05,-0.000291753353387348,-5.276813744306552e-06,0.00011186003004505972,-3.316191472727654e-08,7.029796686961575e-07
31.654,ABORT,ABORT_SAFE_HOLD,ABORT_RETRACT_PROFILE,0.005284178380640802,0.0073567939763389285,0.6534450185788233,-9.419798376940174e-07,2.0886022255825583e-05,1.1828389581192145e-05,-0.00026226464533259455,1.4648142484197102e-05,-0.0003247855396569617,1.2084373769816192e-05,-0.000267940447772063,-4.633223225277219e-06,0.00010273001557681313,-2.9117297095209707e-08,6.456024755781714e-07
31.679,ABORT,ABORT_SAFE_HOLD,ABORT_RETRACT_PROFILE,0.005284178380640802,0.0073567939763389285,0.6534450185788233,-5.092335600459692e-07,1.3950741274949513e-05,6.394418112794231e-06,-0.00017517869931316882,7.918774316391375e-06,-0.00021693929931226275,6.5328029640113194e-06,-0.00017896983054873313,-2.504716834781165e-06,6.861813374176179e-05,-1.5740787929187047e-08,4.3122778444544784e-07
31.69,ABORT,ABORT_SAFE_HOLD,ABORT_RETRACT_PROFILE,0.005284178380640802,0.0073567939763389285,0.6534450185788233,-3.704973366744184e-07,1.1317348290207471e-05,4.652314902729715e-06,-0.0001421113268520446,5.761373609552978e-06,-0.00017598904314561798,4.752998013259069e-06,-0.00014518683027950826,-1.8223286704140834e-06,5.566552366461013e-05,-1.145234812173913e-08,3.4982764949895513e-07
31.692,ABORT,ABORT_SAFE_HOLD,ABORT_RETRACT_PROFILE,0.005284178380640802,0.0073567939763389285,0.6534450185788233,-3.4831484320993825e-07,1.0866592904294697e-05,4.373770538954047e-06,-0.00013645121599081077,5.416427452616113e-06,-0.0001689796265380048,4.46842552939003e-06,-0.00013940422608337176,-1.713221829905548e-06,5.344843765134421e-05,-1.076667075724277e-08,3.358944654076516e-07
31.725,ABORT,ABORT_SAFE_HOLD,ABORT_RETRACT_PROFILE,0.005284178380640802,0.0073567939763389285,0.6534450185788233,-9.804499206088335e-08,4.706942716415865e-06,1.2311456319691327e-06,-5.910482364717993e-05,1.5246366812729506e-06,-7.319473816318135e-05,1.2577894801038547e-06,-6.038394116534784e-05,-4.822442223936102e-07,2.3151574419188294e-05,-3.030643595862371e-09,1.4549509872685939e-07
31.725,ABORT,ABORT_SAFE_HOLD,ABORT_RETRACT_PROFILE,0.005284178380640802,0.0073567939763389285,0.6534450185788233,-9.804499206088335e-08,4.706942716415865e-06,1.2311456319691327e-06,-5.910482364717993e-05,1.5246366812729506e-06,-7.319473816318135e-05,1.2577894801038547e-06,-6.038394116534784e-05,-4.822442223936102e-07,2.3151574419188294e-05,-3.030643595862371e-09,1.4549509872685939e-07
31.749,ABORT,ABORT_SAFE_HOLD,ABORT_RETRACT_PROFILE,0.005284178380640802,0.0073567939763389285,0.6534450185788233,-2.2779504353122315e-08,1.7897824532229077e-06,2.86040997027337e-07,-2.247420090659348e-05,3.5422990189021286e-07,-2.783179357076604e-05,2.9223135557948643e-07,-2.2960576506968365e-05,-1.1204329902411714e-07,8.803226246080064e-06,-7.041314149179275e-10,5.5323506237516834e-08
31.775,ABORT,ABORT_SAFE_HOLD,ABORT_RETRACT_PROFILE,0.005284178380640802,0.0073567939763389285,0.6534450185788233,-7.244196098023237e-10,1.8083267292679533e-07,9.096497631533307e-09,-2.2707060372140926e-06,1.1264998718563124e-08,-2.812016407181527e-06,9.293359561068915e-09,-2.3198475402519545e-06,-3.563131211956061e-09,8.894438145772304e-07,-2.2392348703894303e-11,5.5896723596755595e-09
31.78,ABORT,ABORT_SAFE_HOLD,ABORT_RETRACT_PROFILE,0.005284178380640802,0.0073567939763389285,0.6534450185788233,-1.440642561842398e-10,6.168773305903608e-08,1.8090070275089687e-09,-7.746095084039908e-07,2.2402536284382712e-09,-9.59267563080631e-07,1.8481566693706597e-09,-7.913732263342491e-07,-7.085946326229609e-10,3.0341736212051983e-07,-4.4531332560240194e-12,1.906813690414928e-09
31.823,ABORT,ABORT_SAFE_HOLD,ABORT_RETRACT_PROFILE,0.005284178380640802,0.0073567939763389285,0.6534450185788233,0.0,0.0,0.0,-0.0,0.0,-0.0,0.0,-0.0,0.0,0.0,0.0,0.0
31.848,ABORT,ABORT_SAFE_HOLD,ABORT_RETRACT_PROFILE,0.005284178380640802,0.0073567939763389285,0.6534450185788233,0.0,0.0,0.0,-0.0,0.0,-0.0,0.0,-0.0,0.0,0.0,0.0,0.0
31.851,ABORT,ABORT_SAFE_HOLD,ABORT_RETRACT_PROFILE,0.005284178380640802,0.0073567939763389285,0.6534450185788233,0.0,0.0,0.0,-0.0,0.0,-0.0,0.0,-0.0,0.0,0.0,0.0,0.0
31.854,ABORT,ABORT_SAFE_HOLD,ABORT_RETRACT_PROFILE,0.005284178380640802,0.0073567939763389285,0.6534450185788233,0.0,0.0,0.0,-0.0,0.0,-0.0,0.0,-0.0,0.0,0.0,0.0,0.0
31.871,ABORT,ABORT_SAFE_HOLD,ABORT_RETRACT_PROFILE,0.005284178380640802,0.0073567939763389285,0.6534450185788233,0.0,0.0,0.0,-0.0,0.0,-0.0,0.0,-0.0,0.0,0.0,0.0,0.0
31.871,ABORT,ABORT_SAFE_HOLD,ABORT_RETRACT_PROFILE,0.005284178380640802,0.0073567939763389285,0.6534450185788233,0.0,0.0,0.0,-0.0,0.0,-0.0,0.0,-0.0,0.0,0.0,0.0,0.0
31.913,ABORT,ABORT_SAFE_HOLD,ABORT_RETRACT_PROFILE,0.005284178380640802,0.0073567939763389285,0.6534450185788233,0.0,0.0,0.0,-0.0,0.0,-0.0,0.0,-0.0,0.0,0.0,0.0,0.0
31.957,ABORT,ABORT_SAFE_HOLD,ABORT_RETRACT_PROFILE,0.005284178380640802,0.0073567939763389285,0.6534450185788233,0.0,0.0,0.0,-0.0,0.0,-0.0,0.0,-0.0,0.0,0.0,0.0,0.0
31.962,ABORT,ABORT_SAFE_HOLD,ABORT_RETRACT_PROFILE,0.005284178380640802,0.0073567939763389285,0.6534450185788233,0.0,0.0,0.0,-0.0,0.0,-0.0,0.0,-0.0,0.0,0.0,0.0,0.0
31.965,ABORT,ABORT_SAFE_HOLD,ABORT_RETRACT_PROFILE,0.005284178380640802,0.0073567939763389285,0.6534450185788233,0.0,0.0,0.0,-0.0,0.0,-0.0,0.0,-0.0,0.0,0.0,0.0,0.0
32.012,ABORT,ABORT_SAFE_HOLD,ABORT_RETRACT_PROFILE,0.005284178380640802,0.0073567939763389285,0.6534450185788233,0.0,0.0,0.0,-0.0,0.0,-0.0,0.0,-0.0,0.0,0.0,0.0,0.0
32.015,ABORT,ABORT_SAFE_HOLD,ABORT_RETRACT_PROFILE,0.005284178380640802,0.0073567939763389285,0.6534450185788233,0.0,0.0,0.0,-0.0,0.0,-0.0,0.0,-0.0,0.0,0.0,0.0,0.0
32.025,ABORT,ABORT_SAFE_HOLD,ABORT_RETRACT_PROFILE,0.005284178380640802,0.0073567939763389285,0.6534450185788233,0.0,0.0,0.0,-0.0,0.0,-0.0,0.0,-0.0,0.0,0.0,0.0,0.0
32.026,ABORT,ABORT_SAFE_HOLD,ABORT_RETRACT_PROFILE,0.005284178380640802,0.0073567939763389285,0.6534450185788233,0.0,0.0,0.0,-0.0,0.0,-0.0,0.0,-0.0,0.0,0.0,0.0,0.0
32.066,ABORT,ABORT_SAFE_HOLD,ABORT_RETRACT_PROFILE,0.005284178380640802,0.0073567939763389285,0.6534450185788233,0.0,0.0,0.0,-0.0,0.0,-0.0,0.0,-0.0,0.0,0.0,0.0,0.0
32.098,ABORT,ABORT_SAFE_HOLD,ABORT_RETRACT_PROFILE,0.005284178380640802,0.0073567939763389285,0.6534450185788233,0.0,0.0,0.0,-0.0,0.0,-0.0,0.0,-0.0,0.0,0.0,0.0,0.0
32.098,ABORT,ABORT_SAFE_HOLD,ABORT_RETRACT_PROFILE,0.005284178380640802,0.0073567939763389285,0.6534450185788233,0.0,0.0,0.0,-0.0,0.0,-0.0,0.0,-0.0,0.0,0.0,0.0,0.0
32.119,ABORT,ABORT_SAFE_HOLD,ABORT_RETRACT_PROFILE,0.005284178380640802,0.0073567939763389285,0.6534450185788233,0.0,0.0,0.0,-0.0,0.0,-0.0,0.0,-0.0,0.0,0.0,0.0,0.0
32.12,ABORT,ABORT_SAFE_HOLD,ABORT_RETRACT_PROFILE,0.005284178380640802,0.0073567939763389285,0.6534450185788233,0.0,0.0,0.0,-0.0,0.0,-0.0,0.0,-0.0,0.0,0.0,0.0,0.0
32.159,ABORT,ABORT_SAFE_HOLD,ABORT_RETRACT_PROFILE,0.005284178380640802,0.0073567939763389285,0.6534450185788233,0.0,0.0,0.0,-0.0,0.0,-0.0,0.0,-0.0,0.0,0.0,0.0,0.0
32.201,ABORT,ABORT_SAFE_HOLD,ABORT_RETRACT_PROFILE,0.005284178380640802,0.0073567939763389285,0.6534450185788233,0.0,0.0,0.0,-0.0,0.0,-0.0,0.0,-0.0,0.0,0.0,0.0,0.0
32.245,ABORT,ABORT_SAFE_HOLD,ABORT_RETRACT_PROFILE,0.005284178380640802,0.0073567939763389285,0.6534450185788233,0.0,0.0,0.0,-0.0,0.0,-0.0,0.0,-0.0,0.0,0.0,0.0,0.0
32.274,ABORT,ABORT_SAFE_HOLD,ABORT_RETRACT_PROFILE,0.005284178380640802,0.0073567939763389285,0.6534450185788233,0.0,0.0,0.0,-0.0,0.0,-0.0,0.0,-0.0,0.0,0.0,0.0,0.0
32.276,ABORT,ABORT_SAFE_HOLD,ABORT_RETRACT_PROFILE,0.005284178380640802,0.0073567939763389285,0.6534450185788233,0.0,0.0,0.0,-0.0,0.0,-0.0,0.0,-0.0,0.0,0.0,0.0,0.0
32.286,ABORT,ABORT_SAFE_HOLD,ABORT_RETRACT_PROFILE,0.005284178380640802,0.0073567939763389285,0.6534450185788233,0.0,0.0,0.0,-0.0,0.0,-0.0,0.0,-0.0,0.0,0.0,0.0,0.0
32.303,ABORT,ABORT_SAFE_HOLD,ABORT_RETRACT_PROFILE,0.005284178380640802,0.0073567939763389285,0.6534450185788233,0.0,0.0,0.0,-0.0,0.0,-0.0,0.0,-0.0,0.0,0.0,0.0,0.0
32.308,ABORT,ABORT_SAFE_HOLD,ABORT_RETRACT_PROFILE,0.005284178380640802,0.0073567939763389285,0.6534450185788233,0.0,0.0,0.0,-0.0,0.0,-0.0,0.0,-0.0,0.0,0.0,0.0,0.0
32.331,ABORT,ABORT_SAFE_HOLD,ABORT_RETRACT_PROFILE,0.005284178380640802,0.0073567939763389285,0.6534450185788233,0.0,0.0,0.0,-0.0,0.0,-0.0,0.0,-0.0,0.0,0.0,0.0,0.0
32.338,ABORT,ABORT_SAFE_HOLD,ABORT_RETRACT_PROFILE,0.005284178380640802,0.0073567939763389285,0.6534450185788233,0.0,0.0,0.0,-0.0,0.0,-0.0,0.0,-0.0,0.0,0.0,0.0,0.0
32.359,ABORT,ABORT_SAFE_HOLD,ABORT_RETRACT_PROFILE,0.005284178380640802,0.0073567939763389285,0.6534450185788233,0.0,0.0,0.0,-0.0,0.0,-0.0,0.0,-0.0,0.0,0.0,0.0,0.0
32.39,ABORT,ABORT_SAFE_HOLD,ABORT_RETRACT_PROFILE,0.005284178380640802,0.0073567939763389285,0.6534450185788233,0.0,0.0,0.0,-0.0,0.0,-0.0,0.0,-0.0,0.0,0.0,0.0,0.0
32.39,ABORT,ABORT_SAFE_HOLD,ABORT_RETRACT_PROFILE,0.005284178380640802,0.0073567939763389285,0.6534450185788233,0.0,0.0,0.0,-0.0,0.0,-0.0,0.0,-0.0,0.0,0.0,0.0,0.0
32.424,ABORT,ABORT_SAFE_HOLD,ABORT_RETRACT_PROFILE,0.005284178380640802,0.0073567939763389285,0.6534450185788233,0.0,0.0,0.0,-0.0,0.0,-0.0,0.0,-0.0,0.0,0.0,0.0,0.0
32.424,ABORT,ABORT_SAFE_HOLD,ABORT_RETRACT_PROFILE,0.005284178380640802,0.0073567939763389285,0.6534450185788233,0.0,0.0,0.0,-0.0,0.0,-0.0,0.0,-0.0,0.0,0.0,0.0,0.0
32.45,ABORT,ABORT_SAFE_HOLD,ABORT_RETRACT_PROFILE,0.005284178380640802,0.0073567939763389285,0.6534450185788233,0.0,0.0,0.0,-0.0,0.0,-0.0,0.0,-0.0,0.0,0.0,0.0,0.0
32.451,ABORT,ABORT_SAFE_HOLD,ABORT_RETRACT_PROFILE,0.005284178380640802,0.0073567939763389285,0.6534450185788233,0.0,0.0,0.0,-0.0,0.0,-0.0,0.0,-0.0,0.0,0.0,0.0,0.0
32.5,ABORT,ABORT_SAFE_HOLD,ABORT_RETRACT_PROFILE,0.005284178380640802,0.0073567939763389285,0.6534450185788233,0.0,0.0,0.0,-0.0,0.0,-0.0,0.0,-0.0,0.0,0.0,0.0,0.0
32.508,ABORT,ABORT_SAFE_HOLD,ABORT_RETRACT_PROFILE,0.005284178380640802,0.0073567939763389285,0.6534450185788233,0.0,0.0,0.0,-0.0,0.0,-0.0,0.0,-0.0,0.0,0.0,0.0,0.0
32.515,ABORT,ABORT_SAFE_HOLD,ABORT_RETRACT_PROFILE,0.005284178380640802,0.0073567939763389285,0.6534450185788233,0.0,0.0,0.0,-0.0,0.0,-0.0,0.0,-0.0,0.0,0.0,0.0,0.0
32.535,ABORT,ABORT_SAFE_HOLD,ABORT_RETRACT_PROFILE,0.005284178380640802,0.0073567939763389285,0.6534450185788233,0.0,0.0,0.0,-0.0,0.0,-0.0,0.0,-0.0,0.0,0.0,0.0,0.0
32.558,ABORT,ABORT_SAFE_HOLD,ABORT_RETRACT_PROFILE,0.005284178380640802,0.0073567939763389285,0.6534450185788233,0.0,0.0,0.0,-0.0,0.0,-0.0,0.0,-0.0,0.0,0.0,0.0,0.0
32.559,ABORT,ABORT_SAFE_HOLD,ABORT_RETRACT_PROFILE,0.005284178380640802,0.0073567939763389285,0.6534450185788233,0.0,0.0,0.0,-0.0,0.0,-0.0,0.0,-0.0,0.0,0.0,0.0,0.0
32.582,ABORT,ABORT_SAFE_HOLD,ABORT_RETRACT_PROFILE,0.005284178380640802,0.0073567939763389285,0.6534450185788233,0.0,0.0,0.0,-0.0,0.0,-0.0,0.0,-0.0,0.0,0.0,0.0,0.0
32.586,ABORT,ABORT_SAFE_HOLD,ABORT_RETRACT_PROFILE,0.005284178380640802,0.0073567939763389285,0.6534450185788233,0.0,0.0,0.0,-0.0,0.0,-0.0,0.0,-0.0,0.0,0.0,0.0,0.0
32.609,ABORT,ABORT_SAFE_HOLD,ABORT_RETRACT_PROFILE,0.005284178380640802,0.0073567939763389285,0.6534450185788233,0.0,0.0,0.0,-0.0,0.0,-0.0,0.0,-0.0,0.0,0.0,0.0,0.0
32.61,ABORT,ABORT_SAFE_HOLD,ABORT_RETRACT_PROFILE,0.005284178380640802,0.0073567939763389285,0.6534450185788233,0.0,0.0,0.0,-0.0,0.0,-0.0,0.0,-0.0,0.0,0.0,0.0,0.0
32.652,ABORT,ABORT_SAFE_HOLD,ABORT_RETRACT_PROFILE,0.005284178380640802,0.0073567939763389285,0.6534450185788233,0.0,0.0,0.0,-0.0,0.0,-0.0,0.0,-0.0,0.0,0.0,0.0,0.0
32.652,ABORT,ABORT_SAFE_HOLD,ABORT_RETRACT_PROFILE,0.005284178380640802,0.0073567939763389285,0.6534450185788233,0.0,0.0,0.0,-0.0,0.0,-0.0,0.0,-0.0,0.0,0.0,0.0,0.0
32.675,ABORT,ABORT_SAFE_HOLD,ABORT_RETRACT_PROFILE,0.005284178380640802,0.0073567939763389285,0.6534450185788233,0.0,0.0,0.0,-0.0,0.0,-0.0,0.0,-0.0,0.0,0.0,0.0,0.0
32.682,ABORT,ABORT_SAFE_HOLD,ABORT_RETRACT_PROFILE,0.005284178380640802,0.0073567939763389285,0.6534450185788233,0.0,0.0,0.0,-0.0,0.0,-0.0,0.0,-0.0,0.0,0.0,0.0,0.0
32.708,ABORT,ABORT_SAFE_HOLD,ABORT_RETRACT_PROFILE,0.005284178380640802,0.0073567939763389285,0.6534450185788233,0.0,0.0,0.0,-0.0,0.0,-0.0,0.0,-0.0,0.0,0.0,0.0,0.0
32.713,ABORT,ABORT_SAFE_HOLD,ABORT_RETRACT_PROFILE,0.005284178380640802,0.0073567939763389285,0.6534450185788233,0.0,0.0,0.0,-0.0,0.0,-0.0,0.0,-0.0,0.0,0.0,0.0,0.0
32.74,ABORT,ABORT_SAFE_HOLD,ABORT_RETRACT_PROFILE,0.005284178380640802,0.0073567939763389285,0.6534450185788233,0.0,0.0,0.0,-0.0,0.0,-0.0,0.0,-0.0,0.0,0.0,0.0,0.0
32.778,ABORT,ABORT_SAFE_HOLD,ABORT_RETRACT_PROFILE,0.005284178380640802,0.0073567939763389285,0.6534450185788233,0.0,0.0,0.0,-0.0,0.0,-0.0,0.0,-0.0,0.0,0.0,0.0,0.0
32.778,ABORT,ABORT_SAFE_HOLD,ABORT_RETRACT_PROFILE,0.005284178380640802,0.0073567939763389285,0.6534450185788233,0.0,0.0,0.0,-0.0,0.0,-0.0,0.0,-0.0,0.0,0.0,0.0,0.0
32.807,ABORT,ABORT_SAFE_HOLD,ABORT_RETRACT_PROFILE,0.005284178380640802,0.0073567939763389285,0.6534450185788233,0.0,0.0,0.0,-0.0,0.0,-0.0,0.0,-0.0,0.0,0.0,0.0,0.0
32.811,ABORT,ABORT_SAFE_HOLD,ABORT_RETRACT_PROFILE,0.005284178380640802,0.0073567939763389285,0.6534450185788233,0.0,0.0,0.0,-0.0,0.0,-0.0,0.0,-0.0,0.0,0.0,0.0,0.0
32.822,ABORT,ABORT_SAFE_HOLD,ABORT_RETRACT_PROFILE,0.005284178380640802,0.0073567939763389285,0.6534450185788233,0.0,0.0,0.0,-0.0,0.0,-0.0,0.0,-0.0,0.0,0.0,0.0,0.0
32.822,ABORT,ABORT_SAFE_HOLD,ABORT_RETRACT_PROFILE,0.005284178380640802,0.0073567939763389285,0.6534450185788233,0.0,0.0,0.0,-0.0,0.0,-0.0,0.0,-0.0,0.0,0.0,0.0,0.0
32.844,ABORT,ABORT_SAFE_HOLD,ABORT_RETRACT_PROFILE,0.005284178380640802,0.0073567939763389285,0.6534450185788233,0.0,0.0,0.0,-0.0,0.0,-0.0,0.0,-0.0,0.0,0.0,0.0,0.0
32.851,ABORT,ABORT_SAFE_HOLD,ABORT_RETRACT_PROFILE,0.005284178380640802,0.0073567939763389285,0.6534450185788233,0.0,0.0,0.0,-0.0,0.0,-0.0,0.0,-0.0,0.0,0.0,0.0,0.0
32.882,ABORT,ABORT_SAFE_HOLD,ABORT_RETRACT_PROFILE,0.005284178380640802,0.0073567939763389285,0.6534450185788233,0.0,0.0,0.0,-0.0,0.0,-0.0,0.0,-0.0,0.0,0.0,0.0,0.0
32.882,ABORT,ABORT_SAFE_HOLD,ABORT_RETRACT_PROFILE,0.005284178380640802,0.0073567939763389285,0.6534450185788233,0.0,0.0,0.0,-0.0,0.0,-0.0,0.0,-0.0,0.0,0.0,0.0,0.0
32.906,ABORT,ABORT_SAFE_HOLD,ABORT_RETRACT_PROFILE,0.005284178380640802,0.0073567939763389285,0.6534450185788233,0.0,0.0,0.0,-0.0,0.0,-0.0,0.0,-0.0,0.0,0.0,0.0,0.0
32.909,ABORT,ABORT_SAFE_HOLD,ABORT_RETRACT_PROFILE,0.005284178380640802,0.0073567939763389285,0.6534450185788233,0.0,0.0,0.0,-0.0,0.0,-0.0,0.0,-0.0,0.0,0.0,0.0,0.0
32.953,ABORT,ABORT_SAFE_HOLD,ABORT_RETRACT_PROFILE,0.005284178380640802,0.0073567939763389285,0.6534450185788233,0.0,0.0,0.0,-0.0,0.0,-0.0,0.0,-0.0,0.0,0.0,0.0,0.0
32.966,ABORT,ABORT_SAFE_HOLD,ABORT_RETRACT_PROFILE,0.005284178380640802,0.0073567939763389285,0.6534450185788233,0.0,0.0,0.0,-0.0,0.0,-0.0,0.0,-0.0,0.0,0.0,0.0,0.0
32.978,ABORT,ABORT_SAFE_HOLD,ABORT_RETRACT_PROFILE,0.005284178380640802,0.0073567939763389285,0.6534450185788233,0.0,0.0,0.0,-0.0,0.0,-0.0,0.0,-0.0,0.0,0.0,0.0,0.0
32.998,ABORT,ABORT_SAFE_HOLD,ABORT_RETRACT_PROFILE,0.005284178380640802,0.0073567939763389285,0.6534450185788233,0.0,0.0,0.0,-0.0,0.0,-0.0,0.0,-0.0,0.0,0.0,0.0,0.0
33.004,ABORT,ABORT_SAFE_HOLD,ABORT_RETRACT_PROFILE,0.005284178380640802,0.0073567939763389285,0.6534450185788233,0.0,0.0,0.0,-0.0,0.0,-0.0,0.0,-0.0,0.0,0.0,0.0,0.0
33.044,ABORT,ABORT_SAFE_HOLD,ABORT_RETRACT_PROFILE,0.005284178380640802,0.0073567939763389285,0.6534450185788233,0.0,0.0,0.0,-0.0,0.0,-0.0,0.0,-0.0,0.0,0.0,0.0,0.0
33.057,ABORT,ABORT_SAFE_HOLD,ABORT_RETRACT_PROFILE,0.005284178380640802,0.0073567939763389285,0.6534450185788233,0.0,0.0,0.0,-0.0,0.0,-0.0,0.0,-0.0,0.0,0.0,0.0,0.0
33.074,ABORT,ABORT_SAFE_HOLD,ABORT_RETRACT_PROFILE,0.005284178380640802,0.0073567939763389285,0.6534450185788233,0.0,0.0,0.0,-0.0,0.0,-0.0,0.0,-0.0,0.0,0.0,0.0,0.0
33.102,ABORT,ABORT_SAFE_HOLD,ABORT_RETRACT_PROFILE,0.005284178380640802,0.0073567939763389285,0.6534450185788233,0.0,0.0,0.0,-0.0,0.0,-0.0,0.0,-0.0,0.0,0.0,0.0,0.0
33.103,ABORT,ABORT_SAFE_HOLD,ABORT_RETRACT_PROFILE,0.005284178380640802,0.0073567939763389285,0.6534450185788233,0.0,0.0,0.0,-0.0,0.0,-0.0,0.0,-0.0,0.0,0.0,0.0,0.0
33.138,ABORT,ABORT_SAFE_HOLD,ABORT_RETRACT_PROFILE,0.005284178380640802,0.0073567939763389285,0.6534450185788233,0.0,0.0,0.0,-0.0,0.0,-0.0,0.0,-0.0,0.0,0.0,0.0,0.0
33.158,ABORT,ABORT_SAFE_HOLD,ABORT_RETRACT_PROFILE,0.005284178380640802,0.0073567939763389285,0.6534450185788233,0.0,0.0,0.0,-0.0,0.0,-0.0,0.0,-0.0,0.0,0.0,0.0,0.0
33.158,ABORT,ABORT_SAFE_HOLD,ABORT_RETRACT_PROFILE,0.005284178380640802,0.0073567939763389285,0.6534450185788233,0.0,0.0,0.0,-0.0,0.0,-0.0,0.0,-0.0,0.0,0.0,0.0,0.0
33.185,ABORT,ABORT_SAFE_HOLD,ABORT_RETRACT_PROFILE,0.005284178380640802,0.0073567939763389285,0.6534450185788233,0.0,0.0,0.0,-0.0,0.0,-0.0,0.0,-0.0,0.0,0.0,0.0,0.0
33.191,ABORT,ABORT_SAFE_HOLD,ABORT_RETRACT_PROFILE,0.005284178380640802,0.0073567939763389285,0.6534450185788233,0.0,0.0,0.0,-0.0,0.0,-0.0,0.0,-0.0,0.0,0.0,0.0,0.0
33.218,ABORT,ABORT_SAFE_HOLD,ABORT_RETRACT_PROFILE,0.005284178380640802,0.0073567939763389285,0.6534450185788233,0.0,0.0,0.0,-0.0,0.0,-0.0,0.0,-0.0,0.0,0.0,0.0,0.0
33.261,ABORT,ABORT_SAFE_HOLD,ABORT_RETRACT_PROFILE,0.005284178380640802,0.0073567939763389285,0.6534450185788233,0.0,0.0,0.0,-0.0,0.0,-0.0,0.0,-0.0,0.0,0.0,0.0,0.0
33.305,ABORT,ABORT_SAFE_HOLD,ABORT_RETRACT_PROFILE,0.005284178380640802,0.0073567939763389285,0.6534450185788233,0.0,0.0,0.0,-0.0,0.0,-0.0,0.0,-0.0,0.0,0.0,0.0,0.0
33.326,ABORT,ABORT_SAFE_HOLD,ABORT_RETRACT_PROFILE,0.005284178380640802,0.0073567939763389285,0.6534450185788233,0.0,0.0,0.0,-0.0,0.0,-0.0,0.0,-0.0,0.0,0.0,0.0,0.0
33.334,ABORT,ABORT_SAFE_HOLD,ABORT_RETRACT_PROFILE,0.005284178380640802,0.0073567939763389285,0.6534450185788233,0.0,0.0,0.0,-0.0,0.0,-0.0,0.0,-0.0,0.0,0.0,0.0,0.0
33.338,ABORT,ABORT_SAFE_HOLD,ABORT_RETRACT_PROFILE,0.005284178380640802,0.0073567939763389285,0.6534450185788233,0.0,0.0,0.0,-0.0,0.0,-0.0,0.0,-0.0,0.0,0.0,0.0,0.0
33.35,ABORT,ABORT_SAFE_HOLD,ABORT_RETRACT_PROFILE,0.005284178380640802,0.0073567939763389285,0.6534450185788233,0.0,0.0,0.0,-0.0,0.0,-0.0,0.0,-0.0,0.0,0.0,0.0,0.0
33.35,ABORT,ABORT_SAFE_HOLD,ABORT_RETRACT_PROFILE,0.005284178380640802,0.0073567939763389285,0.6534450185788233,0.0,0.0,0.0,-0.0,0.0,-0.0,0.0,-0.0,0.0,0.0,0.0,0.0
33.39,ABORT,ABORT_SAFE_HOLD,ABORT_RETRACT_PROFILE,0.005284178380640802,0.0073567939763389285,0.6534450185788233,0.0,0.0,0.0,-0.0,0.0,-0.0,0.0,-0.0,0.0,0.0,0.0,0.0
33.39,ABORT,ABORT_SAFE_HOLD,ABORT_RETRACT_PROFILE,0.005284178380640802,0.0073567939763389285,0.6534450185788233,0.0,0.0,0.0,-0.0,0.0,-0.0,0.0,-0.0,0.0,0.0,0.0,0.0
33.424,ABORT,ABORT_SAFE_HOLD,ABORT_RETRACT_PROFILE,0.005284178380640802,0.0073567939763389285,0.6534450185788233,0.0,0.0,0.0,-0.0,0.0,-0.0,0.0,-0.0,0.0,0.0,0.0,0.0
33.434,ABORT,ABORT_SAFE_HOLD,ABORT_RETRACT_PROFILE,0.005284178380640802,0.0073567939763389285,0.6534450185788233,0.0,0.0,0.0,-0.0,0.0,-0.0,0.0,-0.0,0.0,0.0,0.0,0.0
33.447,ABORT,ABORT_SAFE_HOLD,ABORT_RETRACT_PROFILE,0.005284178380640802,0.0073567939763389285,0.6534450185788233,0.0,0.0,0.0,-0.0,0.0,-0.0,0.0,-0.0,0.0,0.0,0.0,0.0
33.447,ABORT,ABORT_SAFE_HOLD,ABORT_RETRACT_PROFILE,0.005284178380640802,0.0073567939763389285,0.6534450185788233,0.0,0.0,0.0,-0.0,0.0,-0.0,0.0,-0.0,0.0,0.0,0.0,0.0
33.478,ABORT,ABORT_SAFE_HOLD,ABORT_RETRACT_PROFILE,0.005284178380640802,0.0073567939763389285,0.6534450185788233,0.0,0.0,0.0,-0.0,0.0,-0.0,0.0,-0.0,0.0,0.0,0.0,0.0
33.482,ABORT,ABORT_SAFE_HOLD,ABORT_RETRACT_PROFILE,0.005284178380640802,0.0073567939763389285,0.6534450185788233,0.0,0.0,0.0,-0.0,0.0,-0.0,0.0,-0.0,0.0,0.0,0.0,0.0
33.497,ABORT,ABORT_SAFE_HOLD,ABORT_RETRACT_PROFILE,0.005284178380640802,0.0073567939763389285,0.6534450185788233,0.0,0.0,0.0,-0.0,0.0,-0.0,0.0,-0.0,0.0,0.0,0.0,0.0
33.498,ABORT,ABORT_SAFE_HOLD,ABORT_RETRACT_PROFILE,0.005284178380640802,0.0073567939763389285,0.6534450185788233,0.0,0.0,0.0,-0.0,0.0,-0.0,0.0,-0.0,0.0,0.0,0.0,0.0
33.528,ABORT,ABORT_SAFE_HOLD,ABORT_RETRACT_PROFILE,0.005284178380640802,0.0073567939763389285,0.6534450185788233,0.0,0.0,0.0,-0.0,0.0,-0.0,0.0,-0.0,0.0,0.0,0.0,0.0
33.549,ABORT,ABORT_SAFE_HOLD,ABORT_RETRACT_PROFILE,0.005284178380640802,0.0073567939763389285,0.6534450185788233,0.0,0.0,0.0,-0.0,0.0,-0.0,0.0,-0.0,0.0,0.0,0.0,0.0
33.551,ABORT,ABORT_SAFE_HOLD,ABORT_RETRACT_PROFILE,0.005284178380640802,0.0073567939763389285,0.6534450185788233,0.0,0.0,0.0,-0.0,0.0,-0.0,0.0,-0.0,0.0,0.0,0.0,0.0
33.618,ABORT,ABORT_SAFE_HOLD,ABORT_RETRACT_PROFILE,0.005284178380640802,0.0073567939763389285,0.6534450185788233,0.0,0.0,0.0,-0.0,0.0,-0.0,0.0,-0.0,0.0,0.0,0.0,0.0
33.62,ABORT,ABORT_SAFE_HOLD,ABORT_RETRACT_PROFILE,0.005284178380640802,0.0073567939763389285,0.6534450185788233,0.0,0.0,0.0,-0.0,0.0,-0.0,0.0,-0.0,0.0,0.0,0.0,0.0
33.646,ABORT,ABORT_SAFE_HOLD,ABORT_RETRACT_PROFILE,0.005284178380640802,0.0073567939763389285,0.6534450185788233,0.0,0.0,0.0,-0.0,0.0,-0.0,0.0,-0.0,0.0,0.0,0.0,0.0
33.669,ABORT,ABORT_SAFE_HOLD,ABORT_RETRACT_PROFILE,0.005284178380640802,0.0073567939763389285,0.6534450185788233,0.0,0.0,0.0,-0.0,0.0,-0.0,0.0,-0.0,0.0,0.0,0.0,0.0
33.669,ABORT,ABORT_SAFE_HOLD,ABORT_RETRACT_PROFILE,0.005284178380640802,0.0073567939763389285,0.6534450185788233,0.0,0.0,0.0,-0.0,0.0,-0.0,0.0,-0.0,0.0,0.0,0.0,0.0
33.672,ABORT,ABORT_SAFE_HOLD,ABORT_RETRACT_PROFILE,0.005284178380640802,0.0073567939763389285,0.6534450185788233,0.0,0.0,0.0,-0.0,0.0,-0.0,0.0,-0.0,0.0,0.0,0.0,0.0
33.695,ABORT,ABORT_SAFE_HOLD,ABORT_RETRACT_PROFILE,0.005284178380640802,0.0073567939763389285,0.6534450185788233,0.0,0.0,0.0,-0.0,0.0,-0.0,0.0,-0.0,0.0,0.0,0.0,0.0
33.695,ABORT,ABORT_SAFE_HOLD,ABORT_RETRACT_PROFILE,0.005284178380640802,0.0073567939763389285,0.6534450185788233,0.0,0.0,0.0,-0.0,0.0,-0.0,0.0,-0.0,0.0,0.0,0.0,0.0
33.726,ABORT,ABORT_SAFE_HOLD,ABORT_RETRACT_PROFILE,0.005284178380640802,0.0073567939763389285,0.6534450185788233,0.0,0.0,0.0,-0.0,0.0,-0.0,0.0,-0.0,0.0,0.0,0.0,0.0
33.726,ABORT,ABORT_SAFE_HOLD,ABORT_RETRACT_PROFILE,0.005284178380640802,0.0073567939763389285,0.6534450185788233,0.0,0.0,0.0,-0.0,0.0,-0.0,0.0,-0.0,0.0,0.0,0.0,0.0
33.757,ABORT,ABORT_SAFE_HOLD,ABORT_RETRACT_PROFILE,0.005284178380640802,0.0073567939763389285,0.6534450185788233,0.0,0.0,0.0,-0.0,0.0,-0.0,0.0,-0.0,0.0,0.0,0.0,0.0
33.803,ABORT,ABORT_SAFE_HOLD,ABORT_RETRACT_PROFILE,0.005284178380640802,0.0073567939763389285,0.6534450185788233,0.0,0.0,0.0,-0.0,0.0,-0.0,0.0,-0.0,0.0,0.0,0.0,0.0
33.827,ABORT,ABORT_SAFE_HOLD,ABORT_RETRACT_PROFILE,0.005284178380640802,0.0073567939763389285,0.6534450185788233,0.0,0.0,0.0,-0.0,0.0,-0.0,0.0,-0.0,0.0,0.0,0.0,0.0
33.859,ABORT,ABORT_SAFE_HOLD,ABORT_RETRACT_PROFILE,0.005284178380640802,0.0073567939763389285,0.6534450185788233,0.0,0.0,0.0,-0.0,0.0,-0.0,0.0,-0.0,0.0,0.0,0.0,0.0
33.882,ABORT,ABORT_SAFE_HOLD,ABORT_RETRACT_PROFILE,0.005284178380640802,0.0073567939763389285,0.6534450185788233,0.0,0.0,0.0,-0.0,0.0,-0.0,0.0,-0.0,0.0,0.0,0.0,0.0
33.892,ABORT,ABORT_SAFE_HOLD,ABORT_RETRACT_PROFILE,0.005284178380640802,0.0073567939763389285,0.6534450185788233,0.0,0.0,0.0,-0.0,0.0,-0.0,0.0,-0.0,0.0,0.0,0.0,0.0
33.937,ABORT,ABORT_SAFE_HOLD,ABORT_RETRACT_PROFILE,0.005284178380640802,0.0073567939763389285,0.6534450185788233,0.0,0.0,0.0,-0.0,0.0,-0.0,0.0,-0.0,0.0,0.0,0.0,0.0
33.976,ABORT,ABORT_SAFE_HOLD,ABORT_RETRACT_PROFILE,0.005284178380640802,0.0073567939763389285,0.6534450185788233,0.0,0.0,0.0,-0.0,0.0,-0.0,0.0,-0.0,0.0,0.0,0.0,0.0
34.006,ABORT,ABORT_SAFE_HOLD,ABORT_RETRACT_PROFILE,0.005284178380640802,0.0073567939763389285,0.6534450185788233,0.0,0.0,0.0,-0.0,0.0,-0.0,0.0,-0.0,0.0,0.0,0.0,0.0
34.006,ABORT,ABORT_SAFE_HOLD,ABORT_RETRACT_PROFILE,0.005284178380640802,0.0073567939763389285,0.6534450185788233,0.0,0.0,0.0,-0.0,0.0,-0.0,0.0,-0.0,0.0,0.0,0.0,0.0
34.046,ABORT,ABORT_SAFE_HOLD,ABORT_RETRACT_PROFILE,0.005284178380640802,0.0073567939763389285,0.6534450185788233,0.0,0.0,0.0,-0.0,0.0,-0.0,0.0,-0.0,0.0,0.0,0.0,0.0
34.071,ABORT,ABORT_SAFE_HOLD,ABORT_RETRACT_PROFILE,0.005284178380640802,0.0073567939763389285,0.6534450185788233,0.0,0.0,0.0,-0.0,0.0,-0.0,0.0,-0.0,0.0,0.0,0.0,0.0
34.071,ABORT,ABORT_SAFE_HOLD,ABORT_RETRACT_PROFILE,0.005284178380640802,0.0073567939763389285,0.6534450185788233,0.0,0.0,0.0,-0.0,0.0,-0.0,0.0,-0.0,0.0,0.0,0.0,0.0
34.104,ABORT,ABORT_SAFE_HOLD,ABORT_RETRACT_PROFILE,0.005284178380640802,0.0073567939763389285,0.6534450185788233,0.0,0.0,0.0,-0.0,0.0,-0.0,0.0,-0.0,0.0,0.0,0.0,0.0
34.108,ABORT,ABORT_SAFE_HOLD,ABORT_RETRACT_PROFILE,0.005284178380640802,0.0073567939763389285,0.6534450185788233,0.0,0.0,0.0,-0.0,0.0,-0.0,0.0,-0.0,0.0,0.0,0.0,0.0
34.129,ABORT,ABORT_SAFE_HOLD,ABORT_RETRACT_PROFILE,0.005284178380640802,0.0073567939763389285,0.6534450185788233,0.0,0.0,0.0,-0.0,0.0,-0.0,0.0,-0.0,0.0,0.0,0.0,0.0
34.135,ABORT,ABORT_SAFE_HOLD,ABORT_RETRACT_PROFILE,0.005284178380640802,0.0073567939763389285,0.6534450185788233,0.0,0.0,0.0,-0.0,0.0,-0.0,0.0,-0.0,0.0,0.0,0.0,0.0
34.176,ABORT,ABORT_SAFE_HOLD,ABORT_RETRACT_PROFILE,0.005284178380640802,0.0073567939763389285,0.6534450185788233,0.0,0.0,0.0,-0.0,0.0,-0.0,0.0,-0.0,0.0,0.0,0.0,0.0
34.186,ABORT,ABORT_SAFE_HOLD,ABORT_RETRACT_PROFILE,0.005284178380640802,0.0073567939763389285,0.6534450185788233,0.0,0.0,0.0,-0.0,0.0,-0.0,0.0,-0.0,0.0,0.0,0.0,0.0
34.204,ABORT,ABORT_SAFE_HOLD,ABORT_RETRACT_PROFILE,0.005284178380640802,0.0073567939763389285,0.6534450185788233,0.0,0.0,0.0,-0.0,0.0,-0.0,0.0,-0.0,0.0,0.0,0.0,0.0
34.21,ABORT,ABORT_SAFE_HOLD,ABORT_RETRACT_PROFILE,0.005284178380640802,0.0073567939763389285,0.6534450185788233,0.0,0.0,0.0,-0.0,0.0,-0.0,0.0,-0.0,0.0,0.0,0.0,0.0
34.236,ABORT,ABORT_SAFE_HOLD,ABORT_RETRACT_PROFILE,0.005284178380640802,0.0073567939763389285,0.6534450185788233,0.0,0.0,0.0,-0.0,0.0,-0.0,0.0,-0.0,0.0,0.0,0.0,0.0
34.242,ABORT,ABORT_SAFE_HOLD,ABORT_RETRACT_PROFILE,0.005284178380640802,0.0073567939763389285,0.6534450185788233,0.0,0.0,0.0,-0.0,0.0,-0.0,0.0,-0.0,0.0,0.0,0.0,0.0
34.254,ABORT,ABORT_SAFE_HOLD,ABORT_RETRACT_PROFILE,0.005284178380640802,0.0073567939763389285,0.6534450185788233,0.0,0.0,0.0,-0.0,0.0,-0.0,0.0,-0.0,0.0,0.0,0.0,0.0
34.258,ABORT,ABORT_SAFE_HOLD,ABORT_RETRACT_PROFILE,0.005284178380640802,0.0073567939763389285,0.6534450185788233,0.0,0.0,0.0,-0.0,0.0,-0.0,0.0,-0.0,0.0,0.0,0.0,0.0
34.304,ABORT,ABORT_SAFE_HOLD,ABORT_RETRACT_PROFILE,0.005284178380640802,0.0073567939763389285,0.6534450185788233,0.0,0.0,0.0,-0.0,0.0,-0.0,0.0,-0.0,0.0,0.0,0.0,0.0
34.307,ABORT,ABORT_SAFE_HOLD,ABORT_RETRACT_PROFILE,0.005284178380640802,0.0073567939763389285,0.6534450185788233,0.0,0.0,0.0,-0.0,0.0,-0.0,0.0,-0.0,0.0,0.0,0.0,0.0
34.33,ABORT,ABORT_SAFE_HOLD,ABORT_RETRACT_PROFILE,0.005284178380640802,0.0073567939763389285,0.6534450185788233,0.0,0.0,0.0,-0.0,0.0,-0.0,0.0,-0.0,0.0,0.0,0.0,0.0
34.347,ABORT,ABORT_SAFE_HOLD,ABORT_RETRACT_PROFILE,0.005284178380640802,0.0073567939763389285,0.6534450185788233,0.0,0.0,0.0,-0.0,0.0,-0.0,0.0,-0.0,0.0,0.0,0.0,0.0
34.348,ABORT,ABORT_SAFE_HOLD,ABORT_RETRACT_PROFILE,0.005284178380640802,0.0073567939763389285,0.6534450185788233,0.0,0.0,0.0,-0.0,0.0,-0.0,0.0,-0.0,0.0,0.0,0.0,0.0
34.37,ABORT,ABORT_SAFE_HOLD,ABORT_RETRACT_PROFILE,0.005284178380640802,0.0073567939763389285,0.6534450185788233,0.0,0.0,0.0,-0.0,0.0,-0.0,0.0,-0.0,0.0,0.0,0.0,0.0
34.394,ABORT,ABORT_SAFE_HOLD,ABORT_RETRACT_PROFILE,0.005284178380640802,0.0073567939763389285,0.6534450185788233,0.0,0.0,0.0,-0.0,0.0,-0.0,0.0,-0.0,0.0,0.0,0.0,0.0
34.396,ABORT,ABORT_SAFE_HOLD,ABORT_RETRACT_PROFILE,0.005284178380640802,0.0073567939763389285,0.6534450185788233,0.0,0.0,0.0,-0.0,0.0,-0.0,0.0,-0.0,0.0,0.0,0.0,0.0
34.438,ABORT,ABORT_SAFE_HOLD,ABORT_RETRACT_PROFILE,0.005284178380640802,0.0073567939763389285,0.6534450185788233,0.0,0.0,0.0,-0.0,0.0,-0.0,0.0,-0.0,0.0,0.0,0.0,0.0
34.46,ABORT,ABORT_SAFE_HOLD,ABORT_RETRACT_PROFILE,0.005284178380640802,0.0073567939763389285,0.6534450185788233,0.0,0.0,0.0,-0.0,0.0,-0.0,0.0,-0.0,0.0,0.0,0.0,0.0
34.465,ABORT,ABORT_SAFE_HOLD,ABORT_RETRACT_PROFILE,0.005284178380640802,0.0073567939763389285,0.6534450185788233,0.0,0.0,0.0,-0.0,0.0,-0.0,0.0,-0.0,0.0,0.0,0.0,0.0
34.492,ABORT,ABORT_SAFE_HOLD,ABORT_RETRACT_PROFILE,0.005284178380640802,0.0073567939763389285,0.6534450185788233,0.0,0.0,0.0,-0.0,0.0,-0.0,0.0,-0.0,0.0,0.0,0.0,0.0
34.492,ABORT,ABORT_SAFE_HOLD,ABORT_RETRACT_PROFILE,0.005284178380640802,0.0073567939763389285,0.6534450185788233,0.0,0.0,0.0,-0.0,0.0,-0.0,0.0,-0.0,0.0,0.0,0.0,0.0
34.538,ABORT,ABORT_SAFE_HOLD,ABORT_RETRACT_PROFILE,0.005284178380640802,0.0073567939763389285,0.6534450185788233,0.0,0.0,0.0,-0.0,0.0,-0.0,0.0,-0.0,0.0,0.0,0.0,0.0
34.55,ABORT,ABORT_SAFE_HOLD,ABORT_RETRACT_PROFILE,0.005284178380640802,0.0073567939763389285,0.6534450185788233,0.0,0.0,0.0,-0.0,0.0,-0.0,0.0,-0.0,0.0,0.0,0.0,0.0
34.574,ABORT,ABORT_SAFE_HOLD,ABORT_RETRACT_PROFILE,0.005284178380640802,0.0073567939763389285,0.6534450185788233,0.0,0.0,0.0,-0.0,0.0,-0.0,0.0,-0.0,0.0,0.0,0.0,0.0
34.587,ABORT,ABORT_SAFE_HOLD,ABORT_RETRACT_PROFILE,0.005284178380640802,0.0073567939763389285,0.6534450185788233,0.0,0.0,0.0,-0.0,0.0,-0.0,0.0,-0.0,0.0,0.0,0.0,0.0
34.633,ABORT,ABORT_SAFE_HOLD,ABORT_RETRACT_PROFILE,0.005284178380640802,0.0073567939763389285,0.6534450185788233,0.0,0.0,0.0,-0.0,0.0,-0.0,0.0,-0.0,0.0,0.0,0.0,0.0
34.672,ABORT,ABORT_SAFE_HOLD,ABORT_RETRACT_PROFILE,0.005284178380640802,0.0073567939763389285,0.6534450185788233,0.0,0.0,0.0,-0.0,0.0,-0.0,0.0,-0.0,0.0,0.0,0.0,0.0
34.672,ABORT,ABORT_SAFE_HOLD,ABORT_RETRACT_PROFILE,0.005284178380640802,0.0073567939763389285,0.6534450185788233,0.0,0.0,0.0,-0.0,0.0,-0.0,0.0,-0.0,0.0,0.0,0.0,0.0
34.704,ABORT,ABORT_SAFE_HOLD,ABORT_RETRACT_PROFILE,0.005284178380640802,0.0073567939763389285,0.6534450185788233,0.0,0.0,0.0,-0.0,0.0,-0.0,0.0,-0.0,0.0,0.0,0.0,0.0
34.747,ABORT,ABORT_SAFE_HOLD,ABORT_RETRACT_PROFILE,0.005284178380640802,0.0073567939763389285,0.6534450185788233,0.0,0.0,0.0,-0.0,0.0,-0.0,0.0,-0.0,0.0,0.0,0.0,0.0
34.755,ABORT,ABORT_SAFE_HOLD,ABORT_RETRACT_PROFILE,0.005284178380640802,0.0073567939763389285,0.6534450185788233,0.0,0.0,0.0,-0.0,0.0,-0.0,0.0,-0.0,0.0,0.0,0.0,0.0
34.773,ABORT,ABORT_SAFE_HOLD,ABORT_RETRACT_PROFILE,0.005284178380640802,0.0073567939763389285,0.6534450185788233,0.0,0.0,0.0,-0.0,0.0,-0.0,0.0,-0.0,0.0,0.0,0.0,0.0
34.795,ABORT,ABORT_SAFE_HOLD,ABORT_RETRACT_PROFILE,0.005284178380640802,0.0073567939763389285,0.6534450185788233,0.0,0.0,0.0,-0.0,0.0,-0.0,0.0,-0.0,0.0,0.0,0.0,0.0
34.803,ABORT,ABORT_SAFE_HOLD,ABORT_RETRACT_PROFILE,0.005284178380640802,0.0073567939763389285,0.6534450185788233,0.0,0.0,0.0,-0.0,0.0,-0.0,0.0,-0.0,0.0,0.0,0.0,0.0
34.806,ABORT,ABORT_SAFE_HOLD,ABORT_RETRACT_PROFILE,0.005284178380640802,0.0073567939763389285,0.6534450185788233,0.0,0.0,0.0,-0.0,0.0,-0.0,0.0,-0.0,0.0,0.0,0.0,0.0
34.829,ABORT,ABORT_SAFE_HOLD,ABORT_RETRACT_PROFILE,0.005284178380640802,0.0073567939763389285,0.6534450185788233,0.0,0.0,0.0,-0.0,0.0,-0.0,0.0,-0.0,0.0,0.0,0.0,0.0
34.872,ABORT,ABORT_SAFE_HOLD,ABORT_RETRACT_PROFILE,0.005284178380640802,0.0073567939763389285,0.6534450185788233,0.0,0.0,0.0,-0.0,0.0,-0.0,0.0,-0.0,0.0,0.0,0.0,0.0
34.886,ABORT,ABORT_SAFE_HOLD,ABORT_RETRACT_PROFILE,0.005284178380640802,0.0073567939763389285,0.6534450185788233,0.0,0.0,0.0,-0.0,0.0,-0.0,0.0,-0.0,0.0,0.0,0.0,0.0
34.886,ABORT,ABORT_SAFE_HOLD,ABORT_RETRACT_PROFILE,0.005284178380640802,0.0073567939763389285,0.6534450185788233,0.0,0.0,0.0,-0.0,0.0,-0.0,0.0,-0.0,0.0,0.0,0.0,0.0
34.919,ABORT,ABORT_SAFE_HOLD,ABORT_RETRACT_PROFILE,0.005284178380640802,0.0073567939763389285,0.6534450185788233,0.0,0.0,0.0,-0.0,0.0,-0.0,0.0,-0.0,0.0,0.0,0.0,0.0
34.93,ABORT,ABORT_SAFE_HOLD,ABORT_RETRACT_PROFILE,0.005284178380640802,0.0073567939763389285,0.6534450185788233,0.0,0.0,0.0,-0.0,0.0,-0.0,0.0,-0.0,0.0,0.0,0.0,0.0
34.951,ABORT,ABORT_SAFE_HOLD,ABORT_RETRACT_PROFILE,0.005284178380640802,0.0073567939763389285,0.6534450185788233,0.0,0.0,0.0,-0.0,0.0,-0.0,0.0,-0.0,0.0,0.0,0.0,0.0
34.997,ABORT,ABORT_SAFE_HOLD,ABORT_RETRACT_PROFILE,0.005284178380640802,0.0073567939763389285,0.6534450185788233,0.0,0.0,0.0,-0.0,0.0,-0.0,0.0,-0.0,0.0,0.0,0.0,0.0
34.998,ABORT,ABORT_SAFE_HOLD,ABORT_RETRACT_PROFILE,0.005284178380640802,0.0073567939763389285,0.6534450185788233,0.0,0.0,0.0,-0.0,0.0,-0.0,0.0,-0.0,0.0,0.0,0.0,0.0
35.023,ABORT,ABORT_SAFE_HOLD,ABORT_RETRACT_PROFILE,0.005284178380640802,0.0073567939763389285,0.6534450185788233,0.0,0.0,0.0,-0.0,0.0,-0.0,0.0,-0.0,0.0,0.0,0.0,0.0
35.023,ABORT,ABORT_SAFE_HOLD,ABORT_RETRACT_PROFILE,0.005284178380640802,0.0073567939763389285,0.6534450185788233,0.0,0.0,0.0,-0.0,0.0,-0.0,0.0,-0.0,0.0,0.0,0.0,0.0
35.055,ABORT,ABORT_SAFE_HOLD,ABORT_RETRACT_PROFILE,0.005284178380640802,0.0073567939763389285,0.6534450185788233,0.0,0.0,0.0,-0.0,0.0,-0.0,0.0,-0.0,0.0,0.0,0.0,0.0
35.099,ABORT,ABORT_SAFE_HOLD,ABORT_RETRACT_PROFILE,0.005284178380640802,0.0073567939763389285,0.6534450185788233,0.0,0.0,0.0,-0.0,0.0,-0.0,0.0,-0.0,0.0,0.0,0.0,0.0
35.127,ABORT,ABORT_SAFE_HOLD,ABORT_RETRACT_PROFILE,0.005284178380640802,0.0073567939763389285,0.6534450185788233,0.0,0.0,0.0,-0.0,0.0,-0.0,0.0,-0.0,0.0,0.0,0.0,0.0
35.15,ABORT,ABORT_SAFE_HOLD,ABORT_RETRACT_PROFILE,0.005284178380640802,0.0073567939763389285,0.6534450185788233,0.0,0.0,0.0,-0.0,0.0,-0.0,0.0,-0.0,0.0,0.0,0.0,0.0
35.15,ABORT,ABORT_SAFE_HOLD,ABORT_RETRACT_PROFILE,0.005284178380640802,0.0073567939763389285,0.6534450185788233,0.0,0.0,0.0,-0.0,0.0,-0.0,0.0,-0.0,0.0,0.0,0.0,0.0
35.184,ABORT,ABORT_SAFE_HOLD,ABORT_RETRACT_PROFILE,0.005284178380640802,0.0073567939763389285,0.6534450185788233,0.0,0.0,0.0,-0.0,0.0,-0.0,0.0,-0.0,0.0,0.0,0.0,0.0
35.184,ABORT,ABORT_SAFE_HOLD,ABORT_RETRACT_PROFILE,0.005284178380640802,0.0073567939763389285,0.6534450185788233,0.0,0.0,0.0,-0.0,0.0,-0.0,0.0,-0.0,0.0,0.0,0.0,0.0
35.193,ABORT,ABORT_SAFE_HOLD,ABORT_RETRACT_PROFILE,0.005284178380640802,0.0073567939763389285,0.6534450185788233,0.0,0.0,0.0,-0.0,0.0,-0.0,0.0,-0.0,0.0,0.0,0.0,0.0
35.196,ABORT,ABORT_SAFE_HOLD,ABORT_RETRACT_PROFILE,0.005284178380640802,0.0073567939763389285,0.6534450185788233,0.0,0.0,0.0,-0.0,0.0,-0.0,0.0,-0.0,0.0,0.0,0.0,0.0
35.242,ABORT,ABORT_SAFE_HOLD,ABORT_RETRACT_PROFILE,0.005284178380640802,0.0073567939763389285,0.6534450185788233,0.0,0.0,0.0,-0.0,0.0,-0.0,0.0,-0.0,0.0,0.0,0.0,0.0
35.245,ABORT,ABORT_SAFE_HOLD,ABORT_RETRACT_PROFILE,0.005284178380640802,0.0073567939763389285,0.6534450185788233,0.0,0.0,0.0,-0.0,0.0,-0.0,0.0,-0.0,0.0,0.0,0.0,0.0
35.265,ABORT,ABORT_SAFE_HOLD,ABORT_RETRACT_PROFILE,0.005284178380640802,0.0073567939763389285,0.6534450185788233,0.0,0.0,0.0,-0.0,0.0,-0.0,0.0,-0.0,0.0,0.0,0.0,0.0
35.299,ABORT,ABORT_SAFE_HOLD,ABORT_RETRACT_PROFILE,0.005284178380640802,0.0073567939763389285,0.6534450185788233,0.0,0.0,0.0,-0.0,0.0,-0.0,0.0,-0.0,0.0,0.0,0.0,0.0
35.299,ABORT,ABORT_SAFE_HOLD,ABORT_RETRACT_PROFILE,0.005284178380640802,0.0073567939763389285,0.6534450185788233,0.0,0.0,0.0,-0.0,0.0,-0.0,0.0,-0.0,0.0,0.0,0.0,0.0
35.311,ABORT,ABORT_SAFE_HOLD,ABORT_RETRACT_PROFILE,0.005284178380640802,0.0073567939763389285,0.6534450185788233,0.0,0.0,0.0,-0.0,0.0,-0.0,0.0,-0.0,0.0,0.0,0.0,0.0
35.33,ABORT,ABORT_SAFE_HOLD,ABORT_RETRACT_PROFILE,0.005284178380640802,0.0073567939763389285,0.6534450185788233,0.0,0.0,0.0,-0.0,0.0,-0.0,0.0,-0.0,0.0,0.0,0.0,0.0
35.348,ABORT,ABORT_SAFE_HOLD,ABORT_RETRACT_PROFILE,0.005284178380640802,0.0073567939763389285,0.6534450185788233,0.0,0.0,0.0,-0.0,0.0,-0.0,0.0,-0.0,0.0,0.0,0.0,0.0
35.354,ABORT,ABORT_SAFE_HOLD,ABORT_RETRACT_PROFILE,0.005284178380640802,0.0073567939763389285,0.6534450185788233,0.0,0.0,0.0,-0.0,0.0,-0.0,0.0,-0.0,0.0,0.0,0.0,0.0
35.377,ABORT,ABORT_SAFE_HOLD,ABORT_RETRACT_PROFILE,0.005284178380640802,0.0073567939763389285,0.6534450185788233,0.0,0.0,0.0,-0.0,0.0,-0.0,0.0,-0.0,0.0,0.0,0.0,0.0
35.422,ABORT,ABORT_SAFE_HOLD,ABORT_RETRACT_PROFILE,0.005284178380640802,0.0073567939763389285,0.6534450185788233,0.0,0.0,0.0,-0.0,0.0,-0.0,0.0,-0.0,0.0,0.0,0.0,0.0
35.461,ABORT,ABORT_SAFE_HOLD,ABORT_RETRACT_PROFILE,0.005284178380640802,0.0073567939763389285,0.6534450185788233,0.0,0.0,0.0,-0.0,0.0,-0.0,0.0,-0.0,0.0,0.0,0.0,0.0
35.461,ABORT,ABORT_SAFE_HOLD,ABORT_RETRACT_PROFILE,0.005284178380640802,0.0073567939763389285,0.6534450185788233,0.0,0.0,0.0,-0.0,0.0,-0.0,0.0,-0.0,0.0,0.0,0.0,0.0
35.487,ABORT,ABORT_SAFE_HOLD,ABORT_RETRACT_PROFILE,0.005284178380640802,0.0073567939763389285,0.6534450185788233,0.0,0.0,0.0,-0.0,0.0,-0.0,0.0,-0.0,0.0,0.0,0.0,0.0
35.496,ABORT,ABORT_SAFE_HOLD,ABORT_RETRACT_PROFILE,0.005284178380640802,0.0073567939763389285,0.6534450185788233,0.0,0.0,0.0,-0.0,0.0,-0.0,0.0,-0.0,0.0,0.0,0.0,0.0
35.522,ABORT,ABORT_SAFE_HOLD,ABORT_RETRACT_PROFILE,0.005284178380640802,0.0073567939763389285,0.6534450185788233,0.0,0.0,0.0,-0.0,0.0,-0.0,0.0,-0.0,0.0,0.0,0.0,0.0
35.547,ABORT,ABORT_SAFE_HOLD,ABORT_RETRACT_PROFILE,0.005284178380640802,0.0073567939763389285,0.6534450185788233,0.0,0.0,0.0,-0.0,0.0,-0.0,0.0,-0.0,0.0,0.0,0.0,0.0
35.556,ABORT,ABORT_SAFE_HOLD,ABORT_RETRACT_PROFILE,0.005284178380640802,0.0073567939763389285,0.6534450185788233,0.0,0.0,0.0,-0.0,0.0,-0.0,0.0,-0.0,0.0,0.0,0.0,0.0
35.571,ABORT,ABORT_SAFE_HOLD,ABORT_RETRACT_PROFILE,0.005284178380640802,0.0073567939763389285,0.6534450185788233,0.0,0.0,0.0,-0.0,0.0,-0.0,0.0,-0.0,0.0,0.0,0.0,0.0
35.594,ABORT,ABORT_SAFE_HOLD,ABORT_RETRACT_PROFILE,0.005284178380640802,0.0073567939763389285,0.6534450185788233,0.0,0.0,0.0,-0.0,0.0,-0.0,0.0,-0.0,0.0,0.0,0.0,0.0
35.605,ABORT,ABORT_SAFE_HOLD,ABORT_RETRACT_PROFILE,0.005284178380640802,0.0073567939763389285,0.6534450185788233,0.0,0.0,0.0,-0.0,0.0,-0.0,0.0,-0.0,0.0,0.0,0.0,0.0
35.606,ABORT,ABORT_SAFE_HOLD,ABORT_RETRACT_PROFILE,0.005284178380640802,0.0073567939763389285,0.6534450185788233,0.0,0.0,0.0,-0.0,0.0,-0.0,0.0,-0.0,0.0,0.0,0.0,0.0
35.628,ABORT,ABORT_SAFE_HOLD,ABORT_RETRACT_PROFILE,0.005284178380640802,0.0073567939763389285,0.6534450185788233,0.0,0.0,0.0,-0.0,0.0,-0.0,0.0,-0.0,0.0,0.0,0.0,0.0
35.671,ABORT,ABORT_SAFE_HOLD,ABORT_RETRACT_PROFILE,0.005284178380640802,0.0073567939763389285,0.6534450185788233,0.0,0.0,0.0,-0.0,0.0,-0.0,0.0,-0.0,0.0,0.0,0.0,0.0
35.673,ABORT,ABORT_SAFE_HOLD,ABORT_RETRACT_PROFILE,0.005284178380640802,0.0073567939763389285,0.6534450185788233,0.0,0.0,0.0,-0.0,0.0,-0.0,0.0,-0.0,0.0,0.0,0.0,0.0
35.7,ABORT,ABORT_SAFE_HOLD,ABORT_RETRACT_PROFILE,0.005284178380640802,0.0073567939763389285,0.6534450185788233,0.0,0.0,0.0,-0.0,0.0,-0.0,0.0,-0.0,0.0,0.0,0.0,0.0
35.729,ABORT,ABORT_SAFE_HOLD,ABORT_RETRACT_PROFILE,0.005284178380640802,0.0073567939763389285,0.6534450185788233,0.0,0.0,0.0,-0.0,0.0,-0.0,0.0,-0.0,0.0,0.0,0.0,0.0
35.735,ABORT,ABORT_SAFE_HOLD,ABORT_RETRACT_PROFILE,0.005284178380640802,0.0073567939763389285,0.6534450185788233,0.0,0.0,0.0,-0.0,0.0,-0.0,0.0,-0.0,0.0,0.0,0.0,0.0
35.775,ABORT,ABORT_SAFE_HOLD,ABORT_RETRACT_PROFILE,0.005284178380640802,0.0073567939763389285,0.6534450185788233,0.0,0.0,0.0,-0.0,0.0,-0.0,0.0,-0.0,0.0,0.0,0.0,0.0
35.786,ABORT,ABORT_SAFE_HOLD,ABORT_RETRACT_PROFILE,0.005284178380640802,0.0073567939763389285,0.6534450185788233,0.0,0.0,0.0,-0.0,0.0,-0.0,0.0,-0.0,0.0,0.0,0.0,0.0
35.797,ABORT,ABORT_SAFE_HOLD,ABORT_RETRACT_PROFILE,0.005284178380640802,0.0073567939763389285,0.6534450185788233,0.0,0.0,0.0,-0.0,0.0,-0.0,0.0,-0.0,0.0,0.0,0.0,0.0
35.879,ABORT,ABORT_SAFE_HOLD,ABORT_RETRACT_PROFILE,0.005284178380640802,0.0073567939763389285,0.6534450185788233,0.0,0.0,0.0,-0.0,0.0,-0.0,0.0,-0.0,0.0,0.0,0.0,0.0
35.89,ABORT,ABORT_SAFE_HOLD,ABORT_RETRACT_PROFILE,0.005284178380640802,0.0073567939763389285,0.6534450185788233,0.0,0.0,0.0,-0.0,0.0,-0.0,0.0,-0.0,0.0,0.0,0.0,0.0
35.904,ABORT,ABORT_SAFE_HOLD,ABORT_RETRACT_PROFILE,0.005284178380640802,0.0073567939763389285,0.6534450185788233,0.0,0.0,0.0,-0.0,0.0,-0.0,0.0,-0.0,0.0,0.0,0.0,0.0
35.918,ABORT,ABORT_SAFE_HOLD,ABORT_RETRACT_PROFILE,0.005284178380640802,0.0073567939763389285,0.6534450185788233,0.0,0.0,0.0,-0.0,0.0,-0.0,0.0,-0.0,0.0,0.0,0.0,0.0
35.936,ABORT,ABORT_SAFE_HOLD,ABORT_RETRACT_PROFILE,0.005284178380640802,0.0073567939763389285,0.6534450185788233,0.0,0.0,0.0,-0.0,0.0,-0.0,0.0,-0.0,0.0,0.0,0.0,0.0
35.979,ABORT,ABORT_SAFE_HOLD,ABORT_RETRACT_PROFILE,0.005284178380640802,0.0073567939763389285,0.6534450185788233,0.0,0.0,0.0,-0.0,0.0,-0.0,0.0,-0.0,0.0,0.0,0.0,0.0
36.003,ABORT,ABORT_SAFE_HOLD,ABORT_RETRACT_PROFILE,0.005284178380640802,0.0073567939763389285,0.6534450185788233,0.0,0.0,0.0,-0.0,0.0,-0.0,0.0,-0.0,0.0,0.0,0.0,0.0
36.004,ABORT,ABORT_SAFE_HOLD,ABORT_RETRACT_PROFILE,0.005284178380640802,0.0073567939763389285,0.6534450185788233,0.0,0.0,0.0,-0.0,0.0,-0.0,0.0,-0.0,0.0,0.0,0.0,0.0
36.046,ABORT,ABORT_SAFE_HOLD,ABORT_RETRACT_PROFILE,0.005284178380640802,0.0073567939763389285,0.6534450185788233,0.0,0.0,0.0,-0.0,0.0,-0.0,0.0,-0.0,0.0,0.0,0.0,0.0
36.046,ABORT,ABORT_SAFE_HOLD,ABORT_RETRACT_PROFILE,0.005284178380640802,0.0073567939763389285,0.6534450185788233,0.0,0.0,0.0,-0.0,0.0,-0.0,0.0,-0.0,0.0,0.0,0.0,0.0
36.062,ABORT,ABORT_SAFE_HOLD,ABORT_RETRACT_PROFILE,0.005284178380640802,0.0073567939763389285,0.6534450185788233,0.0,0.0,0.0,-0.0,0.0,-0.0,0.0,-0.0,0.0,0.0,0.0,0.0
36.065,ABORT,ABORT_SAFE_HOLD,ABORT_RETRACT_PROFILE,0.005284178380640802,0.0073567939763389285,0.6534450185788233,0.0,0.0,0.0,-0.0,0.0,-0.0,0.0,-0.0,0.0,0.0,0.0,0.0
36.103,ABORT,ABORT_SAFE_HOLD,ABORT_RETRACT_PROFILE,0.005284178380640802,0.0073567939763389285,0.6534450185788233,0.0,0.0,0.0,-0.0,0.0,-0.0,0.0,-0.0,0.0,0.0,0.0,0.0
36.116,ABORT,ABORT_SAFE_HOLD,ABORT_RETRACT_PROFILE,0.005284178380640802,0.0073567939763389285,0.6534450185788233,0.0,0.0,0.0,-0.0,0.0,-0.0,0.0,-0.0,0.0,0.0,0.0,0.0
36.148,ABORT,ABORT_SAFE_HOLD,ABORT_RETRACT_PROFILE,0.005284178380640802,0.0073567939763389285,0.6534450185788233,0.0,0.0,0.0,-0.0,0.0,-0.0,0.0,-0.0,0.0,0.0,0.0,0.0
36.156,ABORT,ABORT_SAFE_HOLD,ABORT_RETRACT_PROFILE,0.005284178380640802,0.0073567939763389285,0.6534450185788233,0.0,0.0,0.0,-0.0,0.0,-0.0,0.0,-0.0,0.0,0.0,0.0,0.0
36.17,ABORT,ABORT_SAFE_HOLD,ABORT_RETRACT_PROFILE,0.005284178380640802,0.0073567939763389285,0.6534450185788233,0.0,0.0,0.0,-0.0,0.0,-0.0,0.0,-0.0,0.0,0.0,0.0,0.0
36.185,ABORT,ABORT_SAFE_HOLD,ABORT_RETRACT_PROFILE,0.005284178380640802,0.0073567939763389285,0.6534450185788233,0.0,0.0,0.0,-0.0,0.0,-0.0,0.0,-0.0,0.0,0.0,0.0,0.0
36.202,ABORT,ABORT_SAFE_HOLD,ABORT_RETRACT_PROFILE,0.005284178380640802,0.0073567939763389285,0.6534450185788233,0.0,0.0,0.0,-0.0,0.0,-0.0,0.0,-0.0,0.0,0.0,0.0,0.0
36.212,ABORT,ABORT_SAFE_HOLD,ABORT_RETRACT_PROFILE,0.005284178380640802,0.0073567939763389285,0.6534450185788233,0.0,0.0,0.0,-0.0,0.0,-0.0,0.0,-0.0,0.0,0.0,0.0,0.0
36.259,ABORT,ABORT_SAFE_HOLD,ABORT_RETRACT_PROFILE,0.005284178380640802,0.0073567939763389285,0.6534450185788233,0.0,0.0,0.0,-0.0,0.0,-0.0,0.0,-0.0,0.0,0.0,0.0,0.0
36.276,ABORT,ABORT_SAFE_HOLD,ABORT_RETRACT_PROFILE,0.005284178380640802,0.0073567939763389285,0.6534450185788233,0.0,0.0,0.0,-0.0,0.0,-0.0,0.0,-0.0,0.0,0.0,0.0,0.0
36.29,ABORT,ABORT_SAFE_HOLD,ABORT_RETRACT_PROFILE,0.005284178380640802,0.0073567939763389285,0.6534450185788233,0.0,0.0,0.0,-0.0,0.0,-0.0,0.0,-0.0,0.0,0.0,0.0,0.0
36.32,ABORT,ABORT_SAFE_HOLD,ABORT_RETRACT_PROFILE,0.005284178380640802,0.0073567939763389285,0.6534450185788233,0.0,0.0,0.0,-0.0,0.0,-0.0,0.0,-0.0,0.0,0.0,0.0,0.0
36.36,ABORT,ABORT_SAFE_HOLD,ABORT_RETRACT_PROFILE,0.005284178380640802,0.0073567939763389285,0.6534450185788233,0.0,0.0,0.0,-0.0,0.0,-0.0,0.0,-0.0,0.0,0.0,0.0,0.0
36.395,ABORT,ABORT_SAFE_HOLD,ABORT_RETRACT_PROFILE,0.005284178380640802,0.0073567939763389285,0.6534450185788233,0.0,0.0,0.0,-0.0,0.0,-0.0,0.0,-0.0,0.0,0.0,0.0,0.0
36.395,ABORT,ABORT_SAFE_HOLD,ABORT_RETRACT_PROFILE,0.005284178380640802,0.0073567939763389285,0.6534450185788233,0.0,0.0,0.0,-0.0,0.0,-0.0,0.0,-0.0,0.0,0.0,0.0,0.0
36.418,ABORT,ABORT_SAFE_HOLD,ABORT_RETRACT_PROFILE,0.005284178380640802,0.0073567939763389285,0.6534450185788233,0.0,0.0,0.0,-0.0,0.0,-0.0,0.0,-0.0,0.0,0.0,0.0,0.0
36.419,ABORT,ABORT_SAFE_HOLD,ABORT_RETRACT_PROFILE,0.005284178380640802,0.0073567939763389285,0.6534450185788233,0.0,0.0,0.0,-0.0,0.0,-0.0,0.0,-0.0,0.0,0.0,0.0,0.0
36.46,ABORT,ABORT_SAFE_HOLD,ABORT_RETRACT_PROFILE,0.005284178380640802,0.0073567939763389285,0.6534450185788233,0.0,0.0,0.0,-0.0,0.0,-0.0,0.0,-0.0,0.0,0.0,0.0,0.0
36.5,ABORT,ABORT_SAFE_HOLD,ABORT_RETRACT_PROFILE,0.005284178380640802,0.0073567939763389285,0.6534450185788233,0.0,0.0,0.0,-0.0,0.0,-0.0,0.0,-0.0,0.0,0.0,0.0,0.0
36.522,ABORT,ABORT_SAFE_HOLD,ABORT_RETRACT_PROFILE,0.005284178380640802,0.0073567939763389285,0.6534450185788233,0.0,0.0,0.0,-0.0,0.0,-0.0,0.0,-0.0,0.0,0.0,0.0,0.0
36.522,ABORT,ABORT_SAFE_HOLD,ABORT_RETRACT_PROFILE,0.005284178380640802,0.0073567939763389285,0.6534450185788233,0.0,0.0,0.0,-0.0,0.0,-0.0,0.0,-0.0,0.0,0.0,0.0,0.0
36.55,ABORT,ABORT_SAFE_HOLD,ABORT_RETRACT_PROFILE,0.005284178380640802,0.0073567939763389285,0.6534450185788233,0.0,0.0,0.0,-0.0,0.0,-0.0,0.0,-0.0,0.0,0.0,0.0,0.0
36.553,ABORT,ABORT_SAFE_HOLD,ABORT_RETRACT_PROFILE,0.005284178380640802,0.0073567939763389285,0.6534450185788233,0.0,0.0,0.0,-0.0,0.0,-0.0,0.0,-0.0,0.0,0.0,0.0,0.0
36.573,ABORT,ABORT_SAFE_HOLD,ABORT_RETRACT_PROFILE,0.005284178380640802,0.0073567939763389285,0.6534450185788233,0.0,0.0,0.0,-0.0,0.0,-0.0,0.0,-0.0,0.0,0.0,0.0,0.0
36.594,ABORT,ABORT_SAFE_HOLD,ABORT_RETRACT_PROFILE,0.005284178380640802,0.0073567939763389285,0.6534450185788233,0.0,0.0,0.0,-0.0,0.0,-0.0,0.0,-0.0,0.0,0.0,0.0,0.0
36.616,ABORT,ABORT_SAFE_HOLD,ABORT_RETRACT_PROFILE,0.005284178380640802,0.0073567939763389285,0.6534450185788233,0.0,0.0,0.0,-0.0,0.0,-0.0,0.0,-0.0,0.0,0.0,0.0,0.0
36.622,ABORT,ABORT_SAFE_HOLD,ABORT_RETRACT_PROFILE,0.005284178380640802,0.0073567939763389285,0.6534450185788233,0.0,0.0,0.0,-0.0,0.0,-0.0,0.0,-0.0,0.0,0.0,0.0,0.0
36.649,ABORT,ABORT_SAFE_HOLD,ABORT_RETRACT_PROFILE,0.005284178380640802,0.0073567939763389285,0.6534450185788233,0.0,0.0,0.0,-0.0,0.0,-0.0,0.0,-0.0,0.0,0.0,0.0,0.0
36.653,ABORT,ABORT_SAFE_HOLD,ABORT_RETRACT_PROFILE,0.005284178380640802,0.0073567939763389285,0.6534450185788233,0.0,0.0,0.0,-0.0,0.0,-0.0,0.0,-0.0,0.0,0.0,0.0,0.0
36.67,ABORT,ABORT_SAFE_HOLD,ABORT_RETRACT_PROFILE,0.005284178380640802,0.0073567939763389285,0.6534450185788233,0.0,0.0,0.0,-0.0,0.0,-0.0,0.0,-0.0,0.0,0.0,0.0,0.0
36.677,ABORT,ABORT_SAFE_HOLD,ABORT_RETRACT_PROFILE,0.005284178380640802,0.0073567939763389285,0.6534450185788233,0.0,0.0,0.0,-0.0,0.0,-0.0,0.0,-0.0,0.0,0.0,0.0,0.0
36.701,ABORT,ABORT_SAFE_HOLD,ABORT_RETRACT_PROFILE,0.005284178380640802,0.0073567939763389285,0.6534450185788233,0.0,0.0,0.0,-0.0,0.0,-0.0,0.0,-0.0,0.0,0.0,0.0,0.0
36.703,ABORT,ABORT_SAFE_HOLD,ABORT_RETRACT_PROFILE,0.005284178380640802,0.0073567939763389285,0.6534450185788233,0.0,0.0,0.0,-0.0,0.0,-0.0,0.0,-0.0,0.0,0.0,0.0,0.0
36.738,ABORT,ABORT_SAFE_HOLD,ABORT_RETRACT_PROFILE,0.005284178380640802,0.0073567939763389285,0.6534450185788233,0.0,0.0,0.0,-0.0,0.0,-0.0,0.0,-0.0,0.0,0.0,0.0,0.0
36.738,ABORT,ABORT_SAFE_HOLD,ABORT_RETRACT_PROFILE,0.005284178380640802,0.0073567939763389285,0.6534450185788233,0.0,0.0,0.0,-0.0,0.0,-0.0,0.0,-0.0,0.0,0.0,0.0,0.0
36.749,ABORT,ABORT_SAFE_HOLD,ABORT_RETRACT_PROFILE,0.005284178380640802,0.0073567939763389285,0.6534450185788233,0.0,0.0,0.0,-0.0,0.0,-0.0,0.0,-0.0,0.0,0.0,0.0,0.0
36.763,ABORT,ABORT_SAFE_HOLD,ABORT_RETRACT_PROFILE,0.005284178380640802,0.0073567939763389285,0.6534450185788233,0.0,0.0,0.0,-0.0,0.0,-0.0,0.0,-0.0,0.0,0.0,0.0,0.0
36.786,ABORT,ABORT_SAFE_HOLD,ABORT_RETRACT_PROFILE,0.005284178380640802,0.0073567939763389285,0.6534450185788233,0.0,0.0,0.0,-0.0,0.0,-0.0,0.0,-0.0,0.0,0.0,0.0,0.0
36.805,ABORT,ABORT_SAFE_HOLD,ABORT_RETRACT_PROFILE,0.005284178380640802,0.0073567939763389285,0.6534450185788233,0.0,0.0,0.0,-0.0,0.0,-0.0,0.0,-0.0,0.0,0.0,0.0,0.0
