sim_time_s,wall_time_s,state,active_position_reference_kind,active_joint_reference_kind,px,py,pz,ref_px,ref_py,ref_pz,hold_ref_px,hold_ref_py,hold_ref_pz,position_error_m,position_error_to_active_reference_m,position_error_to_final_hold_m,position_error_to_initial_m,takeoff_transition_error_m,vx,vy,vz,speed_mps,roll_rad,pitch_rad,yaw_rad,wx,wy,wz,yaw_error_rad,max_joint_error_rad,max_joint_error_to_active_reference_deg,max_joint_error_to_neutral_deg,offboard,armed,mavros_state_age_sim_s,mavros_state_age_wall_s,mavros_state_receive_count,q_shoulder_pan_joint,qd_shoulder_pan_joint,qref_shoulder_pan_joint,qcmd_shoulder_pan_joint,effort_shoulder_pan_joint,q_shoulder_lift_joint,qd_shoulder_lift_joint,qref_shoulder_lift_joint,qcmd_shoulder_lift_joint,effort_shoulder_lift_joint,q_elbow_joint,qd_elbow_joint,qref_elbow_joint,qcmd_elbow_joint,effort_elbow_joint,q_wrist_1_joint,qd_wrist_1_joint,qref_wrist_1_joint,qcmd_wrist_1_joint,effort_wrist_1_joint,q_wrist_roll_joint,qd_wrist_roll_joint,qref_wrist_roll_joint,qcmd_wrist_roll_joint,effort_wrist_roll_joint,q_left_knuckle_joint,qd_left_knuckle_joint,qref_left_knuckle_joint,qcmd_left_knuckle_joint,effort_left_knuckle_joint
2.543,0.1920019159988442,PRESTREAM_SETPOINTS,INITIAL_HOLD,MEASURED_JOINT_HOLD,0.001221097307279706,-0.0007531113806180656,0.013325505889952183,0.001221097307279706,-0.0007531113806180656,0.013325505889952183,0.0,0.0,1.0,0.0,0.0,0.9866755371360456,0.0,nan,0.01090746559202671,-0.004229020792990923,0.06725902110338211,0.06826883141151602,-0.019065735863224884,0.025321052761595395,-0.04654519768604485,0.0008310633711516857,0.0048560998402535915,-0.0007013445720076566,-0.046545197686044856,0.0,0.0,5.866259578827246,False,False,0.0,0.0,1,-0.10238554442719128,-0.04749895836573756,-0.10238554442719128,-0.10238554442719128,nan,0.01989492843257068,-0.006863876501428992,0.01989492843257068,0.01989492843257068,nan,0.04213498278207428,0.005341209352295435,0.04213498278207428,0.04213498278207428,nan,0.01760254193835209,0.0002609062534982317,0.01760254193835209,0.01760254193835209,nan,0.013999705704921261,0.1725472948768988,0.013999705704921261,0.013999705704921261,nan,0.001771101563278421,0.11886388329454034,0.001771101563278421,0.001771101563278421,nan
2.5540000000000003,0.2299708299979102,PRESTREAM_SETPOINTS,INITIAL_HOLD,MEASURED_JOINT_HOLD,0.001221097307279706,-0.0007531113806180656,0.013325505889952183,0.001221097307279706,-0.0007531113806180656,0.013325505889952183,0.0,0.0,1.0,0.0,0.0,0.9866755371360456,0.0,nan,0.01090746559202671,-0.004229020792990923,0.06725902110338211,0.06826883141151602,-0.019065735863224884,0.025321052761595395,-0.04654519768604485,0.0008310633711516857,0.0048560998402535915,-0.0007013445720076566,-0.046545197686044856,0.0,0.0,5.866259578827246,False,False,0.01100000000000012,0.06770130999939283,1,-0.10238554442719128,-0.04749895836573756,-0.10238554442719128,-0.10238554442719128,nan,0.01989492843257068,-0.006863876501428992,0.01989492843257068,0.01989492843257068,nan,0.04213498278207428,0.005341209352295435,0.04213498278207428,0.04213498278207428,nan,0.01760254193835209,0.0002609062534982317,0.01760254193835209,0.01760254193835209,nan,0.013999705704921261,0.1725472948768988,0.013999705704921261,0.013999705704921261,nan,0.001771101563278421,0.11886388329454034,0.001771101563278421,0.001771101563278421,nan
2.557,0.30924182099988684,PRESTREAM_SETPOINTS,INITIAL_HOLD,MEASURED_JOINT_HOLD,0.0015174371656030416,-0.000838983803987503,0.015787065029144287,0.001221097307279706,-0.0007531113806180656,0.013325505889952183,0.0,0.0,1.0,0.0024808193768323015,0.0024808193768323015,0.9842144623370055,0.0024808193768323015,nan,0.011703423224389553,-0.003829809371381998,0.07137049734592438,0.0724250332854249,-0.019075972572059615,0.02536442442837707,-0.046523241726802556,0.0008310633711516857,0.0048560998402535915,-0.0007013445720076566,-0.046523241726802556,0.0,0.0,5.9270239588067035,False,False,0.01399999999999979,0.14133250099985162,1,-0.10344608292576574,-0.05605640968531385,-0.10344608292576574,-0.10344608292576574,nan,0.01984588739116777,-0.0010225111121995108,0.01984588739116777,0.01984588739116777,nan,0.04231021182626016,0.010167516396767657,0.04231021182626016,0.04231021182626016,nan,0.017661669665753443,0.004167913637399949,0.017661669665753443,0.017661669665753443,nan,0.014083652745960684,0.17267807675409866,0.014083652745960684,0.014083652745960684,nan,0.0017749251760461604,0.11960425371471645,0.0017749251760461604,0.0017749251760461604,nan
2.589,0.38297960499767214,PRESTREAM_SETPOINTS,INITIAL_HOLD,MEASURED_JOINT_HOLD,0.0017292456468567252,-0.0009018473792821169,0.017832204699516296,0.001221097307279706,-0.0007531113806180656,0.013325505889952183,0.0,0.0,1.0,0.004537694490866487,0.004537694490866487,0.982169731637366,0.004537694490866487,nan,0.013372721150517464,-0.0038792015984654427,0.07482512295246124,0.07610963737176768,-0.01917004500042575,0.02541769329163439,-0.046453557397528905,-0.0016246696468442678,0.004197726026177406,0.0032510012388229366,-0.046453557397528905,0.0,0.0,5.984303082550077,False,False,0.0,0.0,2,-0.10444579222774486,-0.056923461230120924,-0.10444579222774486,-0.10444579222774486,nan,0.019718698706115312,0.0033872518587127406,0.019718698706115312,0.019718698706115312,nan,0.04226179094731464,0.012325471952547512,0.04226179094731464,0.04226179094731464,nan,0.017238252737519666,0.004269791592881423,0.017238252737519666,0.017238252737519666,nan,0.013911096945320445,0.016326072227278055,0.013911096945320445,0.013911096945320445,nan,0.00156855184440019,0.06797961042168649,0.00156855184440019,0.00156855184440019,nan
2.626,0.459952663997683,PRESTREAM_SETPOINTS,INITIAL_HOLD,MEASURED_JOINT_HOLD,0.0023026035632938147,-0.001021491945721209,0.023480292409658432,0.001221097307279706,-0.0007531113806180656,0.013325505889952183,0.0,0.0,1.0,0.010215741440068385,0.010215741440068385,0.9765229565869361,0.010215741440068385,nan,0.014464087784290314,-0.003841232042759657,0.08210677653551102,0.08345949707546962,-0.01914816546978552,0.025830117540018568,-0.04641164002687155,0.0004074772587046027,0.0073120007291436195,0.0009870906360447398,-0.046411640026871544,0.0,0.0,6.103989698345384,False,False,0.03699999999999992,0.07566525000220281,2,-0.10653471774394241,-0.055859951005000325,-0.10653471774394241,-0.10653471774394241,nan,0.01972495742772029,0.005507363875194124,0.01972495742772029,0.01972495742772029,nan,0.042597233304817905,0.012730442667049003,0.042597233304817905,0.042597233304817905,nan,0.017273270759038617,0.004609345330875422,0.017273270759038617,0.017273270759038617,nan,0.013296937062646563,-0.9426089563232531,0.013296937062646563,0.013296937062646563,nan,0.0012763889659019867,0.09362086791570279,0.0012763889659019867,0.0012763889659019867,nan
2.661,0.5360371850001684,PRESTREAM_SETPOINTS,INITIAL_HOLD,MEASURED_JOINT_HOLD,0.0028977771289646626,-0.0011098075192421675,0.027801835909485817,0.001221097307279706,-0.0007531113806180656,0.013325505889952183,0.0,0.0,1.0,0.014577469540157012,0.014577469540157012,0.9722031161470247,0.014577469540157012,nan,0.01755673810839653,-0.003615184221416712,0.08922284841537476,0.09100563328341023,-0.019265419660188375,0.02613121959112194,-0.04641246293345349,-0.0004841933259740472,0.00725326593965292,0.0011323896469548336,-0.04641246293345349,0.0,0.0,6.226756486752461,False,False,0.07200000000000006,0.15076204200158827,2,-0.10867740241374513,-0.05003924558625182,-0.10867740241374513,-0.10867740241374513,nan,0.019624841995607767,-0.00384416120014184,0.019624841995607767,0.019624841995607767,nan,0.042835341108657055,0.005216906239925209,0.042835341108657055,0.042835341108657055,nan,0.01721383335955018,-0.002728543634881989,0.01721383335955018,0.01721383335955018,nan,0.012994887826711654,-0.012794667374751406,0.012994887826711654,0.012994887826711654,nan,0.0011010717360928624,0.08952695399698958,0.0011010717360928624,0.0011010717360928624,nan
2.686,0.6154337719999603,PRESTREAM_SETPOINTS,INITIAL_HOLD,MEASURED_JOINT_HOLD,0.003317333525046706,-0.0011573424562811852,0.02995293214917183,0.001221097307279706,-0.0007531113806180656,0.013325505889952183,0.0,0.0,1.0,0.01676391699600654,0.01676391699600654,0.9700534304816755,0.01676391699600654,nan,0.019373012706637383,-0.003884939244017005,0.09208035469055176,0.0941764200540616,-0.019216699099314217,0.026364142649819896,-0.04640544131512525,0.00025503974757157266,0.007928108796477318,0.0009271184680983414,-0.04640544131512525,0.0,0.0,6.289364062544051,False,False,0.09699999999999998,0.23208789300042554,2,-0.10977011074800025,-0.05697168339406642,-0.10977011074800025,-0.10977011074800025,nan,0.019575793761018367,0.002522293311145348,0.019575793761018367,0.019575793761018367,nan,0.04296351745683946,0.010999393863933622,0.04296351745683946,0.04296351745683946,nan,0.017202439273510173,0.003928670730502105,0.017202439273510173,0.017202439273510173,nan,0.012498077845094713,-0.9849624253384422,0.012498077845094713,0.012498077845094713,nan,0.0010931718184696848,0.10316110741319567,0.0010931718184696848,0.0010931718184696848,nan
2.686,0.696835316997749,PRESTREAM_SETPOINTS,INITIAL_HOLD,MEASURED_JOINT_HOLD,0.003317333525046706,-0.0011573424562811852,0.02995293214917183,0.001221097307279706,-0.0007531113806180656,0.013325505889952183,0.0,0.0,1.0,0.01676391699600654,0.01676391699600654,0.9700534304816755,0.01676391699600654,nan,0.019373012706637383,-0.003884939244017005,0.09208035469055176,0.0941764200540616,-0.019216699099314217,0.026364142649819896,-0.04640544131512525,0.00025503974757157266,0.007928108796477318,0.0009271184680983414,-0.04640544131512525,0.0,0.0,6.289364062544051,False,False,0.09699999999999998,0.30866317900290596,2,-0.10977011074800025,-0.05697168339406642,-0.10977011074800025,-0.10977011074800025,nan,0.019575793761018367,0.002522293311145348,0.019575793761018367,0.019575793761018367,nan,0.04296351745683946,0.010999393863933622,0.04296351745683946,0.04296351745683946,nan,0.017202439273510173,0.003928670730502105,0.017202439273510173,0.017202439273510173,nan,0.012498077845094713,-0.9849624253384422,0.012498077845094713,0.012498077845094713,nan,0.0010931718184696848,0.10316110741319567,0.0010931718184696848,0.0010931718184696848,nan
2.7199999999999998,0.7738669719983591,PRESTREAM_SETPOINTS,INITIAL_HOLD,MEASURED_JOINT_HOLD,0.004100000951439142,-0.0012829380575567484,0.034283075481653214,0.001221097307279706,-0.0007531113806180656,0.013325505889952183,0.0,0.0,1.0,0.021161014287858274,0.021161014287858274,0.9657264800340911,0.021161014287858274,nan,0.021644791588187218,-0.0045419372618198395,0.09940360486507416,0.10183419296659724,-0.019339338463590875,0.026639134529661723,-0.046239398940284636,-0.0014782429207116365,0.006916387937963009,0.001063500181771814,-0.046239398940284636,0.0,0.0,6.411518574829948,False,False,0.13099999999999978,0.3904498970005079,2,-0.11190210918355703,-0.04699041302691185,-0.11190210918355703,-0.11190210918355703,nan,0.019500536453540995,-0.004082821413872515,0.019500536453540995,0.019500536453540995,nan,0.04327291780262321,0.006929627758207343,0.04327291780262321,0.04327291780262321,nan,0.017246871435539823,0.0011968862321498361,0.017246871435539823,0.017246871435539823,nan,0.012237955217744734,0.13587937089422647,0.012237955217744734,0.012237955217744734,nan,0.0011528588121851868,0.101432922769377,0.0011528588121851868,0.0011528588121851868,nan
2.7199999999999998,0.848513394001202,PRESTREAM_SETPOINTS,INITIAL_HOLD,MEASURED_JOINT_HOLD,0.004100000951439142,-0.0012829380575567484,0.034283075481653214,0.001221097307279706,-0.0007531113806180656,0.013325505889952183,0.0,0.0,1.0,0.021161014287858274,0.021161014287858274,0.9657264800340911,0.021161014287858274,nan,0.021644791588187218,-0.0045419372618198395,0.09940360486507416,0.10183419296659724,-0.019339338463590875,0.026639134529661723,-0.046239398940284636,-0.0014782429207116365,0.006916387937963009,0.001063500181771814,-0.046239398940284636,0.0,0.0,6.411518574829948,False,False,0.13099999999999978,0.46475854399977834,2,-0.11190210918355703,-0.04699041302691185,-0.11190210918355703,-0.11190210918355703,nan,0.019500536453540995,-0.004082821413872515,0.019500536453540995,0.019500536453540995,nan,0.04327291780262321,0.006929627758207343,0.04327291780262321,0.04327291780262321,nan,0.017246871435539823,0.0011968862321498361,0.017246871435539823,0.017246871435539823,nan,0.012237955217744734,0.13587937089422647,0.012237955217744734,0.012237955217744734,nan,0.0011528588121851868,0.101432922769377,0.0011528588121851868,0.0011528588121851868,nan
2.7439999999999998,0.9234406979994674,PRESTREAM_SETPOINTS,INITIAL_HOLD,MEASURED_JOINT_HOLD,0.0044379569590091705,-0.0013415483990684152,0.036029163748025894,0.001221097307279706,-0.0007531113806180656,0.013325505889952183,0.0,0.0,1.0,0.022937971232872358,0.022937971232872358,0.9639819854947536,0.022937971232872358,nan,0.02205958589911461,-0.0051138438284397125,0.1018255278468132,0.10431306174216255,-0.01936030590933948,0.026835736367170893,-0.04616651515385785,-0.0021221511997282505,0.006400874815881252,0.0010990408482030025,-0.04616651515385785,0.0,0.0,6.473330032952624,False,False,0.1549999999999998,0.5397995390012511,2,-0.11298092264325632,-0.025727915846426974,-0.11298092264325632,-0.11298092264325632,nan,0.019378525622119724,0.06231821147217277,0.019378525622119724,0.019378525622119724,nan,0.04324443750337714,0.06728449154862196,0.04324443750337714,0.04324443750337714,nan,0.01692552813763637,0.05307110089786535,0.01692552813763637,0.01692552813763637,nan,0.011561313961433228,0.1414366936041135,0.011561313961433228,0.011561313961433228,nan,-0.0007277637310325602,0.0037145811525224337,-0.0007277637310325602,-0.0007277637310325602,nan
2.782,1.0018027580008493,PRESTREAM_SETPOINTS,INITIAL_HOLD,MEASURED_JOINT_HOLD,0.005348005797713995,-0.0014706449583172798,0.04020983725786209,0.001221097307279706,-0.0007531113806180656,0.013325505889952183,0.0,0.0,1.0,0.027208702674385802,0.027208702674385802,0.9598061890085858,0.027208702674385802,nan,0.024611415341496468,-0.0050764866173267365,0.1081443801522255,0.11102567018485683,-0.019343923580974778,0.026996241062578284,-0.04603204207135961,0.0019799822475761175,0.00512862391769886,-0.0011533212382346398,-0.04603204207135961,0.0,0.0,6.588563031261636,False,False,0.19300000000000006,0.6179135170023073,2,-0.11499211787069363,-0.05569170333047702,-0.11499211787069363,-0.11499211787069363,nan,0.019454536167838654,-0.0028127658757265174,0.019454536167838654,0.019454536167838654,nan,0.04362012708885388,0.004896580873683678,0.04362012708885388,0.04362012708885388,nan,0.016934893059176837,-0.002447329815617202,0.016934893059176837,0.016934893059176837,nan,0.011395056661998915,-0.0932224049194859,0.011395056661998915,0.011395056661998915,nan,0.0015157614103813444,0.07061530776032772,0.0015157614103813444,0.0015157614103813444,nan
2.817,1.077626797999983,PRESTREAM_SETPOINTS,INITIAL_HOLD,MEASURED_JOINT_HOLD,0.006372367963194847,-0.0016267321771010756,0.045123208314180374,0.001221097307279706,-0.0007531113806180656,0.013325505889952183,0.0,0.0,1.0,0.03222410095140449,0.03222410095140449,0.9548994400622709,0.03222410095140449,nan,0.027831031009554863,-0.005345446057617664,0.1138349249958992,0.11730954875640644,-0.019368475886700327,0.027240841419723834,-0.04586043290327263,0.0011968958424404263,0.0054279500618577,0.0005270675756037229,-0.04586043290327264,0.0,0.0,6.71322452878952,False,False,0.2280000000000002,0.6930943020015548,2,-0.11716787145302199,-0.05710761351247236,-0.11716787145302199,-0.11716787145302199,nan,0.019371233880194794,0.004276732611069775,0.019371233880194794,0.019371233880194794,nan,0.04384088588950252,0.011257896651709457,0.04384088588950252,0.04384088588950252,nan,0.016847991403940554,0.0027874473795053735,0.016847991403940554,0.016847991403940554,nan,0.010652411130185335,-0.9060031192173017,0.010652411130185335,0.010652411130185335,nan,0.0015034286437520805,0.08572480767732238,0.0015034286437520805,0.0015034286437520805,nan
2.85,1.1618513430003077,PRESTREAM_SETPOINTS,INITIAL_HOLD,MEASURED_JOINT_HOLD,0.006875076796859503,-0.0016907902900129557,0.04775651544332504,0.001221097307279706,-0.0007531113806180656,0.013325505889952183,0.0,0.0,1.0,0.034904743870571034,0.034904743870571034,0.952269803854667,0.034904743870571034,nan,0.028802091255784035,-0.0060310205444693565,0.1173483207821846,0.12098166001470148,-0.0193275120765263,0.027415428531261325,-0.045731069612404626,0.00043696368811652064,0.0058753155171871185,0.003010286018252372,-0.045731069612404626,0.0,0.0,6.7750106591392205,False,False,0.2610000000000001,0.7759002480015624,2,-0.11824624285969065,-0.0567784676360341,-0.11824624285969065,-0.11824624285969065,nan,0.01935140834568827,0.00506280214384249,0.01935140834568827,0.01935140834568827,nan,0.04398031916843603,0.01197664866205155,0.04398031916843603,0.04398031916843603,nan,0.01683509817897466,0.0037090473280697693,0.01683509817897466,0.01683509817897466,nan,0.010244274889200433,-0.9110914664846245,0.010244274889200433,0.010244274889200433,nan,-0.0009874570623473744,0.08559422770394882,-0.0009874570623473744,-0.0009874570623473744,nan
2.89,1.2451809529993625,PRESTREAM_SETPOINTS,INITIAL_HOLD,MEASURED_JOINT_HOLD,0.007783161010593176,-0.0018380553228780627,0.05281956493854523,0.001221097307279706,-0.0007531113806180656,0.013325505889952183,0.0,0.0,1.0,0.040050199544296214,0.040050199544296214,0.9472141957371065,0.040050199544296214,nan,0.03121158666908741,-0.006666611880064011,0.1219039261341095,0.1260125948596877,-0.019324019285009177,0.027557074752805243,-0.04558427058972535,-0.001206742599606514,0.0032890122383832936,0.0022169821895658966,-0.045584270589725355,0.0,0.0,6.898359555466449,False,False,0.30100000000000016,0.8577633610002522,2,-0.12039908722930193,-0.056402075324803916,-0.12039908722930193,-0.12039908722930193,nan,0.01929714152575368,-0.0007269993714698836,0.01929714152575368,0.01929714152575368,nan,0.04425973824497209,0.00778490107418334,0.04425973824497209,0.04425973824497209,nan,0.016823509900569356,0.0007383557891254295,0.016823509900569356,0.016823509900569356,nan,0.010118469043342238,-0.0003972186515654452,0.010118469043342238,0.010118469043342238,nan,-0.0009795750888654808,0.08293409020335515,-0.0009795750888654808,-0.0009795750888654808,nan
2.92,1.320844802998181,PRESTREAM_SETPOINTS,INITIAL_HOLD,MEASURED_JOINT_HOLD,0.008769040927290916,-0.0020251309033483267,0.05757856369018555,0.001221097307279706,-0.0007531113806180656,0.013325505889952183,0.0,0.0,1.0,0.044910161558692596,0.044910161558692596,0.9424644082670782,0.044910161558692596,nan,0.0319620780646801,-0.007989177480340004,0.12715259194374084,0.13135137239114233,-0.019434740560796873,0.027608783953787026,-0.045664509480370444,-0.0031131922733038664,0.0022183607798069715,0.0005029442254453894,-0.04566450948037045,0.0,0.0,7.020080707705866,False,False,0.33099999999999996,0.9372219430006226,2,-0.12252352210520101,-0.04794518771233595,-0.12252352210520101,-0.12252352210520101,nan,0.01924198301116764,-0.002093648013913516,0.01924198301116764,0.01924198301116764,nan,0.0444294776865668,0.005410212478507913,0.0444294776865668,0.0444294776865668,nan,0.01650466933202921,-0.0026375611874079547,0.01650466933202921,0.01650466933202921,nan,0.00961277891456458,-0.025940617446255188,0.00961277891456458,0.00961277891456458,nan,-0.0006785960238078204,0.050906219584543805,-0.0006785960238078204,-0.0006785960238078204,nan
2.936,1.3983012299977418,PRESTREAM_SETPOINTS,INITIAL_HOLD,MEASURED_JOINT_HOLD,0.008769040927290916,-0.0020251309033483267,0.05757856369018555,0.001221097307279706,-0.0007531113806180656,0.013325505889952183,0.0,0.0,1.0,0.044910161558692596,0.044910161558692596,0.9424644082670782,0.044910161558692596,nan,0.0319620780646801,-0.007989177480340004,0.12715259194374084,0.13135137239114233,-0.019434740560796873,0.027608783953787026,-0.045664509480370444,-0.0031131922733038664,0.0022183607798069715,0.0005029442254453894,-0.04566450948037045,0.0,0.0,7.080291528205477,False,False,0.347,1.0142278020030062,2,-0.12357439916824653,-0.05472074370219933,-0.12357439916824653,-0.12357439916824653,nan,0.01924092180437853,-0.006002262916269803,0.01924092180437853,0.01924092180437853,nan,0.0445618592489172,0.0006386978326814339,0.0445618592489172,0.0445618592489172,nan,0.016469709290238832,-0.007789713571975099,0.016469709290238832,0.016469709290238832,nan,0.00933420607872204,-0.1282815936523803,0.00933420607872204,0.00933420607872204,nan,0.0010311709181234363,0.06404150518169095,0.0010311709181234363,0.0010311709181234363,nan
2.942,1.4728649620010401,PRESTREAM_SETPOINTS,INITIAL_HOLD,MEASURED_JOINT_HOLD,0.009184145368635654,-0.002118475968018174,0.059222906827926636,0.001221097307279706,-0.0007531113806180656,0.013325505889952183,0.0,0.0,1.0,0.04660306607665604,0.04660306607665604,0.9408243063951288,0.04660306607665604,nan,0.03315208479762077,-0.008294527418911457,0.12919345498085022,0.13363685390423063,-0.01950343657952951,0.027700371452038606,-0.0457158116435303,-0.002524623181670904,0.0036951238289475445,0.0018239776836708184,-0.0457158116435303,0.0,0.0,7.080291528205477,False,False,0.3530000000000002,1.0923467820030055,2,-0.12357439916824653,-0.05472074370219933,-0.12357439916824653,-0.12357439916824653,nan,0.01924092180437853,-0.006002262916269803,0.01924092180437853,0.01924092180437853,nan,0.0445618592489172,0.0006386978326814339,0.0445618592489172,0.0445618592489172,nan,0.016469709290238832,-0.007789713571975099,0.016469709290238832,0.016469709290238832,nan,0.00933420607872204,-0.1282815936523803,0.00933420607872204,0.00933420607872204,nan,0.0010311709181234363,0.06404150518169095,0.0010311709181234363,0.0010311709181234363,nan
2.968,1.5448939739981142,PRESTREAM_SETPOINTS,INITIAL_HOLD,MEASURED_JOINT_HOLD,0.009859243407845497,-0.0022496047895401716,0.06134594976902008,0.001221097307279706,-0.0007531113806180656,0.013325505889952183,0.0,0.0,1.0,0.048814138227775535,0.048814138227775535,0.9387085231408668,0.048814138227775535,nan,0.035844944417476654,-0.007544978056102991,0.13077205419540405,0.1358054376401945,-0.01952785831451121,0.027847831933451545,-0.04571932776695586,-0.0010712876683101058,0.00456647202372551,0.003390193916857242,-0.045719327766955864,0.0,0.0,7.1420570159818855,False,False,0.379,1.1637080420005077,2,-0.12465241029404517,-0.05755838753398966,-0.12465241029404517,-0.12465241029404517,nan,0.01922099657326637,-0.003743576555463846,0.01922099657326637,0.01922099657326637,nan,0.04467641611796669,0.0037309204438609436,0.04467641611796669,0.04467641611796669,nan,0.01642044124081199,-0.0032511253737035747,0.01642044124081199,0.01642044124081199,nan,0.009175802751087758,-0.12451618663162517,0.009175802751087758,0.009175802751087758,nan,-0.0007974712709479803,0.06452038088097485,-0.0007974712709479803,-0.0007974712709479803,nan
2.977,1.6214177680012654,PRESTREAM_SETPOINTS,INITIAL_HOLD,MEASURED_JOINT_HOLD,0.010348989628255367,-0.0023276570718735456,0.0625968873500824,0.001221097307279706,-0.0007531113806180656,0.013325505889952183,0.0,0.0,1.0,0.05013448556978361,0.05013448556978361,0.9374631273706311,0.05013448556978361,nan,0.037551745772361755,-0.007216692436486483,0.13178806006908417,0.13722356589539372,-0.019484405286077956,0.0278584104470363,-0.04578206855510359,-0.0010712876683101058,0.00456647202372551,0.003390193916857242,-0.04578206855510358,0.0,0.0,7.20513553429536,False,False,0.3879999999999999,1.2363632090018655,2,-0.12575333812589484,-0.04965114530450221,-0.12575333812589484,-0.12575333812589484,nan,0.01919749763351053,0.0034133618004158223,0.01919749763351053,0.01919749763351053,nan,0.04479582231939627,0.009805333685318968,0.04479582231939627,0.04479582231939627,nan,0.016384699895167998,0.0008319730509324143,0.016384699895167998,0.016384699895167998,nan,0.008856462420518518,-0.8506552356801319,0.008856462420518518,0.008856462420518518,nan,-0.0008293087320465631,0.07392872331512845,-0.0008293087320465631,-0.0008293087320465631,nan
2.9859999999999998,1.697194116000901,PRESTREAM_SETPOINTS,INITIAL_HOLD,MEASURED_JOINT_HOLD,0.010348989628255367,-0.0023276570718735456,0.0625968873500824,0.001221097307279706,-0.0007531113806180656,0.013325505889952183,0.0,0.0,1.0,0.05013448556978361,0.05013448556978361,0.9374631273706311,0.05013448556978361,nan,0.037551745772361755,-0.007216692436486483,0.13178806006908417,0.13722356589539372,-0.019484405286077956,0.0278584104470363,-0.04578206855510359,0.0003789686015807092,0.0036182315088808537,0.0011577133554965253,-0.04578206855510358,0.0,0.0,7.20513553429536,False,False,0.3969999999999998,1.3126779180020094,2,-0.12575333812589484,-0.04965114530450221,-0.12575333812589484,-0.12575333812589484,nan,0.01919749763351053,0.0034133618004158223,0.01919749763351053,0.01919749763351053,nan,0.04479582231939627,0.009805333685318968,0.04479582231939627,0.04479582231939627,nan,0.016384699895167998,0.0008319730509324143,0.016384699895167998,0.016384699895167998,nan,0.008856462420518518,-0.8506552356801319,0.008856462420518518,0.008856462420518518,nan,-0.0008293087320465631,0.07392872331512845,-0.0008293087320465631,-0.0008293087320465631,nan
2.9859999999999998,1.772857670999656,PRESTREAM_SETPOINTS,INITIAL_HOLD,MEASURED_JOINT_HOLD,0.010348989628255367,-0.0023276570718735456,0.0625968873500824,0.001221097307279706,-0.0007531113806180656,0.013325505889952183,0.0,0.0,1.0,0.05013448556978361,0.05013448556978361,0.9374631273706311,0.05013448556978361,nan,0.037551745772361755,-0.007216692436486483,0.13178806006908417,0.13722356589539372,-0.019484405286077956,0.0278584104470363,-0.04578206855510359,0.0003789686015807092,0.0036182315088808537,0.0011577133554965253,-0.04578206855510358,0.0,0.0,7.20513553429536,False,False,0.3969999999999998,1.3914762519998476,2,-0.12575333812589484,-0.04965114530450221,-0.12575333812589484,-0.12575333812589484,nan,0.01919749763351053,0.0034133618004158223,0.01919749763351053,0.01919749763351053,nan,0.04479582231939627,0.009805333685318968,0.04479582231939627,0.04479582231939627,nan,0.016384699895167998,0.0008319730509324143,0.016384699895167998,0.016384699895167998,nan,0.008856462420518518,-0.8506552356801319,0.008856462420518518,0.008856462420518518,nan,-0.0008293087320465631,0.07392872331512845,-0.0008293087320465631,-0.0008293087320465631,nan
3.008,1.8516482049999468,PRESTREAM_SETPOINTS,INITIAL_HOLD,MEASURED_JOINT_HOLD,0.011127732694149017,-0.002438449067994952,0.06426393985748291,0.001221097307279706,-0.0007531113806180656,0.013325505889952183,0.0,0.0,1.0,0.05192018723842733,0.05192018723842733,0.9358054000270623,0.05192018723842733,nan,0.03868696466088295,-0.006769871339201927,0.13326285779476166,0.13892984438287054,-0.01946468819835706,0.027945045986193448,-0.04596084366016579,0.000861861277371645,0.004273594822734594,0.0008282102062366897,-0.04596084366016579,0.0,0.0,7.268640074791911,False,False,0.41900000000000004,1.4689405800017994,2,-0.12686170144752573,-0.04966249380275936,-0.12686170144752573,-0.12686170144752573,nan,0.01885738469447862,-0.007200414532817791,0.01885738469447862,0.01885738469447862,nan,0.04453888242105464,-0.00040223351449430143,0.04453888242105464,0.04453888242105464,nan,0.015879178543452888,-0.00965491975085833,0.015879178543452888,0.015879178543452888,nan,0.01578382979195947,-0.0040560142961871175,0.01578382979195947,0.01578382979195947,nan,0.0020214625343291104,0.07782009847047609,0.0020214625343291104,0.0020214625343291104,nan
3.041,1.935958648999076,PRESTREAM_SETPOINTS,INITIAL_HOLD,MEASURED_JOINT_HOLD,0.01228050421923399,-0.002601746004074812,0.0660979226231575,0.001221097307279706,-0.0007531113806180656,0.013325505889952183,0.0,0.0,1.0,0.05395049489187577,0.05395049489187577,0.9339864399416783,0.05395049489187577,nan,0.039709631353616714,-0.007148383185267448,0.1346665322780609,0.14058104111224093,-0.019521008529696033,0.02823796925944151,-0.046133589188497616,-0.0012186497915536165,0.0072855520993471146,0.0029694440308958283,-0.046133589188497616,0.0,0.0,7.398577857568627,False,False,0.45199999999999996,1.5505964120020508,2,-0.12912954357972062,-0.02855492965810855,-0.12912954357972062,-0.12912954357972062,nan,0.018966115860677313,-0.003336076529255598,0.018966115860677313,0.018966115860677313,nan,0.04488048186537519,-0.003415692265202667,0.04488048186537519,0.04488048186537519,nan,0.015800007428339313,-0.023253068650129508,0.015800007428339313,0.015800007428339313,nan,0.011116634110601709,0.03299250370305052,0.011116634110601709,0.011116634110601709,nan,0.0007763470493031832,0.06158638137104437,0.0007763470493031832,0.0007763470493031832,nan
3.062,2.0099494220012275,PRESTREAM_SETPOINTS,INITIAL_HOLD,MEASURED_JOINT_HOLD,0.012650443241000175,-0.002647611079737544,0.06680811196565628,0.001221097307279706,-0.0007531113806180656,0.013325505889952183,0.0,0.0,1.0,0.05472301371663989,0.05472301371663989,0.9332813849272503,0.05472301371663989,nan,0.04082402214407921,-0.00688890740275383,0.13567084074020386,0.14184722364705538,-0.019561201362394937,0.028355863880011812,-0.046217243566873165,-0.0032463236711919308,0.006491377949714661,0.001589014194905757,-0.046217243566873165,0.0,0.0,7.456310530150181,False,False,0.47299999999999986,1.6269986150000477,2,-0.13013716880224457,-0.04856708613393732,-0.13013716880224457,-0.13013716880224457,nan,0.019005073158892216,0.004384116466831866,0.019005073158892216,0.019005073158892216,nan,0.04505885870992987,0.010611697827595627,0.04505885870992987,0.04505885870992987,nan,0.015789792886804044,0.0020213693723568123,0.015789792886804044,0.015789792886804044,nan,0.010523328122949316,-0.7536067356083457,0.010523328122949316,0.010523328122949316,nan,0.0009978982115894652,0.058160127639573206,0.0009978982115894652,0.0009978982115894652,nan
3.066,2.0874782459977723,PRESTREAM_SETPOINTS,INITIAL_HOLD,MEASURED_JOINT_HOLD,0.012650443241000175,-0.002647611079737544,0.06680811196565628,0.001221097307279706,-0.0007531113806180656,0.013325505889952183,0.0,0.0,1.0,0.05472301371663989,0.05472301371663989,0.9332813849272503,0.05472301371663989,nan,0.04082402214407921,-0.00688890740275383,0.13567084074020386,0.14184722364705538,-0.019561201362394937,0.028355863880011812,-0.046217243566873165,-0.0032463236711919308,0.006491377949714661,0.001589014194905757,-0.046217243566873165,0.0,0.0,7.456310530150181,False,False,0.47699999999999987,1.7037655920030375,2,-0.13013716880224457,-0.04856708613393732,-0.13013716880224457,-0.13013716880224457,nan,0.019005073158892216,0.004384116466831866,0.019005073158892216,0.019005073158892216,nan,0.04505885870992987,0.010611697827595627,0.04505885870992987,0.04505885870992987,nan,0.015789792886804044,0.0020213693723568123,0.015789792886804044,0.015789792886804044,nan,0.010523328122949316,-0.7536067356083457,0.010523328122949316,0.010523328122949316,nan,0.0009978982115894652,0.058160127639573206,0.0009978982115894652,0.0009978982115894652,nan
3.101,2.161042550000275,PRESTREAM_SETPOINTS,INITIAL_HOLD,MEASURED_JOINT_HOLD,0.013697312213480473,-0.0027466409374028444,0.06879547238349915,0.001221097307279706,-0.0007531113806180656,0.013325505889952183,0.0,0.0,1.0,0.05689066075617951,0.05689066075617951,0.9313093109444268,0.05689066075617951,nan,0.04423176497220993,-0.006000939290970564,0.13837064802646637,0.14539221622973827,-0.019713115668830914,0.02852946887031852,-0.04658372812102662,-0.0037337522953748703,0.005204636603593826,-0.0006382934516295797,-0.04658372812102662,0.0,0.0,7.579563791083604,False,False,0.512,1.7796954290024587,2,-0.13228834401935252,-0.05721102871461156,-0.13228834401935252,-0.13228834401935252,nan,0.018957570270721646,-0.0028508930868725766,0.018957570270721646,0.018957570270721646,nan,0.045276199565142505,0.004376060183330333,0.045276199565142505,0.045276199565142505,nan,0.015675010367298903,-0.003917903599846723,0.015675010367298903,0.015675010367298903,nan,0.010078583058989565,-0.13435634860230133,0.010078583058989565,0.010078583058989565,nan,0.0011474019925419299,0.0664118029573855,0.0011474019925419299,0.0011474019925419299,nan
3.132,2.2350570220005466,PRESTREAM_SETPOINTS,INITIAL_HOLD,MEASURED_JOINT_HOLD,0.0144148925319314,-0.0028013193514198065,0.06962364166975021,0.001221097307279706,-0.0007531113806180656,0.013325505889952183,0.0,0.0,1.0,0.05785975700434865,0.05785975700434865,0.9304922378272014,0.05785975700434865,nan,0.04598427563905716,-0.00603713421151042,0.13991689682006836,0.14740331953960273,-0.019786362098038364,0.028641887479702175,-0.04670737545937582,-0.0032874690368771553,0.005754401441663504,-0.0004031900316476829,-0.04670737545937582,0.0,0.0,7.642747405169212,False,False,0.5430000000000001,1.8523216980029247,2,-0.13339110611845584,-0.05098999762925691,-0.13339110611845584,-0.13339110611845584,nan,0.018929310715538605,0.0016808818112287647,0.018929310715538605,0.018929310715538605,nan,0.04539001429175915,0.008506042122219785,0.04539001429175915,0.04539001429175915,nan,0.015631463372892007,0.00018032861452674243,0.015631463372892007,0.015631463372892007,nan,0.009601719156654198,-0.8487050907725545,0.009601719156654198,0.009601719156654198,nan,0.0011788554080558455,0.0762607083100883,0.0011788554080558455,0.0011788554080558455,nan
3.153,2.3143474210010027,PRESTREAM_SETPOINTS,INITIAL_HOLD,MEASURED_JOINT_HOLD,0.014928705058991909,-0.002840589266270399,0.07019106298685074,0.001221097307279706,-0.0007531113806180656,0.013325505889952183,0.0,0.0,1.0,0.05853159538350648,0.05853159538350648,0.92993311293428,0.05853159538350648,nan,0.047462332993745804,-0.005873651709407568,0.14068782329559326,0.14859420063133255,-0.019799763572981795,0.028756193426936538,-0.04686171236333905,-0.0009015795076265931,0.0065256827510893345,0.00030059856362640776,-0.04686171236333905,0.0,0.0,7.706149768240534,False,False,0.5640000000000001,1.9305272740020882,2,-0.13449768610759527,-0.057644876917476134,-0.13449768610759527,-0.13449768610759527,nan,0.018883075933052496,-0.003546669578958539,0.018883075933052496,0.018883075933052496,nan,0.04549524684304096,0.0046820279277736635,0.04549524684304096,0.04549524684304096,nan,0.01558634898153688,-0.0021154690617335332,0.01558634898153688,0.01558634898153688,nan,0.009945065535764464,-0.0684137420613401,0.009945065535764464,0.009945065535764464,nan,0.0012599265768979961,0.07546293829195988,0.0012599265768979961,0.0012599265768979961,nan
3.155,2.3938872039980197,PRESTREAM_SETPOINTS,INITIAL_HOLD,MEASURED_JOINT_HOLD,0.01575332321226597,-0.002900580409914255,0.0711931362748146,0.001221097307279706,-0.0007531113806180656,0.013325505889952183,0.0,0.0,1.0,0.059703097569090945,0.059703097569090945,0.928944977198305,0.059703097569090945,nan,0.049644116312265396,-0.005925353150814772,0.14158713817596436,0.15015513907704667,-0.019772714937383515,0.028964305329179405,-0.04699322705563014,-0.0009015795076265931,0.0065256827510893345,0.00030059856362640776,-0.04699322705563014,0.0,0.0,7.706149768240534,False,False,0.5659999999999998,2.005568675001996,2,-0.13449768610759527,-0.057644876917476134,-0.13449768610759527,-0.13449768610759527,nan,0.018883075933052496,-0.003546669578958539,0.018883075933052496,0.018883075933052496,nan,0.04549524684304096,0.0046820279277736635,0.04549524684304096,0.04549524684304096,nan,0.01558634898153688,-0.0021154690617335332,0.01558634898153688,0.01558634898153688,nan,0.009945065535764464,-0.0684137420613401,0.009945065535764464,0.009945065535764464,nan,0.0012599265768979961,0.07546293829195988,0.0012599265768979961,0.0012599265768979961,nan
3.195,2.478028465000534,PRESTREAM_SETPOINTS,INITIAL_HOLD,MEASURED_JOINT_HOLD,0.016330119222402573,-0.002945377491414547,0.07183121889829636,0.001221097307279706,-0.0007531113806180656,0.013325505889952183,0.0,0.0,1.0,0.06046492395221334,0.06046492395221334,0.9283170979003925,0.06046492395221334,nan,0.050179172307252884,-0.0058404505252838135,0.14295518398284912,0.15161874825808813,-0.01974785268761839,0.029126956415062754,-0.04713855627498107,0.0010917435865849257,0.008140239864587784,0.0015145062934607257,-0.04713855627498107,0.0,0.0,7.830542626329817,False,False,0.6059999999999999,2.08930486400277,2,-0.13666875104721932,-0.05602194764162685,-0.13666875104721932,-0.13666875104721932,nan,0.018829773986769105,-7.29006899756841e-05,0.018829773986769105,0.018829773986769105,nan,0.04575942371114383,0.008381781537032146,0.04575942371114383,0.04575942371114383,nan,0.015549641997645303,0.0011214917761560826,0.015549641997645303,0.015549641997645303,nan,0.009844019919722946,-0.016262130597300955,0.009844019919722946,0.009844019919722946,nan,0.0012899883858255023,0.07913470086233963,0.0012899883858255023,0.0012899883858255023,nan
3.233,2.5636569210000744,PRESTREAM_SETPOINTS,INITIAL_HOLD,MEASURED_JOINT_HOLD,0.017847325652837753,-0.003079357324168086,0.07279005646705627,0.001221097307279706,-0.0007531113806180656,0.013325505889952183,0.0,0.0,1.0,0.061788960701127604,0.061788960701127604,0.9273868064949237,0.061788960701127604,nan,0.0525495745241642,-0.006058317143470049,0.14525102078914642,0.15458337565718572,-0.01974918952076773,0.02929108979523134,-0.04749907755822512,-0.0001260154676856473,0.004662006162106991,0.00148358242586255,-0.04749907755822512,0.0,0.0,7.952901306615862,False,False,0.6440000000000001,2.1770151740020083,2,-0.13880431288660589,-0.05411806592839491,-0.13880431288660589,-0.13880431288660589,nan,0.01876744293405519,-0.0061128627108585215,0.01876744293405519,0.01876744293405519,nan,0.045903276361231704,0.0004640593954984163,0.045903276361231704,0.045903276361231704,nan,0.015195830838412583,-0.008022818670930791,0.015195830838412583,0.015195830838412583,nan,0.009594032886472093,-0.1048716027419695,0.009594032886472093,0.009594032886472093,nan,0.0009931539215175533,0.062365331304018105,0.0009931539215175533,0.0009931539215175533,nan
3.27,2.644579708998208,PRESTREAM_SETPOINTS,INITIAL_HOLD,MEASURED_JOINT_HOLD,0.019130181521177292,-0.0031447047367691994,0.0738513320684433,0.001221097307279706,-0.0007531113806180656,0.013325505889952183,0.0,0.0,1.0,0.06316510627514674,0.06316510627514674,0.926351557522473,0.06316510627514674,nan,0.05608006939291954,-0.006902636960148811,0.14819233119487762,0.15859882598900468,-0.019875188053907842,0.029483380693087043,-0.04780863174069926,-0.0020584817975759506,0.004525572061538696,0.0013547723647207015,-0.04780863174069926,0.0,0.0,8.077372417352178,False,False,0.681,2.257452596000803,2,-0.14097674359256906,-0.05760175262239189,-0.14097674359256906,-0.14097674359256906,nan,0.018700437421614424,-0.002677924585996183,0.018700437421614424,0.018700437421614424,nan,0.04612268754600901,0.005176546992372726,0.04612268754600901,0.04612268754600901,nan,0.015102983499464706,-0.002030696091963056,0.015102983499464706,0.015102983499464706,nan,0.009445847322748335,-0.07407603423103835,0.009445847322748335,0.009445847322748335,nan,0.0011663080982193819,0.07418870755725414,0.0011663080982193819,0.0011663080982193819,nan
3.294,2.7204801509979006,PRESTREAM_SETPOINTS,INITIAL_HOLD,MEASURED_JOINT_HOLD,0.01985047571361065,-0.0031645961571484804,0.07467177510261536,0.001221097307279706,-0.0007531113806180656,0.013325505889952183,0.0,0.0,1.0,0.06415788139384165,0.06415788139384165,0.9255465303520074,0.06415788139384165,nan,0.05820102244615555,-0.005926851648837328,0.14922180771827698,0.16027986299892963,-0.019839401218367195,0.029561204615084134,-0.04790039459394278,-0.0015020719729363918,0.004965237341821194,0.0011936865048483008,-0.04790039459394278,0.0,0.0,8.140153138486818,False,False,0.7050000000000001,2.336832093002158,2,-0.14207247388314492,-0.056114885983147435,-0.14207247388314492,-0.14207247388314492,nan,0.01867237853231618,-0.0033607348590991818,0.01867237853231618,0.01867237853231618,nan,0.04625175249494973,0.0056610862491809355,0.04625175249494973,0.04625175249494973,nan,0.01508267509922856,-0.0005312173322552568,0.01508267509922856,0.01508267509922856,nan,0.009475957697658188,-0.022297926106251878,0.009475957697658188,0.009475957697658188,nan,0.0011950191830534251,0.07833706045613534,0.0011950191830534251,0.0011950191830534251,nan
3.295,2.8040953499985335,PRESTREAM_SETPOINTS,INITIAL_HOLD,MEASURED_JOINT_HOLD,0.01985047571361065,-0.0031645961571484804,0.07467177510261536,0.001221097307279706,-0.0007531113806180656,0.013325505889952183,0.0,0.0,1.0,0.06415788139384165,0.06415788139384165,0.9255465303520074,0.06415788139384165,nan,0.05820102244615555,-0.005926851648837328,0.14922180771827698,0.16027986299892963,-0.019839401218367195,0.029561204615084134,-0.04790039459394278,-0.0015020719729363918,0.004965237341821194,0.0011936865048483008,-0.04790039459394278,0.0,0.0,8.140153138486818,False,False,0.706,2.412221071001113,2,-0.14207247388314492,-0.056114885983147435,-0.14207247388314492,-0.14207247388314492,nan,0.01867237853231618,-0.0033607348590991818,0.01867237853231618,0.01867237853231618,nan,0.04625175249494973,0.0056610862491809355,0.04625175249494973,0.04625175249494973,nan,0.01508267509922856,-0.0005312173322552568,0.01508267509922856,0.01508267509922856,nan,0.009475957697658188,-0.022297926106251878,0.009475957697658188,0.009475957697658188,nan,0.0011950191830534251,0.07833706045613534,0.0011950191830534251,0.0011950191830534251,nan
3.313,2.853127588998177,PRESTREAM_SETPOINTS,INITIAL_HOLD,MEASURED_JOINT_HOLD,0.020381273701786995,-0.0031737717799842358,0.07545723766088486,0.001221097307279706,-0.0007531113806180656,0.013325505889952183,0.0,0.0,1.0,0.06506399963953045,0.06506399963953045,0.9247728307744881,0.06506399963953045,nan,0.05998505651950836,-0.005761235952377319,0.151140034198761,0.1627105060619941,-0.019894047721558547,0.029667154646495768,-0.04804482514005764,-0.0008228053920902312,0.005713602527976036,-0.0016242591664195067,-0.04804482514005764,0.0,0.0,8.200850907228695,False,False,0.7240000000000002,2.4636919390031835,2,-0.14313184979630478,-0.05573351027752608,-0.14313184979630478,-0.14313184979630478,nan,0.01857363263727496,0.0035114127743375665,0.01857363263727496,0.01857363263727496,nan,0.04623296902333873,0.01231998960300904,0.04623296902333873,0.04623296902333873,nan,0.014763139410500337,0.0031896840380132006,0.014763139410500337,0.014763139410500337,nan,0.009323780827996231,-0.13395492716443771,0.009323780827996231,0.009323780827996231,nan,0.000934618437331558,0.051853695038447625,0.000934618437331558,0.000934618437331558,nan
3.35,2.9289698360007606,PRESTREAM_SETPOINTS,INITIAL_HOLD,MEASURED_JOINT_HOLD,0.02214890532195568,-0.0031617595814168453,0.07848693430423737,0.001221097307279706,-0.0007531113806180656,0.013325505889952183,0.0,0.0,1.0,0.06848201579571354,0.06848201579571354,0.921784628304581,0.06848201579571354,nan,0.06269212067127228,-0.004595456179231405,0.15487490594387054,0.167145615266687,-0.019883717262176893,0.0299763853341994,-0.0483533902896635,-0.0001967337739188224,0.007177319377660751,0.0011803966481238595,-0.0483533902896635,0.0,0.0,8.32559996260619,False,False,0.7610000000000001,2.5453004789997067,2,-0.1453091315513948,-0.05617314725882315,-0.1453091315513948,-0.1453091315513948,nan,0.01859559506361297,0.003555117923806852,0.01859559506361297,0.01859559506361297,nan,0.04653707276605079,0.009756505222234133,0.04653707276605079,0.04653707276605079,nan,0.014745624901641996,0.0011531346659440361,0.014745624901641996,0.014745624901641996,nan,0.008931243595807103,-0.8641971325127551,0.008931243595807103,0.008931243595807103,nan,0.0010695722836731036,0.07562716662552348,0.0010695722836731036,0.0010695722836731036,nan
3.38,3.0055641289982304,PRESTREAM_SETPOINTS,INITIAL_HOLD,MEASURED_JOINT_HOLD,0.023494550958275795,-0.0031517373863607645,0.07941689342260361,0.001221097307279706,-0.0007531113806180656,0.013325505889952183,0.0,0.0,1.0,0.06978489557382463,0.06978489557382463,0.9208882578733283,0.06978489557382463,nan,0.0661316066980362,-0.004038356710225344,0.15717889368534088,0.17057227895977253,-0.019926436758296848,0.03023667288714295,-0.04863932418413264,-0.0008989186026155949,0.007525651250034571,0.0013287620386108747,-0.04863932418413264,0.0,0.0,8.448134377478748,False,False,0.7909999999999999,2.6199923060012225,2,-0.14744776053792563,-0.057354812046259376,-0.14744776053792563,-0.14744776053792563,nan,0.01849913961257421,0.002115039407305192,0.01849913961257421,0.01849913961257421,nan,0.04667051908132258,0.010474727520537234,0.04667051908132258,0.04667051908132258,nan,0.01442543189342338,0.0024823029888739593,0.01442543189342338,0.01442543189342338,nan,0.008840853723369513,-0.1386062384044159,0.008840853723369513,0.008840853723369513,nan,0.0008563662832870023,0.048983601770470085,0.0008563662832870023,0.0008563662832870023,nan
3.401,3.077594844999112,PRESTREAM_SETPOINTS,INITIAL_HOLD,MEASURED_JOINT_HOLD,0.024590907618403435,-0.0031552377622574568,0.08020024001598358,0.001221097307279706,-0.0007531113806180656,0.013325505889952183,0.0,0.0,1.0,0.07088122677803102,0.07088122677803102,0.9201338308797734,0.07088122677803102,nan,0.06763221323490143,-0.004978021141141653,0.15712600946426392,0.17113585191799172,-0.019927063466526267,0.03040289093156493,-0.04878230695834562,-0.0014566134195774794,0.007990419864654541,0.0014068845193833102,-0.04878230695834563,0.0,0.0,8.51118742634075,False,False,0.8119999999999998,2.6956632649998937,2,-0.14854824384398846,-0.04867584639013116,-0.14854824384398846,-0.14854824384398846,nan,0.018539036305885936,-0.005607935263868319,0.018539036305885936,0.018539036305885936,nan,0.04684474024566665,0.0009165713441302049,0.04684474024566665,0.04684474024566665,nan,0.014433288901110508,-0.007984022582376005,0.014433288901110508,0.014433288901110508,nan,0.008588436929023224,-0.09019501694381891,0.008588436929023224,0.008588436929023224,nan,0.0009196383527276808,0.05949360612484313,0.0009196383527276808,0.0009196383527276808,nan
3.401,3.1547122019983362,PRESTREAM_SETPOINTS,INITIAL_HOLD,MEASURED_JOINT_HOLD,0.024590907618403435,-0.0031552377622574568,0.08020024001598358,0.001221097307279706,-0.0007531113806180656,0.013325505889952183,0.0,0.0,1.0,0.07088122677803102,0.07088122677803102,0.9201338308797734,0.07088122677803102,nan,0.06763221323490143,-0.004978021141141653,0.15712600946426392,0.17113585191799172,-0.019927063466526267,0.03040289093156493,-0.04878230695834562,-0.0014566134195774794,0.007990419864654541,0.0014068845193833102,-0.04878230695834563,0.0,0.0,8.51118742634075,False,False,0.8119999999999998,2.770454186000279,2,-0.14854824384398846,-0.04867584639013116,-0.14854824384398846,-0.14854824384398846,nan,0.018539036305885936,-0.005607935263868319,0.018539036305885936,0.018539036305885936,nan,0.04684474024566665,0.0009165713441302049,0.04684474024566665,0.04684474024566665,nan,0.014433288901110508,-0.007984022582376005,0.014433288901110508,0.014433288901110508,nan,0.008588436929023224,-0.09019501694381891,0.008588436929023224,0.008588436929023224,nan,0.0009196383527276808,0.05949360612484313,0.0009196383527276808,0.0009196383527276808,nan
3.436,3.229912492999574,PRESTREAM_SETPOINTS,INITIAL_HOLD,MEASURED_JOINT_HOLD,0.02536080591380596,-0.0031756332609802485,0.08087719231843948,0.001221097307279706,-0.0007531113806180656,0.013325505889952183,0.0,0.0,1.0,0.07177621112319531,0.07177621112319531,0.9194781078000938,0.07177621112319531,nan,0.06887926161289215,-0.005298744421452284,0.15859176218509674,0.17298490224801524,-0.01999626653074992,0.030563148097511105,-0.048957497667936015,-0.0013594063930213451,0.006305091083049774,0.0004799147136509411,-0.048957497667936015,0.0,0.0,8.6342137931157,False,False,0.847,2.8451516130007803,2,-0.15069545901097747,-0.05555448449594448,-0.15069545901097747,-0.15069545901097747,nan,0.018527297053995362,0.0006507376080216571,0.018527297053995362,0.018527297053995362,nan,0.04711638469641599,0.00809308502306705,0.04711638469641599,0.04711638469641599,nan,0.014386417821508068,7.49830608568619e-05,0.014386417821508068,0.014386417821508068,nan,0.008325949822267198,-0.0728349005343583,0.008325949822267198,0.008325949822267198,nan,0.0010314455987954219,0.06597194902705679,0.0010314455987954219,0.0010314455987954219,nan
3.436,3.310541603001184,PRESTREAM_SETPOINTS,INITIAL_HOLD,MEASURED_JOINT_HOLD,0.02536080591380596,-0.0031756332609802485,0.08087719231843948,0.001221097307279706,-0.0007531113806180656,0.013325505889952183,0.0,0.0,1.0,0.07177621112319531,0.07177621112319531,0.9194781078000938,0.07177621112319531,nan,0.06887926161289215,-0.005298744421452284,0.15859176218509674,0.17298490224801524,-0.01999626653074992,0.030563148097511105,-0.048957497667936015,-0.0013594063930213451,0.006305091083049774,0.0004799147136509411,-0.048957497667936015,0.0,0.0,8.6342137931157,False,False,0.847,2.9285618260000774,2,-0.15069545901097747,-0.05555448449594448,-0.15069545901097747,-0.15069545901097747,nan,0.018527297053995362,0.0006507376080216571,0.018527297053995362,0.018527297053995362,nan,0.04711638469641599,0.00809308502306705,0.04711638469641599,0.04711638469641599,nan,0.014386417821508068,7.49830608568619e-05,0.014386417821508068,0.014386417821508068,nan,0.008325949822267198,-0.0728349005343583,0.008325949822267198,0.008325949822267198,nan,0.0010314455987954219,0.06597194902705679,0.0010314455987954219,0.0010314455987954219,nan
3.453,3.3871963929996127,PRESTREAM_SETPOINTS,INITIAL_HOLD,MEASURED_JOINT_HOLD,0.02658364176750183,-0.0032189534977078438,0.08187666535377502,0.001221097307279706,-0.0007531113806180656,0.013325505889952183,0.0,0.0,1.0,0.07313412679917376,0.07313412679917376,0.9185137501927487,0.07313412679917376,nan,0.07181596755981445,-0.0057647679932415485,0.15946067869663239,0.17498135271210716,-0.020020826683028053,0.030623665142868968,-0.049131307212791096,-0.0014306175289675593,0.006305200047791004,-2.219925772806241e-05,-0.049131307212791096,0.0,0.0,8.6342137931157,False,False,0.8639999999999999,3.002427813000395,2,-0.15069545901097747,-0.05555448449594448,-0.15069545901097747,-0.15069545901097747,nan,0.018527297053995362,0.0006507376080216571,0.018527297053995362,0.018527297053995362,nan,0.04711638469641599,0.00809308502306705,0.04711638469641599,0.04711638469641599,nan,0.014386417821508068,7.49830608568619e-05,0.014386417821508068,0.014386417821508068,nan,0.008325949822267198,-0.0728349005343583,0.008325949822267198,0.008325949822267198,nan,0.0010314455987954219,0.06597194902705679,0.0010314455987954219,0.0010314455987954219,nan
3.464,3.461646441999619,PRESTREAM_SETPOINTS,INITIAL_HOLD,MEASURED_JOINT_HOLD,0.027078276500105858,-0.003202847670763731,0.08250222355127335,0.001221097307279706,-0.0007531113806180656,0.013325505889952183,0.0,0.0,1.0,0.07389190206034299,0.07389190206034299,0.9179028603723685,0.07389190206034299,nan,0.07301300019025803,-0.00575513718649745,0.16054505109786987,0.17646170472041708,-0.020028043814924377,0.0307775312989582,-0.04930817563559324,-0.0017080442048609257,0.006664805114269257,-0.0006991089903749534,-0.04930817563559324,0.0,0.0,8.69584075897684,False,False,0.875,3.0782959620009933,2,-0.1517710524732685,-0.05326624361023336,-0.1517710524732685,-0.1517710524732685,nan,0.018456835899717028,0.010563073915152607,0.018456835899717028,0.018456835899717028,nan,0.04711907809795335,0.01643262686661662,0.04711907809795335,0.04711907809795335,nan,0.01408773767764071,0.006861913261941844,0.01408773767764071,0.01408773767764071,nan,0.007901249173952074,-0.7891840882665454,0.007901249173952074,0.007901249173952074,nan,0.0008099054811374629,0.05069935611646031,0.0008099054811374629,0.0008099054811374629,nan
3.475,3.5400907100010954,PRESTREAM_SETPOINTS,INITIAL_HOLD,MEASURED_JOINT_HOLD,0.027078276500105858,-0.003202847670763731,0.08250222355127335,0.001221097307279706,-0.0007531113806180656,0.013325505889952183,0.0,0.0,1.0,0.07389190206034299,0.07389190206034299,0.9179028603723685,0.07389190206034299,nan,0.07301300019025803,-0.00575513718649745,0.16054505109786987,0.17646170472041708,-0.020028043814924377,0.0307775312989582,-0.04930817563559324,-0.0017080442048609257,0.006664805114269257,-0.0006991089903749534,-0.04930817563559324,0.0,0.0,8.758646401383206,False,False,0.8860000000000001,3.15207785900202,2,-0.15286721772208978,-0.05546114817468325,-0.15286721772208978,-0.15286721772208978,nan,0.018496313816410925,-0.0018403657286663296,0.018496313816410925,0.018496313816410925,nan,0.047289277629453785,0.0050064552972735165,0.047289277629453785,0.047289277629453785,nan,0.014089836933819377,-0.002676846137308027,0.014089836933819377,0.014089836933819377,nan,0.007728908840090476,-0.12354748854348693,0.007728908840090476,0.007728908840090476,nan,0.0008635739217863758,0.053225835856324,0.0008635739217863758,0.0008635739217863758,nan
3.512,3.623984293000831,PRESTREAM_SETPOINTS,INITIAL_HOLD,MEASURED_JOINT_HOLD,0.028488069772720337,-0.0031587828416377306,0.08404690027236938,0.001221097307279706,-0.0007531113806180656,0.013325505889952183,0.0,0.0,1.0,0.07583396775853717,0.07583396775853717,0.9164014562019589,0.07583396775853717,nan,0.07490622997283936,-0.004897736012935638,0.1624690145254135,0.1789723771637828,-0.02007795433501255,0.031027187030313062,-0.04977362486953162,-0.0005539125413633883,0.006109120324254036,-0.0014608585042878992,-0.04977362486953162,0.0,0.0,8.819593567475742,False,False,0.923,3.234841122000944,2,-0.15393094644016436,-0.05029137772408076,-0.15393094644016436,-0.15393094644016436,nan,0.018500889327570214,0.0015549971246426471,0.018500889327570214,0.018500889327570214,nan,0.04742378518775503,0.0075024538192336706,0.04742378518775503,0.04742378518775503,nan,0.014058636735063246,-0.0016805732914163454,0.014058636735063246,0.014058636735063246,nan,0.007424214308332289,-0.8213160018748831,0.007424214308332289,0.007424214308332289,nan,0.0009152054816503608,0.06382971339832917,0.0009152054816503608,0.0009152054816503608,nan
3.539,3.7013311379996594,PRESTREAM_SETPOINTS,INITIAL_HOLD,MEASURED_JOINT_HOLD,0.030135884881019592,-0.003124911803752184,0.08566172420978546,0.001221097307279706,-0.0007531113806180656,0.013325505889952183,0.0,0.0,1.0,0.07793727515442316,0.07793727515442316,0.9148401058143252,0.07793727515442316,nan,0.07803425192832947,-0.004584787413477898,0.16410233080387115,0.18176891847866603,-0.02008012175492223,0.031232553593517082,-0.050147627324253805,-2.250403667858336e-05,0.005456884857267141,-0.0020803217776119718,-0.050147627324253805,0.0,0.0,8.946944300270754,False,False,0.9500000000000002,3.3176050840011158,2,-0.15615363603226484,-0.05895711259118972,-0.15615363603226484,-0.15615363603226484,nan,0.018381948491687616,-0.0009429991677535176,0.018381948491687616,0.018381948491687616,nan,0.047489070847946735,0.005341463068986841,0.047489070847946735,0.047489070847946735,nan,0.014220219363003217,-0.0029513005702028225,0.014220219363003217,0.014220219363003217,nan,0.007209742736526081,-0.10853066812452386,0.007209742736526081,0.007209742736526081,nan,0.000802786869346761,0.050448361250807705,0.000802786869346761,0.000802786869346761,nan
3.539,3.7773311780001677,PRESTREAM_SETPOINTS,INITIAL_HOLD,MEASURED_JOINT_HOLD,0.030135884881019592,-0.003124911803752184,0.08566172420978546,0.001221097307279706,-0.0007531113806180656,0.013325505889952183,0.0,0.0,1.0,0.07793727515442316,0.07793727515442316,0.9148401058143252,0.07793727515442316,nan,0.07803425192832947,-0.004584787413477898,0.16410233080387115,0.18176891847866603,-0.02008012175492223,0.031232553593517082,-0.050147627324253805,-2.250403667858336e-05,0.005456884857267141,-0.0020803217776119718,-0.050147627324253805,0.0,0.0,8.946944300270754,False,False,0.9500000000000002,3.3924430059996666,2,-0.15615363603226484,-0.05895711259118972,-0.15615363603226484,-0.15615363603226484,nan,0.018381948491687616,-0.0009429991677535176,0.018381948491687616,0.018381948491687616,nan,0.047489070847946735,0.005341463068986841,0.047489070847946735,0.047489070847946735,nan,0.014220219363003217,-0.0029513005702028225,0.014220219363003217,0.014220219363003217,nan,0.007209742736526081,-0.10853066812452386,0.007209742736526081,0.007209742736526081,nan,0.000802786869346761,0.050448361250807705,0.000802786869346761,0.000802786869346761,nan
3.576,3.8567877739988035,PRESTREAM_SETPOINTS,INITIAL_HOLD,MEASURED_JOINT_HOLD,0.03204694762825966,-0.003120098263025284,0.08740077167749405,0.001221097307279706,-0.0007531113806180656,0.013325505889952183,0.0,0.0,1.0,0.08026817972526797,0.08026817972526797,0.9131670676279848,0.08026817972526797,nan,0.08168479055166245,-0.004888579249382019,0.16527235507965088,0.18442140485345146,-0.020082397669035246,0.03151984549548296,-0.05045216246637911,1.5741821698611602e-05,0.006383848376572132,-0.0008915135404095061,-0.050452162466379104,0.0,0.0,9.071860548132033,False,False,0.0,0.0,3,-0.15833383584668148,-0.05732650041018352,-0.15833383584668148,-0.15833383584668148,nan,0.01823165534417015,0.007123706388279989,0.01823165534417015,0.01823165534417015,nan,0.04768949329708949,0.013699710394565318,0.04768949329708949,0.04768949329708949,nan,0.014130242580099761,0.00482172569715815,0.014130242580099761,0.014130242580099761,nan,0.007060832428781971,-0.1772715163678734,0.007060832428781971,0.007060832428781971,nan,0.0008158764018446618,0.041535302100910984,0.0008158764018446618,0.0008158764018446618,nan
3.607,3.928813693997654,PRESTREAM_SETPOINTS,INITIAL_HOLD,MEASURED_JOINT_HOLD,0.03332030400633812,-0.003124312264844775,0.08760371804237366,0.001221097307279706,-0.0007531113806180656,0.013325505889952183,0.0,0.0,1.0,0.08095205040579495,0.08095205040579495,0.9130098462318483,0.08095205040579495,nan,0.08396453410387039,-0.005187037400901318,0.1656222939491272,0.1857624628315674,-0.020082758169907795,0.03163356505018749,-0.05058913445189214,-0.0005408896831795573,0.0070149702951312065,0.0009349205647595218,-0.05058913445189214,0.0,0.0,9.137356592252024,False,False,0.03100000000000014,0.0750251079989539,3,-0.1594769574636068,-0.057469459216899006,-0.1594769574636068,-0.1594769574636068,nan,0.018267665673390887,-0.001144259709427959,0.018267665673390887,0.018267665673390887,nan,0.04784975121684987,0.005082576399407697,0.04784975121684987,0.04784975121684987,nan,0.014119663032184704,-0.0030898284969261168,0.014119663032184704,0.014119663032184704,nan,0.006872190945292012,-0.1206315757399608,0.006872190945292012,0.006872190945292012,nan,0.0008303130317610652,0.05088073816711074,0.0008303130317610652,0.0008303130317610652,nan
3.642,4.007089072998497,PRESTREAM_SETPOINTS,INITIAL_HOLD,MEASURED_JOINT_HOLD,0.035662684589624405,-0.0031525338999927044,0.08768527209758759,0.001221097307279706,-0.0007531113806180656,0.013325505889952183,0.0,0.0,1.0,0.08198387032464402,0.08198387032464402,0.9130169375700444,0.08198387032464402,nan,0.08759832382202148,-0.005244225729256868,0.166005477309227,0.1877732322153278,-0.02009527605081489,0.031921966592444444,-0.05073040245737222,-0.0019846779759973288,0.006011031568050385,0.004592901095747947,-0.05073040245737222,0.0,0.0,9.264495341209216,False,False,0.06599999999999984,0.1498125340003753,3,-0.16169594723977632,-0.05915192266959373,-0.16169594723977632,-0.16169594723977632,nan,0.01815603322905357,-0.0001797296139556554,0.01815603322905357,0.01815603322905357,nan,0.04814281729352565,0.0060143844139800146,0.04814281729352565,0.04814281729352565,nan,0.013907014405622142,-0.002493694505988076,0.013907014405622142,0.013907014405622142,nan,0.006621923458506096,-0.13370168581934935,0.006621923458506096,0.006621923458506096,nan,0.0007585825779932165,0.04635653469626566,0.0007585825779932165,0.0007585825779932165,nan
3.675,4.083913853999547,PRESTREAM_SETPOINTS,INITIAL_HOLD,MEASURED_JOINT_HOLD,0.03730229660868645,-0.003116489155218005,0.08782879263162613,0.001221097307279706,-0.0007531113806180656,0.013325505889952183,0.0,0.0,1.0,0.08281411855985304,0.08281411855985304,0.9129389275240781,0.08281411855985304,nan,0.08955767005681992,-0.005176928360015154,0.16583673655986786,0.1885449549738151,-0.020268219501292414,0.03217119389559855,-0.05098960337399334,-0.0036530832294374704,0.0059465984813869,0.0021852247882634393,-0.05098960337399334,0.0,0.0,9.390590842582794,False,False,0.09899999999999975,0.22483824200025992,3,-0.16389672891069829,-0.056434791697977216,-0.16389672891069829,-0.16389672891069829,nan,0.018053273428295213,0.008031397219741818,0.018053273428295213,0.018053273428295213,nan,0.04833983743059722,0.0141239574737801,0.04833983743059722,0.04833983743059722,nan,0.013668517254674661,0.0035249239162658437,0.013668517254674661,0.013668517254674661,nan,0.0063702693531615395,-0.2139376509334023,0.0063702693531615395,0.0063702693531615395,nan,0.0007936704385169691,0.03619253429568475,0.0007936704385169691,0.0007936704385169691,nan
3.677,4.165356610999879,PRESTREAM_SETPOINTS,INITIAL_HOLD,MEASURED_JOINT_HOLD,0.03730229660868645,-0.003116489155218005,0.08782879263162613,0.001221097307279706,-0.0007531113806180656,0.013325505889952183,0.0,0.0,1.0,0.08281411855985304,0.08281411855985304,0.9129389275240781,0.08281411855985304,nan,0.09126034379005432,-0.004939368460327387,0.16613003611564636,0.18961022285006615,-0.020268219501292414,0.03217119389559855,-0.05098960337399334,-0.0036530832294374704,0.0059465984813869,0.0021852247882634393,-0.05098960337399334,0.0,0.0,9.390590842582794,False,False,0.10099999999999998,0.3058163310015516,3,-0.16389672891069829,-0.056434791697977216,-0.16389672891069829,-0.16389672891069829,nan,0.018053273428295213,0.008031397219741818,0.018053273428295213,0.018053273428295213,nan,0.04833983743059722,0.0141239574737801,0.04833983743059722,0.04833983743059722,nan,0.013668517254674661,0.0035249239162658437,0.013668517254674661,0.013668517254674661,nan,0.0063702693531615395,-0.2139376509334023,0.0063702693531615395,0.0063702693531615395,nan,0.0007936704385169691,0.03619253429568475,0.0007936704385169691,0.0007936704385169691,nan
3.689,4.243130924998695,PRESTREAM_SETPOINTS,INITIAL_HOLD,MEASURED_JOINT_HOLD,0.03730229660868645,-0.003116489155218005,0.08782879263162613,0.001221097307279706,-0.0007531113806180656,0.013325505889952183,0.0,0.0,1.0,0.08281411855985304,0.08281411855985304,0.9129389275240781,0.08281411855985304,nan,0.09126034379005432,-0.004939368460327387,0.16613003611564636,0.18961022285006615,-0.020268219501292414,0.03217119389559855,-0.05098960337399334,-0.001889559207484126,0.006083493586629629,-0.0002814852632582195,-0.05098960337399334,0.0,0.0,9.390590842582794,False,False,0.11299999999999999,0.3864792419990408,3,-0.16389672891069829,-0.056434791697977216,-0.16389672891069829,-0.16389672891069829,nan,0.018053273428295213,0.008031397219741818,0.018053273428295213,0.018053273428295213,nan,0.04833983743059722,0.0141239574737801,0.04833983743059722,0.04833983743059722,nan,0.013668517254674661,0.0035249239162658437,0.013668517254674661,0.013668517254674661,nan,0.0063702693531615395,-0.2139376509334023,0.0063702693531615395,0.0063702693531615395,nan,0.0007936704385169691,0.03619253429568475,0.0007936704385169691,0.0007936704385169691,nan
3.694,4.33113061900076,PRESTREAM_SETPOINTS,INITIAL_HOLD,MEASURED_JOINT_HOLD,0.03730229660868645,-0.003116489155218005,0.08782879263162613,0.001221097307279706,-0.0007531113806180656,0.013325505889952183,0.0,0.0,1.0,0.08281411855985304,0.08281411855985304,0.9129389275240781,0.08281411855985304,nan,0.09126034379005432,-0.004939368460327387,0.16613003611564636,0.18961022285006615,-0.020268219501292414,0.03217119389559855,-0.05098960337399334,-0.001889559207484126,0.006083493586629629,-0.0002814852632582195,-0.05098960337399334,0.0,0.0,9.390590842582794,False,False,0.11799999999999988,0.4708209939999506,3,-0.16389672891069829,-0.056434791697977216,-0.16389672891069829,-0.16389672891069829,nan,0.018053273428295213,0.008031397219741818,0.018053273428295213,0.018053273428295213,nan,0.04833983743059722,0.0141239574737801,0.04833983743059722,0.04833983743059722,nan,0.013668517254674661,0.0035249239162658437,0.013668517254674661,0.013668517254674661,nan,0.0063702693531615395,-0.2139376509334023,0.0063702693531615395,0.0063702693531615395,nan,0.0007936704385169691,0.03619253429568475,0.0007936704385169691,0.0007936704385169691,nan
3.732,4.414979807999771,PRESTREAM_SETPOINTS,INITIAL_HOLD,MEASURED_JOINT_HOLD,0.03904305025935173,-0.0030573667027056217,0.08813796192407608,0.001221097307279706,-0.0007531113806180656,0.013325505889952183,0.0,0.0,1.0,0.08386127411121203,0.08386127411121203,0.9127026261322396,0.08386127411121203,nan,0.0948479175567627,-0.0040085213258862495,0.16600918769836426,0.1912361004317576,-0.02024442170686494,0.032390832531663985,-0.051268065723615884,0.0004612298507709056,0.007179152686148882,0.0002591127995401612,-0.051268065723615884,0.0,0.0,9.519180274192038,False,False,0.15600000000000014,0.5535151639996911,3,-0.16614103787554768,-0.0555380711698336,-0.16614103787554768,-0.16614103787554768,nan,0.01800058878325128,-0.0018413931327730861,0.01800058878325128,0.01800058878325128,nan,0.048509531720948296,0.006012123930523578,0.048509531720948296,0.048509531720948296,nan,0.013475134059425464,-0.002969548737719472,0.013475134059425464,0.013475134059425464,nan,0.006251720233328761,-0.2759957682790373,0.006251720233328761,0.006251720233328761,nan,0.0008733378953564852,0.03392837220632344,0.0008733378953564852,0.0008733378953564852,nan
3.768,4.491919985997811,PRESTREAM_SETPOINTS,INITIAL_HOLD,MEASURED_JOINT_HOLD,0.041116006672382355,-0.0029996049124747515,0.09002608060836792,0.001221097307279706,-0.0007531113806180656,0.013325505889952183,0.0,0.0,1.0,0.08648484658351256,0.08648484658351256,0.9109072716842712,0.08648484658351256,nan,0.09828481823205948,-0.004123622085899115,0.16797874867916107,0.19466322138974543,-0.02025893608863424,0.032663108542580435,-0.05154417426629396,-0.0014301115879788995,0.00711743114516139,-5.526535460384897e-07,-0.051544174266293964,0.0,0.0,9.648296123290757,False,False,0.19199999999999973,0.6356406760023674,3,-0.16839453455882847,-0.04233589832016547,-0.16839453455882847,-0.16839453455882847,nan,0.01802662741436567,0.04414886181800533,0.01802662741436567,0.01802662741436567,nan,0.0486872014671329,0.04747261272660737,0.0486872014671329,0.0486872014671329,nan,0.013353402251090607,0.03595336168271579,0.013353402251090607,0.013353402251090607,nan,0.006032508938407233,0.10619962405018005,0.006032508938407233,0.006032508938407233,nan,0.0008013372763935322,0.0004039344570287706,0.0008013372763935322,0.0008013372763935322,nan
3.7720000000000002,4.5689783560010255,PRESTREAM_SETPOINTS,INITIAL_HOLD,MEASURED_JOINT_HOLD,0.041116006672382355,-0.0029996049124747515,0.09002608060836792,0.001221097307279706,-0.0007531113806180656,0.013325505889952183,0.0,0.0,1.0,0.08648484658351256,0.08648484658351256,0.9109072716842712,0.08648484658351256,nan,0.09828481823205948,-0.004123622085899115,0.16797874867916107,0.19466322138974543,-0.02025893608863424,0.032663108542580435,-0.05154417426629396,-0.0014301115879788995,0.00711743114516139,-5.526535460384897e-07,-0.051544174266293964,0.0,0.0,9.648296123290757,False,False,0.19600000000000017,0.7113615390007908,3,-0.16839453455882847,-0.04233589832016547,-0.16839453455882847,-0.16839453455882847,nan,0.01802662741436567,0.04414886181800533,0.01802662741436567,0.01802662741436567,nan,0.0486872014671329,0.04747261272660737,0.0486872014671329,0.0486872014671329,nan,0.013353402251090607,0.03595336168271579,0.013353402251090607,0.013353402251090607,nan,0.006032508938407233,0.10619962405018005,0.006032508938407233,0.006032508938407233,nan,0.0008013372763935322,0.0004039344570287706,0.0008013372763935322,0.0008013372763935322,nan
3.786,4.641230462999374,PRESTREAM_SETPOINTS,INITIAL_HOLD,MEASURED_JOINT_HOLD,0.04203331470489502,-0.0029909443110227585,0.09113865345716476,0.001221097307279706,-0.0007531113806180656,0.013325505889952183,0.0,0.0,1.0,0.08789499939957574,0.08789499939957574,0.9098377286816633,0.08789499939957574,nan,0.10032539814710617,-0.00438388017937541,0.16922850906848907,0.1967808227453737,-0.020344617857609375,0.03281182423744868,-0.05170749866854031,-0.0022818660363554955,0.005167542956769466,-0.0022712582722306256,-0.05170749866854031,0.0,0.0,9.710700005361018,False,False,0.20999999999999996,0.7859628830010479,3,-0.16948368776698075,-0.05980405581751351,-0.16948368776698075,-0.16948368776698075,nan,0.01806234707431198,-0.0013875533909431786,0.01806234707431198,0.01806234707431198,nan,0.048827663867519355,0.003988795735420005,0.048827663867519355,0.048827663867519355,nan,0.013288146076539498,-0.004967862251154995,0.013288146076539498,0.013288146076539498,nan,0.005721615608157649,-0.2008667642987774,0.005721615608157649,0.005721615608157649,nan,0.0006762625219165486,0.04134999040716759,0.0006762625219165486,0.0006762625219165486,nan
3.798,4.716258075997757,PRESTREAM_SETPOINTS,INITIAL_HOLD,MEASURED_JOINT_HOLD,0.04351354390382767,-0.0029981210827827454,0.09250498563051224,0.001221097307279706,-0.0007531113806180656,0.013325505889952183,0.0,0.0,1.0,0.08979466086394243,0.08979466086394243,0.9085425792655917,0.08979466086394243,nan,0.10298911482095718,-0.0051166098564863205,0.17031201720237732,0.19909575754287348,-0.020374400357138993,0.03288219753350507,-0.05207206870480567,-0.0022818660363554955,0.005167542956769466,-0.0022712582722306256,-0.05207206870480567,0.0,0.0,9.773658178390049,False,False,0.22199999999999998,0.8580531010011327,3,-0.17058251517737766,-0.05140853816583599,-0.17058251517737766,-0.17058251517737766,nan,0.018095176783091915,0.004512124159126694,0.018095176783091915,0.018095176783091915,nan,0.04896831125826129,0.004656537081165181,0.04896831125826129,0.04896831125826129,nan,0.013253864992129216,-0.010569532280941287,0.013253864992129216,0.013253864992129216,nan,-0.005732551740159408,-0.7909871331364473,-0.005732551740159408,-0.005732551740159408,nan,0.0006003606416227214,0.04997445370456781,0.0006003606416227214,0.0006003606416227214,nan
3.811,4.79357072700077,PRESTREAM_SETPOINTS,INITIAL_HOLD,MEASURED_JOINT_HOLD,0.04351354390382767,-0.0029981210827827454,0.09250498563051224,0.001221097307279706,-0.0007531113806180656,0.013325505889952183,0.0,0.0,1.0,0.08979466086394243,0.08979466086394243,0.9085425792655917,0.08979466086394243,nan,0.10298911482095718,-0.0051166098564863205,0.17031201720237732,0.19909575754287348,-0.020374400357138993,0.03288219753350507,-0.05207206870480567,-0.0018872751388698816,0.005751702934503554,-0.004109833855181933,-0.05207206870480567,0.0,0.0,9.773658178390049,False,False,0.23499999999999988,0.937086730998999,3,-0.17058251517737766,-0.05140853816583599,-0.17058251517737766,-0.17058251517737766,nan,0.018095176783091915,0.004512124159126694,0.018095176783091915,0.018095176783091915,nan,0.04896831125826129,0.004656537081165181,0.04896831125826129,0.04896831125826129,nan,0.013253864992129216,-0.010569532280941287,0.013253864992129216,0.013253864992129216,nan,-0.005732551740159408,-0.7909871331364473,-0.005732551740159408,-0.005732551740159408,nan,0.0006003606416227214,0.04997445370456781,0.0006003606416227214,0.0006003606416227214,nan
3.842,4.870994970999163,PRESTREAM_SETPOINTS,INITIAL_HOLD,MEASURED_JOINT_HOLD,0.04624670371413231,-0.0030292950104922056,0.09512235969305038,0.001221097307279706,-0.0007531113806180656,0.013325505889952183,0.0,0.0,1.0,0.09339813454404287,0.09339813454404287,0.9060637274276885,0.09339813454404287,nan,0.10745667666196823,-0.004714125767350197,0.173072949051857,0.20377292762899557,-0.02033568638721543,0.03318396460512549,-0.05245110183925703,0.0009746789000928402,0.007149393204599619,-0.0016310272039845594,-0.05245110183925703,0.0,0.0,9.764033053742567,False,False,0.266,1.0116290780024428,3,-0.17041452506136423,0.03357660144257684,-0.17041452506136423,-0.17041452506136423,nan,0.018064251025175615,0.04197227296174478,0.018064251025175615,0.018064251025175615,nan,0.049099895388788006,0.045306247610329586,0.049099895388788006,0.049099895388788006,nan,0.013006021563279013,0.035192516196276,0.013006021563279013,0.013006021563279013,nan,-0.005119912277640637,-0.008394788183482105,-0.005119912277640637,-0.005119912277640637,nan,0.0005064128132099555,0.011448280231371871,0.0005064128132099555,0.0005064128132099555,nan
3.871,4.945194042000367,PRESTREAM_SETPOINTS,INITIAL_HOLD,MEASURED_JOINT_HOLD,0.04743584990501404,-0.0030496581457555294,0.09643298387527466,0.001221097307279706,-0.0007531113806180656,0.013325505889952183,0.0,0.0,1.0,0.0951206096584495,0.0951206096584495,0.9048164526021599,0.0951206096584495,nan,0.10926401615142822,-0.005147038493305445,0.1746174544095993,0.20604944216202,-0.02036861169731241,0.0332853110949779,-0.05266096382409588,-0.001005910336971283,0.004644311498850584,-5.449007949209829e-05,-0.05266096382409588,0.0,0.0,9.71515915993073,False,False,0.29499999999999993,1.0886465500007034,3,-0.1695615146960776,0.044441735303681604,-0.1695615146960776,-0.1695615146960776,nan,0.018088938440574687,0.0011158862206008173,0.018088938440574687,0.018088938440574687,nan,0.04923869034477679,0.006125510706509499,0.04923869034477679,0.04923869034477679,nan,0.012963893444251973,-0.0029717413732303194,0.012963893444251973,0.012963893444251973,nan,-0.0048573077741886905,0.04590202445767724,-0.0048573077741886905,-0.0048573077741886905,nan,0.0005007779003829427,-0.02923626543052174,0.0005007779003829427,0.0005007779003829427,nan
3.8810000000000002,5.024082981999527,PRESTREAM_SETPOINTS,INITIAL_HOLD,MEASURED_JOINT_HOLD,0.04839009791612625,-0.0030246449168771505,0.09844130277633667,0.001221097307279706,-0.0007531113806180656,0.013325505889952183,0.0,0.0,1.0,0.0973384475048168,0.0973384475048168,0.9028614703224601,0.0973384475048168,nan,0.1110914796590805,-0.005136012099683285,0.1765495091676712,0.20865623561369454,-0.020413683484728974,0.03333367996642848,-0.05280815214501542,-0.00047583316336385906,0.004469708539545536,0.0012242731172591441,-0.05280815214501542,0.0,0.0,9.66937385667543,False,False,0.30500000000000016,1.1652261540002655,3,-0.16876241040524853,0.03922163932545526,-0.16876241040524853,-0.16876241040524853,nan,0.01805895465362184,0.0068358679760185045,0.01805895465362184,0.01805895465362184,nan,0.049300605453481694,0.013638406506139485,0.049300605453481694,0.049300605453481694,nan,0.012826226702764565,0.0030118902344533453,0.012826226702764565,0.012826226702764565,nan,-0.004719967541964465,0.1375173787510413,-0.004719967541964465,-0.004719967541964465,nan,0.00044425146980220376,-0.02207658296197519,0.00044425146980220376,0.00044425146980220376,nan
3.8970000000000002,5.106232892998378,PRESTREAM_SETPOINTS,INITIAL_HOLD,MEASURED_JOINT_HOLD,0.049109525978565216,-0.003018180839717388,0.099749855697155,0.001221097307279706,-0.0007531113806180656,0.013325505889952183,0.0,0.0,1.0,0.0988311710942307,0.0988311710942307,0.9015936874638785,0.0988311710942307,nan,0.11264150589704514,-0.0053540184162557125,0.17841903865337372,0.21106901174248607,-0.020367086666530344,0.033457791358487136,-0.052966560097983666,-0.00047583316336385906,0.004469708539545536,0.0012242731172591441,-0.052966560097983666,0.0,0.0,9.624074634927453,False,False,0.3210000000000002,1.2460351590016217,3,-0.16797178983715533,0.04236000428555335,-0.16797178983715533,-0.16797178983715533,nan,0.018089063825494023,-0.0005761176042514963,0.018089063825494023,0.018089063825494023,nan,0.04943271912834124,0.0037619134108899614,0.04943271912834124,0.04943271912834124,nan,0.012786856885576015,-0.005432723628178898,0.012786856885576015,0.012786856885576015,nan,-0.004488800894109524,0.10369735278332218,-0.004488800894109524,-0.004488800894109524,nan,0.00045755174742101445,-0.025493371687097782,0.00045755174742101445,0.00045755174742101445,nan
3.92,5.182346528999915,PRESTREAM_SETPOINTS,INITIAL_HOLD,MEASURED_JOINT_HOLD,0.05031059309840202,-0.0030114329420030117,0.1019725501537323,0.001221097307279706,-0.0007531113806180656,0.013325505889952183,0.0,0.0,1.0,0.1013566824141646,0.1013566824141646,0.8994406735208654,0.1013566824141646,nan,0.11450918018817902,-0.005138122942298651,0.1808425933122635,0.21410930902378755,-0.02043607731395514,0.03354011246654831,-0.053141087995503,-0.0009705698466859758,0.0046334033831954,0.0013666121521964663,-0.053141087995503,0.0,0.0,9.578667734198287,False,False,0.34399999999999986,1.3272113390012237,3,-0.16717928991630515,0.03623643988192532,-0.16717928991630515,-0.16717928991630515,nan,0.01808518847747642,-0.0016352070241284807,0.01808518847747642,0.01808518847747642,nan,0.049528795887701094,0.003757247073274607,0.049528795887701094,0.049528795887701094,nan,0.012718449373051222,-0.003979757811117913,0.012718449373051222,0.012718449373051222,nan,-0.004284814876929666,0.5380741446677377,-0.004284814876929666,-0.004284814876929666,nan,0.00048001794028351696,-0.030898972229610525,0.00048001794028351696,0.00048001794028351696,nan
3.9210000000000003,5.26039222899999,PRESTREAM_SETPOINTS,INITIAL_HOLD,MEASURED_JOINT_HOLD,0.05031059309840202,-0.0030114329420030117,0.1019725501537323,0.001221097307279706,-0.0007531113806180656,0.013325505889952183,0.0,0.0,1.0,0.1013566824141646,0.1013566824141646,0.8994406735208654,0.1013566824141646,nan,0.11450918018817902,-0.005138122942298651,0.1808425933122635,0.21410930902378755,-0.02043607731395514,0.03354011246654831,-0.053141087995503,-0.001548992469906807,0.004515282344073057,0.0015659360215067857,-0.053141087995503,0.0,0.0,9.578667734198287,False,False,0.3450000000000002,1.4011118300004455,3,-0.16717928991630515,0.03623643988192532,-0.16717928991630515,-0.16717928991630515,nan,0.01808518847747642,-0.0016352070241284807,0.01808518847747642,0.01808518847747642,nan,0.049528795887701094,0.003757247073274607,0.049528795887701094,0.049528795887701094,nan,0.012718449373051222,-0.003979757811117913,0.012718449373051222,0.012718449373051222,nan,-0.004284814876929666,0.5380741446677377,-0.004284814876929666,-0.004284814876929666,nan,0.00048001794028351696,-0.030898972229610525,0.00048001794028351696,0.00048001794028351696,nan
3.96,5.356254572998296,PRESTREAM_SETPOINTS,INITIAL_HOLD,MEASURED_JOINT_HOLD,0.052657514810562134,-0.0030131035018712282,0.10522408783435822,0.001221097307279706,-0.0007531113806180656,0.013325505889952183,0.0,0.0,1.0,0.10533832148535886,0.10533832148535886,0.8963290833452822,0.10533832148535886,nan,0.11905660480260849,-0.005205175839364529,0.18448220193386078,0.2196252531768808,-0.02049935867581009,0.033718364819866106,-0.05347223745730782,-0.0012246096739545465,0.0055917175486683846,9.221463551511919e-05,-0.05347223745730782,0.0,0.0,9.487220704140833,False,False,0.3839999999999999,1.4984724690002622,3,-0.16558323815063236,0.035758836111518574,-0.16558323815063236,-0.16558323815063236,nan,0.018086035754720342,0.00046151821064775917,0.018086035754720342,0.018086035754720342,nan,0.04970992089236326,0.004871646571546746,0.04970992089236326,0.04970992089236326,nan,0.012523957927873752,-0.003630565419140114,0.012523957927873752,0.012523957927873752,nan,-0.003940157464296767,0.08186860999453693,-0.003940157464296767,-0.003940157464296767,nan,0.0004379046035269951,-0.02294931185768972,0.0004379046035269951,0.0004379046035269951,nan
3.98,5.4404313459999685,PRESTREAM_SETPOINTS,INITIAL_HOLD,MEASURED_JOINT_HOLD,0.053706564009189606,-0.0030214732978492975,0.10593292862176895,0.001221097307279706,-0.0007531113806180656,0.013325505889952183,0.0,0.0,1.0,0.10647067401746947,0.10647067401746947,0.895683790431316,0.10647067401746947,nan,0.12047050893306732,-0.00489111989736557,0.18591909110546112,0.22159191098486292,-0.02046893694773905,0.0338829703461454,-0.05360023901994789,-0.0012246096739545465,0.0055917175486683846,9.221463551511919e-05,-0.0536002390199479,0.0,0.0,9.441895244851933,False,False,0.4039999999999999,1.5837913610012038,3,-0.16479215965106242,0.034865998960768765,-0.16479215965106242,-0.16479215965106242,nan,0.01805895519728118,0.005999674022357327,0.01805895519728118,0.01805895519728118,nan,0.049763534636449336,0.011437967038514855,0.049763534636449336,0.049763534636449336,nan,0.012373889027923468,0.0003891992601229178,0.012373889027923468,0.012373889027923468,nan,-0.0038062817293358364,0.1061724203360956,-0.0038062817293358364,-0.0038062817293358364,nan,0.00040134334457775367,-0.02346867508406693,0.00040134334457775367,0.00040134334457775367,nan
3.981,5.5201970289999736,PRESTREAM_SETPOINTS,INITIAL_HOLD,MEASURED_JOINT_HOLD,0.053706564009189606,-0.0030214732978492975,0.10593292862176895,0.001221097307279706,-0.0007531113806180656,0.013325505889952183,0.0,0.0,1.0,0.10647067401746947,0.10647067401746947,0.895683790431316,0.10647067401746947,nan,0.12047050893306732,-0.00489111989736557,0.18591909110546112,0.22159191098486292,-0.02046893694773905,0.0338829703461454,-0.05360023901994789,-0.0003342039999552071,0.006960052996873856,0.0016900114715099326,-0.0536002390199479,0.0,0.0,9.441895244851933,False,False,0.4049999999999998,1.6600518910017854,3,-0.16479215965106242,0.034865998960768765,-0.16479215965106242,-0.16479215965106242,nan,0.01805895519728118,0.005999674022357327,0.01805895519728118,0.01805895519728118,nan,0.049763534636449336,0.011437967038514855,0.049763534636449336,0.049763534636449336,nan,0.012373889027923468,0.0003891992601229178,0.012373889027923468,0.012373889027923468,nan,-0.0038062817293358364,0.1061724203360956,-0.0038062817293358364,-0.0038062817293358364,nan,0.00040134334457775367,-0.02346867508406693,0.00040134334457775367,0.00040134334457775367,nan
3.993,5.596889927997836,PRESTREAM_SETPOINTS,INITIAL_HOLD,MEASURED_JOINT_HOLD,0.053706564009189606,-0.0030214732978492975,0.10593292862176895,0.001221097307279706,-0.0007531113806180656,0.013325505889952183,0.0,0.0,1.0,0.10647067401746947,0.10647067401746947,0.895683790431316,0.10647067401746947,nan,0.12047050893306732,-0.00489111989736557,0.18591909110546112,0.22159191098486292,-0.02046893694773905,0.0338829703461454,-0.05360023901994789,-0.0003342039999552071,0.006960052996873856,0.0016900114715099326,-0.0536002390199479,0.0,0.0,9.441895244851933,False,False,0.4169999999999998,1.7390131300016947,3,-0.16479215965106242,0.034865998960768765,-0.16479215965106242,-0.16479215965106242,nan,0.01805895519728118,0.005999674022357327,0.01805895519728118,0.01805895519728118,nan,0.049763534636449336,0.011437967038514855,0.049763534636449336,0.049763534636449336,nan,0.012373889027923468,0.0003891992601229178,0.012373889027923468,0.012373889027923468,nan,-0.0038062817293358364,0.1061724203360956,-0.0038062817293358364,-0.0038062817293358364,nan,0.00040134334457775367,-0.02346867508406693,0.00040134334457775367,0.00040134334457775367,nan
4.0,5.670413150997774,PRESTREAM_SETPOINTS,INITIAL_HOLD,MEASURED_JOINT_HOLD,0.05540871247649193,-0.003031965810805559,0.10694601386785507,0.001221097307279706,-0.0007531113806180656,0.013325505889952183,0.0,0.0,1.0,0.10819561141414748,0.10819561141414748,0.8947763633341538,0.10819561141414748,nan,0.12416722625494003,-0.004877439700067043,0.18648889660835266,0.22409684971474747,-0.020501796774970684,0.03402070233060203,-0.0537049196914765,0.00022363739844877273,0.008691851980984211,0.001118578016757964,-0.0537049196914765,0.0,0.0,9.396110872655518,False,False,0.42399999999999993,1.8154521479991672,3,-0.16399307161027643,0.040221597813973345,-0.16399307161027643,-0.16399307161027643,nan,0.01806221974491784,0.0052833091775147945,0.01806221974491784,0.01806221974491784,nan,0.049845102335325464,0.011555285116130232,0.049845102335325464,0.049845102335325464,nan,0.01224907335097214,0.001039213318987234,0.01224907335097214,0.01224907335097214,nan,-0.0036326924188871956,0.15880602018737738,-0.0036326924188871956,-0.0036326924188871956,nan,0.0003626324193319874,-0.016121803363749534,0.0003626324193319874,0.0003626324193319874,nan
4.02,5.746259709998412,PRESTREAM_SETPOINTS,INITIAL_HOLD,MEASURED_JOINT_HOLD,0.05713582783937454,-0.0030662964563816786,0.10840217024087906,0.001221097307279706,-0.0007531113806180656,0.013325505889952183,0.0,0.0,1.0,0.11032397753784225,0.11032397753784225,0.8934319196379897,0.11032397753784225,nan,0.12647013366222382,-0.005208194721490145,0.18771284818649292,0.22640214966974817,-0.02049725112999296,0.034282256059662966,-0.05390398822202867,0.00022363739844877273,0.008691851980984211,0.001118578016757964,-0.05390398822202867,0.0,0.0,9.350985955742921,False,False,0.4439999999999995,1.889325545002066,3,-0.16320549323546274,0.04164537728727219,-0.16320549323546274,-0.16320549323546274,nan,0.01810298499004137,0.0002757423978072913,0.01810298499004137,0.01810298499004137,nan,0.04997420219000137,0.004562731543422867,0.04997420219000137,0.04997420219000137,nan,0.012201203741036615,-0.004372116878473851,0.012201203741036615,0.012201203741036615,nan,-0.0034224765662003165,0.1323475300514759,-0.0034224765662003165,-0.0034224765662003165,nan,0.0003630860935519564,-0.01636528903375707,0.0003630860935519564,0.0003630860935519564,nan
4.023,5.827179511998111,PRESTREAM_SETPOINTS,INITIAL_HOLD,MEASURED_JOINT_HOLD,0.05713582783937454,-0.0030662964563816786,0.10840217024087906,0.001221097307279706,-0.0007531113806180656,0.013325505889952183,0.0,0.0,1.0,0.11032397753784225,0.11032397753784225,0.8934319196379897,0.11032397753784225,nan,0.12647013366222382,-0.005208194721490145,0.18771284818649292,0.22640214966974817,-0.02049725112999296,0.034282256059662966,-0.05390398822202867,0.000575266603846103,0.01002957671880722,0.00038003525696694726,-0.05390398822202867,0.0,0.0,9.350985955742921,False,False,0.4469999999999996,1.9674550439995073,3,-0.16320549323546274,0.04164537728727219,-0.16320549323546274,-0.16320549323546274,nan,0.01810298499004137,0.0002757423978072913,0.01810298499004137,0.01810298499004137,nan,0.04997420219000137,0.004562731543422867,0.04997420219000137,0.04997420219000137,nan,0.012201203741036615,-0.004372116878473851,0.012201203741036615,0.012201203741036615,nan,-0.0034224765662003165,0.1323475300514759,-0.0034224765662003165,-0.0034224765662003165,nan,0.0003630860935519564,-0.01636528903375707,0.0003630860935519564,0.0003630860935519564,nan
4.058,5.908721769999829,PRESTREAM_SETPOINTS,INITIAL_HOLD,MEASURED_JOINT_HOLD,0.060471851378679276,-0.0031055049039423466,0.11108119785785675,0.001221097307279706,-0.0007531113806180656,0.013325505889952183,0.0,0.0,1.0,0.11433442581061004,0.11433442581061004,0.8909787459707983,0.11433442581061004,nan,0.13104233145713806,-0.0038612247444689274,0.18898755311965942,0.23000716711530061,-0.020530505537224315,0.03453889620918493,-0.05427344626438776,-0.0006667306879535317,0.008089412935078144,-0.0006453019450418661,-0.05427344626438776,0.0,0.0,9.259916084306742,False,False,0.48199999999999976,2.0483343480009353,3,-0.16161602412953346,0.03273746904665707,-0.16161602412953346,-0.16161602412953346,nan,0.01806485565011684,0.026014992398895622,0.01806485565011684,0.01806485565011684,nan,0.050074501184868225,0.030003193790682843,0.050074501184868225,0.050074501184868225,nan,0.011867846463162302,0.021177825696657326,0.011867846463162302,0.011867846463162302,nan,-0.0036256426488980864,-0.023308915734042437,-0.0036256426488980864,-0.0036256426488980864,nan,0.00038351202486275326,-0.004030149620803086,0.00038351202486275326,0.00038351202486275326,nan
4.061,5.982803252998565,PRESTREAM_SETPOINTS,INITIAL_HOLD,MEASURED_JOINT_HOLD,0.060471851378679276,-0.0031055049039423466,0.11108119785785675,0.001221097307279706,-0.0007531113806180656,0.013325505889952183,0.0,0.0,1.0,0.11433442581061004,0.11433442581061004,0.8909787459707983,0.11433442581061004,nan,0.13104233145713806,-0.0038612247444689274,0.18898755311965942,0.23000716711530061,-0.020530505537224315,0.03453889620918493,-0.05427344626438776,-0.0005707251839339733,0.006875732447952032,-0.002011846750974656,-0.05427344626438776,0.0,0.0,9.259916084306742,False,False,0.4849999999999999,2.1259944800003723,3,-0.16161602412953346,0.03273746904665707,-0.16161602412953346,-0.16161602412953346,nan,0.01806485565011684,0.026014992398895622,0.01806485565011684,0.01806485565011684,nan,0.050074501184868225,0.030003193790682843,0.050074501184868225,0.050074501184868225,nan,0.011867846463162302,0.021177825696657326,0.011867846463162302,0.011867846463162302,nan,-0.0036256426488980864,-0.023308915734042437,-0.0036256426488980864,-0.0036256426488980864,nan,0.00038351202486275326,-0.004030149620803086,0.00038351202486275326,0.00038351202486275326,nan
4.079,6.066183381000883,PRESTREAM_SETPOINTS,INITIAL_HOLD,MEASURED_JOINT_HOLD,0.06152168661355972,-0.003051785985007882,0.11301285028457642,0.001221097307279706,-0.0007531113806180656,0.013325505889952183,0.0,0.0,1.0,0.1165290161636746,0.1165290161636746,0.889123408240817,0.1165290161636746,nan,0.13225169479846954,-0.003668499644845724,0.19079501926898956,0.23217818167210688,-0.020549201086907318,0.03467968215804923,-0.054494236346764056,-0.0005707251839339733,0.006875732447952032,-0.002011846750974656,-0.054494236346764056,0.0,0.0,9.21463463610823,False,False,0.5029999999999997,2.2036161130017717,3,-0.16082571376839816,0.04210912239855714,-0.16082571376839816,-0.16082571376839816,nan,0.01811325166219291,0.0003069016845541699,0.01811325166219291,0.01811325166219291,nan,0.05019927269159119,0.004215935116193668,0.05019927269159119,0.05019927269159119,nan,0.01180284539245502,-0.004543064257719941,0.01180284539245502,0.01180284539245502,nan,-0.0033379795558854397,0.48439825737644376,-0.0033379795558854397,-0.0033379795558854397,nan,0.0003299195245203279,-0.018593163802136502,0.0003299195245203279,0.0003299195245203279,nan
4.114,6.142209728001035,PRESTREAM_SETPOINTS,INITIAL_HOLD,MEASURED_JOINT_HOLD,0.062319014221429825,-0.003023558296263218,0.11444523185491562,0.001221097307279706,-0.0007531113806180656,0.013325505889952183,0.0,0.0,1.0,0.118166447690004,0.118166447690004,0.8877499922967027,0.118166447690004,nan,0.13377755880355835,-0.003920427523553371,0.19113773107528687,0.23333546072557346,-0.020481793716119693,0.03473546806926063,-0.05451633771684706,0.0014424014370888472,0.005619026254862547,0.0006532130646519356,-0.05451633771684706,0.0,0.0,9.169604173009047,False,False,0.5379999999999998,2.2833000020000327,3,-0.16003978392361962,0.04156660626957448,-0.16003978392361962,-0.16003978392361962,nan,0.018120319918294214,0.0008061186065462889,0.018120319918294214,0.018120319918294214,nan,0.050284222087600305,0.004760658177820028,0.050284222087600305,0.050284222087600305,nan,0.01171116815107176,-0.004304686715449837,0.01171116815107176,0.01171116815107176,nan,-0.0031813491788286186,0.15975916293761339,-0.0031813491788286186,-0.0031813491788286186,nan,0.0003456785831232878,-0.014900633240298562,0.0003456785831232878,0.0003456785831232878,nan
4.12,6.216451298998436,PRESTREAM_SETPOINTS,INITIAL_HOLD,MEASURED_JOINT_HOLD,0.0631970688700676,-0.0030061055440455675,0.115911565721035,0.001221097307279706,-0.0007531113806180656,0.013325505889952183,0.0,0.0,1.0,0.1198749210865994,0.1198749210865994,0.8863494039091704,0.1198749210865994,nan,0.13459093868732452,-0.004254622850567102,0.1921093612909317,0.23460355770521776,-0.020449477771234004,0.03483686409850694,-0.054728548561474806,0.0014424014370888472,0.005619026254862547,0.0006532130646519356,-0.054728548561474806,0.0,0.0,9.12344892238344,False,False,0.544,2.359574131001864,3,-0.1592342228331196,0.03277871288875556,-0.1592342228331196,-0.1592342228331196,nan,0.018068365014318744,0.025864637227074785,0.018068365014318744,0.018068365014318744,nan,0.050295996010626176,0.02992820189390976,0.050295996010626176,0.050295996010626176,nan,0.011505385985794092,0.020671066235779065,0.011505385985794092,0.011505385985794092,nan,-0.0035331273870236046,-0.021408927490136235,-0.0035331273870236046,-0.0035331273870236046,nan,0.0003841184012287613,-0.0054701691343624,0.0003841184012287613,0.0003841184012287613,nan
4.138,6.291768594997848,PRESTREAM_SETPOINTS,INITIAL_HOLD,MEASURED_JOINT_HOLD,0.06465353816747665,-0.0029865107499063015,0.11811640113592148,0.001221097307279706,-0.0007531113806180656,0.013325505889952183,0.0,0.0,1.0,0.12251446589148902,0.12251446589148902,0.8842554388803563,0.12251446589148902,nan,0.13729795813560486,-0.004069752991199493,0.19321556389331818,0.23706443497123014,-0.020475242472898017,0.03495997681016167,-0.0548602942430171,0.0005868878215551376,0.005349516868591309,9.713830513646761e-05,-0.0548602942430171,0.0,0.0,9.077447196717259,False,False,0.5619999999999998,2.434280071000103,3,-0.15843134125864555,0.0425823985171174,-0.15843134125864555,-0.15843134125864555,nan,0.0181123017825513,5.690713645283962e-06,0.0181123017825513,0.0181123017825513,nan,0.05041639012793375,0.003912368503571208,0.05041639012793375,0.05041639012793375,nan,0.011435328173833526,-0.004817237959351343,0.011435328173833526,0.011435328173833526,nan,-0.003265210711074218,0.4855280605527023,-0.003265210711074218,-0.003265210711074218,nan,0.00033446747188925485,-0.018757735966531568,0.00033446747188925485,0.00033446747188925485,nan
4.18,6.390961911998602,PRESTREAM_SETPOINTS,INITIAL_HOLD,MEASURED_JOINT_HOLD,0.06749236583709717,-0.0029751365073025227,0.12136943638324738,0.001221097307279706,-0.0007531113806180656,0.013325505889952183,0.0,0.0,1.0,0.12676872384249513,0.12676872384249513,0.8812240000164646,0.12676872384249513,nan,0.14218562841415405,-0.0036843689158558846,0.1952977478504181,0.2416020236200051,-0.020468170626870723,0.0350196668123984,-0.05534687549866559,0.0002570633660070598,0.0034930054098367687,-0.0033526897896081214,-0.05534687549866559,0.0,0.0,8.987094077857394,False,False,0.6039999999999996,2.532843231001607,3,-0.15685438184509515,0.03628770788627783,-0.15685438184509515,-0.15685438184509515,nan,0.018107711618116973,0.003013483344640304,0.018107711618116973,0.018107711618116973,nan,0.050552044345460345,0.007099805075870866,0.050552044345460345,0.050552044345460345,nan,0.011158252506148436,-0.001798926707700545,0.011158252506148436,0.011158252506148436,nan,-0.0031199885526298488,0.1343110200431476,-0.0031199885526298488,-0.0031199885526298488,nan,0.0003087930671377137,-0.009516536655478643,0.0003087930671377137,0.0003087930671377137,nan
4.18,6.463462810999772,PRESTREAM_SETPOINTS,INITIAL_HOLD,MEASURED_JOINT_HOLD,0.06749236583709717,-0.0029751365073025227,0.12136943638324738,0.001221097307279706,-0.0007531113806180656,0.013325505889952183,0.0,0.0,1.0,0.12676872384249513,0.12676872384249513,0.8812240000164646,0.12676872384249513,nan,0.14218562841415405,-0.0036843689158558846,0.1952977478504181,0.2416020236200051,-0.020468170626870723,0.0350196668123984,-0.05534687549866559,0.0002570633660070598,0.0034930054098367687,-0.0033526897896081214,-0.05534687549866559,0.0,0.0,8.987094077857394,False,False,0.6039999999999996,2.6088534830014396,3,-0.15685438184509515,0.03628770788627783,-0.15685438184509515,-0.15685438184509515,nan,0.018107711618116973,0.003013483344640304,0.018107711618116973,0.018107711618116973,nan,0.050552044345460345,0.007099805075870866,0.050552044345460345,0.050552044345460345,nan,0.011158252506148436,-0.001798926707700545,0.011158252506148436,0.011158252506148436,nan,-0.0031199885526298488,0.1343110200431476,-0.0031199885526298488,-0.0031199885526298488,nan,0.0003087930671377137,-0.009516536655478643,0.0003087930671377137,0.0003087930671377137,nan
4.201,6.547772979000001,PRESTREAM_SETPOINTS,INITIAL_HOLD,MEASURED_JOINT_HOLD,0.06874489784240723,-0.0029657669365406036,0.12255129218101501,0.001221097307279706,-0.0007531113806180656,0.013325505889952183,0.0,0.0,1.0,0.12843142868557436,0.12843142868557436,0.8801425405047135,0.12843142868557436,nan,0.14373180270195007,-0.0034296559169888496,0.1959506720304489,0.2430375681182763,-0.02047695347321148,0.0350332148322399,-0.055484990973440756,-0.00208137440495193,0.0018534971168264744,-0.0015350853791460397,-0.055484990973440756,0.0,0.0,8.941641884317866,False,False,0.6249999999999996,2.682438905001618,3,-0.15606109141557667,0.041608186043106794,-0.15606109141557667,-0.15606109141557667,nan,0.018126486160523925,0.003986113391968988,0.018126486160523925,0.018126486160523925,nan,0.05063922625561723,0.007885165017400915,0.05063922625561723,0.05063922625561723,nan,0.011035734910931794,-0.0014043070281784913,0.011035734910931794,0.011035734910931794,nan,-0.0030118770490368263,0.14700841769849562,-0.0030118770490368263,-0.0030118770490368263,nan,0.0002887192662024418,-0.009434723737126165,0.0002887192662024418,0.0002887192662024418,nan
4.24,6.622450923998258,PRESTREAM_SETPOINTS,INITIAL_HOLD,MEASURED_JOINT_HOLD,0.07220512628555298,-0.0029654542449861765,0.12576748430728912,0.001221097307279706,-0.0007531113806180656,0.013325505889952183,0.0,0.0,1.0,0.1329918243402305,0.1329918243402305,0.8772142644047677,0.1329918243402305,nan,0.1499270349740982,-0.0035319447051733732,0.19864517450332642,0.24889856528911908,-0.020500735891945166,0.03519324064936097,-0.05580620338670826,-0.0006762832636013627,0.00317942351102829,0.00012823425640817694,-0.05580620338670827,0.0,0.0,8.850165249909184,False,False,0.6640000000000001,2.7660794200019154,3,-0.15446452295650204,0.04308586844177448,-0.15446452295650204,-0.15446452295650204,nan,0.018063860951414767,-0.008761609332558953,0.018063860951414767,0.018063860951414767,nan,0.05069666543251827,-0.005879703218482777,0.05069666543251827,0.05069666543251827,nan,0.010651758283376722,-0.01737687800089882,0.010651758283376722,0.010651758283376722,nan,-0.005437130910866728,0.20114211450695654,-0.005437130910866728,-0.005437130910866728,nan,0.00048689266914969664,-0.008414045369773096,0.00048689266914969664,0.00048689266914969664,nan
4.24,6.698578667001129,PRESTREAM_SETPOINTS,INITIAL_HOLD,MEASURED_JOINT_HOLD,0.07220512628555298,-0.0029654542449861765,0.12576748430728912,0.001221097307279706,-0.0007531113806180656,0.013325505889952183,0.0,0.0,1.0,0.1329918243402305,0.1329918243402305,0.8772142644047677,0.1329918243402305,nan,0.1499270349740982,-0.0035319447051733732,0.19864517450332642,0.24889856528911908,-0.020500735891945166,0.03519324064936097,-0.05580620338670826,-0.0006762832636013627,0.00317942351102829,0.00012823425640817694,-0.05580620338670827,0.0,0.0,8.850165249909184,False,False,0.6640000000000001,2.841332923999289,3,-0.15446452295650204,0.04308586844177448,-0.15446452295650204,-0.15446452295650204,nan,0.018063860951414767,-0.008761609332558953,0.018063860951414767,0.018063860951414767,nan,0.05069666543251827,-0.005879703218482777,0.05069666543251827,0.05069666543251827,nan,0.010651758283376722,-0.01737687800089882,0.010651758283376722,0.010651758283376722,nan,-0.005437130910866728,0.20114211450695654,-0.005437130910866728,-0.005437130910866728,nan,0.00048689266914969664,-0.008414045369773096,0.00048689266914969664,0.00048689266914969664,nan
4.264,6.7729276360005315,PRESTREAM_SETPOINTS,INITIAL_HOLD,MEASURED_JOINT_HOLD,0.07452093064785004,-0.002975470619276166,0.12721744179725647,0.001221097307279706,-0.0007531113806180656,0.013325505889952183,0.0,0.0,1.0,0.13545913595270914,0.13545913595270914,0.8759632506178289,0.13545913595270914,nan,0.15309342741966248,-0.0038065658882260323,0.1999538540840149,0.2518603407168592,-0.0204730740029974,0.03530603545089071,-0.0560303474441371,-0.0005487821763381362,0.005958365276455879,-0.002390182577073575,-0.0560303474441371,0.0,0.0,8.803176468374742,False,False,0.6880000000000002,2.9169277050023084,3,-0.15364441400722573,0.03754014136799251,-0.15364441400722573,-0.15364441400722573,nan,0.018076048332627437,0.0005398141934380323,0.018076048332627437,0.018076048332627437,nan,0.050778974742835103,0.004409815301109705,0.050778974742835103,0.050778974742835103,nan,0.010545308205481163,-0.0033059920681082784,0.010545308205481163,0.010545308205481163,nan,-0.005325602604925983,0.11138542073974107,-0.005325602604925983,-0.005325602604925983,nan,0.00037828540187234694,-0.016565004135780312,0.00037828540187234694,0.00037828540187234694,nan
4.297,6.850377885999478,PRESTREAM_SETPOINTS,INITIAL_HOLD,MEASURED_JOINT_HOLD,0.0764588788151741,-0.002888054819777608,0.1290227621793747,0.001221097307279706,-0.0007531113806180656,0.013325505889952183,0.0,0.0,1.0,0.13802585577571466,0.13802585577571466,0.8743315445595918,0.13802585577571466,nan,0.15685267746448517,-0.0030287180561572313,0.2000165432691574,0.2542017961033797,-0.020566418520325914,0.03550714078367625,-0.056454477735799376,-0.0014465266140177846,0.005985070485621691,-0.0029088412411510953,-0.056454477735799376,0.0,0.0,8.710874185820893,False,False,0.7209999999999996,2.992294702999061,3,-0.15203343526955493,0.042532145791124035,-0.15203343526955493,-0.15203343526955493,nan,0.018026918970873496,-0.0012035603636710477,0.018026918970873496,0.018026918970873496,nan,0.05089257167337902,0.0031972243400120617,0.05089257167337902,0.05089257167337902,nan,0.010317340624615312,-0.00535213144981112,0.010317340624615312,0.010317340624615312,nan,-0.004793315307408896,0.5237974052836891,-0.004793315307408896,-0.004793315307408896,nan,0.0004217534372905618,-0.025139411131876892,0.0004217534372905618,0.0004217534372905618,nan
4.3,6.927605451997806,PRESTREAM_SETPOINTS,INITIAL_HOLD,MEASURED_JOINT_HOLD,0.0764588788151741,-0.002888054819777608,0.1290227621793747,0.001221097307279706,-0.0007531113806180656,0.013325505889952183,0.0,0.0,1.0,0.13802585577571466,0.13802585577571466,0.8743315445595918,0.13802585577571466,nan,0.15685267746448517,-0.0030287180561572313,0.2000165432691574,0.2542017961033797,-0.020566418520325914,0.03550714078367625,-0.056454477735799376,-0.0014465266140177846,0.005985070485621691,-0.0029088412411510953,-0.056454477735799376,0.0,0.0,8.710874185820893,False,False,0.7239999999999998,3.0687524230015697,3,-0.15203343526955493,0.042532145791124035,-0.15203343526955493,-0.15203343526955493,nan,0.018026918970873496,-0.0012035603636710477,0.018026918970873496,0.018026918970873496,nan,0.05089257167337902,0.0031972243400120617,0.05089257167337902,0.05089257167337902,nan,0.010317340624615312,-0.00535213144981112,0.010317340624615312,0.010317340624615312,nan,-0.004793315307408896,0.5237974052836891,-0.004793315307408896,-0.004793315307408896,nan,0.0004217534372905618,-0.025139411131876892,0.0004217534372905618,0.0004217534372905618,nan
4.32,7.00491261299976,PRESTREAM_SETPOINTS,INITIAL_HOLD,MEASURED_JOINT_HOLD,0.0774148479104042,-0.002853047801181674,0.1296757608652115,0.001221097307279706,-0.0007531113806180656,0.013325505889952183,0.0,0.0,1.0,0.13909449736330118,0.13909449736330118,0.8737651170562346,0.13909449736330118,nan,0.1587916910648346,-0.0030997772701084614,0.20041121542453766,0.255712856615178,-0.020655721100791058,0.0355944808699479,-0.05663534188296084,-0.0017296841833740473,0.004928889684379101,-0.00073335599154234,-0.05663534188296084,0.0,0.0,8.664997092439497,False,False,0.7440000000000002,3.1484896130023117,3,-0.15123272893880468,0.03665379884849738,-0.15123272893880468,-0.15123272893880468,nan,0.018015895055643938,-0.0008148211889702063,0.018015895055643938,0.018015895055643938,nan,0.05096887850960474,0.0038273610699168653,0.05096887850960474,0.05096887850960474,nan,0.010222393576444055,-0.004130724483291427,0.010222393576444055,0.010222393576444055,nan,-0.004454742098400466,0.503037217514363,-0.004454742098400466,-0.004454742098400466,nan,0.0004271350103568494,-0.02622186064821746,0.0004271350103568494,0.0004271350103568494,nan
4.354,7.086021905997768,PRESTREAM_SETPOINTS,INITIAL_HOLD,MEASURED_JOINT_HOLD,0.0790196880698204,-0.002813927596434951,0.13087935745716095,0.001221097307279706,-0.0007531113806180656,0.013325505889952183,0.0,0.0,1.0,0.14098147291895488,0.14098147291895488,0.8727099865277393,0.14098147291895488,nan,0.1608434021472931,-0.0031408125068992376,0.20141053199768066,0.2577725103984288,-0.02067094528271093,0.03566620974531178,-0.056853329462341305,-0.0029254108667373657,0.004869215656071901,-0.0008569775964133447,-0.0568533294623413,0.0,0.0,8.619183079586053,False,False,0.778,3.224827940000978,3,-0.15043312357096106,0.036446681841169226,-0.15043312357096106,-0.15043312357096106,nan,0.01800791211177799,-0.0005736210707102893,0.01800791211177799,0.01800791211177799,nan,0.05105041291269963,0.004168546948497864,0.05105041291269963,0.05105041291269963,nan,0.010133511532025352,-0.004055076338981483,0.010133511532025352,0.010133511532025352,nan,-0.004152958438708332,0.5134989523797908,-0.004152958438708332,-0.004152958438708332,nan,0.0004300839846420601,-0.02695698992235451,0.0004300839846420601,0.0004300839846420601,nan
4.39,7.159049966998282,PRESTREAM_SETPOINTS,INITIAL_HOLD,MEASURED_JOINT_HOLD,0.08211598545312881,-0.0027648089453577995,0.1320781260728836,0.001221097307279706,-0.0007531113806180656,0.013325505889952183,0.0,0.0,1.0,0.14370182551217986,0.14370182551217986,0.8718021899930053,0.14370182551217986,nan,0.16396257281303406,-0.003035514382645488,0.20104138553142548,0.25944282284817977,-0.020790836230001865,0.035728986185705934,-0.05717088241042693,-0.0007908795378170907,0.0023743605706840754,-0.0015990015817806127,-0.05717088241042693,0.0,0.0,8.527439371703542,False,False,0.8139999999999996,3.3042623510009435,3,-0.1488318938004234,0.042479642154748115,-0.1488318938004234,-0.1488318938004234,nan,0.017980435551355534,0.002288715280713672,0.017980435551355534,0.017980435551355534,nan,0.05119569269042845,0.006957773959140291,0.05119569269042845,0.05119569269042845,nan,0.009899811962410077,-0.0020323316339171255,0.009899811962410077,0.009899811962410077,nan,-0.004010607936599797,0.1457873513628403,-0.004010607936599797,-0.004010607936599797,nan,0.00039610952778801334,-0.017820537141521042,0.00039610952778801334,0.00039610952778801334,nan
4.423,7.237048178998521,PRESTREAM_SETPOINTS,INITIAL_HOLD,MEASURED_JOINT_HOLD,0.08573199063539505,-0.002748304745182395,0.13385514914989471,0.001221097307279706,-0.0007531113806180656,0.013325505889952183,0.0,0.0,1.0,0.14721911150406763,0.14721911150406763,0.8703817725868522,0.14721911150406763,nan,0.16818654537200928,-0.0033969294745475054,0.20006026327610016,0.26138546653578215,-0.020776580498428638,0.03601934671457289,-0.05756253659136394,-0.00029353576246649027,0.007865049876272678,-0.0015374064678326258,-0.05756253659136394,0.0,0.0,8.435408462081513,False,False,0.847,3.376868941999419,3,-0.14722565141391364,0.02849717798741878,-0.14722565141391364,-0.14722565141391364,nan,0.017965122281675683,0.033424965042098485,0.017965122281675683,0.017965122281675683,nan,0.051350438669533816,0.0365074603351391,0.051350438669533816,0.051350438669533816,nan,0.00969686833111627,0.026679427320945054,0.00969686833111627,0.00969686833111627,nan,-0.003892920059450411,-0.05533111107033897,-0.003892920059450411,-0.003892920059450411,nan,0.00045030346057117754,0.0033323986495693847,0.00045030346057117754,0.00045030346057117754,nan
4.425,7.3104848109978775,PRESTREAM_SETPOINTS,INITIAL_HOLD,MEASURED_JOINT_HOLD,0.08573199063539505,-0.002748304745182395,0.13385514914989471,0.001221097307279706,-0.0007531113806180656,0.013325505889952183,0.0,0.0,1.0,0.14721911150406763,0.14721911150406763,0.8703817725868522,0.14721911150406763,nan,0.16818654537200928,-0.0033969294745475054,0.20006026327610016,0.26138546653578215,-0.020776580498428638,0.03601934671457289,-0.05756253659136394,-0.00029353576246649027,0.007865049876272678,-0.0015374064678326258,-0.05756253659136394,0.0,0.0,8.435408462081513,False,False,0.8489999999999998,3.4555850030010333,3,-0.14722565141391364,0.02849717798741878,-0.14722565141391364,-0.14722565141391364,nan,0.017965122281675683,0.033424965042098485,0.017965122281675683,0.017965122281675683,nan,0.051350438669533816,0.0365074603351391,0.051350438669533816,0.051350438669533816,nan,0.00969686833111627,0.026679427320945054,0.00969686833111627,0.00969686833111627,nan,-0.003892920059450411,-0.05533111107033897,-0.003892920059450411,-0.003892920059450411,nan,0.00045030346057117754,0.0033323986495693847,0.00045030346057117754,0.00045030346057117754,nan
4.427,7.3961409859985,PRESTREAM_SETPOINTS,INITIAL_HOLD,MEASURED_JOINT_HOLD,0.08573199063539505,-0.002748304745182395,0.13385514914989471,0.001221097307279706,-0.0007531113806180656,0.013325505889952183,0.0,0.0,1.0,0.14721911150406763,0.14721911150406763,0.8703817725868522,0.14721911150406763,nan,0.16818654537200928,-0.0033969294745475054,0.20006026327610016,0.26138546653578215,-0.020776580498428638,0.03601934671457289,-0.05756253659136394,-0.00029353576246649027,0.007865049876272678,-0.0015374064678326258,-0.05756253659136394,0.0,0.0,8.435408462081513,False,False,0.8509999999999995,3.5408404059999157,3,-0.14722565141391364,0.02849717798741878,-0.14722565141391364,-0.14722565141391364,nan,0.017965122281675683,0.033424965042098485,0.017965122281675683,0.017965122281675683,nan,0.051350438669533816,0.0365074603351391,0.051350438669533816,0.051350438669533816,nan,0.00969686833111627,0.026679427320945054,0.00969686833111627,0.00969686833111627,nan,-0.003892920059450411,-0.05533111107033897,-0.003892920059450411,-0.003892920059450411,nan,0.00045030346057117754,0.0033323986495693847,0.00045030346057117754,0.00045030346057117754,nan
4.437,7.473459950000688,PRESTREAM_SETPOINTS,INITIAL_HOLD,MEASURED_JOINT_HOLD,0.08730846643447876,-0.0027531252708286047,0.13465750217437744,0.001221097307279706,-0.0007531113806180656,0.013325505889952183,0.0,0.0,1.0,0.1487833609687839,0.1487833609687839,0.8697401833610915,0.1487833609687839,nan,0.17008467018604279,-0.003557929303497076,0.19960355758666992,0.26226519802382986,-0.02078777933355105,0.036181802301273214,-0.05768538383909917,-0.00029353576246649027,0.007865049876272678,-0.0015374064678326258,-0.05768538383909917,0.0,0.0,8.389975410351058,False,False,0.8610000000000002,3.6154958570004965,3,-0.1464326950719883,0.04273970324676268,-0.1464326950719883,-0.1464326950719883,nan,0.017989974486175342,0.0006501551125669017,0.017989974486175342,0.017989974486175342,nan,0.0514625347534956,0.0046310667305782035,0.0514625347534956,0.0514625347534956,nan,0.009618120259238694,-0.004400201046110984,0.009618120259238694,0.009618120259238694,nan,-0.0036655765093129844,0.11386600402931737,-0.0036655765093129844,-0.0036655765093129844,nan,0.000388522300878158,-0.01964482153825641,0.000388522300878158,0.000388522300878158,nan
4.48,7.555066712000553,PRESTREAM_SETPOINTS,INITIAL_HOLD,MEASURED_JOINT_HOLD,0.09103814512491226,-0.002740353113040328,0.13651961088180542,0.001221097307279706,-0.0007531113806180656,0.013325505889952183,0.0,0.0,1.0,0.15247241951619228,0.15247241951619228,0.8682706005587644,0.15247241951619228,nan,0.1751767098903656,-0.002477646339684725,0.1997489184141159,0.2656927714993522,-0.020818423624790562,0.0362859945478662,-0.05801823519232318,-0.0007149920566007495,0.004970154725015163,0.0008107731118798249,-0.058018235192323186,0.0,0.0,8.299019843526567,False,False,0.9040000000000004,3.6981453459993645,3,-0.14484522095788321,0.034630871347928506,-0.14484522095788321,-0.14484522095788321,nan,0.017966107597229275,-0.020640819688772363,0.017966107597229275,0.017966107597229275,nan,0.05158652658620522,-0.01974740095722025,0.05158652658620522,0.05158652658620522,nan,0.009332950685221775,-0.03460910002910602,0.009332950685221775,0.009332950685221775,nan,-0.00321375490148057,0.19495431577207248,-0.00321375490148057,-0.00321375490148057,nan,0.0004260304245429225,0.009366440650830025,0.0004260304245429225,0.0004260304245429225,nan
4.514,7.642314076998446,PRESTREAM_SETPOINTS,INITIAL_HOLD,MEASURED_JOINT_HOLD,0.09218724817037582,-0.0026654014363884926,0.1369318813085556,0.001221097307279706,-0.0007531113806180656,0.013325505889952183,0.0,0.0,1.0,0.1534830072035002,0.1534830072035002,0.8679816648936962,0.1534830072035002,nan,0.17682674527168274,-0.001859312760643661,0.19913144409656525,0.26631651641477655,-0.020859497820680275,0.03642252155105975,-0.05822461064040951,-0.0014034517807886004,0.004879221320152283,-0.0028223393019288783,-0.05822461064040951,0.0,0.0,8.253055539347613,False,False,0.9380000000000002,3.7759505760004686,3,-0.14404299251157227,0.0433342193779284,-0.14404299251157227,-0.14404299251157227,nan,0.01790694765355738,-0.00916551396274361,0.01790694765355738,0.01790694765355738,nan,0.051597242893441475,-0.005641336103298488,0.051597242893441475,0.051597242893441475,nan,0.009111475668083457,-0.01710653123850968,0.009111475668083457,0.009111475668083457,nan,-0.006252245857280236,0.19753862868873218,-0.006252245857280236,-0.006252245857280236,nan,0.0005552052535078289,-0.010050084662019655,0.0005552052535078289,0.0005552052535078289,nan
4.542,7.721238428999641,PRESTREAM_SETPOINTS,INITIAL_HOLD,MEASURED_JOINT_HOLD,0.09459590166807175,-0.0025443979538977146,0.1380920559167862,0.001221097307279706,-0.0007531113806180656,0.013325505889952183,0.0,0.0,1.0,0.1558484995198936,0.1558484995198936,0.8670871713081076,0.1558484995198936,nan,0.1794990748167038,-0.0014368693809956312,0.199317067861557,0.2682336220435447,-0.020941475978996097,0.03647887792932882,-0.05872389440168288,-0.002115459181368351,0.003489791881293058,-0.0033386277500540022,-0.05872389440168288,0.0,0.0,8.160178042193943,False,False,0.9659999999999997,3.8654114860000846,3,-0.14242197438522908,0.036260025614385266,-0.14242197438522908,-0.14242197438522908,nan,0.017894292286851687,-0.0012033510059270456,0.017894292286851687,0.017894292286851687,nan,0.051744890699926493,0.0033368000745083973,0.051744890699926493,0.051744890699926493,nan,0.008891937943323214,-0.004703595994165084,0.008891937943323214,0.008891937943323214,nan,-0.0058386209423701985,0.4941088417225207,-0.0058386209423701985,-0.0058386209423701985,nan,0.00043051283119766026,-0.02642083998658716,0.00043051283119766026,0.00043051283119766026,nan
4.542,7.79558980100046,PRESTREAM_SETPOINTS,INITIAL_HOLD,MEASURED_JOINT_HOLD,0.09459590166807175,-0.0025443979538977146,0.1380920559167862,0.001221097307279706,-0.0007531113806180656,0.013325505889952183,0.0,0.0,1.0,0.1558484995198936,0.1558484995198936,0.8670871713081076,0.1558484995198936,nan,0.1794990748167038,-0.0014368693809956312,0.199317067861557,0.2682336220435447,-0.020941475978996097,0.03647887792932882,-0.05872389440168288,-0.002115459181368351,0.003489791881293058,-0.0033386277500540022,-0.05872389440168288,0.0,0.0,8.160178042193943,False,False,0.9659999999999997,3.9395709720010927,3,-0.14242197438522908,0.036260025614385266,-0.14242197438522908,-0.14242197438522908,nan,0.017894292286851687,-0.0012033510059270456,0.017894292286851687,0.017894292286851687,nan,0.051744890699926493,0.0033368000745083973,0.051744890699926493,0.051744890699926493,nan,0.008891937943323214,-0.004703595994165084,0.008891937943323214,0.008891937943323214,nan,-0.0058386209423701985,0.4941088417225207,-0.0058386209423701985,-0.0058386209423701985,nan,0.00043051283119766026,-0.02642083998658716,0.00043051283119766026,0.00043051283119766026,nan
4.559,7.875737266000215,ARM_NEUTRALIZE,INITIAL_HOLD,NEUTRALIZE_PROFILE,0.09574981033802032,-0.0025037918239831924,0.13870425522327423,0.001221097307279706,-0.0007531113806180656,0.013325505889952183,0.0,0.0,1.0,0.15703048510926435,0.15703048510926435,0.8666052475745571,0.15703048510926435,nan,0.18159617483615875,-0.0016246925806626678,0.199443981051445,0.2697363748528469,-0.02099640420942267,0.03651293491734292,-0.05890477856157099,-0.002115459181368351,0.003489791881293058,-0.0033386277500540022,-0.05890477856157099,5.242653533521491e-11,3.0038192092012927e-09,8.114367496502544,False,False,0.9830000000000001,4.019352662002348,3,-0.14162242953077886,0.04241806352089366,-0.14162242947835232,-0.14162242947835232,nan,0.017882013182867418,-0.0008159339261309029,0.01788201317624776,0.01788201317624776,nan,0.051820504989422034,0.003710094851516011,0.05182050497023885,0.05182050497023885,nan,0.00879612989663947,-0.0047735424771346525,0.008796129893383273,0.008796129893383273,nan,-0.005426802457057178,0.5243766026229266,-0.0054268024550482566,-0.0054268024550482566,nan,0.0004350275015729821,-0.02788668267946322,0.00043502750141194137,0.00043502750141194137,nan
4.564,7.954280442998424,ARM_NEUTRALIZE,INITIAL_HOLD,NEUTRALIZE_PROFILE,0.09574981033802032,-0.0025037918239831924,0.13870425522327423,0.001221097307279706,-0.0007531113806180656,0.013325505889952183,0.0,0.0,1.0,0.15703048510926435,0.15703048510926435,0.8666052475745571,0.15703048510926435,nan,0.18159617483615875,-0.0016246925806626678,0.199443981051445,0.2697363748528469,-0.02099640420942267,0.03651293491734292,-0.05890477856157099,-0.0015172116691246629,0.004210754297673702,-0.0027213818393647675,-0.05890477856157099,1.1295832158531027e-08,6.472035087719785e-07,8.114367496502544,False,False,0.0,0.0,4,-0.14162242953077886,0.04241806352089366,-0.1416224182349467,-0.1416224182349467,nan,0.017882013182867418,-0.0008159339261309029,0.017882011756594613,0.017882011756594613,nan,0.051820504989422034,0.003710094851516011,0.05182050085620861,0.05182050085620861,nan,0.00879612989663947,-0.0047735424771346525,0.008796129195058462,0.008796129195058462,nan,-0.005426802457057178,0.5243766026229266,-0.005426802024214372,-0.005426802024214372,nan,0.0004350275015729821,-0.02788668267946322,0.00043502746687510503,0.00043502746687510503,nan
4.576,8.027241413998127,ARM_NEUTRALIZE,INITIAL_HOLD,NEUTRALIZE_PROFILE,0.09574981033802032,-0.0025037918239831924,0.13870425522327423,0.001221097307279706,-0.0007531113806180656,0.013325505889952183,0.0,0.0,1.0,0.15703048510926435,0.15703048510926435,0.8666052475745571,0.15703048510926435,nan,0.18159617483615875,-0.0016246925806626678,0.199443981051445,0.2697363748528469,-0.02099640420942267,0.03651293491734292,-0.05890477856157099,-0.0015172116691246629,0.004210754297673702,-0.0027213818393647675,-0.05890477856157099,0.0007981015083341758,0.04572784805057337,8.068622278782899,False,False,0.011999999999999567,0.07880545900115976,4,-0.14082402486452938,0.04249230349672886,-0.14162212637286356,-0.14162212637286356,nan,0.017874078334206622,-0.00026125889041861313,0.017881974904510975,0.017881974904510975,nan,0.051902648493205916,0.004342787694062233,0.05182039406210413,0.05182039406210413,nan,0.008707824823424026,-0.004186054442383393,0.008796111067585268,0.008796111067585268,nan,-0.005041161291559071,0.5286314799518961,-0.005426790840407718,-0.005426790840407718,nan,0.00044213751081478847,-0.028616477594260527,0.0004350265703502167,0.0004350265703502167,nan
4.584,8.108908271999098,ARM_NEUTRALIZE,INITIAL_HOLD,NEUTRALIZE_PROFILE,0.09767542779445648,-0.002445847960188985,0.13983425498008728,0.001221097307279706,-0.0007531113806180656,0.013325505889952183,0.0,0.0,1.0,0.15909357882456504,0.15909357882456504,0.8656971642975019,0.15909357882456504,nan,0.18375782668590546,-0.0010185858700424433,0.19947391748428345,0.2712154496742924,-0.020976468000002798,0.03663086710380895,-0.05908891612916203,-0.0001937466731760651,0.005107726436108351,-0.002261028857901693,-0.05908891612916203,0.0007974946999629029,0.045693080491926226,8.068622278782899,False,False,0.019999999999999574,0.15317023000170593,4,-0.14082402486452938,0.04249230349672886,-0.1416215195644923,-0.1416215195644923,nan,0.017874078334206622,-0.00026125889041861313,0.017881898285607243,0.017881898285607243,nan,0.051902648493205916,0.004342787694062233,0.05182017202724472,0.05182017202724472,nan,0.008707824823424026,-0.004186054442383393,0.008796073378885294,0.008796073378885294,nan,-0.005041161291559071,0.5286314799518961,-0.005426767588235226,-0.005426767588235226,nan,0.00044213751081478847,-0.028616477594260527,0.0004350247063917282,0.0004350247063917282,nan
4.617,8.184250173999317,ARM_NEUTRALIZE,INITIAL_HOLD,NEUTRALIZE_PROFILE,0.10133733600378036,-0.002319518243893981,0.14160239696502686,0.001221097307279706,-0.0007531113806180656,0.013325505889952183,0.0,0.0,1.0,0.16272884091359646,0.16272884091359646,0.864361660839613,0.16272884091359646,nan,0.18681882321834564,-6.055898847989738e-05,0.2004297822713852,0.2739952079826095,-0.021018112716043088,0.03674488520334952,-0.05945070252238287,-0.0006674399483017623,0.004624648950994015,-0.0013293062802404172,-0.05945070252238287,0.002360176168869965,0.13522813338360487,7.978540198279738,False,False,0.052999999999999936,0.23345338600120158,4,-0.13925179596270265,0.03489389566916248,-0.14161197213157262,-0.14161197213157262,nan,0.01781445425840822,-0.0016091746904993627,0.017880692775139036,0.017880692775139036,nan,0.05202395684306893,0.0032488502214427367,0.05181667856369598,0.05181667856369598,nan,0.008515618514846501,-0.003460562177696402,0.008795480390469412,0.008795480390469412,nan,-0.0053018118956336124,0.09583408698828182,-0.005426401742001697,-0.005426401742001697,nan,0.000523675890281794,-0.026738549861955778,0.0004349953791453079,0.0004349953791453079,nan
4.617,8.257912895998743,ARM_NEUTRALIZE,INITIAL_HOLD,NEUTRALIZE_PROFILE,0.10133733600378036,-0.002319518243893981,0.14160239696502686,0.001221097307279706,-0.0007531113806180656,0.013325505889952183,0.0,0.0,1.0,0.16272884091359646,0.16272884091359646,0.864361660839613,0.16272884091359646,nan,0.18681882321834564,-6.055898847989738e-05,0.2004297822713852,0.2739952079826095,-0.021018112716043088,0.03674488520334952,-0.05945070252238287,-0.0006674399483017623,0.004624648950994015,-0.0013293062802404172,-0.05945070252238287,0.002360176168869965,0.13522813338360487,7.978540198279738,False,False,0.052999999999999936,0.30933955000000424,4,-0.13925179596270265,0.03489389566916248,-0.14161197213157262,-0.14161197213157262,nan,0.01781445425840822,-0.0016091746904993627,0.017880692775139036,0.017880692775139036,nan,0.05202395684306893,0.0032488502214427367,0.05181667856369598,0.05181667856369598,nan,0.008515618514846501,-0.003460562177696402,0.008795480390469412,0.008795480390469412,nan,-0.0053018118956336124,0.09583408698828182,-0.005426401742001697,-0.005426401742001697,nan,0.000523675890281794,-0.026738549861955778,0.0004349953791453079,0.0004349953791453079,nan
4.633,8.336594264001178,ARM_NEUTRALIZE,INITIAL_HOLD,NEUTRALIZE_PROFILE,0.10133733600378036,-0.002319518243893981,0.14160239696502686,0.001221097307279706,-0.0007531113806180656,0.013325505889952183,0.0,0.0,1.0,0.16272884091359646,0.16272884091359646,0.864361660839613,0.16272884091359646,nan,0.18681882321834564,-6.055898847989738e-05,0.2004297822713852,0.2739952079826095,-0.021018112716043088,0.03674488520334952,-0.05945070252238287,-0.0007347195642068982,0.005240941885858774,-0.000825802679173649,-0.05945070252238287,0.0023493265841958155,0.13460649797230628,7.978540198279738,False,False,0.06899999999999995,0.3856848830000672,4,-0.13925179596270265,0.03489389566916248,-0.14160112254689847,-0.14160112254689847,nan,0.01781445425840822,-0.0016091746904993627,0.01787932284795438,0.01787932284795438,nan,0.05202395684306893,0.0032488502214427367,0.05181270863493114,0.05181270863493114,nan,0.008515618514846501,-0.003460562177696402,0.008794806525768499,0.008794806525768499,nan,-0.0053018118956336124,0.09583408698828182,-0.005425985998867204,-0.005425985998867204,nan,0.000523675890281794,-0.026738549861955778,0.0004349620520252357,0.0004349620520252357,nan
4.635,8.431357403998845,ARM_NEUTRALIZE,INITIAL_HOLD,NEUTRALIZE_PROFILE,0.10133733600378036,-0.002319518243893981,0.14160239696502686,0.001221097307279706,-0.0007531113806180656,0.013325505889952183,0.0,0.0,1.0,0.16272884091359646,0.16272884091359646,0.864361660839613,0.16272884091359646,nan,0.18681882321834564,-6.055898847989738e-05,0.2004297822713852,0.2739952079826095,-0.021018112716043088,0.03674488520334952,-0.05945070252238287,-0.0007347195642068982,0.005240941885858774,-0.000825802679173649,-0.05945070252238287,0.0031120671233145214,0.17830831172734118,7.934739437202712,False,False,0.07099999999999973,0.47649980099959066,4,-0.13848732846702916,0.040706785680598316,-0.14159939559034368,-0.14159939559034368,nan,0.01778446906331954,-0.0022017190305540714,0.017879104793088484,0.017879104793088484,nan,0.05208250328297126,0.00166110681682731,0.05181207673106492,0.05181207673106492,nan,0.008432602252034904,-0.006078645590994136,0.008794699264974906,0.008794699264974906,nan,-0.005224024808702765,0.07617924514108201,-0.005425919823953344,-0.005425919823953344,nan,0.0005465887392626101,-0.03221457902885168,0.0004349567472610267,0.0004349567472610267,nan
4.642,8.509029447999637,ARM_NEUTRALIZE,INITIAL_HOLD,NEUTRALIZE_PROFILE,0.10378973186016083,-0.00225794012658298,0.14241962134838104,0.001221097307279706,-0.0007531113806180656,0.013325505889952183,0.0,0.0,1.0,0.16488747663055348,0.16488747663055348,0.8638411385095488,0.16488747663055348,nan,0.1895384043455124,-0.0007035857997834682,0.20056357979774475,0.2759547993713951,-0.021005779877944202,0.036881817126135696,-0.05958871416675826,-3.818976620095782e-05,0.004817433655261993,0.000392549496609717,-0.05958871416675826,0.0031053032199150066,0.1779207686095148,7.934739437202712,False,False,0.07800000000000029,0.5572860250031226,4,-0.13848732846702916,0.040706785680598316,-0.14159263168694416,-0.14159263168694416,nan,0.01778446906331954,-0.0022017190305540714,0.017878250746097772,0.017878250746097772,nan,0.05208250328297126,0.00166110681682731,0.05180960177783171,0.05180960177783171,nan,0.008432602252034904,-0.006078645590994136,0.008794279160807031,0.008794279160807031,nan,-0.005224024808702765,0.07617924514108201,-0.005425660639248567,-0.005425660639248567,nan,0.0005465887392626101,-0.03221457902885168,0.0004349359702978965,0.0004349359702978965,nan
4.656,8.590022157997737,ARM_NEUTRALIZE,INITIAL_HOLD,NEUTRALIZE_PROFILE,0.10553225874900818,-0.0022194115445017815,0.14294418692588806,0.001221097307279706,-0.0007531113806180656,0.013325505889952183,0.0,0.0,1.0,0.1663850080716067,0.1663850080716067,0.8635314992218863,0.1663850080716067,nan,0.19105899333953857,-0.0001390244869980961,0.2011631578207016,0.27743499117472964,-0.02097586025779503,0.0368729496804372,-0.059694672614577206,-3.818976620095782e-05,0.004817433655261993,0.000392549496609717,-0.059694672614577206,0.00382920224117253,0.21939712732122196,7.892278574406412,False,False,0.09199999999999964,0.6357448130002012,4,-0.13774624660799617,0.03950050224864249,-0.1415754488491687,-0.1415754488491687,nan,0.017755496077602295,-0.001157457512243774,0.017876081148155993,0.017876081148155993,nan,0.052141285919600655,0.0026905195841770407,0.05180331447338688,0.05180331447338688,nan,0.008361262234914513,-0.00469806394863055,0.008793211939509058,0.008793211939509058,nan,-0.005234024963671757,0.05734008906347542,-0.005425002213414692,-0.005425002213414692,nan,0.0005700094937326483,-0.03360955018004283,0.00043488318906110965,0.00043488318906110965,nan
4.696,8.676644872000907,ARM_NEUTRALIZE,INITIAL_HOLD,NEUTRALIZE_PROFILE,0.10821796953678131,-0.002043346408754587,0.14436855912208557,0.001221097307279706,-0.0007531113806180656,0.013325505889952183,0.0,0.0,1.0,0.16918119627702088,0.16918119627702088,0.8624502691831141,0.16918119627702088,nan,0.19369935989379883,0.0001527406129753217,0.202071413397789,0.27991484681156587,-0.020905088614595124,0.03707890968055504,-0.05996679994670273,0.002107584848999977,0.005174212157726288,0.00041228914051316613,-0.05996679994670273,0.005203235785791932,0.2981234503373142,7.8088807937146685,False,False,0.13199999999999967,0.7244242830020085,4,-0.1362906807460691,0.03924098958112169,-0.14149391653186102,-0.14149391653186102,nan,0.017711251240356773,-0.0004070548574832013,0.017865786437228096,0.017865786437228096,nan,0.05227130993697049,0.00404368083619437,0.051773481304517796,0.051773481304517796,nan,0.008252919794050406,-0.0018212627005192526,0.008788147989849471,0.008788147989849471,nan,-0.005299488697403376,0.05830741469886906,-0.0054218779923336045,-0.0054218779923336045,nan,0.0006044026186273754,-0.03310596933279935,0.00043463274285415407,0.00043463274285415407,nan
4.697,8.752992508998432,ARM_NEUTRALIZE,INITIAL_HOLD,NEUTRALIZE_PROFILE,0.10821796953678131,-0.002043346408754587,0.14436855912208557,0.001221097307279706,-0.0007531113806180656,0.013325505889952183,0.0,0.0,1.0,0.16918119627702088,0.16918119627702088,0.8624502691831141,0.16918119627702088,nan,0.19369935989379883,0.0001527406129753217,0.202071413397789,0.27991484681156587,-0.020905088614595124,0.03707890968055504,-0.05996679994670273,0.002107584848999977,0.005174212157726288,0.00041228914051316613,-0.05996679994670273,0.00520048956409086,0.2979661034242355,7.8088807937146685,False,False,0.133,0.8028363740013447,4,-0.1362906807460691,0.03924098958112169,-0.14149117031015995,-0.14149117031015995,nan,0.017711251240356773,-0.0004070548574832013,0.017865439684437424,0.017865439684437424,nan,0.05227130993697049,0.00404368083619437,0.0517724764453593,0.0517724764453593,nan,0.008252919794050406,-0.0018212627005192526,0.008787977422779779,0.008787977422779779,nan,-0.005299488697403376,0.05830741469886906,-0.0054217727603959485,-0.0054217727603959485,nan,0.0006044026186273754,-0.03310596933279935,0.0004346243071708422,0.0004346243071708422,nan
4.719,8.832072452998545,ARM_NEUTRALIZE,INITIAL_HOLD,NEUTRALIZE_PROFILE,0.10933633148670197,-0.0019282485591247678,0.1451195329427719,0.001221097307279706,-0.0007531113806180656,0.013325505889952183,0.0,0.0,1.0,0.1704697931478155,0.1704697931478155,0.8618461373594826,0.1704697931478155,nan,0.19486938416957855,0.00030841550324112177,0.2024417221546173,0.2809925672961488,-0.020940594424898838,0.037124023446973665,-0.060122412330811566,-0.0015985816717147827,0.004544892348349094,-0.0015086929779499776,-0.060122412330811566,0.0058190262000062665,0.33340564213640833,7.769407765653703,False,False,0.15500000000000025,0.8799553570024727,4,-0.13560174644067313,0.031004289859158575,-0.1414207726406794,-0.1414207726406794,nan,0.017687407799297006,0.0013833569233462567,0.017856550894308168,0.017856550894308168,nan,0.052304881725104835,0.0041951307274685455,0.051746717511589796,0.051746717511589796,nan,0.008131191678259597,-0.0012581728326499842,0.008783605043014632,0.008783605043014632,nan,-0.00526784059437535,0.012813332855728898,-0.005419075205729122,-0.005419075205729122,nan,0.00046763703715058114,-0.02281680959289473,0.00043440806372429104,0.00043440806372429104,nan
4.756,8.908699069997965,ARM_NEUTRALIZE,INITIAL_HOLD,NEUTRALIZE_PROFILE,0.11122855544090271,-0.0017859559739008546,0.1458711177110672,0.001221097307279706,-0.0007531113806180656,0.013325505889952183,0.0,0.0,1.0,0.17225285723612366,0.17225285723612366,0.8613426314448579,0.17225285723612366,nan,0.19708389043807983,0.0007060171337798238,0.20213428139686584,0.2823133472690046,-0.02096300966295142,0.03719810581334638,-0.060472106115352864,-0.0009764537680894136,0.004589664749801159,-0.0021171569824218754,-0.060472106115352864,0.006336930539803276,0.36307937499828624,7.730208187921812,False,False,0.19200000000000017,0.9572532260026492,4,-0.13491758474386017,0.02988823964566937,-0.14125451528366345,-0.14125451528366345,nan,0.01769593824088389,-0.00035301222487356117,0.017835558342070804,0.017835558342070804,nan,0.05237434124542606,0.0028233589087577216,0.05168588293738204,0.05168588293738204,nan,0.008102438757201291,-0.001235730595233079,0.00877327884459091,0.00877327884459091,nan,-0.00532755342782032,0.040406042902363645,-0.005412704422255436,-0.005412704422255436,nan,0.0005195116607312755,-0.025864923468166573,0.00043389736409231607,0.00043389736409231607,nan
4.781,8.984692330999678,ARM_NEUTRALIZE,INITIAL_HOLD,NEUTRALIZE_PROFILE,0.1129421666264534,-0.0016756586264818907,0.1458766907453537,0.001221097307279706,-0.0007531113806180656,0.013325505889952183,0.0,0.0,1.0,0.17335589124633546,0.17335589124633546,0.8615598460038735,0.17335589124633546,nan,0.19867059588432312,0.0009322725818492472,0.20205815136432648,0.28336967257271545,-0.020978491516325876,0.037164867339318786,-0.060606232796544576,-0.0019373620161786675,0.003918520640581846,-0.0017796305473893885,-0.06060623279654458,0.0075636842779222835,0.43336718669440244,7.65127814757061,False,False,0.21699999999999964,1.0364189640022232,4,-0.13353999566099972,0.037350961733162706,-0.141103679938922,-0.141103679938922,nan,0.017664346891475446,-0.0010156297025319077,0.01781651305643317,0.01781651305643317,nan,0.05245011023958668,0.0018787054755972528,0.05163069137090028,0.05163069137090028,nan,0.008012780712754797,-0.0019085486698487224,0.008763910503080698,0.008763910503080698,nan,-0.005160963277743846,0.5471274887416298,-0.005406924591884173,-0.005406924591884173,nan,0.0005533563636150873,-0.036633345018212235,0.00043343403689626963,0.00043343403689626963,nan
4.781,9.062224683999375,ARM_NEUTRALIZE,INITIAL_HOLD,NEUTRALIZE_PROFILE,0.1129421666264534,-0.0016756586264818907,0.1458766907453537,0.001221097307279706,-0.0007531113806180656,0.013325505889952183,0.0,0.0,1.0,0.17335589124633546,0.17335589124633546,0.8615598460038735,0.17335589124633546,nan,0.19867059588432312,0.0009322725818492472,0.20205815136432648,0.28336967257271545,-0.020978491516325876,0.037164867339318786,-0.060606232796544576,-0.0019373620161786675,0.003918520640581846,-0.0017796305473893885,-0.06060623279654458,0.0075636842779222835,0.43336718669440244,7.65127814757061,False,False,0.21699999999999964,1.1108641350001562,4,-0.13353999566099972,0.037350961733162706,-0.141103679938922,-0.141103679938922,nan,0.017664346891475446,-0.0010156297025319077,0.01781651305643317,0.01781651305643317,nan,0.05245011023958668,0.0018787054755972528,0.05163069137090028,0.05163069137090028,nan,0.008012780712754797,-0.0019085486698487224,0.008763910503080698,0.008763910503080698,nan,-0.005160963277743846,0.5471274887416298,-0.005406924591884173,-0.005406924591884173,nan,0.0005533563636150873,-0.036633345018212235,0.00043343403689626963,0.00043343403689626963,nan
4.813,9.139150479000818,ARM_NEUTRALIZE,INITIAL_HOLD,NEUTRALIZE_PROFILE,0.11421544849872589,-0.0016049538971856236,0.14570841193199158,0.001221097307279706,-0.0007531113806180656,0.013325505889952183,0.0,0.0,1.0,0.1740508053672385,0.1740508053672385,0.86189434503107,0.1740508053672385,nan,0.2003384679555893,0.0011638521682471037,0.20201580226421356,0.2845122856031283,-0.02109287694982685,0.03731861731514694,-0.06075476342906466,-0.0028389375656843185,0.005225230939686298,-0.0028915014117956166,-0.06075476342906467,0.008003167674320882,0.4585477304741171,7.612125009184542,False,False,0.24899999999999967,1.1882997940010682,4,-0.13285664448367385,0.036515305671034455,-0.14085981215799473,-0.14085981215799473,nan,0.017649982007232445,0.0002632074484101546,0.017785720992719346,0.017785720992719346,nan,0.052480947675070055,0.0018871863217375462,0.05154145867237808,0.05154145867237808,nan,0.007980169019222494,-0.0018811734486356654,0.008748763942710645,0.008748763942710645,nan,-0.005253837904220404,0.030817147805259716,-0.00539757986960312,-0.00539757986960312,nan,0.0005720941077012043,-0.03185867179446669,0.0004326849381002496,0.0004326849381002496,nan
4.82,9.216395152998302,ARM_NEUTRALIZE,INITIAL_HOLD,NEUTRALIZE_PROFILE,0.11632749438285828,-0.0015039826976135373,0.14603951573371887,0.001221097307279706,-0.0007531113806180656,0.013325505889952183,0.0,0.0,1.0,0.17567884011532764,0.17567884011532764,0.8618485113995672,0.17567884011532764,nan,0.20244371891021729,0.0011666289065033197,0.2017134577035904,0.2857851279684489,-0.021132221185145753,0.037378760858622635,-0.06098578666029928,-0.0028389375656843185,0.005225230939686298,-0.0028915014117956166,-0.06098578666029929,0.008631465973075958,0.49454657126803264,7.572604227571134,False,False,0.2560000000000002,1.265065201001562,4,-0.13216687672155825,0.03708438632476153,-0.1407983426946342,-0.1407983426946342,nan,0.017641922206744987,-0.0012185987796124456,0.0177779595261367,0.0177779595261367,nan,0.05251519949421635,0.0011170503039714364,0.05151896662331972,0.05151896662331972,nan,0.007961658499129776,-0.0016246090014715277,0.008744946091356258,0.008744946091356258,nan,-0.005244062841378572,0.5654246720622462,-0.005395224433137977,-0.005395224433137977,nan,0.0005755210816724698,-0.03835924293422297,0.00043249611979542774,0.00043249611979542774,nan
4.836,9.289999281998462,ARM_NEUTRALIZE,INITIAL_HOLD,NEUTRALIZE_PROFILE,0.11785473674535751,-0.0014384009409695864,0.14628447592258453,0.001221097307279706,-0.0007531113806180656,0.013325505889952183,0.0,0.0,1.0,0.17686707772361562,0.17686707772361562,0.8618132071518517,0.17686707772361562,nan,0.20360900461673737,0.0014879582449793816,0.2017088532447815,0.2866100177210877,-0.02115327475333677,0.03745438585557063,-0.061106893000258296,-0.0025976949837058783,0.005797990132123232,-0.002777664456516505,-0.0611068930002583,0.009141347367583846,0.5237606232255796,7.534680128399778,False,False,0.27200000000000024,1.3411098590004258,4,-0.13150497632516522,0.035458826947082175,-0.14064632369274907,-0.14064632369274907,nan,0.01762409679227339,0.00393457877696851,0.017758764785552435,0.017758764785552435,nan,0.05251061515199229,0.005285288575454104,0.05146334194951787,0.05146334194951787,nan,0.007866327705334797,0.002966535889318999,0.008735504233228492,0.008735504233228492,nan,-0.005325469009958006,0.04645855207781503,-0.005389399246437799,-0.005389399246437799,nan,0.0004516275203378939,-0.02069865247142324,0.00043202915671054906,0.00043202915671054906,nan
4.873,9.36872035199849,ARM_NEUTRALIZE,INITIAL_HOLD,NEUTRALIZE_PROFILE,0.12208325415849686,-0.0012699899962171912,0.14747576415538788,0.001221097307279706,-0.0007531113806180656,0.013325505889952183,0.0,0.0,1.0,0.18056638644807227,0.18056638644807227,0.8612221005774052,0.18056638644807227,nan,0.20766761898994446,0.0018896321998909116,0.20238237082958221,0.28997936945480474,-0.021174196412532858,0.03760784532213714,-0.06147307003330365,-0.0006726797437295318,0.005050915293395519,-0.0025555035099387173,-0.061473070033303656,0.010048331237291014,0.5757269710462436,7.458879802277478,False,False,0.30900000000000016,1.4159085040009813,4,-0.13018201106024563,0.0296210608493147,-0.14023034229753664,-0.14023034229753664,nan,0.017649143594024252,-3.325110031704643e-05,0.017706240726915245,0.017706240726915245,nan,0.052557187449825626,0.0004678948301608758,0.051311131836772786,0.051311131836772786,nan,0.007858540334561681,0.0003391892789723218,0.008709667743916757,0.008709667743916757,nan,-0.005289107844212992,0.030244586537121667,-0.0053734593358946165,-0.0053734593358946165,nan,0.0005103813158715553,-0.024683263285687075,0.0004307513693737573,0.0004307513693737573,nan
4.924,9.464690214997972,ARM_NEUTRALIZE,INITIAL_HOLD,NEUTRALIZE_PROFILE,0.12375406175851822,-0.0010275946697220206,0.14813700318336487,0.001221097307279706,-0.0007531113806180656,0.013325505889952183,0.0,0.0,1.0,0.18217722832663882,0.18217722832663882,0.860805837049189,0.18217722832663882,nan,0.2093161940574646,0.0032873237505555153,0.2011733204126358,0.2903356341167721,-0.021381746778622056,0.03775607370679547,-0.06190621521320834,-0.004273275379091501,0.005343507975339889,-0.004418596625328065,-0.06190621521320835,0.010686075506145337,0.6122670260602529,7.380404102629394,False,False,0.3600000000000003,1.5139788200031035,4,-0.1288123517185804,0.03732997865345961,-0.13949842722472575,-0.13949842722472575,nan,0.017644147299344937,0.0002922243804997546,0.017613825175055928,0.017613825175055928,nan,0.05254880260185324,0.00013744521454675724,0.05104331967729993,0.05104331967729993,nan,0.007844509395747323,0.0005340752727865214,0.00866420870134078,0.00866420870134078,nan,-0.005248953642576382,0.03859359617133119,-0.005345413223928826,-0.005345413223928826,nan,0.0005339011071345823,-0.027547410840846033,0.00042850311543161365,0.00042850311543161365,nan
4.955,9.54709123000066,ARM_NEUTRALIZE,INITIAL_HOLD,NEUTRALIZE_PROFILE,0.12466824054718018,-0.0008542246650904417,0.14859016239643097,0.001221097307279706,-0.0007531113806180656,0.013325505889952183,0.0,0.0,1.0,0.183127645913457,0.183127645913457,0.8604891698731855,0.183127645913457,nan,0.21047437191009521,0.0036591822281479836,0.20158478617668152,0.29146059229924426,-0.021403262938076754,0.03778290003202444,-0.06207850494869752,-0.002896195510402322,0.004975601099431515,-0.002758941147476435,-0.06207850494869752,0.011535031434193849,0.6609086177300445,7.300764747758402,False,False,0.391,1.5946986529997957,4,-0.12742238276191742,0.022886571143603367,-0.13895741419611127,-0.13895741419611127,nan,0.01766810959642129,0.04299997043141081,0.017545513946800345,0.017545513946800345,nan,0.05252369396950218,0.03894495502425417,0.050845359732384805,0.050845359732384805,nan,0.007834719472274543,0.037004381055159186,0.008630606531887578,0.008630606531887578,nan,-0.005123752412320215,-0.15132070162916839,-0.005324682250433226,-0.005324682250433226,nan,0.00038594563362437384,0.007622335080130396,0.00042684126323110864,0.00042684126323110864,nan
4.985,9.62628597100047,ARM_NEUTRALIZE,INITIAL_HOLD,NEUTRALIZE_PROFILE,0.12682253122329712,-0.000559787848033011,0.14941078424453735,0.001221097307279706,-0.0007531113806180656,0.013325505889952183,0.0,0.0,1.0,0.18518898606718723,0.18518898606718723,0.8599920242349994,0.18518898606718723,nan,0.21264667809009552,0.0050853160209953785,0.20227569341659546,0.2935301113837397,-0.021494572296882956,0.03788960884426613,-0.06237544456516236,-0.0020073705818504095,0.004521268419921398,-0.0014775445451959974,-0.06237544456516236,0.011627299583092443,0.6661951932454186,7.261304752380588,False,False,0.42100000000000026,1.6775519370021357,4,-0.12673367591975282,0.03700392187768847,-0.13836097550284526,-0.13836097550284526,nan,0.01768411958925853,0.0022739107842676453,0.017470204374643653,0.017470204374643653,nan,0.0525031827463982,0.00040780074027915226,0.0506271192009755,0.0506271192009755,nan,0.007829208097930085,0.002543163952212881,0.008593561889744864,0.008593561889744864,nan,-0.005220523480645056,0.031592087189589405,-0.005301827431625049,-0.005301827431625049,nan,0.0004141575511287243,-0.01867271297852471,0.00042500915771341195,0.00042500915771341195,nan
4.985,9.702244639000128,ARM_NEUTRALIZE,INITIAL_HOLD,NEUTRALIZE_PROFILE,0.12682253122329712,-0.000559787848033011,0.14941078424453735,0.001221097307279706,-0.0007531113806180656,0.013325505889952183,0.0,0.0,1.0,0.18518898606718723,0.18518898606718723,0.8599920242349994,0.18518898606718723,nan,0.21264667809009552,0.0050853160209953785,0.20227569341659546,0.2935301113837397,-0.021494572296882956,0.03788960884426613,-0.06237544456516236,-0.0020073705818504095,0.004521268419921398,-0.0014775445451959974,-0.06237544456516236,0.011627299583092443,0.6661951932454186,7.261304752380588,False,False,0.42100000000000026,1.7513363580001169,4,-0.12673367591975282,0.03700392187768847,-0.13836097550284526,-0.13836097550284526,nan,0.01768411958925853,0.0022739107842676453,0.017470204374643653,0.017470204374643653,nan,0.0525031827463982,0.00040780074027915226,0.0506271192009755,0.0506271192009755,nan,0.007829208097930085,0.002543163952212881,0.008593561889744864,0.008593561889744864,nan,-0.005220523480645056,0.031592087189589405,-0.005301827431625049,-0.005301827431625049,nan,0.0004141575511287243,-0.01867271297852471,0.00042500915771341195,0.00042500915771341195,nan
5.011,9.788745267000195,ARM_NEUTRALIZE,INITIAL_HOLD,NEUTRALIZE_PROFILE,0.1278933584690094,-0.00043248507427051663,0.14994145929813385,0.001221097307279706,-0.0007531113806180656,0.013325505889952183,0.0,0.0,1.0,0.18630588631248404,0.18630588631248404,0.8596257446144853,0.18630588631248404,nan,0.21277695894241333,0.005265647545456886,0.20184560120105743,0.293331566704081,-0.021485469447932573,0.037903146838065525,-0.06250254859691673,-0.00030796421924605966,0.005111370235681534,-0.0003676036722026772,-0.06250254859691673,0.011758060408181892,0.6736872366486925,7.220762705531828,False,False,0.44700000000000006,1.828901113000029,4,-0.12602608371674417,0.03799268893175552,-0.13778414412492607,-0.13778414412492607,nan,0.01770746596461148,0.0013711603940474116,0.017397370528067103,0.017397370528067103,nan,0.052474313660796135,-0.001113939081824089,0.050416053105043136,0.050416053105043136,nan,0.007855805179655562,0.0019367599287554327,0.008557735052530973,0.008557735052530973,nan,-0.004990595337591941,0.5435781202334045,-0.005279723941737388,-0.005279723941737388,nan,0.00042698528617002296,-0.027145031058703476,0.0004232372808010013,0.0004232372808010013,nan
5.029,9.834513654001057,ARM_NEUTRALIZE,INITIAL_HOLD,NEUTRALIZE_PROFILE,0.12968839704990387,-0.00023449247237294912,0.15072469413280487,0.001221097307279706,-0.0007531113806180656,0.013325505889952183,0.0,0.0,1.0,0.18810277243711243,0.18810277243711243,0.8591202945291835,0.18810277243711243,nan,0.21361279487609863,0.00577431870624423,0.20182839035987854,0.2939361632167076,-0.021467070142890617,0.03799287321004143,-0.06262653452757519,0.0002574833924882114,0.004789483733475208,-0.00029614532832056344,-0.0626265345275752,0.012044805798104075,0.6901165372860666,7.179540574939785,False,False,0.46499999999999986,1.8794584640018002,4,-0.12530662181322594,0.03857362300434404,-0.13735142761133,-0.13735142761133,nan,0.01772139065008016,0.0006007163431777472,0.01734273340295771,0.01734273340295771,nan,0.05243059200895939,-0.0029036802703608323,0.05025771951109122,0.05025771951109122,nan,0.007877870839326562,-0.00045355309975502324,0.008530859149648762,0.008530859149648762,nan,-0.00509746709859904,0.05108780269499433,-0.005263142761433021,-0.005263142761433021,nan,0.0004496803151772255,-0.024107453723298713,0.00042190808750568247,0.00042190808750568247,nan
5.052,9.909723773998849,ARM_NEUTRALIZE,INITIAL_HOLD,NEUTRALIZE_PROFILE,0.13102155923843384,-0.00010967087291646749,0.15127171576023102,0.001221097307279706,-0.0007531113806180656,0.013325505889952183,0.0,0.0,1.0,0.18941417779776398,0.18941417779776398,0.8587819056556518,0.18941417779776398,nan,0.21541857719421387,0.005412450060248375,0.20146070420742035,0.29499300560485137,-0.021463919717913525,0.03801473756426245,-0.06278775186050725,0.000284955051029101,0.0035945249255746603,-0.0017416566843166952,-0.06278775186050725,0.012195323031391897,0.6987405394974449,7.13691857846696,False,False,0.48799999999999955,1.960612367001886,4,-0.12456272764100174,0.03989737750928538,-0.13675805067239363,-0.13675805067239363,nan,0.017736854942716818,0.0013292431975656018,0.017267810424446292,0.017267810424446292,nan,0.052382797080519516,-0.001669439136517224,0.050040599294140856,0.050040599294140856,nan,0.007910532297150219,0.002465213039433978,0.008494004672219958,0.008494004672219958,nan,-0.005144216308524463,0.07011686678346843,-0.005240405265396201,-0.005240405265396201,nan,0.0004620982975467314,-0.022012650135499884,0.000420085386905984,0.000420085386905984,nan
5.052,9.99515267699826,ARM_NEUTRALIZE,INITIAL_HOLD,NEUTRALIZE_PROFILE,0.13102155923843384,-0.00010967087291646749,0.15127171576023102,0.001221097307279706,-0.0007531113806180656,0.013325505889952183,0.0,0.0,1.0,0.18941417779776398,0.18941417779776398,0.8587819056556518,0.18941417779776398,nan,0.21541857719421387,0.005412450060248375,0.20146070420742035,0.29499300560485137,-0.021463919717913525,0.03801473756426245,-0.06278775186050725,0.000284955051029101,0.0035945249255746603,-0.0017416566843166952,-0.06278775186050725,0.012195323031391897,0.6987405394974449,7.13691857846696,False,False,0.48799999999999955,2.03997329500271,4,-0.12456272764100174,0.03989737750928538,-0.13675805067239363,-0.13675805067239363,nan,0.017736854942716818,0.0013292431975656018,0.017267810424446292,0.017267810424446292,nan,0.052382797080519516,-0.001669439136517224,0.050040599294140856,0.050040599294140856,nan,0.007910532297150219,0.002465213039433978,0.008494004672219958,0.008494004672219958,nan,-0.005144216308524463,0.07011686678346843,-0.005240405265396201,-0.005240405265396201,nan,0.0004620982975467314,-0.022012650135499884,0.000420085386905984,0.000420085386905984,nan
5.088,10.068974695001089,ARM_NEUTRALIZE,INITIAL_HOLD,NEUTRALIZE_PROFILE,0.13482153415679932,0.0001897840847959742,0.15281887352466583,0.001221097307279706,-0.0007531113806180656,0.013325505889952183,0.0,0.0,1.0,0.19315373512390216,0.19315373512390216,0.8578419103461943,0.19315373512390216,nan,0.21754898130893707,0.005151905585080385,0.20219498872756958,0.29704699100690424,-0.021579836637159025,0.03804917413694522,-0.06309254818160163,-0.0023745079524815083,0.003762336913496256,-0.0010529510909691457,-0.06309254818160163,0.012707413109655424,0.728081139712469,7.049051545769146,False,False,0.524,2.1199820790025115,4,-0.12302915861646735,0.04149356699218773,-0.13573657172612277,-0.13573657172612277,nan,0.017777200497000045,0.0016628582956209916,0.017138832973319685,0.017138832973319685,nan,0.052273025322736366,-0.0021629498294271003,0.04966683395903683,0.04966683395903683,nan,0.008003798148383368,0.0032610872119677326,0.00843056089761554,0.00843056089761554,nan,-0.00509142845433086,0.06759041838166778,-0.005201263411427016,-0.005201263411427016,nan,0.0004666846080274567,-0.022893808927593885,0.0004169476675815952,0.0004169476675815952,nan
5.099,10.143334774998948,ARM_NEUTRALIZE,INITIAL_HOLD,NEUTRALIZE_PROFILE,0.13648806512355804,0.0003548419917933643,0.1537153720855713,0.001221097307279706,-0.0007531113806180656,0.013325505889952183,0.0,0.0,1.0,0.19495562231777097,0.19495562231777097,0.8572203854775473,0.19495562231777097,nan,0.21956767141819,0.004922306165099144,0.20229609310626984,0.2985932027291476,-0.021590361872328337,0.03810162791217977,-0.0632064711369746,-0.0023745079524815083,0.003762336913496256,-0.0010529510909691457,-0.0632064711369746,0.01315341988569771,0.7536354456139285,7.004304293319346,False,False,0.5350000000000001,2.192955256003188,4,-0.12224817172999725,0.04000607401439514,-0.13540159161569496,-0.13540159161569496,nan,0.0177730453907321,0.009536602337541904,0.01709653657457469,0.01709653657457469,nan,0.05216158094285994,0.005618397212951995,0.04954426270714335,0.04954426270714335,nan,0.007962524034832441,0.008688432252850417,0.008409755375680375,0.008409755375680375,nan,-0.005101571614439138,0.048176402940080514,-0.0051884273734324835,-0.0051884273734324835,nan,0.0003788159013318193,-0.023596989861716842,0.00041591869525709206,0.00041591869525709206,nan
5.106,10.218736881997756,ARM_NEUTRALIZE,INITIAL_HOLD,NEUTRALIZE_PROFILE,0.13648806512355804,0.0003548419917933643,0.1537153720855713,0.001221097307279706,-0.0007531113806180656,0.013325505889952183,0.0,0.0,1.0,0.19495562231777097,0.19495562231777097,0.8572203854775473,0.19495562231777097,nan,0.21956767141819,0.004922306165099144,0.20229609310626984,0.2985932027291476,-0.021590361872328337,0.03810162791217977,-0.0632064711369746,-0.002051710383966565,0.0032554026693105698,0.001121398992836475,-0.0632064711369746,0.012934632803338592,0.7410998691827698,7.004304293319346,False,False,0.5419999999999998,2.269369492001715,4,-0.12224817172999725,0.04000607401439514,-0.13518280453333584,-0.13518280453333584,nan,0.0177730453907321,0.009536602337541904,0.017068911335380948,0.017068911335380948,nan,0.05216158094285994,0.005618397212951995,0.04946420718817948,0.04946420718817948,nan,0.007962524034832441,0.008688432252850417,0.008396166570555978,0.008396166570555978,nan,-0.005101571614439138,0.048176402940080514,-0.005180043713583881,-0.005180043713583881,nan,0.0003788159013318193,-0.023596989861716842,0.0004152466378850327,0.0004152466378850327,nan
5.116,10.29633883399947,ARM_NEUTRALIZE,INITIAL_HOLD,NEUTRALIZE_PROFILE,0.13648806512355804,0.0003548419917933643,0.1537153720855713,0.001221097307279706,-0.0007531113806180656,0.013325505889952183,0.0,0.0,1.0,0.19495562231777097,0.19495562231777097,0.8572203854775473,0.19495562231777097,nan,0.21956767141819,0.004922306165099144,0.20229609310626984,0.2985932027291476,-0.021590361872328337,0.03810162791217977,-0.0632064711369746,-0.002051710383966565,0.0032554026693105698,0.001121398992836475,-0.0632064711369746,0.013406479416852662,0.7681346887146666,6.95892566155667,False,False,0.5519999999999996,2.3462674940019497,4,-0.12145616519568847,0.041939123386887725,-0.13486264461254113,-0.13486264461254113,nan,0.01784596877287914,0.002409593341608415,0.017028486213857153,0.017028486213857153,nan,0.052131337559367275,-0.002881933385707945,0.04934705873346137,0.04934705873346137,nan,0.008063344073725887,0.004099356212726311,0.008376281526496653,0.008376281526496653,nan,-0.004861399426432378,0.5506120927164199,-0.005167775567566499,-0.005167775567566499,nan,0.00035816147486755767,-0.0228350964107238,0.0004142631893528434,0.0004142631893528434,nan
5.129,10.371357968000666,ARM_NEUTRALIZE,INITIAL_HOLD,NEUTRALIZE_PROFILE,0.13656064867973328,0.00047569055459462106,0.1542179137468338,0.001221097307279706,-0.0007531113806180656,0.013325505889952183,0.0,0.0,1.0,0.19536881714235477,0.19536881714235477,0.8567358837331909,0.19536881714235477,nan,0.2198139727115631,0.0054057324305176735,0.20313234627246857,0.29934955260448987,-0.02164727160454789,0.03808844120708558,-0.06324116872387764,-0.001411185134202242,0.0034101393539458513,0.0015310838352888818,-0.06324116872387764,0.012976847077450115,0.7435185689245686,6.95892566155667,False,False,0.5649999999999995,2.4229574100027094,4,-0.12145616519568847,0.041939123386887725,-0.13443301227313859,-0.13443301227313859,nan,0.01784596877287914,0.002409593341608415,0.01697423851324619,0.01697423851324619,nan,0.052131337559367275,-0.002881933385707945,0.04918985365753243,0.04918985365753243,nan,0.008063344073725887,0.004099356212726311,0.008349597180819892,0.008349597180819892,nan,-0.004861399426432378,0.5506120927164199,-0.005151312569135913,-0.005151312569135913,nan,0.00035816147486755767,-0.0228350964107238,0.00041294346984355033,0.00041294346984355033,nan
5.16,10.464536831997975,ARM_NEUTRALIZE,INITIAL_HOLD,NEUTRALIZE_PROFILE,0.13738062977790833,0.0007818856975063682,0.1554281860589981,0.001221097307279706,-0.0007531113806180656,0.013325505889952183,0.0,0.0,1.0,0.19681195647083075,0.19681195647083075,0.8556725995887755,0.19681195647083075,nan,0.21979190409183502,0.004899515304714441,0.20343740284442902,0.29953173993856147,-0.021559496190336924,0.038131238891203734,-0.06346703746703485,0.00022143505339045078,0.004473870620131493,0.0006802444113418454,-0.06346703746703485,0.013511734605818865,0.7741653668142819,6.866053020794946,False,False,0.5960000000000001,2.5128959020003094,4,-0.1198352318293745,0.044422161699117536,-0.13334696643519336,-0.13334696643519336,nan,0.01791464222952488,0.001466770429843096,0.01683710849750166,0.01683710849750166,nan,0.05196240470667046,-0.004718919928163335,0.04879246290558413,0.04879246290558413,nan,0.008198145611906682,0.0038411963202117745,0.00828214317444589,0.00828214317444589,nan,-0.004974029996032137,0.08362304127662078,-0.005109696588945735,-0.005109696588945735,nan,0.0003919336317403932,-0.018363103440475106,0.0004096074177150818,0.0004096074177150818,nan
5.16,10.540082532999804,ARM_NEUTRALIZE,INITIAL_HOLD,NEUTRALIZE_PROFILE,0.13738062977790833,0.0007818856975063682,0.1554281860589981,0.001221097307279706,-0.0007531113806180656,0.013325505889952183,0.0,0.0,1.0,0.19681195647083075,0.19681195647083075,0.8556725995887755,0.19681195647083075,nan,0.21979190409183502,0.004899515304714441,0.20343740284442902,0.29953173993856147,-0.021559496190336924,0.038131238891203734,-0.06346703746703485,0.00022143505339045078,0.004473870620131493,0.0006802444113418454,-0.06346703746703485,0.013511734605818865,0.7741653668142819,6.866053020794946,False,False,0.5960000000000001,2.5896452180022607,4,-0.1198352318293745,0.044422161699117536,-0.13334696643519336,-0.13334696643519336,nan,0.01791464222952488,0.001466770429843096,0.01683710849750166,0.01683710849750166,nan,0.05196240470667046,-0.004718919928163335,0.04879246290558413,0.04879246290558413,nan,0.008198145611906682,0.0038411963202117745,0.00828214317444589,0.00828214317444589,nan,-0.004974029996032137,0.08362304127662078,-0.005109696588945735,-0.005109696588945735,nan,0.0003919336317403932,-0.018363103440475106,0.0004096074177150818,0.0004096074177150818,nan
5.185,10.61738411099941,ARM_NEUTRALIZE,INITIAL_HOLD,NEUTRALIZE_PROFILE,0.1382790207862854,0.0009528549271635711,0.1552758812904358,0.001221097307279706,-0.0007531113806180656,0.013325505889952183,0.0,0.0,1.0,0.1973263636358773,0.1973263636358773,0.8559677752414375,0.1973263636358773,nan,0.2209014892578125,0.00528618972748518,0.202689066529274,0.2998470767719153,-0.021609511324476277,0.038094107625395675,-0.06356214858669978,-0.0018944431794807315,0.0019084921805188058,-0.0023337672464549546,-0.06356214858669977,0.013408983212068043,0.768278145613273,6.818123867827287,False,False,0.6209999999999996,2.6669094990029407,4,-0.11899871030239684,0.038545121728954745,-0.13240769351446488,-0.13240769351446488,nan,0.01794951696630953,0.0010355655954397856,0.016718510823344922,0.016718510823344922,nan,0.05186821351568316,-0.005091794624935112,0.04844877725327394,0.04844877725327394,nan,0.008277257166988683,0.004175914149989787,0.008223805193333034,0.008223805193333034,nan,-0.004853146741629288,0.5896645015951301,-0.0050737047717530435,-0.0050737047717530435,nan,0.0003853021210549201,-0.024726385668811027,0.0004067222140552274,0.0004067222140552274,nan
5.185,10.69531054500112,ARM_NEUTRALIZE,INITIAL_HOLD,NEUTRALIZE_PROFILE,0.1382790207862854,0.0009528549271635711,0.1552758812904358,0.001221097307279706,-0.0007531113806180656,0.013325505889952183,0.0,0.0,1.0,0.1973263636358773,0.1973263636358773,0.8559677752414375,0.1973263636358773,nan,0.2209014892578125,0.00528618972748518,0.202689066529274,0.2998470767719153,-0.021609511324476277,0.038094107625395675,-0.06356214858669978,-0.0018944431794807315,0.0019084921805188058,-0.0023337672464549546,-0.06356214858669977,0.013408983212068043,0.768278145613273,6.818123867827287,False,False,0.6209999999999996,2.7444152610005403,4,-0.11899871030239684,0.038545121728954745,-0.13240769351446488,-0.13240769351446488,nan,0.01794951696630953,0.0010355655954397856,0.016718510823344922,0.016718510823344922,nan,0.05186821351568316,-0.005091794624935112,0.04844877725327394,0.04844877725327394,nan,0.008277257166988683,0.004175914149989787,0.008223805193333034,0.008223805193333034,nan,-0.004853146741629288,0.5896645015951301,-0.0050737047717530435,-0.0050737047717530435,nan,0.0003853021210549201,-0.024726385668811027,0.0004067222140552274,0.0004067222140552274,nan
5.195,10.772431134999351,ARM_NEUTRALIZE,INITIAL_HOLD,NEUTRALIZE_PROFILE,0.1382790207862854,0.0009528549271635711,0.1552758812904358,0.001221097307279706,-0.0007531113806180656,0.013325505889952183,0.0,0.0,1.0,0.1973263636358773,0.1973263636358773,0.8559677752414375,0.1973263636358773,nan,0.2209014892578125,0.00528618972748518,0.202689066529274,0.2998470767719153,-0.021609511324476277,0.038094107625395675,-0.06356214858669978,-0.0018944431794807315,0.0019084921805188058,-0.0023337672464549546,-0.06356214858669977,0.013884847297356007,0.7955431493221268,6.768421737445064,False,False,0.6310000000000002,2.821392663001461,4,-0.11813124448197154,0.03967121403227195,-0.13201609177932755,-0.13201609177932755,nan,0.017993976758210017,0.0037492265587560514,0.016669065072319744,0.016669065072319744,nan,0.05177317318631136,-0.003591463844066077,0.04830548780585531,0.04830548780585531,nan,0.00837075466767434,0.005948385491780018,0.0081994829179602,0.0081994829179602,nan,-0.004882308552336845,0.04659755205521936,-0.005058699060684026,-0.005058699060684026,nan,0.00037854218271515805,-0.01869598819051521,0.0004055193147333272,0.0004055193147333272,nan
5.2,10.849833606000175,ARM_NEUTRALIZE,INITIAL_HOLD,NEUTRALIZE_PROFILE,0.1390359103679657,0.0010670003248378634,0.1550835371017456,0.001221097307279706,-0.0007531113806180656,0.013325505889952183,0.0,0.0,1.0,0.1977158944511441,0.1977158944511441,0.8562802999824529,0.1977158944511441,nan,0.2209259569644928,0.005301760043948889,0.20159956812858582,0.29913002689444745,-0.021687195585099926,0.03804410994498465,-0.06386617292551566,-0.0018944431794807315,0.0019084921805188058,-0.0023337672464549546,-0.06386617292551566,0.0136856396023671,0.784129389152733,6.768421737445064,False,False,0.6360000000000001,2.8985560500004794,4,-0.11813124448197154,0.03967121403227195,-0.13181688408433864,-0.13181688408433864,nan,0.017993976758210017,0.0037492265587560514,0.01664391203236892,0.01664391203236892,nan,0.05177317318631136,-0.003591463844066077,0.04823259650335254,0.04823259650335254,nan,0.00837075466767434,0.005948385491780018,0.008187110183165732,0.008187110183165732,nan,-0.004882308552336845,0.04659755205521936,-0.005051065659589212,-0.005051065659589212,nan,0.00037854218271515805,-0.01869598819051521,0.0004049074001790277,0.0004049074001790277,nan
5.205,10.927177780999045,ARM_NEUTRALIZE,INITIAL_HOLD,NEUTRALIZE_PROFILE,0.1390359103679657,0.0010670003248378634,0.1550835371017456,0.001221097307279706,-0.0007531113806180656,0.013325505889952183,0.0,0.0,1.0,0.1977158944511441,0.1977158944511441,0.8562802999824529,0.1977158944511441,nan,0.2209259569644928,0.005301760043948889,0.20159956812858582,0.29913002689444745,-0.021687195585099926,0.03804410994498465,-0.06386617292551566,-0.0021944153122603893,0.0011577552650123828,-0.005390655715018511,-0.06386617292551566,0.013484160947025675,0.7725855125396984,6.768421737445064,False,False,0.641,2.9763508930009266,4,-0.11813124448197154,0.03967121403227195,-0.13161540542899722,-0.13161540542899722,nan,0.017993976758210017,0.0037492265587560514,0.01661847224869328,0.01661847224869328,nan,0.05177317318631136,-0.003591463844066077,0.0481588742426981,0.0481588742426981,nan,0.00837075466767434,0.005948385491780018,0.008174596399652376,0.008174596399652376,nan,-0.004882308552336845,0.04659755205521936,-0.00504334523800434,-0.00504334523800434,nan,0.00037854218271515805,-0.01869598819051521,0.000404288509821449,0.000404288509821449,nan
5.219,11.004506556000706,ARM_NEUTRALIZE,INITIAL_HOLD,NEUTRALIZE_PROFILE,0.14040149748325348,0.0012372499331831932,0.1548026204109192,0.001221097307279706,-0.0007531113806180656,0.013325505889952183,0.0,0.0,1.0,0.1984714570523492,0.1984714570523492,0.856780439638526,0.1984714570523492,nan,0.22151829302310944,0.005770828574895859,0.20089666545391083,0.2991038729217888,-0.021708823102393436,0.038002676733313506,-0.06401896821831456,-0.0021944153122603893,0.0011577552650123828,-0.005390655715018511,-0.06401896821831456,0.013786219883728468,0.7898922147769777,6.718100241945362,False,False,0.6550000000000002,3.051982888002385,4,-0.11725296870097424,0.04725418672386159,-0.1310391885847027,-0.1310391885847027,nan,0.01802474441085522,0.005179093978648696,0.016545715996452704,0.016545715996452704,nan,0.051640395857476484,-0.0022916550591165347,0.047948033008342196,0.047948033008342196,nan,0.008384384478419271,0.008231137550021571,0.008138807730951811,0.008138807730951811,nan,-0.004756483196063144,0.6078500476651201,-0.0050212652963116606,-0.0050212652963116606,nan,0.0002833553064736094,-0.016585104593367178,0.0004025185205975088,0.0004025185205975088,nan
5.231,11.08107318600014,ARM_NEUTRALIZE,INITIAL_HOLD,NEUTRALIZE_PROFILE,0.14040149748325348,0.0012372499331831932,0.1548026204109192,0.001221097307279706,-0.0007531113806180656,0.013325505889952183,0.0,0.0,1.0,0.1984714570523492,0.1984714570523492,0.856780439638526,0.1984714570523492,nan,0.22151829302310944,0.005770828574895859,0.20089666545391083,0.2991038729217888,-0.021708823102393436,0.038002676733313506,-0.06401896821831456,-0.001040252042002976,0.001981540117412805,-0.0038119740784168248,-0.06401896821831456,0.013278167271740832,0.7607829443394886,6.718100241945362,False,False,0.6669999999999998,3.1306043730000965,4,-0.11725296870097424,0.04725418672386159,-0.13053113597271507,-0.13053113597271507,nan,0.01802474441085522,0.005179093978648696,0.01648156652849587,0.01648156652849587,nan,0.051640395857476484,-0.0022916550591165347,0.047762133479562596,0.047762133479562596,nan,0.008384384478419271,0.008231137550021571,0.00810725272385176,0.00810725272385176,nan,-0.004756483196063144,0.6078500476651201,-0.0050017973266391754,-0.0050017973266391754,nan,0.0002833553064736094,-0.016585104593367178,0.00040095791427834825,0.00040095791427834825,nan
5.241,11.16020563499842,ARM_NEUTRALIZE,INITIAL_HOLD,NEUTRALIZE_PROFILE,0.14202749729156494,0.0014135228702798486,0.1545948088169098,0.001221097307279706,-0.0007531113806180656,0.013325505889952183,0.0,0.0,1.0,0.19946967822197986,0.19946967822197986,0.8572536061826322,0.19946967822197986,nan,0.2226223200559616,0.006187885999679565,0.2006499320268631,0.2997655459565505,-0.021647197642148383,0.03801545077781038,-0.06410540210816422,0.000684720347635448,0.002700894139707088,-0.0019180701347067956,-0.06410540210816422,0.013733339311296638,0.786862381158398,6.667192171421753,False,False,0.6769999999999996,3.208638399002666,4,-0.11636445525449979,0.04777436498508645,-0.13009779456579643,-0.13009779456579643,nan,0.01808872981484022,0.0023505793985912774,0.016426850500979077,0.016426850500979077,nan,0.05154442697367845,-0.006018772320858528,0.04760357123335801,0.04760357123335801,nan,0.008496491414437202,0.005363443695603743,0.008080338009018258,0.008080338009018258,nan,-0.004835614678682987,0.09298316043388294,-0.00498519220116857,-0.00498519220116857,nan,0.00032329434007127844,-0.01359715561800294,0.00039962680147224457,0.00039962680147224457,nan
5.249,11.236364893000427,ARM_NEUTRALIZE,INITIAL_HOLD,NEUTRALIZE_PROFILE,0.14202749729156494,0.0014135228702798486,0.1545948088169098,0.001221097307279706,-0.0007531113806180656,0.013325505889952183,0.0,0.0,1.0,0.19946967822197986,0.19946967822197986,0.8572536061826322,0.19946967822197986,nan,0.2226223200559616,0.006187885999679565,0.2006499320268631,0.2997655459565505,-0.021647197642148383,0.03801545077781038,-0.06410540210816422,0.000684720347635448,0.002700894139707088,-0.0019180701347067956,-0.06410540210816422,0.013380155118295184,0.7666264175086808,6.667192171421753,False,False,0.6849999999999996,3.2855799019998813,4,-0.11636445525449979,0.04777436498508645,-0.12974461037279497,-0.12974461037279497,nan,0.01808872981484022,0.0023505793985912774,0.016382255556405982,0.016382255556405982,nan,0.05154442697367845,-0.006018772320858528,0.047474338997360824,0.047474338997360824,nan,0.008496491414437202,0.005363443695603743,0.00805840183655339,0.00805840183655339,nan,-0.004835614678682987,0.09298316043388294,-0.00497165860445847,-0.00497165860445847,nan,0.00032329434007127844,-0.01359715561800294,0.0003985419109108727,0.0003985419109108727,nan
5.2620000000000005,11.313492582998151,ARM_NEUTRALIZE,INITIAL_HOLD,NEUTRALIZE_PROFILE,0.14325515925884247,0.0015417929971590638,0.1545221507549286,0.001221097307279706,-0.0007531113806180656,0.013325505889952183,0.0,0.0,1.0,0.20028837675134767,0.20028837675134767,0.8575297145545419,0.20028837675134767,nan,0.22387219965457916,0.007556488737463951,0.20090077817440033,0.30089364395297347,-0.02163678068324821,0.038032755218320925,-0.06422181202723404,0.00043956501758657396,0.0036817376967519517,-0.002579666674137116,-0.06422181202723404,0.01370251659523225,0.7850963696147785,6.6151330549279885,False,False,0.6980000000000004,3.3638823100009176,4,-0.1154558522660043,0.0431464652742743,-0.12915836886123655,-0.12915836886123655,nan,0.018139138680139055,0.003468133067394227,0.01630823353551025,0.01630823353551025,nan,0.05142361797709594,-0.005193850114026905,0.047259829676518275,0.047259829676518275,nan,0.008603009271842765,0.007072217780883577,0.008021990538543923,0.008021990538543923,nan,-0.004823925469975343,0.09057139512610436,-0.004949194529481824,-0.004949194529481824,nan,0.00032643160376100155,-0.01362914370760681,0.00039674112849994673,0.00039674112849994673,nan
5.267,11.388727507001022,ARM_NEUTRALIZE,INITIAL_HOLD,NEUTRALIZE_PROFILE,0.14325515925884247,0.0015417929971590638,0.1545221507549286,0.001221097307279706,-0.0007531113806180656,0.013325505889952183,0.0,0.0,1.0,0.20028837675134767,0.20028837675134767,0.8575297145545419,0.20028837675134767,nan,0.22387219965457916,0.007556488737463951,0.20090077817440033,0.30089364395297347,-0.02163678068324821,0.038032755218320925,-0.06422181202723404,0.00043956501758657396,0.0036817376967519517,-0.002579666674137116,-0.06422181202723404,0.013472987048877588,0.771945295335104,6.6151330549279885,False,False,0.7030000000000003,3.438210397001967,4,-0.1154558522660043,0.0431464652742743,-0.1289288393148819,-0.1289288393148819,nan,0.018139138680139055,0.003468133067394227,0.016279251894767532,0.016279251894767532,nan,0.05142361797709594,-0.005193850114026905,0.04717584342489485,0.04717584342489485,nan,0.008603009271842765,0.007072217780883577,0.008007734521954307,0.008007734521954307,nan,-0.004823925469975343,0.09057139512610436,-0.00494039923123527,-0.00494039923123527,nan,0.00032643160376100155,-0.01362914370760681,0.0003960360730548546,0.0003960360730548546,nan
5.297,11.494016427001043,ARM_NEUTRALIZE,INITIAL_HOLD,NEUTRALIZE_PROFILE,0.14683307707309723,0.001884112018160522,0.15489061176776886,0.001221097307279706,-0.0007531113806180656,0.013325505889952183,0.0,0.0,1.0,0.20310214868576196,0.20310214868576196,0.8577723360420917,0.20310214868576196,nan,0.22697201371192932,0.007034936919808388,0.20031718909740448,0.3028081266970872,-0.021648997712895173,0.03812118308496258,-0.06448380600870048,7.871468551456928e-05,0.005010489374399185,-0.0017905092099681503,-0.06448380600870048,0.01394493518766124,0.7989859318364616,6.50649020884002,False,False,0.7329999999999997,3.5456988630030537,4,-0.11355967689303181,0.05096400977127625,-0.12750461208069305,-0.12750461208069305,nan,0.01823117429513399,0.005581595435823415,0.016099421268633354,0.016099421268633354,nan,0.05114026801636573,-0.0034186506425473917,0.046654710051177994,0.046654710051177994,nan,0.008753292685201863,0.009319083209509256,0.007919276162669249,0.007919276162669249,nan,-0.004773149417172107,0.10526788116892369,-0.0048858245435992,-0.0048858245435992,nan,0.00025447891606944495,-0.007652249701087133,0.0003916612150792208,0.0003916612150792208,nan
5.334,11.570226386000286,ARM_NEUTRALIZE,INITIAL_HOLD,NEUTRALIZE_PROFILE,0.1464744359254837,0.0019962391816079617,0.15524639189243317,0.001221097307279706,-0.0007531113806180656,0.013325505889952183,0.0,0.0,1.0,0.20309512350614883,0.20309512350614883,0.8573607197447941,0.20309512350614883,nan,0.22595825791358948,0.006809568963944912,0.20043650269508362,0.3021229818492053,-0.021631162759230254,0.038157777546902354,-0.06458341931985583,-0.00010995477350661531,0.004765018820762634,-0.0010392114054411656,-0.06458341931985584,0.013030927018603061,0.7466171213089482,6.451908945432416,False,False,0.7699999999999996,3.6200829500012333,4,-0.11260705413667083,0.04389079075292216,-0.1256379811552739,-0.1256379811552739,nan,0.01830551668692504,0.0033535770561787573,0.015863730361998826,0.015863730361998826,nan,0.05102316206731938,-0.006767640304245549,0.04597169848652276,0.04597169848652276,nan,0.008890935007995537,0.005959760640320081,0.007803340232580554,0.007803340232580554,nan,-0.004636472506260425,0.06356651250069642,-0.004814297474574571,-0.004814297474574571,nan,0.0002750382870475576,-0.01229416376946696,0.0003859274073022014,0.0003859274073022014,nan
5.3629999999999995,11.647973835999437,ARM_NEUTRALIZE,INITIAL_HOLD,NEUTRALIZE_PROFILE,0.0,0.0,0.15602761507034302,0.001221097307279706,-0.0007531113806180656,0.013325505889952183,0.0,0.0,1.0,0.14270932071843678,0.14270932071843678,0.843972384929657,0.14270932071843678,nan,0.22454161942005157,0.008267517201602459,0.1989413946866989,0.30010826248596856,-0.021641456014304023,0.03812019794088951,-0.06482276527417251,-0.00102328066714108,0.001820322824642062,-0.0023359889164567,-0.06482276527417252,0.013467562477755046,0.7716344903041138,6.338268943127777,False,False,0.7989999999999995,3.6960908220025885,4,-0.11062366193448092,0.048109562219956464,-0.12409122441223597,-0.12409122441223597,nan,0.01840727313791035,0.006103112254191793,0.015668428498012078,0.015668428498012078,nan,0.05070011565956012,-0.0041325452505753014,0.04540573082316899,0.04540573082316899,nan,0.009073494381934388,0.010567213269499116,0.007707271599417418,0.007707271599417418,nan,-0.004569851560448868,0.6534512941519899,-0.0047550276024123815,-0.0047550276024123815,nan,0.00021313476953110921,-0.013576203753756184,0.0003811761703428135,0.0003811761703428135,nan
5.3629999999999995,11.724847647998104,ARM_NEUTRALIZE,INITIAL_HOLD,NEUTRALIZE_PROFILE,0.0,0.0,0.15602761507034302,0.001221097307279706,-0.0007531113806180656,0.013325505889952183,0.0,0.0,1.0,0.14270932071843678,0.14270932071843678,0.843972384929657,0.14270932071843678,nan,0.22454161942005157,0.008267517201602459,0.1989413946866989,0.30010826248596856,-0.021641456014304023,0.03812019794088951,-0.06482276527417251,-0.00102328066714108,0.001820322824642062,-0.0023359889164567,-0.06482276527417252,0.013467562477755046,0.7716344903041138,6.338268943127777,False,False,0.7989999999999995,3.7736151880017132,4,-0.11062366193448092,0.048109562219956464,-0.12409122441223597,-0.12409122441223597,nan,0.01840727313791035,0.006103112254191793,0.015668428498012078,0.015668428498012078,nan,0.05070011565956012,-0.0041325452505753014,0.04540573082316899,0.04540573082316899,nan,0.009073494381934388,0.010567213269499116,0.007707271599417418,0.007707271599417418,nan,-0.004569851560448868,0.6534512941519899,-0.0047550276024123815,-0.0047550276024123815,nan,0.00021313476953110921,-0.013576203753756184,0.0003811761703428135,0.0003811761703428135,nan
5.39,11.806877997998527,ARM_NEUTRALIZE,INITIAL_HOLD,NEUTRALIZE_PROFILE,0.0,0.0,0.15651750564575195,0.001221097307279706,-0.0007531113806180656,0.013325505889952183,0.0,0.0,1.0,0.14319918662286607,0.14319918662286607,0.843482494354248,0.14319918662286607,nan,0.22385933995246887,0.008759543299674988,0.19785913825035095,0.29889458387857315,-0.02166974449673373,0.038011984337929405,-0.06492372894936824,-0.0019697619136422873,0.00292539969086647,-0.0028620285447686915,-0.06492372894936824,0.012995916993271031,0.7446111946167767,6.279060520051391,False,False,0.8259999999999996,3.853706775000319,4,-0.1095902800068842,0.05371970528086473,-0.12258619700015523,-0.12258619700015523,nan,0.018504323015993585,0.003333670896956941,0.015478395604828617,0.015478395604828617,nan,0.050574896308671846,-0.0078026197322044275,0.044855032174830965,0.044855032174830965,nan,0.009245255987390344,0.0073409336000201265,0.007613794763449227,0.007613794763449227,nan,-0.004489172819049259,0.12263269960670367,-0.004697356748403743,-0.004697356748403743,nan,0.00022590637649777534,-0.008570172508214763,0.0003765531151032898,0.0003765531151032898,nan
5.39,11.88826419399993,ARM_NEUTRALIZE,INITIAL_HOLD,NEUTRALIZE_PROFILE,0.0,0.0,0.15651750564575195,0.001221097307279706,-0.0007531113806180656,0.013325505889952183,0.0,0.0,1.0,0.14319918662286607,0.14319918662286607,0.843482494354248,0.14319918662286607,nan,0.22385933995246887,0.008759543299674988,0.19785913825035095,0.29889458387857315,-0.02166974449673373,0.038011984337929405,-0.06492372894936824,-0.0019697619136422873,0.00292539969086647,-0.0028620285447686915,-0.06492372894936824,0.012995916993271031,0.7446111946167767,6.279060520051391,False,False,0.8259999999999996,3.936209092000354,4,-0.1095902800068842,0.05371970528086473,-0.12258619700015523,-0.12258619700015523,nan,0.018504323015993585,0.003333670896956941,0.015478395604828617,0.015478395604828617,nan,0.050574896308671846,-0.0078026197322044275,0.044855032174830965,0.044855032174830965,nan,0.009245255987390344,0.0073409336000201265,0.007613794763449227,0.007613794763449227,nan,-0.004489172819049259,0.12263269960670367,-0.004697356748403743,-0.004697356748403743,nan,0.00022590637649777534,-0.008570172508214763,0.0003765531151032898,0.0003765531151032898,nan
5.413,11.97181363799973,ARM_NEUTRALIZE,INITIAL_HOLD,NEUTRALIZE_PROFILE,0.0,0.0,0.15699440240859985,0.001221097307279706,-0.0007531113806180656,0.013325505889952183,0.0,0.0,1.0,0.14367605953070733,0.14367605953070733,0.8430055975914001,0.14367605953070733,nan,0.2236364483833313,0.00852927379310131,0.19822552800178528,0.29896382642141617,-0.021754882682329054,0.038043792009160575,-0.06508745459853418,-0.0011969213373959064,0.004219125024974345,-0.004117562901228667,-0.06508745459853418,0.012718018649211807,0.7286887923685088,6.218747727537408,False,False,0.8490000000000002,4.013832852000633,4,-0.108537623196443,0.05576340480949862,-0.12125564184565481,-0.12125564184565481,nan,0.018540835920307863,0.005552866829086702,0.015310392521615462,0.015310392521615462,nan,0.050365256612587395,-0.006333960785624542,0.04436817398258744,0.04436817398258744,nan,0.009303366577938732,0.008094977552379756,0.0075311543511049,0.0075311543511049,nan,-0.004466627340095286,0.13350621870325016,-0.004646371463052995,-0.004646371463052995,nan,0.0001920882732671103,-0.0029411931134714075,0.0003724659935471554,0.0003724659935471554,nan
5.449,12.050433727999916,ARM_NEUTRALIZE,INITIAL_HOLD,NEUTRALIZE_PROFILE,0.0,0.0,0.15735724568367004,0.001221097307279706,-0.0007531113806180656,0.013325505889952183,0.0,0.0,1.0,0.14403888476168755,0.14403888476168755,0.84264275431633,0.14403888476168755,nan,0.2228124439716339,0.008666609413921833,0.19747239351272583,0.2978520463367523,-0.02176740326503199,0.038050853213825675,-0.06537670343387572,-0.002074859570711851,0.0034437254071235652,-0.004929416347295046,-0.06537670343387572,0.012734594597526669,0.7296385242483774,6.093459245990146,False,False,0.8849999999999998,4.098755500002881,4,-0.10635092667861912,0.05562422037054256,-0.11908552127614579,-0.11908552127614579,nan,0.018682507394641945,0.014458570691418732,0.015036381372668618,0.015036381372668618,nan,0.04999351864100188,0.0033269859553560245,0.04357411371845782,0.04357411371845782,nan,0.00946034294827669,0.018659927798344543,0.007396368763228638,0.007396368763228638,nan,-0.0046025544469001645,0.10398623722371596,-0.004563215033116434,-0.004563215033116434,nan,-0.0001220144063678319,0.0026704354333337704,0.0003657999440195947,0.0003657999440195947,nan
5.469,12.127677913998923,ARM_NEUTRALIZE,INITIAL_HOLD,NEUTRALIZE_PROFILE,0.0,0.0,0.1577959656715393,0.001221097307279706,-0.0007531113806180656,0.013325505889952183,0.0,0.0,1.0,0.14447758305318043,0.14447758305318043,0.8422040343284607,0.14447758305318043,nan,0.22364352643489838,0.009290630929172039,0.19785889983177185,0.29874886942369894,-0.021806885435826064,0.03803909373971662,-0.06553610054684357,-0.0009174392325803638,0.004351826850324868,-0.0055424338206648835,-0.06553610054684357,0.012511383957833008,0.7168494966515153,6.034590285814478,False,False,0.9050000000000002,4.177350590001879,4,-0.10532346949632831,0.043837689023664805,-0.11783485345416132,-0.11783485345416132,nan,0.01875550353667066,-0.010314550009391767,0.014878465295715189,0.014878465295715189,nan,0.04979126054951788,-0.02339171070666596,0.0431164867851819,0.0431164867851819,nan,0.009518573762812288,-0.009806252240180901,0.007318690130993822,0.007318690130993822,nan,-0.004597331373204838,0.08313958436011491,-0.004515290934993032,-0.004515290934993032,nan,0.00021832481075101384,0.027684359968684843,0.0003619582157022777,0.0003619582157022777,nan
5.47,12.208619441000337,ARM_NEUTRALIZE,INITIAL_HOLD,NEUTRALIZE_PROFILE,0.0,0.0,0.1577959656715393,0.001221097307279706,-0.0007531113806180656,0.013325505889952183,0.0,0.0,1.0,0.14447758305318043,0.14447758305318043,0.8422040343284607,0.14447758305318043,nan,0.22364352643489838,0.009290630929172039,0.19785889983177185,0.29874886942369894,-0.021806885435826064,0.03803909373971662,-0.06553610054684357,-0.0009174392325803638,0.004351826850324868,-0.0055424338206648835,-0.06553610054684357,0.012448021895769767,0.7132191179140456,6.034590285814478,False,False,0.9059999999999997,4.255973480001558,4,-0.10532346949632831,0.043837689023664805,-0.11777149139209808,-0.11777149139209808,nan,0.01875550353667066,-0.010314550009391767,0.014870464859394032,0.014870464859394032,nan,0.04979126054951788,-0.02339171070666596,0.043093302222791834,0.043093302222791834,nan,0.009518573762812288,-0.009806252240180901,0.007314754730857884,0.007314754730857884,nan,-0.004597331373204838,0.08313958436011491,-0.004512862976404634,-0.004512862976404634,nan,0.00021832481075101384,0.027684359968684843,0.00036176358382337823,0.00036176358382337823,nan
5.485,12.287486911998712,ARM_NEUTRALIZE,INITIAL_HOLD,NEUTRALIZE_PROFILE,0.0,0.0,0.15812599658966064,0.001221097307279706,-0.0007531113806180656,0.013325505889952183,0.0,0.0,1.0,0.1448075977366582,0.1448075977366582,0.8418740034103394,0.1448075977366582,nan,0.22420363128185272,0.009703416377305984,0.1976768970489502,0.29906116464071625,-0.021738839435105316,0.03803964099180729,-0.06565086092078858,0.0010243933647871017,0.0031547816470265384,-0.003932294435799122,-0.06565086092078858,0.012376273072249491,0.7091082131413048,5.983709850084833,False,False,0.9210000000000003,4.336215256000287,4,-0.10443543836799662,0.03971088218997215,-0.11681171144024612,-0.11681171144024612,nan,0.018856370947976764,0.032271308488249134,0.014749277856681734,0.014749277856681734,nan,0.04961387852396015,0.017522511985841302,0.04274211292355105,0.04274211292355105,nan,0.009615915809463083,0.03263909848759636,0.007255143063718355,0.007255143063718355,nan,-0.004667385864192575,-0.18656184420570343,-0.004476085354256777,-0.004476085354256777,nan,-0.00015463586967801035,0.0009388741837483248,0.00035881538786390095,0.00035881538786390095,nan
5.493,12.364887687999726,ARM_NEUTRALIZE,INITIAL_HOLD,NEUTRALIZE_PROFILE,0.0,0.0,0.15812599658966064,0.001221097307279706,-0.0007531113806180656,0.013325505889952183,0.0,0.0,1.0,0.1448075977366582,0.1448075977366582,0.8418740034103394,0.1448075977366582,nan,0.22420363128185272,0.009703416377305984,0.1976768970489502,0.29906116464071625,-0.021738839435105316,0.03803964099180729,-0.06565086092078858,0.0010243933647871017,0.0031547816470265384,-0.003932294435799122,-0.06565086092078858,0.011857286937536474,0.679372497996441,5.983709850084833,False,False,0.9290000000000003,4.41304947000026,4,-0.10443543836799662,0.03971088218997215,-0.1162927253055331,-0.1162927253055331,nan,0.018856370947976764,0.032271308488249134,0.01468374786306835,0.01468374786306835,nan,0.04961387852396015,0.017522511985841302,0.04255221275256513,0.04255221275256513,nan,0.009615915809463083,0.03263909848759636,0.0072229089785482625,0.0072229089785482625,nan,-0.004667385864192575,-0.18656184420570343,-0.0044561984250438644,-0.0044561984250438644,nan,-0.00015463586967801035,0.0009388741837483248,0.00035722119658866826,0.00035722119658866826,nan
5.529,12.43994713199936,ARM_NEUTRALIZE,INITIAL_HOLD,NEUTRALIZE_PROFILE,0.0,0.0,0.1588653326034546,0.001221097307279706,-0.0007531113806180656,0.013325505889952183,0.0,0.0,1.0,0.14554689764877082,0.14554689764877082,0.8411346673965454,0.14554689764877082,nan,0.2251773625612259,0.00958177074790001,0.1964428573846817,0.2989756698431387,-0.02181701533013265,0.03799585819787608,-0.06581046475764926,-0.002932113129645586,0.002760573290288448,-0.0027381360996514563,-0.06581046475764926,0.011375332424068435,0.6517585384574414,5.874090256928801,False,False,0.9649999999999999,4.490783327000827,4,-0.10252221554272722,0.054076819987238005,-0.11389754796679566,-0.11389754796679566,nan,0.018867153269051862,0.02823237785767111,0.014381319830386565,0.014381319830386565,nan,0.04905390564910306,0.015261356897410712,0.04167580285306104,0.04167580285306104,nan,0.009615983752626178,0.03261291027315051,0.007074145177031618,0.007074145177031618,nan,0.006225587999383109,0.5895733979766884,-0.004364418088341457,-0.004364418088341457,nan,-0.00030650731534098696,0.001015644062780638,0.0003498638308313698,0.0003498638308313698,nan
5.564,12.511943888999667,ARM_NEUTRALIZE,INITIAL_HOLD,NEUTRALIZE_PROFILE,0.0,0.0,0.15958178043365479,0.001221097307279706,-0.0007531113806180656,0.013325505889952183,0.0,0.0,1.0,0.1462633108431105,0.1462633108431105,0.8404182195663452,0.1462633108431105,nan,0.22196264564990997,0.010459705255925655,0.19661852717399597,0.296708049648168,-0.021950711905004736,0.03803573755069937,-0.06605166711360783,-0.0024743350222706795,0.006408875808119774,-0.0034115980379283437,-0.06605166711360783,0.01153959602138642,0.6611701493113983,5.726067465650249,False,False,0.0,0.0,5,-0.09993873046692414,0.05895735211311434,-0.11147832648831056,-0.11147832648831056,nan,0.018999706340549594,0.010372267494623527,0.014075855854702229,0.014075855854702229,nan,0.04861875045432562,0.00025960000806116157,0.04079059505715108,0.04079059505715108,nan,0.009845969648796249,0.022389443400628907,0.006923888000650737,0.006923888000650737,nan,-0.006153333655722015,0.6605634569656043,-0.004271716408903347,-0.004271716408903347,nan,-0.00042643926690821843,0.006901392239755583,0.0003424326076909113,0.0003424326076909113,nan
5.571,12.587800475997938,ARM_NEUTRALIZE,INITIAL_HOLD,NEUTRALIZE_PROFILE,0.0,0.0,0.15958178043365479,0.001221097307279706,-0.0007531113806180656,0.013325505889952183,0.0,0.0,1.0,0.1462633108431105,0.1462633108431105,0.8404182195663452,0.1462633108431105,nan,0.22196264564990997,0.010459705255925655,0.19661852717399597,0.296708049648168,-0.021950711905004736,0.03803573755069937,-0.06605166711360783,-0.0024743350222706795,0.006408875808119774,-0.0034115980379283437,-0.06605166711360783,0.011045421068458933,0.6328560101675772,5.726067465650249,False,False,0.006999999999999673,0.07974581500093336,5,-0.09993873046692414,0.05895735211311434,-0.11098415153538307,-0.11098415153538307,nan,0.018999706340549594,0.010372267494623527,0.01401345865496367,0.01401345865496367,nan,0.04861875045432562,0.00025960000806116157,0.040609773447899844,0.040609773447899844,nan,0.009845969648796249,0.022389443400628907,0.006893194931113534,0.006893194931113534,nan,-0.006153333655722015,0.6605634569656043,-0.004252780214561476,-0.004252780214561476,nan,-0.00042643926690821843,0.006901392239755583,0.00034091462995373896,0.00034091462995373896,nan
5.585,12.668082752999908,ARM_NEUTRALIZE,INITIAL_HOLD,NEUTRALIZE_PROFILE,0.0,0.0,0.1599607914686203,0.001221097307279706,-0.0007531113806180656,0.013325505889952183,0.0,0.0,1.0,0.14664230369208953,0.14664230369208953,0.8400392085313797,0.14664230369208953,nan,0.22051116824150085,0.01033803727477789,0.19609960913658142,0.29527462985743663,-0.02193637542943888,0.03807300646442263,-0.06616654835311526,-0.0007891296991147101,0.006327834445983171,-0.0042340727522969255,-0.06616654835311525,0.011337843568674427,0.6496105852645884,5.652109339197987,False,False,0.020999999999999908,0.15791143999740598,5,-0.09864791765172587,0.058883219579479174,-0.1099857612204003,-0.1099857612204003,nan,0.01911424163150688,0.023403540384855336,0.013887396499178598,0.013887396499178598,nan,0.04844631689816925,0.009359798490047852,0.04024445638286735,0.04024445638286735,nan,0.010019400837578907,0.029513974163212046,0.006831185185007416,0.006831185185007416,nan,-0.005841378508973705,-0.0908166220039898,-0.0042145230893843285,-0.0042145230893843285,nan,-0.00023349456882737485,-0.0070476373569558215,0.0003378478329374709,0.0003378478329374709,nan
5.594,12.744687687998521,ARM_NEUTRALIZE,INITIAL_HOLD,NEUTRALIZE_PROFILE,0.0,0.0,0.1599607914686203,0.001221097307279706,-0.0007531113806180656,0.013325505889952183,0.0,0.0,1.0,0.14664230369208953,0.14664230369208953,0.8400392085313797,0.14664230369208953,nan,0.22051116824150085,0.01033803727477789,0.19609960913658142,0.29527462985743663,-0.02193637542943888,0.03807300646442263,-0.06616654835311526,-0.0007891296991147101,0.006327834445983171,-0.0042340727522969255,-0.06616654835311525,0.010689064887318162,0.6124383049848116,5.652109339197987,False,False,0.03000000000000025,0.23452057499889634,5,-0.09864791765172587,0.058883219579479174,-0.10933698253904403,-0.10933698253904403,nan,0.01911424163150688,0.023403540384855336,0.013805478197316288,0.013805478197316288,nan,0.04844631689816925,0.009359798490047852,0.040007064332712276,0.040007064332712276,nan,0.010019400837578907,0.029513974163212046,0.00679088972069228,0.00679088972069228,nan,-0.005841378508973705,-0.0908166220039898,-0.004189662664706291,-0.004189662664706291,nan,-0.00023349456882737485,-0.0070476373569558215,0.0003358549525034935,0.0003358549525034935,nan
5.602,12.825514726999245,ARM_NEUTRALIZE,INITIAL_HOLD,NEUTRALIZE_PROFILE,0.0,0.0,0.16010116040706635,0.001221097307279706,-0.0007531113806180656,0.013325505889952183,0.0,0.0,1.0,0.1467826659190816,0.1467826659190816,0.8398988395929337,0.1467826659190816,nan,0.22071415185928345,0.010134903714060783,0.1954769641160965,0.29500626536448643,-0.021931505946067364,0.037998349524030736,-0.06629583769982204,-0.00031820539152249694,0.00462519284337759,-0.0025452002882957463,-0.06629583769982204,0.011437233100524746,0.6553051859673927,5.575943038803248,False,False,0.038000000000000256,0.3186231840008986,5,-0.09731856493077462,0.0588809622711741,-0.10875579803129937,-0.10875579803129937,nan,0.019175892755803225,0.020365385988719103,0.013732094701046655,0.013732094701046655,nan,0.04820819030467227,0.006194883386323357,0.03979440540020321,0.03979440540020321,nan,0.01015802743413552,0.027975325757583908,0.006754792511789891,0.006754792511789891,nan,0.005779735572011724,0.5993680224477391,-0.004167392368079677,-0.004167392368079677,nan,-0.00023201045120924135,-0.00047532232814898046,0.00033406970390131407,0.00033406970390131407,nan
5.602,12.902436439999292,ARM_NEUTRALIZE,INITIAL_HOLD,NEUTRALIZE_PROFILE,0.0,0.0,0.16010116040706635,0.001221097307279706,-0.0007531113806180656,0.013325505889952183,0.0,0.0,1.0,0.1467826659190816,0.1467826659190816,0.8398988395929337,0.1467826659190816,nan,0.22071415185928345,0.010134903714060783,0.1954769641160965,0.29500626536448643,-0.021931505946067364,0.037998349524030736,-0.06629583769982204,-0.00031820539152249694,0.00462519284337759,-0.0025452002882957463,-0.06629583769982204,0.011437233100524746,0.6553051859673927,5.575943038803248,False,False,0.038000000000000256,0.3934223459982604,5,-0.09731856493077462,0.0588809622711741,-0.10875579803129937,-0.10875579803129937,nan,0.019175892755803225,0.020365385988719103,0.013732094701046655,0.013732094701046655,nan,0.04820819030467227,0.006194883386323357,0.03979440540020321,0.03979440540020321,nan,0.01015802743413552,0.027975325757583908,0.006754792511789891,0.006754792511789891,nan,0.005779735572011724,0.5993680224477391,-0.004167392368079677,-0.004167392368079677,nan,-0.00023201045120924135,-0.00047532232814898046,0.00033406970390131407,0.00033406970390131407,nan
5.63,12.984420999000577,ARM_NEUTRALIZE,INITIAL_HOLD,NEUTRALIZE_PROFILE,0.06919832527637482,0.002681654179468751,0.15831679105758667,0.001221097307279706,-0.0007531113806180656,0.013325505889952183,0.0,0.0,1.0,0.16017232567262482,0.16017232567262482,0.8445272190437627,0.16017232567262482,nan,0.05734845995903015,0.001925351214595139,0.03804980590939522,0.06885013120332216,-0.02194151277050977,0.037998104465197656,-0.06632125248574211,-0.00021024481975473464,0.004152813460677862,-0.0014620635192841296,-0.06632125248574212,0.010678980752709996,0.6118605266317219,5.500981317800922,False,False,0.06599999999999984,0.47226712399788084,5,-0.09601023608632264,0.06776639574464666,-0.10668921683903264,-0.10668921683903264,nan,0.019279666069967227,0.010401425776574533,0.013471156993326084,0.013471156993326084,nan,0.048005372239776634,-0.0017181040719529365,0.03903823082150323,0.03903823082150323,nan,0.010349794950567315,0.020719865436441918,0.006626437725974134,0.006626437725974134,nan,-0.006116208577238602,0.1349436559341711,-0.0040882034434929545,-0.0040882034434929545,nan,-0.00034248580720408484,0.0031941490665770844,0.0003277217005811611,0.0003277217005811611,nan
5.668,13.061052932000166,ARM_NEUTRALIZE,INITIAL_HOLD,NEUTRALIZE_PROFILE,0.0628087967634201,0.002661806531250477,0.15145516395568848,0.001221097307279706,-0.0007531113806180656,0.013325505889952183,0.0,0.0,1.0,0.15127626656551882,0.15127626656551882,0.8508703596567141,0.15127626656551882,nan,0.05627778172492981,0.003767622634768486,0.03701112046837807,0.0674626321345503,-0.0218970476085473,0.037989560431824915,-0.0664998934966473,-0.0008187821367755532,0.004536770284175873,-0.0016019145259633667,-0.0664998934966473,0.010517483796178312,0.6026074326182487,5.345124750666964,False,False,0.10400000000000009,0.5516130670002894,5,-0.0932900258289795,0.06890562421013827,-0.1038075096251578,-0.1038075096251578,nan,0.019459391857834518,0.018567297100776977,0.013107297069736264,0.013107297069736264,nan,0.04755647464459489,0.0029874095666934074,0.037983796693029245,0.037983796693029245,nan,0.010738073079005872,0.0257056009047795,0.006447455688585648,0.006447455688585648,nan,0.005597052272306335,0.6279759789432168,-0.003977779862704315,-0.003977779862704315,nan,-0.00018170123339267263,-0.0007031913972565806,0.00031886984078981104,0.00031886984078981104,nan
5.7,13.135673606000637,ARM_NEUTRALIZE,INITIAL_HOLD,NEUTRALIZE_PROFILE,0.05631063133478165,0.002680985489860177,0.14349235594272614,0.001221097307279706,-0.0007531113806180656,0.013325505889952183,0.0,0.0,1.0,0.14138620382959738,0.14138620382959738,0.8583608910085898,0.14138620382959738,nan,0.05685044452548027,0.00541711738333106,0.038066472858190536,0.06863216854619161,-0.021993449498579128,0.03799766279650316,-0.06658959089171956,-0.0008036969811655581,0.004477818962186575,-0.0022594793699681763,-0.06658959089171956,0.010797409680184347,0.6186460043482631,5.186359514031846,False,False,0.13600000000000012,0.6270381850008562,5,-0.09051904971198876,0.06838421945425227,-0.10131645939217311,-0.10131645939217311,nan,0.01961489967605079,-0.006355107574864204,0.012792763607395567,0.012792763607395567,nan,0.04705761866236635,-0.023572834124272662,0.03707230632067104,0.03707230632067104,nan,0.011114846146587531,-0.002083099412098225,0.006292737248145214,0.006292737248145214,nan,-0.0105215794529947,0.12255623142480714,-0.003882325791129613,-0.003882325791129613,nan,-0.00023988818338072093,-0.011298366164707613,0.00031121797827948316,0.00031121797827948316,nan
5.736,13.213822731999244,ARM_NEUTRALIZE,INITIAL_HOLD,NEUTRALIZE_PROFILE,0.05371348187327385,0.002688678679987788,0.14033430814743042,0.001221097307279706,-0.0007531113806180656,0.013325505889952183,0.0,0.0,1.0,0.13747193243395073,0.13747193243395073,0.8613463118144478,0.13747193243395073,nan,0.057593103498220444,0.005420240573585033,0.038071103394031525,0.0692513789903949,-0.021965916153862567,0.0380456405684824,-0.06673581045690256,-0.000743263226468116,0.005535386502742767,-0.002537588821724058,-0.06673581045690256,0.01072612787074928,0.6145618575115779,5.026163700341053,False,False,0.1719999999999997,0.7048918319997028,5,-0.08772310531517302,0.06578601795006504,-0.0984492331859223,-0.0984492331859223,nan,0.019797659059526573,0.01043181401384911,0.012430732134073771,0.012430732134073771,nan,0.04658352186848003,-0.004655418045004577,0.03602317088062035,0.03602317088062035,nan,0.01153665232943979,0.019954904453615342,0.006114654622131869,0.006114654622131869,nan,-0.006179420625025855,0.07495918422913429,-0.0037724571052683877,-0.0037724571052683877,nan,-0.00023098045476821483,0.00237595495254031,0.0003024106004009756,0.0003024106004009756,nan
5.736,13.291986657997768,ARM_NEUTRALIZE,INITIAL_HOLD,NEUTRALIZE_PROFILE,0.05371348187327385,0.002688678679987788,0.14033430814743042,0.001221097307279706,-0.0007531113806180656,0.013325505889952183,0.0,0.0,1.0,0.13747193243395073,0.13747193243395073,0.8613463118144478,0.13747193243395073,nan,0.057593103498220444,0.005420240573585033,0.038071103394031525,0.0692513789903949,-0.021965916153862567,0.0380456405684824,-0.06673581045690256,-0.000743263226468116,0.005535386502742767,-0.002537588821724058,-0.06673581045690256,0.01072612787074928,0.6145618575115779,5.026163700341053,False,False,0.1719999999999997,0.7827658780006459,5,-0.08772310531517302,0.06578601795006504,-0.0984492331859223,-0.0984492331859223,nan,0.019797659059526573,0.01043181401384911,0.012430732134073771,0.012430732134073771,nan,0.04658352186848003,-0.004655418045004577,0.03602317088062035,0.03602317088062035,nan,0.01153665232943979,0.019954904453615342,0.006114654622131869,0.006114654622131869,nan,-0.006179420625025855,0.07495918422913429,-0.0037724571052683877,-0.0037724571052683877,nan,-0.00023098045476821483,0.00237595495254031,0.0003024106004009756,0.0003024106004009756,nan
5.7379999999999995,13.36589338200065,ARM_NEUTRALIZE,INITIAL_HOLD,NEUTRALIZE_PROFILE,0.04981745406985283,0.0026964182034134865,0.1353093385696411,0.001221097307279706,-0.0007531113806180656,0.013325505889952183,0.0,0.0,1.0,0.1313528095633007,0.1313528095633007,0.8661287371782564,0.1313528095633007,nan,0.057765234261751175,0.0051313950680196285,0.0385235920548439,0.06962198395239193,-0.02197982869041134,0.03809349896742915,-0.0667903763670708,-0.000743263226468116,0.005535386502742767,-0.002537588821724058,-0.0667903763670708,0.010619329525146645,0.6084427630495673,5.026163700341053,False,False,0.1739999999999995,0.8580200079995848,5,-0.08772310531517302,0.06578601795006504,-0.09828804826998108,-0.09828804826998108,nan,0.019797659059526573,0.01043181401384911,0.012410380055654485,0.012410380055654485,nan,0.04658352186848003,-0.004655418045004577,0.03596419234333338,0.03596419234333338,nan,0.01153665232943979,0.019954904453615342,0.006104643471619233,0.006104643471619233,nan,-0.006179420625025855,0.07495918422913429,-0.0037662806916821468,-0.0037662806916821468,nan,-0.00023098045476821483,0.00237595495254031,0.00030191548199702306,0.00030191548199702306,nan
5.744,13.448580395001045,ARM_NEUTRALIZE,INITIAL_HOLD,NEUTRALIZE_PROFILE,0.04981745406985283,0.0026964182034134865,0.1353093385696411,0.001221097307279706,-0.0007531113806180656,0.013325505889952183,0.0,0.0,1.0,0.1313528095633007,0.1313528095633007,0.8661287371782564,0.1313528095633007,nan,0.057765234261751175,0.0051313950680196285,0.0385235920548439,0.06962198395239193,-0.02197982869041134,0.03809349896742915,-0.0667903763670708,-0.001167518668808043,0.005332729313522577,-0.0027902652509510526,-0.0667903763670708,0.010796685619877164,0.6186045187485485,5.026163700341053,False,False,0.17999999999999972,0.9399391749975621,5,-0.08772310531517302,0.06578601795006504,-0.09780334436690347,-0.09780334436690347,nan,0.019797659059526573,0.01043181401384911,0.012349178721845015,0.012349178721845015,nan,0.04658352186848003,-0.004655418045004577,0.03578683624860286,0.03578683624860286,nan,0.01153665232943979,0.019954904453615342,0.00607453864636659,0.00607453864636659,nan,-0.006179420625025855,0.07495918422913429,-0.0037477074166657395,-0.0037477074166657395,nan,-0.00023098045476821483,0.00237595495254031,0.00030042659687722144,0.00030042659687722144,nan
5.759,13.504018116000225,ARM_NEUTRALIZE,INITIAL_HOLD,NEUTRALIZE_PROFILE,0.047229085117578506,0.0026854241732507944,0.13186891376972198,0.001221097307279706,-0.0007531113806180656,0.013325505889952183,0.0,0.0,1.0,0.12720494495442106,0.12720494495442106,0.869418990397263,0.12720494495442106,nan,0.05821830779314041,0.004622998181730509,0.03900332376360893,0.07022821896569796,-0.0220333149308757,0.03816641056791664,-0.06699768149753153,-0.001167518668808043,0.005332729313522577,-0.0027902652509510526,-0.06699768149753153,0.010977987794303389,0.6289923681597159,4.9440452551598595,False,False,0.19500000000000028,0.9978271239997412,5,-0.08628986807014272,0.07754186269324956,-0.0965842083446144,-0.0965842083446144,nan,0.01987191373770436,-0.009199313873744832,0.01219524402029731,0.01219524402029731,nan,0.04631873478617532,-0.02626830404166783,0.03534074699187193,0.03534074699187193,nan,0.011728518418774314,-0.003521233449848629,0.005998818445482757,0.005998818445482757,nan,-0.01007531713166987,0.9354257309057078,-0.0037009915794698573,-0.0037009915794698573,nan,-0.00021922366429816265,-0.019496148564921677,0.0002966817260992578,0.0002966817260992578,nan
5.759,13.585622306000005,ARM_NEUTRALIZE,INITIAL_HOLD,NEUTRALIZE_PROFILE,0.047229085117578506,0.0026854241732507944,0.13186891376972198,0.001221097307279706,-0.0007531113806180656,0.013325505889952183,0.0,0.0,1.0,0.12720494495442106,0.12720494495442106,0.869418990397263,0.12720494495442106,nan,0.05821830779314041,0.004622998181730509,0.03900332376360893,0.07022821896569796,-0.0220333149308757,0.03816641056791664,-0.06699768149753153,-0.001167518668808043,0.005332729313522577,-0.0027902652509510526,-0.06699768149753153,0.010977987794303389,0.6289923681597159,4.9440452551598595,False,False,0.19500000000000028,1.0723361089985701,5,-0.08628986807014272,0.07754186269324956,-0.0965842083446144,-0.0965842083446144,nan,0.01987191373770436,-0.009199313873744832,0.01219524402029731,0.01219524402029731,nan,0.04631873478617532,-0.02626830404166783,0.03534074699187193,0.03534074699187193,nan,0.011728518418774314,-0.003521233449848629,0.005998818445482757,0.005998818445482757,nan,-0.01007531713166987,0.9354257309057078,-0.0037009915794698573,-0.0037009915794698573,nan,-0.00021922366429816265,-0.019496148564921677,0.0002966817260992578,0.0002966817260992578,nan
5.791,13.67207835500085,ARM_NEUTRALIZE,INITIAL_HOLD,NEUTRALIZE_PROFILE,0.04339165985584259,0.0026538060046732426,0.12648971378803253,0.001221097307279706,-0.0007531113806180656,0.013325505889952183,0.0,0.0,1.0,0.12081432605834626,0.12081432605834626,0.8745913897069127,0.12081432605834626,nan,0.05863653123378754,0.004842622671276331,0.03853258118033409,0.07033102872762731,-0.022089371064886894,0.03816049918844143,-0.06709073904768108,-0.0016569290310144424,0.004634052515029906,-0.003575661918148399,-0.06709073904768108,0.011714767772135232,0.6712067513192228,4.861891014997943,False,False,0.2270000000000003,1.1574724509991938,5,-0.08485600608484312,0.07213687045428471,-0.09395000554911356,-0.09395000554911356,nan,0.019985669277459372,0.01638947970976734,0.011862635341915225,0.011862635341915225,nan,0.046091644001729826,3.6092785576345016e-05,0.034376876229594594,0.034376876229594594,nan,0.01196791664573027,0.02422103805966195,0.005835208839009508,0.005835208839009508,nan,0.006200640792695111,0.6784712028326481,-0.003600052072568488,-0.003600052072568488,nan,-0.00014998549387268412,-0.0007225352229452975,0.00028859013591428474,0.00028859013591428474,nan
5.805,13.747566771999118,ARM_NEUTRALIZE,INITIAL_HOLD,NEUTRALIZE_PROFILE,0.04100711643695831,0.0026452650781720877,0.12295170873403549,0.001221097307279706,-0.0007531113806180656,0.013325505889952183,0.0,0.0,1.0,0.11667210733827905,0.11667210733827905,0.878010413513619,0.11667210733827905,nan,0.05936888977885246,0.0053716483525931835,0.03849899768829346,0.0709626134143936,-0.022058931844338353,0.03823701020091263,-0.0671474793348088,-0.0015128578525036573,0.005287688225507736,-0.001205694978125394,-0.0671474793348088,0.01187117967533717,0.6801684932383028,4.777506411575856,False,False,0.24099999999999966,1.2391046390002884,5,-0.08338321691713801,0.07630461471573402,-0.09278416900295877,-0.09278416900295877,nan,0.02006765970193669,0.01049673424612955,0.011715430520217984,0.011715430520217984,nan,0.045821469249434976,-0.005927301093524039,0.033950289574097806,0.033950289574097806,nan,0.01218329829600151,0.019886041237684282,0.00576279905383492,0.00576279905383492,nan,-0.006291787702933149,0.09825266518919572,-0.0035553786076790517,-0.0035553786076790517,nan,-0.0002142262102537984,0.00200231034949358,0.00028500898735189567,0.00028500898735189567,nan
5.814,13.824540285000694,ARM_NEUTRALIZE,INITIAL_HOLD,NEUTRALIZE_PROFILE,0.04100711643695831,0.0026452650781720877,0.12295170873403549,0.001221097307279706,-0.0007531113806180656,0.013325505889952183,0.0,0.0,1.0,0.11667210733827905,0.11667210733827905,0.878010413513619,0.11667210733827905,nan,0.05936888977885246,0.0053716483525931835,0.03849899768829346,0.0709626134143936,-0.022058931844338353,0.03823701020091263,-0.0671474793348088,-0.0015128578525036573,0.005287688225507736,-0.001205694978125394,-0.0671474793348088,0.012146887812875332,0.6959654058966518,4.777506411575856,False,False,0.25,1.3145906559984724,5,-0.08338321691713801,0.07630461471573402,-0.09203067468082644,-0.09203067468082644,nan,0.02006765970193669,0.01049673424612955,0.011620290255739907,0.011620290255739907,nan,0.045821469249434976,-0.005927301093524039,0.033674581436559645,0.033674581436559645,nan,0.01218329829600151,0.019886041237684282,0.00571599973005679,0.00571599973005679,nan,-0.006291787702933149,0.09825266518919572,-0.003526505604636566,-0.003526505604636566,nan,-0.0002142262102537984,0.00200231034949358,0.000282694447532937,0.000282694447532937,nan
5.814,13.902471830999275,ARM_NEUTRALIZE,INITIAL_HOLD,NEUTRALIZE_PROFILE,0.04100711643695831,0.0026452650781720877,0.12295170873403549,0.001221097307279706,-0.0007531113806180656,0.013325505889952183,0.0,0.0,1.0,0.11667210733827905,0.11667210733827905,0.878010413513619,0.11667210733827905,nan,0.05936888977885246,0.0053716483525931835,0.03849899768829346,0.0709626134143936,-0.022058931844338353,0.03823701020091263,-0.0671474793348088,-0.0015128578525036573,0.005287688225507736,-0.001205694978125394,-0.0671474793348088,0.012146887812875332,0.6959654058966518,4.777506411575856,False,False,0.25,1.3919805400000769,5,-0.08338321691713801,0.07630461471573402,-0.09203067468082644,-0.09203067468082644,nan,0.02006765970193669,0.01049673424612955,0.011620290255739907,0.011620290255739907,nan,0.045821469249434976,-0.005927301093524039,0.033674581436559645,0.033674581436559645,nan,0.01218329829600151,0.019886041237684282,0.00571599973005679,0.00571599973005679,nan,-0.006291787702933149,0.09825266518919572,-0.003526505604636566,-0.003526505604636566,nan,-0.0002142262102537984,0.00200231034949358,0.000282694447532937,0.000282694447532937,nan
5.838,13.98081394899782,ARM_NEUTRALIZE,INITIAL_HOLD,NEUTRALIZE_PROFILE,0.03592211753129959,0.0026465922128409147,0.11457820236682892,0.001221097307279706,-0.0007531113806180656,0.013325505889952183,0.0,0.0,1.0,0.10708794205208046,0.10708794205208046,0.8861541416154582,0.10708794205208046,nan,0.0626198947429657,0.005759701132774353,0.03818335384130478,0.07356897365961598,-0.022107405040301335,0.038440092025344264,-0.06708195910568064,-0.0011543506989255548,0.005464737769216299,0.0014038869412615889,-0.06708195910568063,0.012370565323815405,0.7087811832455093,4.606825695107741,False,False,0.274,1.4713269870007935,5,-0.0804042764451065,0.07464559651276187,-0.09000684252380106,-0.09000684252380106,nan,0.020259326069409944,0.01575942509105105,0.011364750272195323,0.011364750272195323,nan,0.0453046143126663,-0.0011713019777701249,0.0329340489888509,0.0329340489888509,nan,0.012643947111397047,0.023777287185941586,0.00559030007498681,0.00559030007498681,nan,0.006751267826736296,0.7320388558049608,-0.0034489547720544305,-0.0034489547720544305,nan,-0.00014442563199779102,-0.00018256437623433153,0.00027647775820066937,0.00027647775820066937,nan
5.859,14.056729437001195,ARM_NEUTRALIZE,INITIAL_HOLD,NEUTRALIZE_PROFILE,0.03336029499769211,0.002648512367159128,0.110182985663414,0.001221097307279706,-0.0007531113806180656,0.013325505889952183,0.0,0.0,1.0,0.10210715185711242,0.10210715185711242,0.8904460920813613,0.10210715185711242,nan,0.0641082376241684,0.00493801012635231,0.037866633385419846,0.07461991690715417,-0.02213533979583565,0.038471905967585304,-0.06716521989316902,-0.0011543506989255548,0.005464737769216299,0.0014038869412615889,-0.06716521989316902,0.012751254901014489,0.7305930893236365,4.521722682336979,False,False,0.29499999999999993,1.5477821370004676,5,-0.07891894866888993,0.06974149435348666,-0.08821991618265701,-0.08821991618265701,nan,0.02033746456451002,0.011130791179313029,0.011139123297040188,0.011139123297040188,nan,0.04503145671548925,-0.006150037485843589,0.03228020181447476,0.03228020181447476,nan,0.012856456107447123,0.01869949199873414,0.005479314574564974,0.005479314574564974,nan,-0.006449870303445238,-0.008648091482351076,-0.00338048188756269,-0.00338048188756269,nan,-0.00020292156897827596,0.00024832033138040555,0.0002709887823071023,0.0002709887823071023,nan
5.866,14.139901615999406,ARM_NEUTRALIZE,INITIAL_HOLD,NEUTRALIZE_PROFILE,0.03336029499769211,0.002648512367159128,0.110182985663414,0.001221097307279706,-0.0007531113806180656,0.013325505889952183,0.0,0.0,1.0,0.10210715185711242,0.10210715185711242,0.8904460920813613,0.10210715185711242,nan,0.0641082376241684,0.00493801012635231,0.037866633385419846,0.07461991690715417,-0.02213533979583565,0.038471905967585304,-0.06716521989316902,0.0005372556624934077,0.00477190688252449,-0.0015691875014454133,-0.06716521989316902,0.012970331943286027,0.7431452792340048,4.521722682336979,False,False,0.3019999999999996,1.6293874260009034,5,-0.07891894866888993,0.06974149435348666,-0.08762119135380315,-0.08762119135380315,nan,0.02033746456451002,0.011130791179313029,0.011063525065051465,0.011063525065051465,nan,0.04503145671548925,-0.006150037485843589,0.03206112477220322,0.03206112477220322,nan,0.012856456107447123,0.01869949199873414,0.005442127941173706,0.005442127941173706,nan,-0.006449870303445238,-0.008648091482351076,-0.0033575394667675496,-0.0033575394667675496,nan,-0.00020292156897827596,0.00024832033138040555,0.0002691496543717254,0.0002691496543717254,nan
5.877,14.215920195998478,ARM_NEUTRALIZE,INITIAL_HOLD,NEUTRALIZE_PROFILE,0.03184659034013748,0.002645621309056878,0.10742124170064926,0.001221097307279706,-0.0007531113806180656,0.013325505889952183,0.0,0.0,1.0,0.09901252297137966,0.09901252297137966,0.8931506280553209,0.09901252297137966,nan,0.06517791748046875,0.004777082707732916,0.037842247635126114,0.07551832328889144,-0.022051158427788074,0.03855572983346639,-0.06732711106531014,0.0005372556624934077,0.00477190688252449,-0.0015691875014454133,-0.06732711106531014,0.013047966558550977,0.7475934150328084,4.435726091265253,False,False,0.3129999999999997,1.706925799997407,5,-0.07741802500919714,0.08076941094674485,-0.08667741580291118,-0.08667741580291118,nan,0.020424837094836334,-0.005163404813460414,0.010944358864481162,0.010944358864481162,nan,0.04476375813878786,-0.023994121394867014,0.03171579158023688,0.03171579158023688,nan,0.01308335609329525,-7.995982078165542e-06,0.005383510302947735,0.005383510302947735,nan,-0.009761430263900195,0.11906519043360174,-0.0033213751141613975,-0.0033213751141613975,nan,-0.00018663559348741643,-0.011958547365550416,0.00026625061979570173,0.00026625061979570173,nan
5.888,14.295896199000708,ARM_NEUTRALIZE,INITIAL_HOLD,NEUTRALIZE_PROFILE,0.03184659034013748,0.002645621309056878,0.10742124170064926,0.001221097307279706,-0.0007531113806180656,0.013325505889952183,0.0,0.0,1.0,0.09901252297137966,0.09901252297137966,0.8931506280553209,0.09901252297137966,nan,0.06517791748046875,0.004777082707732916,0.037842247635126114,0.07551832328889144,-0.022051158427788074,0.03855572983346639,-0.06732711106531014,0.001281360280700028,0.00365390395745635,-0.004521676804870368,-0.06732711106531014,0.013394542378751303,0.7674507468115719,4.435726091265253,False,False,0.32399999999999984,1.78435908100073,5,-0.07741802500919714,0.08076941094674485,-0.08573024422124845,-0.08573024422124845,nan,0.020424837094836334,-0.005163404813460414,0.010824763862715928,0.010824763862715928,nan,0.04476375813878786,-0.023994121394867014,0.03136921576003655,0.03136921576003655,nan,0.01308335609329525,-7.995982078165542e-06,0.005324681738190624,0.005324681738190624,nan,-0.009761430263900195,0.11906519043360174,-0.0032850806297096604,-0.0032850806297096604,nan,-0.00018663559348741643,-0.011958547365550416,0.0002633411534908456,0.0002633411534908456,nan
5.924,14.370972945998801,ARM_NEUTRALIZE,INITIAL_HOLD,NEUTRALIZE_PROFILE,0.028698595240712166,0.0026457319036126137,0.10068593174219131,0.001221097307279706,-0.0007531113806180656,0.013325505889952183,0.0,0.0,1.0,0.09164283405393527,0.09164283405393527,0.8997757513027935,0.09164283405393527,nan,0.06829521059989929,0.004994770046323538,0.03978189080953598,0.0791945853899248,-0.022097966692282384,0.038494080150238495,-0.06745840815179756,-0.0010383082553744316,0.0003332010819576677,-0.00314986240118742,-0.06745840815179754,0.01400030274869363,0.8021582594055506,4.262736396437586,False,False,0.3600000000000003,1.8653184159993543,5,-0.07439878526243415,0.07069743024035158,-0.0826091409287045,-0.0826091409287045,nan,0.02061258398328647,0.014997172009857028,0.010430676496701407,0.010430676496701407,nan,0.04422748790468223,-0.0017091981188347878,0.030227185155988597,0.030227185155988597,nan,0.013546114348793381,0.02353670124169446,0.0051308308766215595,0.0051308308766215595,nan,0.007585926290734513,0.72119085259761,-0.0031654836769330124,-0.0031654836769330124,nan,-0.0001615328601776156,-0.005731006561989313,0.00025375393081711285,0.00025375393081711285,nan
5.958,14.447044026001095,ARM_NEUTRALIZE,INITIAL_HOLD,NEUTRALIZE_PROFILE,0.02609994448721409,0.0027233401779085398,0.09397103637456894,0.001221097307279706,-0.0007531113806180656,0.013325505889952183,0.0,0.0,1.0,0.08446741584532204,0.08446741584532204,0.9064089069576341,0.08446741584532204,nan,0.07348557561635971,0.007088088430464268,0.041518863290548325,0.0847005716049487,-0.022368270768334888,0.03869403334636217,-0.06773873839871437,-0.004108262248337269,0.0028187378775328393,-0.004384729545563459,-0.06773873839871437,0.014462183645246665,0.8286220854157581,4.099207224849637,False,False,0.39400000000000013,1.9403599680008483,5,-0.07154466279516569,0.06862814135158549,-0.07963642520372516,-0.07963642520372516,nan,0.020722557711172485,-0.009258494409977405,0.010055325346752061,0.010055325346752061,nan,0.043601634107170106,-0.027272702045148905,0.02913945046192344,0.02913945046192344,nan,0.013892131104584315,-0.001987968019214817,0.004946196325799803,0.004946196325799803,nan,-0.01176731314774937,0.08444426291040956,-0.0030515727586279116,-0.0030515727586279116,nan,-0.00027187138988882253,0.0011750237989643086,0.00024462251640056077,0.00024462251640056077,nan
5.991,14.529077690000122,ARM_NEUTRALIZE,INITIAL_HOLD,NEUTRALIZE_PROFILE,0.025498701259493828,0.0027839336544275284,0.09208036214113235,0.001221097307279706,-0.0007531113806180656,0.013325505889952183,0.0,0.0,1.0,0.08248781803626858,0.08248781803626858,0.9082818961436425,0.08248781803626858,nan,0.075558602809906,0.007947519421577454,0.04136064648628235,0.08650415366503915,-0.02242634982715991,0.03874584701435855,-0.06780259127295622,-0.0037768245674669743,0.0044867685064673415,-0.004241938702762128,-0.06780259127295622,0.015201195762076718,0.8709643607191491,4.012051807116892,False,False,0.4269999999999996,2.0066055360002792,5,-0.07002351379477822,0.07707453679449663,-0.07673377079969948,-0.07673377079969948,nan,0.02076309935473475,-0.013362110443702488,0.009688820517749571,0.009688820517749571,nan,0.04327854739174075,-0.02951968820191396,0.028077351629664033,0.028077351629664033,nan,0.014035536035937213,-0.0026517652519360904,0.004765913264229294,0.004765913264229294,nan,-0.01182699631943862,1.1058843777862395,-0.0029403465065155586,-0.0029403465065155586,nan,-0.0003408103942259544,-0.012965944659761273,0.00023570631225481372,0.00023570631225481372,nan
6.016,14.570766274999187,ARM_NEUTRALIZE,INITIAL_HOLD,NEUTRALIZE_PROFILE,0.024178605526685715,0.0027841422706842422,0.08726077526807785,0.001221097307279706,-0.0007531113806180656,0.013325505889952183,0.0,0.0,1.0,0.0774982800135187,0.0774982800135187,0.9130636608570231,0.0774982800135187,nan,0.07877083867788315,0.008780764415860176,0.04196738824248314,0.08968393683173838,-0.02238234681845033,0.03889593335797408,-0.0679164592366059,-0.0005571750807575881,0.003730602795258164,-0.0033154943957924847,-0.0679164592366059,0.01579492623134055,0.9049826107762886,3.9271497631458105,False,False,0.45199999999999996,2.059037069000624,5,-0.06854169358580986,0.07144850561033704,-0.07452686093784681,-0.07452686093784681,nan,0.020900731406462647,0.013478261825375046,0.00941016415396736,0.00941016415396736,nan,0.043064756171917296,-0.004164209104829666,0.027269829940576744,0.027269829940576744,nan,0.014320505564444197,0.022123543456614467,0.0046288427035889555,0.0046288427035889555,nan,-0.007338615309730123,-0.08724687555591656,-0.0028557803548086153,-0.0028557803548086153,nan,-0.00017131825240035425,-0.0004858981133737672,0.0002289272555292695,0.0002289272555292695,nan
6.053,14.66062428999794,ARM_NEUTRALIZE,INITIAL_HOLD,NEUTRALIZE_PROFILE,0.023642800748348236,0.0026779191102832556,0.08546742796897888,0.001221097307279706,-0.0007531113806180656,0.013325505889952183,0.0,0.0,1.0,0.07562381686139016,0.07562381686139016,0.9148420511671193,0.07562381686139016,nan,0.08059725910425186,0.00894046202301979,0.04244081303477287,0.09152634947027831,-0.022452803068030495,0.03901558742910511,-0.06802439857782125,-0.0008169697830453515,0.0037044200580567117,-0.003055911744013429,-0.06802439857782125,0.016441617202678147,0.9420352740831485,3.7533132939924263,False,False,0.4889999999999999,2.1421488579981087,5,-0.06550767483904174,0.07114876838632592,-0.07125378157938703,-0.07125378157938703,nan,0.021090759042185603,0.013654027178554566,0.008996887468696056,0.008996887468696056,nan,0.04251380757593637,-0.0038447612556242686,0.02607219037325822,0.02607219037325822,nan,0.014768207631576047,0.023404850898320374,0.004425552650633293,0.004425552650633293,nan,0.009090620305884478,0.7897256725486201,-0.0027303598605868834,-0.0027303598605868834,nan,-0.0001526711354884469,-0.0025835631258595837,0.00021887320165885903,0.00021887320165885903,nan
6.078,14.738615835998644,ARM_NEUTRALIZE,INITIAL_HOLD,NEUTRALIZE_PROFILE,0.022813932970166206,0.0025030618999153376,0.08090579509735107,0.001221097307279706,-0.0007531113806180656,0.013325505889952183,0.0,0.0,1.0,0.07102076249768766,0.07102076249768766,0.919380714580241,0.07102076249768766,nan,0.08377792686223984,0.010088111273944378,0.043513014912605286,0.09494152666349377,-0.022461536949003727,0.03905893855138762,-0.06800821098136801,-0.00037986173992976546,0.002717320341616869,-0.0007404561620205644,-0.06800821098136801,0.016765771152935108,0.9606079273453659,3.60045671059332,False,False,0.5140000000000002,2.228203039998334,5,-0.06283982417537803,0.0664900526217809,-0.06904114419607146,-0.06904114419607146,nan,0.021343325137622493,0.014583045969190028,0.008717507917106345,0.008717507917106345,nan,0.042028344102302384,-0.004542222970771656,0.025262572949367276,0.025262572949367276,nan,0.015324434086048555,0.022177897224122407,0.004288126355220288,0.004288126355220288,nan,0.0070601928270424,0.6280985990495358,-0.002645574237093933,-0.002645574237093933,nan,-7.153482619859375e-05,0.0042301753121472,0.00021207655146764367,0.00021207655146764367,nan
6.083,14.815785840000899,ARM_NEUTRALIZE,INITIAL_HOLD,NEUTRALIZE_PROFILE,0.022813932970166206,0.0025030618999153376,0.08090579509735107,0.001221097307279706,-0.0007531113806180656,0.013325505889952183,0.0,0.0,1.0,0.07102076249768766,0.07102076249768766,0.919380714580241,0.07102076249768766,nan,0.08377792686223984,0.010088111273944378,0.043513014912605286,0.09494152666349377,-0.022461536949003727,0.03905893855138762,-0.06800821098136801,3.922934411093593e-06,0.0037354412488639355,-0.0011623483151197438,-0.06800821098136801,0.016927637066955558,0.9698821610657652,3.60045671059332,False,False,0.5190000000000001,2.307125020000967,5,-0.06283982417537803,0.0664900526217809,-0.06859877405694458,-0.06859877405694458,nan,0.021343325137622493,0.014583045969190028,0.008661651873075871,0.008661651873075871,nan,0.042028344102302384,-0.004542222970771656,0.025100707035346826,0.025100707035346826,nan,0.015324434086048555,0.022177897224122407,0.004260650868328511,0.004260650868328511,nan,0.0070601928270424,0.6280985990495358,-0.0026286231413819305,-0.0026286231413819305,nan,-7.153482619859375e-05,0.0042301753121472,0.0002107177047296484,0.0002107177047296484,nan
6.103,14.896483896998689,ARM_NEUTRALIZE,INITIAL_HOLD,NEUTRALIZE_PROFILE,0.022642284631729126,0.00243490026332438,0.07854866236448288,0.001221097307279706,-0.0007531113806180656,0.013325505889952183,0.0,0.0,1.0,0.06872474681751968,0.06872474681751968,0.9217326995517302,0.06872474681751968,nan,0.08603072911500931,0.01018616370856762,0.04411610960960388,0.0972176702572348,-0.022383565687408926,0.039161174194219425,-0.0680495518186529,0.0006501914467662573,0.0047188107855618,-0.0026231426745653157,-0.0680495518186529,0.017269927978606846,0.9894939856690693,3.5232559354527386,False,False,0.5389999999999997,2.386837445999845,5,-0.0614924164640831,0.058680009658158325,-0.06683047316806744,-0.06683047316806744,nan,0.02141268722510148,-0.01099525875940154,0.008438376648163104,0.008438376648163104,nan,0.0417236030054049,-0.030023490848788095,0.02445367502679805,0.02445367502679805,nan,0.015533309061074974,-0.005459578390558724,0.0041508221895913905,0.0041508221895913905,nan,0.008815751186642018,0.6806609058876084,-0.002560863961989451,-0.002560863961989451,nan,-0.0001525708687450944,-0.007644845455926096,0.000205285941411746,0.000205285941411746,nan
6.104,14.974649930998567,ARM_NEUTRALIZE,INITIAL_HOLD,NEUTRALIZE_PROFILE,0.022642284631729126,0.00243490026332438,0.07854866236448288,0.001221097307279706,-0.0007531113806180656,0.013325505889952183,0.0,0.0,1.0,0.06872474681751968,0.06872474681751968,0.9217326995517302,0.06872474681751968,nan,0.08603072911500931,0.01018616370856762,0.04411610960960388,0.0972176702572348,-0.022383565687408926,0.039161174194219425,-0.0680495518186529,0.0006501914467662573,0.0047188107855618,-0.0026231426745653157,-0.0680495518186529,0.017302256218474407,0.9913462573725672,3.5232559354527386,False,False,0.54,2.463884158998553,5,-0.0614924164640831,0.058680009658158325,-0.06674212196667655,-0.06674212196667655,nan,0.02141268722510148,-0.01099525875940154,0.008427220948086298,0.008427220948086298,nan,0.0417236030054049,-0.030023490848788095,0.02442134678693049,0.02442134678693049,nan,0.015533309061074974,-0.005459578390558724,0.004145334720928883,0.004145334720928883,nan,0.008815751186642018,0.6806609058876084,-0.002557478449409413,-0.002557478449409413,nan,-0.0001525708687450944,-0.007644845455926096,0.00020501454935520952,0.00020501454935520952,nan
6.14,15.059576993000519,ARM_NEUTRALIZE,INITIAL_HOLD,NEUTRALIZE_PROFILE,0.022902527824044228,0.002356568817049265,0.07522860914468765,0.001221097307279706,-0.0007531113806180656,0.013325505889952183,0.0,0.0,1.0,0.06566390738260627,0.06566390738260627,0.9250579465859365,0.06566390738260627,nan,0.09120753407478333,0.009616240859031677,0.045411258935928345,0.10233996676962331,-0.022421296798353967,0.03924336344303788,-0.0681771478990456,0.00027638161554932594,0.0032262443564832206,-0.003575612092390657,-0.0681771478990456,0.01792012061037585,1.0267472793399368,3.388705351576313,False,False,0.5759999999999996,2.544505420999485,5,-0.059144065764958675,0.04856334987076479,-0.06356751267211404,-0.06356751267211404,nan,0.021621726593898494,0.0133060261674901,0.008026377625147237,0.008026377625147237,nan,0.041179858622951926,-0.005397028881253454,0.023259738012576078,0.023259738012576078,nan,0.01601801901554456,0.019901264647719984,0.003948160616385068,0.003948160616385068,nan,-0.011338980259937514,0.6213473490451701,-0.002435831210500944,-0.002435831210500944,nan,-9.634818943293766e-05,0.0003917704784978911,0.00019526297007176166,0.00019526297007176166,nan
6.177,15.146723898000346,ARM_NEUTRALIZE,INITIAL_HOLD,NEUTRALIZE_PROFILE,0.023799598217010498,0.002337784506380558,0.07248000800609589,0.001221097307279706,-0.0007531113806180656,0.013325505889952183,0.0,0.0,1.0,0.06339240854648,0.06339240854648,0.9278282285315862,0.06339240854648,nan,0.09599959850311279,0.00984585378319025,0.04651637747883797,0.1071290675924726,-0.02247846181424296,0.0391975403715594,-0.06832411917038739,-0.002073142444714904,-0.0011119502596557143,-0.0019302028231322763,-0.06832411917038739,0.018554305633211525,1.0630834045788289,3.2326025311759503,False,False,0.6129999999999995,2.63126325399935,5,-0.056419557577322976,0.0735043694748341,-0.060322158735109654,-0.060322158735109654,nan,0.02178473240179457,0.01086932429633681,0.007616601701398024,0.007616601701398024,nan,0.040626548978154986,-0.006383044046967261,0.02207224334494346,0.02207224334494346,nan,0.016529309217683696,0.02066489662460378,0.0037465925816815198,0.0037465925816815198,nan,0.007964041456946624,0.9106431283977335,-0.002311473121335923,-0.002311473121335923,nan,-0.0001264740288071664,0.004328712327310608,0.00018529408153049976,0.00018529408153049976,nan
6.199,15.223540627001057,ARM_NEUTRALIZE,INITIAL_HOLD,NEUTRALIZE_PROFILE,0.02432415261864662,0.0023430597502738237,0.07152426987886429,0.001221097307279706,-0.0007531113806180656,0.013325505889952183,0.0,0.0,1.0,0.06269317004450277,0.06269317004450277,0.9287972522319307,0.06269317004450277,nan,0.09788819402456284,0.009830670431256294,0.046566449105739594,0.10884472790556221,-0.02247187289831412,0.039280645717512865,-0.06841372848376245,-0.0007844510255381465,0.00045334405149333136,-0.0034345625899732113,-0.06841372848376245,0.01898135437457882,1.0875514951055487,3.142444806147718,False,False,0.6349999999999998,2.7134885049999866,5,-0.054846008429472626,0.0726011141078725,-0.05840406160811286,-0.05840406160811286,nan,0.02186223669050591,0.011213447674848255,0.007374412394064309,0.007374412394064309,nan,0.04035175435990013,-0.0074138704489088,0.021370399985321305,0.021370399985321305,nan,0.016784783033724437,0.017543170755656763,0.0036274601000588396,0.0036274601000588396,nan,0.007863122255897359,-0.09844404385501834,-0.0022379739288976353,-0.0022379739288976353,nan,-0.0001368345221051115,-0.0026655700164426033,0.00017940218288353866,0.00017940218288353866,nan
6.204,15.303256652998243,ARM_NEUTRALIZE,INITIAL_HOLD,NEUTRALIZE_PROFILE,0.02432415261864662,0.0023430597502738237,0.07152426987886429,0.001221097307279706,-0.0007531113806180656,0.013325505889952183,0.0,0.0,1.0,0.06269317004450277,0.06269317004450277,0.9287972522319307,0.06269317004450277,nan,0.09788819402456284,0.009830670431256294,0.046566449105739594,0.10884472790556221,-0.02247187289831412,0.039280645717512865,-0.06841372848376245,0.0003448203788138926,0.0022688161116093393,-0.0034319083206355576,-0.06841372848376245,0.019140342556347195,1.0966608469133354,3.142444806147718,False,False,0.6399999999999997,2.7918118279994815,5,-0.054846008429472626,0.0726011141078725,-0.057969556144043866,-0.057969556144043866,nan,0.02186223669050591,0.011213447674848255,0.007319549386401947,0.007319549386401947,nan,0.04035175435990013,-0.0074138704489088,0.021211411803552932,0.021211411803552932,nan,0.016784783033724437,0.017543170755656763,0.003600473085957942,0.003600473085957942,nan,0.007863122255897359,-0.09844404385501834,-0.002221324198146463,-0.002221324198146463,nan,-0.0001368345221051115,-0.0026655700164426033,0.00017806749439471664,0.00017806749439471664,nan
6.208,15.379547118998744,ARM_NEUTRALIZE,INITIAL_HOLD,NEUTRALIZE_PROFILE,0.02432415261864662,0.0023430597502738237,0.07152426987886429,0.001221097307279706,-0.0007531113806180656,0.013325505889952183,0.0,0.0,1.0,0.06269317004450277,0.06269317004450277,0.9287972522319307,0.06269317004450277,nan,0.09788819402456284,0.009830670431256294,0.046566449105739594,0.10884472790556221,-0.02247187289831412,0.039280645717512865,-0.06841372848376245,0.0003448203788138926,0.0022688161116093393,-0.0034319083206355576,-0.06841372848376245,0.019267383555775907,1.1039397600057244,3.142444806147718,False,False,0.6440000000000001,2.871130481998989,5,-0.054846008429472626,0.0726011141078725,-0.057622360473280246,-0.057622360473280246,nan,0.02186223669050591,0.011213447674848255,0.0072757105850044575,0.0072757105850044575,nan,0.04035175435990013,-0.0074138704489088,0.02108437080412422,0.02108437080412422,nan,0.016784783033724437,0.017543170755656763,0.0035789088589516264,0.0035789088589516264,nan,0.007863122255897359,-0.09844404385501834,-0.002208020074460531,-0.002208020074460531,nan,-0.0001368345221051115,-0.0026655700164426033,0.00017700099902594153,0.00017700099902594153,nan
6.228,15.453784331999486,ARM_NEUTRALIZE,INITIAL_HOLD,NEUTRALIZE_PROFILE,0.024717360734939575,0.0023478155490010977,0.07009108364582062,0.001221097307279706,-0.0007531113806180656,0.013325505889952183,0.0,0.0,1.0,0.06151439637062506,0.06151439637062506,0.9302403199574599,0.06151439637062506,nan,0.09978194534778595,0.009955229237675667,0.047742340713739395,0.11106247927806219,-0.022492424588242514,0.03932433253542115,-0.06844342759676446,-0.0010023090289905667,0.0020920296665281053,-0.0024152717087417845,-0.06844342759676446,0.01962870651593225,1.1246420406638566,3.05362564554199,False,False,0.6639999999999997,2.9469342849988607,5,-0.05329582163804503,0.07316144200293978,-0.055892185309530426,-0.055892185309530426,nan,0.02194370554787728,0.01045567292487174,0.007057249320151492,0.007057249320151492,nan,0.04007999574531773,-0.008521489937954933,0.02045128922938548,0.02045128922938548,nan,0.017042811173154426,0.01666865809120376,0.003471448158448848,0.003471448158448848,nan,0.007936351543175846,-0.12062713411691836,-0.0021417218273475183,-0.0021417218273475183,nan,-0.00014783642585580736,-0.0028311309513720517,0.00017168634808213651,0.00017168634808213651,nan
6.24,15.517180901999382,ARM_NEUTRALIZE,INITIAL_HOLD,NEUTRALIZE_PROFILE,0.024897458031773567,0.0023576703388243914,0.0689849779009819,0.001221097307279706,-0.0007531113806180656,0.013325505889952183,0.0,0.0,1.0,0.06056586369077034,0.06056586369077034,0.9313508540823408,0.06056586369077034,nan,0.10060150921344757,0.010016186162829399,0.0478036142885685,0.11183100276900884,-0.022511640697383713,0.039287818826648405,-0.06856156792162824,-0.0010023090289905667,0.0020920296665281053,-0.0024152717087417845,-0.06856156792162824,0.019737008147575848,1.1308472670714151,2.96424964565423,False,False,0.6760000000000002,3.0096398030000273,5,-0.051735916167741536,0.08078789888460886,-0.05485907260940204,-0.05485907260940204,nan,0.022029272128507138,0.00816845603981056,0.006926802928402023,0.006926802928402023,nan,0.03981027518083735,-0.009149013861380123,0.020073267033261503,0.020073267033261503,nan,0.0173111175471119,0.017347323392902757,0.003407281814612597,0.003407281814612597,nan,0.008170130229816053,0.9674938209352951,-0.0021021341818167286,-0.0021021341818167286,nan,-0.00011352481630400035,0.003675323808621317,0.0001685128928726106,0.0001685128928726106,nan
6.24,15.593200790000992,ARM_NEUTRALIZE,INITIAL_HOLD,NEUTRALIZE_PROFILE,0.024897458031773567,0.0023576703388243914,0.0689849779009819,0.001221097307279706,-0.0007531113806180656,0.013325505889952183,0.0,0.0,1.0,0.06056586369077034,0.06056586369077034,0.9313508540823408,0.06056586369077034,nan,0.10060150921344757,0.010016186162829399,0.0478036142885685,0.11183100276900884,-0.022511640697383713,0.039287818826648405,-0.06856156792162824,-0.0007232475327327847,0.0019840858876705165,-0.0030796329956501727,-0.06856156792162824,0.019737008147575848,1.1308472670714151,2.96424964565423,False,False,0.6760000000000002,3.08426019000035,5,-0.051735916167741536,0.08078789888460886,-0.05485907260940204,-0.05485907260940204,nan,0.022029272128507138,0.00816845603981056,0.006926802928402023,0.006926802928402023,nan,0.03981027518083735,-0.009149013861380123,0.020073267033261503,0.020073267033261503,nan,0.0173111175471119,0.017347323392902757,0.003407281814612597,0.003407281814612597,nan,0.008170130229816053,0.9674938209352951,-0.0021021341818167286,-0.0021021341818167286,nan,-0.00011352481630400035,0.003675323808621317,0.0001685128928726106,0.0001685128928726106,nan
6.27,15.677776081000047,ARM_NEUTRALIZE,INITIAL_HOLD,NEUTRALIZE_PROFILE,0.025320082902908325,0.0023710299283266068,0.067536860704422,0.001221097307279706,-0.0007531113806180656,0.013325505889952183,0.0,0.0,1.0,0.05940868923378894,0.05940868923378894,0.9328098597924959,0.05940868923378894,nan,0.10146830976009369,0.009714859537780285,0.049403585493564606,0.11327360964067963,-0.022520459551205924,0.03928036079959666,-0.06868010680813438,-0.0012449524365365505,0.0018960954621434207,-0.0042016711086034775,-0.0686801068081344,0.02041605117009182,1.1697535663693872,2.8761488031532703,False,False,0.7059999999999995,3.1640810129974852,5,-0.050198266392318835,0.07849658596899925,-0.052294633654768205,-0.052294633654768205,nan,0.02211887871234719,0.010424232692519436,0.006603003009523673,0.006603003009523673,nan,0.03955097445311573,-0.006712923098846118,0.019134923283023908,0.019134923283023908,nan,0.017577686964124872,0.019182500219473115,0.003248005220984755,0.003248005220984755,nan,0.008295494462757347,0.9259568009816644,-0.0020038679420262616,-0.0020038679420262616,nan,-9.531344709756695e-05,0.004394543856392916,0.00016063559917649922,0.00016063559917649922,nan
6.305,15.753063919997658,ARM_NEUTRALIZE,INITIAL_HOLD,NEUTRALIZE_PROFILE,0.026435192674398422,0.0024432064965367317,0.06518431752920151,0.001221097307279706,-0.0007531113806180656,0.013325505889952183,0.0,0.0,1.0,0.05775208565748183,0.05775208565748183,0.9351925731436611,0.05775208565748183,nan,0.10474603623151779,0.010911892168223858,0.05045877769589424,0.1167770942585448,-0.022581032986960684,0.039247464945408185,-0.06895637436201399,-0.001959822839125991,0.0009765927679836746,-0.004364703316241503,-0.06895637436201399,0.020959652245474893,1.2008996137276102,2.6994640567085293,False,False,0.7409999999999997,3.2457146079977974,5,-0.04711453582880676,0.07130161232511065,-0.04934024845466023,-0.04934024845466023,nan,0.022284910385770296,0.011395997959414844,0.00622996637069015,0.00622996637069015,nan,0.03901354808454016,-0.007353926302288823,0.01805389583906527,0.01805389583906527,nan,0.018094504680423285,0.016749480474037584,0.0030645091739888147,0.0030645091739888147,nan,0.008303773594547259,-0.12058407563396333,-0.0018906594275546543,-0.0018906594275546543,nan,-0.00012816099104462353,-0.0027281228118527234,0.00015156049139487587,0.00015156049139487587,nan
6.327,15.832783350000682,ARM_NEUTRALIZE,INITIAL_HOLD,NEUTRALIZE_PROFILE,0.027025535702705383,0.0024991799145936966,0.06428878009319305,0.001221097307279706,-0.0007531113806180656,0.013325505889952183,0.0,0.0,1.0,0.05721627178597838,0.05721627178597838,0.9361047551101044,0.05721627178597838,nan,0.10637248307466507,0.011620406061410904,0.05098152905702591,0.11852955453174689,-0.02263917129628508,0.03914715977849302,-0.06904070175909738,-0.0026392682921141386,0.0008742100326344367,-0.003770743729546666,-0.06904070175909736,0.021368025179656455,1.2242976593235875,2.6120920906545284,False,False,0.7629999999999999,3.3236435639992123,5,-0.045589607347223726,0.07001282468375332,-0.047506517699939674,-0.047506517699939674,nan,0.022366900963870506,0.013655768843384642,0.00599842961737795,0.00599842961737795,nan,0.03875094782585187,-0.005302687911277174,0.01738292264619541,0.01738292264619541,nan,0.018347624691256392,0.01768019902351432,0.002950616664395345,0.002950616664395345,nan,0.008422166713570434,-0.15800532353600968,-0.0018203930538010808,-0.0018203930538010808,nan,-0.00011652284567897908,-0.0036940816757871225,0.00014592774443927977,0.00014592774443927977,nan
6.327,15.908215178998944,ARM_NEUTRALIZE,INITIAL_HOLD,NEUTRALIZE_PROFILE,0.027025535702705383,0.0024991799145936966,0.06428878009319305,0.001221097307279706,-0.0007531113806180656,0.013325505889952183,0.0,0.0,1.0,0.05721627178597838,0.05721627178597838,0.9361047551101044,0.05721627178597838,nan,0.10637248307466507,0.011620406061410904,0.05098152905702591,0.11852955453174689,-0.02263917129628508,0.03914715977849302,-0.06904070175909738,-0.0026392682921141386,0.0008742100326344367,-0.003770743729546666,-0.06904070175909736,0.021368025179656455,1.2242976593235875,2.6120920906545284,False,False,0.7629999999999999,3.3994373669993365,5,-0.045589607347223726,0.07001282468375332,-0.047506517699939674,-0.047506517699939674,nan,0.022366900963870506,0.013655768843384642,0.00599842961737795,0.00599842961737795,nan,0.03875094782585187,-0.005302687911277174,0.01738292264619541,0.01738292264619541,nan,0.018347624691256392,0.01768019902351432,0.002950616664395345,0.002950616664395345,nan,0.008422166713570434,-0.15800532353600968,-0.0018203930538010808,-0.0018203930538010808,nan,-0.00011652284567897908,-0.0036940816757871225,0.00014592774443927977,0.00014592774443927977,nan
6.352,15.990407736000634,ARM_NEUTRALIZE,INITIAL_HOLD,NEUTRALIZE_PROFILE,0.02805960178375244,0.0026011730078607798,0.06308150291442871,0.001221097307279706,-0.0007531113806180656,0.013325505889952183,0.0,0.0,1.0,0.05663228572282914,0.05663228572282914,0.9373421880692052,0.05663228572282914,nan,0.10841692984104156,0.01216987892985344,0.051108118146657944,0.12047562562534118,-0.02268651655965377,0.039179562917808414,-0.06912909934263156,-0.002405745442956686,0.0009664159733802076,-0.0036706351675093174,-0.06912909934263156,0.021862893393804525,1.252651519409448,2.5261381094174338,False,False,0.7880000000000003,3.4777774939975643,5,-0.044089427369438994,0.07738340995253189,-0.04544688190002265,-0.04544688190002265,nan,0.022446753716169887,0.014040103631564986,0.005738368872423582,0.005738368872423582,nan,0.0384921828224396,-0.004922405241718074,0.016629289428635077,0.016629289428635077,nan,0.018595444508312298,0.017181290682177275,0.0028226932549759226,0.0028226932549759226,nan,0.008527415424844698,-0.1425335768860943,-0.0017414702683590795,-0.0017414702683590795,nan,-0.00010897312236757273,-0.003999113295703155,0.00013960107556940668,0.00013960107556940668,nan
6.39,16.072959467997862,ARM_NEUTRALIZE,INITIAL_HOLD,NEUTRALIZE_PROFILE,0.03016768954694271,0.0028310371562838554,0.06135312095284462,0.001221097307279706,-0.0007531113806180656,0.013325505889952183,0.0,0.0,1.0,0.05619077443542905,0.05619077443542905,0.9391358090334678,0.05619077443542905,nan,0.11259149014949799,0.013151359744369984,0.05235722288489342,0.12486424910849679,-0.022601674241082403,0.039090787403221146,-0.06942406654508863,-0.00010366630158387125,0.0014977562241256233,-0.0041109309531748295,-0.06942406654508863,0.022481418169010024,1.2880903785530013,2.3552752671669235,False,False,0.8259999999999996,3.557150446999003,5,-0.04110730820285191,0.07702022361854091,-0.042370193470166476,-0.042370193470166476,nan,0.022608240934339996,0.014384366418340875,0.005349889566959424,0.005349889566959424,nan,0.037984928660943496,-0.004596402332201845,0.015503510491933471,0.015503510491933471,nan,0.01909396051966361,0.017347565975222443,0.0026316009882342275,0.0026316009882342275,nan,0.008668277094773025,-0.15694929946951064,-0.0016235752401064104,-0.0016235752401064104,nan,-0.00010373957810916323,-0.0038531793577182005,0.000130150283874946,0.000130150283874946,nan
6.424,16.151737863998278,ARM_NEUTRALIZE,INITIAL_HOLD,NEUTRALIZE_PROFILE,0.03193915635347366,0.0029552364721894264,0.059523582458496094,0.001221097307279706,-0.0007531113806180656,0.013325505889952183,0.0,0.0,1.0,0.05560227759719854,0.05560227759719854,0.9410232383330814,0.05560227759719854,nan,0.11384881287813187,0.014230622909963131,0.0521804578602314,0.12604309978998784,-0.02260952143877371,0.03904047747966907,-0.06970042292492266,-0.0002719347830861807,-0.0005524915759451695,-0.006307362113147974,-0.06970042292492266,0.02296607035404606,1.3158589032873595,2.186776933602252,False,False,0.8600000000000003,3.6423742929982836,5,-0.03816645749802472,0.06667230466589977,-0.039677942191533644,-0.039677942191533644,nan,0.022768355873711954,0.014054685428610401,0.005009951373442971,0.005009951373442971,nan,0.03748446979203557,-0.004202336707807192,0.014518399437989507,0.014518399437989507,nan,0.019581564557741515,0.017094740756957216,0.0024643860065416455,0.0024643860065416455,nan,0.008898725776476546,-0.19457817385980786,-0.0015204113846189237,-0.0015204113846189237,nan,-0.00010665789654673574,-0.003467090153849689,0.00012188038375226965,0.00012188038375226965,nan
6.45,16.225773489997664,ARM_NEUTRALIZE,INITIAL_HOLD,NEUTRALIZE_PROFILE,0.03229738026857376,0.0029374766163527966,0.058870572596788406,0.001221097307279706,-0.0007531113806180656,0.013325505889952183,0.0,0.0,1.0,0.05526037372099434,0.05526037372099434,0.9416880314973646,0.05526037372099434,nan,0.11499077081680298,0.014490154571831226,0.05255765840411186,0.12726016426785478,-0.02266891187655487,0.03886315793832519,-0.06989604721299146,-0.0004636918311007321,-0.0009607008541934199,-0.005663149990141392,-0.06989604721299146,0.02346116054771516,1.3442254818629136,2.1337863192773896,False,False,0.8860000000000001,3.71946530599962,5,-0.03672516478421706,0.0656114762233691,-0.03766113169306122,-0.03766113169306122,nan,0.022845153532247586,0.014126959295963892,0.004755297982447506,0.004755297982447506,nan,0.0372415968054014,-0.003802104114208428,0.01378043625768624,0.01378043625768624,nan,0.019815986492622173,0.016892001174996476,0.0023391224647407744,0.0023391224647407744,nan,0.008993042782472038,-0.23129751481060157,-0.0014431296136113861,-0.0014431296136113861,nan,-0.00010142648131772347,-0.004169653791674138,0.00011568526314034754,0.00011568526314034754,nan
6.467,16.30577329999869,ARM_NEUTRALIZE,INITIAL_HOLD,NEUTRALIZE_PROFILE,0.03297734633088112,0.0029285019263625145,0.05777427926659584,0.001221097307279706,-0.0007531113806180656,0.013325505889952183,0.0,0.0,1.0,0.05475132037932372,0.05475132037932372,0.9428071861765492,0.05475132037932372,nan,0.11528902500867844,0.014423499815165997,0.052229948341846466,0.1273874567536448,-0.022626541765267672,0.03876167722921661,-0.07001615555776748,-0.0011455289786681533,-0.0005744554800912743,-0.004718605428934097,-0.07001615555776748,0.023699466420645826,1.3578794026150216,2.120231657500439,False,False,0.9029999999999996,3.7991309389981325,5,-0.035300549500163925,0.07386516047868451,-0.03636331401866398,-0.03636331401866398,nan,0.022920821950285664,0.014316894284704307,0.004591428510363028,0.004591428510363028,nan,0.03700502332839939,-0.003594649289687113,0.013305556907753563,0.013305556907753563,nan,0.020047732329819823,0.016322247268771687,0.002258515368223823,0.002258515368223823,nan,0.009077241786523693,-0.26709068399984665,-0.001393398789422266,-0.001393398789422266,nan,-0.00012234683990719475,-0.0051148806666298785,0.00011169870266217419,0.00011169870266217419,nan
6.497,16.3890283849978,ARM_NEUTRALIZE,INITIAL_HOLD,NEUTRALIZE_PROFILE,0.03442094847559929,0.0029738969169557095,0.05615586042404175,0.001221097307279706,-0.0007531113806180656,0.013325505889952183,0.0,0.0,1.0,0.05431905722639672,0.05431905722639672,0.9444762599285985,0.05431905722639672,nan,0.11630219966173172,0.014896524138748646,0.05315948277711868,0.1287401984102262,-0.02264427374903731,0.038553525286754896,-0.07038909957674874,-0.0007066014222800732,0.0009518348961137229,-0.005656784400343895,-0.07038909957674874,0.024050478638192055,1.3779909212379484,2.0932162422138605,False,False,0.9329999999999998,3.8735918380007206,5,-0.032496979866462716,0.0724795829082826,-0.03411541419872348,-0.03411541419872348,nan,0.023057461095839393,0.004034284759194907,0.004307596532991072,0.004307596532991072,nan,0.036533515382854986,-0.010050431379115817,0.012483036744662931,0.012483036744662931,nan,0.020492407365608756,0.01257527013832511,0.002118898932632793,0.002118898932632793,nan,0.009545627052490957,0.9513482621259515,-0.0013072619514475983,-0.0013072619514475983,nan,-0.00011341881596216297,0.0034605660184099385,0.00010479373537913128,0.00010479373537913128,nan
6.53,16.46142862999841,ARM_NEUTRALIZE,INITIAL_HOLD,NEUTRALIZE_PROFILE,0.03511051461100578,0.0030079372227191925,0.055542126297950745,0.001221097307279706,-0.0007531113806180656,0.013325505889952183,0.0,0.0,1.0,0.054266758982417534,0.054266758982417534,0.9451150570805554,0.054266758982417534,nan,0.11730330437421799,0.01475028321146965,0.05325848236680031,0.12966920226462322,-0.022628782338251597,0.03849395565808089,-0.0705541928287234,-0.002281449269503355,0.0021334171760827294,-0.0061096022836863995,-0.0705541928287234,0.024709732450104376,1.4157633822884357,2.0805278055466108,False,False,0.9660000000000002,3.954092916999798,5,-0.031134188369412286,0.06332711607131454,-0.03170848819094306,-0.03170848819094306,nan,0.023133513787820803,0.004925809260084105,0.004003685049874186,0.004003685049874186,nan,0.0363120603860807,-0.009046685457032806,0.011602327935976327,0.011602327935976327,nan,0.02071784470395066,0.013480717580147815,0.001969405424533956,0.001969405424533956,nan,0.009502933601907237,0.9636819215576149,-0.0012150314197708423,-0.0012150314197708423,nan,-0.00010562504261013572,0.004460511813659085,9.740028074694553e-05,9.740028074694553e-05,nan
6.556,16.543813077998493,ARM_NEUTRALIZE,INITIAL_HOLD,NEUTRALIZE_PROFILE,0.036263607442379,0.0030718848574906588,0.05453021451830864,0.001221097307279706,-0.0007531113806180656,0.013325505889952183,0.0,0.0,1.0,0.054225788384659156,0.054225788384659156,0.9461699640974174,0.054225788384659156,nan,0.1183423176407814,0.014723503030836582,0.05422772839665413,0.13100508468434324,-0.022703246364161347,0.03842528577030619,-0.0707334389788013,-0.0019620044622570276,0.002749654464423656,-0.004856371786445379,-0.0707334389788013,0.02494201559877452,1.429072226359245,2.055151249401247,False,False,0.992,4.03369605899934,5,-0.02844693849537716,0.06310852197082155,-0.029863239689369714,-0.029863239689369714,nan,0.023275882629383737,0.005659200154928887,0.00377069400361036,0.00377069400361036,nan,0.03586915592852691,-0.008843805050007064,0.010927140329752387,0.010927140329752387,nan,0.021134934141628037,0.01307808068095168,0.0018547975508716062,0.0018547975508716062,nan,0.009403860500295735,-0.13125302247635579,-0.0011443236997056173,-0.0011443236997056173,nan,-0.00011869070211645294,-0.0005467310662736619,9.173215424974906e-05,9.173215424974906e-05,nan
6.556,16.62235449400032,ARM_NEUTRALIZE,INITIAL_HOLD,NEUTRALIZE_PROFILE,0.03710896521806717,0.003120120381936431,0.0538870170712471,0.001221097307279706,-0.0007531113806180656,0.013325505889952183,0.0,0.0,1.0,0.05429711941511172,0.05429711941511172,0.9468455982456148,0.05429711941511172,nan,0.11915787309408188,0.01449110358953476,0.054215483367443085,0.13171146282808283,-0.022691250600297513,0.038380023136078835,-0.07084047738599167,-0.0019620044622570276,0.002749654464423656,-0.004856371786445379,-0.07084047738599167,0.02494201559877452,1.429072226359245,2.055151249401247,False,False,0.992,4.111927498001023,5,-0.02844693849537716,0.06310852197082155,-0.029863239689369714,-0.029863239689369714,nan,0.023275882629383737,0.005659200154928887,0.00377069400361036,0.00377069400361036,nan,0.03586915592852691,-0.008843805050007064,0.010927140329752387,0.010927140329752387,nan,0.021134934141628037,0.01307808068095168,0.0018547975508716062,0.0018547975508716062,nan,0.009403860500295735,-0.13125302247635579,-0.0011443236997056173,-0.0011443236997056173,nan,-0.00011869070211645294,-0.0005467310662736619,9.173215424974906e-05,9.173215424974906e-05,nan
6.579,16.698619569000584,ARM_NEUTRALIZE,INITIAL_HOLD,NEUTRALIZE_PROFILE,0.038469839841127396,0.003211375791579485,0.05300048738718033,0.001221097307279706,-0.0007531113806180656,0.013325505889952183,0.0,0.0,1.0,0.05456455017405338,0.05456455017405338,0.9477860087597805,0.05456455017405338,nan,0.11967477947473526,0.015311546623706818,0.05514451116323471,0.13265524269235868,-0.022751404000109245,0.03833663516873808,-0.07095502789829479,-0.0023674475960433483,0.003297101007774472,-0.0036802310496568684,-0.07095502789829479,0.025322140767229002,1.4508517941983863,2.043531479777481,False,False,0.0,0.0,6,-0.02720042533174638,0.06424551917626596,-0.028270130220097417,-0.028270130220097417,nan,0.023355464859696973,0.011992860468946357,0.0035695393939509726,0.0035695393939509726,nan,0.035666352690268965,-0.004008378652618501,0.010344211923039963,0.010344211923039963,nan,0.021337582235664954,0.012810306447954858,0.0017558499627126287,0.0017558499627126287,nan,0.009413443057209037,-0.26812360314040895,-0.001083277646401406,-0.001083277646401406,nan,-0.00010509588693174976,-0.0045850398148977595,8.68385336951097e-05,8.68385336951097e-05,nan
6.579,16.77615005699772,ARM_NEUTRALIZE,INITIAL_HOLD,NEUTRALIZE_PROFILE,0.038469839841127396,0.003211375791579485,0.05300048738718033,0.001221097307279706,-0.0007531113806180656,0.013325505889952183,0.0,0.0,1.0,0.05456455017405338,0.05456455017405338,0.9477860087597805,0.05456455017405338,nan,0.11967477947473526,0.015311546623706818,0.05514451116323471,0.13265524269235868,-0.022751404000109245,0.03833663516873808,-0.07095502789829479,-0.0023674475960433483,0.003297101007774472,-0.0036802310496568684,-0.07095502789829479,0.025322140767229002,1.4508517941983863,2.043531479777481,False,False,0.0,0.07626937500026543,6,-0.02720042533174638,0.06424551917626596,-0.028270130220097417,-0.028270130220097417,nan,0.023355464859696973,0.011992860468946357,0.0035695393939509726,0.0035695393939509726,nan,0.035666352690268965,-0.004008378652618501,0.010344211923039963,0.010344211923039963,nan,0.021337582235664954,0.012810306447954858,0.0017558499627126287,0.0017558499627126287,nan,0.009413443057209037,-0.26812360314040895,-0.001083277646401406,-0.001083277646401406,nan,-0.00010509588693174976,-0.0045850398148977595,8.68385336951097e-05,8.68385336951097e-05,nan
6.605,16.85255022199999,ARM_NEUTRALIZE,INITIAL_HOLD,NEUTRALIZE_PROFILE,0.03945131599903107,0.003290680469945073,0.05243276059627533,0.001221097307279706,-0.0007531113806180656,0.013325505889952183,0.0,0.0,1.0,0.05483866559659389,0.05483866559659389,0.9483938570568698,0.05483866559659389,nan,0.12107303738594055,0.015397421084344387,0.0560835599899292,0.13431726121035212,-0.022780074194455886,0.03826691875299746,-0.07106425568301393,-0.0025908665265887976,0.0013472095597535367,-0.0033199067693203688,-0.07106425568301393,0.025747792326846715,1.4752398321076423,2.0311277141121105,False,False,0.02600000000000069,0.1543036260009103,6,-0.02601897766582706,0.060182011074384915,-0.02651520407129468,-0.02651520407129468,nan,0.02341740309230822,0.006002855503858283,0.0033479529359879048,0.0033479529359879048,nan,0.03544986613976242,-0.007570380651268433,0.009702073812915706,0.009702073812915706,nan,0.02152046937238694,0.012552901037775833,0.00164685198537936,0.00164685198537936,nan,0.009669362077653787,0.8263907316156848,-0.0010160309710842957,-0.0010160309710842957,nan,-9.44015825323774e-05,0.002495599807770657,8.14478541220493e-05,8.14478541220493e-05,nan
6.629,16.92773827199926,ARM_NEUTRALIZE,INITIAL_HOLD,NEUTRALIZE_PROFILE,0.04055356979370117,0.003338550217449665,0.051750198006629944,0.001221097307279706,-0.0007531113806180656,0.013325505889952183,0.0,0.0,1.0,0.05513838999090998,0.05513838999090998,0.9491224499088791,0.05513838999090998,nan,0.12198684364557266,0.015576614998281002,0.0568433552980423,0.13547910539619581,-0.022794545060369768,0.0382362096595983,-0.0712130770241121,-0.0009611159330233932,0.0026796262245625253,-0.004347206559032202,-0.07121307702411209,0.026124360325966593,1.4968155891568973,2.0196796092995775,False,False,0.04999999999999982,0.2295465730021533,6,-0.024901580938094803,0.04792289574607281,-0.0249400043505702,-0.0249400043505702,nan,0.0235043964859587,0.007187174733295262,0.0031490597079521405,0.0031490597079521405,nan,0.03525005901767031,-0.006843037226335858,0.009125698691703717,0.009125698691703717,nan,0.02170328772443675,0.012949811634586469,0.0015490167667452145,0.0015490167667452145,nan,0.009514783932148774,0.7162195273780855,-0.0009556711979671036,-0.0009556711979671036,nan,-7.647457116988221e-05,0.0035621274654086404,7.66092476862213e-05,7.66092476862213e-05,nan
6.629,17.002730436001002,ARM_NEUTRALIZE,INITIAL_HOLD,NEUTRALIZE_PROFILE,0.04055356979370117,0.003338550217449665,0.051750198006629944,0.001221097307279706,-0.0007531113806180656,0.013325505889952183,0.0,0.0,1.0,0.05513838999090998,0.05513838999090998,0.9491224499088791,0.05513838999090998,nan,0.12198684364557266,0.015576614998281002,0.0568433552980423,0.13547910539619581,-0.022794545060369768,0.0382362096595983,-0.0712130770241121,-0.0009611159330233932,0.0026796262245625253,-0.004347206559032202,-0.07121307702411209,0.026124360325966593,1.4968155891568973,2.0196796092995775,False,False,0.04999999999999982,0.30435845000101835,6,-0.024901580938094803,0.04792289574607281,-0.0249400043505702,-0.0249400043505702,nan,0.0235043964859587,0.007187174733295262,0.0031490597079521405,0.0031490597079521405,nan,0.03525005901767031,-0.006843037226335858,0.009125698691703717,0.009125698691703717,nan,0.02170328772443675,0.012949811634586469,0.0015490167667452145,0.0015490167667452145,nan,0.009514783932148774,0.7162195273780855,-0.0009556711979671036,-0.0009556711979671036,nan,-7.647457116988221e-05,0.0035621274654086404,7.66092476862213e-05,7.66092476862213e-05,nan
6.654,17.0810397690002,ARM_NEUTRALIZE,INITIAL_HOLD,NEUTRALIZE_PROFILE,0.04109549522399902,0.003200356848537922,0.050693362951278687,0.001221097307279706,-0.0007531113806180656,0.013325505889952183,0.0,0.0,1.0,0.05479009273231379,0.05479009273231379,0.9502011224769293,0.05479009273231379,nan,0.12011010944843292,0.016299504786729813,0.0573384165763855,0.13408879991816722,-0.02277356894382535,0.03808317147967022,-0.07147472648758439,-0.00038548524025827646,0.003321556374430656,-0.004556471947580576,-0.07147472648758439,0.02651237452279328,1.519047165026225,2.0084981468526135,False,False,0.07500000000000018,0.3798424790002173,6,-0.02401864790469599,0.035464802956490814,-0.023346241366560175,-0.023346241366560175,nan,0.023588421112820335,0.010838466851718478,0.002947822581990823,0.002947822581990823,nan,0.03505490568278269,-0.004518125871897448,0.00854253115998941,0.00854253115998941,nan,0.021872723051417076,0.01212339481688549,0.0014500285889667702,0.0014500285889667702,nan,0.009329881950781882,-0.47723320395817764,-0.0008946001027581862,-0.0008946001027581862,nan,-6.323136900654447e-05,-0.0058532173236321965,7.171361970320677e-05,7.171361970320677e-05,nan
6.664,17.157035062999057,ARM_NEUTRALIZE,INITIAL_HOLD,NEUTRALIZE_PROFILE,0.04109549522399902,0.003200356848537922,0.050693362951278687,0.001221097307279706,-0.0007531113806180656,0.013325505889952183,0.0,0.0,1.0,0.05479009273231379,0.05479009273231379,0.9502011224769293,0.05479009273231379,nan,0.12011010944843292,0.016299504786729813,0.0573384165763855,0.13408879991816722,-0.02277356894382535,0.03808317147967022,-0.07147472648758439,0.00010453948198119178,0.0026883997488766904,-0.003285226877778769,-0.07147472648758439,0.026528179823455802,1.5199527420481227,1.9963267162735903,False,False,0.08499999999999996,0.45822630700058653,6,-0.023220787957900946,0.03666927140034948,-0.02272248334555424,-0.02272248334555424,nan,0.023648601532822333,-0.014095728574562824,0.0028690635238988026,0.0028690635238988026,nan,0.03484247414450081,-0.02803685183951426,0.00831429432104501,0.00831429432104501,nan,0.02200976049957326,-0.010876850556749418,0.0014112871509401994,0.0014112871509401994,nan,0.009715509791012877,0.7971646706642337,-0.0008706984399197547,-0.0008706984399197547,nan,-0.00011925530735368284,-0.0057751278745223344,6.979759627130151e-05,6.979759627130151e-05,nan
6.68,17.25068302499858,ARM_NEUTRALIZE,INITIAL_HOLD,NEUTRALIZE_PROFILE,0.041408758610486984,0.0031678148079663515,0.05030537769198418,0.001221097307279706,-0.0007531113806180656,0.013325505889952183,0.0,0.0,1.0,0.0547533807329954,0.0547533807329954,0.9506022280539237,0.0547533807329954,nan,0.11944546550512314,0.0159758273512125,0.057756103575229645,0.13363462795804074,-0.02271495626912131,0.03793162523104621,-0.07156194801141445,-0.0007351277745328844,0.0025558008346706624,-0.0028334292583167557,-0.07156194801141445,0.02670072693844494,1.529838963504159,1.9856383692060464,False,False,0.10099999999999998,0.541027524999663,6,-0.022402108547742827,0.03612025980219016,-0.021741100407119934,-0.021741100407119934,nan,0.023731008400099896,-0.006502561284638256,0.0027451488113729213,0.0027451488113729213,nan,0.034655927296576294,-0.020665996995082765,0.007955200358131354,0.007955200358131354,nan,0.022167483795426435,-0.004681625525868503,0.001350333728283813,0.001350333728283813,nan,0.009354588433939881,-0.46637854523420574,-0.0008330930171116975,-0.0008330930171116975,nan,-6.705257572736656e-05,-0.004080670880977015,6.678304152027854e-05,6.678304152027854e-05,nan
6.704,17.293110162998346,ARM_NEUTRALIZE,INITIAL_HOLD,NEUTRALIZE_PROFILE,0.04199099913239479,0.003133075311779976,0.049759119749069214,0.001221097307279706,-0.0007531113806180656,0.013325505889952183,0.0,0.0,1.0,0.05481510339927253,0.05481510339927253,0.9511733757150217,0.05481510339927253,nan,0.11981532722711563,0.015933582559227943,0.05826103687286377,0.13417876176658405,-0.0227491553093111,0.03781388438623192,-0.07163813660010303,-0.002213597996160388,0.0018743254477158184,-0.004328746348619461,-0.07163813660010303,0.027038634919089213,1.5491996646588642,1.9749547513767067,False,False,0.125,0.5921339570013515,6,-0.021619378494744268,0.03449532202863233,-0.020308021408936963,-0.020308021408936963,nan,0.023807928378857923,-0.0020820171185605947,0.0025642005136879906,0.0025642005136879906,nan,0.034469462989429545,-0.018093571448112557,0.007430828070340331,0.007430828070340331,nan,0.022315731375488035,-0.005340894014318188,0.0012613255883872736,0.0012613255883872736,nan,0.009585495867254323,-0.5187144845951003,-0.0007781791404449633,-0.0007781791404449633,nan,-7.134394681695966e-05,-0.007248635080896612,6.238099321336996e-05,6.238099321336996e-05,nan
6.7059999999999995,17.36927934399864,ARM_NEUTRALIZE,INITIAL_HOLD,NEUTRALIZE_PROFILE,0.04199099913239479,0.003133075311779976,0.049759119749069214,0.001221097307279706,-0.0007531113806180656,0.013325505889952183,0.0,0.0,1.0,0.05481510339927253,0.05481510339927253,0.9511733757150217,0.05481510339927253,nan,0.11981532722711563,0.015933582559227943,0.05826103687286377,0.13417876176658405,-0.0227491553093111,0.03781388438623192,-0.07163813660010303,-0.002213597996160388,0.0018743254477158184,-0.004328746348619461,-0.07163813660010303,0.027081549876220065,1.5516585105804468,1.9749547513767067,False,False,0.12699999999999978,0.6700785149987496,6,-0.021619378494744268,0.03449532202863233,-0.02019073732431985,-0.02019073732431985,nan,0.023807928378857923,-0.0020820171185605947,0.0025493915914416194,0.0025493915914416194,nan,0.034469462989429545,-0.018093571448112557,0.007387913113209479,0.007387913113209479,nan,0.022315731375488035,-0.005340894014318188,0.0012540411063562944,0.0012540411063562944,nan,0.009585495867254323,-0.5187144845951003,-0.0007736849543144003,-0.0007736849543144003,nan,-7.134394681695966e-05,-0.007248635080896612,6.202072681719034e-05,6.202072681719034e-05,nan
6.725,17.45343297299769,ARM_NEUTRALIZE,INITIAL_HOLD,NEUTRALIZE_PROFILE,0.04245248809456825,0.003125358372926712,0.04947679117321968,0.001221097307279706,-0.0007531113806180656,0.013325505889952183,0.0,0.0,1.0,0.054972589001387386,0.054972589001387386,0.951475881002108,0.054972589001387386,nan,0.11999665200710297,0.015903210267424583,0.05899965390563011,0.13465907971877655,-0.022804682430087684,0.037639000777676165,-0.07185375309259014,-0.004354402422904968,0.0005488484166562551,-0.005210671108216047,-0.07185375309259014,0.02729536901622036,1.5639094448815805,1.9641951491095968,False,False,0.1459999999999999,0.7506176960014272,6,-0.02086136823314355,0.035594999531438895,-0.019093161549332785,-0.019093161549332785,nan,0.023871038941240208,0.006512259346039285,0.0024108057435463237,0.0024108057435463237,nan,0.03428167250366343,-0.004975402007774894,0.006986303487443071,0.006986303487443071,nan,0.022458312438826233,0.012718609087703893,0.0011858709787841452,0.0011858709787841452,nan,0.009951881462018974,0.7561650747226729,-0.0007316271606990768,-0.0007316271606990768,nan,-6.025100965256769e-05,0.0036574833280223693,5.8649257702011234e-05,5.8649257702011234e-05,nan
6.727,17.544936089998373,ARM_NEUTRALIZE,INITIAL_HOLD,NEUTRALIZE_PROFILE,0.04245248809456825,0.003125358372926712,0.04947679117321968,0.001221097307279706,-0.0007531113806180656,0.013325505889952183,0.0,0.0,1.0,0.054972589001387386,0.054972589001387386,0.951475881002108,0.054972589001387386,nan,0.11999665200710297,0.015903210267424583,0.05899965390563011,0.13465907971877655,-0.022804682430087684,0.037639000777676165,-0.07185375309259014,-0.004354402422904968,0.0005488484166562551,-0.005210671108216047,-0.07185375309259014,0.027336999527520243,1.5662946974780354,1.9641951491095968,False,False,0.14800000000000058,0.8464064130021143,6,-0.02086136823314355,0.035594999531438895,-0.018979387780549542,-0.018979387780549542,nan,0.023871038941240208,0.006512259346039285,0.00239644005274447,0.00239644005274447,nan,0.03428167250366343,-0.004975402007774894,0.006944672976143186,0.006944672976143186,nan,0.022458312438826233,0.012718609087703893,0.0011788045214979415,0.0011788045214979415,nan,0.009951881462018974,0.7561650747226729,-0.0007272674856813044,-0.0007272674856813044,nan,-6.025100965256769e-05,0.0036574833280223693,5.8299774088841304e-05,5.8299774088841304e-05,nan
6.752,17.62939199700122,ARM_NEUTRALIZE,INITIAL_HOLD,NEUTRALIZE_PROFILE,0.04326392337679863,0.003142654662951827,0.0491107814013958,0.001221097307279706,-0.0007531113806180656,0.013325505889952183,0.0,0.0,1.0,0.05534764819220396,0.05534764819220396,0.9518781168780739,0.05534764819220396,nan,0.12055182456970215,0.01685081049799919,0.058722399175167084,0.13514811277413896,-0.02285748200751134,0.037528663982002185,-0.07192868444467856,-0.003268023720011115,0.0005723310750909144,-0.004781522788107395,-0.07192868444467856,0.0276711882256983,1.5854422994446093,1.9541271443388526,False,False,0.17300000000000004,0.9253412059988477,6,-0.020094145991251366,0.03526524782062218,-0.01758583739065192,-0.01758583739065192,nan,0.02394349138906282,0.011060168398980053,0.0022204828507270923,0.0022204828507270923,nan,0.03410595267130745,-0.0024655857965575536,0.006434764445609149,0.006434764445609149,nan,0.02259948148748947,0.011564826131344125,0.0010922514925203663,0.0010922514925203663,nan,0.009685157086154028,-0.5217044593632723,-0.0006738682981021517,-0.0006738682981021517,nan,-6.439454929463295e-05,-0.004105333892896565,5.4019147450520095e-05,5.4019147450520095e-05,nan
6.773,17.712092327998107,ARM_NEUTRALIZE,INITIAL_HOLD,NEUTRALIZE_PROFILE,0.04388168081641197,0.0031718951649963856,0.04891900345683098,0.001221097307279706,-0.0007531113806180656,0.013325505889952183,0.0,0.0,1.0,0.055697649239139085,0.055697649239139085,0.952098064705395,0.055697649239139085,nan,0.12131292372941971,0.016743503510951996,0.05894036218523979,0.13590855995163995,-0.022857768573524142,0.037393203464501014,-0.07199977784741732,-0.0013070101849734783,-2.8846408895333887e-05,-0.004817987326532602,-0.07199977784741732,0.02790248724879313,1.598694757273442,1.9437067151934988,False,False,0.19399999999999995,1.0123911330010742,6,-0.01933509808837819,0.04387979595408985,-0.01645666827328629,-0.01645666827328629,nan,0.023997241552033977,0.006694483603567794,0.0020779078567143595,0.0020779078567143595,nan,0.033924081873250245,-0.004054561887014909,0.006021594624457116,0.006021594624457116,nan,0.02272627693619267,0.012138727755698032,0.0010221191111982157,0.0010221191111982157,nan,0.010132635832783343,0.7778455919677888,-0.0006305998853171468,-0.0006305998853171468,nan,-6.5478346477299e-05,0.0031862857051109944,5.0550631752770494e-05,5.0550631752770494e-05,nan
6.779,17.795297922999453,ARM_NEUTRALIZE,INITIAL_HOLD,NEUTRALIZE_PROFILE,0.04491293802857399,0.003223798470571637,0.048649463802576065,0.001221097307279706,-0.0007531113806180656,0.013325505889952183,0.0,0.0,1.0,0.05632561371340984,0.05632561371340984,0.9524155645526082,0.05632561371340984,nan,0.12171216309070587,0.01589306630194187,0.05846573784947395,0.135958385923708,-0.02278823080269428,0.037252727090159435,-0.07210499924471322,-0.0013070101849734783,-2.8846408895333887e-05,-0.004817987326532602,-0.07210499924471322,0.02783563986997517,1.5948646845956609,1.9332601704201215,False,False,0.20000000000000018,1.089165076999052,6,-0.018613306292235343,0.037971962818587154,-0.016141070265979218,-0.016141070265979218,nan,0.024045626200273063,0.008838501026492158,0.0020380587470369624,0.0020380587470369624,nan,0.03374175527149781,-0.003122899955262878,0.005906115401522638,0.005906115401522638,nan,0.022850667201629093,0.010667394281789179,0.0010025174063228578,0.0010025174063228578,nan,0.009892399191042678,-0.4870529865505443,-0.0006185065463794465,-0.0006185065463794465,nan,-7.594316703851689e-05,-0.005893083795631578,4.958119623980065e-05,4.958119623980065e-05,nan
6.814,17.873813145000895,ARM_NEUTRALIZE,INITIAL_HOLD,NEUTRALIZE_PROFILE,0.04566756263375282,0.0032554329372942448,0.04845547303557396,0.001221097307279706,-0.0007531113806180656,0.013325505889952183,0.0,0.0,1.0,0.05679499361051561,0.05679499361051561,0.9526453227284908,0.05679499361051561,nan,0.1223282516002655,0.015515529550611973,0.059130553156137466,0.13675289800718876,-0.02279191549210469,0.03712274740387294,-0.07217124724180056,0.000763173564337194,0.000207957840757444,-0.0038808409590274096,-0.07217124724180056,0.028342998022120487,1.6239341654151438,1.9250525114656694,False,False,0.23500000000000032,1.1732665090021328,6,-0.017882981241849727,0.04126804485941596,-0.014362994146140146,-0.014362994146140146,nan,0.02412710841419763,-0.001821727553482804,0.001813549248644311,0.001813549248644311,nan,0.03359850459886182,-0.015797061891439236,0.005255506576741335,0.005255506576741335,nan,0.022987696084181053,-0.005670880952240182,0.0008920815906965068,0.0008920815906965068,nan,0.0098367433475266,-0.507481792548052,-0.000550372791804362,-0.000550372791804362,nan,-6.966651998929763e-05,-0.007942785106748576,4.4119405938766016e-05,4.4119405938766016e-05,nan
6.814,17.952766137001163,ARM_NEUTRALIZE,INITIAL_HOLD,NEUTRALIZE_PROFILE,0.04566756263375282,0.0032554329372942448,0.04845547303557396,0.001221097307279706,-0.0007531113806180656,0.013325505889952183,0.0,0.0,1.0,0.05679499361051561,0.05679499361051561,0.9526453227284908,0.05679499361051561,nan,0.1223282516002655,0.015515529550611973,0.059130553156137466,0.13675289800718876,-0.02279191549210469,0.03712274740387294,-0.07217124724180056,0.000763173564337194,0.000207957840757444,-0.0038808409590274096,-0.07217124724180056,0.028342998022120487,1.6239341654151438,1.9250525114656694,False,False,0.23500000000000032,1.25196791900089,6,-0.017882981241849727,0.04126804485941596,-0.014362994146140146,-0.014362994146140146,nan,0.02412710841419763,-0.001821727553482804,0.001813549248644311,0.001813549248644311,nan,0.03359850459886182,-0.015797061891439236,0.005255506576741335,0.005255506576741335,nan,0.022987696084181053,-0.005670880952240182,0.0008920815906965068,0.0008920815906965068,nan,0.0098367433475266,-0.507481792548052,-0.000550372791804362,-0.000550372791804362,nan,-6.966651998929763e-05,-0.007942785106748576,4.4119405938766016e-05,4.4119405938766016e-05,nan
6.836,18.030998278998595,ARM_NEUTRALIZE,INITIAL_HOLD,NEUTRALIZE_PROFILE,0.046267732977867126,0.0031140148639678955,0.04797545075416565,0.001221097307279706,-0.0007531113806180656,0.013325505889952183,0.0,0.0,1.0,0.056962906612314276,0.056962906612314276,0.9531532628964863,0.056962906612314276,nan,0.12108974903821945,0.015623435378074646,0.05927494168281555,0.13572154496119263,-0.022716148217612326,0.036783932235414776,-0.07225592689501754,0.001023764256387949,-0.0010066456161439423,-0.0035221308935433626,-0.07225592689501756,0.02842950757038086,1.6288907974180464,1.9077418839791778,False,False,0.25700000000000056,1.3298989819995768,6,-0.01651809016455008,0.037422969413184265,-0.013300871821507382,-0.013300871821507382,nan,0.024241148429651638,0.00923016480466396,0.0016794399449568363,0.0016794399449568363,nan,0.033296377153636314,-0.0015367642042579443,0.004866869583255454,0.004866869583255454,nan,0.0232379122998827,0.010519560965999923,0.0008261134671122394,0.0008261134671122394,nan,0.009935924044194522,-0.5100900516965148,-0.0005096735320888682,-0.0005096735320888682,nan,-6.794652696040515e-05,-0.006802298059034935,4.0856840660224026e-05,4.0856840660224026e-05,nan
6.839,18.106994277000922,ARM_NEUTRALIZE,INITIAL_HOLD,NEUTRALIZE_PROFILE,0.046267732977867126,0.0031140148639678955,0.04797545075416565,0.001221097307279706,-0.0007531113806180656,0.013325505889952183,0.0,0.0,1.0,0.056962906612314276,0.056962906612314276,0.9531532628964863,0.056962906612314276,nan,0.12108974903821945,0.015623435378074646,0.05927494168281555,0.13572154496119263,-0.022716148217612326,0.036783932235414776,-0.07225592689501754,0.001023764256387949,-0.0010066456161439423,-0.0035221308935433626,-0.07225592689501756,0.028481278377634818,1.6318570461756836,1.9077418839791778,False,False,0.2600000000000007,1.4072310869996727,6,-0.01651809016455008,0.037422969413184265,-0.013159385213000363,-0.013159385213000363,nan,0.024241148429651638,0.00923016480466396,0.0016615750812703119,0.0016615750812703119,nan,0.033296377153636314,-0.0015367642042579443,0.004815098776001496,0.004815098776001496,nan,0.0232379122998827,0.010519560965999923,0.0008173257730217896,0.0008173257730217896,nan,0.009935924044194522,-0.5100900516965148,-0.0005042519341313225,-0.0005042519341313225,nan,-6.794652696040515e-05,-0.006802298059034935,4.042223036573341e-05,4.042223036573341e-05,nan
6.857,18.19097961800071,ARM_NEUTRALIZE,INITIAL_HOLD,NEUTRALIZE_PROFILE,0.04620850086212158,0.0029703460168093443,0.047789521515369415,0.001221097307279706,-0.0007531113806180656,0.013325505889952183,0.0,0.0,1.0,0.05679347662034487,0.05679347662034487,0.9533356407075702,0.05679347662034487,nan,0.12006215006113052,0.016031207516789436,0.05971505865454674,0.1350474276758493,-0.022683649232557238,0.03653673359931108,-0.07225893082555175,-0.00028874046984128654,-0.001624286407604814,-0.0029947771690785885,-0.07225893082555175,0.028646682336795126,1.6413339949503234,1.8997768412301632,False,False,0.27800000000000047,1.4893797559998347,6,-0.015851799808329403,0.0332668851822291,-0.012327422546370814,-0.012327422546370814,nan,0.024301541928076986,0.012528080474097678,0.0015565269796269932,0.0015565269796269932,nan,0.03315736093260391,0.0015913014019769064,0.004510678595808781,0.004510678595808781,nan,0.023347929261345435,0.013035200568977539,0.000765652802087213,0.000765652802087213,nan,0.009959423379462429,-0.5558547108460962,-0.0004723721177886447,-0.0004723721177886447,nan,-6.855198374555727e-05,-0.0038860276011836933,3.786665607241716e-05,3.786665607241716e-05,nan
6.882,18.267408184998203,ARM_NEUTRALIZE,INITIAL_HOLD,NEUTRALIZE_PROFILE,0.046250104904174805,0.0028940821066498756,0.04782884940505028,0.001221097307279706,-0.0007531113806180656,0.013325505889952183,0.0,0.0,1.0,0.056845353892958285,0.056845353892958285,0.9532981422095596,0.056845353892958285,nan,0.11976110935211182,0.016244621947407722,0.05982508510351181,0.13485418741405517,-0.022584764334741242,0.03636006230174595,-0.07229090627356394,0.0011102277785539627,-0.00029437552439048935,-0.0038722506724298,-0.07229090627356394,0.02887366433643479,1.6543391055551162,1.8895722240238415,False,False,0.30299999999999994,1.5700751260010293,6,-0.015165965149131821,0.026294927118304345,-0.011220345581260838,-0.011220345581260838,nan,0.024312299234307666,-0.004540717376730671,0.0014167414601288786,0.0014167414601288786,nan,0.03297925676344793,-0.011587068455149566,0.004105592427013138,0.004105592427013138,nan,0.023412554412312048,0.0039558148856380405,0.0006968925582264886,0.0006968925582264886,nan,0.010609667238827392,0.793268944138329,-0.0004299502499085688,-0.0004299502499085688,nan,-0.00014276917341859985,-0.0005241631814729367,3.446600175673823e-05,3.446600175673823e-05,nan
6.883,18.345699223998963,ARM_NEUTRALIZE,INITIAL_HOLD,NEUTRALIZE_PROFILE,0.046250104904174805,0.0028940821066498756,0.04782884940505028,0.001221097307279706,-0.0007531113806180656,0.013325505889952183,0.0,0.0,1.0,0.056845353892958285,0.056845353892958285,0.9532981422095596,0.056845353892958285,nan,0.11976110935211182,0.016244621947407722,0.05982508510351181,0.13485418741405517,-0.022584764334741242,0.03636006230174595,-0.07229090627356394,0.0011102277785539627,-0.00029437552439048935,-0.0038722506724298,-0.07229090627356394,0.028889437776631714,1.6552428571068019,1.8895722240238415,False,False,0.30400000000000027,1.64581434199863,6,-0.015165965149131821,0.026294927118304345,-0.011177237685589009,-0.011177237685589009,nan,0.024312299234307666,-0.004540717376730671,0.0014112984242958988,0.0014112984242958988,nan,0.03297925676344793,-0.011587068455149566,0.004089818986816214,0.004089818986816214,nan,0.023412554412312048,0.0039558148856380405,0.0006942151387587074,0.0006942151387587074,nan,0.010609667238827392,0.793268944138329,-0.00042829840680062587,-0.00042829840680062587,nan,-0.00014276917341859985,-0.0005241631814729367,3.433358544235692e-05,3.433358544235692e-05,nan
6.904,18.420293723000214,ARM_NEUTRALIZE,INITIAL_HOLD,NEUTRALIZE_PROFILE,0.0464375838637352,0.0028068795800209045,0.04777147248387337,0.001221097307279706,-0.0007531113806180656,0.013325505889952183,0.0,0.0,1.0,0.05695374269299153,0.05695374269299153,0.9533643041270262,0.05695374269299153,nan,0.11921390146017075,0.016192829236388206,0.05998899042606354,0.13443526692193708,-0.02255881904766801,0.03622320937180791,-0.07231207879172967,0.0003627114638220519,-0.0005857651121914392,-0.004544873256236315,-0.07231207879172967,0.029112692272686168,1.6680343974880423,1.8838239151663536,False,False,0.3250000000000002,1.7219664320000447,6,-0.014542570534224808,0.02550681631010806,-0.010292908485529245,-0.010292908485529245,nan,0.024392008659932962,0.004643296338554164,0.0012996382411889114,0.0012996382411889114,nan,0.03287892984746321,-0.0032030804100504594,0.003766237574777044,0.003766237574777044,nan,0.023552458803104415,0.009740773960274106,0.0006392896969279957,0.0006392896969279957,nan,0.010406741916098028,0.7491862287387416,-0.0003944119674023482,-0.0003944119674023482,nan,-6.846703907736895e-05,0.0017030113183865402,3.1617154692336366e-05,3.1617154692336366e-05,nan
6.904,18.49292195900125,ARM_NEUTRALIZE,INITIAL_HOLD,NEUTRALIZE_PROFILE,0.0464375838637352,0.0028068795800209045,0.04777147248387337,0.001221097307279706,-0.0007531113806180656,0.013325505889952183,0.0,0.0,1.0,0.05695374269299153,0.05695374269299153,0.9533643041270262,0.05695374269299153,nan,0.11921390146017075,0.016192829236388206,0.05998899042606354,0.13443526692193708,-0.02255881904766801,0.03622320937180791,-0.07231207879172967,0.0003627114638220519,-0.0005857651121914392,-0.004544873256236315,-0.07231207879172967,0.029112692272686168,1.6680343974880423,1.8838239151663536,False,False,0.3250000000000002,1.7967998150015774,6,-0.014542570534224808,0.02550681631010806,-0.010292908485529245,-0.010292908485529245,nan,0.024392008659932962,0.004643296338554164,0.0012996382411889114,0.0012996382411889114,nan,0.03287892984746321,-0.0032030804100504594,0.003766237574777044,0.003766237574777044,nan,0.023552458803104415,0.009740773960274106,0.0006392896969279957,0.0006392896969279957,nan,0.010406741916098028,0.7491862287387416,-0.0003944119674023482,-0.0003944119674023482,nan,-6.846703907736895e-05,0.0017030113183865402,3.1617154692336366e-05,3.1617154692336366e-05,nan
6.93,18.568631481997727,ARM_NEUTRALIZE,INITIAL_HOLD,NEUTRALIZE_PROFILE,0.0466279573738575,0.0027654971927404404,0.04783766716718674,0.001221097307279706,-0.0007531113806180656,0.013325505889952183,0.0,0.0,1.0,0.05714239077448665,0.05714239077448665,0.9533073599050866,0.05714239077448665,nan,0.11825069040060043,0.016539350152015686,0.06074872985482216,0.13396710067267933,-0.0225056805152816,0.03602642645502046,-0.07237439145676568,0.0011644785990938544,-0.0004066571127623326,-0.005250371526926756,-0.07237439145676568,0.029369708676202193,1.6827603526751418,1.8767585389144474,False,False,0.351,1.8699534150000545,6,-0.013951673728248792,0.03386313950485828,-0.009253487374194791,-0.009253487374194791,nan,0.024445783179697145,-0.0010095422279576148,0.0011683953153542419,0.0011683953153542419,nan,0.03275561576897523,-0.012320422629236799,0.0033859070927730398,0.0033859070927730398,nan,0.0236568319417767,-0.004479518443552058,0.000574731539417922,0.000574731539417922,nan,0.01000250245592671,-0.5180953592722402,-0.00035458259108395087,-0.00035458259108395087,nan,-6.670673439490571e-05,-0.005784228949468825,2.842432167397764e-05,2.842432167397764e-05,nan
6.953,18.649523641997803,ARM_NEUTRALIZE,INITIAL_HOLD,NEUTRALIZE_PROFILE,0.0470246858894825,0.0027225741650909185,0.04794200137257576,0.001221097307279706,-0.0007531113806180656,0.013325505889952183,0.0,0.0,1.0,0.057518265590322235,0.057518265590322235,0.9532225166473699,0.057518265590322235,nan,0.11824142932891846,0.016376592218875885,0.06106940284371376,0.13408467603024873,-0.022466797286536045,0.035842352011008036,-0.0723747717880323,0.00042015602230094373,-0.0012717439094558365,-0.004434427712112665,-0.07237477178803231,0.02954520800406879,1.6928157234692804,1.8686099782367982,False,False,0.37400000000000055,1.9497408530005487,6,-0.013370068255337486,0.03608577773409725,-0.008385181060098085,-0.008385181060098085,nan,0.024476359454930652,-0.016885580642927847,0.001058758268405617,0.001058758268405617,nan,0.032613396555851715,-0.02533883261481314,0.0030681885517829244,0.0030681885517829244,nan,0.023732511959987157,-0.016635574815311867,0.0005208012745991919,0.0005208012745991919,nan,0.01029842891910171,0.7381027745017035,-0.00032131012955063064,-0.00032131012955063064,nan,-0.00015399302509599977,-0.015080003435048991,2.575710908856273e-05,2.575710908856273e-05,nan
6.9559999999999995,18.736339690000023,ARM_NEUTRALIZE,INITIAL_HOLD,NEUTRALIZE_PROFILE,0.0470246858894825,0.0027225741650909185,0.04794200137257576,0.001221097307279706,-0.0007531113806180656,0.013325505889952183,0.0,0.0,1.0,0.057518265590322235,0.057518265590322235,0.9532225166473699,0.057518265590322235,nan,0.11824142932891846,0.016376592218875885,0.06106940284371376,0.13408467603024873,-0.022466797286536045,0.035842352011008036,-0.0723747717880323,0.00042015602230094373,-0.0012717439094558365,-0.004434427712112665,-0.07237477178803231,0.029479590506848452,1.6890561178163437,1.8625501494082537,False,False,0.3769999999999998,2.0290507239988074,6,-0.012788148624150786,0.03281146221659636,-0.008275463095585467,-0.008275463095585467,nan,0.024531755584384918,0.01040540551582296,0.001044904685365753,0.001044904685365753,nan,0.03250763259068634,0.0009315414580753252,0.0030280420838378896,0.0030280420838378896,nan,0.02383518743807489,0.009073020229366416,0.0005139867221935768,0.0005139867221935768,nan,0.010094335450491876,-0.5598417927729715,-0.0003171058681114419,-0.0003171058681114419,nan,-8.14639923882865e-05,-0.0034216589931633443,2.542008385790018e-05,2.542008385790018e-05,nan
6.977,18.780570206999982,ARM_NEUTRALIZE,INITIAL_HOLD,NEUTRALIZE_PROFILE,0.047941986471414566,0.002662265207618475,0.04800215736031532,0.001221097307279706,-0.0007531113806180656,0.013325505889952183,0.0,0.0,1.0,0.05828358635777217,0.05828358635777217,0.9532079595311166,0.05828358635777217,nan,0.11718980222940445,0.014612821862101555,0.06188228353857994,0.13332817153658727,-0.022399700022194848,0.035599826816702304,-0.07235379678418345,0.0002301414788234979,-0.0006004823371768002,-0.00361432321369648,-0.07235379678418345,0.029631354476915284,1.697751552783323,1.8556225673807558,False,False,0.3980000000000006,2.079499407002004,6,-0.012219686182182166,0.02310438677292026,-0.007530263393940334,-0.007530263393940334,nan,0.024561076584885377,-0.015584575088050107,0.0009508117444888206,0.0009508117444888206,nan,0.03238672347510452,-0.02311502065431856,0.0027553689981892338,0.0027553689981892338,nan,0.02390193076715441,-0.013708046335672325,0.0004677025749979316,0.0004677025749979316,nan,0.010458977312465478,0.6957737831688546,-0.0002885507050254489,-0.0002885507050254489,nan,-0.0001398816202611286,-0.003160876909827342,2.3131022969355333e-05,2.3131022969355333e-05,nan
6.997,18.857886016998236,ARM_NEUTRALIZE,INITIAL_HOLD,NEUTRALIZE_PROFILE,0.048405423760414124,0.0026376901660114527,0.048127681016922,0.001221097307279706,-0.0007531113806180656,0.013325505889952183,0.0,0.0,1.0,0.058728609650943224,0.058728609650943224,0.9531059511434496,0.058728609650943224,nan,0.11732741445302963,0.014226852916181087,0.06189717724919319,0.13341433984976905,-0.022358291532387466,0.03552869813210485,-0.07238957775771489,0.0001436402089893818,0.00188869668636471,-0.004022609908133745,-0.07238957775771487,0.029791259612553404,1.7069134421778542,1.8506817784262626,False,False,0.41800000000000015,2.1572486879995267,6,-0.011700708226502599,0.02259497926506186,-0.00685758207369308,-0.00685758207369308,nan,0.024617951665533155,-0.012676256317551815,0.0008658753662866975,0.0008658753662866975,nan,0.032300490440202445,-0.01970670294494552,0.0025092308276490408,0.0025092308276490408,nan,0.02400448425586088,-0.010986590618322856,0.00042592252439760045,0.00042592252439760045,nan,0.010324275284649076,0.6638760510391654,-0.0002627743597556423,-0.0002627743597556423,nan,-0.00010135001495203966,-0.01571684613161797,2.1064719806279197e-05,2.1064719806279197e-05,nan
7.001,18.93239402299878,ARM_NEUTRALIZE,INITIAL_HOLD,NEUTRALIZE_PROFILE,0.048405423760414124,0.0026376901660114527,0.048127681016922,0.001221097307279706,-0.0007531113806180656,0.013325505889952183,0.0,0.0,1.0,0.058728609650943224,0.058728609650943224,0.9531059511434496,0.058728609650943224,nan,0.11732741445302963,0.014226852916181087,0.06189717724919319,0.13341433984976905,-0.022358291532387466,0.03552869813210485,-0.07238957775771489,-0.0004678894765675068,0.0003619752533268177,-0.005117428954690695,-0.07238957775771487,0.029838906665147977,1.709643417197761,1.8506817784262626,False,False,0.4220000000000006,2.2335337690019514,6,-0.011700708226502599,0.02259497926506186,-0.0067273654470932365,-0.0067273654470932365,nan,0.024617951665533155,-0.012676256317551815,0.0008494335114110109,0.0008494335114110109,nan,0.032300490440202445,-0.01970670294494552,0.0024615837750544683,0.0024615837750544683,nan,0.02400448425586088,-0.010986590618322856,0.00041783480576383994,0.00041783480576383994,nan,0.010324275284649076,0.6638760510391654,-0.00025778461405276745,-0.00025778461405276745,nan,-0.00010135001495203966,-0.01571684613161797,2.066472798351016e-05,2.066472798351016e-05,nan
7.015,19.006320968997898,ARM_NEUTRALIZE,INITIAL_HOLD,NEUTRALIZE_PROFILE,0.048405423760414124,0.0026376901660114527,0.048127681016922,0.001221097307279706,-0.0007531113806180656,0.013325505889952183,0.0,0.0,1.0,0.058728609650943224,0.058728609650943224,0.9531059511434496,0.058728609650943224,nan,0.11732741445302963,0.014226852916181087,0.06189717724919319,0.13341433984976905,-0.022358291532387466,0.03552869813210485,-0.07238957775771489,-0.0004678894765675068,0.0003619752533268177,-0.005117428954690695,-0.07238957775771487,0.029913637490544133,1.7139251780924898,1.8456454168880172,False,False,0.43599999999999994,2.3087340269994456,6,-0.011250310869336921,0.024971444392953176,-0.006282901867529833,-0.006282901867529833,nan,0.024654428126136274,-0.003450483700569236,0.0007933131382795063,0.0007933131382795063,nan,0.032212589349039256,-0.008014327693006083,0.0022989518584951227,0.0022989518584951227,nan,0.02410524793538027,0.003253761278846681,0.00039022929586602154,0.00039022929586602154,nan,0.010500049636536168,0.7390437413089982,-0.00024075330020199848,-0.00024075330020199848,nan,-9.604679287722462e-05,-0.008657264459381267,1.929945073753808e-05,1.929945073753808e-05,nan
7.022,19.080508996998105,ARM_NEUTRALIZE,INITIAL_HOLD,NEUTRALIZE_PROFILE,0.04868517816066742,0.0025759339332580566,0.04843834042549133,0.001221097307279706,-0.0007531113806180656,0.013325505889952183,0.0,0.0,1.0,0.05913402288935632,0.05913402288935632,0.9528097784869536,0.05913402288935632,nan,0.11632797867059708,0.014007451012730598,0.06223243102431297,0.1326698261725582,-0.02238377373729057,0.03534573787822967,-0.07244051873032431,-0.0008144257008098066,-0.0007144188857637352,-0.005247984081506729,-0.07244051873032431,0.02999254990667531,1.7184465264879865,1.8456454168880172,False,False,0.4430000000000005,2.382007819000137,6,-0.011250310869336921,0.024971444392953176,-0.006067238818801862,-0.006067238818801862,nan,0.024654428126136274,-0.003450483700569236,0.0007660823564521677,0.0007660823564521677,nan,0.032212589349039256,-0.008014327693006083,0.002220039442363944,0.002220039442363944,nan,0.02410524793538027,0.003253761278846681,0.00037683452360571384,0.00037683452360571384,nan,0.010500049636536168,0.7390437413089982,-0.00023248934959324997,-0.00023248934959324997,nan,-9.604679287722462e-05,-0.008657264459381267,1.863698958939528e-05,1.863698958939528e-05,nan
7.037,19.160780100999546,ARM_NEUTRALIZE,INITIAL_HOLD,NEUTRALIZE_PROFILE,0.04826836660504341,0.0025010115932673216,0.048560336232185364,0.001221097307279706,-0.0007531113806180656,0.013325505889952183,0.0,0.0,1.0,0.05886873647320302,0.05886873647320302,0.9526665335070402,0.05886873647320302,nan,0.11562646925449371,0.013958318158984184,0.06234969198703766,0.13210525776427778,-0.022353798748632952,0.035207812437549696,-0.07240831340162786,-0.0008144257008098066,-0.0007144188857637352,-0.005247984081506729,-0.07240831340162786,0.030069050843959437,1.7228297073231618,1.8406476378857632,False,False,0.4580000000000002,2.461744860000181,6,-0.01082574730198882,0.026721865878420202,-0.005619777968284417,-0.005619777968284417,nan,0.02469662647671722,-0.005119958080305064,0.0007095835316948129,0.0007095835316948129,nan,0.03212536165016289,-0.01464471048110047,0.00205631080620345,0.00205631080620345,nan,0.024178151099714995,-0.010722327022705147,0.0003490428540385924,0.0003490428540385924,nan,0.010024173600247543,-0.5808456764273716,-0.0002153431838971074,-0.0002153431838971074,nan,-7.133594806152388e-05,-0.0038240429227117054,1.7262505501689212e-05,1.7262505501689212e-05,nan
7.042,19.239507513000717,ARM_NEUTRALIZE,INITIAL_HOLD,NEUTRALIZE_PROFILE,0.04826836660504341,0.0025010115932673216,0.048560336232185364,0.001221097307279706,-0.0007531113806180656,0.013325505889952183,0.0,0.0,1.0,0.05886873647320302,0.05886873647320302,0.9526665335070402,0.05886873647320302,nan,0.11562646925449371,0.013958318158984184,0.06234969198703766,0.13210525776427778,-0.022353798748632952,0.035207812437549696,-0.07240831340162786,-0.0006945630302652717,-0.0009518431033939127,-0.0039748940616846085,-0.07240831340162786,0.030122006628491182,1.7258638502776351,1.8406476378857632,False,False,0.4630000000000001,2.537159202998737,6,-0.01082574730198882,0.026721865878420202,-0.0054750528857205605,-0.0054750528857205605,nan,0.02469662647671722,-0.005119958080305064,0.0006913097607753847,0.0006913097607753847,nan,0.03212536165016289,-0.01464471048110047,0.0020033550216717044,0.0020033550216717044,nan,0.024178151099714995,-0.010722327022705147,0.0003400540192208916,0.0003400540192208916,nan,0.010024173600247543,-0.5808456764273716,-0.00020979749147919443,-0.00020979749147919443,nan,-7.133594806152388e-05,-0.0038240429227117054,1.681794745187116e-05,1.681794745187116e-05,nan
7.063,19.31651044499813,ARM_NEUTRALIZE,INITIAL_HOLD,NEUTRALIZE_PROFILE,0.04777136817574501,0.002401722129434347,0.048782482743263245,0.001221097307279706,-0.0007531113806180656,0.013325505889952183,0.0,0.0,1.0,0.058601005963890035,0.058601005963890035,0.9524193598529168,0.058601005963890035,nan,0.11402083188295364,0.013717823661863804,0.061727240681648254,0.13038090746527614,-0.022297948612656684,0.034953878368416944,-0.07234281333140138,0.0010729699861258268,-0.0021977901924401526,-0.0037157842889428134,-0.07234281333140138,0.03025280022595416,1.7333577713995967,1.835901534658049,False,False,0.484,2.6170948309991218,6,-0.010415407586632952,0.016284189429679213,-0.004891217990275476,-0.004891217990275476,nan,0.024731754821123886,-0.0034847791409288935,0.0006175916122338199,0.0006175916122338199,nan,0.032042526522199744,-0.012326096326087903,0.001789726296245582,0.001789726296245582,nan,0.02425053082043771,-0.007851395593895773,0.00030379219547206453,0.00030379219547206453,nan,0.010116903474007621,-0.6198499334868643,-0.0001874256351594404,-0.0001874256351594404,nan,-7.848349975958513e-05,0.00023788437998036385,1.5024557543661722e-05,1.5024557543661722e-05,nan
7.064,19.396227389999694,ARM_NEUTRALIZE,INITIAL_HOLD,NEUTRALIZE_PROFILE,0.04777136817574501,0.002401722129434347,0.048782482743263245,0.001221097307279706,-0.0007531113806180656,0.013325505889952183,0.0,0.0,1.0,0.058601005963890035,0.058601005963890035,0.9524193598529168,0.058601005963890035,nan,0.11402083188295364,0.013717823661863804,0.061727240681648254,0.13038090746527614,-0.022297948612656684,0.034953878368416944,-0.07234281333140138,0.0010729699861258268,-0.0021977901924401526,-0.0037157842889428134,-0.07234281333140138,0.03026262082691855,1.7339204503871384,1.835901534658049,False,False,0.4850000000000003,2.6926771639991784,6,-0.010415407586632952,0.016284189429679213,-0.004864378858385254,-0.004864378858385254,nan,0.024731754821123886,-0.0034847791409288935,0.0006142027584211326,0.0006142027584211326,nan,0.032042526522199744,-0.012326096326087903,0.001779905695281192,0.001779905695281192,nan,0.02425053082043771,-0.007851395593895773,0.00030212522441951453,0.00030212522441951453,nan,0.010116903474007621,-0.6198499334868643,-0.00018639719166097923,-0.00018639719166097923,nan,-7.848349975958513e-05,0.00023788437998036385,1.494211466699822e-05,1.494211466699822e-05,nan
7.103,19.47872484400068,ARM_NEUTRALIZE,INITIAL_HOLD,NEUTRALIZE_PROFILE,0.04725831747055054,0.00225527910515666,0.049035701900720596,0.001221097307279706,-0.0007531113806180656,0.013325505889952183,0.0,0.0,1.0,0.058341187447667454,0.058341187447667454,0.952140499670844,0.058341187447667454,nan,0.11109541356563568,0.012525158002972603,0.06283925473690033,0.12824914204082657,-0.022081958476713587,0.03463090314925929,-0.07220685894224343,0.0017865152331069112,-0.00040293644997291294,-0.002371016889810562,-0.07220685894224345,0.03046538838606308,1.745538175748289,1.8269868266777416,False,False,0.524,2.779181038000388,6,-0.009643354956782701,0.013993592346953061,-0.003885005719028639,-0.003885005719028639,nan,0.02479576641267922,-0.0059348813560736015,0.000490541813986372,0.000490541813986372,nan,0.031886935516089565,-0.014485371718061314,0.0014215471300264848,0.0014215471300264848,nan,0.02437791555261981,-0.01187562248187619,0.00024129662982752542,0.00024129662982752542,nan,0.01012441939491815,-0.6551543638184067,-0.00014886878195465372,-0.00014886878195465372,nan,-8.067339141870633e-05,0.0012936180829819233,1.193373349931456e-05,1.193373349931456e-05,nan
7.118,19.571114708000096,ARM_NEUTRALIZE,INITIAL_HOLD,NEUTRALIZE_PROFILE,0.04714450612664223,0.002204450313001871,0.04925549775362015,0.001221097307279706,-0.0007531113806180656,0.013325505889952183,0.0,0.0,1.0,0.05838382450717936,0.05838382450717936,0.9519152129317107,0.05838382450717936,nan,0.10960744321346283,0.012829643674194813,0.06358857452869415,0.12736521571916948,-0.022117054197031753,0.03440611336369108,-0.07214639121352284,0.0017865152331069112,-0.00040293644997291294,-0.002371016889810562,-0.07214639121352284,0.03052509010308404,1.7489588321632745,1.8232334811286883,False,False,0.5390000000000006,2.8719748740004434,6,-0.009286470454832774,0.02139806216106666,-0.003542814186810961,-0.003542814186810961,nan,0.024827321203638064,-0.0027712457371602975,0.0004473348621606213,0.0004473348621606213,nan,0.03182142727829351,-0.010367200361239655,0.0012963371752094735,0.0012963371752094735,nan,0.024441977330202924,-0.007498419185789548,0.00022004320848113823,0.00022004320848113823,nan,0.010151438352278497,-0.601346665862129,-0.00013575641088479137,-0.00013575641088479137,nan,-8.121290069773579e-05,0.0015044907685593245,1.088260955084614e-05,1.088260955084614e-05,nan
7.128,19.645400434001203,ARM_NEUTRALIZE,INITIAL_HOLD,NEUTRALIZE_PROFILE,0.04714450612664223,0.002204450313001871,0.04925549775362015,0.001221097307279706,-0.0007531113806180656,0.013325505889952183,0.0,0.0,1.0,0.05838382450717936,0.05838382450717936,0.9519152129317107,0.05838382450717936,nan,0.10960744321346283,0.012829643674194813,0.06358857452869415,0.12736521571916948,-0.022117054197031753,0.03440611336369108,-0.07214639121352284,0.0013561149826273322,-8.009921293705749e-05,-0.0038746572099626064,-0.07214639121352284,0.030604738415147,1.7535223442898231,1.8232334811286883,False,False,0.5490000000000004,2.9476436030017794,6,-0.009286470454832774,0.02139806216106666,-0.0033251399772546153,-0.0033251399772546153,nan,0.024827321203638064,-0.0027712457371602975,0.0004198501403001563,0.0004198501403001563,nan,0.03182142727829351,-0.010367200361239655,0.001216688863146513,0.001216688863146513,nan,0.024441977330202924,-0.007498419185789548,0.0002065235235784741,0.0002065235235784741,nan,0.010151438352278497,-0.601346665862129,-0.00012741539499364941,-0.00012741539499364941,nan,-8.121290069773579e-05,0.0015044907685593245,1.0213970636417777e-05,1.0213970636417777e-05,nan
7.149,19.722397270001238,ARM_NEUTRALIZE,INITIAL_HOLD,NEUTRALIZE_PROFILE,0.04707883670926094,0.002139763906598091,0.049753837287425995,0.001221097307279706,-0.0007531113806180656,0.013325505889952183,0.0,0.0,1.0,0.05863722639153036,0.05863722639153036,0.9514140871384262,0.05863722639153036,nan,0.10884062945842743,0.01272006519138813,0.0636141374707222,0.12670769970891196,-0.02193447085246606,0.03433258909589396,-0.07215430601207863,0.0032483842223882675,-0.0015238050837069754,-0.004412479232996702,-0.07215430601207863,0.03070125816219936,1.7590525184355936,1.8197424550559897,False,False,0.5700000000000003,3.0254783810014487,6,-0.008974451634136571,0.011097020410297736,-0.002894839241253361,-0.002894839241253361,nan,0.02485529592530078,-0.0053748469913975925,0.00036551804432308557,0.00036551804432308557,nan,0.031760497379051955,-0.01293025739446424,0.001059239216852595,0.001059239216852595,nan,0.024497086972540494,-0.010842538992929487,0.0001797976639739806,0.0001797976639739806,nan,0.010114972252890375,-0.6641378883479202,-0.00011092678440320809,-0.00011092678440320809,nan,-8.370871963414572e-05,0.0025028221758630516,8.892197985518803e-06,8.892197985518803e-06,nan
7.149,19.807558037999115,ARM_NEUTRALIZE,INITIAL_HOLD,NEUTRALIZE_PROFILE,0.04707883670926094,0.002139763906598091,0.049753837287425995,0.001221097307279706,-0.0007531113806180656,0.013325505889952183,0.0,0.0,1.0,0.05863722639153036,0.05863722639153036,0.9514140871384262,0.05863722639153036,nan,0.10884062945842743,0.01272006519138813,0.0636141374707222,0.12670769970891196,-0.02193447085246606,0.03433258909589396,-0.07215430601207863,0.0032483842223882675,-0.0015238050837069754,-0.004412479232996702,-0.07215430601207863,0.03070125816219936,1.7590525184355936,1.8197424550559897,False,False,0.5700000000000003,3.1000656850010273,6,-0.008974451634136571,0.011097020410297736,-0.002894839241253361,-0.002894839241253361,nan,0.02485529592530078,-0.0053748469913975925,0.00036551804432308557,0.00036551804432308557,nan,0.031760497379051955,-0.01293025739446424,0.001059239216852595,0.001059239216852595,nan,0.024497086972540494,-0.010842538992929487,0.0001797976639739806,0.0001797976639739806,nan,0.010114972252890375,-0.6641378883479202,-0.00011092678440320809,-0.00011092678440320809,nan,-8.370871963414572e-05,0.0025028221758630516,8.892197985518803e-06,8.892197985518803e-06,nan
7.165,19.884198498999467,ARM_NEUTRALIZE,INITIAL_HOLD,NEUTRALIZE_PROFILE,0.04711324721574783,0.002105082618072629,0.050019390881061554,0.001221097307279706,-0.0007531113806180656,0.013325505889952183,0.0,0.0,1.0,0.05882771363818438,0.05882771363818438,0.9511504860630784,0.05882771363818438,nan,0.10810438543558121,0.012393211014568806,0.06433165073394775,0.12640692669237305,-0.021895151615928806,0.03409704868889029,-0.07208786822633503,0.0016582703683525324,-0.0036840699613094334,-0.00390896014869213,-0.07208786822633503,0.030753633761500997,1.7620534192250457,1.81637270254483,False,False,0.5860000000000003,3.1859656010019535,6,-0.008683063590377849,0.009843373297379415,-0.0025909665039594854,-0.0025909665039594854,nan,0.024880541148543323,-0.0045279312973320425,0.0003271494305928553,0.0003271494305928553,nan,0.03170168410275487,-0.011627272022248539,0.0009480503412538713,0.0009480503412538713,nan,0.024549272205407924,-0.009740071767579586,0.00016092421237355083,0.00016092421237355083,nan,0.010113227352360532,-0.6523312173449911,-9.928274381696203e-05,-9.928274381696203e-05,nan,-8.380780208394611e-05,0.002929894420456401,7.95877947166421e-06,7.95877947166421e-06,nan
7.172,19.963959242999408,ARM_NEUTRALIZE,INITIAL_HOLD,NEUTRALIZE_PROFILE,0.04711324721574783,0.002105082618072629,0.050019390881061554,0.001221097307279706,-0.0007531113806180656,0.013325505889952183,0.0,0.0,1.0,0.05882771363818438,0.05882771363818438,0.9511504860630784,0.05882771363818438,nan,0.10810438543558121,0.012393211014568806,0.06433165073394775,0.12640692669237305,-0.021895151615928806,0.03409704868889029,-0.07208786822633503,0.0016582703683525324,-0.0036840699613094334,-0.00390896014869213,-0.07208786822633503,0.030799933864180756,1.7647062196996182,1.81637270254483,False,False,0.593,3.2607005960016977,6,-0.008683063590377849,0.009843373297379415,-0.0024644310132233005,-0.0024644310132233005,nan,0.024880541148543323,-0.0045279312973320425,0.00031117237582165,0.00031117237582165,nan,0.03170168410275487,-0.011627272022248539,0.0009017502385741116,0.0009017502385741116,nan,0.024549272205407924,-0.009740071767579586,0.0001530651280693355,0.0001530651280693355,nan,0.010113227352360532,-0.6523312173449911,-9.443405484652837e-05,-9.443405484652837e-05,nan,-8.380780208394611e-05,0.002929894420456401,7.570095146888507e-06,7.570095146888507e-06,nan
7.175,20.0405410079984,ARM_NEUTRALIZE,INITIAL_HOLD,NEUTRALIZE_PROFILE,0.04711324721574783,0.002105082618072629,0.050019390881061554,0.001221097307279706,-0.0007531113806180656,0.013325505889952183,0.0,0.0,1.0,0.05882771363818438,0.05882771363818438,0.9511504860630784,0.05882771363818438,nan,0.10810438543558121,0.012393211014568806,0.06433165073394775,0.12640692669237305,-0.021895151615928806,0.03409704868889029,-0.07208786822633503,0.0016582703683525324,-0.0036840699613094334,-0.00390896014869213,-0.07208786822633503,0.030766649551627938,1.7627991690663474,1.8133535013092996,False,False,0.5960000000000001,3.342668485998729,6,-0.008411340473177376,0.017282044383545546,-0.0024113827257330467,-0.0024113827257330467,nan,0.02490400443788854,-0.004995534246018111,0.0003044742124066295,0.0003044742124066295,nan,0.03164898910041458,-0.011797409444306906,0.0008823395487866439,0.0008823395487866439,nan,0.02459629869697988,-0.010888540838310794,0.000149770313617242,0.000149770313617242,nan,0.01009530444916873,-0.6396487478091282,-9.240130778909866e-05,-9.240130778909866e-05,nan,-8.323548022026728e-05,0.002064010749256509,7.407144517909269e-06,7.407144517909269e-06,nan
7.184,20.123498729997664,ARM_NEUTRALIZE,INITIAL_HOLD,NEUTRALIZE_PROFILE,0.047262050211429596,0.0020483729895204306,0.050435297191143036,0.001221097307279706,-0.0007531113806180656,0.013325505889952183,0.0,0.0,1.0,0.05920096510544586,0.05920096510544586,0.9507423531338891,0.05920096510544586,nan,0.10697222501039505,0.010963455773890018,0.06351785361766815,0.12489104056887407,-0.02189056286884106,0.03389054954057495,-0.07204709801492551,0.0019587764982134104,-0.0024326061829924588,-0.003571551293134689,-0.07204709801492551,0.030823338668890574,1.7660472162298186,1.8133535013092996,False,False,0.6050000000000004,3.420399370999803,6,-0.008411340473177376,0.017282044383545546,-0.0022564546617103443,-0.0022564546617103443,nan,0.02490400443788854,-0.004995534246018111,0.0002849121579183052,0.0002849121579183052,nan,0.03164898910041458,-0.011797409444306906,0.0008256504315240082,0.0008256504315240082,nan,0.02459629869697988,-0.010888540838310794,0.00014014777444534832,0.00014014777444534832,nan,0.01009530444916873,-0.6396487478091282,-8.646464930010637e-05,-8.646464930010637e-05,nan,-8.323548022026728e-05,0.002064010749256509,6.931245545983454e-06,6.931245545983454e-06,nan
7.186,20.20255242300118,ARM_NEUTRALIZE,INITIAL_HOLD,NEUTRALIZE_PROFILE,0.047262050211429596,0.0020483729895204306,0.050435297191143036,0.001221097307279706,-0.0007531113806180656,0.013325505889952183,0.0,0.0,1.0,0.05920096510544586,0.05920096510544586,0.9507423531338891,0.05920096510544586,nan,0.10697222501039505,0.010963455773890018,0.06351785361766815,0.12489104056887407,-0.02189056286884106,0.03389054954057495,-0.07204709801492551,0.0019587764982134104,-0.0024326061829924588,-0.003571551293134689,-0.07204709801492551,0.03083562394431385,1.7667511106617282,1.8133535013092996,False,False,0.6070000000000002,3.5019087940017926,6,-0.008411340473177376,0.017282044383545546,-0.002222879717713677,-0.002222879717713677,nan,0.02490400443788854,-0.004995534246018111,0.0002806728040733557,0.0002806728040733557,nan,0.03164898910041458,-0.011797409444306906,0.000813365156100733,0.000813365156100733,nan,0.02459629869697988,-0.010888540838310794,0.00013806244396736243,0.00013806244396736243,nan,0.01009530444916873,-0.6396487478091282,-8.517809752168863e-05,-8.517809752168863e-05,nan,-8.323548022026728e-05,0.002064010749256509,6.828111995381945e-06,6.828111995381945e-06,nan
7.218,20.275638731000072,ARM_NEUTRALIZE,INITIAL_HOLD,NEUTRALIZE_PROFILE,0.04725918546319008,0.0019205629359930754,0.051159970462322235,0.001221097307279706,-0.0007531113806180656,0.013325505889952183,0.0,0.0,1.0,0.05964981814624924,0.05964981814624924,0.9500181686818924,0.05964981814624924,nan,0.10377886146306992,0.010567045770585537,0.06283056735992432,0.12177600230611405,-0.021812885595864258,0.03360794113688448,-0.07203558603425388,0.0011050140019506216,-0.002344734268262983,-0.00389404222369194,-0.07203558603425388,0.030930871324519528,1.7722083835571916,1.8084151075960853,False,False,0.6390000000000002,3.5789552259993798,6,-0.007964286500860673,0.006227895808226448,-0.0017270185368721547,-0.0017270185368721547,nan,0.024948367218676992,-0.005243166525499583,0.0002180626920871495,0.0002180626920871495,nan,0.031562797870359205,-0.011351697618359177,0.0006319265458396769,0.0006319265458396769,nan,0.02468409018649087,-0.010726550151691817,0.00010726464328117066,0.00010726464328117066,nan,0.010004538849479161,-0.6723936456232957,-6.617728893885608e-05,-6.617728893885608e-05,nan,-8.40503016164007e-05,0.0026708315772948285,5.304954601858744e-06,5.304954601858744e-06,nan
7.251,20.36372599599781,ARM_NEUTRALIZE,INITIAL_HOLD,NEUTRALIZE_PROFILE,0.04659990593791008,0.0018283596727997065,0.051127806305885315,0.001221097307279706,-0.0007531113806180656,0.013325505889952183,0.0,0.0,1.0,0.05911779920016869,0.05911779920016869,0.9500175441003165,0.05911779920016869,nan,0.10197379440069199,0.010610186494886875,0.0631929263472557,0.12043494817643491,-0.021845927632058327,0.03350337455298016,-0.07212833524037109,-0.001651942147873342,-0.0016950429417192945,-0.007380904629826546,-0.07212833524037109,0.03105564873640191,1.7793576026366176,1.8064916329327043,False,False,0.6720000000000006,3.665021930999501,6,-0.007774624152635745,0.005233534731361416,-0.0012942616197768597,-0.0012942616197768597,nan,0.024969299275368506,0.007816981224886162,0.00016342046541363217,0.00016342046541363217,nan,0.03152922690440452,0.004429222693454252,0.00047357816800260716,0.00047357816800260716,nan,0.024729527452058697,0.007304935379191671,8.038623094880695e-05,8.038623094880695e-05,nan,0.01003531437167382,-0.590036091827078,-4.9594560420624864e-05,-4.9594560420624864e-05,nan,-8.070194901055316e-05,-0.005453368204838721,3.975637197432542e-06,3.975637197432542e-06,nan
7.263,20.440631142999337,ARM_NEUTRALIZE,INITIAL_HOLD,NEUTRALIZE_PROFILE,0.04573153704404831,0.0016976288752630353,0.05112488567829132,0.001221097307279706,-0.0007531113806180656,0.013325505889952183,0.0,0.0,1.0,0.05844637273386097,0.05844637273386097,0.9499780197474281,0.05844637273386097,nan,0.09996023774147034,0.010194765403866768,0.06449568271636963,0.11939713338276498,-0.021800489162091395,0.03329631977480543,-0.07205827801805606,-0.0009590760455466807,-0.001653867773711682,-0.005419008433818817,-0.07205827801805606,0.031067856466903576,1.7800570540717962,1.8042877848836663,False,False,0.6840000000000002,3.7420145719988795,6,-0.007594394548838146,0.013291307396438735,-0.00115577761824312,-0.00115577761824312,nan,0.024986418440758662,-0.0076830289464374394,0.00014593472710757935,0.00014593472710757935,nan,0.03149076249973515,-0.013662499442164031,0.00042290603283157147,0.00042290603283157147,nan,0.024757930217733204,-0.014592045837890328,7.178502794633751e-05,7.178502794633751e-05,nan,0.009903554590262154,-0.6736308060768091,-4.4288018778341695e-05,-4.4288018778341695e-05,nan,-8.254404181595731e-05,0.0017196708399264994,3.5502501355479674e-06,3.5502501355479674e-06,nan
7.274,20.5209601509996,ARM_NEUTRALIZE,INITIAL_HOLD,NEUTRALIZE_PROFILE,0.04573153704404831,0.0016976288752630353,0.05112488567829132,0.001221097307279706,-0.0007531113806180656,0.013325505889952183,0.0,0.0,1.0,0.05844637273386097,0.05844637273386097,0.9499780197474281,0.05844637273386097,nan,0.09996023774147034,0.010194765403866768,0.06449568271636963,0.11939713338276498,-0.021800489162091395,0.03329631977480543,-0.07205827801805606,-0.0009590760455466807,-0.001653867773711682,-0.005419008433818817,-0.07205827801805606,0.031111191166402034,1.7825399494595253,1.8042877848836663,False,False,0.6950000000000003,3.8171497420007654,6,-0.007594394548838146,0.013291307396438735,-0.0010373464021210532,-0.0010373464021210532,nan,0.024986418440758662,-0.0076830289464374394,0.0001309809618390799,0.0001309809618390799,nan,0.03149076249973515,-0.013662499442164031,0.00037957133333311327,0.00037957133333311327,nan,0.024757930217733204,-0.014592045837890328,6.442929789511435e-05,6.442929789511435e-05,nan,0.009903554590262154,-0.6736308060768091,-3.974987593774026e-05,-3.974987593774026e-05,nan,-8.254404181595731e-05,0.0017196708399264994,3.1864600478581726e-06,3.1864600478581726e-06,nan
7.288,20.611795627999527,ARM_NEUTRALIZE,INITIAL_HOLD,NEUTRALIZE_PROFILE,0.045224908739328384,0.0016111093573272228,0.05118531733751297,0.001221097307279706,-0.0007531113806180656,0.013325505889952183,0.0,0.0,1.0,0.058097248498443395,0.058097248498443395,0.949893251939268,0.058097248498443395,nan,0.0986165702342987,0.009492548182606697,0.06433840841054916,0.11813029752175393,-0.021758224958399776,0.033105374203240584,-0.07206683309384232,1.7348887922707945e-05,-0.002510445658117533,-0.00523359514772892,-0.07206683309384232,0.031131020213936662,1.7836760701950238,1.8025039389430881,False,False,0.7090000000000005,3.914629856000829,6,-0.007452474549234367,0.010230449187120764,-0.0008980673949615936,-0.0008980673949615936,nan,0.02499727262000917,0.002303739547078485,0.00011339484182706222,0.00011339484182706222,nan,0.031459628514723725,-0.00041226875583671454,0.000328608300787063,0.000328608300787063,nan,0.02478921255110844,0.001779101142911234,5.577871731329148e-05,5.577871731329148e-05,nan,0.009965189316059053,-0.5920190444076964,-3.441287062881052e-05,-3.441287062881052e-05,nan,-8.801139010738979e-05,0.0014092164500661302,2.7586309341586e-06,2.7586309341586e-06,nan
7.307,20.700285769999027,ARM_NEUTRALIZE,INITIAL_HOLD,NEUTRALIZE_PROFILE,0.044598858803510666,0.00147519470192492,0.05145062506198883,0.001221097307279706,-0.0007531113806180656,0.013325505889952183,0.0,0.0,1.0,0.057793773473475425,0.057793773473475425,0.949598415700698,0.057793773473475425,nan,0.09830867499113083,0.008230176754295826,0.06497867405414581,0.11812941830786125,-0.02171059924720658,0.0328648803294266,-0.07201603046109452,0.0010034525766968727,-0.0032498040236532692,-0.0049529289826750755,-0.07201603046109452,0.031169757903122132,1.785895576293441,1.8011755403592737,False,False,0.7280000000000006,3.9967444419999083,6,-0.007333020450767336,0.0011260318383349704,-0.0007288364767849831,-0.0007288364767849831,nan,0.02501416004939916,0.0017548760386268704,9.202683169046502e-05,9.202683169046502e-05,nan,0.03143644358565734,-0.0018015777172664868,0.0002666856825352046,0.0002666856825352046,nan,0.024817542378183788,-0.0005183859961215946,4.5267831828973634e-05,4.5267831828973634e-05,nan,0.009917187719150178,-0.6149327849013091,-2.7928143840733576e-05,-2.7928143840733576e-05,nan,-9.404129512979864e-05,0.004390729904393684,2.238797290807107e-06,2.238797290807107e-06,nan
7.341,20.783089706001192,ARM_NEUTRALIZE,INITIAL_HOLD,NEUTRALIZE_PROFILE,0.04390003904700279,0.001236936659552157,0.052155621349811554,0.001221097307279706,-0.0007531113806180656,0.013325505889952183,0.0,0.0,1.0,0.05773413397506602,0.05773413397506602,0.9488612699332764,0.05773413397506602,nan,0.09603224694728851,0.007704190444201231,0.06496778130531311,0.11619965409535657,-0.021689156158008982,0.03258998912367734,-0.07193499579379323,-0.0003118077293038368,-0.00046105717774480625,-0.003420022316277027,-0.07193499579379323,0.03121266093612827,1.7883537390130029,1.7984065534612432,False,False,0.7620000000000005,4.081419247999293,6,-0.0071424885826765205,0.008158825770908628,-0.0004795075323908715,-0.0004795075323908715,nan,0.025027369771501995,0.0004159712106096926,6.0545211968944523e-05,6.0545211968944523e-05,nan,0.03138811564734212,-0.002582742220287197,0.0001754547112138502,0.0001754547112138502,nan,0.0248680224466149,-0.002548097572063785,2.9782080107660855e-05,2.9782080107660855e-05,nan,0.00994777085047982,-0.6184730803747581,-1.8374156294153655e-05,-1.8374156294153655e-05,nan,-9.852517798769611e-05,0.0031527996948623183,1.4729232120403194e-06,1.4729232120403194e-06,nan
7.376,20.870153146999655,ARM_NEUTRALIZE,INITIAL_HOLD,NEUTRALIZE_PROFILE,0.04353438317775726,0.0010422773193567991,0.05326056852936745,0.001221097307279706,-0.0007531113806180656,0.013325505889952183,0.0,0.0,1.0,0.0582103668581016,0.0582103668581016,0.9477404074755992,0.0582103668581016,nan,0.09278922528028488,0.0075325388461351395,0.06572815775871277,0.11395951119559186,-0.02181989703913853,0.03235096774715926,-0.07193839968973584,-0.0024958669673651457,-0.00038029922870919157,-0.0038843166548758745,-0.07193839968973584,0.031251836719078656,1.7905983460351806,1.7966391163650028,False,False,0.7970000000000006,4.170473049001885,6,-0.007027320657930325,-0.0017546934516939495,-0.0002881377040735156,-0.0002881377040735156,nan,0.02503670333751895,6.331288217997164e-05,3.638182341451565e-05,3.638182341451565e-05,nan,0.031357268050690834,-0.0025788678440381045,0.00010543133161217827,0.00010543133161217827,nan,0.02490834909933426,-0.0026931434630390705,1.7896153042616658e-05,1.7896153042616658e-05,nan,0.009933458057918898,-0.65232859692175,-1.1041092894801922e-05,-1.1041092894801922e-05,nan,-0.0001037515260762234,0.005253774612305669,8.850845584796869e-07,8.850845584796869e-07,nan
7.3870000000000005,20.94720328299809,ARM_NEUTRALIZE,INITIAL_HOLD,NEUTRALIZE_PROFILE,0.04353438317775726,0.0010422773193567991,0.05326056852936745,0.001221097307279706,-0.0007531113806180656,0.013325505889952183,0.0,0.0,1.0,0.0582103668581016,0.0582103668581016,0.9477404074755992,0.0582103668581016,nan,0.09278922528028488,0.0075325388461351395,0.06572815775871277,0.11395951119559186,-0.02181989703913853,0.03235096774715926,-0.07193839968973584,-0.0030081472359597683,-0.002893091412261129,-0.005011166445910931,-0.07193839968973584,0.03126931828250573,1.7915999658388424,1.7966391163650028,False,False,0.8080000000000007,4.247890261001885,6,-0.007027320657930325,-0.0017546934516939495,-0.00024036160685014796,-0.00024036160685014796,nan,0.02503670333751895,6.331288217997164e-05,3.0349355229889602e-05,3.0349355229889602e-05,nan,0.031357268050690834,-0.0025788678440381045,8.79497681851027e-05,8.79497681851027e-05,nan,0.02490834909933426,-0.0026931434630390705,1.4928792868641391e-05,1.4928792868641391e-05,nan,0.009933458057918898,-0.65232859692175,-9.210369875437517e-06,-9.210369875437517e-06,nan,-0.0001037515260762234,0.005253774612305669,7.383287354165657e-07,7.383287354165657e-07,nan
7.398,21.025417438999284,ARM_NEUTRALIZE,INITIAL_HOLD,NEUTRALIZE_PROFILE,0.043466966599226,0.0009722760296426713,0.053769536316394806,0.001221097307279706,-0.0007531113806180656,0.013325505889952183,0.0,0.0,1.0,0.058509913955523074,0.058509913955523074,0.9472288070518688,0.058509913955523074,nan,0.09196355938911438,0.007251761853694916,0.06579939275979996,0.11331127213590132,-0.02171866794296411,0.032181897325971966,-0.071909979494961,-0.0030081472359597683,-0.002893091412261129,-0.005011166445910931,-0.07190997949496099,0.031274970855032745,1.791923834388032,1.796075412234457,False,False,0.819,4.3263941969999,6,-0.0069893570254686566,0.005523474761880313,-0.0001980254245134705,-0.0001980254245134705,nan,0.02503917273316958,3.620331498902277e-05,2.5003760092415228e-05,2.5003760092415228e-05,nan,0.03134742955760572,-0.002314486335368233,7.245870257297643e-05,7.245870257297643e-05,nan,0.024923466764676938,-0.0032745762574681453,1.2299304302494998e-05,1.2299304302494998e-05,nan,0.009930921667097081,-0.6347125535899771,-7.588097901370383e-06,-7.588097901370383e-06,nan,-0.00010357107785097242,0.004778617783784183,6.082829249536253e-07,6.082829249536253e-07,nan
7.402,21.103937574000156,ARM_NEUTRALIZE,INITIAL_HOLD,NEUTRALIZE_PROFILE,0.043466966599226,0.0009722760296426713,0.053769536316394806,0.001221097307279706,-0.0007531113806180656,0.013325505889952183,0.0,0.0,1.0,0.058509913955523074,0.058509913955523074,0.9472288070518688,0.058509913955523074,nan,0.09196355938911438,0.007251761853694916,0.06579939275979996,0.11331127213590132,-0.02171866794296411,0.032181897325971966,-0.071909979494961,0.00010943061352008954,-0.00200667092576623,-0.005154375918209553,-0.07190997949496099,0.03128013094226172,1.7922194856081717,1.796075412234457,False,False,0.8230000000000004,4.402730383000744,6,-0.0069893570254686566,0.005523474761880313,-0.00018392320590121525,-0.00018392320590121525,nan,0.02503917273316958,3.620331498902277e-05,2.3223137771730823e-05,2.3223137771730823e-05,nan,0.03134742955760572,-0.002314486335368233,6.729861534399834e-05,6.729861534399834e-05,nan,0.024923466764676938,-0.0032745762574681453,1.1423419408023924e-05,1.1423419408023924e-05,nan,0.009930921667097081,-0.6347125535899771,-7.047717716758897e-06,-7.047717716758897e-06,nan,-0.00010357107785097242,0.004778617783784183,5.649645540581967e-07,5.649645540581967e-07,nan
7.418,21.185470798998722,ARM_NEUTRALIZE,INITIAL_HOLD,NEUTRALIZE_PROFILE,0.04300989955663681,0.0008082477143034339,0.05422349274158478,0.001221097307279706,-0.0007531113806180656,0.013325505889952183,0.0,0.0,1.0,0.05849262486993963,0.05849262486993963,0.946754300970514,0.05849262486993963,nan,0.09080389142036438,0.007008078508079052,0.06637239456176758,0.11269318799874142,-0.021653019775413566,0.032117337611087454,-0.07190639394106293,0.00010943061352008954,-0.00200667092576623,-0.005154375918209553,-0.07190639394106293,0.03129050910384842,1.792814110466194,1.795624311103681,False,False,0.8390000000000004,4.483408468000562,6,-0.006975157155870271,0.004844867764746944,-0.00013404329505362078,-0.00013404329505362078,nan,0.025039907163856512,-0.00010646227020338569,1.6925030711344158e-05,1.6925030711344158e-05,nan,0.03133955635761421,-0.002251231156497401,4.904725376578961e-05,4.904725376578961e-05,nan,0.024935174069184107,-0.0033611307033267752,8.325391952189454e-06,8.325391952189454e-06,nan,0.009932609413766613,-0.6334499572034225,-5.1363790704557835e-06,-5.1363790704557835e-06,nan,-0.00010632455595604995,0.005500012936271552,4.1174635926656544e-07,4.1174635926656544e-07,nan
7.441,21.26612198699877,ARM_NEUTRALIZE,INITIAL_HOLD,NEUTRALIZE_PROFILE,0.04217863082885742,0.0006238259375095367,0.05425504595041275,0.001221097307279706,-0.0007531113806180656,0.013325505889952183,0.0,0.0,1.0,0.057919277948797504,0.057919277948797504,0.9466852402819288,0.057919277948797504,nan,0.08960162848234177,0.00667019234970212,0.06665884703397751,0.11187647286435534,-0.02154512649477217,0.03197773013163601,-0.07192328267621884,0.0036528019700199366,-0.0028581540100276475,-0.00465509993955493,-0.07192328267621885,0.0313052051690911,1.7936561329800487,1.7953159460433838,False,False,0.8620000000000001,4.566840962001152,6,-0.006972124902690169,-0.004041160030679338,-7.917114857017293e-05,-7.917114857017293e-05,nan,0.02504043708316317,-0.00018371685036317853,9.99657700496634e-06,9.99657700496634e-06,nan,0.03133417437201391,-0.0022869655878711786,2.8969202922814186e-05,2.8969202922814186e-05,nan,0.024945988224744475,-0.0032024885215514542,4.9172981228806645e-06,4.9172981228806645e-06,nan,0.009913782938748561,-0.6655980767897567,-3.0337439133913333e-06,-3.0337439133913333e-06,nan,-0.00010795022544130006,0.006389113738361669,2.4319330683183604e-07,2.4319330683183604e-07,nan
7.445,21.35056010900007,ARM_NEUTRALIZE,INITIAL_HOLD,NEUTRALIZE_PROFILE,0.04217863082885742,0.0006238259375095367,0.05425504595041275,0.001221097307279706,-0.0007531113806180656,0.013325505889952183,0.0,0.0,1.0,0.057919277948797504,0.057919277948797504,0.9466852402819288,0.057919277948797504,nan,0.08960162848234177,0.00667019234970212,0.06665884703397751,0.11187647286435534,-0.02154512649477217,0.03197773013163601,-0.07192328267621884,0.0036528019700199366,-0.0028581540100276475,-0.00465509993955493,-0.07192328267621885,0.03130802225960293,1.7938175403768828,1.7953159460433838,False,False,0.8660000000000005,4.645806966000237,6,-0.006972124902690169,-0.004041160030679338,-7.147220386527486e-05,-7.147220386527486e-05,nan,0.02504043708316317,-0.00018371685036317853,9.024466646714163e-06,9.024466646714163e-06,nan,0.03133417437201391,-0.0022869655878711786,2.6152112410984807e-05,2.6152112410984807e-05,nan,0.024945988224744475,-0.0032024885215514542,4.439118798349809e-06,4.439118798349809e-06,nan,0.009913782938748561,-0.6655980767897567,-2.7387295418700164e-06,-2.7387295418700164e-06,nan,-0.00010795022544130006,0.006389113738361669,2.19544138470426e-07,2.19544138470426e-07,nan
7.467,21.43066613799965,ARM_NEUTRALIZE,INITIAL_HOLD,NEUTRALIZE_PROFILE,0.041049372404813766,0.00035835965536534786,0.054405517876148224,0.001221097307279706,-0.0007531113806180656,0.013325505889952183,0.0,0.0,1.0,0.057228439170526856,0.057228439170526856,0.9464851314307833,0.057228439170526856,nan,0.08649697154760361,0.006338908337056637,0.06660812348127365,0.10935515515744629,-0.021481027008620198,0.031768082491174195,-0.07187211106885427,0.003337594447657466,-0.004211747087538243,-0.004280473105609416,-0.07187211106885426,0.031317447213355776,1.794357550449027,1.7951489790387902,False,False,0.8879999999999999,4.731013538999832,6,-0.00698164068949314,-0.004987093215404977,-3.775022130320105e-05,-3.775022130320105e-05,nan,0.02504010777614951,-0.00023613891077940184,4.7665469180002695e-06,4.7665469180002695e-06,nan,0.03133126024804156,-0.0021982501849639982,1.3813034685783432e-05,1.3813034685783432e-05,nan,0.024955013791492675,-0.0035733625887171554,2.3446557957662595e-06,2.3446557957662595e-06,nan,0.009900254377047446,-0.667479317672751,-1.4465434211331785e-06,-1.4465434211331785e-06,nan,-0.00010747027654822716,0.00668471270844249,1.1595892339768578e-07,1.1595892339768578e-07,nan
7.471,21.50727040899801,ARM_NEUTRALIZE,INITIAL_HOLD,NEUTRALIZE_PROFILE,0.041049372404813766,0.00035835965536534786,0.054405517876148224,0.001221097307279706,-0.0007531113806180656,0.013325505889952183,0.0,0.0,1.0,0.057228439170526856,0.057228439170526856,0.9464851314307833,0.057228439170526856,nan,0.08649697154760361,0.006338908337056637,0.06660812348127365,0.10935515515744629,-0.021481027008620198,0.031768082491174195,-0.07187211106885427,0.003337594447657466,-0.004211747087538243,-0.004280473105609416,-0.07187211106885426,0.03131916514256999,1.7944559805425035,1.7951489790387902,False,False,0.8920000000000003,4.807811696999124,6,-0.00698164068949314,-0.004987093215404977,-3.305522056692989e-05,-3.305522056692989e-05,nan,0.02504010777614951,-0.00023613891077940184,4.17373075648278e-06,4.17373075648278e-06,nan,0.03133126024804156,-0.0021982501849639982,1.209510547157261e-05,1.209510547157261e-05,nan,0.024955013791492675,-0.0035733625887171554,2.053050599627043e-06,2.053050599627043e-06,nan,0.009900254377047446,-0.667479317672751,-1.2666365969389928e-06,-1.2666365969389928e-06,nan,-0.00010747027654822716,0.00668471270844249,1.0153709454648182e-07,1.0153709454648182e-07,nan
7.486,21.58374799000012,ARM_NEUTRALIZE,INITIAL_HOLD,NEUTRALIZE_PROFILE,0.040380679070949554,0.00019017279555555433,0.05451304838061333,0.001221097307279706,-0.0007531113806180656,0.013325505889952183,0.0,0.0,1.0,0.05683991806259559,0.05683991806259559,0.946348884445078,0.05683991806259559,nan,0.08591508865356445,0.005857760552316904,0.06641344726085663,0.10874953698342216,-0.021395363663427723,0.031537737876699924,-0.07185613873205804,0.002453587017953396,-0.004517227411270142,-0.0032989725004881616,-0.07185613873205804,0.031322772713453774,1.7946626791284388,1.7950584927187485,False,False,0.907,4.884476164999796,6,-0.006992446110802852,0.0031237599407086206,-1.887984692780509e-05,-1.887984692780509e-05,nan,0.02503874485692492,-0.00024028643284808115,2.383871486825312e-06,2.383871486825312e-06,nan,0.03132968096382882,-0.002072421286565568,6.908250375046998e-06,6.908250375046998e-06,nan,0.024961189654009175,-0.003943623971816147,1.172622066687029e-06,1.172622066687029e-06,nan,0.009910782652981176,-0.6440992955650369,-7.234531990167256e-07,-7.234531990167256e-07,nan,-0.00010783358117016917,0.0059363076918499845,5.7994010315223516e-08,5.7994010315223516e-08,nan
7.486,21.64061943499837,ARM_NEUTRALIZE,INITIAL_HOLD,NEUTRALIZE_PROFILE,0.040380679070949554,0.00019017279555555433,0.05451304838061333,0.001221097307279706,-0.0007531113806180656,0.013325505889952183,0.0,0.0,1.0,0.05683991806259559,0.05683991806259559,0.946348884445078,0.05683991806259559,nan,0.08591508865356445,0.005857760552316904,0.06641344726085663,0.10874953698342216,-0.021395363663427723,0.031537737876699924,-0.07185613873205804,0.002453587017953396,-0.004517227411270142,-0.0032989725004881616,-0.07185613873205804,0.031322772713453774,1.7946626791284388,1.7950584927187485,False,False,0.907,4.941047231000994,6,-0.006992446110802852,0.0031237599407086206,-1.887984692780509e-05,-1.887984692780509e-05,nan,0.02503874485692492,-0.00024028643284808115,2.383871486825312e-06,2.383871486825312e-06,nan,0.03132968096382882,-0.002072421286565568,6.908250375046998e-06,6.908250375046998e-06,nan,0.024961189654009175,-0.003943623971816147,1.172622066687029e-06,1.172622066687029e-06,nan,0.009910782652981176,-0.6440992955650369,-7.234531990167256e-07,-7.234531990167256e-07,nan,-0.00010783358117016917,0.0059363076918499845,5.7994010315223516e-08,5.7994010315223516e-08,nan
7.508,21.723936540998693,ARM_NEUTRALIZE,INITIAL_HOLD,NEUTRALIZE_PROFILE,0.03950886428356171,-3.771622141357511e-05,0.054770201444625854,0.001221097307279706,-0.0007531113806180656,0.013325505889952183,0.0,0.0,1.0,0.05642807528069225,0.05642807528069225,0.9460551378521885,0.05642807528069225,nan,0.08418607711791992,0.006554821506142616,0.06621242314577103,0.10730492180844449,-0.021353404352258985,0.031379387727572594,-0.07176940347561539,0.0016829599626362324,-0.0035664783790707593,-0.0030867659952491517,-0.07176940347561539,0.03132849615956733,1.794990608435016,1.795124653049448,False,False,0.9290000000000003,5.024522226001864,6,-0.007021573035899564,-0.005688435673113239,-6.393771876278542e-06,-6.393771876278542e-06,nan,0.025037561050034185,-0.0003320583012801498,8.073121846481623e-07,8.073121846481623e-07,nan,0.03133083567943373,-0.0020568018629403832,2.339519866403905e-06,2.339519866403905e-06,nan,0.02496679544414615,-0.0035880932491361693,3.971154014202616e-07,3.971154014202616e-07,nan,0.0098912773112394,-0.6744030757218427,-2.450017066004187e-07,-2.450017066004187e-07,nan,-0.00011050457724337548,0.007188762341059519,1.9640014750318176e-08,1.9640014750318176e-08,nan
7.51,21.80709105799906,ARM_NEUTRALIZE,INITIAL_HOLD,NEUTRALIZE_PROFILE,0.03950886428356171,-3.771622141357511e-05,0.054770201444625854,0.001221097307279706,-0.0007531113806180656,0.013325505889952183,0.0,0.0,1.0,0.05642807528069225,0.05642807528069225,0.9460551378521885,0.05642807528069225,nan,0.08418607711791992,0.006554821506142616,0.06621242314577103,0.10730492180844449,-0.021353404352258985,0.031379387727572594,-0.07176940347561539,0.0016829599626362324,-0.0035664783790707593,-0.0030867659952491517,-0.07176940347561539,0.03132876372715215,1.7950059389283606,1.795124653049448,False,False,0.931,5.102432006999152,6,-0.007021573035899564,-0.005688435673113239,-5.662525211780345e-06,-5.662525211780345e-06,nan,0.025037561050034185,-0.0003320583012801498,7.149810296383508e-07,7.149810296383508e-07,nan,0.03133083567943373,-0.0020568018629403832,2.0719522815862423e-06,2.0719522815862423e-06,nan,0.02496679544414615,-0.0035880932491361693,3.516978734994375e-07,3.516978734994375e-07,nan,0.0098912773112394,-0.6744030757218427,-2.1698120724472636e-07,-2.1698120724472636e-07,nan,-0.00011050457724337548,0.007188762341059519,1.7393813985812877e-08,1.7393813985812877e-08,nan
7.542,21.892584909997822,ARM_NEUTRALIZE,INITIAL_HOLD,NEUTRALIZE_PROFILE,0.038370080292224884,-0.00034911721013486385,0.05596693605184555,0.001221097307279706,-0.0007531113806180656,0.013325505889952183,0.0,0.0,1.0,0.05655529784518123,0.05655529784518123,0.9448125797065777,0.05655529784518123,nan,0.0821392685174942,0.006665893364697695,0.06600800156593323,0.10558574637547806,-0.021348579941058293,0.031110628933776096,-0.07168826960553447,-0.0003040870069526136,-0.0021442493889480834,-0.004229364916682243,-0.07168826960553447,0.03133423846383692,1.7953196182343436,1.7953240865063282,False,False,0.9630000000000001,5.193819649000943,6,-0.007089885700856335,0.002282942962504992,-2.1313136577827407e-07,-2.1313136577827407e-07,nan,0.025032437510047245,-0.0003333129147235141,2.6911117861905254e-08,2.6911117861905254e-08,nan,0.03133431644989493,-0.0019904076883572306,7.79860580071845e-08,7.79860580071845e-08,nan,0.024973351223749773,-0.004114891928507101,1.3237530134546649e-08,1.3237530134546649e-08,nan,0.009893347617446757,-0.6506571439846052,-8.166939540442397e-09,-8.166939540442397e-09,nan,-0.0001092668944773223,0.006357204550357192,6.546844724870417e-10,6.546844724870417e-10,nan
7.542,21.96679044800112,ARM_NEUTRALIZE,INITIAL_HOLD,NEUTRALIZE_PROFILE,0.038370080292224884,-0.00034911721013486385,0.05596693605184555,0.001221097307279706,-0.0007531113806180656,0.013325505889952183,0.0,0.0,1.0,0.05655529784518123,0.05655529784518123,0.9448125797065777,0.05655529784518123,nan,0.0821392685174942,0.006665893364697695,0.06600800156593323,0.10558574637547806,-0.021348579941058293,0.031110628933776096,-0.07168826960553447,-0.0003040870069526136,-0.0021442493889480834,-0.004229364916682243,-0.07168826960553447,0.03133423846383692,1.7953196182343436,1.7953240865063282,False,False,0.9630000000000001,5.2678455999994185,6,-0.007089885700856335,0.002282942962504992,-2.1313136577827407e-07,-2.1313136577827407e-07,nan,0.025032437510047245,-0.0003333129147235141,2.6911117861905254e-08,2.6911117861905254e-08,nan,0.03133431644989493,-0.0019904076883572306,7.79860580071845e-08,7.79860580071845e-08,nan,0.024973351223749773,-0.004114891928507101,1.3237530134546649e-08,1.3237530134546649e-08,nan,0.009893347617446757,-0.6506571439846052,-8.166939540442397e-09,-8.166939540442397e-09,nan,-0.0001092668944773223,0.006357204550357192,6.546844724870417e-10,6.546844724870417e-10,nan
7.572,22.053652606999094,ARM_NEUTRALIZE,INITIAL_HOLD,NEUTRALIZE_PROFILE,0.03803357109427452,-0.00046283038682304323,0.05651487782597542,0.001221097307279706,-0.0007531113806180656,0.013325505889952183,0.0,0.0,1.0,0.056750016190320954,0.056750016190320954,0.9442515250217414,0.056750016190320954,nan,0.082093745470047,0.006479959934949875,0.06705989688634872,0.106199824371169,-0.02128841445050889,0.03101385755093746,-0.07167045351979856,3.346067387610674e-07,-0.002481498988345266,-0.004179387353360653,-0.07167045351979856,0.03133722909752912,1.795490968922976,1.795490968922976,False,False,0.0,0.0,7,-0.007133700991816205,0.001940360876063002,0.0,0.0,nan,0.02503000413017009,-0.0006850346601407367,0.0,0.0,nan,0.03133722909752912,-0.002373173620704512,0.0,0.0,nan,0.02497535523786354,-0.004824499677782224,0.0,0.0,nan,0.009887699753337031,-0.6508223382138435,0.0,0.0,nan,-0.00011075190282561209,0.006349005317438025,0.0,0.0,nan
7.6,22.13149949199942,ARM_NEUTRALIZE,INITIAL_HOLD,NEUTRALIZE_PROFILE,0.037435319274663925,-0.0007034777663648129,0.057819727808237076,0.001221097307279706,-0.0007531113806180656,0.013325505889952183,0.0,0.0,1.0,0.05736905193841207,0.05736905193841207,0.9429239435487404,0.05736905193841207,nan,0.07913415879011154,0.007231839932501316,0.0677940621972084,0.10445357564692015,-0.021348461692183147,0.030762237629179845,-0.07156278872095273,-0.0013043887447565794,-0.0029295838903635745,-0.003986447583884001,-0.07156278872095273,0.031343655562396044,1.79585917823704,1.79585917823704,False,False,0.02799999999999958,0.08244936499977484,7,-0.007215946886197422,0.002080386738847575,0.0,0.0,nan,0.025024622132611363,-0.00031949398351252745,0.0,0.0,nan,0.031343655562396044,-0.0019311361357952815,0.0,0.0,nan,0.024979612233433812,-0.004165697264407039,0.0,0.0,nan,0.009885518313955899,-0.6517368019513293,0.0,0.0,nan,-0.0001092543685246028,0.006420770638422271,0.0,0.0,nan
7.601,22.20760089900068,ARM_NEUTRALIZE,INITIAL_HOLD,NEUTRALIZE_PROFILE,0.037435319274663925,-0.0007034777663648129,0.057819727808237076,0.001221097307279706,-0.0007531113806180656,0.013325505889952183,0.0,0.0,1.0,0.05736905193841207,0.05736905193841207,0.9429239435487404,0.05736905193841207,nan,0.07913415879011154,0.007231839932501316,0.0677940621972084,0.10445357564692015,-0.021348461692183147,0.030762237629179845,-0.07156278872095273,-0.0010485616512596607,-0.004434498026967049,-0.0020364092197269197,-0.07156278872095273,0.031343655562396044,1.79585917823704,1.79585917823704,False,False,0.028999999999999915,0.15843358100028127,7,-0.007215946886197422,0.002080386738847575,0.0,0.0,nan,0.025024622132611363,-0.00031949398351252745,0.0,0.0,nan,0.031343655562396044,-0.0019311361357952815,0.0,0.0,nan,0.024979612233433812,-0.004165697264407039,0.0,0.0,nan,0.009885518313955899,-0.6517368019513293,0.0,0.0,nan,-0.0001092543685246028,0.006420770638422271,0.0,0.0,nan
7.633,22.290511332001188,ARM_NEUTRALIZE,INITIAL_HOLD,NEUTRALIZE_PROFILE,0.036820653825998306,-0.0008476339280605316,0.05847734957933426,0.001221097307279706,-0.0007531113806180656,0.013325505889952183,0.0,0.0,1.0,0.057498055161820966,0.057498055161820966,0.9422427395775491,0.057498055161820966,nan,0.07824680954217911,0.00774886179715395,0.0669688880443573,0.10328329985326333,-0.021365190063750816,0.0305977172995061,-0.07144799215031768,-0.0019196801586076617,-0.004614482168108225,-0.0008772182045504445,-0.07144799215031766,0.03134617860997846,1.7960037382150231,1.7960037382150231,False,False,0.06099999999999994,0.24240014099996188,7,-0.007259412233651119,0.002180635520372308,0.0,0.0,nan,0.025021903278021895,-0.0003327516628901645,0.0,0.0,nan,0.03134617860997846,-0.0018976936224235198,0.0,0.0,nan,0.024980583346959406,-0.0040573311930323305,0.0,0.0,nan,0.00989399238081301,-0.645869480186777,0.0,0.0,nan,-0.00011042587705567541,0.006674959385557474,0.0,0.0,nan
7.633,22.363992822,ARM_NEUTRALIZE,INITIAL_HOLD,NEUTRALIZE_PROFILE,0.036820653825998306,-0.0008476339280605316,0.05847734957933426,0.001221097307279706,-0.0007531113806180656,0.013325505889952183,0.0,0.0,1.0,0.057498055161820966,0.057498055161820966,0.9422427395775491,0.057498055161820966,nan,0.07824680954217911,0.00774886179715395,0.0669688880443573,0.10328329985326333,-0.021365190063750816,0.0305977172995061,-0.07144799215031768,-0.0019196801586076617,-0.004614482168108225,-0.0008772182045504445,-0.07144799215031766,0.03134617860997846,1.7960037382150231,1.7960037382150231,False,False,0.06099999999999994,0.3168435629995656,7,-0.007259412233651119,0.002180635520372308,0.0,0.0,nan,0.025021903278021895,-0.0003327516628901645,0.0,0.0,nan,0.03134617860997846,-0.0018976936224235198,0.0,0.0,nan,0.024980583346959406,-0.0040573311930323305,0.0,0.0,nan,0.00989399238081301,-0.645869480186777,0.0,0.0,nan,-0.00011042587705567541,0.006674959385557474,0.0,0.0,nan
7.659,22.44564374699985,ARM_NEUTRALIZE,INITIAL_HOLD,NEUTRALIZE_PROFILE,0.03472838178277016,-0.001209931680932641,0.05918991193175316,0.001221097307279706,-0.0007531113806180656,0.013325505889952183,0.0,0.0,1.0,0.05680220540855269,0.05680220540855269,0.9414516165193539,0.05680220540855269,nan,0.07466783374547958,0.006347459275275469,0.0667896568775177,0.10038144201649231,-0.02138699840447731,0.030319167096239438,-0.07132322012633038,-0.0020545870065689087,-0.003936470486223698,-0.0014784124214202161,-0.07132322012633038,0.031352362846828186,1.7963580688860217,1.7963580688860217,False,False,0.08699999999999974,0.3977759379995405,7,-0.00734265128792444,-0.006041115171436089,0.0,0.0,nan,0.02501812858634178,-0.0004922143106116869,0.0,0.0,nan,0.031352362846828186,-0.002119233761880175,0.0,0.0,nan,0.024984546432864185,-0.003910765339520967,0.0,0.0,nan,0.00988047692836247,-0.6705085458518654,0.0,0.0,nan,-0.00011000052824083895,0.00708203151725002,0.0,0.0,nan
7.659,22.523703822000243,ARM_NEUTRALIZE,INITIAL_HOLD,NEUTRALIZE_PROFILE,0.03472838178277016,-0.001209931680932641,0.05918991193175316,0.001221097307279706,-0.0007531113806180656,0.013325505889952183,0.0,0.0,1.0,0.05680220540855269,0.05680220540855269,0.9414516165193539,0.05680220540855269,nan,0.07466783374547958,0.006347459275275469,0.0667896568775177,0.10038144201649231,-0.02138699840447731,0.030319167096239438,-0.07132322012633038,-0.0020545870065689087,-0.003936470486223698,-0.0014784124214202161,-0.07132322012633038,0.031352362846828186,1.7963580688860217,1.7963580688860217,False,False,0.08699999999999974,0.47417762800250784,7,-0.00734265128792444,-0.006041115171436089,0.0,0.0,nan,0.02501812858634178,-0.0004922143106116869,0.0,0.0,nan,0.031352362846828186,-0.002119233761880175,0.0,0.0,nan,0.024984546432864185,-0.003910765339520967,0.0,0.0,nan,0.00988047692836247,-0.6705085458518654,0.0,0.0,nan,-0.00011000052824083895,0.00708203151725002,0.0,0.0,nan
7.683,22.598352533997968,ARM_NEUTRALIZE,INITIAL_HOLD,NEUTRALIZE_PROFILE,0.034009769558906555,-0.0013423244236037135,0.05951065942645073,0.001221097307279706,-0.0007531113806180656,0.013325505889952183,0.0,0.0,1.0,0.056643734050860144,0.056643734050860144,0.9411050238909459,0.056643734050860144,nan,0.07336463779211044,0.006272576283663511,0.06649444997310638,0.09921303930848951,-0.02129987617283285,0.03022959706644106,-0.07134566400725241,0.0019133244641125202,-0.0004125561099499469,-0.00391556229442358,-0.07134566400725241,0.03135500054084428,1.7965091976207908,1.7965091976207908,False,False,0.11099999999999977,0.5504375279997475,7,-0.007373438987241521,0.0024392407253381494,0.0,0.0,nan,0.025016162960375787,-0.0003208247404371361,0.0,0.0,nan,0.03135500054084428,-0.002017794311937344,0.0,0.0,nan,0.024985691355412065,-0.004262138645775965,0.0,0.0,nan,0.009887767748419485,-0.6476913712332322,0.0,0.0,nan,-0.0001090893499133827,0.006287124104858477,0.0,0.0,nan
7.714,22.679778175999672,ARM_NEUTRALIZE,INITIAL_HOLD,NEUTRALIZE_PROFILE,0.03305215388536453,-0.0015218190383166075,0.06000261381268501,0.001221097307279706,-0.0007531113806180656,0.013325505889952183,0.0,0.0,1.0,0.05650273868026832,0.05650273868026832,0.9405795271260328,0.05650273868026832,nan,0.07186834514141083,0.006526601500809193,0.06741994619369507,0.09875780832560052,-0.021266931701621517,0.030198041012207494,-0.07128448204959513,0.0015991833060979843,-0.0006008357158862059,-0.003852340392768383,-0.07128448204959512,0.0313580415026804,1.796683431899661,1.796683431899661,False,False,0.14200000000000035,0.6324684280007205,7,-0.00741164181643672,-0.005923006482784644,0.0,0.0,nan,0.025014856918152972,-0.00034543771189535536,0.0,0.0,nan,0.0313580415026804,-0.002021882391867058,0.0,0.0,nan,0.0249875320927897,-0.0037880368525333315,0.0,0.0,nan,0.009874719248984754,-0.6750703773577597,0.0,0.0,nan,-0.00011085200749061386,0.007288564296391558,0.0,0.0,nan
7.714,22.75811763099773,ARM_NEUTRALIZE,INITIAL_HOLD,NEUTRALIZE_PROFILE,0.03305215388536453,-0.0015218190383166075,0.06000261381268501,0.001221097307279706,-0.0007531113806180656,0.013325505889952183,0.0,0.0,1.0,0.05650273868026832,0.05650273868026832,0.9405795271260328,0.05650273868026832,nan,0.07186834514141083,0.006526601500809193,0.06741994619369507,0.09875780832560052,-0.021266931701621517,0.030198041012207494,-0.07128448204959513,0.0015991833060979843,-0.0006008357158862059,-0.003852340392768383,-0.07128448204959512,0.0313580415026804,1.796683431899661,1.796683431899661,False,False,0.14200000000000035,0.7091423990023031,7,-0.00741164181643672,-0.005923006482784644,0.0,0.0,nan,0.025014856918152972,-0.00034543771189535536,0.0,0.0,nan,0.0313580415026804,-0.002021882391867058,0.0,0.0,nan,0.0249875320927897,-0.0037880368525333315,0.0,0.0,nan,0.009874719248984754,-0.6750703773577597,0.0,0.0,nan,-0.00011085200749061386,0.007288564296391558,0.0,0.0,nan
7.74,22.841970803998265,ARM_NEUTRALIZE,INITIAL_HOLD,NEUTRALIZE_PROFILE,0.031758423894643784,-0.0017658993601799011,0.060963694006204605,0.001221097307279706,-0.0007531113806180656,0.013325505889952183,0.0,0.0,1.0,0.056594620076420084,0.056594620076420084,0.9395748505911038,0.056594620076420084,nan,0.06833845376968384,0.005679007153958082,0.0663185864686966,0.09539680443857598,-0.02116829689212008,0.02998820229760999,-0.07125185761099961,0.0017427963903173804,-0.0018591431435197598,-0.0044489107094705105,-0.07125185761099961,0.0313630025959597,1.7969676816063354,1.7969676816063354,False,False,0.16800000000000015,0.7944638690023567,7,-0.007477724843155009,0.0025659557429416543,0.0,0.0,nan,0.0250112790956738,-0.0002584240051270725,0.0,0.0,nan,0.0313630025959597,-0.001949176700304812,0.0,0.0,nan,0.024990317332807876,-0.004165541638682078,0.0,0.0,nan,0.009882086010403413,-0.648489856498626,0.0,0.0,nan,-0.00010833492977369019,0.006184601283552332,0.0,0.0,nan
7.781,22.925522597000963,ARM_NEUTRALIZE,INITIAL_HOLD,NEUTRALIZE_PROFILE,0.030785299837589264,-0.002009374788030982,0.062137991189956665,0.001221097307279706,-0.0007531113806180656,0.013325505889952183,0.0,0.0,1.0,0.05708133661859295,0.05708133661859295,0.9383692875634512,0.05708133661859295,nan,0.06547228991985321,0.004679384641349316,0.06587061285972595,0.09299169331981702,-0.021244046540762295,0.029785807143645742,-0.07139172560462911,-0.000960999634116888,-0.003708517877385021,-0.006987059954553842,-0.07139172560462911,0.03136774524797126,1.7972394155502969,1.7972394155502969,False,False,0.20899999999999963,0.874582800999633,7,-0.007547182805328845,-0.005667909137264393,0.0,0.0,nan,0.025008540975014704,-0.00030551257761293553,0.0,0.0,nan,0.03136774524797126,-0.002016692659829235,0.0,0.0,nan,0.024992850202468553,-0.0037715177461264877,0.0,0.0,nan,0.00987462977688125,-0.6722283097261988,0.0,0.0,nan,-0.00011018231687565105,0.007078059130594871,0.0,0.0,nan
7.82,23.002685832998395,ARM_NEUTRALIZE,INITIAL_HOLD,NEUTRALIZE_PROFILE,0.029821785166859627,-0.002264199545606971,0.06286610662937164,0.001221097307279706,-0.0007531113806180656,0.013325505889952183,0.0,0.0,1.0,0.05722371759249883,0.05722371759249883,0.9376110065342198,0.05722371759249883,nan,0.06495844572782516,0.004908533301204443,0.06591051071882248,0.09267086270106614,-0.02128117442924283,0.029701919175037894,-0.07146508992928048,-0.001539051067084074,-0.002440444193780423,-0.006720243953168392,-0.07146508992928048,0.03137189466079793,1.7974771593927226,1.7974771593927226,False,False,0.24800000000000022,0.9537917950001429,7,-0.007605045062315519,0.0028076936697762084,0.0,0.0,nan,0.02500564073303302,-0.00029160184968309174,0.0,0.0,nan,0.03137189466079793,-0.002046323864835107,0.0,0.0,nan,0.02499484384826456,-0.004275102919893477,0.0,0.0,nan,0.009884074673245813,-0.6453053632535678,0.0,0.0,nan,-0.00010845597710140709,0.006131028776349615,0.0,0.0,nan
7.823,23.07787870700122,ARM_NEUTRALIZE,INITIAL_HOLD,NEUTRALIZE_PROFILE,0.029821785166859627,-0.002264199545606971,0.06286610662937164,0.001221097307279706,-0.0007531113806180656,0.013325505889952183,0.0,0.0,1.0,0.05722371759249883,0.05722371759249883,0.9376110065342198,0.05722371759249883,nan,0.06495844572782516,0.004908533301204443,0.06591051071882248,0.09267086270106614,-0.02128117442924283,0.029701919175037894,-0.07146508992928048,-0.001957718748599291,-0.002942295279353858,-0.007126585114747286,-0.07146508992928048,0.03137189466079793,1.7974771593927226,1.7974771593927226,False,False,0.25100000000000033,1.0301619880010549,7,-0.007605045062315519,0.0028076936697762084,0.0,0.0,nan,0.02500564073303302,-0.00029160184968309174,0.0,0.0,nan,0.03137189466079793,-0.002046323864835107,0.0,0.0,nan,0.02499484384826456,-0.004275102919893477,0.0,0.0,nan,0.009884074673245813,-0.6453053632535678,0.0,0.0,nan,-0.00010845597710140709,0.006131028776349615,0.0,0.0,nan
7.844,23.159964702997968,ARM_NEUTRALIZE,INITIAL_HOLD,NEUTRALIZE_PROFILE,0.028971299529075623,-0.002430298365652561,0.06281224638223648,0.001221097307279706,-0.0007531113806180656,0.013325505889952183,0.0,0.0,1.0,0.05676111489465325,0.05676111489465325,0.937638591397378,0.05676111489465325,nan,0.06310679763555527,0.004750181920826435,0.0654464140534401,0.09103991019629902,-0.021348835038248148,0.02957724876109293,-0.07156056122861107,-0.0018449577037245035,-0.0034464055206626662,-0.0067397356033325195,-0.07156056122861106,0.03137425072224609,1.7976121517699757,1.7976121517699757,False,False,0.27200000000000024,1.1100113390020852,7,-0.007636140227862853,-0.005567178914527326,0.0,0.0,nan,0.025004876579481028,-0.00031461201646821235,0.0,0.0,nan,0.03137425072224609,-0.0020465681562334016,0.0,0.0,nan,0.024996239848540824,-0.003798038877807979,0.0,0.0,nan,0.009871496646421285,-0.6725699097478103,0.0,0.0,nan,-0.00011021276937306368,0.007125265422137638,0.0,0.0,nan
7.848,23.23807427399879,ARM_NEUTRALIZE,INITIAL_HOLD,NEUTRALIZE_PROFILE,0.028971299529075623,-0.002430298365652561,0.06281224638223648,0.001221097307279706,-0.0007531113806180656,0.013325505889952183,0.0,0.0,1.0,0.05676111489465325,0.05676111489465325,0.937638591397378,0.05676111489465325,nan,0.06310679763555527,0.004750181920826435,0.0654464140534401,0.09103991019629902,-0.021348835038248148,0.02957724876109293,-0.07156056122861107,-0.0018449577037245035,-0.0034464055206626662,-0.0067397356033325195,-0.07156056122861106,0.03137425072224609,1.7976121517699757,1.7976121517699757,False,False,0.2759999999999998,1.1883730920017115,7,-0.007636140227862853,-0.005567178914527326,0.0,0.0,nan,0.025004876579481028,-0.00031461201646821235,0.0,0.0,nan,0.03137425072224609,-0.0020465681562334016,0.0,0.0,nan,0.024996239848540824,-0.003798038877807979,0.0,0.0,nan,0.009871496646421285,-0.6725699097478103,0.0,0.0,nan,-0.00011021276937306368,0.007125265422137638,0.0,0.0,nan
7.864,23.316295238000748,ARM_NEUTRALIZE,INITIAL_HOLD,NEUTRALIZE_PROFILE,0.027813134714961052,-0.002660306403413415,0.06274612993001938,0.001221097307279706,-0.0007531113806180656,0.013325505889952183,0.0,0.0,1.0,0.056153111461932075,0.056153111461932075,0.9376702323599638,0.056153111461932075,nan,0.060870882123708725,0.0042467908933758736,0.06449703872203827,0.08878720362373514,-0.021302420140267782,0.029442058492866702,-0.07154788498464784,0.0009464912582188845,-0.0037302484270185236,-0.005297754425555467,-0.07154788498464784,0.03137605421789136,1.79771548445882,1.79771548445882,False,False,0.2919999999999998,1.2663356740013114,7,-0.007666908969164332,-0.005414723339226362,0.0,0.0,nan,0.025003492391230786,-0.00029648217702653236,0.0,0.0,nan,0.03137605421789136,-0.00206034683315953,0.0,0.0,nan,0.024997274333280473,-0.0038267749231784168,0.0,0.0,nan,0.009875050801491092,-0.6682889728774336,0.0,0.0,nan,-0.00010956822394803112,0.007020033394170165,0.0,0.0,nan
7.878,23.39253404199917,ARM_NEUTRALIZE,INITIAL_HOLD,NEUTRALIZE_PROFILE,0.027121631428599358,-0.002803488401696086,0.06290420889854431,0.001221097307279706,-0.0007531113806180656,0.013325505889952183,0.0,0.0,1.0,0.055974007411586944,0.055974007411586944,0.9374923808429754,0.055974007411586944,nan,0.06056196615099907,0.004457778297364712,0.06390467286109924,0.08815571873059244,-0.021201446319669737,0.029281878175029013,-0.07151850833590992,0.0009464912582188845,-0.0037302484270185236,-0.005297754425555467,-0.07151850833590993,0.03137801830049192,1.7978280181024469,1.7978280181024469,False,False,0.30600000000000005,1.3426729700004216,7,-0.00768839897943252,0.002906128955646514,0.0,0.0,nan,0.025002425277449447,-0.00022848930442478333,0.0,0.0,nan,0.03137801830049192,-0.001969115699294989,0.0,0.0,nan,0.02499827201463578,-0.0041716008387497495,0.0,0.0,nan,0.009878695111080305,-0.6461188715997169,0.0,0.0,nan,-0.00010768857539833476,0.006022456605128339,0.0,0.0,nan
7.8870000000000005,23.471472060999076,ARM_NEUTRALIZE,INITIAL_HOLD,NEUTRALIZE_PROFILE,0.027121631428599358,-0.002803488401696086,0.06290420889854431,0.001221097307279706,-0.0007531113806180656,0.013325505889952183,0.0,0.0,1.0,0.055974007411586944,0.055974007411586944,0.9374923808429754,0.055974007411586944,nan,0.06056196615099907,0.004457778297364712,0.06390467286109924,0.08815571873059244,-0.021201446319669737,0.029281878175029013,-0.07151850833590992,0.000346585176885128,-0.0051298546604812145,-0.0031074834987521167,-0.07151850833590993,0.03137801830049192,1.7978280181024469,1.7978280181024469,False,False,0.3150000000000004,1.4212749130019802,7,-0.00768839897943252,0.002906128955646514,0.0,0.0,nan,0.025002425277449447,-0.00022848930442478333,0.0,0.0,nan,0.03137801830049192,-0.001969115699294989,0.0,0.0,nan,0.02499827201463578,-0.0041716008387497495,0.0,0.0,nan,0.009878695111080305,-0.6461188715997169,0.0,0.0,nan,-0.00010768857539833476,0.006022456605128339,0.0,0.0,nan
7.893,23.546790230000624,ARM_NEUTRALIZE,INITIAL_HOLD,NEUTRALIZE_PROFILE,0.027121631428599358,-0.002803488401696086,0.06290420889854431,0.001221097307279706,-0.0007531113806180656,0.013325505889952183,0.0,0.0,1.0,0.055974007411586944,0.055974007411586944,0.9374923808429754,0.055974007411586944,nan,0.06056196615099907,0.004457778297364712,0.06390467286109924,0.08815571873059244,-0.021201446319669737,0.029281878175029013,-0.07151850833590992,0.000346585176885128,-0.0051298546604812145,-0.0031074834987521167,-0.07151850833590993,0.03137801830049192,1.7978280181024469,1.7978280181024469,False,False,0.32099999999999973,1.4994223860012426,7,-0.00768839897943252,0.002906128955646514,0.0,0.0,nan,0.025002425277449447,-0.00022848930442478333,0.0,0.0,nan,0.03137801830049192,-0.001969115699294989,0.0,0.0,nan,0.02499827201463578,-0.0041716008387497495,0.0,0.0,nan,0.009878695111080305,-0.6461188715997169,0.0,0.0,nan,-0.00010768857539833476,0.006022456605128339,0.0,0.0,nan
7.9030000000000005,23.626981662000617,ARM_NEUTRALIZE,INITIAL_HOLD,NEUTRALIZE_PROFILE,0.026206940412521362,-0.003004657104611397,0.06306279450654984,0.001221097307279706,-0.0007531113806180656,0.013325505889952183,0.0,0.0,1.0,0.055706011280271354,0.055706011280271354,0.9373084650892561,0.055706011280271354,nan,0.059071943163871765,0.0037225340493023396,0.06324005872011185,0.08661787780722352,-0.021320592456545488,0.029149080546556176,-0.0714568103170388,-0.0012033123057335615,-0.004888862371444702,-0.0029278311412781473,-0.0714568103170388,0.031379458562863505,1.7979105390577306,1.7979105390577306,False,False,0.3310000000000004,1.5755471010015754,7,-0.007717135695910926,0.00291912296960818,0.0,0.0,nan,0.025001126238827887,-0.00025951903107098687,0.0,0.0,nan,0.031379458562863505,-0.0019369138970440531,0.0,0.0,nan,0.024998583872085867,-0.004066086838503829,0.0,0.0,nan,0.009886656939781524,-0.6406720267481107,0.0,0.0,nan,-0.00010898224314104255,0.006314011671224203,0.0,0.0,nan
7.941,23.72668904099919,ARM_NEUTRALIZE,INITIAL_HOLD,NEUTRALIZE_PROFILE,0.024955840781331062,-0.0033036177046597004,0.06316006183624268,0.001221097307279706,-0.0007531113806180656,0.013325505889952183,0.0,0.0,1.0,0.05525690994483818,0.05525690994483818,0.9371780927965155,0.05525690994483818,nan,0.055565424263477325,0.003822428174316883,0.06274553388357162,0.08389951938516979,-0.021421647623722423,0.028816973278508778,-0.07146505359437004,-0.0023359316401183605,-0.006645885296165944,-0.0036462859716266385,-0.07146505359437004,0.031383260809267455,1.7981283917293456,1.7981283917293456,False,False,0.3689999999999998,1.6716288310017262,7,-0.007772876372866833,-0.005388347493671494,0.0,0.0,nan,0.02499962802179745,-0.00043478085275378627,0.0,0.0,nan,0.031383260809267455,-0.002160988923054349,0.0,0.0,nan,0.025001028636200573,-0.003925729398323832,0.0,0.0,nan,0.009873683485574603,-0.6657893660594774,0.0,0.0,nan,-0.00010873375155906473,0.006764198054123868,0.0,0.0,nan
7.961,23.805283581998083,ARM_NEUTRALIZE,INITIAL_HOLD,NEUTRALIZE_PROFILE,0.02454295940697193,-0.0034074638970196247,0.06300114095211029,0.001221097307279706,-0.0007531113806180656,0.013325505889952183,0.0,0.0,1.0,0.05494200176465269,0.05494200176465269,0.9373264263444773,0.05494200176465269,nan,0.0551559180021286,0.004143082071095705,0.06263080984354019,0.08355811607116964,-0.021366622538265188,0.028724840532858682,-0.07138323289441827,0.0010110216680914164,-0.005836139433085919,-0.003596720751374959,-0.07138323289441827,0.03138478884530205,1.7982159417450716,1.7982159417450716,False,False,0.38900000000000023,1.7572819820015866,7,-0.007791278857525619,0.0031044383981584916,0.0,0.0,nan,0.024998619274034795,-0.0002713791385823979,0.0,0.0,nan,0.03138478884530205,-0.002068477275656123,0.0,0.0,nan,0.025001464713787058,-0.004284879022803905,0.0,0.0,nan,0.009881188609623948,-0.6433635603410056,0.0,0.0,nan,-0.0001079507312580219,0.006005873557355006,0.0,0.0,nan
7.968,23.884104208998906,ARM_NEUTRALIZE,INITIAL_HOLD,NEUTRALIZE_PROFILE,0.02454295940697193,-0.0034074638970196247,0.06300114095211029,0.001221097307279706,-0.0007531113806180656,0.013325505889952183,0.0,0.0,1.0,0.05494200176465269,0.05494200176465269,0.9373264263444773,0.05494200176465269,nan,0.0551559180021286,0.004143082071095705,0.06263080984354019,0.08355811607116964,-0.021366622538265188,0.028724840532858682,-0.07138323289441827,0.0010110216680914164,-0.005836139433085919,-0.003596720751374959,-0.07138323289441827,0.03138478884530205,1.7982159417450716,1.7982159417450716,False,False,0.3959999999999999,1.8340929490004783,7,-0.007791278857525619,0.0031044383981584916,0.0,0.0,nan,0.024998619274034795,-0.0002713791385823979,0.0,0.0,nan,0.03138478884530205,-0.002068477275656123,0.0,0.0,nan,0.025001464713787058,-0.004284879022803905,0.0,0.0,nan,0.009881188609623948,-0.6433635603410056,0.0,0.0,nan,-0.0001079507312580219,0.006005873557355006,0.0,0.0,nan
8.001,23.965321768999274,ARM_NEUTRALIZE,INITIAL_HOLD,NEUTRALIZE_PROFILE,0.023760367184877396,-0.0036781039088964462,0.06256205588579178,0.001221097307279706,-0.0007531113806180656,0.013325505889952183,0.0,0.0,1.0,0.0542292552355136,0.0542292552355136,0.9377462250322303,0.0542292552355136,nan,0.05374303460121155,0.0015446145553141832,0.06139744445681572,0.0816109415954704,-0.021382977300540337,0.028573504060585002,-0.07133040223364366,0.00010785881022457033,-0.00425315136089921,-0.0029033545870333906,-0.07133040223364366,0.03138798265811982,1.7983989337400847,1.7983989337400847,False,False,0.4289999999999994,1.912280519001797,7,-0.007841870108115323,-0.005133892411895831,0.0,0.0,nan,0.024997254171708505,-0.00027424207919885647,0.0,0.0,nan,0.03138798265811982,-0.0020764727849597875,0.0,0.0,nan,0.025003302589755805,-0.003831452044671111,0.0,0.0,nan,0.009872535792679216,-0.6663346927973148,0.0,0.0,nan,-0.00010905282455997423,0.006890034670912032,0.0,0.0,nan
8.01,24.043283756000164,ARM_NEUTRALIZE,INITIAL_HOLD,NEUTRALIZE_PROFILE,0.023760367184877396,-0.0036781039088964462,0.06256205588579178,0.001221097307279706,-0.0007531113806180656,0.013325505889952183,0.0,0.0,1.0,0.0542292552355136,0.0542292552355136,0.9377462250322303,0.0542292552355136,nan,0.05374303460121155,0.0015446145553141832,0.06139744445681572,0.0816109415954704,-0.021382977300540337,0.028573504060585002,-0.07133040223364366,0.00010785881022457033,-0.00425315136089921,-0.0029033545870333906,-0.07133040223364366,0.03138798265811982,1.7983989337400847,1.7983989337400847,False,False,0.4379999999999997,1.9929965150004136,7,-0.007841870108115323,-0.005133892411895831,0.0,0.0,nan,0.024997254171708505,-0.00027424207919885647,0.0,0.0,nan,0.03138798265811982,-0.0020764727849597875,0.0,0.0,nan,0.025003302589755805,-0.003831452044671111,0.0,0.0,nan,0.009872535792679216,-0.6663346927973148,0.0,0.0,nan,-0.00010905282455997423,0.006890034670912032,0.0,0.0,nan
8.02,24.1199217329995,ARM_NEUTRALIZE,INITIAL_HOLD,NEUTRALIZE_PROFILE,0.0234516728669405,-0.0038590545300394297,0.062432628124952316,0.001221097307279706,-0.0007531113806180656,0.013325505889952183,0.0,0.0,1.0,0.053994025843277046,0.053994025843277046,0.937868567586529,0.053994025843277046,nan,0.053213778883218765,0.0007645931327715516,0.06140821799635887,0.08126044611727845,-0.021357836730240148,0.028446066649228045,-0.07126061525737314,-0.0005121651338413358,-0.005513140000402927,-0.003118008142337202,-0.07126061525737312,0.03138950285081332,1.7984860343654692,1.7984860343654692,False,False,0.4479999999999995,2.0703310429998965,7,-0.0078578360274566,0.0031794722290710443,0.0,0.0,nan,0.024996574244724457,-0.0002069752223905652,0.0,0.0,nan,0.03138950285081332,-0.0019844640778127623,0.0,0.0,nan,0.02500403323672984,-0.004175927438535497,0.0,0.0,nan,0.009876296569828469,-0.6441699575615883,0.0,0.0,nan,-0.00010718751458504983,0.005894554583544055,0.0,0.0,nan
8.036,24.195188106998103,ARM_NEUTRALIZE,INITIAL_HOLD,NEUTRALIZE_PROFILE,0.0234516728669405,-0.0038590545300394297,0.062432628124952316,0.001221097307279706,-0.0007531113806180656,0.013325505889952183,0.0,0.0,1.0,0.053994025843277046,0.053994025843277046,0.937868567586529,0.053994025843277046,nan,0.053213778883218765,0.0007645931327715516,0.06140821799635887,0.08126044611727845,-0.021357836730240148,0.028446066649228045,-0.07126061525737314,-0.0005121651338413358,-0.005513140000402927,-0.003118008142337202,-0.07126061525737312,0.03139055583533956,1.7985463659347152,1.7985463659347152,False,False,0.4639999999999995,2.147594878999371,7,-0.007881502970513488,0.0031824125063335644,0.0,0.0,nan,0.02499563023436746,-0.00024041718636278017,0.0,0.0,nan,0.03139055583533956,-0.0019527450583781128,0.0,0.0,nan,0.025004113556386542,-0.004070871009429229,0.0,0.0,nan,0.009884164787522742,-0.6388917806110099,0.0,0.0,nan,-0.00010850795788552858,0.006195801494331817,0.0,0.0,nan
8.044,24.26765397499912,ARM_NEUTRALIZE,INITIAL_HOLD,NEUTRALIZE_PROFILE,0.02261267974972725,-0.003982158377766609,0.06215814873576164,0.001221097307279706,-0.0007531113806180656,0.013325505889952183,0.0,0.0,1.0,0.053410238262043074,0.053410238262043074,0.9381228751360576,0.053410238262043074,nan,0.052041009068489075,0.00030969129875302315,0.06094464659690857,0.08014120339993133,-0.02135690514015117,0.028311543077257344,-0.07125150475331508,0.00047345811617560685,-0.005685622338205576,-0.003073249012231826,-0.07125150475331508,0.03139055583533956,1.7985463659347152,1.7985463659347152,False,False,0.4720000000000004,2.222467179999512,7,-0.007881502970513488,0.0031824125063335644,0.0,0.0,nan,0.02499563023436746,-0.00024041718636278017,0.0,0.0,nan,0.03139055583533956,-0.0019527450583781128,0.0,0.0,nan,0.025004113556386542,-0.004070871009429229,0.0,0.0,nan,0.009884164787522742,-0.6388917806110099,0.0,0.0,nan,-0.00010850795788552858,0.006195801494331817,0.0,0.0,nan
8.075,24.343958975998248,ARM_NEUTRALIZE,INITIAL_HOLD,NEUTRALIZE_PROFILE,0.021494021639227867,-0.004171009175479412,0.061764806509017944,0.001221097307279706,-0.0007531113806180656,0.013325505889952183,0.0,0.0,1.0,0.05262166218174069,0.05262166218174069,0.938490633191845,0.05262166218174069,nan,0.051381513476371765,-0.0010715570533648133,0.06033219397068024,0.07925390710215474,-0.021325613738989252,0.02825589373467013,-0.07114447284547563,0.0013443108182400465,-0.002354419091716409,-0.0018820932600647209,-0.07114447284547563,0.031393494847372416,1.798714758920136,1.798714758920136,False,False,0.5029999999999992,2.2948297540024214,7,-0.007926342022431143,-0.005099177903335432,0.0,0.0,nan,0.02499484304593036,-0.0004147037849355921,0.0,0.0,nan,0.031393494847372416,-0.0021780270957002315,0.0,0.0,nan,0.025006053486863244,-0.003931547044553201,0.0,0.0,nan,0.009871628217448247,-0.663902308619423,0.0,0.0,nan,-0.00010825180218443364,0.00664106562879256,0.0,0.0,nan
8.085,24.42256411999915,ARM_NEUTRALIZE,INITIAL_HOLD,NEUTRALIZE_PROFILE,0.020824184641242027,-0.004309177864342928,0.0615040622651577,0.001221097307279706,-0.0007531113806180656,0.013325505889952183,0.0,0.0,1.0,0.052135400029715714,0.052135400029715714,0.9387368325705773,0.052135400029715714,nan,0.049528833478689194,-0.0017873455071821809,0.05993293598294258,0.07777053918584634,-0.021300229103068835,0.02829270754670097,-0.0710880733640042,-0.0005963508738204837,-0.0009404848678968851,-0.003199684200808406,-0.0710880733640042,0.031393494847372416,1.798714758920136,1.798714758920136,False,False,0.5130000000000008,2.3761594080024224,7,-0.007926342022431143,-0.005099177903335432,0.0,0.0,nan,0.02499484304593036,-0.0004147037849355921,0.0,0.0,nan,0.031393494847372416,-0.0021780270957002315,0.0,0.0,nan,0.025006053486863244,-0.003931547044553201,0.0,0.0,nan,0.009871628217448247,-0.663902308619423,0.0,0.0,nan,-0.00010825180218443364,0.00664106562879256,0.0,0.0,nan
8.099,24.500963779999438,ARM_NEUTRALIZE,INITIAL_HOLD,NEUTRALIZE_PROFILE,0.019921066239476204,-0.004494961816817522,0.06132183596491814,0.001221097307279706,-0.0007531113806180656,0.013325505889952183,0.0,0.0,1.0,0.05164627753688625,0.05164627753688625,0.938900287143488,0.05164627753688625,nan,0.04801151901483536,-0.0004959229845553637,0.05998246371746063,0.07683259628136348,-0.021357799155675032,0.02825086400298026,-0.07106524734609508,-0.0009864690946415067,-0.0006212119478732351,-0.0025973548181355,-0.07106524734609508,0.03139462634663559,1.798779589052438,1.798779589052438,False,False,0.5270000000000001,2.4524135179999575,7,-0.007939181133348683,0.0033477188482135267,0.0,0.0,nan,0.024994217704524146,-0.0002478295546468066,0.0,0.0,nan,0.03139462634663559,-0.002074693646196454,0.0,0.0,nan,0.025006262280900415,-0.004281328954456389,0.0,0.0,nan,0.009879021990728987,-0.6414198480120246,0.0,0.0,nan,-0.00010742518538009449,0.0058687499494698816,0.0,0.0,nan
8.134,24.574250095000025,ARM_NEUTRALIZE,INITIAL_HOLD,NEUTRALIZE_PROFILE,0.019388705492019653,-0.004605655558407307,0.06128321588039398,0.001221097307279706,-0.0007531113806180656,0.013325505889952183,0.0,0.0,1.0,0.05142806657189602,0.05142806657189602,0.9389282905268292,0.05142806657189602,nan,0.047220177948474884,-0.0005000067758373916,0.06002511829137802,0.07637414508952255,-0.021384194988419473,0.028189467824608207,-0.07088710874172816,-0.0013865240616723895,-0.0010442474158480763,-0.00020941768889315413,-0.07088710874172816,0.031396171092637815,1.798868096478785,1.798868096478785,False,False,0.5620000000000003,2.5266742650019296,7,-0.00795991506149818,-0.005047859856482652,0.0,0.0,nan,0.024994171783989216,-0.0002762491044929499,0.0,0.0,nan,0.031396171092637815,-0.002077074038563942,0.0,0.0,nan,0.025007173347344036,-0.003806768137511507,0.0,0.0,nan,0.009866408443969021,-0.6689887836932511,0.0,0.0,nan,-0.00010924629193365121,0.006884567529808305,0.0,0.0,nan
8.153,24.65070388899767,ARM_NEUTRALIZE,INITIAL_HOLD,NEUTRALIZE_PROFILE,0.018705356866121292,-0.004759547300636768,0.0611933097243309,0.001221097307279706,-0.0007531113806180656,0.013325505889952183,0.0,0.0,1.0,0.05111826977733814,0.05111826977733814,0.9390050827191256,0.05111826977733814,nan,0.047013796865940094,-0.0009836257668212056,0.06009935215115547,0.07630987317765395,-0.021408146559822285,0.02816883227979267,-0.07071943491051974,-0.0011894996277987957,-0.0036532562226057053,1.202521889354147e-05,-0.07071943491051974,0.03139712957401475,1.7989230134164254,1.7989230134164254,False,False,0.5810000000000004,2.602052234000439,7,-0.007980410649046199,-0.004910120013262591,0.0,0.0,nan,0.02499344163205741,-0.00025885893387002525,0.0,0.0,nan,0.03139712957401475,-0.0020889026622183254,0.0,0.0,nan,0.02500769885009646,-0.003834584391091567,0.0,0.0,nan,0.009870546566407512,-0.6647207456313861,0.0,0.0,nan,-0.00010863944940275871,0.006784233259061306,0.0,0.0,nan
8.153,24.71106140199845,ARM_NEUTRALIZE,INITIAL_HOLD,NEUTRALIZE_PROFILE,0.018705356866121292,-0.004759547300636768,0.0611933097243309,0.001221097307279706,-0.0007531113806180656,0.013325505889952183,0.0,0.0,1.0,0.05111826977733814,0.05111826977733814,0.9390050827191256,0.05111826977733814,nan,0.047013796865940094,-0.0009836257668212056,0.06009935215115547,0.07630987317765395,-0.021408146559822285,0.02816883227979267,-0.07071943491051974,-0.0011894996277987957,-0.0036532562226057053,1.202521889354147e-05,-0.07071943491051974,0.03139712957401475,1.7989230134164254,1.7989230134164254,False,False,0.5810000000000004,2.6613048229992273,7,-0.007980410649046199,-0.004910120013262591,0.0,0.0,nan,0.02499344163205741,-0.00025885893387002525,0.0,0.0,nan,0.03139712957401475,-0.0020889026622183254,0.0,0.0,nan,0.02500769885009646,-0.003834584391091567,0.0,0.0,nan,0.009870546566407512,-0.6647207456313861,0.0,0.0,nan,-0.00010863944940275871,0.006784233259061306,0.0,0.0,nan
8.155,24.785228155000368,ARM_NEUTRALIZE,INITIAL_HOLD,NEUTRALIZE_PROFILE,0.018705356866121292,-0.004759547300636768,0.0611933097243309,0.001221097307279706,-0.0007531113806180656,0.013325505889952183,0.0,0.0,1.0,0.05111826977733814,0.05111826977733814,0.9390050827191256,0.05111826977733814,nan,0.047013796865940094,-0.0009836257668212056,0.06009935215115547,0.07630987317765395,-0.021408146559822285,0.02816883227979267,-0.07071943491051974,-0.0011894996277987957,-0.0036532562226057053,1.202521889354147e-05,-0.07071943491051974,0.03139834591046409,1.7989927043614404,1.7989927043614404,False,False,0.5829999999999993,2.7379035080011818,7,-0.007992291528635675,0.003398479533438248,0.0,0.0,nan,0.024993017254491434,-0.0001914746220304595,0.0,0.0,nan,0.03139834591046409,-0.001994948372901056,0.0,0.0,nan,0.02500825704074572,-0.004176654721944809,0.0,0.0,nan,0.009874072337724193,-0.6427877214364319,0.0,0.0,nan,-0.0001067877615543722,0.005795856577337666,0.0,0.0,nan
8.17,24.86870076299965,ARM_NEUTRALIZE,INITIAL_HOLD,NEUTRALIZE_PROFILE,0.01832699589431286,-0.004858984146267176,0.06116321682929993,0.001221097307279706,-0.0007531113806180656,0.013325505889952183,0.0,0.0,1.0,0.05096976108982808,0.05096976108982808,0.9390282178612909,0.05096976108982808,nan,0.046046171337366104,-0.00038555156788788736,0.05962451919913292,0.0753357938470774,-0.021397435374922873,0.02798923110068425,-0.0705882840880817,0.0009167843963950872,-0.006121656857430935,4.0517337765778236e-05,-0.0705882840880817,0.03139834591046409,1.7989927043614404,1.7989927043614404,False,False,0.5979999999999999,2.8147972719998506,7,-0.007992291528635675,0.003398479533438248,0.0,0.0,nan,0.024993017254491434,-0.0001914746220304595,0.0,0.0,nan,0.03139834591046409,-0.001994948372901056,0.0,0.0,nan,0.02500825704074572,-0.004176654721944809,0.0,0.0,nan,0.009874072337724193,-0.6427877214364319,0.0,0.0,nan,-0.0001067877615543722,0.005795856577337666,0.0,0.0,nan
8.205,24.94475608599896,ARM_NEUTRALIZE,INITIAL_HOLD,NEUTRALIZE_PROFILE,0.017615418881177902,-0.005094998050481081,0.06154916435480118,0.001221097307279706,-0.0007531113806180656,0.013325505889952183,0.0,0.0,1.0,0.051118949475284794,0.051118949475284794,0.9386299765672657,0.051118949475284794,nan,0.04577229171991348,-0.0013753875391557813,0.059091966599226,0.074758644294421,-0.021350634205570304,0.027894018973115584,-0.0703624887024943,0.0013817095896229148,-0.004219511523842812,-0.001199295162223279,-0.0703624887024943,0.031400527357063446,1.7991176920448169,1.7991176920448169,False,False,0.633,2.8952765880021616,7,-0.008030509678883746,-0.004920323157763756,0.0,0.0,nan,0.024992420675780558,-0.000248150033013799,0.0,0.0,nan,0.031400527357063446,-0.002059592417583739,0.0,0.0,nan,0.025009235715725886,-0.003783799438704715,0.0,0.0,nan,0.009867368863855752,-0.6669499446365629,0.0,0.0,nan,-0.00010876506537282893,0.0067216793093580335,0.0,0.0,nan
8.238,25.02584295899942,ARM_NEUTRALIZE,INITIAL_HOLD,NEUTRALIZE_PROFILE,0.016603266820311546,-0.00528640067204833,0.06166553497314453,0.001221097307279706,-0.0007531113806180656,0.013325505889952183,0.0,0.0,1.0,0.050930543512624375,0.050930543512624375,0.9384962348131222,0.050930543512624375,nan,0.04425188899040222,-0.0017256737919524312,0.05811873823404312,0.0730684293191823,-0.021325084896572886,0.02763351302831057,-0.07003967344966451,0.0011780920904129744,-0.0056930482387542725,4.409015673446235e-06,-0.07003967344966451,0.031402455226336556,1.7992281508176189,1.7992281508176189,False,False,0.6659999999999995,2.9738981330010574,7,-0.00805842704434312,0.0035117231170909563,0.0,0.0,nan,0.02499158499841414,-0.00019135110275515918,0.0,0.0,nan,0.031402455226336556,-0.0020121349535969267,0.0,0.0,nan,0.025010183062711633,-0.004192425399344382,0.0,0.0,nan,0.009874581884220746,-0.6410386057770636,0.0,0.0,nan,-0.0001066722083775673,0.005685349558119541,0.0,0.0,nan
8.243,25.10202947200014,ARM_NEUTRALIZE,INITIAL_HOLD,NEUTRALIZE_PROFILE,0.016603266820311546,-0.00528640067204833,0.06166553497314453,0.001221097307279706,-0.0007531113806180656,0.013325505889952183,0.0,0.0,1.0,0.050930543512624375,0.050930543512624375,0.9384962348131222,0.050930543512624375,nan,0.04425188899040222,-0.0017256737919524312,0.05811873823404312,0.0730684293191823,-0.021325084896572886,0.02763351302831057,-0.07003967344966451,-8.398573845624924e-05,-0.006215615198016167,-0.00046438016579486354,-0.07003967344966451,0.031402455226336556,1.7992281508176189,1.7992281508176189,False,False,0.6710000000000003,3.0533004220014845,7,-0.00805842704434312,0.0035117231170909563,0.0,0.0,nan,0.02499158499841414,-0.00019135110275515918,0.0,0.0,nan,0.031402455226336556,-0.0020121349535969267,0.0,0.0,nan,0.025010183062711633,-0.004192425399344382,0.0,0.0,nan,0.009874581884220746,-0.6410386057770636,0.0,0.0,nan,-0.0001066722083775673,0.005685349558119541,0.0,0.0,nan
8.26,25.185056012000132,ARM_NEUTRALIZE,INITIAL_HOLD,NEUTRALIZE_PROFILE,0.01558277104049921,-0.0053479028865695,0.061756957322359085,0.001221097307279706,-0.0007531113806180656,0.013325505889952183,0.0,0.0,1.0,0.050724503637317134,0.050724503637317134,0.9383876757244749,0.050724503637317134,nan,0.04190637543797493,-0.0010074741439893842,0.056838855147361755,0.07062446290742386,-0.0213567506172291,0.02760057034800045,-0.06999749225554297,-0.000580878637265414,-0.003697858657687903,-0.0023906137794256206,-0.06999749225554297,0.03140332536631529,1.7992780061659863,1.7992780061659863,False,False,0.6879999999999997,3.1298554099994362,7,-0.008075896015340867,0.003353218477933099,0.0,0.0,nan,0.024991407904758844,-0.0005584461164434313,0.0,0.0,nan,0.03140332536631529,-0.0024601755279921923,0.0,0.0,nan,0.025010234917599128,-0.004864631009560451,0.0,0.0,nan,0.009872595852407962,-0.6408390513708311,0.0,0.0,nan,-0.0001080799100918739,0.005653099273306851,0.0,0.0,nan
8.276,25.261043939997762,ARM_NEUTRALIZE,INITIAL_HOLD,NEUTRALIZE_PROFILE,0.01558277104049921,-0.0053479028865695,0.061756957322359085,0.001221097307279706,-0.0007531113806180656,0.013325505889952183,0.0,0.0,1.0,0.050724503637317134,0.050724503637317134,0.9383876757244749,0.050724503637317134,nan,0.04190637543797493,-0.0010074741439893842,0.056838855147361755,0.07062446290742386,-0.0213567506172291,0.02760057034800045,-0.06999749225554297,-0.000580878637265414,-0.003697858657687903,-0.0023906137794256206,-0.06999749225554297,0.03140444867218051,1.7993423668511652,1.7993423668511652,False,False,0.7039999999999997,3.2113365570003225,7,-0.008092339371230217,-0.004749823709444902,0.0,0.0,nan,0.02499124285848442,-0.0002568475960718936,0.0,0.0,nan,0.03140444867218051,-0.002093395771841488,0.0,0.0,nan,0.02501128096156524,-0.003823335149757576,0.0,0.0,nan,0.009866511105815157,-0.6652365783126261,0.0,0.0,nan,-0.00010837410255959412,0.006608535384403237,0.0,0.0,nan
8.284,25.339740978997725,ARM_NEUTRALIZE,INITIAL_HOLD,NEUTRALIZE_PROFILE,0.01497223787009716,-0.0053829895332455635,0.061865225434303284,0.001221097307279706,-0.0007531113806180656,0.013325505889952183,0.0,0.0,1.0,0.05066195823229498,0.05066195823229498,0.9382696839036122,0.05066195823229498,nan,0.0408199205994606,-0.0014567556791007519,0.056552477180957794,0.0697608108479081,-0.02135151219782609,0.027587551027963373,-0.06989823767777564,-0.0002820962108671665,-0.0028459196910262112,-0.0028444950003176923,-0.06989823767777564,0.03140444867218051,1.7993423668511652,1.7993423668511652,False,False,0.7120000000000006,3.2889894700019795,7,-0.008092339371230217,-0.004749823709444902,0.0,0.0,nan,0.02499124285848442,-0.0002568475960718936,0.0,0.0,nan,0.03140444867218051,-0.002093395771841488,0.0,0.0,nan,0.02501128096156524,-0.003823335149757576,0.0,0.0,nan,0.009866511105815157,-0.6652365783126261,0.0,0.0,nan,-0.00010837410255959412,0.006608535384403237,0.0,0.0,nan
8.318,25.416465758000413,ARM_NEUTRALIZE,INITIAL_HOLD,NEUTRALIZE_PROFILE,0.013451597653329372,-0.005506653804332018,0.061969298869371414,0.001221097307279706,-0.0007531113806180656,0.013325505889952183,0.0,0.0,1.0,0.0503825356618081,0.0503825356618081,0.9381433072719575,0.0503825356618081,nan,0.03763231635093689,-0.0012917714193463326,0.056473907083272934,0.06787607891287605,-0.021429502019957948,0.027387137820609482,-0.06971724629321083,-0.000847918214276433,-0.0038739102892577652,-0.003231075126677751,-0.06971724629321083,0.03140590341793992,1.799425717643444,1.799425717643444,False,False,0.7459999999999996,3.366703278999921,7,-0.008116248354216538,0.0036422975284861603,0.0,0.0,nan,0.02499048666621384,-0.00015482746463183405,0.0,0.0,nan,0.03140590341793992,-0.0020005518640670854,0.0,0.0,nan,0.02501155891919904,-0.004165905009526916,0.0,0.0,nan,0.009879077206260689,-0.6368673653188601,0.0,0.0,nan,-0.00010739863484676704,0.006018566700890969,0.0,0.0,nan
8.350999999999999,25.49380749500051,ARM_NEUTRALIZE,INITIAL_HOLD,NEUTRALIZE_PROFILE,0.013040398247539997,-0.0055370028130710125,0.06187526509165764,0.001221097307279706,-0.0007531113806180656,0.013325505889952183,0.0,0.0,1.0,0.05019622107786121,0.05019622107786121,0.9382317030635098,0.05019622107786121,nan,0.03696947544813156,-0.0010781713062897325,0.056193601340055466,0.06727276863516762,-0.021357207826343535,0.027295380208745855,-0.06958006669042374,0.0010361613240092993,-0.005044002551585436,-0.0003173813456669444,-0.06958006669042374,0.03140705226860696,1.7994915419379565,1.7994915419379565,False,False,0.778999999999999,3.4441771080018952,7,-0.008131435816817856,-0.004751622763954442,0.0,0.0,nan,0.024990720009934186,-0.00024423275038297173,0.0,0.0,nan,0.03140705226860696,-0.002075182628877112,0.0,0.0,nan,0.025012356530254465,-0.003791716395194374,0.0,0.0,nan,0.009865061656925356,-0.6664948783253906,0.0,0.0,nan,-0.00010860738912299439,0.006703644484150179,0.0,0.0,nan
8.369,25.575782710999192,ARM_NEUTRALIZE,INITIAL_HOLD,NEUTRALIZE_PROFILE,0.012677498161792755,-0.005552095826715231,0.06174891069531441,0.001221097307279706,-0.0007531113806180656,0.013325505889952183,0.0,0.0,1.0,0.04999105425170735,0.04999105425170735,0.938353159161912,0.04999105425170735,nan,0.036978043615818024,-1.8278966308571398e-05,0.05528295785188675,0.06651001031895452,-0.021328162719204125,0.027256395683310133,-0.0694578333647502,0.001893675304017961,-0.004982236307114363,-0.0017417672788724297,-0.0694578333647502,0.031407630780512896,1.7995246882285645,1.7995246882285645,False,False,0.7969999999999997,3.5270001640019473,7,-0.008146726717269459,-0.00464816957780775,0.0,0.0,nan,0.024990221595902362,-0.00024125412870177427,0.0,0.0,nan,0.031407630780512896,-0.0020539179555774836,0.0,0.0,nan,0.025012694468522945,-0.0037408533526366136,0.0,0.0,nan,0.009870533259384473,-0.6608409365787308,0.0,0.0,nan,-0.00010797635454995458,0.0067831384290062205,0.0,0.0,nan
8.37,25.653520119998575,ARM_NEUTRALIZE,INITIAL_HOLD,NEUTRALIZE_PROFILE,0.012677498161792755,-0.005552095826715231,0.06174891069531441,0.001221097307279706,-0.0007531113806180656,0.013325505889952183,0.0,0.0,1.0,0.04999105425170735,0.04999105425170735,0.938353159161912,0.04999105425170735,nan,0.036978043615818024,-1.8278966308571398e-05,0.05528295785188675,0.06651001031895452,-0.021328162719204125,0.027256395683310133,-0.0694578333647502,0.001893675304017961,-0.004982236307114363,-0.0017417672788724297,-0.0694578333647502,0.031407630780512896,1.7995246882285645,1.7995246882285645,False,False,0.7979999999999992,3.603467062999698,7,-0.008146726717269459,-0.00464816957780775,0.0,0.0,nan,0.024990221595902362,-0.00024125412870177427,0.0,0.0,nan,0.031407630780512896,-0.0020539179555774836,0.0,0.0,nan,0.025012694468522945,-0.0037408533526366136,0.0,0.0,nan,0.009870533259384473,-0.6608409365787308,0.0,0.0,nan,-0.00010797635454995458,0.0067831384290062205,0.0,0.0,nan
8.401,25.73491157600074,ARM_NEUTRALIZE,INITIAL_HOLD,NEUTRALIZE_PROFILE,0.012003217823803425,-0.005521832499653101,0.06151324510574341,0.001221097307279706,-0.0007531113806180656,0.013325505889952183,0.0,0.0,1.0,0.049609001548842686,0.049609001548842686,0.9385797552601657,0.049609001548842686,nan,0.0357842817902565,0.0015202532522380352,0.05468641221523285,0.06537147446837796,-0.021271784574163993,0.027217425456960233,-0.06937580169696411,0.00010296778054907918,-0.0030357558280229573,-0.003133761696517467,-0.06937580169696411,0.03140903892521685,1.7996053689770446,1.7996053689770446,False,False,0.8289999999999997,3.6867486869996355,7,-0.008167541492437813,0.003631746013397521,0.0,0.0,nan,0.02498976315783974,-0.00020309468723608408,0.0,0.0,nan,0.03140903892521685,-0.0019645860511666455,0.0,0.0,nan,0.02501298086431003,-0.004062842780767589,0.0,0.0,nan,0.009880031652222065,-0.6355229291714157,0.0,0.0,nan,-0.0001075713625020569,0.005948882159537616,0.0,0.0,nan
8.431,25.81086330999824,ARM_NEUTRALIZE,INITIAL_HOLD,NEUTRALIZE_PROFILE,0.011732419021427631,-0.005476220976561308,0.0612766332924366,0.001221097307279706,-0.0007531113806180656,0.013325505889952183,0.0,0.0,1.0,0.04931638944208001,0.04931638944208001,0.9388126532248385,0.04931638944208001,nan,0.035033803433179855,0.0024932557716965675,0.05436575412750244,0.06472417577064872,-0.021372399875058724,0.02709887734742183,-0.06929760143269328,2.297597166034393e-05,-0.005081075243651868,-0.004568321164697408,-0.06929760143269328,0.03141016675611219,1.7996699889273522,1.7996699889273522,False,False,0.8589999999999991,3.7610011380020296,7,-0.008181320982174611,-0.004623554827662432,0.0,0.0,nan,0.02499007377823581,-0.00025900844812814817,0.0,0.0,nan,0.03141016675611219,-0.0021121374839813013,0.0,0.0,nan,0.025013953309640513,-0.0038345021952554364,0.0,0.0,nan,0.00986540855600282,-0.6646345372070517,0.0,0.0,nan,-0.00010824923251995244,0.006580463562245919,0.0,0.0,nan
8.449,25.887790277000022,ARM_NEUTRALIZE,INITIAL_HOLD,NEUTRALIZE_PROFILE,0.010942013934254646,-0.005476129241287708,0.06086936220526695,0.001221097307279706,-0.0007531113806180656,0.013325505889952183,0.0,0.0,1.0,0.048756757389228605,0.048756757389228605,0.9392103441216705,0.048756757389228605,nan,0.03445899859070778,0.003015511902049184,0.05396479368209839,0.06409925781986284,-0.021335449725320574,0.02699674443802238,-0.0693571923937159,-0.0012110217940062284,-0.0055236266925930986,-0.00650270003825426,-0.0693571923937159,0.03141083645957732,1.7997083601094295,1.7997083601094295,False,False,0.8769999999999998,3.8380201979998674,7,-0.008195538639093947,-0.004677187702262648,0.0,0.0,nan,0.024989894457601913,-0.00038634337789168044,0.0,0.0,nan,0.03141083645957732,-0.002194210097205225,0.0,0.0,nan,0.02501437616874469,-0.003930915522758606,0.0,0.0,nan,0.009866542754137342,-0.6609368649886249,0.0,0.0,nan,-0.00010737125410642534,0.006425698057810371,0.0,0.0,nan
8.456,25.964218676999735,ARM_NEUTRALIZE,INITIAL_HOLD,NEUTRALIZE_PROFILE,0.00985301099717617,-0.005453027784824371,0.0603005550801754,0.001221097307279706,-0.0007531113806180656,0.013325505889952183,0.0,0.0,1.0,0.04799223264842177,0.04799223264842177,0.9397669201032557,0.04799223264842177,nan,0.03445899859070778,0.003015511902049184,0.05396479368209839,0.06409925781986284,-0.021454148143713117,0.02694651427430678,-0.06937118100336964,-0.0012110217940062284,-0.0055236266925930986,-0.00650270003825426,-0.06937118100336964,0.03141138095882656,1.799739557618359,1.799739557618359,False,False,0.8839999999999995,3.914189016999444,7,-0.008200280694317108,0.0037683678530394758,0.0,0.0,nan,0.024989652824721098,-0.0002276782247260971,0.0,0.0,nan,0.03141138095882656,-0.0020995952343107905,0.0,0.0,nan,0.025014253885287552,-0.004288667602671178,0.0,0.0,nan,0.009875024555533685,-0.6388388729962289,0.0,0.0,nan,-0.0001067170948507723,0.005692230007333014,0.0,0.0,nan
8.486,26.03869761199894,ARM_NEUTRALIZE,INITIAL_HOLD,NEUTRALIZE_PROFILE,0.009199929423630238,-0.005424875766038895,0.059857189655303955,0.001221097307279706,-0.0007531113806180656,0.013325505889952183,0.0,0.0,1.0,0.0474413821305039,0.0474413821305039,0.940203473627544,0.0474413821305039,nan,0.032110508531332016,0.004373556934297085,0.05168057605624199,0.06100077622377684,-0.021424363812051612,0.026887785715911352,-0.06935307161867697,-0.0019269229378551245,-0.00449077831581235,-0.0068323048762977115,-0.06935307161867697,0.03141231418024315,1.799793027266881,1.799793027266881,False,False,0.9140000000000006,3.9903658340008406,7,-0.00821293512891863,-0.004639884547062607,0.0,0.0,nan,0.024989961099632474,-0.0002535083966009005,0.0,0.0,nan,0.03141231418024315,-0.0020972491380293495,0.0,0.0,nan,0.025014821152401723,-0.0038104841131911824,0.0,0.0,nan,0.009863191523839632,-0.6663180415466874,0.0,0.0,nan,-0.00010854878399069179,0.006706285845286019,0.0,0.0,nan
8.499,26.113131549998798,ARM_NEUTRALIZE,INITIAL_HOLD,NEUTRALIZE_PROFILE,0.008330225944519043,-0.005366871599107981,0.05917641147971153,0.001221097307279706,-0.0007531113806180656,0.013325505889952183,0.0,0.0,1.0,0.04662758879392716,0.04662758879392716,0.940875773251305,0.04662758879392716,nan,0.030730850994586945,0.004511284176260233,0.04969049617648125,0.05859933701020327,-0.021517885564829985,0.026775458422603815,-0.06932105014451931,-0.0019269229378551245,-0.00449077831581235,-0.0068323048762977115,-0.06932105014451931,0.03141277000018228,1.7998191438256108,1.7998191438256108,False,False,0.9270000000000005,4.06558571700225,7,-0.00822581307317094,-0.004513387624884308,0.0,0.0,nan,0.024989624661532872,-0.0002364377685513965,0.0,0.0,nan,0.03141277000018228,-0.002107179025273349,0.0,0.0,nan,0.025015082815071032,-0.003837084888675582,0.0,0.0,nan,0.009867383986094325,-0.6622061416831689,0.0,0.0,nan,-0.00010795263066487593,0.006611383215700178,0.0,0.0,nan
8.505,26.196060797999962,ARM_NEUTRALIZE,INITIAL_HOLD,NEUTRALIZE_PROFILE,0.008330225944519043,-0.005366871599107981,0.05917641147971153,0.001221097307279706,-0.0007531113806180656,0.013325505889952183,0.0,0.0,1.0,0.04662758879392716,0.04662758879392716,0.940875773251305,0.04662758879392716,nan,0.030730850994586945,0.004511284176260233,0.04969049617648125,0.05859933701020327,-0.021517885564829985,0.026775458422603815,-0.06932105014451931,-0.0026009881403297186,-0.003802481340244413,-0.003950401209294795,-0.06932105014451931,0.03141277000018228,1.7998191438256108,1.7998191438256108,False,False,0.9330000000000007,4.142317996000202,7,-0.00822581307317094,-0.004513387624884308,0.0,0.0,nan,0.024989624661532872,-0.0002364377685513965,0.0,0.0,nan,0.03141277000018228,-0.002107179025273349,0.0,0.0,nan,0.025015082815071032,-0.003837084888675582,0.0,0.0,nan,0.009867383986094325,-0.6622061416831689,0.0,0.0,nan,-0.00010795263066487593,0.006611383215700178,0.0,0.0,nan
8.541,26.27776093400098,ARM_NEUTRALIZE,INITIAL_HOLD,NEUTRALIZE_PROFILE,0.007108592893928289,-0.005245528649538755,0.05797732248902321,0.001221097307279706,-0.0007531113806180656,0.013325505889952183,0.0,0.0,1.0,0.04526178457372155,0.04526178457372155,0.9420641021760114,0.04526178457372155,nan,0.028739579021930695,0.004426898900419474,0.04831308126449585,0.056388958648853536,-0.02158704525763186,0.02673194445899722,-0.06912698777052702,0.0004980444209650159,-0.0025109478738158946,-0.0025782724842429157,-0.06912698777052702,0.031413933612892464,1.7998858139228922,1.7998858139228922,False,False,0.9690000000000003,4.227479991001019,7,-0.008241638580312127,0.003830423112296156,0.0,0.0,nan,0.024989409539399432,-0.0001327454746183433,0.0,0.0,nan,0.031413933612892464,-0.0019963608301351763,0.0,0.0,nan,0.025015411129262866,-0.004152498883144624,0.0,0.0,nan,0.009877223906151755,-0.6352399730337619,0.0,0.0,nan,-0.00010690690957204652,0.005885762779510814,0.0,0.0,nan
8.541,26.356655863000924,ARM_NEUTRALIZE,INITIAL_HOLD,NEUTRALIZE_PROFILE,0.007108592893928289,-0.005245528649538755,0.05797732248902321,0.001221097307279706,-0.0007531113806180656,0.013325505889952183,0.0,0.0,1.0,0.04526178457372155,0.04526178457372155,0.9420641021760114,0.04526178457372155,nan,0.028739579021930695,0.004426898900419474,0.04831308126449585,0.056388958648853536,-0.02158704525763186,0.02673194445899722,-0.06912698777052702,0.0004980444209650159,-0.0025109478738158946,-0.0025782724842429157,-0.06912698777052702,0.031413933612892464,1.7998858139228922,1.7998858139228922,False,False,0.9690000000000003,4.307521841001289,7,-0.008241638580312127,0.003830423112296156,0.0,0.0,nan,0.024989409539399432,-0.0001327454746183433,0.0,0.0,nan,0.031413933612892464,-0.0019963608301351763,0.0,0.0,nan,0.025015411129262866,-0.004152498883144624,0.0,0.0,nan,0.009877223906151755,-0.6352399730337619,0.0,0.0,nan,-0.00010690690957204652,0.005885762779510814,0.0,0.0,nan
8.568,26.43548440199811,ARM_NEUTRALIZE,INITIAL_HOLD,NEUTRALIZE_PROFILE,0.006492267362773418,-0.005170151125639677,0.05738425999879837,0.001221097307279706,-0.0007531113806180656,0.013325505889952183,0.0,0.0,1.0,0.044592255913855766,0.044592255913855766,0.9426522759194849,0.044592255913855766,nan,0.026233527809381485,0.004469715058803558,0.04782494530081749,0.05473026335637964,-0.021486993265518645,0.026710968312479186,-0.06903815488889671,0.002125582192093134,-0.003990962170064449,-0.001242062775418162,-0.06903815488889671,0.03141488919012847,1.7999405644655142,1.7999405644655142,False,False,0.0,0.0,8,-0.008252855073534349,-0.0045439332720479415,0.0,0.0,nan,0.024989862934587492,-0.00023505707042017977,0.0,0.0,nan,0.03141488919012847,-0.0020840725105448718,0.0,0.0,nan,0.025016111990135315,-0.003792113514210745,0.0,0.0,nan,0.009862877052043473,-0.6652665530200241,0.0,0.0,nan,-0.00010823137049609244,0.006613276020344561,0.0,0.0,nan
8.608,26.54539578600088,ARM_AND_OFFBOARD,INITIAL_HOLD,NEUTRAL_HOLD,0.005796578247100115,-0.005037172697484493,0.05684269219636917,0.001221097307279706,-0.0007531113806180656,0.013325505889952183,0.0,0.0,1.0,0.04396627925154387,0.04396627925154387,0.9431885711200871,0.04396627925154387,nan,0.02453235350549221,0.005462476518005133,0.04804905131459236,0.05422532941772252,-0.02147088247347616,0.02651440434856389,-0.06871669793223788,0.0012371522607281804,-0.004746188875287771,-0.001084145857021212,-0.06871669793223789,0.03141576216365127,1.7999905821639974,1.7999905821639974,False,False,0.040000000000000924,0.08996916600153781,8,-0.008267317547240971,0.0038502642191951316,0.0,0.0,nan,0.024989485155159308,-0.00017945552924547223,0.0,0.0,nan,0.03141576216365127,-0.002033463706592966,0.0,0.0,nan,0.025016351448338803,-0.004198650158373581,0.0,0.0,nan,0.009873141375405403,-0.639182321028693,0.0,0.0,nan,-0.00010623037532653257,0.005573784554378477,0.0,0.0,nan
8.615,26.58976651299963,ARM_AND_OFFBOARD,INITIAL_HOLD,NEUTRAL_HOLD,0.005796578247100115,-0.005037172697484493,0.05684269219636917,0.001221097307279706,-0.0007531113806180656,0.013325505889952183,0.0,0.0,1.0,0.04396627925154387,0.04396627925154387,0.9431885711200871,0.04396627925154387,nan,0.02453235350549221,0.005462476518005133,0.04804905131459236,0.05422532941772252,-0.02147088247347616,0.02651440434856389,-0.06871669793223788,0.0012371522607281804,-0.004746188875287771,-0.001084145857021212,-0.06871669793223789,0.03141607104279576,1.800008279635356,1.800008279635356,False,False,0.0470000000000006,0.15246533699973952,8,-0.008278293841873285,0.0038311786438862665,0.0,0.0,nan,0.02498925167981092,-0.00018723317576042268,0.0,0.0,nan,0.03141607104279576,-0.001964887783820603,0.0,0.0,nan,0.025016199239377812,-0.004055455690254336,0.0,0.0,nan,0.009879257460367441,-0.6341921042824078,0.0,0.0,nan,-0.00010720539760811221,0.005856355632163217,0.0,0.0,nan
8.619,26.677947002997826,ARM_AND_OFFBOARD,INITIAL_HOLD,NEUTRAL_HOLD,0.005366804543882608,-0.004907316993921995,0.056241411715745926,0.001221097307279706,-0.0007531113806180656,0.013325505889952183,0.0,0.0,1.0,0.0433153469986981,0.0433153469986981,0.9437866058126589,0.0433153469986981,nan,0.02356717921793461,0.006553368642926216,0.048033010214567184,0.05390295582927761,-0.021484158009180996,0.026529726652836677,-0.06864889264516003,0.0012371522607281804,-0.004746188875287771,-0.001084145857021212,-0.06864889264516003,0.03141607104279576,1.800008279635356,1.800008279635356,False,False,0.051000000000000156,0.2401978589987266,8,-0.008278293841873285,0.0038311786438862665,0.0,0.0,nan,0.02498925167981092,-0.00018723317576042268,0.0,0.0,nan,0.03141607104279576,-0.001964887783820603,0.0,0.0,nan,0.025016199239377812,-0.004055455690254336,0.0,0.0,nan,0.009879257460367441,-0.6341921042824078,0.0,0.0,nan,-0.00010720539760811221,0.005856355632163217,0.0,0.0,nan
8.65,26.759480452998105,ARM_AND_OFFBOARD,INITIAL_HOLD,NEUTRAL_HOLD,0.004737135488539934,-0.004902584478259087,0.055757831782102585,0.001221097307279706,-0.0007531113806180656,0.013325505889952183,0.0,0.0,1.0,0.042779468581292404,0.042779468581292404,0.9442667779965783,0.042779468581292404,nan,0.02302050217986107,0.0066947718150913715,0.0479590930044651,0.05361751665342273,-0.021469293814994943,0.026515464672758924,-0.06838871323891571,0.0005536058451980352,-0.003689998062327504,-0.0011454937048256393,-0.0683887132389157,0.031417058182837465,1.8000648385935343,1.8000648385935343,False,False,0.08200000000000074,0.32169561100090505,8,-0.008288244230144848,-0.0044436670678590865,0.0,0.0,nan,0.024989777683184222,-0.0002472870240353083,0.0,0.0,nan,0.031417058182837465,-0.002114626025597364,0.0,0.0,nan,0.025017153453045005,-0.0038297968844049506,0.0,0.0,nan,0.009864498365731222,-0.6634864879956084,0.0,0.0,nan,-0.00010792892523170394,0.006499088883008085,0.0,0.0,nan
8.665,26.835194708000927,ARM_AND_OFFBOARD,INITIAL_HOLD,NEUTRAL_HOLD,0.0038821320049464703,-0.00487805251032114,0.05483995005488396,0.001221097307279706,-0.0007531113806180656,0.013325505889952183,0.0,0.0,1.0,0.04180365198531033,0.04180365198531033,0.9451806104430261,0.04180365198531033,nan,0.02135351486504078,0.006577352061867714,0.047367166727781296,0.05237253708819828,-0.021452151920258296,0.02643006230758589,-0.06838136963439624,0.0007015453884378076,-0.005173135548830032,-0.002561390865594148,-0.06838136963439624,0.03141755744495178,1.8000934442055554,1.8000934442055554,False,False,0.09699999999999953,0.40021187199818087,8,-0.008298972607587274,-0.00450106396874334,0.0,0.0,nan,0.024989755938168656,-0.00037763752165171705,0.0,0.0,nan,0.03141755744495178,-0.0022002190861349557,0.0,0.0,nan,0.025017513982907857,-0.003929676453103079,0.0,0.0,nan,0.009865583607264305,-0.6598520886518038,0.0,0.0,nan,-0.00010708213730037386,0.006352344001833821,0.0,0.0,nan
8.669,26.91206708200116,ARM_AND_OFFBOARD,INITIAL_HOLD,NEUTRAL_HOLD,0.0038821320049464703,-0.00487805251032114,0.05483995005488396,0.001221097307279706,-0.0007531113806180656,0.013325505889952183,0.0,0.0,1.0,0.04180365198531033,0.04180365198531033,0.9451806104430261,0.04180365198531033,nan,0.02135351486504078,0.006577352061867714,0.047367166727781296,0.05237253708819828,-0.021452151920258296,0.02643006230758589,-0.06838136963439624,0.0007015453884378076,-0.005173135548830032,-0.002561390865594148,-0.06838136963439624,0.03141755744495178,1.8000934442055554,1.8000934442055554,False,False,0.10100000000000087,0.47657958100171527,8,-0.008298972607587274,-0.00450106396874334,0.0,0.0,nan,0.024989755938168656,-0.00037763752165171705,0.0,0.0,nan,0.03141755744495178,-0.0022002190861349557,0.0,0.0,nan,0.025017513982907857,-0.003929676453103079,0.0,0.0,nan,0.009865583607264305,-0.6598520886518038,0.0,0.0,nan,-0.00010708213730037386,0.006352344001833821,0.0,0.0,nan
8.683,26.986247942000773,ARM_AND_OFFBOARD,INITIAL_HOLD,NEUTRAL_HOLD,0.0033633022103458643,-0.004861230030655861,0.05415103957056999,0.001221097307279706,-0.0007531113806180656,0.013325505889952183,0.0,0.0,1.0,0.04108758791894175,0.04108758791894175,0.9458674322042188,0.04108758791894175,nan,0.020911717787384987,0.006480403710156679,0.04609280824661255,0.0510278604795933,-0.021463469865132777,0.026325647632263312,-0.06833016415606077,0.0005983494338579476,-0.0051033608615398416,-0.00359090999700129,-0.06833016415606077,0.031417913972044076,1.800113871703226,1.800113871703226,False,False,0.11500000000000021,0.552512319998641,8,-0.0083002921106905,0.003933101016784856,0.0,0.0,nan,0.024989646503935425,-0.00021875278663361896,0.0,0.0,nan,0.031417913972044076,-0.0021040390098626227,0.0,0.0,nan,0.025017311263686892,-0.004286312199495771,0.0,0.0,nan,0.009874139477511257,-0.637728081478078,0.0,0.0,nan,-0.00010643048288638823,0.005618256375302531,0.0,0.0,nan
8.687,27.06359478399827,ARM_AND_OFFBOARD,INITIAL_HOLD,NEUTRAL_HOLD,0.0033633022103458643,-0.004861230030655861,0.05415103957056999,0.001221097307279706,-0.0007531113806180656,0.013325505889952183,0.0,0.0,1.0,0.04108758791894175,0.04108758791894175,0.9458674322042188,0.04108758791894175,nan,0.020911717787384987,0.006480403710156679,0.04609280824661255,0.0510278604795933,-0.021463469865132777,0.026325647632263312,-0.06833016415606077,0.0005983494338579476,-0.0051033608615398416,-0.00359090999700129,-0.06833016415606077,0.031417913972044076,1.800113871703226,1.800113871703226,False,False,0.11899999999999977,0.6292172050016234,8,-0.0083002921106905,0.003933101016784856,0.0,0.0,nan,0.024989646503935425,-0.00021875278663361896,0.0,0.0,nan,0.031417913972044076,-0.0021040390098626227,0.0,0.0,nan,0.025017311263686892,-0.004286312199495771,0.0,0.0,nan,0.009874139477511257,-0.637728081478078,0.0,0.0,nan,-0.00010643048288638823,0.005618256375302531,0.0,0.0,nan
8.71,27.139395432001038,ARM_AND_OFFBOARD,INITIAL_HOLD,NEUTRAL_HOLD,0.002667518798261881,-0.0048276702873408794,0.05330336093902588,0.001221097307279706,-0.0007531113806180656,0.013325505889952183,0.0,0.0,1.0,0.04021098183007568,0.04021098183007568,0.9467127064037362,0.04021098183007568,nan,0.019748413935303688,0.006750242318958044,0.0453045628964901,0.04988054774726092,-0.02145425029368487,0.026321132999213678,-0.06827482065382702,-0.0005964280571788549,-0.005742522422224284,-0.004573686514049768,-0.06827482065382702,0.03141868914500989,1.8001582858425598,1.8001582858425598,False,False,0.14200000000000124,0.7056075129985402,8,-0.008309802250101583,-0.004480791920200164,0.0,0.0,nan,0.024990083827372445,-0.0002457864818377535,0.0,0.0,nan,0.03141868914500989,-0.0021021525295841165,0.0,0.0,nan,0.02501781452071672,-0.0038087667860533256,0.0,0.0,nan,0.009862217247739835,-0.6653005733872708,0.0,0.0,nan,-0.00010827279487024555,0.006636455421155374,0.0,0.0,nan
8.71,27.216690675999416,ARM_AND_OFFBOARD,INITIAL_HOLD,NEUTRAL_HOLD,0.002667518798261881,-0.0048276702873408794,0.05330336093902588,0.001221097307279706,-0.0007531113806180656,0.013325505889952183,0.0,0.0,1.0,0.04021098183007568,0.04021098183007568,0.9467127064037362,0.04021098183007568,nan,0.019748413935303688,0.006750242318958044,0.0453045628964901,0.04988054774726092,-0.02145425029368487,0.026321132999213678,-0.06827482065382702,-0.0005964280571788549,-0.005742522422224284,-0.004573686514049768,-0.06827482065382702,0.03141868914500989,1.8001582858425598,1.8001582858425598,False,False,0.14200000000000124,0.7810313869995298,8,-0.008309802250101583,-0.004480791920200164,0.0,0.0,nan,0.024990083827372445,-0.0002457864818377535,0.0,0.0,nan,0.03141868914500989,-0.0021021525295841165,0.0,0.0,nan,0.02501781452071672,-0.0038087667860533256,0.0,0.0,nan,0.009862217247739835,-0.6653005733872708,0.0,0.0,nan,-0.00010827279487024555,0.006636455421155374,0.0,0.0,nan
8.74,27.29908276900096,ARM_AND_OFFBOARD,INITIAL_HOLD,NEUTRAL_HOLD,0.0017214654944837093,-0.004729253239929676,0.051837798207998276,0.001221097307279706,-0.0007531113806180656,0.013325505889952183,0.0,0.0,1.0,0.03872023672446706,0.03872023672446706,0.9481755587372587,0.03872023672446706,nan,0.0188693068921566,0.0056582228280603886,0.04425632581114769,0.04844263207614579,-0.02158158464910122,0.02614438275115131,-0.06817839269892169,-0.0038890615105628967,-0.006655964069068432,-0.002811494516208767,-0.06817839269892169,0.031419684849681495,1.800215335517884,1.800215335517884,False,False,0.1720000000000006,0.861032745000557,8,-0.008320425715742985,0.003940259690371416,0.0,0.0,nan,0.02499007546407661,-0.00016971170746672904,0.0,0.0,nan,0.031419684849681495,-0.0020215630640438324,0.0,0.0,nan,0.025018483346087805,-0.004188745486061047,0.0,0.0,nan,0.009866966905985208,-0.639662307843144,0.0,0.0,nan,-0.00010559193579062764,0.00555034015086214,0.0,0.0,nan
8.752,27.37358070600021,ARM_AND_OFFBOARD,INITIAL_HOLD,NEUTRAL_HOLD,0.0017214654944837093,-0.004729253239929676,0.051837798207998276,0.001221097307279706,-0.0007531113806180656,0.013325505889952183,0.0,0.0,1.0,0.03872023672446706,0.03872023672446706,0.9481755587372587,0.03872023672446706,nan,0.0188693068921566,0.0056582228280603886,0.04425632581114769,0.04844263207614579,-0.02158158464910122,0.02614438275115131,-0.06817839269892169,-0.0038890615105628967,-0.006655964069068432,-0.002811494516208767,-0.06817839269892169,0.031419684849681495,1.800215335517884,1.800215335517884,False,False,0.18400000000000105,0.9405649340005766,8,-0.008320425715742985,0.003940259690371416,0.0,0.0,nan,0.02499007546407661,-0.00016971170746672904,0.0,0.0,nan,0.031419684849681495,-0.0020215630640438324,0.0,0.0,nan,0.025018483346087805,-0.004188745486061047,0.0,0.0,nan,0.009866966905985208,-0.639662307843144,0.0,0.0,nan,-0.00010559193579062764,0.00555034015086214,0.0,0.0,nan
8.764,27.451835687999846,ARM_AND_OFFBOARD,INITIAL_HOLD,NEUTRAL_HOLD,0.001275978283956647,-0.004673902411013842,0.0508398599922657,0.001221097307279706,-0.0007531113806180656,0.013325505889952183,0.0,0.0,1.0,0.037718727151633845,0.037718727151633845,0.9491725053244171,0.037718727151633845,nan,0.018026461824774742,0.0066100130788981915,0.04318294674158096,0.047258993727220686,-0.021713379609676637,0.02598298835653863,-0.06807205162619812,-0.003504587337374687,-0.007107987068593502,-0.002464998047798871,-0.0680720516261981,0.031419829925847687,1.8002236477699147,1.8002236477699147,False,False,0.19599999999999973,1.0170955350004078,8,-0.008329560851207063,0.0039740765763859095,0.0,0.0,nan,0.024989861415061654,-0.00012586996375930107,0.0,0.0,nan,0.031419829925847687,-0.002000471867459612,0.0,0.0,nan,0.02501821667763693,-0.004150520554028778,0.0,0.0,nan,0.009876481270410409,-0.6343006793022492,0.0,0.0,nan,-0.0001066609215687464,0.0058220617835709615,0.0,0.0,nan
8.797,27.53903514999911,ARM_AND_OFFBOARD,INITIAL_HOLD,NEUTRAL_HOLD,0.0008072223281487823,-0.004573198035359383,0.049400508403778076,0.001221097307279706,-0.0007531113806180656,0.013325505889952183,0.0,0.0,1.0,0.03627905953743327,0.03627905953743327,0.9506108347642337,0.03627905953743327,nan,0.016678398475050926,0.006556867156177759,0.04258562996983528,0.046202785224746745,-0.021687731981169096,0.025867873405717456,-0.06796454955871215,-0.001984957605600357,-0.006460885982960463,-0.0026575266383588305,-0.06796454955871215,0.03142081968196386,1.800280356618119,1.800280356618119,False,False,0.22900000000000098,1.0934887459989113,8,-0.008346995747169572,-0.004321587845930879,0.0,0.0,nan,0.02499012919220256,-0.00022841717035955753,0.0,0.0,nan,0.03142081968196386,-0.002068534215282352,0.0,0.0,nan,0.02501900173279381,-0.0037418832021298993,0.0,0.0,nan,0.00986824018965926,-0.658826796525622,0.0,0.0,nan,-0.0001074379613728027,0.006646977004353532,0.0,0.0,nan
8.798,27.578724103997956,ARM_AND_OFFBOARD,INITIAL_HOLD,NEUTRAL_HOLD,0.0008072223281487823,-0.004573198035359383,0.049400508403778076,0.001221097307279706,-0.0007531113806180656,0.013325505889952183,0.0,0.0,1.0,0.03627905953743327,0.03627905953743327,0.9506108347642337,0.03627905953743327,nan,0.016678398475050926,0.006556867156177759,0.04258562996983528,0.046202785224746745,-0.021687731981169096,0.025867873405717456,-0.06796454955871215,-0.001984957605600357,-0.006460885982960463,-0.0026575266383588305,-0.06796454955871215,0.03142081968196386,1.800280356618119,1.800280356618119,False,False,0.23000000000000043,1.1441361399993184,8,-0.008346995747169572,-0.004321587845930879,0.0,0.0,nan,0.02499012919220256,-0.00022841717035955753,0.0,0.0,nan,0.03142081968196386,-0.002068534215282352,0.0,0.0,nan,0.02501900173279381,-0.0037418832021298993,0.0,0.0,nan,0.00986824018965926,-0.658826796525622,0.0,0.0,nan,-0.0001074379613728027,0.006646977004353532,0.0,0.0,nan
8.804,27.658512278998387,ARM_AND_OFFBOARD,INITIAL_HOLD,NEUTRAL_HOLD,0.0008072223281487823,-0.004573198035359383,0.049400508403778076,0.001221097307279706,-0.0007531113806180656,0.013325505889952183,0.0,0.0,1.0,0.03627905953743327,0.03627905953743327,0.9506108347642337,0.03627905953743327,nan,0.016678398475050926,0.006556867156177759,0.04258562996983528,0.046202785224746745,-0.021687731981169096,0.025867873405717456,-0.06796454955871215,5.890169268241152e-05,-0.005533016752451658,-0.002535640960559248,-0.06796454955871215,0.03142081968196386,1.800280356618119,1.800280356618119,False,False,0.23600000000000065,1.2204687539997394,8,-0.008346995747169572,-0.004321587845930879,0.0,0.0,nan,0.02499012919220256,-0.00022841717035955753,0.0,0.0,nan,0.03142081968196386,-0.002068534215282352,0.0,0.0,nan,0.02501900173279381,-0.0037418832021298993,0.0,0.0,nan,0.00986824018965926,-0.658826796525622,0.0,0.0,nan,-0.0001074379613728027,0.006646977004353532,0.0,0.0,nan
8.849,27.782905965999817,ARM_AND_OFFBOARD,INITIAL_HOLD,NEUTRAL_HOLD,8.369068382307887e-05,-0.004476211965084076,0.047786958515644073,0.001221097307279706,-0.0007531113806180656,0.013325505889952183,0.0,0.0,1.0,0.034680641413646615,0.034680641413646615,0.9522235661075473,0.034680641413646615,nan,0.016117854043841362,0.006497570779174566,0.041761163622140884,0.04523271417994038,-0.02177422527228453,0.02567510541929584,-0.06787114851314158,-0.001440635183826089,-0.006568513810634613,-0.003331706626340746,-0.06787114851314158,0.031421428250317796,1.8003152250163446,1.8003152250163446,False,False,0.2810000000000006,1.3425487019994762,8,-0.008355364932774556,0.00395882575402704,0.0,0.0,nan,0.024990100313361907,-0.0001807816807640836,0.0,0.0,nan,0.031421428250317796,-0.0019671957813103776,0.0,0.0,nan,0.025018812835345905,-0.004052267869418813,0.0,0.0,nan,0.009878595561570336,-0.6333358970520325,0.0,0.0,nan,-0.00010697247109003882,0.005796780327031145,0.0,0.0,nan
8.878,27.861855999999534,ARM_AND_OFFBOARD,INITIAL_HOLD,NEUTRAL_HOLD,-0.0008935308433137834,-0.004424870479851961,0.046304184943437576,0.001221097307279706,-0.0007531113806180656,0.013325505889952183,0.0,0.0,1.0,0.03324976299480773,0.03324976299480773,0.9537064986318026,0.03324976299480773,nan,0.013913173228502274,0.0063414545729756355,0.040351033210754395,0.04315085533987513,-0.02185131307726957,0.02569396129488356,-0.06768511542003121,-0.0016363332979381084,-0.004220017697662115,-0.0029776394367218013,-0.06768511542003121,0.03142267022409673,1.800386384872143,1.800386384872143,False,False,0.3100000000000005,1.4291273080016254,8,-0.008371404862830722,-0.0043684767920597525,0.0,0.0,nan,0.024990742842806668,-0.0003740103740026322,0.0,0.0,nan,0.03142267022409673,-0.0022057296344360653,0.0,0.0,nan,0.025020029681711797,-0.003930159377750431,0.0,0.0,nan,0.009865155661826108,-0.6590997871262614,0.0,0.0,nan,-0.00010688916245626956,0.006301631706728968,0.0,0.0,nan
8.878,27.9420084509984,ARM_AND_OFFBOARD,INITIAL_HOLD,NEUTRAL_HOLD,-0.0008935308433137834,-0.004424870479851961,0.046304184943437576,0.001221097307279706,-0.0007531113806180656,0.013325505889952183,0.0,0.0,1.0,0.03324976299480773,0.03324976299480773,0.9537064986318026,0.03324976299480773,nan,0.013913173228502274,0.0063414545729756355,0.040351033210754395,0.04315085533987513,-0.02185131307726957,0.02569396129488356,-0.06768511542003121,-0.0016363332979381084,-0.004220017697662115,-0.0029776394367218013,-0.06768511542003121,0.03142267022409673,1.800386384872143,1.800386384872143,False,False,0.3100000000000005,1.5053487309996854,8,-0.008371404862830722,-0.0043684767920597525,0.0,0.0,nan,0.024990742842806668,-0.0003740103740026322,0.0,0.0,nan,0.03142267022409673,-0.0022057296344360653,0.0,0.0,nan,0.025020029681711797,-0.003930159377750431,0.0,0.0,nan,0.009865155661826108,-0.6590997871262614,0.0,0.0,nan,-0.00010688916245626956,0.006301631706728968,0.0,0.0,nan
8.915,28.037050770999485,ARM_AND_OFFBOARD,INITIAL_HOLD,NEUTRAL_HOLD,-0.001381235895678401,-0.004372592084109783,0.04544169455766678,0.001221097307279706,-0.0007531113806180656,0.013325505889952183,0.0,0.0,1.0,0.03242410142474894,0.03242410142474894,0.9545693195693397,0.03242410142474894,nan,0.0131186842918396,0.006397563964128494,0.03877032548189163,0.04142664408561102,-0.021877993061408755,0.025701292181696787,-0.06750469309278086,-0.0017327117966488004,-0.0021819565445184703,0.0020938194356858735,-0.06750469309278086,0.031422914769899,1.8004003963145112,1.8004003963145112,False,False,0.34699999999999953,1.588844549998612,8,-0.008370351396718156,0.004049033275032851,0.0,0.0,nan,0.02499070916444701,-0.00021261109344876096,0.0,0.0,nan,0.031422914769899,-0.002105467703059171,0.0,0.0,nan,0.0250197911287664,-0.004282786388637367,0.0,0.0,nan,0.009873724379750648,-0.6369435892847223,0.0,0.0,nan,-0.00010622287130690466,0.005563430028464135,0.0,0.0,nan
8.929,28.078311515000678,ARM_AND_OFFBOARD,INITIAL_HOLD,NEUTRAL_HOLD,-0.0016604388365522027,-0.00433654198423028,0.044823192059993744,0.001221097307279706,-0.0007531113806180656,0.013325505889952183,0.0,0.0,1.0,0.03183156388721015,0.03183156388721015,0.9551880951309907,0.03183156388721015,nan,0.012917421758174896,0.006553020793944597,0.037991251796483994,0.04065878846532799,-0.021903978264381323,0.02570974719694418,-0.06734107240832271,-0.0005239286692813039,-0.0015952938701957462,0.0015560437459498646,-0.06734107240832271,0.03142327635733988,1.8004211137487984,1.8004211137487984,False,False,0.36100000000000065,1.6431624899996677,8,-0.008377979107379474,0.003859931437918615,0.0,0.0,nan,0.02499097779627313,-0.0005288090841190507,0.0,0.0,nan,0.03142327635733988,-0.0024709159483596588,0.0,0.0,nan,0.025019686664351504,-0.004856238874791628,0.0,0.0,nan,0.009869763490113925,-0.6375153054649506,0.0,0.0,nan,-0.0001071832527346217,0.005424913011473286,0.0,0.0,nan
8.929,28.153294122999796,ARM_AND_OFFBOARD,INITIAL_HOLD,NEUTRAL_HOLD,-0.0016604388365522027,-0.00433654198423028,0.044823192059993744,0.001221097307279706,-0.0007531113806180656,0.013325505889952183,0.0,0.0,1.0,0.03183156388721015,0.03183156388721015,0.9551880951309907,0.03183156388721015,nan,0.012917421758174896,0.006553020793944597,0.037991251796483994,0.04065878846532799,-0.021903978264381323,0.02570974719694418,-0.06734107240832271,-0.0005239286692813039,-0.0015952938701957462,0.0015560437459498646,-0.06734107240832271,0.03142327635733988,1.8004211137487984,1.8004211137487984,False,False,0.36100000000000065,1.7185455709986854,8,-0.008377979107379474,0.003859931437918615,0.0,0.0,nan,0.02499097779627313,-0.0005288090841190507,0.0,0.0,nan,0.03142327635733988,-0.0024709159483596588,0.0,0.0,nan,0.025019686664351504,-0.004856238874791628,0.0,0.0,nan,0.009869763490113925,-0.6375153054649506,0.0,0.0,nan,-0.0001071832527346217,0.005424913011473286,0.0,0.0,nan
8.945,28.225647414998093,ARM_AND_OFFBOARD,INITIAL_HOLD,NEUTRAL_HOLD,-0.0020161804277449846,-0.004265531897544861,0.043701015412807465,0.001221097307279706,-0.0007531113806180656,0.013325505889952183,0.0,0.0,1.0,0.03074879906263799,0.03074879906263799,0.9563106230029977,0.03074879906263799,nan,0.012107627466320992,0.007311925757676363,0.0368492417037487,0.03947056517571384,-0.021871703417816753,0.02576525525028165,-0.06727370549806964,0.0003485343186184764,-0.00394580839201808,-9.815504017751615e-05,-0.06727370549806964,0.03142391012316903,1.8004574258560082,1.8004574258560082,False,False,0.37700000000000067,1.792333162000432,8,-0.008385000115496588,-0.004247181353972914,0.0,0.0,nan,0.02499116569070381,-0.00023336771678767121,0.0,0.0,nan,0.03142391012316903,-0.0021237345464997824,0.0,0.0,nan,0.025020632256570252,-0.0038398888025193588,0.0,0.0,nan,0.009864490167672102,-0.6608202101716996,0.0,0.0,nan,-0.00010750411539817151,0.0065137299653403695,0.0,0.0,nan
8.945,28.302178215999447,ARM_AND_OFFBOARD,INITIAL_HOLD,NEUTRAL_HOLD,-0.0020161804277449846,-0.004265531897544861,0.043701015412807465,0.001221097307279706,-0.0007531113806180656,0.013325505889952183,0.0,0.0,1.0,0.03074879906263799,0.03074879906263799,0.9563106230029977,0.03074879906263799,nan,0.012107627466320992,0.007311925757676363,0.0368492417037487,0.03947056517571384,-0.021871703417816753,0.02576525525028165,-0.06727370549806964,0.0003485343186184764,-0.00394580839201808,-9.815504017751615e-05,-0.06727370549806964,0.03142391012316903,1.8004574258560082,1.8004574258560082,False,False,0.37700000000000067,1.8663050409995776,8,-0.008385000115496588,-0.004247181353972914,0.0,0.0,nan,0.02499116569070381,-0.00023336771678767121,0.0,0.0,nan,0.03142391012316903,-0.0021237345464997824,0.0,0.0,nan,0.025020632256570252,-0.0038398888025193588,0.0,0.0,nan,0.009864490167672102,-0.6608202101716996,0.0,0.0,nan,-0.00010750411539817151,0.0065137299653403695,0.0,0.0,nan
8.958,28.379626154001016,ARM_AND_OFFBOARD,INITIAL_HOLD,NEUTRAL_HOLD,-0.0022096254397183657,-0.004206787329167128,0.042925506830215454,0.001221097307279706,-0.0007531113806180656,0.013325505889952183,0.0,0.0,1.0,0.02999762976949917,0.02999762976949917,0.9570862892030251,0.02999762976949917,nan,0.012331097386777401,0.007307205814868212,0.03663193807005882,0.039336371291104844,-0.021865386308251484,0.025632707686297038,-0.06717646190469057,0.0003485343186184764,-0.00394580839201808,-9.815504017751615e-05,-0.06717646190469057,0.031424345180070645,1.8004823527803189,1.8004823527803189,False,False,0.39000000000000057,1.9425924600000144,8,-0.008392405104832967,-0.004529181377137875,0.0,0.0,nan,0.02499135079537318,-0.00022982483837132508,0.0,0.0,nan,0.031424345180070645,-0.0021388646950613456,0.0,0.0,nan,0.02502118003209297,-0.004014848165160452,0.0,0.0,nan,0.009858508248785647,-0.6614425697256001,0.0,0.0,nan,-0.00010642914204961329,0.006441910068175493,0.0,0.0,nan
8.961,28.454158999000356,ARM_AND_OFFBOARD,INITIAL_HOLD,NEUTRAL_HOLD,-0.0022096254397183657,-0.004206787329167128,0.042925506830215454,0.001221097307279706,-0.0007531113806180656,0.013325505889952183,0.0,0.0,1.0,0.02999762976949917,0.02999762976949917,0.9570862892030251,0.02999762976949917,nan,0.012331097386777401,0.007307205814868212,0.03663193807005882,0.039336371291104844,-0.021865386308251484,0.025632707686297038,-0.06717646190469057,0.0017873714677989483,-0.004631224554032087,-0.001516543212346732,-0.06717646190469057,0.031424345180070645,1.8004823527803189,1.8004823527803189,False,False,0.3930000000000007,2.020063700998435,8,-0.008392405104832967,-0.004529181377137875,0.0,0.0,nan,0.02499135079537318,-0.00022982483837132508,0.0,0.0,nan,0.031424345180070645,-0.0021388646950613456,0.0,0.0,nan,0.02502118003209297,-0.004014848165160452,0.0,0.0,nan,0.009858508248785647,-0.6614425697256001,0.0,0.0,nan,-0.00010642914204961329,0.006441910068175493,0.0,0.0,nan
8.975,28.541443059999438,ARM_AND_OFFBOARD,INITIAL_HOLD,NEUTRAL_HOLD,-0.0022096254397183657,-0.004206787329167128,0.042925506830215454,0.001221097307279706,-0.0007531113806180656,0.013325505889952183,0.0,0.0,1.0,0.02999762976949917,0.02999762976949917,0.9570862892030251,0.02999762976949917,nan,0.012331097386777401,0.007307205814868212,0.03663193807005882,0.039336371291104844,-0.021865386308251484,0.025632707686297038,-0.06717646190469057,0.0017873714677989483,-0.004631224554032087,-0.001516543212346732,-0.06717646190469057,0.03142443229163039,1.800487343905039,1.800487343905039,False,False,0.40700000000000003,2.0962168320002093,8,-0.008390770122531421,0.0040943254148561835,0.0,0.0,nan,0.024991195821442602,-0.00013278963107749475,0.0,0.0,nan,0.03142443229163039,-0.002014494678269972,0.0,0.0,nan,0.025020554582547483,-0.004160782693587786,0.0,0.0,nan,0.009876177660673946,-0.633974950624833,0.0,0.0,nan,-0.00010660771847970096,0.005816780881375705,0.0,0.0,nan
8.982,28.619176382999285,ARM_AND_OFFBOARD,INITIAL_HOLD,NEUTRAL_HOLD,-0.002427156548947096,-0.004119337070733309,0.04205239936709404,0.001221097307279706,-0.0007531113806180656,0.013325505889952183,0.0,0.0,1.0,0.02915262664741071,0.02915262664741071,0.9579595323316935,0.02915262664741071,nan,0.012418394908308983,0.006965943146497011,0.0370069295167923,0.03965165479875684,-0.021825511603055545,0.02565161826795699,-0.06710757056254905,0.0020837336778640747,-0.004294027108699083,-0.0019632419571280475,-0.06710757056254905,0.03142443229163039,1.800487343905039,1.800487343905039,False,False,0.4139999999999997,2.181583727000543,8,-0.008390770122531421,0.0040943254148561835,0.0,0.0,nan,0.024991195821442602,-0.00013278963107749475,0.0,0.0,nan,0.03142443229163039,-0.002014494678269972,0.0,0.0,nan,0.025020554582547483,-0.004160782693587786,0.0,0.0,nan,0.009876177660673946,-0.633974950624833,0.0,0.0,nan,-0.00010660771847970096,0.005816780881375705,0.0,0.0,nan
9.005,28.697226583000884,ARM_AND_OFFBOARD,INITIAL_HOLD,NEUTRAL_HOLD,-0.0025225651916116476,-0.0040629031136631966,0.04149642959237099,0.001221097307279706,-0.0007531113806180656,0.013325505889952183,0.0,0.0,1.0,0.028610674100224217,0.028610674100224217,0.958515500657673,0.028610674100224217,nan,0.013121630065143108,0.006595585960894823,0.03654186427593231,0.0393825694247427,-0.021776190766489782,0.02564967545548527,-0.06705856710848357,0.0026687518693506718,-0.0027382974512875084,-0.0027307844720780845,-0.06705856710848357,0.03142509598885468,1.8005253709548654,1.8005253709548654,False,False,0.43700000000000117,2.2636778470005083,8,-0.008397318685793742,-0.004315441601889356,0.0,0.0,nan,0.024991741009578128,-0.00022439033167618455,0.0,0.0,nan,0.03142509598885468,-0.002089743525264749,0.0,0.0,nan,0.025021149099255346,-0.0037880480366247297,0.0,0.0,nan,0.009862469877401026,-0.6637228908787506,0.0,0.0,nan,-0.00010786223291336938,0.006513457742002205,0.0,0.0,nan
9.005,28.75315101399974,ARM_AND_OFFBOARD,INITIAL_HOLD,NEUTRAL_HOLD,-0.0025225651916116476,-0.0040629031136631966,0.04149642959237099,0.001221097307279706,-0.0007531113806180656,0.013325505889952183,0.0,0.0,1.0,0.028610674100224217,0.028610674100224217,0.958515500657673,0.028610674100224217,nan,0.013121630065143108,0.006595585960894823,0.03654186427593231,0.0393825694247427,-0.021776190766489782,0.02564967545548527,-0.06705856710848357,0.0026687518693506718,-0.0027382974512875084,-0.0027307844720780845,-0.06705856710848357,0.03142509598885468,1.8005253709548654,1.8005253709548654,False,False,0.43700000000000117,2.321250463999604,8,-0.008397318685793742,-0.004315441601889356,0.0,0.0,nan,0.024991741009578128,-0.00022439033167618455,0.0,0.0,nan,0.03142509598885468,-0.002089743525264749,0.0,0.0,nan,0.025021149099255346,-0.0037880480366247297,0.0,0.0,nan,0.009862469877401026,-0.6637228908787506,0.0,0.0,nan,-0.00010786223291336938,0.006513457742002205,0.0,0.0,nan
9.035,28.838857984999777,ARM_AND_OFFBOARD,INITIAL_HOLD,NEUTRAL_HOLD,-0.002591580618172884,-0.003976235631853342,0.04058733582496643,0.001221097307279706,-0.0007531113806180656,0.013325505889952183,0.0,0.0,1.0,0.02771520186301686,0.02771520186301686,0.9594244039627803,0.02771520186301686,nan,0.013178924098610878,0.006306922063231468,0.03580665588378906,0.03867270241253782,-0.021679060655269086,0.02569814506312258,-0.06699262785535276,0.00203251326456666,-0.002930013928562403,-0.001860651071183383,-0.06699262785535276,0.031425220263012754,1.8005324913396257,1.8005324913396257,False,False,0.4670000000000005,2.4043026190011005,8,-0.008404350975149022,-0.004226211990922291,0.0,0.0,nan,0.024991540242420562,-0.00022243665472028331,0.0,0.0,nan,0.031425220263012754,-0.002067799349052863,0.0,0.0,nan,0.025021299648403605,-0.0037371137306909294,0.0,0.0,nan,0.009868210020719026,-0.658170113909206,0.0,0.0,nan,-0.00010726175287523176,0.006600914907278296,0.0,0.0,nan
9.067,28.91536969200024,ARM_AND_OFFBOARD,INITIAL_HOLD,NEUTRAL_HOLD,-0.0032796976156532764,-0.004061832092702389,0.0392453558743,0.001221097307279706,-0.0007531113806180656,0.013325505889952183,0.0,0.0,1.0,0.026514965791039045,0.026514965791039045,0.960768828129587,0.026514965791039045,nan,0.012356539256870747,0.006980835925787687,0.034028589725494385,0.03686951384728822,-0.02165135596537715,0.02566661953505759,-0.06686310004201416,0.0020475999917834997,-0.005371549166738987,-0.0009331677574664348,-0.06686310004201416,0.03142577160303617,1.800564080796044,1.800564080796044,False,False,0.49900000000000055,2.478347195999959,8,-0.008408915939408956,0.004036564811325515,0.0,0.0,nan,0.024991670966812762,-0.00018348370459677244,0.0,0.0,nan,0.03142577160303617,-0.0019763128210781686,0.0,0.0,nan,0.025021249877293705,-0.00405679162402077,0.0,0.0,nan,0.009878136737380139,-0.6329009471307846,0.0,0.0,nan,-0.00010688141177261912,0.005770071842350603,0.0,0.0,nan
9.096,28.989555659998587,ARM_AND_OFFBOARD,INITIAL_HOLD,NEUTRAL_HOLD,-0.0034900761675089598,-0.004081082530319691,0.03867143765091896,0.001221097307279706,-0.0007531113806180656,0.013325505889952183,0.0,0.0,1.0,0.025993976308260017,0.025993976308260017,0.9613435601565266,0.025993976308260017,nan,0.011853648349642754,0.006935792975127697,0.033885009586811066,0.03656238611044275,-0.021632106419309426,0.025573752275374097,-0.06675028654113788,0.0007106458069756627,-0.006792070809751749,-0.0007636309601366511,-0.06675028654113788,0.0314267437861373,1.8006197827846528,1.8006197827846528,False,False,0.5280000000000005,2.5566892770002596,8,-0.008421457465025206,-0.0042920823410748585,0.0,0.0,nan,0.02499232419711639,-0.00037568780500442053,0.0,0.0,nan,0.0314267437861373,-0.002212777886945797,0.0,0.0,nan,0.02502221984719455,-0.003932998913276054,0.0,0.0,nan,0.009866030602125875,-0.6587452023997274,0.0,0.0,nan,-0.00010686908498858116,0.006289964061337242,0.0,0.0,nan
9.096,29.06411450199812,ARM_AND_OFFBOARD,INITIAL_HOLD,NEUTRAL_HOLD,-0.0034900761675089598,-0.004081082530319691,0.03867143765091896,0.001221097307279706,-0.0007531113806180656,0.013325505889952183,0.0,0.0,1.0,0.025993976308260017,0.025993976308260017,0.9613435601565266,0.025993976308260017,nan,0.011853648349642754,0.006935792975127697,0.033885009586811066,0.03656238611044275,-0.021632106419309426,0.025573752275374097,-0.06675028654113788,0.0007106458069756627,-0.006792070809751749,-0.0007636309601366511,-0.06675028654113788,0.0314267437861373,1.8006197827846528,1.8006197827846528,False,False,0.5280000000000005,2.6293400510003266,8,-0.008421457465025206,-0.0042920823410748585,0.0,0.0,nan,0.02499232419711639,-0.00037568780500442053,0.0,0.0,nan,0.0314267437861373,-0.002212777886945797,0.0,0.0,nan,0.02502221984719455,-0.003932998913276054,0.0,0.0,nan,0.009866030602125875,-0.6587452023997274,0.0,0.0,nan,-0.00010686908498858116,0.006289964061337242,0.0,0.0,nan
9.121,29.141598341000645,ARM_AND_OFFBOARD,INITIAL_HOLD,NEUTRAL_HOLD,-0.0039020765107125044,-0.00410225335508585,0.03710303083062172,0.001221097307279706,-0.0007531113806180656,0.013325505889952183,0.0,0.0,1.0,0.024552685275518536,0.024552685275518536,0.9629136139442933,0.024552685275518536,nan,0.010433352552354336,0.006303999572992325,0.03166678175330162,0.033931995560374024,-0.021536161903515264,0.025444720154175284,-0.06655415921973815,0.0015739218797534704,-0.005272107198834419,0.0005393839674070484,-0.06655415921973815,0.03142705714388061,1.8006377368608222,1.8006377368608222,False,False,0.5530000000000008,2.706010547000915,8,-0.008418841094449903,0.004111700632357147,0.0,0.0,nan,0.024992423990712,-0.00015815963724316218,0.0,0.0,nan,0.03142705714388061,-0.0020261311144574444,0.0,0.0,nan,0.025022226035237516,-0.004181308146809899,0.0,0.0,nan,0.009871262647952683,-0.637193769423064,0.0,0.0,nan,-0.0001056119716711379,0.005416586265114224,0.0,0.0,nan
9.122,29.21604859099898,ARM_AND_OFFBOARD,INITIAL_HOLD,NEUTRAL_HOLD,-0.0039020765107125044,-0.00410225335508585,0.03710303083062172,0.001221097307279706,-0.0007531113806180656,0.013325505889952183,0.0,0.0,1.0,0.024552685275518536,0.024552685275518536,0.9629136139442933,0.024552685275518536,nan,0.010433352552354336,0.006303999572992325,0.03166678175330162,0.033931995560374024,-0.021536161903515264,0.025444720154175284,-0.06655415921973815,0.0015739218797534704,-0.005272107198834419,0.0005393839674070484,-0.06655415921973815,0.03142705714388061,1.8006377368608222,1.8006377368608222,False,False,0.5540000000000003,2.7831341109995265,8,-0.008418841094449903,0.004111700632357147,0.0,0.0,nan,0.024992423990712,-0.00015815963724316218,0.0,0.0,nan,0.03142705714388061,-0.0020261311144574444,0.0,0.0,nan,0.025022226035237516,-0.004181308146809899,0.0,0.0,nan,0.009871262647952683,-0.637193769423064,0.0,0.0,nan,-0.0001056119716711379,0.005416586265114224,0.0,0.0,nan
9.139,29.289720093998767,ARM_AND_OFFBOARD,INITIAL_HOLD,NEUTRAL_HOLD,-0.004064292646944523,-0.004130949731916189,0.03642715886235237,0.001221097307279706,-0.0007531113806180656,0.013325505889952183,0.0,0.0,1.0,0.023938076550820062,0.023938076550820062,0.9635902673846836,0.023938076550820062,nan,0.010252286680042744,0.005605294369161129,0.030822571367025375,0.032963003698238784,-0.02157405508993542,0.02544867642854547,-0.06644513037272813,-0.0007284993771463633,-0.00609618192538619,8.650551899336353e-05,-0.06644513037272813,0.03142732472557341,1.8006530681624948,1.8006530681624948,False,False,0.5709999999999997,2.8579278370016254,8,-0.008424826742073677,0.003927115856434699,0.0,0.0,nan,0.024992700543838176,-0.0005311912004966865,0.0,0.0,nan,0.03142732472557341,-0.002478573560678218,0.0,0.0,nan,0.0250220399777481,-0.0048589775982724424,0.0,0.0,nan,0.009869520962207723,-0.6371960941507978,0.0,0.0,nan,-0.00010710793953983,0.005403897441360886,0.0,0.0,nan
9.164,29.370097833998443,ARM_AND_OFFBOARD,INITIAL_HOLD,NEUTRAL_HOLD,-0.004135536961257458,-0.0041442085057497025,0.03584008291363716,0.001221097307279706,-0.0007531113806180656,0.013325505889952183,0.0,0.0,1.0,0.02339015282024438,0.02339015282024438,0.9641776925681692,0.02339015282024438,nan,0.010026185773313046,0.0056450823321938515,0.030292071402072906,0.0324037180818269,-0.021648253800741073,0.025369549049873832,-0.06636836275484538,-0.0014619395369663835,-0.004660606849938631,-0.0016470518894493573,-0.06636836275484537,0.03142785258046299,1.8006833120198629,1.8006833120198629,False,False,0.5960000000000001,2.9348449149983935,8,-0.008430289841774297,-0.004195184446414459,0.0,0.0,nan,0.024992945160844826,-0.00023060178558824141,0.0,0.0,nan,0.03142785258046299,-0.0021106349889103396,0.0,0.0,nan,0.02502284237498298,-0.003817344468565257,0.0,0.0,nan,0.009863639728863838,-0.6617125490221143,0.0,0.0,nan,-0.00010743331209717155,0.006367497473369568,0.0,0.0,nan
9.167,29.446371062000253,ARM_AND_OFFBOARD,INITIAL_HOLD,NEUTRAL_HOLD,-0.004135536961257458,-0.0041442085057497025,0.03584008291363716,0.001221097307279706,-0.0007531113806180656,0.013325505889952183,0.0,0.0,1.0,0.02339015282024438,0.02339015282024438,0.9641776925681692,0.02339015282024438,nan,0.010026185773313046,0.0056450823321938515,0.030292071402072906,0.0324037180818269,-0.021648253800741073,0.025369549049873832,-0.06636836275484538,-0.0014619395369663835,-0.004660606849938631,-0.0016470518894493573,-0.06636836275484537,0.03142785258046299,1.8006833120198629,1.8006833120198629,False,False,0.5990000000000002,3.0102388039995276,8,-0.008430289841774297,-0.004195184446414459,0.0,0.0,nan,0.024992945160844826,-0.00023060178558824141,0.0,0.0,nan,0.03142785258046299,-0.0021106349889103396,0.0,0.0,nan,0.02502284237498298,-0.003817344468565257,0.0,0.0,nan,0.009863639728863838,-0.6617125490221143,0.0,0.0,nan,-0.00010743331209717155,0.006367497473369568,0.0,0.0,nan
9.188,29.524859535998985,ARM_AND_OFFBOARD,INITIAL_HOLD,NEUTRAL_HOLD,-0.004185276571661234,-0.004148189444094896,0.03503131866455078,0.001221097307279706,-0.0007531113806180656,0.013325505889952183,0.0,0.0,1.0,0.02262515727640195,0.02262515727640195,0.9649866734695983,0.02262515727640195,nan,0.01047526579350233,0.0054779052734375,0.029270797967910767,0.03156767735053568,-0.021642873373946873,0.02542373941403476,-0.06628336942376047,0.0003242667589802295,-0.0024980243761092424,-0.0005321641219779846,-0.06628336942376047,0.03142817701589529,1.8007019008008578,1.8007019008008578,False,False,0.620000000000001,3.089066755001113,8,-0.008436168234958963,-0.0044594013421681965,0.0,0.0,nan,0.02499308966124847,-0.00023265371319500507,0.0,0.0,nan,0.03142817701589529,-0.0021463863247007395,0.0,0.0,nan,0.025023325895115356,-0.004018074509451656,0.0,0.0,nan,0.009859449199262293,-0.661216341441095,0.0,0.0,nan,-0.00010643424648204558,0.006438414532693225,0.0,0.0,nan
9.194,29.614263455998298,ARM_AND_OFFBOARD,INITIAL_HOLD,NEUTRAL_HOLD,-0.004185276571661234,-0.004148189444094896,0.03503131866455078,0.001221097307279706,-0.0007531113806180656,0.013325505889952183,0.0,0.0,1.0,0.02262515727640195,0.02262515727640195,0.9649866734695983,0.02262515727640195,nan,0.01047526579350233,0.0054779052734375,0.029270797967910767,0.03156767735053568,-0.021642873373946873,0.02542373941403476,-0.06628336942376047,0.0003242667589802295,-0.0024980243761092424,-0.0005321641219779846,-0.06628336942376047,0.03142817701589529,1.8007019008008578,1.8007019008008578,False,False,0.6260000000000012,3.1753588899991882,8,-0.008436168234958963,-0.0044594013421681965,0.0,0.0,nan,0.02499308966124847,-0.00023265371319500507,0.0,0.0,nan,0.03142817701589529,-0.0021463863247007395,0.0,0.0,nan,0.025023325895115356,-0.004018074509451656,0.0,0.0,nan,0.009859449199262293,-0.661216341441095,0.0,0.0,nan,-0.00010643424648204558,0.006438414532693225,0.0,0.0,nan
9.228,29.691691502997855,ARM_AND_OFFBOARD,INITIAL_HOLD,NEUTRAL_HOLD,-0.004132299683988094,-0.004178051371127367,0.034296005964279175,0.001221097307279706,-0.0007531113806180656,0.013325505889952183,0.0,0.0,1.0,0.021912346899683143,0.021912346899683143,0.9657218730620538,0.021912346899683143,nan,0.009889425709843636,0.0038092799950391054,0.02798636630177498,0.029925708909368336,-0.021613470445006878,0.025478441618557245,-0.06598963732000424,0.0011573147494345903,-0.00176135147921741,-0.00012272855383343973,-0.06598963732000424,0.03142892737410996,1.8007448931596817,1.8007448931596817,False,False,0.6600000000000001,3.2587540249987796,8,-0.008438310108079605,-0.0042525121731594555,0.0,0.0,nan,0.02499359507041543,-0.00022781648042896748,0.0,0.0,nan,0.03142892737410996,-0.002097373458300719,0.0,0.0,nan,0.025023454579800486,-0.003791599709652685,0.0,0.0,nan,0.009862268751170689,-0.6634924833623953,0.0,0.0,nan,-0.00010780320781478281,0.006498534180432155,0.0,0.0,nan
9.228,29.79957484500119,ARM_AND_OFFBOARD,INITIAL_HOLD,NEUTRAL_HOLD,-0.004132299683988094,-0.004178051371127367,0.034296005964279175,0.001221097307279706,-0.0007531113806180656,0.013325505889952183,0.0,0.0,1.0,0.021912346899683143,0.021912346899683143,0.9657218730620538,0.021912346899683143,nan,0.009889425709843636,0.0038092799950391054,0.02798636630177498,0.029925708909368336,-0.021613470445006878,0.025478441618557245,-0.06598963732000424,0.0011573147494345903,-0.00176135147921741,-0.00012272855383343973,-0.06598963732000424,0.03142892737410996,1.8007448931596817,1.8007448931596817,False,False,0.6600000000000001,3.357901070998196,8,-0.008438310108079605,-0.0042525121731594555,0.0,0.0,nan,0.02499359507041543,-0.00022781648042896748,0.0,0.0,nan,0.03142892737410996,-0.002097373458300719,0.0,0.0,nan,0.025023454579800486,-0.003791599709652685,0.0,0.0,nan,0.009862268751170689,-0.6634924833623953,0.0,0.0,nan,-0.00010780320781478281,0.006498534180432155,0.0,0.0,nan
9.263,29.877333470998565,ARM_AND_OFFBOARD,INITIAL_HOLD,NEUTRAL_HOLD,-0.004695944953709841,-0.004304553382098675,0.033334385603666306,0.001221097307279706,-0.0007531113806180656,0.013325505889952183,0.0,0.0,1.0,0.02116552377821294,0.02116552377821294,0.9666866044044827,0.02116552377821294,nan,0.01012469083070755,0.0038891201838850975,0.027563925832509995,0.02962101665240793,-0.021558237836669842,0.02547531711667292,-0.0659110207351621,0.0005774025339633226,-0.004570723511278629,-0.002076085656881332,-0.0659110207351621,0.031429435895605096,1.8007740292951446,1.8007740292951446,False,False,0.6950000000000003,3.4433099669986404,8,-0.008440739090478822,0.004132317633167626,0.0,0.0,nan,0.02499372068670791,-0.00015709170300439517,0.0,0.0,nan,0.031429435895605096,-0.002022303064285782,0.0,0.0,nan,0.025023799422857707,-0.004173713852457532,0.0,0.0,nan,0.00986964118830258,-0.6379860925674196,0.0,0.0,nan,-0.00010552681317843593,0.0054703110308442614,0.0,0.0,nan
9.268,29.95226849000028,ARM_AND_OFFBOARD,INITIAL_HOLD,NEUTRAL_HOLD,-0.004695944953709841,-0.004304553382098675,0.033334385603666306,0.001221097307279706,-0.0007531113806180656,0.013325505889952183,0.0,0.0,1.0,0.02116552377821294,0.02116552377821294,0.9666866044044827,0.02116552377821294,nan,0.01012469083070755,0.0038891201838850975,0.027563925832509995,0.02962101665240793,-0.021558237836669842,0.02547531711667292,-0.0659110207351621,0.0005774025339633226,-0.004570723511278629,-0.002076085656881332,-0.0659110207351621,0.031429435895605096,1.8007740292951446,1.8007740292951446,False,False,0.7000000000000011,3.5180856980005046,8,-0.008440739090478822,0.004132317633167626,0.0,0.0,nan,0.02499372068670791,-0.00015709170300439517,0.0,0.0,nan,0.031429435895605096,-0.002022303064285782,0.0,0.0,nan,0.025023799422857707,-0.004173713852457532,0.0,0.0,nan,0.00986964118830258,-0.6379860925674196,0.0,0.0,nan,-0.00010552681317843593,0.0054703110308442614,0.0,0.0,nan
9.284,30.030721366998478,ARM_AND_OFFBOARD,INITIAL_HOLD,NEUTRAL_HOLD,-0.00486463587731123,-0.0043455022387206554,0.03280346468091011,0.001221097307279706,-0.0007531113806180656,0.013325505889952183,0.0,0.0,1.0,0.020720335401090053,0.020720335401090053,0.9672185306357488,0.020720335401090053,nan,0.00938633643090725,0.003814569441601634,0.027274642139673233,0.02909571025883741,-0.021574474527682887,0.02546800113954016,-0.06580807710147109,-0.0009421717841178179,-0.006032141391187906,-0.0011940030381083482,-0.0658080771014711,0.03142949834450537,1.8007776073535655,1.8007776073535655,False,False,0.7160000000000011,3.5965761719999136,8,-0.008446012803141834,0.004180197167941612,0.0,0.0,nan,0.024993686291381323,-0.00011416842181089404,0.0,0.0,nan,0.03142949834450537,-0.0019984304400238483,0.0,0.0,nan,0.02502356929861005,-0.004140017681680354,0.0,0.0,nan,0.009876227004265381,-0.6330115336194528,0.0,0.0,nan,-0.00010629173531118141,0.005728721324177087,0.0,0.0,nan
9.322,30.1128717879983,ARM_AND_OFFBOARD,INITIAL_HOLD,NEUTRAL_HOLD,-0.0051625934429466724,-0.004409263376146555,0.031634993851184845,0.001221097307279706,-0.0007531113806180656,0.013325505889952183,0.0,0.0,1.0,0.019732113531283377,0.019732113531283377,0.9683888057532326,0.019732113531283377,nan,0.008794542402029037,0.005100673530250788,0.0255445446819067,0.02749335573423542,-0.02158362351966036,0.025307786381052383,-0.06556355542624606,-0.0007191047188825905,-0.006869026925414801,0.0007302456651814291,-0.06556355542624606,0.03143027638306428,1.8008221856792896,1.8008221856792896,False,False,0.7539999999999996,3.677974145000917,8,-0.008456071915795782,-0.00412900377514782,0.0,0.0,nan,0.02499419259696012,-0.00021761140190847372,0.0,0.0,nan,0.03143027638306428,-0.002066391266290475,0.0,0.0,nan,0.025024474548661857,-0.0037318272116784366,0.0,0.0,nan,0.009867003542279207,-0.6575591287433624,0.0,0.0,nan,-0.00010701989952632829,0.006544436467715048,0.0,0.0,nan
9.335,30.18671828299921,ARM_AND_OFFBOARD,INITIAL_HOLD,NEUTRAL_HOLD,-0.0051625934429466724,-0.004409263376146555,0.031634993851184845,0.001221097307279706,-0.0007531113806180656,0.013325505889952183,0.0,0.0,1.0,0.019732113531283377,0.019732113531283377,0.9683888057532326,0.019732113531283377,nan,0.008794542402029037,0.005100673530250788,0.0255445446819067,0.02749335573423542,-0.02158362351966036,0.025307786381052383,-0.06556355542624606,-0.0007191047188825905,-0.006869026925414801,0.0007302456651814291,-0.06556355542624606,0.031430545164293555,1.8008375857093393,1.8008375857093393,False,False,0.7670000000000012,3.753244341998652,8,-0.008452436148237652,0.004161189643667551,0.0,0.0,nan,0.02499437208299682,-0.0001677968545546884,0.0,0.0,nan,0.031430545164293555,-0.0020402544014887056,0.0,0.0,nan,0.025024432861745716,-0.0041918998967659495,0.0,0.0,nan,0.0098719489098551,-0.6372057685835034,0.0,0.0,nan,-0.00010569442302799104,0.0054350539024072275,0.0,0.0,nan
9.34,30.262840520997997,ARM_AND_OFFBOARD,INITIAL_HOLD,NEUTRAL_HOLD,-0.00525655085220933,-0.0044116550125181675,0.031160229817032814,0.001221097307279706,-0.0007531113806180656,0.013325505889952183,0.0,0.0,1.0,0.019324136325844704,0.019324136325844704,0.9688640742204223,0.019324136325844704,nan,0.00904280599206686,0.004700121935456991,0.024972250685095787,0.02697177767032776,-0.021659859853540436,0.02528124365554662,-0.06546015923185663,-0.002193694468587637,-0.007173949386924505,0.0003115717554464945,-0.06546015923185663,0.031430545164293555,1.8008375857093393,1.8008375857093393,False,False,0.7720000000000002,3.8274441120011033,8,-0.008452436148237652,0.004161189643667551,0.0,0.0,nan,0.02499437208299682,-0.0001677968545546884,0.0,0.0,nan,0.031430545164293555,-0.0020402544014887056,0.0,0.0,nan,0.025024432861745716,-0.0041918998967659495,0.0,0.0,nan,0.0098719489098551,-0.6372057685835034,0.0,0.0,nan,-0.00010569442302799104,0.0054350539024072275,0.0,0.0,nan
9.353,30.336257645998558,ARM_AND_OFFBOARD,INITIAL_HOLD,NEUTRAL_HOLD,-0.00525655085220933,-0.0044116550125181675,0.031160229817032814,0.001221097307279706,-0.0007531113806180656,0.013325505889952183,0.0,0.0,1.0,0.019324136325844704,0.019324136325844704,0.9688640742204223,0.019324136325844704,nan,0.00904280599206686,0.004700121935456991,0.024972250685095787,0.02697177767032776,-0.021659859853540436,0.02528124365554662,-0.06546015923185663,-0.002193694468587637,-0.007173949386924505,0.0003115717554464945,-0.06546015923185663,0.031430545164293555,1.8008375857093393,1.8008375857093393,False,False,0.7850000000000001,3.90280500299923,8,-0.008452436148237652,0.004161189643667551,0.0,0.0,nan,0.02499437208299682,-0.0001677968545546884,0.0,0.0,nan,0.031430545164293555,-0.0020402544014887056,0.0,0.0,nan,0.025024432861745716,-0.0041918998967659495,0.0,0.0,nan,0.0098719489098551,-0.6372057685835034,0.0,0.0,nan,-0.00010569442302799104,0.0054350539024072275,0.0,0.0,nan
9.36,30.41139095499966,ARM_AND_OFFBOARD,INITIAL_HOLD,NEUTRAL_HOLD,-0.005290048196911812,-0.004420564975589514,0.030896300449967384,0.001221097307279706,-0.0007531113806180656,0.013325505889952183,0.0,0.0,1.0,0.019093927126662084,0.019093927126662084,0.9691282198379062,0.019093927126662084,nan,0.008241163566708565,0.0043824403546750546,0.024014754220843315,0.025764917633926968,-0.021700558049056743,0.02518152352481344,-0.06533321265117759,-0.00038995445356704295,-0.007049710024148226,0.0007487667608074853,-0.06533321265117759,0.03143055791798055,1.8008383164417774,1.8008383164417774,False,False,0.7919999999999998,3.9778292199989664,8,-0.008457437961007841,0.00413131597104178,0.0,0.0,nan,0.024994284364869834,-0.00017588041034121598,0.0,0.0,nan,0.03143055791798055,-0.0019710026087424773,0.0,0.0,nan,0.02502419219642693,-0.004048357347722933,0.0,0.0,nan,0.009878371757568338,-0.6323127379848431,0.0,0.0,nan,-0.00010670228109788127,0.005725311810668704,0.0,0.0,nan
9.39,30.489319173000695,ARM_AND_OFFBOARD,INITIAL_HOLD,NEUTRAL_HOLD,-0.005303284619003534,-0.004432798828929663,0.030475551262497902,0.001221097307279706,-0.0007531113806180656,0.013325505889952183,0.0,0.0,1.0,0.018714478766924024,0.018714478766924024,0.9695490865515605,0.018714478766924024,nan,0.007818262092769146,0.0038338785525411367,0.023693617433309555,0.02524304565584146,-0.021636274554230592,0.025128807444415344,-0.0652038285936802,0.0009257729398086667,-0.00581678282469511,0.002108813263475896,-0.0652038285936802,0.03143128381557325,1.800879907310198,1.800879907310198,False,False,0.822000000000001,4.053772175000631,8,-0.00846173157631025,-0.004153996078357666,0.0,0.0,nan,0.02499494748628006,-0.00023693151595292422,0.0,0.0,nan,0.03143128381557325,-0.0021208983464578836,0.0,0.0,nan,0.02502506631104051,-0.003823393670230782,0.0,0.0,nan,0.009863801032992114,-0.6617205607105492,0.0,0.0,nan,-0.000107453262371493,0.006375667912905422,0.0,0.0,nan
9.39,30.57553441699929,ARM_AND_OFFBOARD,INITIAL_HOLD,NEUTRAL_HOLD,-0.005303284619003534,-0.004432798828929663,0.030475551262497902,0.001221097307279706,-0.0007531113806180656,0.013325505889952183,0.0,0.0,1.0,0.018714478766924024,0.018714478766924024,0.9695490865515605,0.018714478766924024,nan,0.007818262092769146,0.0038338785525411367,0.023693617433309555,0.02524304565584146,-0.021636274554230592,0.025128807444415344,-0.0652038285936802,0.0009257729398086667,-0.00581678282469511,0.002108813263475896,-0.0652038285936802,0.03143128381557325,1.800879907310198,1.800879907310198,False,False,0.822000000000001,4.131186227001308,8,-0.00846173157631025,-0.004153996078357666,0.0,0.0,nan,0.02499494748628006,-0.00023693151595292422,0.0,0.0,nan,0.03143128381557325,-0.0021208983464578836,0.0,0.0,nan,0.02502506631104051,-0.003823393670230782,0.0,0.0,nan,0.009863801032992114,-0.6617205607105492,0.0,0.0,nan,-0.000107453262371493,0.006375667912905422,0.0,0.0,nan
9.426,30.662411916000565,ARM_AND_OFFBOARD,INITIAL_HOLD,NEUTRAL_HOLD,-0.005232456140220165,-0.004478157497942448,0.029948657378554344,0.001221097307279706,-0.0007531113806180656,0.013325505889952183,0.0,0.0,1.0,0.018216846216866058,0.018216846216866058,0.9700757907573536,0.018216846216866058,nan,0.006291578523814678,0.0025479530449956656,0.024910131469368935,0.025818417357810167,-0.02174931356957106,0.025112543912552604,-0.06498225493261477,-0.00166384840849787,-0.004473622422665358,-0.0010007327655330294,-0.06498225493261477,0.0314316583962837,1.8009013692039937,1.8009013692039937,False,False,0.8580000000000005,4.22455927700139,8,-0.00846266543664953,0.004206724526467202,0.0,0.0,nan,0.02499509798454369,-0.00020688650633424969,0.0,0.0,nan,0.0314316583962837,-0.002106838057753138,0.0,0.0,nan,0.02502510285061721,-0.0042771377550333166,0.0,0.0,nan,0.009873676660223651,-0.6360274012207285,0.0,0.0,nan,-0.00010596371514548508,0.005495960297269075,0.0,0.0,nan
9.458,30.74511180400077,ARM_AND_OFFBOARD,INITIAL_HOLD,NEUTRAL_HOLD,-0.005804448388516903,-0.004531704820692539,0.029009953141212463,0.001221097307279706,-0.0007531113806180656,0.013325505889952183,0.0,0.0,1.0,0.017596532223329298,0.017596532223329298,0.9710179705178001,0.017596532223329298,nan,0.00455646263435483,0.0025542164221405983,0.024374661967158318,0.02492808695593464,-0.021696757471730194,0.025073301670504533,-0.0648333512950627,-0.0006044531473889947,-0.004494883585721254,-0.0005954988300800318,-0.0648333512950627,0.031432421410495515,1.800945086698039,1.800945086698039,False,False,0.8900000000000006,4.305950455000129,8,-0.008471265086840596,-0.004100163442090412,0.0,0.0,nan,0.02499566410636067,-0.00022742148102489733,0.0,0.0,nan,0.031432421410495515,-0.0021242191853785442,0.0,0.0,nan,0.02502590380818326,-0.0038337011097301105,0.0,0.0,nan,0.0098647214064016,-0.6598906755008982,0.0,0.0,nan,-0.00010725785311560543,0.006448003930761034,0.0,0.0,nan
9.485,30.814178033000644,ARM_AND_OFFBOARD,INITIAL_HOLD,NEUTRAL_HOLD,-0.005991662386804819,-0.004545871168375015,0.028773684054613113,0.001221097307279706,-0.0007531113806180656,0.013325505889952183,0.0,0.0,1.0,0.017465827716410785,0.017465827716410785,0.9712554358909326,0.017465827716410785,nan,0.004242689814418554,0.0028345827013254166,0.023899169638752937,0.024437790108230214,-0.02170674847605777,0.02509314106711336,-0.06477035991187786,-0.00026596972020342946,-0.005127642769366503,-0.0018522716127336019,-0.06477035991187786,0.0314327579671394,1.800964369973301,1.800964369973301,False,False,0.9169999999999998,4.3772660290014755,8,-0.008475796915956124,-0.004385913761207515,0.0,0.0,nan,0.02499591259171563,-0.00022406439327308055,0.0,0.0,nan,0.0314327579671394,-0.0021390557817572244,0.0,0.0,nan,0.02502644086555783,-0.004008598888003133,0.0,0.0,nan,0.009858725015909897,-0.6605570510501388,0.0,0.0,nan,-0.000106187758194487,0.0063775384379069384,0.0,0.0,nan
9.522,30.89698011300061,ARM_AND_OFFBOARD,INITIAL_HOLD,NEUTRAL_HOLD,-0.006367800757288933,-0.004564778413623571,0.02836979180574417,0.001221097307279706,-0.0007531113806180656,0.013325505889952183,0.0,0.0,1.0,0.017275726268988285,0.017275726268988285,0.9716617969046961,0.017275726268988285,nan,0.002359978388994932,0.0031350033823400736,0.023020338267087936,0.023352381423207356,-0.021771316426229315,0.025024934855122357,-0.06463233900100031,-0.0007006744272075593,-0.005123194772750139,-0.0008319858461618417,-0.06463233900100031,0.03143331854760589,1.8009964888681083,1.8009964888681083,False,False,0.9540000000000006,4.4635930660006125,8,-0.00847532759691827,-0.004182547872187791,0.0,0.0,nan,0.024996400933622098,-0.0002194709507096161,0.0,0.0,nan,0.03143331854760589,-0.002090236009341759,0.0,0.0,nan,0.025026383166993682,-0.0037824138024274497,0.0,0.0,nan,0.009862806047640227,-0.6629034086994638,0.0,0.0,nan,-0.00010764400825902243,0.0064544687614793515,0.0,0.0,nan
9.525,30.975049721000687,ARM_AND_OFFBOARD,INITIAL_HOLD,NEUTRAL_HOLD,-0.006367800757288933,-0.004564778413623571,0.02836979180574417,0.001221097307279706,-0.0007531113806180656,0.013325505889952183,0.0,0.0,1.0,0.017275726268988285,0.017275726268988285,0.9716617969046961,0.017275726268988285,nan,0.002359978388994932,0.0031350033823400736,0.023020338267087936,0.023352381423207356,-0.021771316426229315,0.025024934855122357,-0.06463233900100031,-0.0007006744272075593,-0.005123194772750139,-0.0008319858461618417,-0.06463233900100031,0.03143331854760589,1.8009964888681083,1.8009964888681083,False,False,0.9570000000000007,4.539339033999568,8,-0.00847532759691827,-0.004182547872187791,0.0,0.0,nan,0.024996400933622098,-0.0002194709507096161,0.0,0.0,nan,0.03143331854760589,-0.002090236009341759,0.0,0.0,nan,0.025026383166993682,-0.0037824138024274497,0.0,0.0,nan,0.009862806047640227,-0.6629034086994638,0.0,0.0,nan,-0.00010764400825902243,0.0064544687614793515,0.0,0.0,nan
9.542,31.05206810099844,ARM_AND_OFFBOARD,INITIAL_HOLD,NEUTRAL_HOLD,-0.006557806394994259,-0.004554822575300932,0.028130382299423218,0.001221097307279706,-0.0007531113806180656,0.013325505889952183,0.0,0.0,1.0,0.017150764307072165,0.017150764307072165,0.9719024153910062,0.017150764307072165,nan,0.0011941030388697982,0.003473164513707161,0.023236848413944244,0.023525302931510488,-0.021791344546714553,0.02498020370409919,-0.0645978479084223,-0.001994118792936206,-0.005232241004705429,0.0006853251834400005,-0.0645978479084223,0.031433504374033916,1.801007135938156,1.801007135938156,False,False,0.9740000000000002,4.617355843998666,8,-0.008479588279266537,-0.004088714018730894,0.0,0.0,nan,0.02499636110608261,-0.0002271103864336084,0.0,0.0,nan,0.031433504374033916,-0.002077638879479455,0.0,0.0,nan,0.02502673909370401,-0.0037405308359462577,0.0,0.0,nan,0.00986628940540868,-0.6577290780786458,0.0,0.0,nan,-0.00010700608008651358,0.00655887762455621,0.0,0.0,nan
9.563,31.128937491001125,ARM_AND_OFFBOARD,INITIAL_HOLD,NEUTRAL_HOLD,-0.006659891922026873,-0.004538589157164097,0.02800925076007843,0.001221097307279706,-0.0007531113806180656,0.013325505889952183,0.0,0.0,1.0,0.01708953471104843,0.01708953471104843,0.9720241609959778,0.01708953471104843,nan,0.0012127200607210398,0.004326712340116501,0.022576797753572464,0.02301962046658255,-0.021931359531267007,0.02494123372694133,-0.0644267089779868,-0.003622103715315461,-0.005881082266569138,0.0018431445350870497,-0.0644267089779868,0.031433841399072904,1.8010264460504803,1.8010264460504803,False,False,0.995000000000001,4.695004981000238,8,-0.008475303324593675,0.004195575773999561,0.0,0.0,nan,0.02499661287475341,-0.0001476075339719269,0.0,0.0,nan,0.031433841399072904,-0.002013465934981132,0.0,0.0,nan,0.025026918065742088,-0.004163509927951638,0.0,0.0,nan,0.009869096888335704,-0.6373289856321968,0.0,0.0,nan,-0.00010529018490945674,0.005409117833355591,0.0,0.0,nan
9.563,31.210884129999613,ARM_AND_OFFBOARD,INITIAL_HOLD,NEUTRAL_HOLD,-0.006659891922026873,-0.004538589157164097,0.02800925076007843,0.001221097307279706,-0.0007531113806180656,0.013325505889952183,0.0,0.0,1.0,0.01708953471104843,0.01708953471104843,0.9720241609959778,0.01708953471104843,nan,0.0012127200607210398,0.004326712340116501,0.022576797753572464,0.02301962046658255,-0.021931359531267007,0.02494123372694133,-0.0644267089779868,-0.003622103715315461,-0.005881082266569138,0.0018431445350870497,-0.0644267089779868,0.031433841399072904,1.8010264460504803,1.8010264460504803,False,False,0.0,0.0,9,-0.008475303324593675,0.004195575773999561,0.0,0.0,nan,0.02499661287475341,-0.0001476075339719269,0.0,0.0,nan,0.031433841399072904,-0.002013465934981132,0.0,0.0,nan,0.025026918065742088,-0.004163509927951638,0.0,0.0,nan,0.009869096888335704,-0.6373289856321968,0.0,0.0,nan,-0.00010529018490945674,0.005409117833355591,0.0,0.0,nan
9.594,31.291984028001025,ARM_AND_OFFBOARD,INITIAL_HOLD,NEUTRAL_HOLD,-0.006777831353247166,-0.004494203720241785,0.027641817927360535,0.001221097307279706,-0.0007531113806180656,0.013325505889952183,0.0,0.0,1.0,0.01682068434880795,0.01682068434880795,0.9723921899668572,0.01682068434880795,nan,0.0004827024240512401,0.004694561939686537,0.02279261313378811,0.023276063389290478,-0.021984828313687508,0.024881889589599648,-0.06435561304536282,-0.002801884664222598,-0.005998275242745876,0.0009642872028052814,-0.06435561304536282,0.03143374270849897,1.8010207914971161,1.8010207914971161,True,False,0.030999999999998806,0.08369781899818918,9,-0.008479341216469649,0.004166628199835879,0.0,0.0,nan,0.024996488615358636,-0.00019034634751571345,0.0,0.0,nan,0.03143374270849897,-0.001987837893904157,0.0,0.0,nan,0.02502645919108648,-0.004063884588923097,0.0,0.0,nan,0.009878060983716352,-0.6325758814309567,0.0,0.0,nan,-0.0001067975897166562,0.005759547314210686,0.0,0.0,nan
9.623,31.365474652000557,ARM_AND_OFFBOARD,INITIAL_HOLD,NEUTRAL_HOLD,-0.006843194831162691,-0.004410135559737682,0.026481974869966507,0.001221097307279706,-0.0007531113806180656,0.013325505889952183,0.0,0.0,1.0,0.01585872975880756,0.01585872975880756,0.9735520653073635,0.01585872975880756,nan,0.0019867371302098036,0.004245611373335123,0.02176539972424507,0.02226443274629098,-0.021938971077523267,0.02489746347247331,-0.06422606662480997,0.0004577385261654854,-0.00506990309804678,-8.032230834942249e-05,-0.06422606662480997,0.031434662674489466,1.8010735016656672,1.8010735016656672,True,False,0.05999999999999872,0.1637319910005317,9,-0.008487293175821087,-0.0041733549569354395,0.0,0.0,nan,0.024997271489538342,-0.0003753082503279929,0.0,0.0,nan,0.031434662674489466,-0.0022149303022555625,0.0,0.0,nan,0.02502761731686398,-0.003930990333633585,0.0,0.0,nan,0.00986405916407218,-0.6583698504202018,0.0,0.0,nan,-0.00010658732386747971,0.006247926124685377,0.0,0.0,nan
9.648,31.445686515999114,ARM_AND_OFFBOARD,INITIAL_HOLD,NEUTRAL_HOLD,-0.007046906743198633,-0.004448327235877514,0.025986451655626297,0.001221097307279706,-0.0007531113806180656,0.013325505889952183,0.0,0.0,1.0,0.015566440147863876,0.015566440147863876,0.9740491973551657,0.015566440147863876,nan,0.0024367456790059805,0.0034126299433410168,0.0218389630317688,0.02223789735872765,-0.02200641186275064,0.024845693551377515,-0.06417902080192668,-0.0005356297479011118,-0.005111853592097759,-0.000900674378499388,-0.06417902080192668,0.03143480315783087,1.8010815507682214,1.8010815507682214,True,False,0.08499999999999908,0.24272073799875216,9,-0.008482610813818958,0.00421427515932756,0.0,0.0,nan,0.024997310713915866,-0.00015782972562831236,0.0,0.0,nan,0.03143480315783087,-0.0020302453566563104,0.0,0.0,nan,0.025027551448870256,-0.00418069057424455,0.0,0.0,nan,0.009871684648829593,-0.6365694768621453,0.0,0.0,nan,-0.00010547340041888731,0.00537455482842795,0.0,0.0,nan
9.648,31.52229502800037,ARM_AND_OFFBOARD,INITIAL_HOLD,NEUTRAL_HOLD,-0.007046906743198633,-0.004448327235877514,0.025986451655626297,0.001221097307279706,-0.0007531113806180656,0.013325505889952183,0.0,0.0,1.0,0.015566440147863876,0.015566440147863876,0.9740491973551657,0.015566440147863876,nan,0.0024367456790059805,0.0034126299433410168,0.0218389630317688,0.02223789735872765,-0.02200641186275064,0.024845693551377515,-0.06417902080192668,-0.0005356297479011118,-0.005111853592097759,-0.000900674378499388,-0.06417902080192668,0.03143480315783087,1.8010815507682214,1.8010815507682214,True,False,0.08499999999999908,0.31776495899976,9,-0.008482610813818958,0.00421427515932756,0.0,0.0,nan,0.024997310713915866,-0.00015782972562831236,0.0,0.0,nan,0.03143480315783087,-0.0020302453566563104,0.0,0.0,nan,0.025027551448870256,-0.00418069057424455,0.0,0.0,nan,0.009871684648829593,-0.6365694768621453,0.0,0.0,nan,-0.00010547340041888731,0.00537455482842795,0.0,0.0,nan
9.67,31.640897942001175,ARM_AND_OFFBOARD,INITIAL_HOLD,NEUTRAL_HOLD,-0.007303212769329548,-0.004511029459536076,0.025256754830479622,0.001221097307279706,-0.0007531113806180656,0.013325505889952183,0.0,0.0,1.0,0.015137387880703792,0.015137387880703792,0.9747810422382797,0.015137387880703792,nan,0.0016146657289937139,0.003664996474981308,0.021239589899778366,0.021613873407808685,-0.02201132988622469,0.02485025683251236,-0.06417280933567382,-0.000448545761173591,-0.00499737448990345,-0.0024322182871401306,-0.06417280933567382,0.03143501370179447,1.8010936140487375,1.8010936140487375,True,False,0.10699999999999932,0.3963809329979995,9,-0.008486437577871264,0.004040240248955041,0.0,0.0,nan,0.024997673855681413,-0.0005368223013141251,0.0,0.0,nan,0.03143501370179447,-0.002486790342767304,0.0,0.0,nan,0.025027262482080204,-0.0048645740969533655,0.0,0.0,nan,0.009869197626138693,-0.6369605004375952,0.0,0.0,nan,-0.00010702539414264578,0.005397054888634519,0.0,0.0,nan
9.7,31.697475036999094,ARM_AND_OFFBOARD,INITIAL_HOLD,NEUTRAL_HOLD,-0.007638923823833466,-0.004571545869112015,0.024092577397823334,0.001221097307279706,-0.0007531113806180656,0.013325505889952183,0.0,0.0,1.0,0.014457186629572944,0.014457186629572944,0.9759480261155524,0.014457186629572944,nan,0.0008410685113631189,0.0035385792143642902,0.02016412280499935,0.020489528730359623,-0.022001381502847604,0.02477971477233513,-0.06407639628220704,9.762200352270156e-05,-0.004555207211524248,-0.002716812305152416,-0.06407639628220704,0.03143583878941136,1.8011408880869142,1.8011408880869142,True,False,0.13699999999999868,0.4785293620006996,9,-0.008493803181769621,-0.004353458990019942,0.0,0.0,nan,0.024998170108860407,-0.0002315082267890391,0.0,0.0,nan,0.03143583878941136,-0.0021449724118118635,0.0,0.0,nan,0.025028753139825,-0.004014700762887472,0.0,0.0,nan,0.009857092053396244,-0.6609952881791771,0.0,0.0,nan,-0.00010610653364029332,0.006392939065145263,0.0,0.0,nan
9.72,31.737112601000263,ARM_AND_OFFBOARD,INITIAL_HOLD,NEUTRAL_HOLD,-0.007776001468300819,-0.004587316885590553,0.02328586019575596,0.001221097307279706,-0.0007531113806180656,0.013325505889952183,0.0,0.0,1.0,0.013959139519650119,0.013959139519650119,0.9767558653873486,0.013959139519650119,nan,0.0007270720088854432,0.004678765777498484,0.018260343000292778,0.01886424155366807,-0.02204800332134871,0.024793254055864994,-0.06409831404144883,9.762200352270156e-05,-0.004555207211524248,-0.002716812305152416,-0.06409831404144883,0.03143579029269361,1.8011381094296668,1.8011381094296668,True,False,0.15700000000000003,0.5326438269985374,9,-0.008488979768280558,0.004249897655557963,0.0,0.0,nan,0.024998052086449896,-0.00019604400292730907,0.0,0.0,nan,0.03143579029269361,-0.0020959285975991316,0.0,0.0,nan,0.02502823714588409,-0.004265290229821299,0.0,0.0,nan,0.009873870221942305,-0.6353902937155403,0.0,0.0,nan,-0.00010576481647106561,0.005436733134764837,0.0,0.0,nan
9.724,31.845725404000405,ARM_AND_OFFBOARD,INITIAL_HOLD,NEUTRAL_HOLD,-0.007776001468300819,-0.004587316885590553,0.02328586019575596,0.001221097307279706,-0.0007531113806180656,0.013325505889952183,0.0,0.0,1.0,0.013959139519650119,0.013959139519650119,0.9767558653873486,0.013959139519650119,nan,0.0007270720088854432,0.004678765777498484,0.018260343000292778,0.01886424155366807,-0.02204800332134871,0.024793254055864994,-0.06409831404144883,-0.0010468612890690565,-0.0036959478165954356,-0.003550477093085646,-0.06409831404144883,0.03143579029269361,1.8011381094296668,1.8011381094296668,True,False,0.1609999999999996,0.6417847939992498,9,-0.008488979768280558,0.004249897655557963,0.0,0.0,nan,0.024998052086449896,-0.00019604400292730907,0.0,0.0,nan,0.03143579029269361,-0.0020959285975991316,0.0,0.0,nan,0.02502823714588409,-0.004265290229821299,0.0,0.0,nan,0.009873870221942305,-0.6353902937155403,0.0,0.0,nan,-0.00010576481647106561,0.005436733134764837,0.0,0.0,nan
9.755,31.925054528001056,ARM_AND_OFFBOARD,INITIAL_HOLD,NEUTRAL_HOLD,-0.007836073637008667,-0.004579317290335894,0.022753288969397545,0.001221097307279706,-0.0007531113806180656,0.013325505889952183,0.0,0.0,1.0,0.013621868116036707,0.013621868116036707,0.9772888561817432,0.013621868116036707,nan,0.0006022930610924959,0.004754436668008566,0.01828918047249317,0.01890665351977896,-0.022092722711269434,0.02479649448594165,-0.06402680375993366,0.00019052036805078387,-0.0047775618731975555,-0.0019483079668134444,-0.06402680375993366,0.03143642130182478,1.801174263589717,1.801174263589717,True,False,0.19200000000000017,0.7169998019999184,9,-0.008495810612458854,-0.004058615336549734,0.0,0.0,nan,0.024998603623490823,-0.00021382894002839258,0.0,0.0,nan,0.03143642130182478,-0.002110600662184063,0.0,0.0,nan,0.025028870129788494,-0.0038196900150743217,0.0,0.0,nan,0.009866876823452664,-0.659345184042615,0.0,0.0,nan,-0.000107179807765867,0.006404197277975737,0.0,0.0,nan
9.757,31.998184280000714,ARM_AND_OFFBOARD,INITIAL_HOLD,NEUTRAL_HOLD,-0.007882543839514256,-0.004554916638880968,0.02234743908047676,0.001221097307279706,-0.0007531113806180656,0.013325505889952183,0.0,0.0,1.0,0.013368817593401614,0.013368817593401614,0.9776949481486908,0.013368817593401614,nan,0.0012183082289993763,0.005030205473303795,0.017682567238807678,0.01842445185614643,-0.02202887022804897,0.024753755348801004,-0.0639297672656443,0.00019052036805078387,-0.0047775618731975555,-0.0019483079668134444,-0.0639297672656443,0.03143642130182478,1.801174263589717,1.801174263589717,True,False,0.19399999999999906,0.7958627589978278,9,-0.008495810612458854,-0.004058615336549734,0.0,0.0,nan,0.024998603623490823,-0.00021382894002839258,0.0,0.0,nan,0.03143642130182478,-0.002110600662184063,0.0,0.0,nan,0.025028870129788494,-0.0038196900150743217,0.0,0.0,nan,0.009866876823452664,-0.659345184042615,0.0,0.0,nan,-0.000107179807765867,0.006404197277975737,0.0,0.0,nan
9.757,32.07322899999781,ARM_AND_OFFBOARD,INITIAL_HOLD,NEUTRAL_HOLD,-0.007882543839514256,-0.004554916638880968,0.02234743908047676,0.001221097307279706,-0.0007531113806180656,0.013325505889952183,0.0,0.0,1.0,0.013368817593401614,0.013368817593401614,0.9776949481486908,0.013368817593401614,nan,0.0012183082289993763,0.005030205473303795,0.017682567238807678,0.01842445185614643,-0.02202887022804897,0.024753755348801004,-0.0639297672656443,0.00019052036805078387,-0.0047775618731975555,-0.0019483079668134444,-0.0639297672656443,0.03143642130182478,1.801174263589717,1.801174263589717,True,False,0.19399999999999906,0.8701343319989974,9,-0.008495810612458854,-0.004058615336549734,0.0,0.0,nan,0.024998603623490823,-0.00021382894002839258,0.0,0.0,nan,0.03143642130182478,-0.002110600662184063,0.0,0.0,nan,0.025028870129788494,-0.0038196900150743217,0.0,0.0,nan,0.009866876823452664,-0.659345184042615,0.0,0.0,nan,-0.000107179807765867,0.006404197277975737,0.0,0.0,nan
9.757,32.14784124400103,ARM_AND_OFFBOARD,INITIAL_HOLD,NEUTRAL_HOLD,-0.007882543839514256,-0.004554916638880968,0.02234743908047676,0.001221097307279706,-0.0007531113806180656,0.013325505889952183,0.0,0.0,1.0,0.013368817593401614,0.013368817593401614,0.9776949481486908,0.013368817593401614,nan,0.0012183082289993763,0.005030205473303795,0.017682567238807678,0.01842445185614643,-0.02202887022804897,0.024753755348801004,-0.0639297672656443,0.00019052036805078387,-0.0047775618731975555,-0.0019483079668134444,-0.0639297672656443,0.03143642130182478,1.801174263589717,1.801174263589717,True,False,0.19399999999999906,0.9456927110004472,9,-0.008495810612458854,-0.004058615336549734,0.0,0.0,nan,0.024998603623490823,-0.00021382894002839258,0.0,0.0,nan,0.03143642130182478,-0.002110600662184063,0.0,0.0,nan,0.025028870129788494,-0.0038196900150743217,0.0,0.0,nan,0.009866876823452664,-0.659345184042615,0.0,0.0,nan,-0.000107179807765867,0.006404197277975737,0.0,0.0,nan
9.757,32.23152536099951,ARM_AND_OFFBOARD,INITIAL_HOLD,NEUTRAL_HOLD,-0.007882543839514256,-0.004554916638880968,0.02234743908047676,0.001221097307279706,-0.0007531113806180656,0.013325505889952183,0.0,0.0,1.0,0.013368817593401614,0.013368817593401614,0.9776949481486908,0.013368817593401614,nan,0.0012183082289993763,0.005030205473303795,0.017682567238807678,0.01842445185614643,-0.02202887022804897,0.024753755348801004,-0.0639297672656443,0.00019052036805078387,-0.0047775618731975555,-0.0019483079668134444,-0.0639297672656443,0.03143642130182478,1.801174263589717,1.801174263589717,True,False,0.19399999999999906,1.0209370109987503,9,-0.008495810612458854,-0.004058615336549734,0.0,0.0,nan,0.024998603623490823,-0.00021382894002839258,0.0,0.0,nan,0.03143642130182478,-0.002110600662184063,0.0,0.0,nan,0.025028870129788494,-0.0038196900150743217,0.0,0.0,nan,0.009866876823452664,-0.659345184042615,0.0,0.0,nan,-0.000107179807765867,0.006404197277975737,0.0,0.0,nan
9.757,32.30582842600052,ABORT,ABORT_SAFE_HOLD,ABORT_RETRACT_PROFILE,-0.007882543839514256,-0.004554916638880968,0.02234743908047676,0.001221097307279706,-0.0007531113806180656,0.013325505889952183,0.0,0.0,1.0,0.013368817593401614,0.013368817593401614,0.9776949481486908,0.013368817593401614,nan,0.0012183082289993763,0.005030205473303795,0.017682567238807678,0.01842445185614643,-0.02202887022804897,0.024753755348801004,-0.0639297672656443,0.00019052036805078387,-0.0047775618731975555,-0.0019483079668134444,-0.0639297672656443,0.0,0.0,1.801174263589717,True,False,0.19399999999999906,1.0209370109987503,9,-0.008495810612458854,-0.004058615336549734,-0.008495810612458854,-0.008495810612458854,nan,0.024998603623490823,-0.00021382894002839258,0.024998603623490823,0.024998603623490823,nan,0.03143642130182478,-0.002110600662184063,0.03143642130182478,0.03143642130182478,nan,0.025028870129788494,-0.0038196900150743217,0.025028870129788494,0.025028870129788494,nan,0.009866876823452664,-0.659345184042615,0.009866876823452664,0.009866876823452664,nan,-0.000107179807765867,0.006404197277975737,-0.000107179807765867,-0.000107179807765867,nan
9.757,32.38300249299937,ABORT,ABORT_SAFE_HOLD,ABORT_RETRACT_PROFILE,-0.007882543839514256,-0.004554916638880968,0.02234743908047676,0.001221097307279706,-0.0007531113806180656,0.013325505889952183,0.0,0.0,1.0,0.013368817593401614,0.013368817593401614,0.9776949481486908,0.013368817593401614,nan,0.0012183082289993763,0.005030205473303795,0.017682567238807678,0.01842445185614643,-0.02202887022804897,0.024753755348801004,-0.0639297672656443,0.00019052036805078387,-0.0047775618731975555,-0.0019483079668134444,-0.0639297672656443,0.0,0.0,1.801174263589717,True,False,0.19399999999999906,1.0209370109987503,9,-0.008495810612458854,-0.004058615336549734,-0.008495810612458854,-0.008495810612458854,nan,0.024998603623490823,-0.00021382894002839258,0.024998603623490823,0.024998603623490823,nan,0.03143642130182478,-0.002110600662184063,0.03143642130182478,0.03143642130182478,nan,0.025028870129788494,-0.0038196900150743217,0.025028870129788494,0.025028870129788494,nan,0.009866876823452664,-0.659345184042615,0.009866876823452664,0.009866876823452664,nan,-0.000107179807765867,0.006404197277975737,-0.000107179807765867,-0.000107179807765867,nan
9.757,32.45607344399832,ABORT,ABORT_SAFE_HOLD,ABORT_RETRACT_PROFILE,-0.007882543839514256,-0.004554916638880968,0.02234743908047676,0.001221097307279706,-0.0007531113806180656,0.013325505889952183,0.0,0.0,1.0,0.013368817593401614,0.013368817593401614,0.9776949481486908,0.013368817593401614,nan,0.0012183082289993763,0.005030205473303795,0.017682567238807678,0.01842445185614643,-0.02202887022804897,0.024753755348801004,-0.0639297672656443,0.00019052036805078387,-0.0047775618731975555,-0.0019483079668134444,-0.0639297672656443,0.0,0.0,1.801174263589717,True,False,0.19399999999999906,1.0209370109987503,9,-0.008495810612458854,-0.004058615336549734,-0.008495810612458854,-0.008495810612458854,nan,0.024998603623490823,-0.00021382894002839258,0.024998603623490823,0.024998603623490823,nan,0.03143642130182478,-0.002110600662184063,0.03143642130182478,0.03143642130182478,nan,0.025028870129788494,-0.0038196900150743217,0.025028870129788494,0.025028870129788494,nan,0.009866876823452664,-0.659345184042615,0.009866876823452664,0.009866876823452664,nan,-0.000107179807765867,0.006404197277975737,-0.000107179807765867,-0.000107179807765867,nan
9.782,32.52841475899913,ABORT,ABORT_SAFE_HOLD,ABORT_RETRACT_PROFILE,-0.00788853969424963,-0.004524523857980967,0.022151127457618713,0.001221097307279706,-0.0007531113806180656,0.013325505889952183,0.0,0.0,1.0,0.01323255963257682,0.01323255963257682,0.9778911585176826,0.01323255963257682,nan,0.0005926805315539241,0.005584437865763903,0.016898909583687782,0.017807592807752414,-0.02196347569032168,0.02478007630474156,-0.06393083943383907,0.002904416061937809,-0.004137139301747084,-0.0017965312581509347,-0.06393083943383907,0.00038718139817173897,0.02218386002121489,1.8233537673353706,True,False,0.19399999999999906,1.0209370109987503,9,-0.008840182167070054,-0.03877152313896952,-0.008495790064701265,-0.008495790064701265,nan,0.025281696448926638,0.006503433885625277,0.024998543162485894,0.024998543162485894,nan,0.03182352666864485,0.013567604248598366,0.031436345270473114,0.031436345270473114,nan,0.025171102118684452,0.003145753600628568,0.02502880959558174,0.02502880959558174,nan,0.0096129933072433,-0.10103120207709868,0.00986685295966822,0.00986685295966822,nan,-0.0003886355332607394,0.03510457672569468,-0.00010717954854343268,-0.00010717954854343268,nan
9.818,32.61836345999836,ABORT,ABORT_SAFE_HOLD,ABORT_RETRACT_PROFILE,-0.007833730429410934,-0.004440692253410816,0.021616673097014427,0.001221097307279706,-0.0007531113806180656,0.013325505889952183,0.0,0.0,1.0,0.012819189197839052,0.012819189197839052,0.9784247653457493,0.012819189197839052,nan,8.727333624847233e-05,0.0048404717817902565,0.016164856031537056,0.01687425121970891,-0.021916925479756433,0.024768324413781313,-0.06376824987006374,0.0011738501489162445,-0.005809932015836239,0.0002352832379983745,-0.06376824987006374,0.0022948821650869283,0.13148706253932563,1.8396798573590887,True,False,0.19399999999999906,1.0209370109987503,9,-0.010790398317420014,-0.055580017837847044,-0.008495516152333085,-0.008495516152333085,nan,0.025330691096304037,-0.006938107691852884,0.024997737185630704,0.024997737185630704,nan,0.03210847069353573,-0.0012335050192663058,0.03143533173274273,0.03143533173274273,nan,0.025129125607558755,-0.00881037989718955,0.025028002642907908,0.025028002642907908,nan,0.009588654883884828,-0.14873190070069187,0.009866534842925682,0.009866534842925682,nan,-0.0007838635109385095,0.06202358458075723,-0.00010717609297264546,-0.00010717609297264546,nan
9.837,32.69495418199949,ABORT,ABORT_SAFE_HOLD,ABORT_RETRACT_PROFILE,-0.007869607768952847,-0.004449963569641113,0.021300071850419044,0.001221097307279706,-0.0007531113806180656,0.013325505889952183,0.0,0.0,1.0,0.012645210047617301,0.012645210047617301,0.9787416831126603,0.012645210047617301,nan,-0.0003363347495906055,0.0049574533477425575,0.016524599865078926,0.01725548798092342,-0.021914097843441706,0.024705565199490537,-0.06366265725897918,0.0011738501489162445,-0.005809932015836239,0.0002352832379983745,-0.06366265725897918,0.0033572039229195078,0.19235361574805113,1.8435133589030626,True,False,0.19399999999999906,1.0209370109987503,9,-0.011852355097355272,-0.05542330057831061,-0.008495151174435764,-0.008495151174435764,nan,0.025277051300643727,-0.0036124743107985896,0.02499666325187645,0.02499666325187645,nan,0.03217537791735836,0.0029463095654801677,0.03143398123195247,0.03143398123195247,nan,0.025058241601089826,-0.003069371372034951,0.025026927408912117,0.025026927408912117,nan,0.00975197213736756,-0.09055830894265211,0.009866110964367129,0.009866110964367129,nan,-0.0008754947351476972,0.06716113341170868,-0.00010717148855493206,-0.00010717148855493206,nan
9.844,32.768937583998195,ABORT,ABORT_SAFE_HOLD,ABORT_RETRACT_PROFILE,-0.007869607768952847,-0.004449963569641113,0.021300071850419044,0.001221097307279706,-0.0007531113806180656,0.013325505889952183,0.0,0.0,1.0,0.012645210047617301,0.012645210047617301,0.9787416831126603,0.012645210047617301,nan,-0.0003363347495906055,0.0049574533477425575,0.016524599865078926,0.01725548798092342,-0.021914097843441706,0.024705565199490537,-0.06366265725897918,0.0017250789096578956,-0.0060904924757778645,0.0004977033240720637,-0.06366265725897918,0.0033573903573338518,0.19236429765314905,1.8435133589030626,True,False,0.19399999999999906,1.0209370109987503,9,-0.011852355097355272,-0.05542330057831061,-0.00849496474002142,-0.00849496474002142,nan,0.025277051300643727,-0.0036124743107985896,0.02499611467561474,0.02499611467561474,nan,0.03217537791735836,0.0029463095654801677,0.03143329138244171,0.03143329138244171,nan,0.025058241601089826,-0.003069371372034951,0.025026378168473834,0.025026378168473834,nan,0.00975197213736756,-0.09055830894265211,0.009865894442897207,0.009865894442897207,nan,-0.0008754947351476972,0.06716113341170868,-0.00010716913657163089,-0.00010716913657163089,nan
9.89,32.91513580899846,ABORT,ABORT_SAFE_HOLD,ABORT_RETRACT_PROFILE,-0.008112771436572075,-0.004491493571549654,0.02095145545899868,0.001221097307279706,-0.0007531113806180656,0.013325505889952183,0.0,0.0,1.0,0.012619497373610731,0.012619497373610731,0.9790924589346699,0.012619497373610731,nan,-0.00161309028044343,0.007133040111511946,0.016186833381652832,0.017762204154065167,-0.02185728735202822,0.024757210764737345,-0.0634330087313292,0.001188310096040368,-0.0027403871063143015,-0.000463026401121169,-0.0634330087313292,0.005345697822425466,0.30628592377725383,1.8530905858136868,True,False,0.19399999999999906,1.0209370109987503,9,-0.01383853906966337,-0.05036014477708647,-0.008492841247237903,-0.008492841247237903,nan,0.025190697295189857,-0.00577911468857639,0.02498986637785789,0.02498986637785789,nan,0.03234253206015936,0.0013710915003083812,0.03142543397873781,0.03142543397873781,nan,0.024985526927554957,-0.0038497243668588876,0.025020122305728705,0.025020122305728705,nan,0.009655380917561907,-0.018922419921413813,0.009863428257775364,0.009863428257775364,nan,-0.0009723022426157968,0.07916508716588178,-0.00010714234742122356,-0.00010714234742122356,nan
9.892,32.99484791500072,ABORT,ABORT_SAFE_HOLD,ABORT_RETRACT_PROFILE,-0.008112771436572075,-0.004491493571549654,0.02095145545899868,0.001221097307279706,-0.0007531113806180656,0.013325505889952183,0.0,0.0,1.0,0.012619497373610731,0.012619497373610731,0.9790924589346699,0.012619497373610731,nan,-0.00161309028044343,0.007133040111511946,0.016186833381652832,0.017762204154065167,-0.02185728735202822,0.024757210764737345,-0.0634330087313292,0.001188310096040368,-0.0027403871063143015,-0.000463026401121169,-0.0634330087313292,0.005345831419321063,0.30629357831552756,1.8530905858136868,True,False,0.19399999999999906,1.0209370109987503,9,-0.01383853906966337,-0.05036014477708647,-0.008492707650342306,-0.008492707650342306,nan,0.025190697295189857,-0.00577911468857639,0.024989473274010514,0.024989473274010514,nan,0.03234253206015936,0.0013710915003083812,0.03142493964000003,0.03142493964000003,nan,0.024985526927554957,-0.0038497243668588876,0.025019728725939543,0.025019728725939543,nan,0.009655380917561907,-0.018922419921413813,0.009863273100819428,0.009863273100819428,nan,-0.0009723022426157968,0.07916508716588178,-0.00010714066201529335,-0.00010714066201529335,nan
9.914,33.07516897700043,ABORT,ABORT_SAFE_HOLD,ABORT_RETRACT_PROFILE,-0.008165338076651096,-0.004474019166082144,0.020681291818618774,0.001221097307279706,-0.0007531113806180656,0.013325505889952183,0.0,0.0,1.0,0.01249231406077372,0.01249231406077372,0.9793629673351212,0.01249231406077372,nan,-0.0017518189270049334,0.0076018692925572395,0.015492172911763191,0.0173454520789199,-0.021805678256939933,0.024818977929247154,-0.06333689501205998,0.0008977671968750656,-0.0019400024320930243,-0.0002952213690150527,-0.06333689501206,0.006298545456777936,0.360880071744675,1.8590888774932492,True,False,0.19399999999999906,1.0209370109987503,9,-0.014789516603110897,-0.04903884091115195,-0.008490971146332961,-0.008490971146332961,nan,0.025159487155432814,-0.0013236517861167857,0.024984363676186314,0.024984363676186314,nan,0.032447221999462705,0.005588654709448764,0.03141851418231032,0.03141851418231032,nan,0.024980623363020982,0.00047746677109495195,0.025014612941782813,0.025014612941782813,nan,0.009772334989135878,0.013761207604271786,0.009861256357280144,0.009861256357280144,nan,-0.0010212544275329805,0.07743516234363357,-0.00010711875496317128,-0.00010711875496317128,nan
9.915,33.15688484099883,ABORT,ABORT_SAFE_HOLD,ABORT_RETRACT_PROFILE,-0.008165338076651096,-0.004474019166082144,0.020681291818618774,0.001221097307279706,-0.0007531113806180656,0.013325505889952183,0.0,0.0,1.0,0.01249231406077372,0.01249231406077372,0.9793629673351212,0.01249231406077372,nan,-0.0017518189270049334,0.0076018692925572395,0.015492172911763191,0.0173454520789199,-0.021805678256939933,0.024818977929247154,-0.06333689501205998,0.0008977671968750656,-0.0019400024320930243,-0.0002952213690150527,-0.06333689501206,0.0062986366192747684,0.36088529497099336,1.8590888774932492,True,False,0.19399999999999906,1.0209370109987503,9,-0.014789516603110897,-0.04903884091115195,-0.008490879983836129,-0.008490879983836129,nan,0.025159487155432814,-0.0013236517861167857,0.024984095433963457,0.024984095433963457,nan,0.032447221999462705,0.005588654709448764,0.031418176860448045,0.031418176860448045,nan,0.024980623363020982,0.00047746677109495195,0.02501434437479162,0.02501434437479162,nan,0.009772334989135878,0.013761207604271786,0.00986115048284765,0.00986115048284765,nan,-0.0010212544275329805,0.07743516234363357,-0.00010711760489293882,-0.00010711760489293882,nan
9.953,33.247629982000944,ABORT,ABORT_SAFE_HOLD,ABORT_RETRACT_PROFILE,-0.00825725868344307,-0.004368761088699102,0.019911687821149826,0.001221097307279706,-0.0007531113806180656,0.013325505889952183,0.0,0.0,1.0,0.01209503813674232,0.01209503813674232,0.9801328318467873,0.01209503813674232,nan,-0.003476696088910103,0.008888162672519684,0.01450344081968069,0.017361930969733614,-0.02182882721163658,0.024755453913236757,-0.06298272050371415,-0.0001441616623196751,-0.006771886255592107,0.003800458041951061,-0.06298272050371415,0.008070456448209666,0.4624030932265545,1.8643941673548912,True,False,0.19399999999999906,1.0209370109987503,9,-0.016556992075166477,-0.04876765872864062,-0.008486535626956811,-0.008486535626956811,nan,0.025091388821640415,-0.001273379294372377,0.024971312327020632,0.024971312327020632,nan,0.03253981677532103,0.003490982258324298,0.031402101757156145,0.031402101757156145,nan,0.024679638225776124,-0.0026722602166524573,0.025001545790984864,0.025001545790984864,nan,0.009689743564602615,0.011613362703706366,0.009856105027368396,0.009856105027368396,nan,-0.0007036315984798591,0.05391325336973345,-0.00010706279819391605,-0.00010706279819391605,nan
9.992,33.32911606199923,ABORT,ABORT_SAFE_HOLD,ABORT_RETRACT_PROFILE,-0.008303233422338963,-0.0042361849918961525,0.019236432388424873,0.001221097307279706,-0.0007531113806180656,0.013325505889952183,0.0,0.0,1.0,0.011738131439845393,0.011738131439845393,0.9808078631937737,0.011738131439845393,nan,-0.00441020168364048,0.008387657813727856,0.013753176666796207,0.016701872676998915,-0.021939317080988927,0.024585674500008984,-0.06269221459639603,-0.0014058473752811551,-0.007856769487261772,0.0013035114388912925,-0.06269221459639603,0.009767815324391102,0.5596545931508192,1.8739557463166732,True,False,0.19399999999999906,1.0209370109987503,9,-0.01824788070927319,-0.04603974767236598,-0.008480065384882088,-0.008480065384882088,nan,0.02506658396192485,-0.002923359382102907,0.024952273882738834,0.024952273882738834,nan,0.03270669780989355,0.0025716868558872865,0.03137816039769511,0.03137816039769511,nan,0.024639710455653052,-0.0013337916233612775,0.024982484296327833,0.024982484296327833,nan,0.009788630261862608,-0.025451944049633846,0.009848590608264516,0.009848590608264516,nan,-0.0008946680682999641,0.06670229371405717,-0.00010698117216275776,-0.00010698117216275776,nan
9.994,33.404473865997716,ABORT,ABORT_SAFE_HOLD,ABORT_RETRACT_PROFILE,-0.008303233422338963,-0.0042361849918961525,0.019236432388424873,0.001221097307279706,-0.0007531113806180656,0.013325505889952183,0.0,0.0,1.0,0.011738131439845393,0.011738131439845393,0.9808078631937737,0.011738131439845393,nan,-0.00441020168364048,0.008387657813727856,0.013753176666796207,0.016701872676998915,-0.021939317080988927,0.024585674500008984,-0.06269221459639603,-0.0014058473752811551,-0.007856769487261772,0.0013035114388912925,-0.06269221459639603,0.009768208133282203,0.5596770994424346,1.8739557463166732,True,False,0.19399999999999906,1.0209370109987503,9,-0.01824788070927319,-0.04603974767236598,-0.008479672575990986,-0.008479672575990986,nan,0.02506658396192485,-0.002923359382102907,0.024951118057330714,0.024951118057330714,nan,0.03270669780989355,0.0025716868558872865,0.03137670691593156,0.03137670691593156,nan,0.024639710455653052,-0.0013337916233612775,0.024981327071529672,0.024981327071529672,nan,0.009788630261862608,-0.025451944049633846,0.009848134407306131,0.009848134407306131,nan,-0.0008946680682999641,0.06670229371405717,-0.00010697621664016463,-0.00010697621664016463,nan
10.01,33.484620342998824,ABORT,ABORT_SAFE_HOLD,ABORT_RETRACT_PROFILE,-0.008303788490593433,-0.004171066451817751,0.01926783286035061,0.001221097307279706,-0.0007531113806180656,0.013325505889952183,0.0,0.0,1.0,0.011735293611767436,0.011735293611767436,0.980776189740083,0.011735293611767436,nan,-0.004863062873482704,0.008877178654074669,0.014635139144957066,0.01779440864878795,-0.02191947037391241,0.024613289681365013,-0.06257798854713868,-0.0009250640287064016,-0.006177006755024195,-0.0006464353646151714,-0.0625779885471387,0.010598679148729067,0.6072595836354837,1.8774423481837659,True,False,0.19399999999999906,1.0209370109987503,9,-0.01907498030467103,-0.03625611083152945,-0.008476301155941963,-0.008476301155941963,nan,0.0250291674558909,0.0025597104250740686,0.024941197780467404,0.024941197780467404,nan,0.0327675504921805,0.007043587367026922,0.0313642318990225,0.0313642318990225,nan,0.02461307792278511,0.0022011399806543715,0.024971394783910614,0.024971394783910614,nan,0.009496727959879436,-0.7479422764230004,0.009844218902610787,0.009844218902610787,nan,-0.0009259320745282906,0.07670765289144826,-0.00010693368412982095,-0.00010693368412982095,nan
10.01,33.55912220800019,ABORT,ABORT_SAFE_HOLD,ABORT_RETRACT_PROFILE,-0.008303788490593433,-0.004171066451817751,0.01926783286035061,0.001221097307279706,-0.0007531113806180656,0.013325505889952183,0.0,0.0,1.0,0.011735293611767436,0.011735293611767436,0.980776189740083,0.011735293611767436,nan,-0.004863062873482704,0.008877178654074669,0.014635139144957066,0.01779440864878795,-0.02191947037391241,0.024613289681365013,-0.06257798854713868,-0.0009250640287064016,-0.006177006755024195,-0.0006464353646151714,-0.0625779885471387,0.010598679148729067,0.6072595836354837,1.8774423481837659,True,False,0.19399999999999906,1.0209370109987503,9,-0.01907498030467103,-0.03625611083152945,-0.008476301155941963,-0.008476301155941963,nan,0.0250291674558909,0.0025597104250740686,0.024941197780467404,0.024941197780467404,nan,0.0327675504921805,0.007043587367026922,0.0313642318990225,0.0313642318990225,nan,0.02461307792278511,0.0022011399806543715,0.024971394783910614,0.024971394783910614,nan,0.009496727959879436,-0.7479422764230004,0.009844218902610787,0.009844218902610787,nan,-0.0009259320745282906,0.07670765289144826,-0.00010693368412982095,-0.00010693368412982095,nan
10.037,33.63840784399872,ABORT,ABORT_SAFE_HOLD,ABORT_RETRACT_PROFILE,-0.008406206965446472,-0.003971233498305082,0.01929640769958496,0.001221097307279706,-0.0007531113806180656,0.013325505889952183,0.0,0.0,1.0,0.011776797779713893,0.011776797779713893,0.9807476591672206,0.011776797779713893,nan,-0.005267004948109388,0.0100894495844841,0.013686287216842175,0.01780035931724842,-0.021944959791259096,0.024519488937416407,-0.0624233139242828,8.30741337267682e-05,-0.006679571699351072,-0.0014453704934567204,-0.062423313924282804,0.012135336885275976,0.6953035864957475,1.885244393968497,True,False,0.19399999999999906,1.0209370109987503,9,-0.020604980960072794,-0.039312814857568594,-0.008469644074796818,-0.008469644074796818,nan,0.02496356974170766,-0.004185057980061906,0.024921609569238588,0.024921609569238588,nan,0.0329037218795154,0.0018648974103480129,0.03133959919273168,0.03133959919273168,nan,0.024600915624274577,-0.0006112164652470999,0.0249517828566884,0.0249517828566884,nan,0.00970692465860612,0.10139213067492249,0.009836487492076924,0.009836487492076924,nan,-0.0010061696792362795,0.07878953669835632,-0.00010684970101037947,-0.00010684970101037947,nan
10.074,33.71969854100098,ABORT,ABORT_SAFE_HOLD,ABORT_RETRACT_PROFILE,-0.008763633668422699,-0.0038600964471697807,0.0190582238137722,0.001221097307279706,-0.0007531113806180656,0.013325505889952183,0.0,0.0,1.0,0.011925278347066528,0.011925278347066528,0.9809885166947915,0.011925278347066528,nan,-0.006215979345142841,0.011095169931650162,0.013114758767187595,0.018268500008291874,-0.02199798106082103,0.024515881946862852,-0.06224369697967949,-0.0014050097670406103,-0.005041988100856543,0.0013173299375921494,-0.06224369697967949,0.012866513722104492,0.7371969333237471,1.8904700477317398,True,False,0.19399999999999906,1.0209370109987503,9,-0.0213249052153639,-0.03744340277282819,-0.008458391493259406,-0.008458391493259406,nan,0.024950138653024645,-0.003700583258190218,0.024888499270713068,0.024888499270713068,nan,0.03299492674325322,0.0028903682535234097,0.031297962095333996,0.031297962095333996,nan,0.024624566091652866,0.0011186079954307755,0.024918632470601432,0.024918632470601432,nan,0.009697599905876153,0.1588805041477822,0.009823418952647303,0.009823418952647303,nan,-0.0010198619184640378,0.0796491772524548,-0.00010670774286405721,-0.00010670774286405721,nan
10.107,33.79537092600003,ABORT,ABORT_SAFE_HOLD,ABORT_RETRACT_PROFILE,-0.009263475425541401,-0.003652493702247739,0.01825544238090515,0.001221097307279706,-0.0007531113806180656,0.013325505889952183,0.0,0.0,1.0,0.011943071507850239,0.011943071507850239,0.9817950545311973,0.011943071507850239,nan,-0.0062016574665904045,0.010524598881602287,0.011914771050214767,0.01706427572827445,-0.022065352627565253,0.024435119921238084,-0.061968571668992695,-0.0013130991719663143,-0.006589523050934076,0.002664084546267987,-0.06196857166899269,0.014189114462294594,0.8129763737175187,1.8932924818197083,True,False,0.19399999999999906,1.0209370109987503,9,-0.02263521845867622,-0.028867069920627052,-0.008446103996381626,-0.008446103996381626,nan,0.024920642144551586,0.0018032472910431818,0.024852343772670062,0.024852343772670062,nan,0.033044187511008793,0.005658841188285702,0.03125249557704458,0.03125249557704458,nan,0.024355458817336917,0.002684544667595829,0.024882433198089034,0.024882433198089034,nan,0.009902377052566358,0.14669396397905293,0.009809148481742053,0.009809148481742053,nan,-0.0006984467459156818,0.042993876474484646,-0.00010655272863253081,-0.00010655272863253081,nan
10.11,33.89929476399993,ABORT,ABORT_SAFE_HOLD,ABORT_RETRACT_PROFILE,-0.009263475425541401,-0.003652493702247739,0.01825544238090515,0.001221097307279706,-0.0007531113806180656,0.013325505889952183,0.0,0.0,1.0,0.011943071507850239,0.011943071507850239,0.9817950545311973,0.011943071507850239,nan,-0.0062016574665904045,0.010524598881602287,0.011914771050214767,0.01706427572827445,-0.022065352627565253,0.024435119921238084,-0.061968571668992695,-0.0013130991719663143,-0.006589523050934076,0.002664084546267987,-0.06196857166899269,0.014190342547162433,0.8130467377973297,1.8932924818197083,True,False,0.19399999999999906,1.0209370109987503,9,-0.02263521845867622,-0.028867069920627052,-0.008444875911513787,-0.008444875911513787,nan,0.024920642144551586,0.0018032472910431818,0.024848730179073464,0.024848730179073464,nan,0.033044187511008793,0.005658841188285702,0.031247951385199823,0.031247951385199823,nan,0.024355458817336917,0.002684544667595829,0.02487881522941393,0.02487881522941393,nan,0.009902377052566358,0.14669396397905293,0.009807722206761071,0.009807722206761071,nan,-0.0006984467459156818,0.042993876474484646,-0.00010653723559648526,-0.00010653723559648526,nan
10.141,33.98446009399777,ABORT,ABORT_SAFE_HOLD,ABORT_RETRACT_PROFILE,-0.009643799625337124,-0.003389371559023857,0.01725541241466999,0.001221097307279706,-0.0007531113806180656,0.013325505889952183,0.0,0.0,1.0,0.011850739149000552,0.011850739149000552,0.9827977488471569,0.011850739149000552,nan,-0.006360634230077267,0.011710522696375847,0.011448360979557037,0.01756869314290077,-0.022072071922283266,0.024306663868154717,-0.06166068128091054,-0.0006374589283950627,-0.007407339755445719,0.001661078189499677,-0.06166068128091053,0.015458261028281824,0.8856931155321086,1.8987632594768804,True,False,0.19399999999999906,1.0209370109987503,9,-0.023889314341916545,-0.027579174564214784,-0.008431053313634721,-0.008431053313634721,nan,0.024903211882576493,-0.0021535698161915563,0.024808057703992754,0.024808057703992754,nan,0.03313967059377099,0.0014311355287514097,0.031196804645914605,0.031196804645914605,nan,0.02431516781957388,-0.000688802079003953,0.024838093511033804,0.024838093511033804,nan,0.009822091939841293,0.06876366369243242,0.009791668898033491,0.009791668898033491,nan,-0.000830600510294488,0.05564155866390526,-0.0001063628551340335,-0.0001063628551340335,nan
10.167,34.06087182899864,ABORT,ABORT_SAFE_HOLD,ABORT_RETRACT_PROFILE,-0.009769671596586704,-0.003273371607065201,0.016872316598892212,0.001221097307279706,-0.0007531113806180656,0.013325505889952183,0.0,0.0,1.0,0.011820684367339308,0.011820684367339308,0.983181673605856,0.011820684367339308,nan,-0.00694145867601037,0.011214308440685272,0.011411409825086594,0.017440322145811052,-0.02213407091363145,0.024252044521219526,-0.06157471484617562,6.0689439123962075e-05,-0.0066784825176000595,0.0010981330415233978,-0.06157471484617562,0.01609658007729351,0.9222661030232826,1.9004336730799647,True,False,0.19399999999999906,1.0209370109987503,9,-0.024514390045860424,-0.02527708446381049,-0.008417809968566914,-0.008417809968566914,nan,0.0248737819576057,-0.006221489378135662,0.024769089658552366,0.024769089658552366,nan,0.03316882481101491,-0.003397559907082781,0.031147801273077348,0.031147801273077348,nan,0.024288076143543336,-0.006985049994807011,0.024799078285894484,0.024799078285894484,nan,0.009688225087591817,0.08024810379799963,0.00977628832277409,0.00977628832277409,nan,-0.0008613532605252772,0.06348327443941057,-0.00010619578229739762,-0.00010619578229739762,nan
10.167,34.14170135799941,ABORT,ABORT_SAFE_HOLD,ABORT_RETRACT_PROFILE,-0.009769671596586704,-0.003273371607065201,0.016872316598892212,0.001221097307279706,-0.0007531113806180656,0.013325505889952183,0.0,0.0,1.0,0.011820684367339308,0.011820684367339308,0.983181673605856,0.011820684367339308,nan,-0.00694145867601037,0.011214308440685272,0.011411409825086594,0.017440322145811052,-0.02213407091363145,0.024252044521219526,-0.06157471484617562,6.0689439123962075e-05,-0.0066784825176000595,0.0010981330415233978,-0.06157471484617562,0.01609658007729351,0.9222661030232826,1.9004336730799647,True,False,0.19399999999999906,1.0209370109987503,9,-0.024514390045860424,-0.02527708446381049,-0.008417809968566914,-0.008417809968566914,nan,0.0248737819576057,-0.006221489378135662,0.024769089658552366,0.024769089658552366,nan,0.03316882481101491,-0.003397559907082781,0.031147801273077348,0.031147801273077348,nan,0.024288076143543336,-0.006985049994807011,0.024799078285894484,0.024799078285894484,nan,0.009688225087591817,0.08024810379799963,0.00977628832277409,0.00977628832277409,nan,-0.0008613532605252772,0.06348327443941057,-0.00010619578229739762,-0.00010619578229739762,nan
10.193,34.220516225999745,ABORT,ABORT_SAFE_HOLD,ABORT_RETRACT_PROFILE,-0.010003533214330673,-0.002967208856716752,0.016151953488588333,0.001221097307279706,-0.0007531113806180656,0.013325505889952183,0.0,0.0,1.0,0.011784878616607382,0.011784878616607382,0.9839033761653074,0.011784878616607382,nan,-0.006128989160060883,0.012045399285852909,0.009032472968101501,0.01625551352616256,-0.02210365032084722,0.02419651414456001,-0.06131164276615903,0.0002211875980719924,-0.00583393219858408,0.0009896596893668181,-0.061311642766159025,0.01670794324540372,0.9572946323057447,1.9027668436934044,True,False,0.19399999999999906,1.0209370109987503,9,-0.02511093513021656,-0.02427610787703644,-0.008402991884812841,-0.008402991884812841,nan,0.02485289203838814,0.0037851305689697995,0.024725488003675015,0.024725488003675015,nan,0.03320954632023021,0.00638155940310301,0.031092971010842494,0.031092971010842494,nan,0.02427998930404307,0.0033407098576880654,0.02475542384127808,0.02475542384127808,nan,0.009454153906060192,-0.6605316523441134,0.009759078875220418,0.009759078875220418,nan,-0.0008749090244526414,0.06823395988229244,-0.00010600884317638061,-0.00010600884317638061,nan
10.218,34.29428234199804,ABORT,ABORT_SAFE_HOLD,ABORT_RETRACT_PROFILE,-0.01009566243737936,-0.00275609502568841,0.015696953982114792,0.001221097307279706,-0.0007531113806180656,0.013325505889952183,0.0,0.0,1.0,0.011734767175132913,0.011734767175132913,0.9843586769363731,0.011734767175132913,nan,-0.006799026392400265,0.01281226146966219,0.009149674326181412,0.017149266576933515,-0.022076535515834723,0.024184998372100888,-0.06124007212114182,0.0006534447311423719,-0.006245987024158239,4.287919728085475e-05,-0.06124007212114181,0.01785405233468386,1.0229618459830792,1.907303121315445,True,False,0.19399999999999906,1.0209370109987503,9,-0.02624125458418014,-0.030289466545405618,-0.008387202249496283,-0.008387202249496283,nan,0.024801562195759352,0.0034319631609007347,0.024679027594816647,0.024679027594816647,nan,0.033288719300519354,0.0061676424192600695,0.03103454578802908,0.03103454578802908,nan,0.02427272853669482,0.003963558358878634,0.024708907181507523,0.024708907181507523,nan,0.009509863555785536,-0.6985584755632698,0.009740741085707166,0.009740741085707166,nan,-0.0009365821064104551,0.07475264299006189,-0.00010580964734267875,-0.00010580964734267875,nan
10.218,34.37150502100121,ABORT,ABORT_SAFE_HOLD,ABORT_RETRACT_PROFILE,-0.01009566243737936,-0.00275609502568841,0.015696953982114792,0.001221097307279706,-0.0007531113806180656,0.013325505889952183,0.0,0.0,1.0,0.011734767175132913,0.011734767175132913,0.9843586769363731,0.011734767175132913,nan,-0.006799026392400265,0.01281226146966219,0.009149674326181412,0.017149266576933515,-0.022076535515834723,0.024184998372100888,-0.06124007212114182,0.0006534447311423719,-0.006245987024158239,4.287919728085475e-05,-0.06124007212114181,0.01785405233468386,1.0229618459830792,1.907303121315445,True,False,0.19399999999999906,1.0209370109987503,9,-0.02624125458418014,-0.030289466545405618,-0.008387202249496283,-0.008387202249496283,nan,0.024801562195759352,0.0034319631609007347,0.024679027594816647,0.024679027594816647,nan,0.033288719300519354,0.0061676424192600695,0.03103454578802908,0.03103454578802908,nan,0.02427272853669482,0.003963558358878634,0.024708907181507523,0.024708907181507523,nan,0.009509863555785536,-0.6985584755632698,0.009740741085707166,0.009740741085707166,nan,-0.0009365821064104551,0.07475264299006189,-0.00010580964734267875,-0.00010580964734267875,nan
10.247,34.44989142299892,ABORT,ABORT_SAFE_HOLD,ABORT_RETRACT_PROFILE,-0.010165526531636715,-0.0026788117829710245,0.015289835631847382,0.001221097307279706,-0.0007531113806180656,0.013325505889952183,0.0,0.0,1.0,0.011714184385756275,0.011714184385756275,0.9847662777391335,0.011714184385756275,nan,-0.00686625437811017,0.013072682544589043,0.008246280252933502,0.016912764886512232,-0.02204618338258739,0.024065784479334697,-0.06112404708554551,0.0014125244924798608,-0.0070420210249722,-0.0002202781470259643,-0.06112404708554551,0.018396480080647565,1.0540406665175939,1.9100121859145454,True,False,0.19399999999999906,1.0209370109987503,9,-0.026763406221562036,-0.028532099972844473,-0.008366926140914473,-0.008366926140914473,nan,0.024782603066626052,0.0034397290983513087,0.02461936590688775,0.02461936590688775,nan,0.033336001397422876,0.00593913987175986,0.030959519599144336,0.030959519599144336,nan,0.02428392152359482,0.0034671076120503293,0.024649173259509848,0.024649173259509848,nan,0.009518095403016957,-0.7268536635662052,0.009717192789380704,0.009717192789380704,nan,-0.0009531372249194092,0.07608996665395505,-0.00010555385192548202,-0.00010555385192548202,nan
10.247,34.52492955499838,ABORT,ABORT_SAFE_HOLD,ABORT_RETRACT_PROFILE,-0.010165526531636715,-0.0026788117829710245,0.015289835631847382,0.001221097307279706,-0.0007531113806180656,0.013325505889952183,0.0,0.0,1.0,0.011714184385756275,0.011714184385756275,0.9847662777391335,0.011714184385756275,nan,-0.00686625437811017,0.013072682544589043,0.008246280252933502,0.016912764886512232,-0.02204618338258739,0.024065784479334697,-0.06112404708554551,0.0014125244924798608,-0.0070420210249722,-0.0002202781470259643,-0.06112404708554551,0.018396480080647565,1.0540406665175939,1.9100121859145454,True,False,0.19399999999999906,1.0209370109987503,9,-0.026763406221562036,-0.028532099972844473,-0.008366926140914473,-0.008366926140914473,nan,0.024782603066626052,0.0034397290983513087,0.02461936590688775,0.02461936590688775,nan,0.033336001397422876,0.00593913987175986,0.030959519599144336,0.030959519599144336,nan,0.02428392152359482,0.0034671076120503293,0.024649173259509848,0.024649173259509848,nan,0.009518095403016957,-0.7268536635662052,0.009717192789380704,0.009717192789380704,nan,-0.0009531372249194092,0.07608996665395505,-0.00010555385192548202,-0.00010555385192548202,nan
10.268,34.60309427299944,ABORT,ABORT_SAFE_HOLD,ABORT_RETRACT_PROFILE,-0.010286015458405018,-0.002651192946359515,0.01438872143626213,0.001221097307279706,-0.0007531113806180656,0.013325505889952183,0.0,0.0,1.0,0.011710968582073262,0.011710968582073262,0.9856685159677646,0.011710968582073262,nan,-0.007916390895843506,0.013799544423818588,0.006371969357132912,0.01713763882829188,-0.02203769539769039,0.024092846518741325,-0.06100937724216614,0.0013897421304136515,-0.005305086262524128,0.0003009896609000868,-0.06100937724216614,0.01890842232945898,1.0833727967289242,1.9126320703647175,True,False,0.19399999999999906,1.0209370109987503,9,-0.027259312540746095,-0.018599065501402792,-0.008350890211287116,-0.008350890211287116,nan,0.024759651890099654,-0.0033563693451336,0.024572180786270697,0.024572180786270697,nan,0.03338172700710018,0.0008726749159397576,0.030900183031660977,0.030900183031660977,nan,0.024296934404538284,3.3125818889483735e-05,0.02460193101055188,0.02460193101055188,nan,0.009652415900857747,0.21982481964549674,0.009698568958224364,0.009698568958224364,nan,-0.0009820953183377057,0.07206870686359323,-0.00010535154893955074,-0.00010535154893955074,nan
10.299,34.681610365998495,ABORT,ABORT_SAFE_HOLD,ABORT_RETRACT_PROFILE,-0.01046867948025465,-0.0025193835608661175,0.012816417030990124,0.001221097307279706,-0.0007531113806180656,0.013325505889952183,0.0,0.0,1.0,0.011833417520877666,0.011833417520877666,0.9872423041113662,0.011833417520877666,nan,-0.009326377883553505,0.01509284507483244,0.004635599907487631,0.018337504829775208,-0.021963257934981585,0.024086701707871833,-0.06076589587012632,0.001958695240318775,-0.004774556029587984,0.0011269944952800876,-0.06076589587012631,0.019871514270254978,1.1385539002195981,1.9195279002184162,True,False,0.19399999999999906,1.0209370109987503,9,-0.028196595465429297,-0.024060206829996794,-0.008325081195174317,-0.008325081195174317,nan,0.0247432288623175,-0.0023118951713556185,0.02449623872574854,0.02449623872574854,nan,0.03350208194270454,0.0025309597424481986,0.03080468383318335,0.03080468383318335,nan,0.02435997274225521,0.0031069243715375412,0.024525897004859996,0.024525897004859996,nan,0.009621120384977644,0.26288618086882676,0.00966859484574285,0.00966859484574285,nan,-0.0009877831941809134,0.07269147449524246,-0.00010502595253541958,-0.00010502595253541958,nan
10.301,34.758932140997786,ABORT,ABORT_SAFE_HOLD,ABORT_RETRACT_PROFILE,-0.01046867948025465,-0.0025193835608661175,0.012816417030990124,0.001221097307279706,-0.0007531113806180656,0.013325505889952183,0.0,0.0,1.0,0.011833417520877666,0.011833417520877666,0.9872423041113662,0.011833417520877666,nan,-0.009326377883553505,0.01509284507483244,0.004635599907487631,0.018337504829775208,-0.021963257934981585,0.024086701707871833,-0.06076589587012632,0.00034606532426550984,-0.005194926634430885,0.0019868644885718827,-0.06076589587012631,0.0198732683717925,1.1386544028345356,1.9195279002184162,True,False,0.19399999999999906,1.0209370109987503,9,-0.028196595465429297,-0.024060206829996794,-0.008323327093636796,-0.008323327093636796,nan,0.0247432288623175,-0.0023118951713556185,0.024491077347858648,0.024491077347858648,nan,0.03350208194270454,0.0025309597424481986,0.030798193260658246,0.030798193260658246,nan,0.02435997274225521,0.0031069243715375412,0.024520729377946006,0.024520729377946006,nan,0.009621120384977644,0.26288618086882676,0.009666557664760829,0.009666557664760829,nan,-0.0009877831941809134,0.07269147449524246,-0.00010500382347979802,-0.00010500382347979802,nan
10.322,34.83454393300053,ABORT,ABORT_SAFE_HOLD,ABORT_RETRACT_PROFILE,-0.010528042912483215,-0.002444201149046421,0.012174048461019993,0.001221097307279706,-0.0007531113806180656,0.013325505889952183,0.0,0.0,1.0,0.011925935381309798,0.011925935381309798,0.987885076484464,0.011925935381309798,nan,-0.008971387520432472,0.014910537749528885,0.0036144168116152287,0.01777284273575795,-0.021999892063872522,0.024019111861118242,-0.060581797693943874,0.0007177888764999807,-0.006577452644705772,0.001429536729119719,-0.06058179769394388,0.020272370472162335,1.1615212687805336,1.913480831215018,True,False,0.19399999999999906,1.0209370109987503,9,-0.02857661780779086,-0.01685413293723041,-0.008304247335628527,-0.008304247335628527,nan,0.02467308744646335,-0.0007293361652247737,0.024434935876557325,0.024434935876557325,nan,0.03339654067849995,-0.0027724853123460742,0.030727593839550014,0.030727593839550014,nan,0.02405932430761748,-0.012489164187590005,0.024464519934600314,0.024464519934600314,nan,0.00955060149719511,0.09888250104457198,0.009644398787794715,0.009644398787794715,nan,-0.0006407742799749983,0.047237487333192635,-0.00010476312075126184,-0.00010476312075126184,nan
10.334,34.91184010999859,ABORT,ABORT_SAFE_HOLD,ABORT_RETRACT_PROFILE,-0.010528042912483215,-0.002444201149046421,0.012174048461019993,0.001221097307279706,-0.0007531113806180656,0.013325505889952183,0.0,0.0,1.0,0.011925935381309798,0.011925935381309798,0.987885076484464,0.011925935381309798,nan,-0.008971387520432472,0.014910537749528885,0.0036144168116152287,0.01777284273575795,-0.021999892063872522,0.024019111861118242,-0.060581797693943874,0.0007177888764999807,-0.006577452644705772,0.001429536729119719,-0.06058179769394388,0.020283820863615368,1.162177327884565,1.913480831215018,True,False,0.19399999999999906,1.0209370109987503,9,-0.02857661780779086,-0.01685413293723041,-0.008292796944175493,-0.008292796944175493,nan,0.02467308744646335,-0.0007293361652247737,0.02440124352978485,0.02440124352978485,nan,0.03339654067849995,-0.0027724853123460742,0.030685224800713326,0.030685224800713326,nan,0.02405932430761748,-0.012489164187590005,0.024430786795564353,0.024430786795564353,nan,0.00955060149719511,0.09888250104457198,0.009631100515599038,0.009631100515599038,nan,-0.0006407742799749983,0.047237487333192635,-0.00010461866711278496,-0.00010461866711278496,nan
10.34,34.9892777770001,ABORT,ABORT_SAFE_HOLD,ABORT_RETRACT_PROFILE,-0.01060447096824646,-0.002319167135283351,0.011493271216750145,0.001221097307279706,-0.0007531113806180656,0.013325505889952183,0.0,0.0,1.0,0.012068706623476061,0.012068706623476061,0.9885663286752585,0.012068706623476061,nan,-0.0097744669765234,0.014984013512730598,0.002415264258161187,0.01805254461458524,-0.021942010419711746,0.02397249766218803,-0.06054766120211268,0.0010830226819962263,-0.006262532435357571,-0.0003872230881825082,-0.06054766120211268,0.02067180711991435,1.1844073028795779,1.921246817199123,True,False,0.19399999999999906,1.0209370109987503,9,-0.028958727994541356,-0.017927242675234174,-0.008286920874627008,-0.008286920874627008,nan,0.024784807086830618,0.024602146404423035,0.024383953415844317,0.024383953415844317,nan,0.03353208270358632,0.027172304169882866,0.030663482014021012,0.030663482014021012,nan,0.024147173675205025,0.02783061791499636,0.024413475748000873,0.024413475748000873,nan,0.009303632979596799,-0.37177665855074093,0.00962427615744351,0.00962427615744351,nan,-0.000526275126120801,-0.004038784102599169,-0.0001045445369287032,-0.0001045445369287032,nan
10.374,35.06644786299876,ABORT,ABORT_SAFE_HOLD,ABORT_RETRACT_PROFILE,-0.010640221647918224,-0.002227048622444272,0.010936800390481949,0.001221097307279706,-0.0007531113806180656,0.013325505889952183,0.0,0.0,1.0,0.012188900373412661,0.012188900373412661,0.9891229382054088,0.012188900373412661,nan,-0.009254654869437218,0.014609425328671932,0.0019138342468068004,0.017399618004734746,-0.021930018189005005,0.02398170597648569,-0.06047567073170124,0.00109687983058393,-0.00588225107640028,0.00010945253598038179,-0.06047567073170124,0.021057029389070624,1.206478913076685,1.9224500583574797,True,False,0.19399999999999906,1.0209370109987503,9,-0.029308729142857537,-0.020899879372109836,-0.008251699753786913,-0.008251699753786913,nan,0.024808300160425567,0.0048918483860461,0.02428031659068187,0.02428031659068187,nan,0.03355308322349515,0.005598313347509161,0.03053315589872037,0.03053315589872037,nan,0.024112008703075283,0.004474622435047322,0.0243097134468451,0.0243097134468451,nan,0.009246197311552962,-0.5068215693501119,0.009583371001153475,0.009583371001153475,nan,-0.0005380748587766604,0.03437375776758986,-0.00010410020111036421,-0.00010410020111036421,nan
10.411,35.14535692899881,ABORT,ABORT_SAFE_HOLD,ABORT_RETRACT_PROFILE,-0.010656595230102539,-0.0019559224601835012,0.009469529613852501,0.001221097307279706,-0.0007531113806180656,0.013325505889952183,0.0,0.0,1.0,0.012545711918721664,0.012545711918721664,0.9905897240623744,0.012545711918721664,nan,-0.008420497179031372,0.015632878988981247,0.00035363357164897025,0.01775997564551269,-0.021905360654505317,0.023917239887467676,-0.06032181092314449,0.0008926845621317625,-0.006490430328994989,-0.0004938079509884111,-0.06032181092314449,0.021850434719612816,1.2519376899599346,1.92510916934378,True,False,0.19399999999999906,1.0209370109987503,9,-0.030060029403899513,-0.01897925677170899,-0.008209594684286697,-0.008209594684286697,nan,0.02487469034364853,-0.005099252832761188,0.024156424005148967,0.024156424005148967,nan,0.033599493465382047,-0.009890723480339394,0.030377357615998496,0.030377357615998496,nan,0.024052371540271622,-0.01769950459277595,0.024185670861105117,0.024185670861105117,nan,0.009463087655974256,0.026040244676636508,0.009534470954606735,0.009534470954606735,nan,-0.0004726384219502222,0.030605940706132123,-0.00010356902010117556,-0.00010356902010117556,nan
10.434,35.22373783099829,ABORT,ABORT_SAFE_HOLD,ABORT_RETRACT_PROFILE,-0.010622520931065083,-0.0017639651196077466,0.008620006963610649,0.001221097307279706,-0.0007531113806180656,0.013325505889952183,0.0,0.0,1.0,0.012784163578548424,0.012784163578548424,0.9914384701617672,0.012784163578548424,nan,-0.008243692107498646,0.015888983383774757,-0.0005522458232007921,0.017908747247709664,-0.02186255745597187,0.023880779396789033,-0.06023872346049303,0.0010366130154579878,-0.007311495486646891,0.0005974646192044028,-0.06023872346049303,0.02223930286161191,1.2742181932835768,1.925898082536255,True,False,0.19399999999999906,1.0209370109987503,9,-0.030420705800797698,-0.02023734732719462,-0.008181402939185789,-0.008181402939185789,nan,0.024902781516743744,0.004932345097960747,0.02407347085407489,0.02407347085407489,nan,0.033613262598103155,0.004808121440917386,0.0302730417812121,0.0302730417812121,nan,0.024018895983536126,0.0037639611683664698,0.02410261727633853,0.02410261727633853,nan,0.00919097532143276,-0.46181406222221383,0.009501729584884945,0.009501729584884945,nan,-0.00044501713481714944,0.02309913327463945,-0.00010321336412456182,-0.00010321336412456182,nan
10.434,35.2993354249993,ABORT,ABORT_SAFE_HOLD,ABORT_RETRACT_PROFILE,-0.010622520931065083,-0.0017639651196077466,0.008620006963610649,0.001221097307279706,-0.0007531113806180656,0.013325505889952183,0.0,0.0,1.0,0.012784163578548424,0.012784163578548424,0.9914384701617672,0.012784163578548424,nan,-0.008243692107498646,0.015888983383774757,-0.0005522458232007921,0.017908747247709664,-0.02186255745597187,0.023880779396789033,-0.06023872346049303,0.0010366130154579878,-0.007311495486646891,0.0005974646192044028,-0.06023872346049303,0.02223930286161191,1.2742181932835768,1.925898082536255,True,False,0.19399999999999906,1.0209370109987503,9,-0.030420705800797698,-0.02023734732719462,-0.008181402939185789,-0.008181402939185789,nan,0.024902781516743744,0.004932345097960747,0.02407347085407489,0.02407347085407489,nan,0.033613262598103155,0.004808121440917386,0.0302730417812121,0.0302730417812121,nan,0.024018895983536126,0.0037639611683664698,0.02410261727633853,0.02410261727633853,nan,0.00919097532143276,-0.46181406222221383,0.009501729584884945,0.009501729584884945,nan,-0.00044501713481714944,0.02309913327463945,-0.00010321336412456182,-0.00010321336412456182,nan
10.464,35.379226422999636,ABORT,ABORT_SAFE_HOLD,ABORT_RETRACT_PROFILE,-0.010573419742286205,-0.001621725270524621,0.007342074532061815,0.001221097307279706,-0.0007531113806180656,0.013325505889952183,0.0,0.0,1.0,0.013253926713877111,0.013253926713877111,0.99271556056718,0.013253926713877111,nan,-0.008393128402531147,0.015477779321372509,-0.0012988935923203826,0.017654840176751882,-0.021873218500604273,0.023812294495684554,-0.06001204139422898,0.006723744794726372,-0.00736805098131299,0.003239124547690154,-0.06001204139422898,0.022942252516747634,1.3144942417330305,1.9264265968784098,True,False,0.19399999999999906,1.0209370109987503,9,-0.03108452592455091,-0.018219779704987976,-0.008142273407803274,-0.008142273407803274,nan,0.02495789079677646,-0.004544362660338313,0.023958333677691745,0.023958333677691745,nan,0.03362248691351777,-0.004766434995028488,0.030128253662691677,0.030128253662691677,nan,0.023932334873395078,-0.005487067577995542,0.02398734070016624,0.02398734070016624,nan,0.009062804122769386,-0.4683165329480063,0.00945628527310326,0.00945628527310326,nan,-0.0004287248281791278,0.014358898376734708,-0.00010271972133485599,-0.00010271972133485599,nan
10.492,35.45448394399864,ABORT,ABORT_SAFE_HOLD,ABORT_RETRACT_PROFILE,-0.010563353076577187,-0.001564091071486473,0.006841238588094711,0.001221097307279706,-0.0007531113806180656,0.013325505889952183,0.0,0.0,1.0,0.013475039196622912,0.013475039196622912,0.9932161679001859,0.013475039196622912,nan,-0.009613682515919209,0.016430282965302467,-0.0017287647351622581,0.019114542038624407,-0.02176269795357322,0.023762071119892758,-0.059876192414052426,-0.00011896952491952106,-0.006871856749057769,0.005306226201355458,-0.059876192414052426,0.02328990924738171,1.3344135051176795,1.9266645644571836,True,False,0.19399999999999906,1.0209370109987503,9,-0.031393229133301226,-0.017845031445534176,-0.008103319885919514,-0.008103319885919514,nan,0.024987561181549545,-0.004751131923385169,0.02384371440264775,0.02384371440264775,nan,0.03362664023128037,-0.004407766661599115,0.02998411681913587,0.02998411681913587,nan,0.023892258640231923,-0.004364509316863614,0.02387258265237069,0.02387258265237069,nan,0.009524013788971608,0.0833068417184938,0.009411045375487948,0.009411045375487948,nan,-0.00042614478447955406,0.0070692789558020105,-0.00010222829901181334,-0.00010222829901181334,nan
10.509,35.53062320499885,ABORT,ABORT_SAFE_HOLD,ABORT_RETRACT_PROFILE,-0.010569081641733646,-0.0014500031247735023,0.006249254569411278,0.001221097307279706,-0.0007531113806180656,0.013325505889952183,0.0,0.0,1.0,0.013768344508483455,0.013768344508483455,0.9938080056226465,0.013768344508483455,nan,-0.01111526694148779,0.016759779304265976,-0.002447065431624651,0.02025901011241383,-0.021751775034824866,0.023745219198607337,-0.059733919940817504,-0.0034401030279695988,-0.0020004417747259136,0.004066519904881716,-0.059733919940817504,0.02359577801263099,1.351938494451341,1.9267270420410212,True,False,0.19399999999999906,1.0209370109987503,9,-0.03167429275295408,-0.011034455341798963,-0.00807851474032309,-0.00807851474032309,nan,0.02501680296908848,-0.0027467814241695226,0.02377072619341453,0.02377072619341453,nan,0.03362773067082703,-0.0025081345058303823,0.029892332168677826,0.029892332168677826,nan,0.023849704795604332,-0.002874446241542374,0.023799506074277842,0.023799506074277842,nan,0.009508696876118883,0.11401231943107036,0.00938223713959945,0.00938223713959945,nan,-0.0004088737825087563,0.004142798916674656,-0.0001019153670435877,-0.0001019153670435877,nan
10.513,35.61731863900059,ABORT,ABORT_SAFE_HOLD,ABORT_RETRACT_PROFILE,-0.010569081641733646,-0.0014500031247735023,0.006249254569411278,0.001221097307279706,-0.0007531113806180656,0.013325505889952183,0.0,0.0,1.0,0.013768344508483455,0.013768344508483455,0.9938080056226465,0.013768344508483455,nan,-0.01111526694148779,0.016759779304265976,-0.002447065431624651,0.02025901011241383,-0.021751775034824866,0.023745219198607337,-0.059733919940817504,-0.0034401030279695988,-0.0020004417747259136,0.004066519904881716,-0.059733919940817504,0.02360174185233343,1.3522801972959833,1.9267270420410212,True,False,0.19399999999999906,1.0209370109987503,9,-0.03167429275295408,-0.011034455341798963,-0.00807255090062065,-0.00807255090062065,nan,0.02501680296908848,-0.0027467814241695226,0.02375317781909264,0.02375317781909264,nan,0.03362773067082703,-0.0025081345058303823,0.029870264612559344,0.029870264612559344,nan,0.023849704795604332,-0.002874446241542374,0.02378193645364996,0.02378193645364996,nan,0.009508696876118883,0.11401231943107036,0.009375310846815511,0.009375310846815511,nan,-0.0004088737825087563,0.004142798916674656,-0.000101840129585738,-0.000101840129585738,nan
10.55,35.69548406099784,ABORT,ABORT_SAFE_HOLD,ABORT_RETRACT_PROFILE,-0.010571898892521858,-0.0012129705864936113,0.0052671586163342,0.001221097307279706,-0.0007531113806180656,0.013325505889952183,0.0,0.0,1.0,0.014290667956396894,0.014290667956396894,0.9947897577232381,0.014290667956396894,nan,-0.011484458111226559,0.016475511714816093,-0.004398680292069912,0.020559271696375923,-0.02174859361314081,0.02376526569254771,-0.059521650796223353,-0.0005616444977931678,-0.01076540257781744,0.006112247239798309,-0.059521650796223353,0.02419680516074174,1.3863748134108713,1.9275134156361022,True,False,0.19399999999999906,1.0209370109987503,9,-0.032211881877871384,-0.00783357185920596,-0.008015076717129642,-0.008015076717129642,nan,0.0250941681782475,0.016815544109901277,0.023584062192907596,0.023584062192907596,nan,0.033641455479211935,0.017098489456720416,0.02965759713106533,0.02965759713106533,nan,0.023781489448322368,0.01809499365927235,0.023612616074461825,0.023612616074461825,nan,0.009155336242953283,-0.2842416168892898,0.009308561396421375,0.009308561396421375,nan,-0.00029938371125837193,-0.005363216692945077,-0.00010111505787462512,-0.00010111505787462512,nan
10.584,35.77061998999852,ABORT,ABORT_SAFE_HOLD,ABORT_RETRACT_PROFILE,-0.01055931020528078,-0.0009371351334266365,0.004250242840498686,0.001221097307279706,-0.0007531113806180656,0.013325505889952183,0.0,0.0,1.0,0.01487186152841551,0.01487186152841551,0.9958061840225112,0.01487186152841551,nan,-0.012643242254853249,0.01665639691054821,-0.005935343913733959,0.021737420273135574,-0.021860634829878465,0.023751302214807167,-0.05932389851794734,0.006185739301145077,-0.005543208215385675,0.002997971139848233,-0.05932389851794734,0.024741724245927414,1.4175963771681401,1.9259794514072568,True,True,0.19399999999999906,1.0209370109987503,9,-0.03270029951810205,-0.012012803959759778,-0.007958575272174636,-0.007958575272174636,nan,0.025141309836992143,-0.00555544007974932,0.02341780881332857,0.02341780881332857,nan,0.033614682752810765,-0.01072042242675903,0.029448529002220433,0.029448529002220433,nan,0.02367398709429569,-0.017416896929372348,0.023446161407281466,0.023446161407281466,nan,0.009229136618524869,0.037668091963620094,0.00924294166651584,0.00924294166651584,nan,-0.0003236257175416313,0.007961081754007001,-0.00010040225785058852,-0.00010040225785058852,nan
10.618,35.84532454899818,ABORT,ABORT_SAFE_HOLD,ABORT_RETRACT_PROFILE,-0.010569236241281033,-0.0005865150014869869,0.0036849351599812508,0.001221097307279706,-0.0007531113806180656,0.013325505889952183,0.0,0.0,1.0,0.015230900286569692,0.015230900286569692,0.9963712968475866,0.015230900286569692,nan,-0.01417843159288168,0.017424698919057846,-0.006985724903643131,0.023525484209325445,-0.021805993072743918,0.023830596768267293,-0.059172476368115116,-0.0008030596654862165,-0.0014355616876855493,-0.0003304761194158344,-0.059172476368115116,0.02522542540355488,1.445310412045786,1.9243222874560115,True,True,0.19399999999999906,1.0209370109987503,9,-0.03312395744843588,-0.012831329336172937,-0.007898532044881,-0.007898532044881,nan,0.0251797063925423,-0.006360302430807968,0.02324113387224789,0.02324113387224789,nan,0.033585759785616176,-0.007323975256799391,0.0292263554774533,0.0292263554774533,nan,0.023585660613432147,-0.007857067615308438,0.02326927256092442,0.02326927256092442,nan,0.009251416926378653,0.09427244503859539,0.009173208576312524,0.009173208576312524,nan,-0.0003125664534984196,0.0053380886503135595,-9.964477609251626e-05,-9.964477609251626e-05,nan
10.649000000000001,35.936431980000634,ABORT,ABORT_SAFE_HOLD,ABORT_RETRACT_PROFILE,-0.010585445910692215,-0.0005247649387456477,0.0034960503689944744,0.001221097307279706,-0.0007531113806180656,0.013325505889952183,0.0,0.0,1.0,0.015364400433919982,0.015364400433919982,0.9965603085983119,0.015364400433919982,nan,-0.013691782020032406,0.017838016152381897,-0.007307243067771196,0.02364435485244227,-0.02180527929074751,0.023753954215630885,-0.05903007983810792,0.0006545931100845337,-0.005530969705432653,0.003477345686405898,-0.059030079838107916,0.025475058172456932,1.4596133161320384,1.9240002555524518,True,True,0.19399999999999906,1.0209370109987503,9,-0.033315757619981845,-0.012162112472792558,-0.00784069944752491,-0.00784069944752491,nan,0.02520768536182505,-0.0037802111997266817,0.023070963626726913,0.023070963626726913,nan,0.03358013926860259,-0.0033699956569597815,0.029012361783573318,0.029012361783573318,nan,0.02355478250249199,-0.0014397027916808799,0.023098896285543326,0.023098896285543326,nan,0.009312761699588279,0.15645411044153335,0.009106042870705097,0.009106042870705097,nan,-0.00033666871580528834,-0.004683041896884102,-9.891518277294103e-05,-9.891518277294103e-05,nan
10.656,36.011640704000456,ABORT,ABORT_SAFE_HOLD,ABORT_RETRACT_PROFILE,-0.010585445910692215,-0.0005247649387456477,0.0034960503689944744,0.001221097307279706,-0.0007531113806180656,0.013325505889952183,0.0,0.0,1.0,0.015364400433919982,0.015364400433919982,0.9965603085983119,0.015364400433919982,nan,-0.013691782020032406,0.017838016152381897,-0.007307243067771196,0.02364435485244227,-0.02180527929074751,0.023753954215630885,-0.05903007983810792,0.0006545931100845337,-0.005530969705432653,0.003477345686405898,-0.059030079838107916,0.02567360600970127,1.4709892692375892,1.9231762840852829,True,True,0.19399999999999906,1.0209370109987503,9,-0.033500839460228526,-0.011468497135748197,-0.007827233450527259,-0.007827233450527259,nan,0.025227493095976605,-0.005354438950047072,0.02303134043634579,0.02303134043634579,nan,0.03356575825355801,-0.006260799682622156,0.028962534548224343,0.028962534548224343,nan,0.02351535423906448,-0.006380720901422086,0.023059225122261023,0.023059225122261023,nan,0.009182510132525579,0.11818247541058274,0.009090403711625212,0.009090403711625212,nan,-0.00029972025334945585,0.0034366285925716868,-9.87453010470622e-05,-9.87453010470622e-05,nan
10.671,36.086655841998436,ABORT,ABORT_SAFE_HOLD,ABORT_RETRACT_PROFILE,-0.010634416714310646,-0.0005539952544495463,0.003156303195282817,0.001221097307279706,-0.0007531113806180656,0.013325505889952183,0.0,0.0,1.0,0.015620676790494593,0.015620676790494593,0.9969005735723551,0.015620676790494593,nan,-0.014935800805687904,0.0174019206315279,-0.008276749402284622,0.024380516156172795,-0.0218017245579882,0.023750949565425703,-0.05895460389056272,-0.0018842146964743733,-0.003011031541973352,0.004779144190251827,-0.05895460389056272,0.025702965761680876,1.4726714591135714,1.9231762840852829,True,True,0.19399999999999906,1.0209370109987503,9,-0.033500839460228526,-0.011468497135748197,-0.007797873698547651,-0.007797873698547651,nan,0.025227493095976605,-0.005354438950047072,0.02294495046890161,0.02294495046890161,nan,0.03356575825355801,-0.006260799682622156,0.02885389682374464,0.02885389682374464,nan,0.02351535423906448,-0.006380720901422086,0.022972730560074952,0.022972730560074952,nan,0.009182510132525579,0.11818247541058274,0.009056305840384403,0.009056305840384403,nan,-0.00029972025334945585,0.0034366285925716868,-9.837490995470271e-05,-9.837490995470271e-05,nan
10.686,36.16002379400015,ABORT,ABORT_SAFE_HOLD,ABORT_RETRACT_PROFILE,-0.010677109472453594,-0.0005776016041636467,0.0029043874237686396,0.001221097307279706,-0.0007531113806180656,0.013325505889952183,0.0,0.0,1.0,0.01581764326128119,0.01581764326128119,0.9971529445922878,0.01581764326128119,nan,-0.01577453874051571,0.015707876533269882,-0.008099108934402466,0.02368900637831396,-0.021834461410819073,0.023769154494854006,-0.05886656838624313,3.9104779716581106e-05,-0.009524825029075146,0.0017886897549033176,-0.05886656838624312,0.02588907613128759,1.483334797815656,1.9283985461647566,True,True,0.19399999999999906,1.0209370109987503,9,-0.03365690392124687,-0.0021054654981166685,-0.007767827789959284,-0.007767827789959284,nan,0.02526122737824643,0.006337219271902363,0.02285654151140829,0.02285654151140829,nan,0.03356510989655348,0.001718458800992995,0.028742720164581022,0.028742720164581022,nan,0.02349513965182659,-0.002898738036172228,0.0228842145633922,0.0228842145633922,nan,0.008745734925283521,-0.37627517059504956,0.009021411079588374,0.009021411079588374,nan,-0.00024005046945507758,0.0037629201176297596,-9.799586258023212e-05,-9.799586258023212e-05,nan
10.688,36.233791618000396,ABORT,ABORT_SAFE_HOLD,ABORT_RETRACT_PROFILE,-0.010677109472453594,-0.0005776016041636467,0.0029043874237686396,0.001221097307279706,-0.0007531113806180656,0.013325505889952183,0.0,0.0,1.0,0.01581764326128119,0.01581764326128119,0.9971529445922878,0.01581764326128119,nan,-0.01577453874051571,0.015707876533269882,-0.008099108934402466,0.02368900637831396,-0.021834461410819073,0.023769154494854006,-0.05886656838624313,3.9104779716581106e-05,-0.009524825029075146,0.0017886897549033176,-0.05886656838624312,0.025893134007031054,1.483567296969545,1.9283985461647566,True,True,0.19399999999999906,1.0209370109987503,9,-0.03365690392124687,-0.0021054654981166685,-0.00776376991421582,-0.00776376991421582,nan,0.02526122737824643,0.006337219271902363,0.022844601364447444,0.022844601364447444,nan,0.03356510989655348,0.001718458800992995,0.02872770510630336,0.02872770510630336,nan,0.02349513965182659,-0.002898738036172228,0.02287225996016257,0.02287225996016257,nan,0.008745734925283521,-0.37627517059504956,0.009016698337985244,0.009016698337985244,nan,-0.00024005046945507758,0.0037629201176297596,-9.79446700146299e-05,-9.79446700146299e-05,nan
10.701,36.308884049998596,ABORT,ABORT_SAFE_HOLD,ABORT_RETRACT_PROFILE,-0.010744106024503708,-0.0006080854800529778,0.002572727156803012,0.001221097307279706,-0.0007531113806180656,0.013325505889952183,0.0,0.0,1.0,0.016087553380387608,0.016087553380387608,0.9974853232973577,0.016087553380387608,nan,-0.01590689644217491,0.015517499297857285,-0.007479681633412838,0.0234471272487333,-0.021848453794412005,0.02371932721767413,-0.058784194056492094,-0.004659317899495363,-0.004182314034551381,0.007805288769304753,-0.05878419405649209,0.02606839332436537,1.4936089161731454,1.936911945143762,True,True,0.19399999999999906,1.0209370109987503,9,-0.03380549076396644,-0.010200558412597902,-0.007737097439601069,-0.007737097439601069,nan,0.0252713854222133,0.003373241370991589,0.0227661186097149,0.0227661186097149,nan,0.03354334158051664,0.0029072337022062397,0.028629010916025405,0.028629010916025405,nan,0.02345837814616125,0.0039486424617649445,0.022793682184170994,0.022793682184170994,nan,0.009205532435585972,0.179515520740605,0.008985721420819215,0.008985721420819215,nan,-0.0003019909215957739,-0.0005806589664894869,-9.760818055738415e-05,-9.760818055738415e-05,nan
10.705,36.38328493099834,ABORT,ABORT_SAFE_HOLD,ABORT_RETRACT_PROFILE,-0.010744106024503708,-0.0006080854800529778,0.002572727156803012,0.001221097307279706,-0.0007531113806180656,0.013325505889952183,0.0,0.0,1.0,0.016087553380387608,0.016087553380387608,0.9974853232973577,0.016087553380387608,nan,-0.01590689644217491,0.015517499297857285,-0.007479681633412838,0.0234471272487333,-0.021848453794412005,0.02371932721767413,-0.058784194056492094,-0.004659317899495363,-0.004182314034551381,0.007805288769304753,-0.05878419405649209,0.026076703426427303,1.4940850499486171,1.936911945143762,True,True,0.19399999999999906,1.0209370109987503,9,-0.03380549076396644,-0.010200558412597902,-0.0077287873375391355,-0.0077287873375391355,nan,0.0252713854222133,0.003373241370991589,0.022741666446526095,0.022741666446526095,nan,0.03354334158051664,0.0029072337022062397,0.02859826165837399,0.02859826165837399,nan,0.02345837814616125,0.0039486424617649445,0.022769200416066556,0.022769200416066556,nan,0.009205532435585972,0.179515520740605,0.008976070222460912,0.008976070222460912,nan,-0.0003019909215957739,-0.0005806589664894869,-9.750334357570679e-05,-9.750334357570679e-05,nan
10.743,36.463428719998774,ABORT,ABORT_SAFE_HOLD,ABORT_RETRACT_PROFILE,-0.01083041075617075,-0.0005946592427790165,0.001844553044065833,0.001221097307279706,-0.0007531113806180656,0.013325505889952183,0.0,0.0,1.0,0.01664560698601475,0.01664560698601475,0.9982143796322327,0.01664560698601475,nan,-0.0160114336758852,0.01664712093770504,-0.007200822699815035,0.024193893680555426,-0.02195075663178666,0.023736432477921086,-0.05863129100629839,0.0022902972996234894,-0.008925561793148518,0.0032988041639328016,-0.058631291006298394,0.02640277950142787,1.5127678328463408,1.950933284650057,True,True,0.19399999999999906,1.0209370109987503,9,-0.03405020930389124,-0.0071810328939044465,-0.007647429802463373,-0.007647429802463373,nan,0.025314898511598294,-0.008290880943717664,0.022502274955364474,0.022502274955364474,nan,0.03351717442450752,-0.010014744569855134,0.028297220372805666,0.028297220372805666,nan,0.023403377905103717,-0.010816669796274811,0.02252951908695303,0.02252951908695303,nan,0.00899823661435839,0.13751994934520434,0.008881583090641486,0.008881583090641486,nan,-0.00025983565898890504,-0.001993349066461104,-9.647696888734715e-05,-9.647696888734715e-05,nan
10.784,36.53935769899908,ABORT,ABORT_SAFE_HOLD,ABORT_RETRACT_PROFILE,-0.010901903733611107,-0.0004715694230981171,0.001018409850075841,0.001221097307279706,-0.0007531113806180656,0.013325505889952183,0.0,0.0,1.0,0.017277471836065133,0.017277471836065133,0.9990411860084693,0.017277471836065133,nan,-0.016073549166321754,0.017071206122636795,-0.00809464231133461,0.024805408592324444,-0.021929262277030896,0.023662676231821177,-0.05854374539959054,-0.0015586211811751127,-0.007269519846886396,-0.0001916049950523293,-0.05854374539959054,0.026674839955074005,1.5283557486126789,1.9612135199409655,True,True,0.19399999999999906,1.0209370109987503,9,-0.034229633257597314,0.00324402429504223,-0.007554793302523309,-0.007554793302523309,nan,0.02535742716336209,-0.009484041078093445,0.022229695533728923,0.022229695533728923,nan,0.03348896145375324,-0.014979387073199072,0.02795444436556137,0.02795444436556137,nan,0.023348820527821168,-0.021508342959599504,0.022256609645812955,0.022256609645812955,nan,0.008805825148570534,0.12664213758794068,0.008773996778286077,0.008773996778286077,nan,-0.00025221956966170467,-0.0024952422532142846,-9.530830321098207e-05,-9.530830321098207e-05,nan
10.818999999999999,36.619484288999956,ABORT,ABORT_SAFE_HOLD,ABORT_RETRACT_PROFILE,-0.010980957187712193,-0.00027950649382546544,7.6421580160968e-05,0.001221097307279706,-0.0007531113806180656,0.013325505889952183,0.0,0.0,1.0,0.01801812061607707,0.01801812061607707,0.999983910982859,0.01801812061607707,nan,-0.017857981845736504,0.0175236277282238,-0.007709113415330648,0.026180440676399235,-0.021930994001999663,0.023757352495365473,-0.05842836414851468,0.0014734410215169191,0.0032370076514780526,0.00399677362293005,-0.058428364148514676,0.026876815019816133,1.5399280673892846,1.9680293783688074,True,True,0.19399999999999906,1.0209370109987503,9,-0.03434859242851296,0.004317144072575333,-0.007471777408696824,-0.007471777408696824,nan,0.025416799552062663,0.021512122099738164,0.021985424384231463,0.021985424384231463,nan,0.03348023791662236,0.018939577648260514,0.02764726677743931,0.02764726677743931,nan,0.02331524405708052,0.017024013811312813,0.022012042750425204,0.022012042750425204,nan,0.008511599410298665,-0.2976386394224064,0.008677583659380914,0.008677583659380914,nan,-0.0001694863970511662,-0.008861466453391496,-9.426100732037145e-05,-9.426100732037145e-05,nan
10.854,36.695694248999644,ABORT,ABORT_SAFE_HOLD,ABORT_RETRACT_PROFILE,-0.011022251099348068,-0.00023041994427330792,-0.00024781166575849056,0.001221097307279706,-0.0007531113806180656,0.013325505889952183,0.0,0.0,1.0,0.018286818641083162,0.018286818641083162,1.0003085663208062,0.018286818641083162,nan,-0.018070252612233162,0.018225569278001785,-0.008151189424097538,0.026928559077765032,-0.02196317998367457,0.023794111277727577,-0.05833656624369957,-0.0013398892479017377,-0.005755552090704441,-0.0011383808450773352,-0.05833656624369957,0.027002408731284483,1.5471240569898048,1.9702644333265102,True,True,0.19399999999999906,1.0209370109987503,9,-0.034387601496487896,-0.0007449987973218745,-0.0073851927652034115,-0.0073851927652034115,nan,0.025438400878636358,0.02094855972565912,0.021730652322881724,0.021730652322881724,nan,0.03346438218647485,0.018483791415473162,0.02732688400817941,0.02732688400817941,nan,0.023284751735376474,0.017278247967254856,0.021756962229438466,0.021756962229438466,nan,0.008457698505458744,-0.3109092209492057,0.008577025860823206,0.008577025860823206,nan,-0.00016020067302946472,-0.008742951627364671,-9.316868948650977e-05,-9.316868948650977e-05,nan
10.886,36.77025182199941,ABORT,ABORT_SAFE_HOLD,ABORT_RETRACT_PROFILE,-0.011151262558996677,-0.00019109953427687287,-0.0007016562158241868,0.001221097307279706,-0.0007531113806180656,0.013325505889952183,0.0,0.0,1.0,0.018712360158937808,0.018712360158937808,1.0007638042659144,0.018712360158937808,nan,-0.019325949251651764,0.018027666956186295,-0.00778435030952096,0.02755150086840878,-0.021923398656409333,0.023748530559717648,-0.05825004609584099,-0.003039297182112932,-0.008088408038020134,2.2093125153333938e-05,-0.05825004609584099,0.02712099133870157,1.5539183399184606,1.9723470897385844,True,True,0.19399999999999906,1.0209370109987503,9,-0.034423950708066364,-9.257260037102977e-05,-0.007302959369364792,-0.007302959369364792,nan,0.02547807059597229,0.02047211919344628,0.021488683644322833,0.021488683644322833,nan,0.03342983562773583,0.01797728336671229,0.02702260183963959,0.02702260183963959,nan,0.023227179566156053,0.01691395042119965,0.021514700592655034,0.021514700592655034,nan,0.008359820679419094,-0.3136101412178136,0.008481521520563548,0.008481521520563548,nan,-0.00015435829560850323,-0.00874065015730685,-9.213126528298613e-05,-9.213126528298613e-05,nan
10.923,36.84249705500042,ABORT,ABORT_SAFE_HOLD,ABORT_RETRACT_PROFILE,-0.011289739049971104,-9.83956633717753e-05,-0.000871376134455204,0.001221097307279706,-0.0007531113806180656,0.013325505889952183,0.0,0.0,1.0,0.018934126286767487,0.018934126286767487,1.00093505256575,0.018934126286767487,nan,-0.019599178805947304,0.01771017163991928,-0.008154625073075294,0.02764554031784012,-0.021911891123675895,0.023701782664524003,-0.05813239472417234,8.507631719112396e-05,-0.005440921057015657,-0.0026615315582603207,-0.05813239472417234,0.027220814184417706,1.5596377676769808,1.972413369669081,True,True,0.19399999999999906,1.0209370109987503,9,-0.03442510751108152,-0.002887132828908562,-0.0072042933266638146,-0.0072042933266638146,nan,0.025482361232925577,-0.006655918748643467,0.021198362519583652,0.021198362519583652,nan,0.03336223367630531,-0.0071146888176843726,0.02665751516009624,0.02665751516009624,nan,0.023148426951872025,-0.005494831917627053,0.021224027968036796,0.021224027968036796,nan,0.008536821025293406,0.17889501096608984,0.008366932609111071,0.008366932609111071,nan,-0.00023505687954106236,-0.006327051838135184,-9.088653326480749e-05,-9.088653326480749e-05,nan
10.923,36.94431845299914,ABORT,ABORT_SAFE_HOLD,ABORT_RETRACT_PROFILE,-0.011289739049971104,-9.83956633717753e-05,-0.000871376134455204,0.001221097307279706,-0.0007531113806180656,0.013325505889952183,0.0,0.0,1.0,0.018934126286767487,0.018934126286767487,1.00093505256575,0.018934126286767487,nan,-0.019599178805947304,0.01771017163991928,-0.008154625073075294,0.02764554031784012,-0.021911891123675895,0.023701782664524003,-0.05813239472417234,8.507631719112396e-05,-0.005440921057015657,-0.0026615315582603207,-0.05813239472417234,0.027220814184417706,1.5596377676769808,1.972413369669081,True,True,0.19399999999999906,1.0209370109987503,9,-0.03442510751108152,-0.002887132828908562,-0.0072042933266638146,-0.0072042933266638146,nan,0.025482361232925577,-0.006655918748643467,0.021198362519583652,0.021198362519583652,nan,0.03336223367630531,-0.0071146888176843726,0.02665751516009624,0.02665751516009624,nan,0.023148426951872025,-0.005494831917627053,0.021224027968036796,0.021224027968036796,nan,0.008536821025293406,0.17889501096608984,0.008366932609111071,0.008366932609111071,nan,-0.00023505687954106236,-0.006327051838135184,-9.088653326480749e-05,-9.088653326480749e-05,nan
10.95,37.023287723000976,ABORT,ABORT_SAFE_HOLD,ABORT_RETRACT_PROFILE,-0.011374401859939098,-1.557260111439973e-05,-0.0012268552090972662,0.001221097307279706,-0.0007531113806180656,0.013325505889952183,0.0,0.0,1.0,0.01926036802036267,0.01926036802036267,1.0012914624883587,0.01926036802036267,nan,-0.01970408670604229,0.01774807833135128,-0.008007395081222057,0.027701330173148592,-0.021903613701467577,0.02368182019708897,-0.05814632678650977,0.0009167639072984457,-0.0021789674647152424,-0.0017458014190196989,-0.05814632678650977,0.02727597539404509,1.5627982721814662,1.9713124852349146,True,True,0.19399999999999906,1.0209370109987503,9,-0.03440589345302136,0.006928720496438841,-0.007129918058976273,-0.007129918058976273,nan,0.02550909887804309,-0.01049711663389017,0.02097951608795707,0.02097951608795707,nan,0.033353222477242817,-0.015468057127266436,0.0263823098434861,0.0263823098434861,nan,0.023134768284676532,-0.020625981674301335,0.021004916572934622,0.021004916572934622,nan,0.008398581637858449,0.1655789208887647,0.008280554553095072,0.008280554553095072,nan,-0.00022440140748880566,-0.006052322074844891,-8.994824411773121e-05,-8.994824411773121e-05,nan
10.961,37.09645379200083,ABORT,ABORT_SAFE_HOLD,ABORT_RETRACT_PROFILE,-0.011455388739705086,9.371123451273888e-05,-0.001471291994675994,0.001221097307279706,-0.0007531113806180656,0.013325505889952183,0.0,0.0,1.0,0.019502708393436898,0.019502708393436898,1.0015368108075005,0.019502708393436898,nan,-0.01973726414144039,0.01772993430495262,-0.008530828170478344,0.027869072383578743,-0.021896090500156493,0.023721724294101427,-0.05815587608766898,-0.0013293938245624304,-0.006201720796525478,0.0030277203768491754,-0.05815587608766898,0.027289478005147843,1.5635719148100604,1.9703176600569368,True,True,0.19399999999999906,1.0209370109987503,9,-0.03438853047818391,-0.0018723417885298278,-0.007099052473036067,-0.007099052473036067,nan,0.025511414286227385,-0.006409468931464771,0.020888695260643134,0.020888695260643134,nan,0.033326751330181814,-0.006274507152364543,0.026268100192682317,0.026268100192682317,nan,0.023115873114534224,-0.0036335419592004106,0.02091398578631323,0.02091398578631323,nan,0.008027523937387926,-0.351307302164864,0.00824470783423,0.00824470783423,nan,-0.00026037105573628594,-0.011558125822453875,-8.955885601592951e-05,-8.955885601592951e-05,nan
10.972,37.17209279099916,ABORT,ABORT_SAFE_HOLD,ABORT_RETRACT_PROFILE,-0.011455388739705086,9.371123451273888e-05,-0.001471291994675994,0.001221097307279706,-0.0007531113806180656,0.013325505889952183,0.0,0.0,1.0,0.019502708393436898,0.019502708393436898,1.0015368108075005,0.019502708393436898,nan,-0.01973726414144039,0.01772993430495262,-0.008530828170478344,0.027869072383578743,-0.021896090500156493,0.023721724294101427,-0.05815587608766898,-0.0013293938245624304,-0.006201720796525478,0.0030277203768491754,-0.05815587608766898,0.027320666396196527,1.5653588779869536,1.9703176600569368,True,True,0.19399999999999906,1.0209370109987503,9,-0.03438853047818391,-0.0018723417885298278,-0.007067864081987384,-0.007067864081987384,nan,0.025511414286227385,-0.006409468931464771,0.020796924591422107,0.020796924591422107,nan,0.033326751330181814,-0.006274507152364543,0.026152696089947886,0.026152696089947886,nan,0.023115873114534224,-0.0036335419592004106,0.020822104007784666,0.020822104007784666,nan,0.008027523937387926,-0.351307302164864,0.008208486215500911,0.008208486215500911,nan,-0.00026037105573628594,-0.011558125822453875,-8.916539553174422e-05,-8.916539553174422e-05,nan
11.006,37.24536155199894,ABORT,ABORT_SAFE_HOLD,ABORT_RETRACT_PROFILE,-0.011572938412427902,0.0002515038941055536,-0.0016400003805756569,0.001221097307279706,-0.0007531113806180656,0.013325505889952183,0.0,0.0,1.0,0.01971453727026253,0.01971453727026253,1.0017068865292413,0.01971453727026253,nan,-0.020752787590026855,0.01625213958323002,-0.009427718818187714,0.02799450152984288,-0.021895275086723114,0.023753847842106362,-0.05794217682450945,-0.0006744932616129518,-0.007859000004827976,6.850270438008107e-05,-0.05794217682450945,0.027344088787571077,1.5667008821588189,1.966021143143735,True,True,0.19399999999999906,1.0209370109987503,9,-0.03431354211168092,0.005708918745493513,-0.006969453324109841,-0.006969453324109841,nan,0.025533261308883226,0.01062752712599434,0.020507354632687352,0.020507354632687352,nan,0.03329331374545941,0.010168123551949609,0.025788554022005188,0.025788554022005188,nan,0.023101411235710856,0.011926201673839992,0.020532183458628474,0.020532183458628474,nan,0.007993390163300695,-0.26972590082064557,0.008094193787106099,0.008094193787106099,nan,-0.00023021176341231353,-0.00837419151579839,-8.792388408656905e-05,-8.792388408656905e-05,nan
11.034,37.322959615998116,ABORT,ABORT_SAFE_HOLD,ABORT_RETRACT_PROFILE,-0.011652388609945774,0.00038032769225537777,-0.001852059387601912,0.001221097307279706,-0.0007531113806180656,0.013325505889952183,0.0,0.0,1.0,0.019934136839786534,0.019934136839786534,1.001919892860028,0.019934136839786534,nan,-0.020329831168055534,0.016715364530682564,-0.00965418666601181,0.02803406440203495,-0.021943106980207575,0.02371354650018709,-0.05785838333300933,-0.0030721849761903286,-0.0007786046480759971,0.00650814501568675,-0.05785838333300933,0.027380540195107314,1.5687893939679567,1.9633381890655013,True,True,0.19399999999999906,1.0209370109987503,9,-0.03426671572933593,-0.0006612838446801612,-0.006886175534228615,-0.006886175534228615,nan,0.0255310614732025,-0.006491444598857594,0.020262312863885655,0.020262312863885655,nan,0.03326331189824927,-0.006796413314382941,0.02548040735923096,0.02548040735923096,nan,0.02308224137206505,-0.0048540130940132285,0.020286845010926216,0.020286845010926216,nan,0.008231832054320876,0.21828049605313038,0.007997476506981887,0.007997476506981887,nan,-0.00023187469650043369,-0.0061888892167692115,-8.687328421825904e-05,-8.687328421825904e-05,nan
11.034,37.39950325599784,ABORT,ABORT_SAFE_HOLD,ABORT_RETRACT_PROFILE,-0.011652388609945774,0.00038032769225537777,-0.001852059387601912,0.001221097307279706,-0.0007531113806180656,0.013325505889952183,0.0,0.0,1.0,0.019934136839786534,0.019934136839786534,1.001919892860028,0.019934136839786534,nan,-0.020329831168055534,0.016715364530682564,-0.00965418666601181,0.02803406440203495,-0.021943106980207575,0.02371354650018709,-0.05785838333300933,-0.0030721849761903286,-0.0007786046480759971,0.00650814501568675,-0.05785838333300933,0.027380540195107314,1.5687893939679567,1.9633381890655013,True,True,0.19399999999999906,1.0209370109987503,9,-0.03426671572933593,-0.0006612838446801612,-0.006886175534228615,-0.006886175534228615,nan,0.0255310614732025,-0.006491444598857594,0.020262312863885655,0.020262312863885655,nan,0.03326331189824927,-0.006796413314382941,0.02548040735923096,0.02548040735923096,nan,0.02308224137206505,-0.0048540130940132285,0.020286845010926216,0.020286845010926216,nan,0.008231832054320876,0.21828049605313038,0.007997476506981887,0.007997476506981887,nan,-0.00023187469650043369,-0.0061888892167692115,-8.687328421825904e-05,-8.687328421825904e-05,nan
11.06,37.47684054099955,ABORT,ABORT_SAFE_HOLD,ABORT_RETRACT_PROFILE,-0.011728609912097454,0.00022779892606195062,-0.0021526520140469074,0.001221097307279706,-0.0007531113806180656,0.013325505889952183,0.0,0.0,1.0,0.020204714157801628,0.020204714157801628,1.0022213079562858,0.020204714157801628,nan,-0.0214067492634058,0.016872588545084,-0.011855305172502995,0.029723415331539556,-0.02193842652124788,0.023773933575650684,-0.057677935164982944,0.004277386702597141,-0.007050972431898117,0.0012063067406415948,-0.057677935164982944,0.02732892244952455,1.5658319149980844,1.955849333643167,True,True,0.19399999999999906,1.0209370109987503,9,-0.034136010545010365,0.0008812169421878943,-0.006807088095485812,-0.006807088095485812,nan,0.02555277784155585,0.004660245442843512,0.02002960104591868,0.02002960104591868,nan,0.033236643006954836,0.005839799721076104,0.025187765943666087,0.025187765943666087,nan,0.02308905239259129,0.010406380321295396,0.020053851442273875,0.020053851442273875,nan,0.008222183696283025,0.27646971468932735,0.007905625822926709,0.007905625822926709,nan,-0.00022716189805649378,-0.0019984475341259973,-8.587554817307016e-05,-8.587554817307016e-05,nan
11.064,37.55301560699809,ABORT,ABORT_SAFE_HOLD,ABORT_RETRACT_PROFILE,-0.011728609912097454,0.00022779892606195062,-0.0021526520140469074,0.001221097307279706,-0.0007531113806180656,0.013325505889952183,0.0,0.0,1.0,0.020204714157801628,0.020204714157801628,1.0022213079562858,0.020204714157801628,nan,-0.0214067492634058,0.016872588545084,-0.011855305172502995,0.029723415331539556,-0.02193842652124788,0.023773933575650684,-0.057677935164982944,0.004277386702597141,-0.007050972431898117,0.0012063067406415948,-0.057677935164982944,0.027341237166514317,1.566537496307496,1.955849333643167,True,True,0.19399999999999906,1.0209370109987503,9,-0.034136010545010365,0.0008812169421878943,-0.006794773378496047,-0.006794773378496047,nan,0.02555277784155585,0.004660245442843512,0.019993365453718548,0.019993365453718548,nan,0.033236643006954836,0.005839799721076104,0.025142198704804233,0.025142198704804233,nan,0.02308905239259129,0.010406380321295396,0.02001757197863212,0.02001757197863212,nan,0.008222183696283025,0.27646971468932735,0.00789132373908841,0.00789132373908841,nan,-0.00022716189805649378,-0.0019984475341259973,-8.572019054330867e-05,-8.572019054330867e-05,nan
11.081,37.635415146000014,ABORT,ABORT_SAFE_HOLD,ABORT_RETRACT_PROFILE,-0.011766075156629086,0.00015887188783381134,-0.0022122100926935673,0.001221097307279706,-0.0007531113806180656,0.013325505889952183,0.0,0.0,1.0,0.020271136624437518,0.020271136624437518,1.0022812877749188,0.020271136624437518,nan,-0.02202245220541954,0.01721915788948536,-0.012286380864679813,0.03053592890866404,-0.021852480190507843,0.023782343372433807,-0.05760208423013466,0.00758816534653306,0.0005478360690176489,0.0018274809699505568,-0.05760208423013466,0.027313892726099284,1.5649707752785675,1.9512591692044883,True,True,0.19399999999999906,1.0209370109987503,9,-0.03405589706234746,0.006784457944121133,-0.006742004336248177,-0.006742004336248177,nan,0.02555051698550148,-0.006552424047401231,0.01983809452891577,0.01983809452891577,nan,0.033209524630608556,-0.00660902146868507,0.024946941310369716,0.024946941310369716,nan,0.023079637276341103,-0.0046014334728513955,0.019862113062992168,0.019862113062992168,nan,0.0080334388645813,0.25620368566224544,0.007830038752440078,0.007830038752440078,nan,-0.00022839108361427662,-0.00711504944687316,-8.505447704496144e-05,-8.505447704496144e-05,nan
11.117,37.71156451299976,ABORT,ABORT_SAFE_HOLD,ABORT_RETRACT_PROFILE,-0.01189596951007843,4.531622107606381e-05,-0.002026996808126569,0.001221097307279706,-0.0007531113806180656,0.013325505889952183,0.0,0.0,1.0,0.020208767097987454,0.020208767097987454,1.0020976092559337,0.020208767097987454,nan,-0.022369753569364548,0.016894644126296043,-0.01289792638272047,0.030857598414043244,-0.021700020277825527,0.023839614764640374,-0.057607864085419375,-0.0012354610953480005,-0.010316666215658188,-0.005475467070937156,-0.057607864085419375,0.027254016530182897,1.5615401219592602,1.9412965136495726,True,True,0.19399999999999906,1.0209370109987503,9,-0.03388201592067208,0.00485014690253532,-0.006627999390489183,-0.006627999390489183,nan,0.025582103172439474,0.01738345543630046,0.019502639258059416,0.019502639258059416,nan,0.03319872497614629,0.015829102707888745,0.024525097219340226,0.024525097219340226,nan,0.023115932990859456,0.0168615671443312,0.019526251647087843,0.019526251647087843,nan,0.007583972933868921,-0.3298281200268513,0.007697635523557033,0.007697635523557033,nan,-0.00015679386406386442,-0.006814559515578378,-8.361623545411333e-05,-8.361623545411333e-05,nan
11.152,37.78466099100115,ABORT,ABORT_SAFE_HOLD,ABORT_RETRACT_PROFILE,-0.011965925805270672,2.97057704301551e-05,-0.002175607718527317,0.001221097307279706,-0.0007531113806180656,0.013325505889952183,0.0,0.0,1.0,0.020366514291009677,0.020366514291009677,1.0022470418857867,0.020366514291009677,nan,-0.021985188126564026,0.017277231439948082,-0.013255511410534382,0.030944463251844415,-0.021614999146179762,0.023830973646377394,-0.057593149662730915,0.0007409686222672462,-0.007735044695436954,0.005500082392245532,-0.057593149662730915,0.027264327631532685,1.5621309045487348,1.9353738365864182,True,True,0.19399999999999906,1.0209370109987503,9,-0.03377864570538769,0.002075422410923576,-0.0065143180738550036,-0.0065143180738550036,nan,0.025568793329763473,-0.005179816902026932,0.01916813625374728,0.01916813625374728,nan,0.03316240783215285,-0.0045724931668576505,0.024104450629288246,0.024104450629288246,nan,0.02310173803079607,-0.0007802536062984835,0.01919134365066338,0.01919134365066338,nan,0.00745350454148852,-0.34342457839529766,0.007565608151535289,0.007565608151535289,nan,-0.00023846143086636573,-0.009498345174869572,-8.218207664111507e-05,-8.218207664111507e-05,nan
11.181,37.86011550599869,ABORT,ABORT_SAFE_HOLD,ABORT_RETRACT_PROFILE,-0.01206943392753601,7.424766954500228e-05,-0.002403734251856804,0.001221097307279706,-0.0007531113806180656,0.013325505889952183,0.0,0.0,1.0,0.020609020814686806,0.020609020814686806,1.0024763953281468,0.020609020814686806,nan,-0.021789511665701866,0.017438888549804688,-0.013983236625790596,0.031215838271863184,-0.021588829565860373,0.023857836791598645,-0.057360694029058926,0.0008990970673039556,-0.007016067858785391,0.0014415206387639054,-0.057360694029058926,0.027127919557809296,1.5543152976328751,1.9220446885590192,True,True,0.19399999999999906,1.0209370109987503,9,-0.03354600818582387,0.009652195003492108,-0.006418088628014577,-0.006418088628014577,nan,0.02557647418157849,-0.004275056892941712,0.018884984723751393,0.018884984723751393,nan,0.033130024982095385,-0.00385192328843455,0.023748379909368414,0.023748379909368414,nan,0.023125214369386526,-0.00027503881080048927,0.01890784930121666,0.01890784930121666,nan,0.0073030578942026025,-0.31846272018095745,0.007453849058470737,0.007453849058470737,nan,-0.0002290687339145947,-0.010556954789513077,-8.096808377132722e-05,-8.096808377132722e-05,nan
11.214,37.98194893500113,ABORT,ABORT_SAFE_HOLD,ABORT_RETRACT_PROFILE,-0.012117484584450722,0.00010919648048002273,-0.0024043824523687363,0.001221097307279706,-0.0007531113806180656,0.013325505889952183,0.0,0.0,1.0,0.020641965240538362,0.020641965240538362,1.002477626341975,0.020641965240538362,nan,-0.022674888372421265,0.017332902178168297,-0.013840834610164165,0.03171984809745523,-0.0215638925882465,0.023859810233086892,-0.057282898217011304,-0.0016302912263199687,-0.0043637435883283615,-0.003422850044444203,-0.057282898217011304,0.02711599068894688,1.5536318237926938,1.9149641353768934,True,True,0.19399999999999906,1.0209370109987503,9,-0.033422429219933214,0.012702045033241753,-0.006306438530986332,-0.006306438530986332,nan,0.02559186207879538,0.016801160346861167,0.018556458506836872,0.018556458506836872,nan,0.033128462529183444,0.015239121984745998,0.023335249291388024,0.023335249291388024,nan,0.023156611173306807,0.015976370507961933,0.018578925328452935,0.018578925328452935,nan,0.007317196596547504,-0.3261084295547573,0.007324180707214332,0.007324180707214332,nan,-0.00015252334113657895,-0.00706239171228106,-7.955955002659205e-05,-7.955955002659205e-05,nan
11.222,38.058068905000255,ABORT,ABORT_SAFE_HOLD,ABORT_RETRACT_PROFILE,-0.01221727579832077,0.00018415579688735306,-0.002289594616740942,0.001221097307279706,-0.0007531113806180656,0.013325505889952183,0.0,0.0,1.0,0.02062279576879631,0.02062279576879631,1.0023640691975548,0.02062279576879631,nan,-0.02371581643819809,0.017318502068519592,-0.012974176555871964,0.032104512463679645,-0.021605727352727123,0.023873859245858154,-0.05728955578289953,0.00430336594581604,-0.006525290198624134,0.002791534876450897,-0.05728955578289953,0.02701239075617875,1.5476959848872407,1.9074584270849924,True,True,0.19399999999999906,1.0209370109987503,9,-0.0332914298975453,0.010338355325203042,-0.006279039141366549,-0.006279039141366549,nan,0.025572535418048936,-0.0073257848482608055,0.01847583683200503,0.01847583683200503,nan,0.033089149898152925,-0.009459658270190288,0.02323386535113902,0.02323386535113902,nan,0.023145744754207165,-0.010016824558995309,0.018498206042711872,0.018498206042711872,nan,0.007530957432291707,0.2953352505702105,0.007292359564447832,0.007292359564447832,nan,-0.000215499434420785,-0.003803968964147292,-7.921389009532616e-05,-7.921389009532616e-05,nan
11.246,38.132456893999915,ABORT,ABORT_SAFE_HOLD,ABORT_RETRACT_PROFILE,-0.012286840006709099,0.0002449855674058199,-0.002137036295607686,0.001221097307279706,-0.0007531113806180656,0.013325505889952183,0.0,0.0,1.0,0.020556039959985586,0.020556039959985586,1.0022123856601568,0.020556039959985586,nan,-0.02298314869403839,0.016903644427657127,-0.013264447450637817,0.03146273804041337,-0.021522768202249003,0.02385251060470293,-0.05719047287232752,0.004256287589669228,0.00048279430484399227,0.002428655046969652,-0.05719047287232752,0.02695452701217877,1.5443806365692165,1.8993903181484564,True,True,0.19399999999999906,1.0209370109987503,9,-0.03315061483219317,0.011519878637667267,-0.006196087820014399,-0.006196087820014399,nan,0.025579398387370667,-0.006030971866706153,0.018231755684587944,0.018231755684587944,nan,0.03307692638744886,-0.008510260478709107,0.022926926695780444,0.022926926695780444,nan,0.023165522025975882,-0.009808347249820857,0.01825382937944531,0.01825382937944531,nan,0.00744328431999719,0.3066039486332455,0.007196021438816353,0.007196021438816353,nan,-0.0002031232466919164,-0.0036458534568332493,-7.816740882567425e-05,-7.816740882567425e-05,nan
11.246,38.20746353899813,ABORT,ABORT_SAFE_HOLD,ABORT_RETRACT_PROFILE,-0.012286840006709099,0.0002449855674058199,-0.002137036295607686,0.001221097307279706,-0.0007531113806180656,0.013325505889952183,0.0,0.0,1.0,0.020556039959985586,0.020556039959985586,1.0022123856601568,0.020556039959985586,nan,-0.02298314869403839,0.016903644427657127,-0.013264447450637817,0.03146273804041337,-0.021522768202249003,0.02385251060470293,-0.05719047287232752,0.004256287589669228,0.00048279430484399227,0.002428655046969652,-0.05719047287232752,0.02695452701217877,1.5443806365692165,1.8993903181484564,True,True,0.19399999999999906,1.0209370109987503,9,-0.03315061483219317,0.011519878637667267,-0.006196087820014399,-0.006196087820014399,nan,0.025579398387370667,-0.006030971866706153,0.018231755684587944,0.018231755684587944,nan,0.03307692638744886,-0.008510260478709107,0.022926926695780444,0.022926926695780444,nan,0.023165522025975882,-0.009808347249820857,0.01825382937944531,0.01825382937944531,nan,0.00744328431999719,0.3066039486332455,0.007196021438816353,0.007196021438816353,nan,-0.0002031232466919164,-0.0036458534568332493,-7.816740882567425e-05,-7.816740882567425e-05,nan
11.273,38.285022510997806,ABORT,ABORT_SAFE_HOLD,ABORT_RETRACT_PROFILE,-0.012283822521567345,0.0001479017810197547,-0.0019024189095944166,0.001221097307279706,-0.0007531113806180656,0.013325505889952183,0.0,0.0,1.0,0.020373619658805776,0.020373619658805776,1.0019777298860362,0.020373619658805776,nan,-0.023565268144011497,0.015174700878560543,-0.013784806244075298,0.03123482499774325,-0.021448193043237848,0.023938992499422197,-0.0570985009734707,0.0028828394133597612,-0.006663130596280097,0.004447442013770343,-0.057098500973470696,0.026901361936464214,1.541334502113279,1.8945465455836434,True,True,0.19399999999999906,1.0209370109987503,9,-0.03300282219835626,0.006916627316084599,-0.006101460261892048,-0.006101460261892048,nan,0.02558710236927375,-0.01017262192659872,0.017953317649035405,0.017953317649035405,nan,0.03306607505271941,-0.013982789585482927,0.022576783322817925,0.022576783322817925,nan,0.023187237474560085,-0.016676016697055828,0.017975054231201056,0.017975054231201056,nan,0.0072781101848500285,0.25726966225650544,0.007086122748427926,0.007086122748427926,nan,-0.0002113293736059063,-0.007183296424315492,-7.69736247417831e-05,-7.69736247417831e-05,nan
11.273,38.3602116439979,ABORT,ABORT_SAFE_HOLD,ABORT_RETRACT_PROFILE,-0.012283822521567345,0.0001479017810197547,-0.0019024189095944166,0.001221097307279706,-0.0007531113806180656,0.013325505889952183,0.0,0.0,1.0,0.020373619658805776,0.020373619658805776,1.0019777298860362,0.020373619658805776,nan,-0.023565268144011497,0.015174700878560543,-0.013784806244075298,0.03123482499774325,-0.021448193043237848,0.023938992499422197,-0.0570985009734707,0.0028828394133597612,-0.006663130596280097,0.004447442013770343,-0.057098500973470696,0.026901361936464214,1.541334502113279,1.8945465455836434,True,True,0.19399999999999906,1.0209370109987503,9,-0.03300282219835626,0.006916627316084599,-0.006101460261892048,-0.006101460261892048,nan,0.02558710236927375,-0.01017262192659872,0.017953317649035405,0.017953317649035405,nan,0.03306607505271941,-0.013982789585482927,0.022576783322817925,0.022576783322817925,nan,0.023187237474560085,-0.016676016697055828,0.017975054231201056,0.017975054231201056,nan,0.0072781101848500285,0.25726966225650544,0.007086122748427926,0.007086122748427926,nan,-0.0002113293736059063,-0.007183296424315492,-7.69736247417831e-05,-7.69736247417831e-05,nan
11.292,38.43565676399885,ABORT,ABORT_SAFE_HOLD,ABORT_RETRACT_PROFILE,-0.012297452427446842,7.55056826164946e-05,-0.0017496971413493156,0.001221097307279706,-0.0007531113806180656,0.013325505889952183,0.0,0.0,1.0,0.020265723268680064,0.020265723268680064,1.0018251787413304,0.020265723268680064,nan,-0.023783676326274872,0.014776080846786499,-0.01436749566346407,0.03147095099331187,-0.021369785285182047,0.02394117973151266,-0.05692518018546233,-0.0034544765949249268,-0.0007893035653978589,-0.002982827601954341,-0.05692518018546233,0.026817145777270006,1.536509271624649,1.8936093778889078,True,True,0.19399999999999906,1.0209370109987503,9,-0.03285121952900827,0.005362310542785827,-0.006034073751738261,-0.006034073751738261,nan,0.02558462631940639,0.005917294065236283,0.01775503537395332,0.01775503537395332,nan,0.03304971839080295,0.006225680871449242,0.022327437990172727,0.022327437990172727,nan,0.023210227981515175,0.010272562577489045,0.01777653189024098,0.01777653189024098,nan,0.006991196171945546,-0.2895228855752464,0.007007861305749965,0.007007861305749965,nan,-0.0002163139255797475,-0.004547213539209137,-7.612350301311555e-05,-7.612350301311555e-05,nan
11.325,38.513692606000404,ABORT,ABORT_SAFE_HOLD,ABORT_RETRACT_PROFILE,-0.012384853325784206,-4.24688623752445e-05,-0.00149411684833467,0.001221097307279706,-0.0007531113806180656,0.013325505889952183,0.0,0.0,1.0,0.020130775532086576,0.020130775532086576,1.0015706927008854,0.020130775532086576,nan,-0.025607146322727203,0.014982949011027813,-0.014042268507182598,0.032823772005795324,-0.021285593094885848,0.024023741607184325,-0.05676177067876461,0.001469145528972149,-0.005519155412912369,0.00033495484967716103,-0.05676177067876462,0.026600892171403535,1.5241188527040146,1.8916293390955121,True,True,0.19399999999999906,1.0209370109987503,9,-0.032516436741748755,0.01312572616263043,-0.005915544570345221,-0.005915544570345221,nan,0.02558377367188669,-0.004372060925582752,0.01740626770967462,0.01740626770967462,nan,0.03301516019454098,-0.006354331158226297,0.021888853203764262,0.021888853203764262,nan,0.023247520197132054,-0.006760614573467568,0.017427341963228475,0.017427341963228475,nan,0.007112915506566786,0.3559830231195174,0.006870203713539193,0.006870203713539193,nan,-0.00019592047724259487,-0.0043146992473467915,-7.462818544356879e-05,-7.462818544356879e-05,nan
11.362,38.5908391089979,ABORT,ABORT_SAFE_HOLD,ABORT_RETRACT_PROFILE,-0.012502859346568584,-8.098089892882854e-05,-0.0008588659693486989,0.001221097307279706,-0.0007531113806180656,0.013325505889952183,0.0,0.0,1.0,0.019748294879914297,0.019748294879914297,1.000936959872697,0.019748294879914297,nan,-0.02486458607017994,0.01438105572015047,-0.014347479678690434,0.03210782735094191,-0.021183444991065264,0.02399347421712068,-0.05646027749165433,0.0017188279889523983,-0.0015780949033796787,0.0008010726305656137,-0.05646027749165433,0.02638986838700904,1.5120280804813313,1.889739097164058,True,True,0.19399999999999906,1.0209370109987503,9,-0.032170398885225104,0.006274897004488666,-0.005780530498216066,-0.005780530498216066,nan,0.025582298468519227,-0.007466622133331681,0.017008993873579386,0.017008993873579386,nan,0.03298216924917785,-0.009109486261571298,0.02138927059220006,0.02138927059220006,nan,0.02329087841847688,-0.008525199623294014,0.017029587136625005,0.017029587136625005,nan,0.0069314602804277925,0.33267662272672555,0.006713400875069897,0.006713400875069897,nan,-0.00020319963839732225,-0.004726194511134348,-7.292490097118794e-05,-7.292490097118794e-05,nan
11.375,38.66990428099962,ABORT,ABORT_SAFE_HOLD,ABORT_RETRACT_PROFILE,-0.012502859346568584,-8.098089892882854e-05,-0.0008588659693486989,0.001221097307279706,-0.0007531113806180656,0.013325505889952183,0.0,0.0,1.0,0.019748294879914297,0.019748294879914297,1.000936959872697,0.019748294879914297,nan,-0.02486458607017994,0.01438105572015047,-0.014347479678690434,0.03210782735094191,-0.021183444991065264,0.02399347421712068,-0.05646027749165433,0.0017188279889523983,-0.0015780949033796787,0.0008010726305656137,-0.05646027749165433,0.026252238332895222,1.5041424592464525,1.889353310928935,True,True,0.19399999999999906,1.0209370109987503,9,-0.03198483108012784,0.013332982865618015,-0.005732592747232618,-0.005732592747232618,nan,0.025590348618256265,0.005579028260067008,0.016867938841858283,0.016867938841858283,nan,0.03297543600916608,0.0057992512972492565,0.02121189006844313,0.02121189006844313,nan,0.023324672488040044,0.009295815631713061,0.016888361325644783,0.016888361325644783,nan,0.006656679866294368,-0.2750126387056139,0.006657726860461638,0.006657726860461638,nan,-0.00020646076847796735,-0.004715974706982644,-7.232013714469686e-05,-7.232013714469686e-05,nan
11.388,38.745604583000386,ABORT,ABORT_SAFE_HOLD,ABORT_RETRACT_PROFILE,-0.012575879693031311,-7.904530502855778e-05,-0.0005053572822362185,0.001221097307279706,-0.0007531113806180656,0.013325505889952183,0.0,0.0,1.0,0.019547473379165126,0.019547473379165126,1.0005843937163268,0.019547473379165126,nan,-0.024890637025237083,0.014279644005000591,-0.015719739720225334,0.032719447753641606,-0.02115803397879214,0.024076296374155537,-0.05636640907989762,0.008213896304368973,-0.0038645281456410876,0.00720021314918995,-0.05636640907989763,0.02630042379581379,1.5069032829055706,1.889353310928935,True,True,0.19399999999999906,1.0209370109987503,9,-0.03198483108012784,0.013332982865618015,-0.00568440728431405,-0.00568440728431405,nan,0.025590348618256265,0.005579028260067008,0.01672615492707219,0.01672615492707219,nan,0.03297543600916608,0.0057992512972492565,0.021033592954485557,0.021033592954485557,nan,0.023324672488040044,0.009295815631713061,0.01674640574912052,0.01674640574912052,nan,0.006656679866294368,-0.2750126387056139,0.006601765157807705,0.006601765157807705,nan,-0.00020646076847796735,-0.004715974706982644,-7.17122482817851e-05,-7.17122482817851e-05,nan
11.393,38.82522771699951,ABORT,ABORT_SAFE_HOLD,ABORT_RETRACT_PROFILE,-0.012575879693031311,-7.904530502855778e-05,-0.0005053572822362185,0.001221097307279706,-0.0007531113806180656,0.013325505889952183,0.0,0.0,1.0,0.019547473379165126,0.019547473379165126,1.0005843937163268,0.019547473379165126,nan,-0.024890637025237083,0.014279644005000591,-0.015719739720225334,0.032719447753641606,-0.02115803397879214,0.024076296374155537,-0.05636640907989762,0.008213896304368973,-0.0038645281456410876,0.00720021314918995,-0.05636640907989763,0.02631902097110758,1.5079688225607697,1.889353310928935,True,True,0.19399999999999906,1.0209370109987503,9,-0.03198483108012784,0.013332982865618015,-0.005665810109020261,-0.005665810109020261,nan,0.025590348618256265,0.005579028260067008,0.016671433437282356,0.016671433437282356,nan,0.03297543600916608,0.0057992512972492565,0.020964779198597197,0.020964779198597197,nan,0.023324672488040044,0.009295815631713061,0.016691618006497516,0.016691618006497516,nan,0.006656679866294368,-0.2750126387056139,0.006580166743452883,0.006580166743452883,nan,-0.00020646076847796735,-0.004715974706982644,-7.147763362711594e-05,-7.147763362711594e-05,nan
11.408,38.90516442800072,ABORT,ABORT_SAFE_HOLD,ABORT_RETRACT_PROFILE,-0.01263110339641571,-7.238799298647791e-05,-0.00038484236574731767,0.001221097307279706,-0.0007531113806180656,0.013325505889952183,0.0,0.0,1.0,0.01950180755618542,0.01950180755618542,1.0004645835051702,0.01950180755618542,nan,-0.024640128016471863,0.01408054493367672,-0.015811454504728317,0.03248691656424943,-0.021018550912816354,0.024108413554362527,-0.056136567129807816,0.0031692953780293465,-0.004059955943375826,0.0028523164801299576,-0.056136567129807816,0.02618907604544713,1.5005235267512846,1.8882450999795828,True,True,0.19399999999999906,1.0209370109987503,9,-0.03179888618945892,0.007157366334381908,-0.005609810144011789,-0.005609810144011789,nan,0.02558572230926348,-0.00506524391156893,0.016506655643610355,0.016506655643610355,nan,0.03295609407929323,-0.006433464483923422,0.020757566659005966,0.020757566659005966,nan,0.023344062435008084,-0.004991499480423732,0.016526640711757176,0.016526640711757176,nan,0.00674763238643461,0.38054345980210336,0.006515129423053349,0.006515129423053349,nan,-0.00019785577430564416,-0.004880126225867633,-7.07711600769992e-05,-7.07711600769992e-05,nan
11.422,38.99605818800046,ABORT,ABORT_SAFE_HOLD,ABORT_RETRACT_PROFILE,-0.01272153202444315,-4.198478927719407e-05,-0.000248041411396116,0.001221097307279706,-0.0007531113806180656,0.013325505889952183,0.0,0.0,1.0,0.019471615239950443,0.019471615239950443,1.000328937643566,0.019471615239950443,nan,-0.02547282911837101,0.013944831676781178,-0.016343478113412857,0.033323154572025365,-0.020951227043122685,0.024147128641388356,-0.056059575643382195,-0.0009830172639340162,-0.008104328066110611,0.005983717273920775,-0.056059575643382195,0.0260403763468426,1.4920036616063777,1.8878063710464719,True,True,0.19399999999999906,1.0209370109987503,9,-0.03159764606883986,0.013693453180181236,-0.005557269721997258,-0.005557269721997258,nan,0.025592748555055778,0.0059804061113023325,0.016352057425257173,0.016352057425257173,nan,0.032948436814886684,0.005930394010346819,0.02056315521115632,0.02056315521115632,nan,0.02337809473782748,0.00917334890149191,0.01637185531703127,0.01637185531703127,nan,0.006508111252716553,-0.28329438315400657,0.00645410995170245,0.00645410995170245,nan,-0.00020500860561334378,-0.004866688616899741,-7.01083307616662e-05,-7.01083307616662e-05,nan
11.432,39.08506227699763,ABORT,ABORT_SAFE_HOLD,ABORT_RETRACT_PROFILE,-0.01272153202444315,-4.198478927719407e-05,-0.000248041411396116,0.001221097307279706,-0.0007531113806180656,0.013325505889952183,0.0,0.0,1.0,0.019471615239950443,0.019471615239950443,1.000328937643566,0.019471615239950443,nan,-0.02547282911837101,0.013944831676781178,-0.016343478113412857,0.033323154572025365,-0.020951227043122685,0.024147128641388356,-0.056059575643382195,-0.0009830172639340162,-0.008104328066110611,0.005983717273920775,-0.056059575643382195,0.02607806140145275,1.4941628561862592,1.8878063710464719,True,True,0.19399999999999906,1.0209370109987503,9,-0.03159764606883986,0.013693453180181236,-0.005519584667387108,-0.005519584667387108,nan,0.025592748555055778,0.0059804061113023325,0.016241170567521994,0.016241170567521994,nan,0.032948436814886684,0.005930394010346819,0.02042371198348248,0.02042371198348248,nan,0.02337809473782748,0.00917334890149191,0.01626083420548622,0.01626083420548622,nan,0.006508111252716553,-0.28329438315400657,0.006410343228444971,0.006410343228444971,nan,-0.00020500860561334378,-0.004866688616899741,-6.963291092322972e-05,-6.963291092322972e-05,nan
11.456,39.13053405499886,ABORT,ABORT_SAFE_HOLD,ABORT_RETRACT_PROFILE,-0.0127904387190938,-9.971977124223486e-05,8.785298996372148e-05,0.001221097307279706,-0.0007531113806180656,0.013325505889952183,0.0,0.0,1.0,0.019286926056635834,0.019286926056635834,0.9999939534841599,0.019286926056635834,nan,-0.0260330718010664,0.013684051111340523,-0.01626593805849552,0.03360885036921185,-0.021022337594520327,0.024111719126239224,-0.055809505374432966,-0.002129040192812681,-0.0047173695638775826,-0.0001035419700201595,-0.055809505374432966,0.02575795512814455,1.4758221177300384,1.8867918112012783,True,True,0.19399999999999906,1.0209370109987503,9,-0.031186588551256555,0.014344349730534153,-0.005428633423112006,-0.005428633423112006,nan,0.025603538963399508,0.006333602933251453,0.01597354994738219,0.01597354994738219,nan,0.03293072940512953,0.006284868281791495,0.02008717180345959,0.02008717180345959,nan,0.023442208011978494,0.009354679211373665,0.0159928895696011,0.0159928895696011,nan,0.006390643156542808,-0.29139387070113626,0.006304714140752483,0.006304714140752483,nan,-0.00019452312461787358,-0.004831360898873656,-6.848550577001497e-05,-6.848550577001497e-05,nan
11.482,39.206212758999754,ABORT,ABORT_SAFE_HOLD,ABORT_RETRACT_PROFILE,-0.012798446230590343,-0.0001525954285170883,8.66141272126697e-05,0.001221097307279706,-0.0007531113806180656,0.013325505889952183,0.0,0.0,1.0,0.019291875894388646,0.019291875894388646,0.9999953013683933,0.019291875894388646,nan,-0.026518406346440315,0.013338263146579266,-0.01672440581023693,0.03407111516560336,-0.02101175270800901,0.024032894776229864,-0.05570942369909473,-0.0022974214516580105,-0.0032999585382640357,0.002190211787819863,-0.05570942369909473,0.025649312883861877,1.4695973756558118,1.885964708110099,True,True,0.19399999999999906,1.0209370109987503,9,-0.030978655951177103,0.007377931261648006,-0.005329343067315227,-0.005329343067315227,nan,0.025602432868249814,-0.0034651880773576118,0.015681391804807883,0.015681391804807883,nan,0.03291629373293503,-0.0024949162725071495,0.019719775024221325,0.019719775024221325,nan,0.02347041494056512,0.0017318123174389684,0.015700377703019033,0.015700377703019033,nan,0.006412974796790927,0.4105408341724803,0.006189400163653354,0.006189400163653354,nan,-0.00017730874786625606,-0.010380115409069544,-6.723289766317967e-05,-6.723289766317967e-05,nan
11.482,39.281451193000976,ABORT,ABORT_SAFE_HOLD,ABORT_RETRACT_PROFILE,-0.012798446230590343,-0.0001525954285170883,8.66141272126697e-05,0.001221097307279706,-0.0007531113806180656,0.013325505889952183,0.0,0.0,1.0,0.019291875894388646,0.019291875894388646,0.9999953013683933,0.019291875894388646,nan,-0.026518406346440315,0.013338263146579266,-0.01672440581023693,0.03407111516560336,-0.02101175270800901,0.024032894776229864,-0.05570942369909473,-0.0022974214516580105,-0.0032999585382640357,0.002190211787819863,-0.05570942369909473,0.025649312883861877,1.4695973756558118,1.885964708110099,True,True,0.19399999999999906,1.0209370109987503,9,-0.030978655951177103,0.007377931261648006,-0.005329343067315227,-0.005329343067315227,nan,0.025602432868249814,-0.0034651880773576118,0.015681391804807883,0.015681391804807883,nan,0.03291629373293503,-0.0024949162725071495,0.019719775024221325,0.019719775024221325,nan,0.02347041494056512,0.0017318123174389684,0.015700377703019033,0.015700377703019033,nan,0.006412974796790927,0.4105408341724803,0.006189400163653354,0.006189400163653354,nan,-0.00017730874786625606,-0.010380115409069544,-6.723289766317967e-05,-6.723289766317967e-05,nan
11.49,39.35640644600062,ABORT,ABORT_SAFE_HOLD,ABORT_RETRACT_PROFILE,-0.012798446230590343,-0.0001525954285170883,8.66141272126697e-05,0.001221097307279706,-0.0007531113806180656,0.013325505889952183,0.0,0.0,1.0,0.019291875894388646,0.019291875894388646,0.9999953013683933,0.019291875894388646,nan,-0.026518406346440315,0.013338263146579266,-0.01672440581023693,0.03407111516560336,-0.02101175270800901,0.024032894776229864,-0.05570942369909473,-0.0022974214516580105,-0.0032999585382640357,0.002190211787819863,-0.05570942369909473,0.025680012944056897,1.4713563595357841,1.885964708110099,True,True,0.19399999999999906,1.0209370109987503,9,-0.030978655951177103,0.007377931261648006,-0.005298643007120206,-0.005298643007120206,nan,0.025602432868249814,-0.0034651880773576118,0.015591058030781993,0.015591058030781993,nan,0.03291629373293503,-0.0024949162725071495,0.019606177856122176,0.019606177856122176,nan,0.02347041494056512,0.0017318123174389684,0.015609934559374677,0.015609934559374677,nan,0.006412974796790927,0.4105408341724803,0.00615374568331776,0.00615374568331776,nan,-0.00017730874786625606,-0.010380115409069544,-6.68455977691263e-05,-6.68455977691263e-05,nan
11.498,39.430245978997846,ABORT,ABORT_SAFE_HOLD,ABORT_RETRACT_PROFILE,-0.01281763892620802,-0.0002075991069432348,0.00022632311447523534,0.001221097307279706,-0.0007531113806180656,0.013325505889952183,0.0,0.0,1.0,0.019208651385756444,0.019208651385756444,0.9998558595908881,0.019208651385756444,nan,-0.026163199916481972,0.014289135113358498,-0.01725461520254612,0.03444436322456191,-0.021025868480119125,0.02405505435417058,-0.05563444105797196,-0.0022974214516580105,-0.0032999585382640357,0.002190211787819863,-0.05563444105797196,0.025488071026376125,1.4603588977410282,1.8859401503456967,True,True,0.19399999999999906,1.0209370109987503,9,-0.030755947135232553,0.008900646081787231,-0.0052678761088564285,-0.0052678761088564285,nan,0.025615677077586163,-0.0058763683734218575,0.015500527588249229,0.015500527588249229,nan,0.03291586511908928,-0.0070284136003609995,0.019492333372047622,0.019492333372047622,nan,0.023510756290746393,-0.005656302566135319,0.015519294509111405,0.015519294509111405,nan,0.006262918221393576,0.4050319639323223,0.006118013578489151,0.006118013578489151,nan,-0.00017901251740060076,-0.008380052531646543,-6.645745467226538e-05,-6.645745467226538e-05,nan
11.529,39.503823232000286,ABORT,ABORT_SAFE_HOLD,ABORT_RETRACT_PROFILE,-0.012838433496654034,-0.00021611576084978878,0.0003749794268514961,0.001221097307279706,-0.0007531113806180656,0.013325505889952183,0.0,0.0,1.0,0.019122628124655962,0.019122628124655962,0.9997074841355034,0.019122628124655962,nan,-0.025980880483984947,0.014679883606731892,-0.01770975813269615,0.03470073005786626,-0.02091554450235948,0.02414210599959645,-0.05560661368389278,0.0006233018357306719,-0.005921242292970419,0.0018240509089082486,-0.05560661368389278,0.025373086955478713,1.4537707957673736,1.8865385607095364,True,True,0.19399999999999906,1.0209370109987503,9,-0.030521145868811494,0.016455692890155537,-0.00514805891333278,-0.00514805891333278,nan,0.02564021930306648,0.001113988412550278,0.015147969990769181,0.015147969990769181,nan,0.03292630935021634,-0.002614437651122385,0.019048982641964148,0.019048982641964148,nan,0.02356033499881338,-0.005537929273368141,0.015166310060319774,0.015166310060319774,nan,0.00619563982388982,-0.4361481777739564,0.0059788601105634775,0.0059788601105634775,nan,-0.00013374283647671348,-0.007292150459042206,-6.494588802264661e-05,-6.494588802264661e-05,nan
11.541,39.577282792000915,ABORT,ABORT_SAFE_HOLD,ABORT_RETRACT_PROFILE,-0.012878128327429295,-0.00022072173305787146,0.0002471650659572333,0.001221097307279706,-0.0007531113806180656,0.013325505889952183,0.0,0.0,1.0,0.01923836274072816,0.01923836274072816,0.9998357994520684,0.01923836274072816,nan,-0.02581465244293213,0.013690631836652756,-0.018201302736997604,0.03442552980216845,-0.02086052035119255,0.02417976397514068,-0.05556459196794387,0.0002534505329094827,-0.007112513761967421,0.0005192160606384286,-0.05556459196794387,0.025241793281508183,1.4462482223720956,1.854053471856719,True,True,0.19399999999999906,1.0209370109987503,9,-0.030343233896512167,0.023036249687387055,-0.005101440615003984,-0.005101440615003984,nan,0.025170704751474204,-0.013458695046288879,0.015010797398925597,0.015010797398925597,nan,0.03235933759193177,-0.019629157408228418,0.01887648439153363,0.01887648439153363,nan,0.02340826039549171,-0.027788109707243113,0.01502897138979526,0.01502897138979526,nan,0.011764382613221436,-0.6357656272017709,0.00592471848378867,0.00592471848378867,nan,-0.0012923214450983878,-0.005636532814528736,-6.43577698922913e-05,-6.43577698922913e-05,nan
11.551,39.6567643390008,ABORT,ABORT_SAFE_HOLD,ABORT_RETRACT_PROFILE,-0.012878128327429295,-0.00022072173305787146,0.0002471650659572333,0.001221097307279706,-0.0007531113806180656,0.013325505889952183,0.0,0.0,1.0,0.01923836274072816,0.01923836274072816,0.9998357994520684,0.01923836274072816,nan,-0.02581465244293213,0.013690631836652756,-0.018201302736997604,0.03442552980216845,-0.02086052035119255,0.02417976397514068,-0.05556459196794387,0.0002534505329094827,-0.007112513761967421,0.0005192160606384286,-0.05556459196794387,0.02528073566221979,1.4484794564310624,1.854053471856719,True,True,0.19399999999999906,1.0209370109987503,9,-0.030343233896512167,0.023036249687387055,-0.005062498234292377,-0.005062498234292377,nan,0.025170704751474204,-0.013458695046288879,0.014896210906362199,0.014896210906362199,nan,0.03235933759193177,-0.019629157408228418,0.0187323887728353,0.0187323887728353,nan,0.02340826039549171,-0.027788109707243113,0.014914246164170968,0.014914246164170968,nan,0.011764382613221436,-0.6357656272017709,0.005879491525323994,0.005879491525323994,nan,-0.0012923214450983878,-0.005636532814528736,-6.386648812189795e-05,-6.386648812189795e-05,nan
11.562,39.730139503997634,ABORT,ABORT_SAFE_HOLD,ABORT_RETRACT_PROFILE,-0.012920452281832695,-0.00020160863641649485,0.0001480609644204378,0.001221097307279706,-0.0007531113806180656,0.013325505889952183,0.0,0.0,1.0,0.019337337842205926,0.019337337842205926,0.9999354372790364,0.019337337842205926,nan,-0.024770602583885193,0.014271268621087074,-0.01956818625330925,0.03464340880554634,-0.020854868308899387,0.02416545579223458,-0.05554412859108397,0.0037331711500883102,-0.006264176685363054,0.0025476019363850364,-0.05554412859108397,0.02515868163297044,1.4414862756825082,1.8492333335382376,True,True,0.19399999999999906,1.0209370109987503,9,-0.03017824964996496,0.014170787422279306,-0.005019568016994522,-0.005019568016994522,nan,0.025123575457268288,0.01819246030490376,0.014769890354427394,0.014769890354427394,nan,0.032275210307872726,0.018253251244446246,0.018573537256586205,0.018573537256586205,nan,0.023279653566269154,0.018569366838695013,0.014787772672422473,0.014787772672422473,nan,-0.007493403544830635,0.5685577923173318,0.005829633167433953,0.005829633167433953,nan,-0.0002699816460873805,-0.001910083793880731,-6.332489737238393e-05,-6.332489737238393e-05,nan
11.582,39.80614218899791,ABORT,ABORT_SAFE_HOLD,ABORT_RETRACT_PROFILE,-0.012935709208250046,-0.000170749073731713,7.949872087920085e-05,0.001221097307279706,-0.0007531113806180656,0.013325505889952183,0.0,0.0,1.0,0.019396159993611117,0.019396159993611117,1.000004185294369,0.019396159993611117,nan,-0.023738160729408264,0.01401654351502657,-0.020439600571990013,0.034318231866842276,-0.020806593212780174,0.024133147097026648,-0.05548625655735376,0.002839719643816352,-0.007925804704427719,0.002054078737273813,-0.05548625655735376,0.024857820643181903,1.4242482107474965,1.8494472458935307,True,True,0.19399999999999906,1.0209370109987503,9,-0.029799098878312336,0.026396060566777978,-0.004941278235130432,-0.004941278235130432,nan,0.025148174717940286,-0.011586866328701784,0.01453952561186594,0.01453952561186594,nan,0.03227894378278329,-0.016328658721002972,0.01828384735192916,0.01828384735192916,nan,0.02325696265591226,-0.023148849093397518,0.014557129020845277,0.014557129020845277,nan,0.013401746654697178,-0.5274185543581837,0.005738708867278869,0.005738708867278869,nan,-0.0002975380991490084,-0.006348394269895211,-6.233722425289141e-05,-6.233722425289141e-05,nan
11.582,39.8906643909977,ABORT,ABORT_SAFE_HOLD,ABORT_RETRACT_PROFILE,-0.012935709208250046,-0.000170749073731713,7.949872087920085e-05,0.001221097307279706,-0.0007531113806180656,0.013325505889952183,0.0,0.0,1.0,0.019396159993611117,0.019396159993611117,1.000004185294369,0.019396159993611117,nan,-0.023738160729408264,0.01401654351502657,-0.020439600571990013,0.034318231866842276,-0.020806593212780174,0.024133147097026648,-0.05548625655735376,0.002839719643816352,-0.007925804704427719,0.002054078737273813,-0.05548625655735376,0.024857820643181903,1.4242482107474965,1.8494472458935307,True,True,0.19399999999999906,1.0209370109987503,9,-0.029799098878312336,0.026396060566777978,-0.004941278235130432,-0.004941278235130432,nan,0.025148174717940286,-0.011586866328701784,0.01453952561186594,0.01453952561186594,nan,0.03227894378278329,-0.016328658721002972,0.01828384735192916,0.01828384735192916,nan,0.02325696265591226,-0.023148849093397518,0.014557129020845277,0.014557129020845277,nan,0.013401746654697178,-0.5274185543581837,0.005738708867278869,0.005738708867278869,nan,-0.0002975380991490084,-0.006348394269895211,-6.233722425289141e-05,-6.233722425289141e-05,nan
11.591,40.00014247999934,ABORT,ABORT_SAFE_HOLD,ABORT_RETRACT_PROFILE,-0.012935709208250046,-0.000170749073731713,7.949872087920085e-05,0.001221097307279706,-0.0007531113806180656,0.013325505889952183,0.0,0.0,1.0,0.019396159993611117,0.019396159993611117,1.000004185294369,0.019396159993611117,nan,-0.023738160729408264,0.01401654351502657,-0.020439600571990013,0.034318231866842276,-0.020806593212780174,0.024133147097026648,-0.05548625655735376,0.002839719643816352,-0.007925804704427719,0.002054078737273813,-0.05548625655735376,0.02489314315533825,1.4262720416158547,1.8494472458935307,True,True,0.19399999999999906,1.0209370109987503,9,-0.029799098878312336,0.026396060566777978,-0.004905955722974085,-0.004905955722974085,nan,0.025148174717940286,-0.011586866328701784,0.014435590446563699,0.014435590446563699,nan,0.03227894378278329,-0.016328658721002972,0.018153146065820292,0.018153146065820292,nan,0.02325696265591226,-0.023148849093397518,0.014453068018340986,0.014453068018340986,nan,0.013401746654697178,-0.5274185543581837,0.005697685956995243,0.005697685956995243,nan,-0.0002975380991490084,-0.006348394269895211,-6.189160932155421e-05,-6.189160932155421e-05,nan
11.619,40.079934605000744,ABORT,ABORT_SAFE_HOLD,ABORT_RETRACT_PROFILE,-0.012947624549269676,-7.593547343276441e-05,0.00017434832989238203,0.001221097307279706,-0.0007531113806180656,0.013325505889952183,0.0,0.0,1.0,0.01934332420829084,0.01934332420829084,0.9999094861462312,0.01934332420829084,nan,-0.023060107603669167,0.013757714070379734,-0.021452415734529495,0.03436930898319333,-0.02080105126198595,0.024145329731364146,-0.05532894606471155,-0.003806845284998417,-0.006297733169049024,0.00661030411720276,-0.055328946064711546,0.024631061590199246,1.4112558740452068,1.8501412229614222,True,True,0.19399999999999906,1.0209370109987503,9,-0.0294267977929632,0.024919060746418635,-0.004795736202763953,-0.004795736202763953,nan,0.02517757912375096,-0.015194359889229526,0.014111273648203833,0.014111273648203833,nan,0.03229105596755133,-0.017225664004801484,0.017745308905711105,0.017745308905711105,nan,0.02324138837031864,-0.020345684494497494,0.014128358560592306,0.014128358560592306,nan,0.013320763829331561,0.41955438362689945,0.005569679051114054,0.005569679051114054,nan,-0.00032647281079345447,-0.009729862428929734,-6.050112317172829e-05,-6.050112317172829e-05,nan
11.633,40.15268611400097,ABORT,ABORT_SAFE_HOLD,ABORT_RETRACT_PROFILE,-0.012947624549269676,-7.593547343276441e-05,0.00017434832989238203,0.001221097307279706,-0.0007531113806180656,0.013325505889952183,0.0,0.0,1.0,0.01934332420829084,0.01934332420829084,0.9999094861462312,0.01934332420829084,nan,-0.023060107603669167,0.013757714070379734,-0.021452415734529495,0.03436930898319333,-0.02080105126198595,0.024145329731364146,-0.05532894606471155,0.0041857217438519,-0.004582731984555721,0.002505256794393063,-0.055328946064711546,0.02436829112952877,1.3962002356680803,1.8504956577499392,True,True,0.19399999999999906,1.0209370109987503,9,-0.02910875139350466,0.023489414955826998,-0.004740460263975891,-0.004740460263975891,nan,0.02519871082548164,0.01761797970064191,0.013948626274490873,0.013948626274490873,nan,0.03229724202159456,0.01760074052727434,0.017540775426934264,0.017540775426934264,nan,0.02323412763220567,0.017316834456269796,0.013965514265169841,0.013965514265169841,nan,0.0071967555682963535,0.5496938338906965,0.005505482601334122,0.005505482601334122,nan,-0.0001910877173907366,-0.0023924428009342675,-5.980378365186018e-05,-5.980378365186018e-05,nan
11.633,40.2350154650012,ABORT,ABORT_SAFE_HOLD,ABORT_RETRACT_PROFILE,-0.012947624549269676,-7.593547343276441e-05,0.00017434832989238203,0.001221097307279706,-0.0007531113806180656,0.013325505889952183,0.0,0.0,1.0,0.01934332420829084,0.01934332420829084,0.9999094861462312,0.01934332420829084,nan,-0.023060107603669167,0.013757714070379734,-0.021452415734529495,0.03436930898319333,-0.02080105126198595,0.024145329731364146,-0.05532894606471155,0.0041857217438519,-0.004582731984555721,0.002505256794393063,-0.055328946064711546,0.02436829112952877,1.3962002356680803,1.8504956577499392,True,True,0.19399999999999906,1.0209370109987503,9,-0.02910875139350466,0.023489414955826998,-0.004740460263975891,-0.004740460263975891,nan,0.02519871082548164,0.01761797970064191,0.013948626274490873,0.013948626274490873,nan,0.03229724202159456,0.01760074052727434,0.017540775426934264,0.017540775426934264,nan,0.02323412763220567,0.017316834456269796,0.013965514265169841,0.013965514265169841,nan,0.0071967555682963535,0.5496938338906965,0.005505482601334122,0.005505482601334122,nan,-0.0001910877173907366,-0.0023924428009342675,-5.980378365186018e-05,-5.980378365186018e-05,nan
11.651,40.29681002600046,ABORT,ABORT_SAFE_HOLD,ABORT_RETRACT_PROFILE,-0.01296836044639349,-1.2041316949762404e-05,0.0003404238959774375,0.001221097307279706,-0.0007531113806180656,0.013325505889952183,0.0,0.0,1.0,0.01924843501619778,0.01924843501619778,0.9997436904597773,0.01924843501619778,nan,-0.023815227672457695,0.014755034819245338,-0.021352214738726616,0.03522489454713571,-0.02075259562069896,0.024154635497155342,-0.05527455763587646,0.004453625530004501,-0.009275286458432674,0.003178274026140572,-0.05527455763587646,0.024119037851597167,1.381919074812798,1.8486737116805152,True,True,0.19399999999999906,1.0209370109987503,9,-0.02878828889455587,0.01330606634416792,-0.004669251042958702,-0.004669251042958702,nan,0.0251855795058491,0.011041951845293666,0.013739095816274707,0.013739095816274707,nan,0.03226544306388934,0.012688203440143962,0.01727728519926978,0.01727728519926978,nan,0.023193720292864484,0.016444263266297696,0.013755730122586794,0.013755730122586794,nan,0.007354902469288049,0.5055937533843505,0.0054227815331817485,0.0054227815331817485,nan,-0.00019953531483540843,-0.0013812760378691547,-5.890543610529564e-05,-5.890543610529564e-05,nan
11.672,40.340542524998455,ABORT,ABORT_SAFE_HOLD,ABORT_RETRACT_PROFILE,-0.012812984175980091,-0.0001293241512030363,0.0004667949688155204,0.001221097307279706,-0.0007531113806180656,0.013325505889952183,0.0,0.0,1.0,0.019044448013521318,0.019044448013521318,0.9996153346403515,0.019044448013521318,nan,-0.02283429726958275,0.015874333679676056,-0.021471109241247177,0.03513414483972738,-0.02069165389380083,0.024094432524428097,-0.05520923215360233,0.0034441272728145123,0.004468341823667288,0.001865552039816975,-0.05520923215360233,0.023885246130875934,1.3685237959303702,1.848727167504158,True,True,0.19399999999999906,1.0209370109987503,9,-0.028471248995690424,0.013303250232405915,-0.0045860028648144905,-0.0045860028648144905,nan,0.025201436702485758,0.014238769530103121,0.01349414117889696,0.01349414117889696,nan,0.032266376044016276,0.014409096070150458,0.01696924810662167,0.01696924810662167,nan,0.023199397501774577,0.01621826754323589,0.013510478911800926,0.013510478911800926,nan,0.007223122899858936,-0.40340264483823424,0.005326098643579523,0.005326098643579523,nan,-0.00016877453397512454,-0.006713602665054214,-5.785520980702216e-05,-5.785520980702216e-05,nan
11.675,40.420541638999566,ABORT,ABORT_SAFE_HOLD,ABORT_RETRACT_PROFILE,-0.012812984175980091,-0.0001293241512030363,0.0004667949688155204,0.001221097307279706,-0.0007531113806180656,0.013325505889952183,0.0,0.0,1.0,0.019044448013521318,0.019044448013521318,0.9996153346403515,0.019044448013521318,nan,-0.02283429726958275,0.015874333679676056,-0.021471109241247177,0.03513414483972738,-0.02069165389380083,0.024094432524428097,-0.05520923215360233,0.0034441272728145123,0.004468341823667288,0.001865552039816975,-0.05520923215360233,0.02358248988683553,1.3511771409256221,1.8485868653675503,True,True,0.19399999999999906,1.0209370109987503,9,-0.02815658713568414,0.01216657417183844,-0.00457409724884861,-0.00457409724884861,nan,0.025213580001026692,0.014924533122453457,0.013459109351093726,0.013459109351093726,nan,0.03226392730978489,0.01494558716026204,0.016925194634100485,0.016925194634100485,nan,0.023204822742505016,0.01660814235170563,0.013475404669987182,0.013475404669987182,nan,0.007198758724784149,-0.48344952877809183,0.005312271682080357,0.005312271682080357,nan,-0.0001945582341393859,-0.0068935580121504084,-5.7705013234998056e-05,-5.7705013234998056e-05,nan
11.698,40.50889168299909,ABORT,ABORT_SAFE_HOLD,ABORT_RETRACT_PROFILE,-0.012552552856504917,-0.000220178029849194,0.000789148616604507,0.001221097307279706,-0.0007531113806180656,0.013325505889952183,0.0,0.0,1.0,0.01863216870028025,0.01863216870028025,0.9992897180417251,0.01863216870028025,nan,-0.021365907043218613,0.015647059306502342,-0.0206932220607996,0.03360865793182202,-0.02066708685545932,0.024261496508240717,-0.055174275994067754,-0.003971787169575691,-0.0056460765190422535,0.002009900053963066,-0.055174275994067754,0.023359918967611453,1.3384247666117355,1.8486066374940158,True,True,0.19399999999999906,1.0209370109987503,9,-0.02784265025440824,0.02037761043555188,-0.004482731286796788,-0.004482731286796788,nan,0.02522741812304563,0.010134666667262423,0.013190268439472772,0.013190268439472772,nan,0.03226427239849183,0.011664910387379799,0.016587119904480738,0.016587119904480738,nan,0.02321899397013283,0.015095056103296124,0.013206238265180002,0.013206238265180002,nan,0.007261493388218909,0.526466935448656,0.005206160948856201,0.005206160948856201,nan,-0.00016710837588362892,-0.001653223001011899,-5.655237616529958e-05,-5.655237616529958e-05,nan
11.698,40.58234954599902,ABORT,ABORT_SAFE_HOLD,ABORT_RETRACT_PROFILE,-0.012552552856504917,-0.000220178029849194,0.000789148616604507,0.001221097307279706,-0.0007531113806180656,0.013325505889952183,0.0,0.0,1.0,0.01863216870028025,0.01863216870028025,0.9992897180417251,0.01863216870028025,nan,-0.021365907043218613,0.015647059306502342,-0.0206932220607996,0.03360865793182202,-0.02066708685545932,0.024261496508240717,-0.055174275994067754,-0.003971787169575691,-0.0056460765190422535,0.002009900053963066,-0.055174275994067754,0.023359918967611453,1.3384247666117355,1.8486066374940158,True,True,0.19399999999999906,1.0209370109987503,9,-0.02784265025440824,0.02037761043555188,-0.004482731286796788,-0.004482731286796788,nan,0.02522741812304563,0.010134666667262423,0.013190268439472772,0.013190268439472772,nan,0.03226427239849183,0.011664910387379799,0.016587119904480738,0.016587119904480738,nan,0.02321899397013283,0.015095056103296124,0.013206238265180002,0.013206238265180002,nan,0.007261493388218909,0.526466935448656,0.005206160948856201,0.005206160948856201,nan,-0.00016710837588362892,-0.001653223001011899,-5.655237616529958e-05,-5.655237616529958e-05,nan
11.723,40.661980787001085,ABORT,ABORT_SAFE_HOLD,ABORT_RETRACT_PROFILE,-0.012462166137993336,-0.00023331830743700266,0.0009367580059915781,0.001221097307279706,-0.0007531113806180656,0.013325505889952183,0.0,0.0,1.0,0.018465723854861765,0.018465723854861765,0.9991409918154005,0.018465723854861765,nan,-0.022043976932764053,0.015907974913716316,-0.021018056198954582,0.03436217791773499,-0.020734407815711692,0.02424808097671431,-0.0550988140270898,-0.00028640462551265955,-0.00897119753062725,0.003119969274848701,-0.0550988140270898,0.023157877289684686,1.3268486311807903,1.8486605197928416,True,True,0.19399999999999906,1.0209370109987503,9,-0.027541158492363493,0.019628257292879613,-0.004383281202678806,-0.004383281202678806,nan,0.025242019919073932,0.013528083955899588,0.012897640302312741,0.012897640302312741,nan,0.03226521282201489,0.01332470546201105,0.01621913209431815,0.01621913209431815,nan,0.02323573304444615,0.014792958354212887,0.012913255834976663,0.012913255834976663,nan,0.007269586599977451,-0.4084504571087033,0.00509066146624825,0.00509066146624825,nan,-0.00014480535092786795,-0.007342289100785739,-5.529775298873848e-05,-5.529775298873848e-05,nan
11.756,40.74251036699934,ABORT,ABORT_SAFE_HOLD,ABORT_RETRACT_PROFILE,-0.012249818071722984,-0.00019754406821448356,0.001003278186544776,0.001221097307279706,-0.0007531113806180656,0.013325505889952183,0.0,0.0,1.0,0.018265035224753427,0.018265035224753427,0.9990718428924314,0.018265035224753427,nan,-0.020336130633950233,0.016090132296085358,-0.021797996014356613,0.0338762925466841,-0.020767775419096062,0.024153065500732776,-0.05504128513673719,-0.0024478137493133545,-0.009168893098831177,0.0011777903418988,-0.0550412851367372,0.02267592786689623,1.2992349633162457,1.8501283922956542,True,True,0.19399999999999906,1.0209370109987503,9,-0.02692781558368651,0.02175332833456218,-0.00425188771679028,-0.00425188771679028,nan,0.02529919529244129,0.020581292683291074,0.012511019905240901,0.012511019905240901,nan,0.032290832030188454,0.01976616799344326,0.015732946470941644,0.015732946470941644,nan,0.0232915960346185,0.019707767562893802,0.0125261673458122,0.0125261673458122,nan,-0.007715814984686986,-0.36678963338834325,0.004938063509466474,0.004938063509466474,nan,-9.306656052565643e-05,-0.0036290154453908416,-5.36401444094503e-05,-5.36401444094503e-05,nan
11.774000000000001,40.81811608299904,ABORT,ABORT_SAFE_HOLD,ABORT_RETRACT_PROFILE,-0.012249818071722984,-0.00019754406821448356,0.001003278186544776,0.001221097307279706,-0.0007531113806180656,0.013325505889952183,0.0,0.0,1.0,0.018265035224753427,0.018265035224753427,0.9990718428924314,0.018265035224753427,nan,-0.020336130633950233,0.016090132296085358,-0.021797996014356613,0.0338762925466841,-0.020767775419096062,0.024153065500732776,-0.05504128513673719,-0.0013485364615917206,-0.004457671195268631,0.003182267770171166,-0.0550412851367372,0.022747608007414745,1.303341932842861,1.8501283922956542,True,True,0.19399999999999906,1.0209370109987503,9,-0.02692781558368651,0.02175332833456218,-0.0041802075762717664,-0.0041802075762717664,nan,0.02529919529244129,0.020581292683291074,0.012300103784079884,0.012300103784079884,nan,0.032290832030188454,0.01976616799344326,0.015467713734584564,0.015467713734584564,nan,0.0232915960346185,0.019707767562893802,0.012314995862623544,0.012314995862623544,nan,-0.007715814984686986,-0.36678963338834325,0.00485481552414218,0.00485481552414218,nan,-9.306656052565643e-05,-0.0036290154453908416,-5.273585592753215e-05,-5.273585592753215e-05,nan
11.781,40.89322083400111,ABORT,ABORT_SAFE_HOLD,ABORT_RETRACT_PROFILE,-0.012112373486161232,-0.0001407236122759059,0.0007335263071581721,0.001221097307279706,-0.0007531113806180656,0.013325505889952183,0.0,0.0,1.0,0.01834977961698338,0.01834977961698338,0.9993398895476605,0.01834977961698338,nan,-0.019729673862457275,0.016181625425815582,-0.0212396290153265,0.0331998023013546,-0.020794286650622242,0.024215140536455338,-0.055022794719489315,0.0024242918007075787,-0.008357980288565159,0.0024305530823767194,-0.055022794719489315,0.022480408350109934,1.2880325201919536,1.8435107597997296,True,True,0.19399999999999906,1.0209370109987503,9,-0.026632744962028276,0.021862884911355913,-0.004152336611918344,-0.004152336611918344,nan,0.025210123460516876,0.013506177068086486,0.012218094518306712,0.012218094518306712,nan,0.0321753325544476,0.014599378131186988,0.015364584861135164,0.015364584861135164,nan,0.02315801505642945,0.01557881868428402,0.012232887305946114,0.012232887305946114,nan,-0.007642848704542793,-0.41363001873670396,0.004822446703229107,0.004822446703229107,nan,-0.0002233895224224014,-0.009407760687001806,-5.2384246794759276e-05,-5.2384246794759276e-05,nan
11.785,41.01351238799907,ABORT,ABORT_SAFE_HOLD,ABORT_RETRACT_PROFILE,-0.012112373486161232,-0.0001407236122759059,0.0007335263071581721,0.001221097307279706,-0.0007531113806180656,0.013325505889952183,0.0,0.0,1.0,0.01834977961698338,0.01834977961698338,0.9993398895476605,0.01834977961698338,nan,-0.019729673862457275,0.016181625425815582,-0.0212396290153265,0.0331998023013546,-0.020794286650622242,0.024215140536455338,-0.055022794719489315,0.0024242918007075787,-0.008357980288565159,0.0024305530823767194,-0.055022794719489315,0.02249633260062891,1.2889449125385999,1.8435107597997296,True,True,0.19399999999999906,1.0209370109987503,9,-0.026632744962028276,0.021862884911355913,-0.004136412361399368,-0.004136412361399368,nan,0.025210123460516876,0.013506177068086486,0.012171238009271394,0.012171238009271394,nan,0.0321753325544476,0.014599378131186988,0.015305661531618352,0.015305661531618352,nan,0.02315801505642945,0.01557881868428402,0.012185974066429078,0.012185974066429078,nan,-0.007642848704542793,-0.41363001873670396,0.00480395257411727,0.00480395257411727,nan,-0.0002233895224224014,-0.009407760687001806,-5.218335270856856e-05,-5.218335270856856e-05,nan
11.805,41.090992075998656,ABORT,ABORT_SAFE_HOLD,ABORT_RETRACT_PROFILE,-0.01202899869531393,-8.799657371127978e-05,0.000578062201384455,0.001221097307279706,-0.0007531113806180656,0.013325505889952183,0.0,0.0,1.0,0.018398498372897712,0.018398498372897712,0.9994943293016467,0.018398498372897712,nan,-0.019662367179989815,0.0162460058927536,-0.0208879541605711,0.0329673781123438,-0.020767130944266333,0.02418204554155056,-0.05498432010938026,-5.097780376672745e-05,-0.000602436193730682,0.0007783717010170222,-0.054984320109380265,0.02229072872049682,1.2771646779555175,1.842329151299404,True,True,0.19399999999999906,1.0209370109987503,9,-0.02634755167906544,0.011734028316853912,-0.0040568229585686184,-0.0040568229585686184,nan,0.02519643406314831,-0.001063039667118584,0.011937049180829464,0.011937049180829464,nan,0.03215470959564737,0.0018852050015515825,0.01501116273536706,0.01501116273536706,nan,0.02317729835696003,0.008629897762953235,0.011951501699044029,0.011951501699044029,nan,0.008054612895700863,0.5449635958607576,0.0047115189182832355,0.0047115189182832355,nan,-0.0001511878542821421,0.0017994409305580918,-5.117928408172201e-05,-5.117928408172201e-05,nan
11.807,41.17380469899945,ABORT,ABORT_SAFE_HOLD,ABORT_RETRACT_PROFILE,-0.01202899869531393,-8.799657371127978e-05,0.000578062201384455,0.001221097307279706,-0.0007531113806180656,0.013325505889952183,0.0,0.0,1.0,0.018398498372897712,0.018398498372897712,0.9994943293016467,0.018398498372897712,nan,-0.019662367179989815,0.0162460058927536,-0.0208879541605711,0.0329673781123438,-0.020767130944266333,0.02418204554155056,-0.05498432010938026,-5.097780376672745e-05,-0.000602436193730682,0.0007783717010170222,-0.054984320109380265,0.0222986839827213,1.2776204809059,1.842329151299404,True,True,0.19399999999999906,1.0209370109987503,9,-0.02634755167906544,0.011734028316853912,-0.004048867696344139,-0.004048867696344139,nan,0.02519643406314831,-0.001063039667118584,0.011913641120534538,0.011913641120534538,nan,0.03215470959564737,0.0018852050015515825,0.01498172646539083,0.01498172646539083,nan,0.02317729835696003,0.008629897762953235,0.011928065297957953,0.011928065297957953,nan,0.008054612895700863,0.5449635958607576,0.004702279824328845,0.004702279824328845,nan,-0.0001511878542821421,0.0017994409305580918,-5.1078923619979084e-05,-5.1078923619979084e-05,nan
11.837,41.24894144800055,ABORT,ABORT_SAFE_HOLD,ABORT_RETRACT_PROFILE,-0.011848179623484612,0.00010029987606685609,-0.00013930392742622644,0.001221097307279706,-0.0007531113806180656,0.013325505889952183,0.0,0.0,1.0,0.018783913694547655,0.018783913694547655,1.0002094863981708,0.018783913694547655,nan,-0.019298089668154716,0.0168325025588274,-0.02106756903231144,0.033160094574115416,-0.02073161646184937,0.024289232356745866,-0.054986462250038025,0.002897712867707014,-0.004835342988371848,0.0035607577301561837,-0.054986462250038025,0.02181239944367805,1.249758429176257,1.8417796108844293,True,True,0.19399999999999906,1.0209370109987503,9,-0.0257420515212452,0.01747016833697899,-0.003929652077567154,-0.003929652077567154,nan,0.025206825377252606,0.001035256292257418,0.011562853640036253,0.011562853640036253,nan,0.03214511830603328,0.002116744039583187,0.014540601705366741,0.014540601705366741,nan,0.02324167187040338,0.006833433265946058,0.011576853109278062,0.011576853109278062,nan,0.0076252613841383265,-0.37459044175168377,0.00456382501647576,0.00456382501647576,nan,-0.00017328506083291728,-0.0028828303800148697,-4.95749462261718e-05,-4.95749462261718e-05,nan
11.837,41.323411842000496,ABORT,ABORT_SAFE_HOLD,ABORT_RETRACT_PROFILE,-0.011848179623484612,0.00010029987606685609,-0.00013930392742622644,0.001221097307279706,-0.0007531113806180656,0.013325505889952183,0.0,0.0,1.0,0.018783913694547655,0.018783913694547655,1.0002094863981708,0.018783913694547655,nan,-0.019298089668154716,0.0168325025588274,-0.02106756903231144,0.033160094574115416,-0.02073161646184937,0.024289232356745866,-0.054986462250038025,0.002897712867707014,-0.004835342988371848,0.0035607577301561837,-0.054986462250038025,0.02181239944367805,1.249758429176257,1.8417796108844293,True,True,0.19399999999999906,1.0209370109987503,9,-0.0257420515212452,0.01747016833697899,-0.003929652077567154,-0.003929652077567154,nan,0.025206825377252606,0.001035256292257418,0.011562853640036253,0.011562853640036253,nan,0.03214511830603328,0.002116744039583187,0.014540601705366741,0.014540601705366741,nan,0.02324167187040338,0.006833433265946058,0.011576853109278062,0.011576853109278062,nan,0.0076252613841383265,-0.37459044175168377,0.00456382501647576,0.00456382501647576,nan,-0.00017328506083291728,-0.0028828303800148697,-4.95749462261718e-05,-4.95749462261718e-05,nan
11.86,41.40522943600081,ABORT,ABORT_SAFE_HOLD,ABORT_RETRACT_PROFILE,-0.011627132073044777,6.261840462684631e-05,-0.0007732280064374208,0.001221097307279706,-0.0007531113806180656,0.013325505889952183,0.0,0.0,1.0,0.019092320727799806,0.019092320727799806,1.0008407705602993,0.019092320727799806,nan,-0.018908146768808365,0.016717640683054924,-0.021492915228009224,0.03315030813185486,-0.020705882499736875,0.02430388082466684,-0.05495256453352631,0.001933304825797677,-0.00502519542351365,0.004011081997305156,-0.054952564533526316,0.021620239442362445,1.2387484721096444,1.841653336318299,True,True,0.19399999999999906,1.0209370109987503,9,-0.025458681096749203,0.010966602875714472,-0.003838441654386757,-0.003838441654386757,nan,0.025215517744145544,-0.0032685902946365886,0.011294470395702411,0.011294470395702411,nan,0.03214291439909278,-0.007497389713346431,0.014203102504759348,0.014203102504759348,nan,0.02328570936161256,-0.009649260655703495,0.011308144925868534,0.011308144925868534,nan,0.01310695664497974,-0.522527804102391,0.00445789492321118,0.00445789492321118,nan,-0.00013415188408139045,0.003081583511774618,-4.8424271373747214e-05,-4.8424271373747214e-05,nan
11.901,41.48735310999837,ABORT,ABORT_SAFE_HOLD,ABORT_RETRACT_PROFILE,-0.011282993480563164,6.235978798940778e-05,-0.0018955348059535027,0.001221097307279706,-0.0007531113806180656,0.013325505889952183,0.0,0.0,1.0,0.019715409189866286,0.019715409189866286,1.0019590672750724,0.019715409189866286,nan,-0.018539410084486008,0.016264859586954117,-0.022021686658263206,0.03306372736003614,-0.020657704404031817,0.024320958768675682,-0.054929292738600095,-0.002218178939074278,-1.980672823265193e-05,0.00016448964015580714,-0.054929292738600095,0.02121537490834446,1.2155514430358834,1.8402535385441854,True,True,0.19399999999999906,1.0209370109987503,9,-0.02489179181867751,0.010383995530184454,-0.0036764169103330495,-0.0036764169103330495,nan,0.025211088992664443,-0.005609092265632499,0.010817718671993269,0.010817718671993269,nan,0.03211848331907241,-0.0020523747157595194,0.013603574296359406,0.013603574296359406,nan,0.023355143551396118,0.004874863290476615,0.010830815985557001,0.010830815985557001,nan,0.007810710255031772,0.4100998183220924,0.004269722391494788,0.004269722391494788,nan,-0.00024993480696799963,0.0014051713553985545,-4.638023087977437e-05,-4.638023087977437e-05,nan
11.937,41.55781918199864,ABORT,ABORT_SAFE_HOLD,ABORT_RETRACT_PROFILE,-0.011102068237960339,8.945145964389667e-05,-0.002569854026660323,0.001221097307279706,-0.0007531113806180656,0.013325505889952183,0.0,0.0,1.0,0.020130394632839,0.020130394632839,1.002631326123298,0.020130394632839,nan,-0.018484190106391907,0.016349943354725838,-0.022338083013892174,0.03328627170963306,-0.02067949736604123,0.024420874267568057,-0.054947836672308,-0.004094230011105537,-0.007979065179824829,0.0012859342386946093,-0.054947836672307994,0.02080387733919807,1.1919743690439024,1.8397278102627952,True,True,0.19399999999999906,1.0209370109987503,9,-0.024338810122415566,0.018860033663645952,-0.0035349327832174962,-0.0035349327832174962,nan,0.025218546863044367,0.0063996059399026835,0.0104014069421166,0.0104014069421166,nan,0.0321093076295913,0.007402414496120424,0.01308005101760329,0.01308005101760329,nan,0.023441029273187475,0.011063550888783334,0.01041400021546337,0.01041400021546337,nan,-0.007691799523763088,0.5796880027186413,0.00410540535120252,0.00410540535120252,nan,-0.00011676548296080114,-0.0005441529212640894,-4.4595322736468005e-05,-4.4595322736468005e-05,nan
11.939,41.6306544930012,ABORT,ABORT_SAFE_HOLD,ABORT_RETRACT_PROFILE,-0.010998574085533619,0.00013355669216252863,-0.002977648051455617,0.001221097307279706,-0.0007531113806180656,0.013325505889952183,0.0,0.0,1.0,0.020393611197060454,0.020393611197060454,1.0030379598799513,0.020393611197060454,nan,-0.018711965531110764,0.017316829413175583,-0.022128939628601074,0.033759446145468254,-0.02075824162090389,0.02440941417021214,-0.05492584188008512,-0.004094230011105537,-0.007979065179824829,0.0012859342386946093,-0.05492584188008512,0.02081171222686011,1.1924232750398964,1.8397278102627952,True,True,0.19399999999999906,1.0209370109987503,9,-0.024338810122415566,0.018860033663645952,-0.0035270978955554543,-0.0035270978955554543,nan,0.025218546863044367,0.0063996059399026835,0.010378353079450365,0.010378353079450365,nan,0.0321093076295913,0.007402414496120424,0.013051060160740823,0.013051060160740823,nan,0.023441029273187475,0.011063550888783334,0.010390918440842929,0.010390918440842929,nan,-0.007691799523763088,0.5796880027186413,0.004096306058031649,0.004096306058031649,nan,-0.00011676548296080114,-0.0005441529212640894,-4.4496480872896626e-05,-4.4496480872896626e-05,nan
11.957,41.71087029800037,ABORT,ABORT_SAFE_HOLD,ABORT_RETRACT_PROFILE,-0.010900073684751987,0.00020126810704823583,-0.003397221677005291,0.001221097307279706,-0.0007531113806180656,0.013325505889952183,0.0,0.0,1.0,0.020675667914319677,0.020675667914319677,1.0034564447868763,0.020675667914319677,nan,-0.018446557223796844,0.018024785444140434,-0.02281426265835762,0.0344333986757427,-0.020699988599576,0.024408461568419356,-0.05492839496830467,0.004293304868042469,-0.006184371188282967,0.0005313031142577537,-0.05492839496830467,0.020606576853541735,1.180669883919913,1.838918326398225,True,True,0.19399999999999906,1.0209370109987503,9,-0.02406329386684103,0.0104624703766316,-0.0034567170132992937,-0.0034567170132992937,nan,0.02521551779443154,0.0004814942713726,0.010171259976926021,0.010171259976926021,nan,0.03209517947091278,0.002378294922811849,0.012790634973890002,0.012790634973890002,nan,0.023472612821815453,0.008005413575620065,0.010183574604926188,0.010183574604926188,nan,0.007856576731491316,0.5715922309571698,0.0040145670071482535,0.0040145670071482535,nan,-0.0001161772026625485,0.0016985421343489668,-4.360858332259752e-05,-4.360858332259752e-05,nan
11.993,41.78399328899832,ABORT,ABORT_SAFE_HOLD,ABORT_RETRACT_PROFILE,-0.010751359164714813,0.00034820736618712544,-0.004135243594646454,0.001221097307279706,-0.0007531113806180656,0.013325505889952183,0.0,0.0,1.0,0.021199773336518943,0.021199773336518943,1.0041928601623984,0.021199773336518943,nan,-0.01810363121330738,0.019003113731741905,-0.023152325302362442,0.03499842798634486,-0.020675438204270525,0.024369066327311093,-0.05497616113310347,0.005066330078989267,-0.008418746292591095,0.0010555669432505976,-0.05497616113310347,0.020456498887079653,1.1720710498437297,1.8370230753693215,True,True,0.19399999999999906,1.0209370109987503,9,-0.023773243006576017,0.009200576756235179,-0.003316744119496365,-0.003316744119496365,nan,0.025196981053664302,-0.012330571570946981,0.009759394994309646,0.009759394994309646,nan,0.032062101100306606,-0.014267883777313653,0.012272703600281976,0.012272703600281976,nan,0.023472271399856304,-0.014031698971364338,0.009771210965893722,0.009771210965893722,nan,0.012682136115991227,0.45993730830402574,0.003852005085187519,0.003852005085187519,nan,-0.00019380372333532847,0.005949400173593243,-4.1842740304836554e-05,-4.1842740304836554e-05,nan
12.025,41.869196052000916,ABORT,ABORT_SAFE_HOLD,ABORT_RETRACT_PROFILE,-0.010579114779829979,0.0006338832317851484,-0.005007185973227024,0.001221097307279706,-0.0007531113806180656,0.013325505889952183,0.0,0.0,1.0,0.021846197616653615,0.021846197616653615,1.0050630643573073,0.021846197616653615,nan,-0.01913129910826683,0.0179026797413826,-0.02305525727570057,0.034900679585664604,-0.020545018731013266,0.024330072266058246,-0.054965011870768715,-0.005745002534240484,-0.006604860536754131,-0.0010429563699290148,-0.054965011870768715,0.020238831871131374,1.1595996484906865,1.8366083054337141,True,True,0.19399999999999906,1.0209370109987503,9,-0.02318577241915154,0.010966280314999603,-0.0031933264030321812,-0.0031933264030321812,nan,0.025213693484695376,-0.0035312293747902547,0.009396242999198074,0.009396242999198074,nan,0.03205486199929197,-0.0011854200524208996,0.011816030128160598,0.011816030128160598,nan,0.023543850788755094,0.004974232794564177,0.009407619292538012,0.009407619292538012,nan,0.007745408152615596,-0.4191992573859604,0.003708670039041585,0.003708670039041585,nan,-0.0002256587947604416,-0.001927468911013891,-4.028575089806527e-05,-4.028575089806527e-05,nan
12.027,41.94372594699962,ABORT,ABORT_SAFE_HOLD,ABORT_RETRACT_PROFILE,-0.010579114779829979,0.0006338832317851484,-0.005007185973227024,0.001221097307279706,-0.0007531113806180656,0.013325505889952183,0.0,0.0,1.0,0.021846197616653615,0.021846197616653615,1.0050630643573073,0.021846197616653615,nan,-0.01913129910826683,0.0179026797413826,-0.02305525727570057,0.034900679585664604,-0.020545018731013266,0.024330072266058246,-0.054965011870768715,-0.005745002534240484,-0.006604860536754131,-0.0010429563699290148,-0.054965011870768715,0.020267246857411984,1.1612277072794877,1.8366083054337141,True,True,0.19399999999999906,1.0209370109987503,9,-0.02318577241915154,0.010966280314999603,-0.003185647146552002,-0.003185647146552002,nan,0.025213693484695376,-0.0035312293747902547,0.009373647075438942,0.009373647075438942,nan,0.03205486199929197,-0.0011854200524208996,0.011787615141879988,0.011787615141879988,nan,0.023543850788755094,0.004974232794564177,0.009384996011264076,0.009384996011264076,nan,0.007745408152615596,-0.4191992573859604,0.0036997514930379206,0.0036997514930379206,nan,-0.0002256587947604416,-0.001927468911013891,-4.018887241631999e-05,-4.018887241631999e-05,nan
12.046,42.01656705699861,ABORT,ABORT_SAFE_HOLD,ABORT_RETRACT_PROFILE,-0.01053154282271862,0.0007473006844520569,-0.005334589630365372,0.001221097307279706,-0.0007531113806180656,0.013325505889952183,0.0,0.0,1.0,0.022103731612956902,0.022103731612956902,1.0053900282774815,0.022103731612956902,nan,-0.019294239580631256,0.01729840226471424,-0.02349548414349556,0.03497913916956676,-0.02063390648499602,0.02431494345986658,-0.05495684832763812,0.0006930636009201407,-0.0023529026657342906,0.0034448916558176283,-0.05495684832763812,0.020537703466512035,1.17672372952234,1.8366833189952596,True,True,0.19399999999999906,1.0209370109987503,9,-0.022893670405683686,0.020107481238915863,-0.0031129090601503253,-0.0031129090601503253,nan,0.025226045926716623,0.013390810933362111,0.00915961798825329,0.00915961798825329,nan,0.03205617123292459,0.011143779052289079,0.011518467766412556,0.011518467766412556,nan,0.023583580627478007,0.011281750289161972,0.00917070779309604,0.00917070779309604,nan,0.011633242598050764,-0.4180687336240777,0.0036152748289928777,0.0036152748289928777,nan,-0.00011070985220484886,-0.0059739420878419415,-3.9271237304920964e-05,-3.9271237304920964e-05,nan
12.05,42.09200148899981,ABORT,ABORT_SAFE_HOLD,ABORT_RETRACT_PROFILE,-0.01053154282271862,0.0007473006844520569,-0.005334589630365372,0.001221097307279706,-0.0007531113806180656,0.013325505889952183,0.0,0.0,1.0,0.022103731612956902,0.022103731612956902,1.0053900282774815,0.022103731612956902,nan,-0.019294239580631256,0.01729840226471424,-0.02349548414349556,0.03497913916956676,-0.02063390648499602,0.02431494345986658,-0.05495684832763812,0.0006930636009201407,-0.0023529026657342906,0.0034448916558176283,-0.05495684832763812,0.02059417744845874,1.1799594503401842,1.8366833189952596,True,True,0.19399999999999906,1.0209370109987503,9,-0.022893670405683686,0.020107481238915863,-0.0030976467549870207,-0.0030976467549870207,nan,0.025226045926716623,0.013390810933362111,0.009114709228564288,0.009114709228564288,nan,0.03205617123292459,0.011143779052289079,0.01146199378446585,0.01146199378446585,nan,0.023583580627478007,0.011281750289161972,0.00912574466111975,0.00912574466111975,nan,0.011633242598050764,-0.4180687336240777,0.003597549470936116,0.003597549470936116,nan,-0.00011070985220484886,-0.0059739420878419415,-3.9078694061187627e-05,-3.9078694061187627e-05,nan
12.061,42.16428573699886,ABORT,ABORT_SAFE_HOLD,ABORT_RETRACT_PROFILE,-0.010396705940365791,0.0004745826299767941,-0.005714192520827055,0.001221097307279706,-0.0007531113806180656,0.013325505889952183,0.0,0.0,1.0,0.02233809975038347,0.02233809975038347,1.0057680417277646,0.02233809975038347,nan,-0.019726093858480453,0.017103256657719612,-0.022795384749770164,0.03465933832466316,-0.02064606787868118,0.024373277533449176,-0.0549265853710167,-0.003203711472451687,-0.0036489341873675585,-0.0009158059838227923,-0.0549265853710167,0.02073840972664458,1.1882233511497897,1.8360691102124698,True,True,0.19399999999999906,1.0209370109987503,9,-0.022597545824759813,0.011298853674167669,-0.0030557703306907285,-0.0030557703306907285,nan,0.025225001589594953,0.00484753941296478,0.008991489422955985,0.008991489422955985,nan,0.03204545126737024,0.00627780606687224,0.011307041540725659,0.011307041540725659,nan,0.023611085791907627,0.010487415107793333,0.009002375669857777,0.009002375669857777,nan,-0.008635466435918282,0.5835501460535133,0.003548914968687181,0.003548914968687181,nan,-0.00011303977994625569,0.0004609716160414645,-3.8550397550032284e-05,-3.8550397550032284e-05,nan
12.092,42.236647080000694,ABORT,ABORT_SAFE_HOLD,ABORT_RETRACT_PROFILE,-0.010313103906810284,0.00032750703394412994,-0.005889915395528078,0.001221097307279706,-0.0007531113806180656,0.013325505889952183,0.0,0.0,1.0,0.022437422957717175,0.022437422957717175,1.0059428359839702,0.022437422957717175,nan,-0.018854942172765732,0.017758913338184357,-0.022665593773126602,0.034418265330778616,-0.020684647341636317,0.024410507238497855,-0.054948212610166525,-0.00017175129323732108,-0.0027542584575712676,0.0019599148072302346,-0.05494821261016652,0.02114871585496689,1.2117321606110112,1.8347244171290245,True,True,0.19399999999999906,1.0209370109987503,9,-0.022302402679387434,0.008581723893922888,-0.0029385408904615898,-0.0029385408904615898,nan,0.02521374956904676,-0.006695966690205285,0.008646546198233632,0.008646546198233632,nan,0.032021981945635325,-0.0031406098234568938,0.010873266090668434,0.010873266090668434,nan,0.023623688907707496,0.0041335917973764486,0.008657014812757206,0.008657014812757206,nan,0.008025171630827721,0.5376561632272501,0.003412766871750207,0.003412766871750207,nan,-0.00015863186276643404,0.0019065883892290143,-3.707147700420072e-05,-3.707147700420072e-05,nan
12.128,42.31286645799992,ABORT,ABORT_SAFE_HOLD,ABORT_RETRACT_PROFILE,-0.010114394128322601,7.311097579076886e-05,-0.006063671782612801,0.001221097307279706,-0.0007531113806180656,0.013325505889952183,0.0,0.0,1.0,0.02247479077293347,0.02247479077293347,1.0061145153482831,0.02247479077293347,nan,-0.018162347376346588,0.018516601994633675,-0.02258622832596302,0.0343929225515845,-0.020574041476531548,0.024438540815287388,-0.054850396109519535,-0.006110365968197584,-0.0025516520254313946,0.0010747847845777871,-0.054850396109519535,0.02151272900685321,1.232588577901352,1.8270517433693736,True,True,0.19399999999999906,1.0209370109987503,9,-0.02173373455433314,0.02400661536022857,-0.002803974369383686,-0.002803974369383686,nan,0.02513346152161322,-0.016826118683414777,0.008250589264296632,0.008250589264296632,nan,0.031888068526098046,-0.018271065744837403,0.010375339519244835,0.010375339519244835,nan,0.02351605640141674,-0.020027425360952048,0.008260578482722124,0.008260578482722124,nan,0.01376956593245815,0.5235415214818028,0.0032564838107684664,0.0032564838107684664,nan,-0.00031070203084837544,-0.0240953078212951,-3.537383865999132e-05,-3.537383865999132e-05,nan
12.159,42.38836278699819,ABORT,ABORT_SAFE_HOLD,ABORT_RETRACT_PROFILE,-0.009928724728524685,-4.093386814929545e-05,-0.005862911231815815,0.001221097307279706,-0.0007531113806180656,0.013325505889952183,0.0,0.0,1.0,0.022204078001086525,0.022204078001086525,1.0059119133612346,0.022204078001086525,nan,-0.017098454758524895,0.01889197714626789,-0.02210155688226223,0.033730442811269225,-0.02062927507100347,0.024465952347731627,-0.05478399406306844,0.003400432411581278,0.0007767018978483971,-0.00316372187808156,-0.05478399406306844,0.021873064927561588,1.2532343053649027,1.8234434984481225,True,True,0.19399999999999906,1.0209370109987503,9,-0.021079632707657225,0.009278367551794014,-0.0026895728036126906,-0.0026895728036126906,nan,0.0251059026405418,-0.003573148238352636,0.007913966953952058,0.007913966953952058,nan,0.03182509277200385,0.00012890113585144625,0.009952027844442261,0.009952027844442261,nan,0.023442782854965927,0.0069572901227356425,0.007923548614362334,0.007923548614362334,nan,-0.008686208997113809,-0.46287399462303097,0.0031236199547619303,0.0031236199547619303,nan,-0.0003750676517721985,-0.0010590204503826799,-3.3930593466946615e-05,-3.3930593466946615e-05,nan
12.18,42.46212453800035,ABORT,ABORT_SAFE_HOLD,ABORT_RETRACT_PROFILE,-0.009836233220994473,-7.35207722755149e-05,-0.005799180828034878,0.001221097307279706,-0.0007531113806180656,0.013325505889952183,0.0,0.0,1.0,0.02210158464607464,0.02210158464607464,1.005847279184881,0.02210158464607464,nan,-0.017480047419667244,0.01799163408577442,-0.023533158004283905,0.03439564624374438,-0.02055947135464552,0.024572360845767284,-0.05483510551439191,0.003400432411581278,0.0007767018978483971,-0.00316372187808156,-0.05483510551439191,0.022235637131092858,1.2740081623960027,1.8279637077274093,True,True,0.19399999999999906,1.0209370109987503,9,-0.020743516700704845,0.02053293982413992,-0.0026129073105216356,-0.0026129073105216356,nan,0.025191155601651083,0.017240394749009794,0.0076883816200967806,0.0076883816200967806,nan,0.031903985306806604,0.01654561184406237,0.009668348175713746,0.009668348175713746,nan,0.023553634223832276,0.016748968334967737,0.007697690158054674,0.007697690158054674,nan,-0.008530124359053204,-0.4798666670063651,0.0030345820734525965,0.0030345820734525965,nan,-6.54347941999589e-05,-0.003298476420387067,-3.296341173625635e-05,-3.296341173625635e-05,nan
12.18,42.53440919000059,ABORT,ABORT_SAFE_HOLD,ABORT_RETRACT_PROFILE,-0.009836233220994473,-7.35207722755149e-05,-0.005799180828034878,0.001221097307279706,-0.0007531113806180656,0.013325505889952183,0.0,0.0,1.0,0.02210158464607464,0.02210158464607464,1.005847279184881,0.02210158464607464,nan,-0.017480047419667244,0.01799163408577442,-0.023533158004283905,0.03439564624374438,-0.02055947135464552,0.024572360845767284,-0.05483510551439191,0.003400432411581278,0.0007767018978483971,-0.00316372187808156,-0.05483510551439191,0.022235637131092858,1.2740081623960027,1.8279637077274093,True,True,0.19399999999999906,1.0209370109987503,9,-0.020743516700704845,0.02053293982413992,-0.0026129073105216356,-0.0026129073105216356,nan,0.025191155601651083,0.017240394749009794,0.0076883816200967806,0.0076883816200967806,nan,0.031903985306806604,0.01654561184406237,0.009668348175713746,0.009668348175713746,nan,0.023553634223832276,0.016748968334967737,0.007697690158054674,0.007697690158054674,nan,-0.008530124359053204,-0.4798666670063651,0.0030345820734525965,0.0030345820734525965,nan,-6.54347941999589e-05,-0.003298476420387067,-3.296341173625635e-05,-3.296341173625635e-05,nan
12.216,42.61525215599977,ABORT,ABORT_SAFE_HOLD,ABORT_RETRACT_PROFILE,-0.009716670028865337,-7.71394043113105e-05,-0.005617441609501839,0.001221097307279706,-0.0007531113806180656,0.013325505889952183,0.0,0.0,1.0,0.021884399749124143,0.021884399749124143,1.0056643866102535,0.021884399749124143,nan,-0.017351193353533745,0.018070651218295097,-0.024035058915615082,0.034717378981168376,-0.02061560974687476,0.024545430744664965,-0.054772018133248335,0.0014812626177445054,-0.010221075266599655,0.004271377809345723,-0.054772018133248335,0.022620634471989837,1.2960668851531592,1.8225127725609027,True,True,0.19399999999999906,1.0209370109987503,9,-0.020135014433667386,0.009162045064530305,-0.002483149269638255,-0.002483149269638255,nan,0.02512397104530084,-0.001966399919084847,0.007306573458525069,0.007306573458525069,nan,0.03180884854083832,0.000349525026797675,0.009188214068848483,0.009188214068848483,nan,0.02349211250045169,0.006638168538534387,0.007315419730698009,0.007315419730698009,nan,-0.008564211392716459,-0.4751912957232273,0.0028838834921575615,0.0028838834921575615,nan,-0.00023657009313993171,-0.001358642194155265,-3.1326435288410234e-05,-3.1326435288410234e-05,nan
12.249,42.69392407099804,ABORT,ABORT_SAFE_HOLD,ABORT_RETRACT_PROFILE,-0.009552126750349998,-0.00017463843687437475,-0.005488137248903513,0.001221097307279706,-0.0007531113806180656,0.013325505889952183,0.0,0.0,1.0,0.02168755762410205,0.02168755762410205,1.0055335239425427,0.02168755762410205,nan,-0.015972504392266273,0.018394486978650093,-0.02436174266040325,0.03445246802800062,-0.02060007036824723,0.024520200268777215,-0.054738663236193245,0.001244366867467761,-0.008170906454324722,0.0024835814256221065,-0.05473866323619324,0.02306270108844626,1.3213954365397405,1.8230412311674753,True,True,0.19399999999999906,1.0209370109987503,9,-0.019861111346767046,0.017043848540282104,-0.0023661717535313756,-0.0023661717535313756,nan,0.025135007042786484,-0.005612200417863253,0.00696237151107016,0.00696237151107016,nan,0.03181807188348351,-0.004805669619536426,0.008755370795037253,0.008755370795037253,nan,0.023559975203067296,-0.0006646525623433992,0.006970801048349937,0.006970801048349937,nan,0.014149624795649629,0.6204187967618284,0.002748027975222258,0.002748027975222258,nan,-0.00013707820184283293,-0.004658135147763242,-2.9850692918296912e-05,-2.9850692918296912e-05,nan
12.284,42.769739079998544,ABORT,ABORT_SAFE_HOLD,ABORT_RETRACT_PROFILE,-0.00912183616310358,-0.0006067057838663459,-0.005459417589008808,0.001221097307279706,-0.0007531113806180656,0.013325505889952183,0.0,0.0,1.0,0.02144460439089411,0.02144460439089411,1.0055009778241508,0.02144460439089411,nan,-0.016020523384213448,0.018632182851433754,-0.02523992583155632,0.035225974270357036,-0.020565311298679122,0.024564623111470955,-0.05465225328958859,0.0038294426631182432,-0.006376118399202823,0.006755354348570109,-0.05465225328958859,0.02350888218276103,1.3469597301425056,1.8227672792303744,True,True,0.19399999999999906,1.0209370109987503,9,-0.01938128082757551,0.008275179714102994,-0.002244297460131571,-0.002244297460131571,nan,0.025130154749986033,-0.004335619426644526,0.006603760980354371,0.006603760980354371,nan,0.031813290520188886,-0.0034076187209992224,0.008304408337427856,0.008304408337427856,nan,0.023694346538750466,0.001466009074845464,0.006611756337867553,0.006611756337867553,nan,0.013757720041810195,0.6134496578003933,0.0026064854319883327,0.0026064854319883327,nan,-0.0001256420018558302,-0.005715066410518208,-2.8313174730328335e-05,-2.8313174730328335e-05,nan
12.29,42.84422408200044,ABORT,ABORT_SAFE_HOLD,ABORT_RETRACT_PROFILE,-0.00912183616310358,-0.0006067057838663459,-0.005459417589008808,0.001221097307279706,-0.0007531113806180656,0.013325505889952183,0.0,0.0,1.0,0.02144460439089411,0.02144460439089411,1.0055009778241508,0.02144460439089411,nan,-0.016020523384213448,0.018632182851433754,-0.02523992583155632,0.035225974270357036,-0.020565311298679122,0.024564623111470955,-0.05465225328958859,0.0038294426631182432,-0.006376118399202823,0.006755354348570109,-0.05465225328958859,0.023585315158109545,1.3513390170456028,1.8227672792303744,True,True,0.19399999999999906,1.0209370109987503,9,-0.01938128082757551,0.008275179714102994,-0.0022236411622383366,-0.0022236411622383366,nan,0.025130154749986033,-0.004335619426644526,0.006542980599656564,0.006542980599656564,nan,0.031813290520188886,-0.0034076187209992224,0.00822797536207934,0.00822797536207934,nan,0.023694346538750466,0.001466009074845464,0.006550902368668451,0.006550902368668451,nan,0.013757720041810195,0.6134496578003933,0.002582495590849195,0.002582495590849195,nan,-0.0001256420018558302,-0.005715066410518208,-2.80525829941961e-05,-2.80525829941961e-05,nan
12.307,42.922219142998074,ABORT,ABORT_SAFE_HOLD,ABORT_RETRACT_PROFILE,-0.008808298967778683,-0.0008673868142068386,-0.005295075476169586,0.001221097307279706,-0.0007531113806180656,0.013325505889952183,0.0,0.0,1.0,0.021150127633875835,0.021150127633875835,1.0053340376547633,0.021150127633875835,nan,-0.014173038303852081,0.018229957669973373,-0.025263329967856407,0.034226337993952416,-0.020480570637871568,0.02458492721424083,-0.05453713049501469,-0.0039594415575265884,-0.0026295604184269905,-0.0005172976525500414,-0.05453713049501469,0.023794628213662048,1.3633317717257487,1.8224342571754732,True,True,0.19399999999999906,1.0209370109987503,9,-0.019144175496685456,0.009116281630463505,-0.002165502720606536,-0.002165502720606536,nan,0.025129349641232146,-0.01612982457512712,0.0063719104188418585,0.0063719104188418585,nan,0.0318074781888491,-0.017370520371068923,0.008012849975187055,0.008012849975187055,nan,0.023750063302418134,-0.016306078604332003,0.00637962506841688,0.00637962506841688,nan,0.013428885063593299,0.5150989449351762,0.0025149746833742527,0.0025149746833742527,nan,-0.00012756297664129335,-0.009541898486549783,-2.7319131263437715e-05,-2.7319131263437715e-05,nan
12.361,43.07274663899807,ABORT,ABORT_SAFE_HOLD,ABORT_RETRACT_PROFILE,-0.00804575253278017,-0.0013331968802958727,-0.0049777706153690815,0.001221097307279706,-0.0007531113806180656,0.013325505889952183,0.0,0.0,1.0,0.020523667702810812,0.020523667702810812,1.005010861124783,0.020523667702810812,nan,-0.013929282315075397,0.018618306145071983,-0.02776050940155983,0.03621204373904888,-0.02038998647118889,0.024822761366923143,-0.0542431516820222,-0.00306349853053689,-0.0004615985089913004,0.005420869216322899,-0.0542431516820222,0.024428094526499383,1.399626717915042,1.8204147774555977,True,True,0.19399999999999906,1.0209370109987503,9,-0.018465340341534464,0.0157415708318527,-0.001984780559053637,-0.001984780559053637,nan,0.025097776125445392,-0.006024056276247167,0.005840142246418597,0.005840142246418597,nan,0.03177223161856002,-0.005215569161801723,0.0073441370920606375,0.0073441370920606375,nan,0.023912568023083836,-0.0010913612642123316,0.005847213069443063,0.005847213069443063,nan,0.013384141804709593,0.6276590938969157,0.0023050873178654674,0.0023050873178654674,nan,-0.00012537714001670253,-0.005861494553317595,-2.5039211498528342e-05,-2.5039211498528342e-05,nan
12.396,43.153241627998796,ABORT,ABORT_SAFE_HOLD,ABORT_RETRACT_PROFILE,-0.007731290999799967,-0.001466341782361269,-0.005157395265996456,0.001221097307279706,-0.0007531113806180656,0.013325505889952183,0.0,0.0,1.0,0.02054924789736294,0.02054924789736294,1.005188197441986,0.02054924789736294,nan,-0.014409475959837437,0.018111038953065872,-0.028187312185764313,0.036471458671875734,-0.020368264529995166,0.025062371791837554,-0.05411493091073968,0.0032311989925801754,-0.00029027150594629315,0.002557918429374695,-0.05411493091073968,0.024828841226120685,1.4225878124571394,1.8192579964817022,True,True,0.19399999999999906,1.0209370109987503,9,-0.018014551884557584,0.015274566648475254,-0.001871020937399723,-0.001871020937399723,nan,0.02508433334125737,-0.006017391900444875,0.005505408832527037,0.005505408832527037,nan,0.03175204198184112,-0.004532988130096064,0.0069232007557204316,0.0069232007557204316,nan,0.024009052127350827,-0.0005045198745153717,0.0055120743844758804,0.0055120743844758804,nan,0.013027058978795303,0.6127953620754064,0.00217296900384659,0.00217296900384659,nan,-0.00011934670345059573,-0.006880644238282727,-2.3604064820175607e-05,-2.3604064820175607e-05,nan
12.406,43.22641261999888,ABORT,ABORT_SAFE_HOLD,ABORT_RETRACT_PROFILE,-0.007731290999799967,-0.001466341782361269,-0.005157395265996456,0.001221097307279706,-0.0007531113806180656,0.013325505889952183,0.0,0.0,1.0,0.02054924789736294,0.02054924789736294,1.005188197441986,0.02054924789736294,nan,-0.014409475959837437,0.018111038953065872,-0.028187312185764313,0.036471458671875734,-0.020368264529995166,0.025062371791837554,-0.05411493091073968,0.001648344798013568,-0.004807511810213327,0.0030067544430494313,-0.05411493091073968,0.024947225803307174,1.429370749089366,1.8192579964817022,True,True,0.19399999999999906,1.0209370109987503,9,-0.018014551884557584,0.015274566648475254,-0.0018390270619660053,-0.0018390270619660053,nan,0.02508433334125737,-0.006017391900444875,0.005411268055757135,0.005411268055757135,nan,0.03175204198184112,-0.004532988130096064,0.006804816178533943,0.006804816178533943,nan,0.024009052127350827,-0.0005045198745153717,0.005417819628843162,0.005417819628843162,nan,0.013027058978795303,0.6127953620754064,0.002135811910496787,0.002135811910496787,nan,-0.00011934670345059573,-0.006880644238282727,-2.3200442661550462e-05,-2.3200442661550462e-05,nan
12.414,43.29867917299998,ABORT,ABORT_SAFE_HOLD,ABORT_RETRACT_PROFILE,-0.007731290999799967,-0.001466341782361269,-0.005157395265996456,0.001221097307279706,-0.0007531113806180656,0.013325505889952183,0.0,0.0,1.0,0.02054924789736294,0.02054924789736294,1.005188197441986,0.02054924789736294,nan,-0.014409475959837437,0.018111038953065872,-0.028187312185764313,0.036471458671875734,-0.020368264529995166,0.025062371791837554,-0.05411493091073968,0.001648344798013568,-0.004807511810213327,0.0030067544430494313,-0.05411493091073968,0.025041317887815034,1.4347618284172545,1.8192579964817022,True,True,0.19399999999999906,1.0209370109987503,9,-0.018014551884557584,0.015274566648475254,-0.0018135983236743525,-0.0018135983236743525,nan,0.02508433334125737,-0.006017391900444875,0.005336444948440419,0.005336444948440419,nan,0.03175204198184112,-0.004532988130096064,0.006710724094026083,0.006710724094026083,nan,0.024009052127350827,-0.0005045198745153717,0.0053429059311045635,0.0053429059311045635,nan,0.013027058978795303,0.6127953620754064,0.002106279445621498,0.002106279445621498,nan,-0.00011934670345059573,-0.006880644238282727,-2.28796436929587e-05,-2.28796436929587e-05,nan
12.452,43.38303090000045,ABORT,ABORT_SAFE_HOLD,ABORT_RETRACT_PROFILE,-0.007386375684291124,-0.001533563481643796,-0.0053284564055502415,0.001221097307279706,-0.0007531113806180656,0.013325505889952183,0.0,0.0,1.0,0.020558891169142435,0.020558891169142435,1.0053567603699038,0.020558891169142435,nan,-0.014035834930837154,0.019286632537841797,-0.029550695791840553,0.03797660435896487,-0.02025893901887783,0.02511187837275092,-0.05398105426500278,0.003354742657393217,-0.00737573578953743,0.002340530278161169,-0.05398105426500278,0.02546302637201575,1.458923944746815,1.818249897776352,True,True,0.19399999999999906,1.0209370109987503,9,-0.017581667772134324,0.0073644020137304395,-0.0016948750083715441,-0.0016948750083715441,nan,0.02507167871559446,-0.006304977292300923,0.004987106052423921,0.004987106052423921,nan,0.03173444734024766,-0.005471610095855069,0.006271420968231911,0.006271420968231911,nan,0.02410828086884287,-0.0011163420715520535,0.004993144080748069,0.004993144080748069,nan,0.012901334585993851,0.6153021105879243,0.0019683963898896664,0.0019683963898896664,nan,-0.00011780614716627724,-0.005351711781617926,-2.138187700630245e-05,-2.138187700630245e-05,nan
12.477,43.45756630100004,ABORT,ABORT_SAFE_HOLD,ABORT_RETRACT_PROFILE,-0.006888409610837698,-0.0016956558683887124,-0.005280067212879658,0.001221097307279706,-0.0007531113806180656,0.013325505889952183,0.0,0.0,1.0,0.020317968477464487,0.020317968477464487,1.0053050974561517,0.020317968477464487,nan,-0.013942832127213478,0.02102626860141754,-0.03056545928120613,0.0396327369745982,-0.020198264530515708,0.025119085259211145,-0.0538761965144448,0.00032063137041404843,-0.0032276557758450504,0.0018565992359071974,-0.0538761965144448,0.02573031365431871,1.4742383779402963,1.8174093725493596,True,True,0.19399999999999906,1.0209370109987503,9,-0.017147770728754175,0.007402251833380204,-0.0016186750148634455,-0.0016186750148634455,nan,0.02506132357403157,-0.00509432079122555,0.00476289043360727,0.00476289043360727,nan,0.03171977740759058,-0.0041282928772905176,0.0059894637532718654,0.0059894637532718654,nan,0.024204931909617144,7.835939291796559e-05,0.0047686569978312165,0.0047686569978312165,nan,0.01264619451147464,0.6355084946803962,0.0018798991311596135,0.0018798991311596135,nan,-0.00010618735756384723,-0.006655213217801168,-2.042056783540574e-05,-2.042056783540574e-05,nan
12.477,43.53378098800022,ABORT,ABORT_SAFE_HOLD,ABORT_RETRACT_PROFILE,-0.006888409610837698,-0.0016956558683887124,-0.005280067212879658,0.001221097307279706,-0.0007531113806180656,0.013325505889952183,0.0,0.0,1.0,0.020317968477464487,0.020317968477464487,1.0053050974561517,0.020317968477464487,nan,-0.013942832127213478,0.02102626860141754,-0.03056545928120613,0.0396327369745982,-0.020198264530515708,0.025119085259211145,-0.0538761965144448,0.00032063137041404843,-0.0032276557758450504,0.0018565992359071974,-0.0538761965144448,0.02573031365431871,1.4742383779402963,1.8174093725493596,True,True,0.19399999999999906,1.0209370109987503,9,-0.017147770728754175,0.007402251833380204,-0.0016186750148634455,-0.0016186750148634455,nan,0.02506132357403157,-0.00509432079122555,0.00476289043360727,0.00476289043360727,nan,0.03171977740759058,-0.0041282928772905176,0.0059894637532718654,0.0059894637532718654,nan,0.024204931909617144,7.835939291796559e-05,0.0047686569978312165,0.0047686569978312165,nan,0.01264619451147464,0.6355084946803962,0.0018798991311596135,0.0018798991311596135,nan,-0.00010618735756384723,-0.006655213217801168,-2.042056783540574e-05,-2.042056783540574e-05,nan
12.502,43.61676411100052,ABORT,ABORT_SAFE_HOLD,ABORT_RETRACT_PROFILE,-0.006629229057580233,-0.0017099345568567514,-0.0050960322842001915,0.001221097307279706,-0.0007531113806180656,0.013325505889952183,0.0,0.0,1.0,0.02004734903490124,0.02004734903490124,1.0051193484693888,0.02004734903490124,nan,-0.014015963301062584,0.021641051396727562,-0.029949262738227844,0.03951886475312696,-0.020053943716145283,0.025018765166179263,-0.053925675731767715,-0.0003798524849116802,-0.004732147790491581,-0.0017038276419043534,-0.053925675731767715,0.02599768743557548,1.4895577671587634,1.8169044692597105,True,True,0.19399999999999906,1.0209370109987503,9,-0.01693619808495228,0.007158416064127598,-0.0015440347121771468,-0.0015440347121771468,nan,0.025054892668413764,-0.005438359574517701,0.004543264146451589,0.004543264146451589,nan,0.03171096518278205,-0.004540978238241527,0.005713277747206567,0.005713277747206567,nan,0.02424840047930754,-0.00040142811902911697,0.004548764803007116,0.004548764803007116,nan,0.012571492014058272,0.6308053881578213,0.001793213268413224,0.001793213268413224,nan,-0.0001076547462952604,-0.006101035409339023,-1.9478935110945998e-05,-1.9478935110945998e-05,nan
12.535,43.6893357480003,ABORT,ABORT_SAFE_HOLD,ABORT_RETRACT_PROFILE,-0.006381083279848099,-0.0016870293766260147,-0.005204681772738695,0.001221097307279706,-0.0007531113806180656,0.013325505889952183,0.0,0.0,1.0,0.020050765753883606,0.020050765753883606,1.0052263509030068,0.020050765753883606,nan,-0.013284184969961643,0.021492576226592064,-0.031531985849142075,0.04040626850827135,-0.02004684182960289,0.02503866598474872,-0.053947296472289234,0.0014892900362610817,-0.0041276966221630565,0.00650916574522853,-0.053947296472289234,0.026333722357575348,1.5088111499583636,1.8157894079300092,True,True,0.19399999999999906,1.0209370109987503,9,-0.016514868782799397,0.006569431772927778,-0.0014479604747804188,-0.0014479604747804188,nan,0.025041580807322994,-0.005877062873008148,0.004260569311471639,0.004260569311471639,nan,0.03169150369121709,-0.004994042056644492,0.005357781333641745,0.005357781333641745,nan,0.02432761369366432,-0.0009246907122671469,0.004265727701509719,0.004265727701509719,nan,0.012455866140829386,0.6265564780826032,0.0016816344315556172,0.0016816344315556172,nan,-0.00010951525819891117,-0.004853597295597819,-1.8266900289885723e-05,-1.8266900289885723e-05,nan
12.536,43.76655056600066,ABORT,ABORT_SAFE_HOLD,ABORT_RETRACT_PROFILE,-0.006381083279848099,-0.0016870293766260147,-0.005204681772738695,0.001221097307279706,-0.0007531113806180656,0.013325505889952183,0.0,0.0,1.0,0.020050765753883606,0.020050765753883606,1.0052263509030068,0.020050765753883606,nan,-0.013284184969961643,0.021492576226592064,-0.031531985849142075,0.04040626850827135,-0.02004684182960289,0.02503866598474872,-0.053947296472289234,0.0014892900362610817,-0.0041276966221630565,0.00650916574522853,-0.053947296472289234,0.02634433105663122,1.5094189836403893,1.8157894079300092,True,True,0.19399999999999906,1.0209370109987503,9,-0.016514868782799397,0.006569431772927778,-0.0014450934341221364,-0.0014450934341221364,nan,0.025041580807322994,-0.005877062873008148,0.004252133152021036,0.004252133152021036,nan,0.03169150369121709,-0.004994042056644492,0.005347172634585874,0.005347172634585874,nan,0.02432761369366432,-0.0009246907122671469,0.004257281328165691,0.004257281328165691,nan,0.012455866140829386,0.6265564780826032,0.0016783047037269832,0.0016783047037269832,nan,-0.00010951525819891117,-0.004853597295597819,-1.823073083171053e-05,-1.823073083171053e-05,nan
12.552,43.84290764300022,ABORT,ABORT_SAFE_HOLD,ABORT_RETRACT_PROFILE,-0.006215857341885567,-0.0016507537802681327,-0.005340459756553173,0.001221097307279706,-0.0007531113806180656,0.013325505889952183,0.0,0.0,1.0,0.020112989082876485,0.020112989082876485,1.0053610306223608,0.020112989082876485,nan,-0.012408295646309853,0.02198363095521927,-0.031509120017290115,0.04037413126106244,-0.0199889987616128,0.025087140532676973,-0.05383961527352357,0.005353333428502083,-0.003747223177924752,0.0028320914134383206,-0.05383961527352357,0.02651274050277673,1.5190681341346628,1.8157894079300092,True,True,0.19399999999999906,1.0209370109987503,9,-0.016514868782799397,0.006569431772927778,-0.0013995801504673487,-0.0013995801504673487,nan,0.025041580807322994,-0.005877062873008148,0.004118212024351236,0.004118212024351236,nan,0.03169150369121709,-0.004994042056644492,0.005178763188440363,0.005178763188440363,nan,0.02432761369366432,-0.0009246907122671469,0.0041231980584532785,0.0041231980584532785,nan,0.012455866140829386,0.6265564780826032,0.0016254464204933528,0.0016254464204933528,nan,-0.00010951525819891117,-0.004853597295597819,-1.7656553132202972e-05,-1.7656553132202972e-05,nan
12.581,43.91795230899879,ABORT,ABORT_SAFE_HOLD,ABORT_RETRACT_PROFILE,-0.005823929328471422,-0.001499772071838379,-0.005748610012233257,0.001221097307279706,-0.0007531113806180656,0.013325505889952183,0.0,0.0,1.0,0.02034727991492376,0.02034727991492376,1.0057665902239097,0.02034727991492376,nan,-0.01229381188750267,0.02148149348795414,-0.032156024128198624,0.04057834719319665,-0.019897009210259105,0.02521755677233938,-0.05390606473746593,0.0003171458374708891,-0.004577727988362312,9.20216552913245e-06,-0.05390606473746593,0.026796978463092865,1.5353537696381845,1.8149559472187136,True,True,0.19399999999999906,1.0209370109987503,9,-0.016103837670764065,0.006613045254167062,-0.0013188324947642927,-0.0013188324947642927,nan,0.02503097444334834,-0.004181869735236914,0.0038806150803366614,0.0038806150803366614,nan,0.03167695705761897,-0.003138986306296958,0.0048799785945261055,0.0048799785945261055,nan,0.02441044411821558,0.0008597247020357014,0.003885313449195054,0.003885313449195054,nan,0.01229861986367542,0.6526337756738066,0.0015316675912623607,0.0015316675912623607,nan,-0.00010141607305058642,-0.005658715120978533,-1.663787244232197e-05,-1.663787244232197e-05,nan
12.61,43.991145201998734,ABORT,ABORT_SAFE_HOLD,ABORT_RETRACT_PROFILE,-0.005688831675797701,-0.0014151048380881548,-0.006029931362718344,0.001221097307279706,-0.0007531113806180656,0.013325505889952183,0.0,0.0,1.0,0.02056254617334566,0.02056254617334566,1.0060470108922417,0.02056254617334566,nan,-0.012976233847439289,0.021639952436089516,-0.03314604237675667,0.04165729601812142,-0.01988584732573176,0.0252528085143481,-0.05393614135092286,0.004750806372612715,-0.006240812595933676,0.0024534547701478013,-0.05393614135092286,0.027080045133178503,1.5515722951549136,1.8145410867510852,True,True,0.19399999999999906,1.0209370109987503,9,-0.015901601263452747,0.006328904889428982,-0.0012403758456639496,-0.0012403758456639496,nan,0.025025925718298758,-0.005703162504154355,0.0036497593372000862,0.0036497593372000862,nan,0.031669716376522494,-0.004709859765965075,0.004589671243343991,0.004589671243343991,nan,0.02444915855715646,-0.0009034740549606398,0.0036541782025746525,0.0036541782025746525,nan,0.01221449156168486,0.6342761484304805,0.0014405494945949632,0.0014405494945949632,nan,-0.00010456322943763752,-0.005110003789079628,-1.5648094191357035e-05,-1.5648094191357035e-05,nan
12.634,44.10154704999877,ABORT,ABORT_SAFE_HOLD,ABORT_RETRACT_PROFILE,-0.005507263354957104,-0.001255612587556243,-0.006566771771758795,0.001221097307279706,-0.0007531113806180656,0.013325505889952183,0.0,0.0,1.0,0.021005381577936535,0.021005381577936535,1.00658262082536,0.021005381577936535,nan,-0.012701677158474922,0.022256294265389442,-0.03366399556398392,0.04230768056036232,-0.01976946984888874,0.02526309611923824,-0.053952117544181874,0.002331636380404234,-0.005301902536302805,0.002561035100370646,-0.05395211754418187,0.02730630545050178,1.5645360564088282,1.8141135607125474,True,True,0.19399999999999906,1.0209370109987503,9,-0.01570443999798332,0.006102019180726469,-0.0011772115849960438,-0.0011772115849960438,nan,0.025020479400058804,-0.005710504224253824,0.0034639008726420097,0.0034639008726420097,nan,0.031662254639512,-0.004713815235624287,0.0043559491890102185,0.0043559491890102185,nan,0.024486283822051647,-0.0009483487737970732,0.003468094713992325,0.003468094713992325,nan,0.012168617690227812,0.6350071595877618,0.001367191694134965,0.001367191694134965,nan,-0.00010505440582608827,-0.004955083730477431,-1.4851238702825854e-05,-1.4851238702825854e-05,nan
12.639,44.176679211999726,ABORT,ABORT_SAFE_HOLD,ABORT_RETRACT_PROFILE,-0.0053917476907372475,-0.001130683347582817,-0.0069076973013579845,0.001221097307279706,-0.0007531113806180656,0.013325505889952183,0.0,0.0,1.0,0.021289781373675012,0.021289781373675012,1.0069227677794936,0.021289781373675012,nan,-0.012126375921070576,0.022048993036150932,-0.034563951194286346,0.04275364088645973,-0.01969499083283341,0.025273439551466638,-0.05393633293093502,0.002331636380404234,-0.005301902536302805,0.002561035100370646,-0.05393633293093502,0.0273464700808883,1.5668373202156787,1.813668166240051,True,True,0.19399999999999906,1.0209370109987503,9,-0.015506768465840537,0.006182970292907588,-0.0011642560986612751,-0.0011642560986612751,nan,0.02501467010343905,-0.005744418534600084,0.0034257798407115805,0.0034257798407115805,nan,0.03165448103949675,-0.004687165353177383,0.004308010958608451,0.004308010958608451,nan,0.024523120272033516,-0.0008790274967710558,0.00342992752786583,0.00342992752786583,nan,0.012131662999629533,0.6391798891608571,0.001352145432667505,0.001352145432667505,nan,-0.00010518307533669002,-0.004663054375310678,-1.4687797378835232e-05,-1.4687797378835232e-05,nan
12.676,44.27150642400011,ABORT,ABORT_SAFE_HOLD,ABORT_RETRACT_PROFILE,-0.005086657125502825,-0.0013057271717116237,-0.007784754037857056,0.001221097307279706,-0.0007531113806180656,0.013325505889952183,0.0,0.0,1.0,0.022039424321350188,0.022039424321350188,1.0077984369283886,0.022039424321350188,nan,-0.013497505336999893,0.021744130179286003,-0.03657902032136917,0.04464319181294294,-0.019677358064529766,0.025180799748821227,-0.053932548580913904,-0.001448052003979683,-0.007345277816057204,0.0050918213091790685,-0.053932548580913904,0.02767908689275299,1.5858948597306224,1.8128693432779388,True,True,0.19399999999999906,1.0209370109987503,9,-0.015121872734364494,0.0055920131259538635,-0.0010705972570558041,-0.0010705972570558041,nan,0.02500783387029326,-0.006524506021062342,0.0031501922171248455,0.0031501922171248455,nan,0.03164053894866736,-0.005601868980936094,0.003961452055914371,0.003961452055914371,nan,0.024585180575551036,-0.0018769084187584741,0.0031540062426606112,0.0031540062426606112,nan,0.011985540162031683,0.6393594221019241,0.0012433717916692857,0.0012433717916692857,nan,-0.00010041888508105501,-0.0036564595012812257,-1.3506234241807756e-05,-1.3506234241807756e-05,nan
12.712,44.345914034998714,ABORT,ABORT_SAFE_HOLD,ABORT_RETRACT_PROFILE,-0.004949880763888359,-0.001358321402221918,-0.008769724518060684,0.001221097307279706,-0.0007531113806180656,0.013325505889952183,0.0,0.0,1.0,0.022948778972055644,0.022948778972055644,1.0087827830910143,0.022948778972055644,nan,-0.014069704338908195,0.021504320204257965,-0.036655329167842865,0.04476612027007099,-0.019713046424821,0.025262559498129365,-0.05394404710053628,0.001680638175457716,-0.0018150592222809794,-0.001952365390025079,-0.05394404710053628,0.027996685733971634,1.604091932910696,1.8125506878307207,True,True,0.19399999999999906,1.0209370109987503,9,-0.014935973209935227,0.00523065966247987,-0.000983261940896197,-0.000983261940896197,nan,0.02500367162861039,-0.00564847879926253,0.0028932113296501923,0.0028932113296501923,nan,0.03163497736193399,-0.004589319558884319,0.0036382916279623576,0.0036382916279623576,nan,0.024619920769663572,-0.0011889500191696219,0.0028967142212615905,0.0028967142212615905,nan,0.011912246428715356,0.6391244906109236,0.0011419421758042114,0.0011419421758042114,nan,-0.00010106638754781017,-0.004686756691791371,-1.2404446216609694e-05,-1.2404446216609694e-05,nan
12.736,44.41886954700021,ABORT,ABORT_SAFE_HOLD,ABORT_RETRACT_PROFILE,-0.004757612477988005,-0.0013721068389713764,-0.010883457958698273,0.001221097307279706,-0.0007531113806180656,0.013325505889952183,0.0,0.0,1.0,0.02494397836551304,0.02494397836551304,1.0108955846813277,0.02494397836551304,nan,-0.012624992057681084,0.021056190133094788,-0.038655102252960205,0.045792690438151346,-0.019617583666128997,0.025333648236186494,-0.0539360319879544,0.004307451657950878,-0.006090608425438403,0.006376348901540042,-0.0539360319879544,0.02819532153116513,1.6154729257501002,1.8120351944511952,True,True,0.19399999999999906,1.0209370109987503,9,-0.014558760164211648,0.013939726893757567,-0.0009271483843609624,-0.0009271483843609624,nan,0.024997835807600843,-0.005115550708587014,0.0027280992971772007,0.0027280992971772007,nan,0.03162598030518904,-0.0040617204759650785,0.003430658774023907,0.003430658774023907,nan,0.024688462094561103,-0.0010896168395352866,0.0027314022830480233,0.0027314022830480233,nan,0.011771776790858723,0.6767605706245858,0.0010767729323129457,0.0010767729323129457,nan,-9.545185458570415e-05,-0.006705626259007743,-1.1696539640433675e-05,-1.1696539640433675e-05,nan
12.769,44.49601347499993,ABORT,ABORT_SAFE_HOLD,ABORT_RETRACT_PROFILE,-0.004628682509064674,-0.0013422296615317464,-0.01231624186038971,0.001221097307279706,-0.0007531113806180656,0.013325505889952183,0.0,0.0,1.0,0.02630715134598918,0.02630715134598918,1.0123277136464146,0.02630715134598918,nan,-0.01221484038978815,0.02068752981722355,-0.0397002212703228,0.046403488927009615,-0.01960515336463698,0.02547294786666488,-0.05391662237374594,0.001498506055213511,-0.005792602896690368,0.005521564278751613,-0.05391662237374594,0.028464306673165483,1.6308846391384473,1.8116809427407998,True,True,0.19399999999999906,1.0209370109987503,9,-0.014382588456370193,0.0134654106771718,-0.0008527832014304645,-0.0008527832014304645,nan,0.02499305601026336,-0.005504685959294535,0.002509282539569436,0.002509282539569436,nan,0.03161979744646182,-0.004451548880633575,0.0031554907732963336,0.0031554907732963336,nan,0.024718309931673232,-0.0015232878845430151,0.0025123205978918248,0.0025123205978918248,nan,0.011751834561670726,0.6711659681741887,0.0009904065885466742,0.0009904065885466742,nan,-9.894194327131345e-05,-0.005365040741495313,-1.0758377718688867e-05,-1.0758377718688867e-05,nan
12.807,44.572359857000265,ABORT,ABORT_SAFE_HOLD,ABORT_RETRACT_PROFILE,-0.0044603305868804455,-0.001240201760083437,-0.014568218030035496,0.001221097307279706,-0.0007531113806180656,0.013325505889952183,0.0,0.0,1.0,0.028470611410343852,0.028470611410343852,1.014578780423675,0.028470611410343852,nan,-0.011141191236674786,0.02127538062632084,-0.04211510717868805,0.04848144197153555,-0.019558462670685846,0.025408608918080163,-0.05385439101813564,0.0021581463515758514,-0.0060652787797153,0.003435016609728337,-0.05385439101813563,0.02875499647061646,1.6475399376799011,1.8110392634991856,True,True,0.19399999999999906,1.0209370109987503,9,-0.014034852589272617,0.01313843588197959,-0.0007711965108012182,-0.0007711965108012182,nan,0.024985079004665067,-0.00591703523673733,0.0022692167667988025,0.0022692167667988025,nan,0.03160859803095395,-0.004866940893566015,0.002853601560337489,0.002853601560337489,nan,0.02477815718228893,-0.002136509873872412,0.002271964170797742,0.002271964170797742,nan,0.011659395012205032,0.6676625131461522,0.0008956533197189316,0.0008956533197189316,nan,-0.00010069875365648073,-0.005490701870505247,-9.729112093926427e-06,-9.729112093926427e-06,nan
12.843,44.64528317199802,ABORT,ABORT_SAFE_HOLD,ABORT_RETRACT_PROFILE,-0.004262490198016167,-0.0010301199508830905,-0.017436981201171875,0.001221097307279706,-0.0007531113806180656,0.013325505889952183,0.0,0.0,1.0,0.031248633213435295,0.031248633213435295,1.017446431359192,0.031248633213435295,nan,-0.010419944301247597,0.020869188010692596,-0.043457526713609695,0.04932195125429283,-0.01947836564163054,0.025426607363622223,-0.053907842548467075,0.003867428982630372,-0.005324350204318761,0.007995113730430603,-0.053907842548467075,0.029018685462920656,1.662648204042989,1.8106159571262068,True,True,0.19399999999999906,1.0209370109987503,9,-0.01370082347917112,0.004549540550510848,-0.0006979369139112042,-0.0006979369139112042,nan,0.024980368862571822,-0.004022961934327609,0.002053653154589212,0.002053653154589212,nan,0.031601209941000796,-0.0028553801209415756,0.0025825244780801407,0.0025825244780801407,nan,0.02483816333425448,0.0006192580235281388,0.0020561395697135457,0.0020561395697135457,nan,0.01152061096346646,0.6654462772276264,0.0008105709830682605,0.0008105709830682605,nan,-9.086618861164908e-05,-0.004475754370747801,-8.8048978111643e-06,-8.8048978111643e-06,nan
12.872,44.720472332999634,ABORT,ABORT_SAFE_HOLD,ABORT_RETRACT_PROFILE,-0.004160226322710514,-0.0011015271302312613,-0.019011788070201874,0.001221097307279706,-0.0007531113806180656,0.013325505889952183,0.0,0.0,1.0,0.03278384690988362,0.03278384690988362,1.0190208756797403,0.03278384690988362,nan,-0.010828991420567036,0.020338673144578934,-0.043822623789310455,0.04951112032915605,-0.019409376194526453,0.025463310181461706,-0.053857644666225744,0.0004508625715970993,-0.0021869917400181285,0.0058956327848136425,-0.053857644666225744,0.02922243242100276,1.6743220448297227,1.810387304053616,True,True,0.19399999999999906,1.0209370109987503,9,-0.013540033856779488,0.004085503469723344,-0.0006417950204315355,-0.0006417950204315355,nan,0.024977720235130008,-0.005742759004189961,0.0018884577417215657,0.0018884577417215657,nan,0.03159721919203928,-0.0045584275712261466,0.002374786771036523,0.002374786771036523,nan,0.024865018807806116,-0.0014334072684782807,0.001890744150154354,0.001890744150154354,nan,0.01145702022441597,0.6439203465160842,0.0007453688295754619,0.0007453688295754619,nan,-9.560976207811933e-05,-0.004576014601225848,-8.096633747233943e-06,-8.096633747233943e-06,nan
12.9,44.801752077000856,ABORT,ABORT_SAFE_HOLD,ABORT_RETRACT_PROFILE,-0.004038018174469471,-0.0013327065389603376,-0.02160715125501156,0.001221097307279706,-0.0007531113806180656,0.013325505889952183,0.0,0.0,1.0,0.03533107359542778,0.03533107359542778,1.0216160008500632,0.03533107359542778,nan,-0.010745985433459282,0.020005062222480774,-0.04547916725277901,0.05083338835320436,-0.01931545439467527,0.02542342631893669,-0.05384244729822311,0.004902799613773823,-0.00923222117125988,0.002737943083047868,-0.05384244729822311,0.029406175199581743,1.6848497305583052,1.809940580476782,True,True,0.19399999999999906,1.0209370109987503,9,-0.013223174529260362,0.012385433134724684,-0.0005900307325848921,-0.0005900307325848921,nan,0.02497224117194996,-0.004494730623039629,0.0017361432690056987,0.0017361432690056987,nan,0.031589422394777245,-0.003352324390910516,0.0021832471951955014,0.0021832471951955014,nan,0.024916614703530904,-0.0006304220195294911,0.0017382452660602704,0.0017382452660602704,nan,0.011387121821522683,0.6827543134127274,0.0006852507460476144,0.0006852507460476144,nan,-9.206765622238322e-05,-0.005082559227847997,-7.4435958355361325e-06,-7.4435958355361325e-06,nan
12.9,44.87744390299849,ABORT,ABORT_SAFE_HOLD,ABORT_RETRACT_PROFILE,-0.004038018174469471,-0.0013327065389603376,-0.02160715125501156,0.001221097307279706,-0.0007531113806180656,0.013325505889952183,0.0,0.0,1.0,0.03533107359542778,0.03533107359542778,1.0216160008500632,0.03533107359542778,nan,-0.010745985433459282,0.020005062222480774,-0.04547916725277901,0.05083338835320436,-0.01931545439467527,0.02542342631893669,-0.05384244729822311,0.004902799613773823,-0.00923222117125988,0.002737943083047868,-0.05384244729822311,0.029406175199581743,1.6848497305583052,1.809940580476782,True,True,0.19399999999999906,1.0209370109987503,9,-0.013223174529260362,0.012385433134724684,-0.0005900307325848921,-0.0005900307325848921,nan,0.02497224117194996,-0.004494730623039629,0.0017361432690056987,0.0017361432690056987,nan,0.031589422394777245,-0.003352324390910516,0.0021832471951955014,0.0021832471951955014,nan,0.024916614703530904,-0.0006304220195294911,0.0017382452660602704,0.0017382452660602704,nan,0.011387121821522683,0.6827543134127274,0.0006852507460476144,0.0006852507460476144,nan,-9.206765622238322e-05,-0.005082559227847997,-7.4435958355361325e-06,-7.4435958355361325e-06,nan
12.924,44.95109197000056,ABORT,ABORT_SAFE_HOLD,ABORT_RETRACT_PROFILE,-0.003991847392171621,-0.0013944503152742982,-0.02277957834303379,0.001221097307279706,-0.0007531113806180656,0.013325505889952183,0.0,0.0,1.0,0.03648510950428484,0.03648510950428484,1.022788318868004,0.03648510950428484,nan,-0.010136239230632782,0.01952860690653324,-0.045431070029735565,0.050478628720452126,-0.019349241036349194,0.025461421112806134,-0.05383542334188123,0.003955527674406767,-0.0031854719854891296,0.0026802252978086476,-0.05383542334188123,0.029560104909706383,1.6936692532901192,1.8097589028229892,True,True,0.19399999999999906,1.0209370109987503,9,-0.013075502173611753,0.012056140791608341,-0.0005475737114588528,-0.0005475737114588528,nan,0.024970046329855222,-0.0055701423050420786,0.0016112150790331542,0.0016112150790331542,nan,0.031586251521541264,-0.004395185787650068,0.002026146611834881,0.002026146611834881,nan,0.02494084152440479,-0.0018498626214080542,0.00161316582204548,0.00161316582204548,nan,0.011329242897829772,0.6706281898824957,0.0006359419494123605,0.0006359419494123605,nan,-9.53488874904096e-05,-0.00497746705479198,-6.907974742955859e-06,-6.907974742955859e-06,nan
12.943999999999999,45.024742535999394,ABORT,ABORT_SAFE_HOLD,ABORT_RETRACT_PROFILE,-0.0039162347093224525,-0.0014443559339269996,-0.024414187297225,0.001221097307279706,-0.0007531113806180656,0.013325505889952183,0.0,0.0,1.0,0.038094021068188016,0.038094021068188016,1.0244226911749839,0.038094021068188016,nan,-0.010292572900652885,0.020978471264243126,-0.04592109099030495,0.05152455639051922,-0.019308911054435284,0.02549313036986828,-0.05380350676374024,-0.0016629376914352179,-0.005016493611037731,0.00045273691648617446,-0.053803506763740246,0.029682172715260982,1.7006632233628214,1.8095377823206946,True,True,0.19399999999999906,1.0209370109987503,9,-0.012930763449211291,0.0034003335321921638,-0.000513541444667108,-0.000513541444667108,nan,0.02496717039035712,-0.004581890960407787,0.001511076412254484,0.001511076412254484,nan,0.03158239224073256,-0.0033926868580224697,0.0019002195254715776,0.0019002195254715776,nan,0.02496497681912846,-0.00027416069817540363,0.001512905914591356,0.001512905914591356,nan,0.011296192704929098,0.651944433403217,0.0005964175061574008,0.0005964175061574008,nan,-9.257405994489432e-05,-0.003933192777685236,-6.47863704006183e-06,-6.47863704006183e-06,nan
12.943999999999999,45.1020925490011,ABORT,ABORT_SAFE_HOLD,ABORT_RETRACT_PROFILE,-0.0039162347093224525,-0.0014443559339269996,-0.024414187297225,0.001221097307279706,-0.0007531113806180656,0.013325505889952183,0.0,0.0,1.0,0.038094021068188016,0.038094021068188016,1.0244226911749839,0.038094021068188016,nan,-0.010292572900652885,0.020978471264243126,-0.04592109099030495,0.05152455639051922,-0.019308911054435284,0.02549313036986828,-0.05380350676374024,-0.0016629376914352179,-0.005016493611037731,0.00045273691648617446,-0.053803506763740246,0.029682172715260982,1.7006632233628214,1.8095377823206946,True,True,0.19399999999999906,1.0209370109987503,9,-0.012930763449211291,0.0034003335321921638,-0.000513541444667108,-0.000513541444667108,nan,0.02496717039035712,-0.004581890960407787,0.001511076412254484,0.001511076412254484,nan,0.03158239224073256,-0.0033926868580224697,0.0019002195254715776,0.0019002195254715776,nan,0.02496497681912846,-0.00027416069817540363,0.001512905914591356,0.001512905914591356,nan,0.011296192704929098,0.651944433403217,0.0005964175061574008,0.0005964175061574008,nan,-9.257405994489432e-05,-0.003933192777685236,-6.47863704006183e-06,-6.47863704006183e-06,nan
12.975999999999999,45.1850024819978,ABORT,ABORT_SAFE_HOLD,ABORT_RETRACT_PROFILE,-0.0038254237733781338,-0.0013926986139267683,-0.026701901108026505,0.001221097307279706,-0.0007531113806180656,0.013325505889952183,0.0,0.0,1.0,0.04034934643619855,0.04034934643619855,1.0267099722975865,0.04034934643619855,nan,-0.009751525707542896,0.0212221909314394,-0.047516245394945145,0.05294588952872531,-0.01924657122752731,0.025510227388917957,-0.05387328324345893,0.003296651877462864,-0.005700555630028248,0.0012129843235015876,-0.05387328324345893,0.02986844109947911,1.7113356156352413,1.8092059000799534,True,True,0.19399999999999906,1.0209370109987503,9,-0.012654213936720282,0.002961073043449638,-0.0004616362880805365,-0.0004616362880805365,nan,0.02496271807602124,-0.00552847110150808,0.0013583474385624253,0.0013583474385624253,nan,0.03157659980290273,-0.0043516924773287,0.0017081587034236158,0.0017081587034236158,nan,0.025010203206512926,-0.0014440483569645932,0.001359992027673198,0.001359992027673198,nan,0.011213013146707418,0.6433631644669257,0.000536135820288523,0.000536135820288523,nan,-9.53444339257814e-05,-0.0034800332460523187,-5.8238219837036115e-06,-5.8238219837036115e-06,nan
12.999,45.259953058000974,ABORT,ABORT_SAFE_HOLD,ABORT_RETRACT_PROFILE,-0.003791441675275564,-0.0013477428583428264,-0.027591094374656677,0.001221097307279706,-0.0007531113806180656,0.013325505889952183,0.0,0.0,1.0,0.04122677905026934,0.04122677905026934,1.0275989726926034,0.04122677905026934,nan,-0.009884114377200603,0.02113410085439682,-0.048646554350852966,0.05395213792015931,-0.019281104462033516,0.025580444802029135,-0.05392005920991319,-0.0013149701990187168,-0.0010088961571455002,-0.0005165081820450722,-0.05392005920991319,0.029996780686333404,1.718688932306445,1.8090591527906497,True,True,0.19399999999999906,1.0209370109987503,9,-0.012522855455427084,0.002457205138939083,-0.0004262598537854972,-0.0004262598537854972,nan,0.024960748503767505,-0.005532083215310586,0.0012542536093924014,0.0012542536093924014,nan,0.031574038579536,-0.004402859581088896,0.0015772578932025973,0.0015772578932025973,nan,0.025031853304426477,-0.0017082280306855956,0.0012557721692023557,0.0012557721692023557,nan,0.011172655719475344,0.6395556699836356,0.0004950502858334302,0.0004950502858334302,nan,-9.500823139063641e-05,-0.003537519980818725,-5.377526791856488e-06,-5.377526791856488e-06,nan
12.999,45.3349146340006,ABORT,ABORT_SAFE_HOLD,ABORT_RETRACT_PROFILE,-0.003791441675275564,-0.0013477428583428264,-0.027591094374656677,0.001221097307279706,-0.0007531113806180656,0.013325505889952183,0.0,0.0,1.0,0.04122677905026934,0.04122677905026934,1.0275989726926034,0.04122677905026934,nan,-0.009884114377200603,0.02113410085439682,-0.048646554350852966,0.05395213792015931,-0.019281104462033516,0.025580444802029135,-0.05392005920991319,-0.0013149701990187168,-0.0010088961571455002,-0.0005165081820450722,-0.05392005920991319,0.029996780686333404,1.718688932306445,1.8090591527906497,True,True,0.19399999999999906,1.0209370109987503,9,-0.012522855455427084,0.002457205138939083,-0.0004262598537854972,-0.0004262598537854972,nan,0.024960748503767505,-0.005532083215310586,0.0012542536093924014,0.0012542536093924014,nan,0.031574038579536,-0.004402859581088896,0.0015772578932025973,0.0015772578932025973,nan,0.025031853304426477,-0.0017082280306855956,0.0012557721692023557,0.0012557721692023557,nan,0.011172655719475344,0.6395556699836356,0.0004950502858334302,0.0004950502858334302,nan,-9.500823139063641e-05,-0.003537519980818725,-5.377526791856488e-06,-5.377526791856488e-06,nan
13.022,45.41145640600007,ABORT,ABORT_SAFE_HOLD,ABORT_RETRACT_PROFILE,-0.0037539994809776545,-0.0012608019169420004,-0.028850262984633446,0.001221097307279706,-0.0007531113806180656,0.013325505889952183,0.0,0.0,1.0,0.04247122340945299,0.04247122340945299,1.0288578841497626,0.04247122340945299,nan,-0.009800316765904427,0.020250117406249046,-0.049807336181402206,0.054652394285759846,-0.019355984773576567,0.025629060856452175,-0.05397997147266105,0.005904484540224075,-0.00429665669798851,0.0004218172398395842,-0.05397997147266105,0.030120448776862416,1.7257745919541991,1.8089855093802045,True,True,0.19399999999999906,1.0209370109987503,9,-0.012386450258161652,0.011170445413077126,-0.0003924907265393431,-0.0003924907265393431,nan,0.02495988008383776,-0.005336310802362196,0.0011548892208430792,0.0011548892208430792,nan,0.031572753259551334,-0.00420332635330414,0.001452304482688918,0.001452304482688918,nan,0.02505318091281339,-0.001908609742462349,0.0011562874774178125,0.0011562874774178125,nan,0.011128614977941709,0.6668353788057384,0.0004558314479647177,0.0004558314479647177,nan,-9.386467132443954e-05,-0.00478465015109923,-4.951508754053683e-06,-4.951508754053683e-06,nan
13.044,45.48896521200004,ABORT,ABORT_SAFE_HOLD,ABORT_RETRACT_PROFILE,-0.003733664285391569,-0.0012017572298645973,-0.029668143019080162,0.001221097307279706,-0.0007531113806180656,0.013325505889952183,0.0,0.0,1.0,0.04328053594921619,0.04328053594921619,1.0296756135879863,0.04328053594921619,nan,-0.009793744422495365,0.019600974395871162,-0.05015111714601517,0.054728878830779024,-0.019232844414063234,0.025689521971257016,-0.053998865545260843,0.0008910842589102685,-0.003959575202316046,-0.0006048012292012568,-0.053998865545260843,0.030231378810806255,1.7321304147204242,1.808810475682248,True,True,0.19399999999999906,1.0209370109987503,9,-0.012262237054481595,0.010822466462089864,-0.0003616858672992069,-0.0003616858672992069,nan,0.02495705224084155,-0.005428488652987249,0.0010642470795631971,0.0010642470795631971,nan,0.031569698345220054,-0.004222966074613489,0.001338319534413799,0.001338319534413799,nan,0.02507273412598554,-0.0019512422047885912,0.0010655355931706405,0.0010655355931706405,nan,0.011108097897597702,0.6671474907490196,0.00042005525596245166,0.00042005525596245166,nan,-9.632189097885657e-05,-0.004215486646091503,-4.56288675643399e-06,-4.56288675643399e-06,nan
13.044,45.57039065099889,ABORT,ABORT_SAFE_HOLD,ABORT_RETRACT_PROFILE,-0.003733664285391569,-0.0012017572298645973,-0.029668143019080162,0.001221097307279706,-0.0007531113806180656,0.013325505889952183,0.0,0.0,1.0,0.04328053594921619,0.04328053594921619,1.0296756135879863,0.04328053594921619,nan,-0.009793744422495365,0.019600974395871162,-0.05015111714601517,0.054728878830779024,-0.019232844414063234,0.025689521971257016,-0.053998865545260843,0.0008910842589102685,-0.003959575202316046,-0.0006048012292012568,-0.053998865545260843,0.030231378810806255,1.7321304147204242,1.808810475682248,True,True,0.19399999999999906,1.0209370109987503,9,-0.012262237054481595,0.010822466462089864,-0.0003616858672992069,-0.0003616858672992069,nan,0.02495705224084155,-0.005428488652987249,0.0010642470795631971,0.0010642470795631971,nan,0.031569698345220054,-0.004222966074613489,0.001338319534413799,0.001338319534413799,nan,0.02507273412598554,-0.0019512422047885912,0.0010655355931706405,0.0010655355931706405,nan,0.011108097897597702,0.6671474907490196,0.00042005525596245166,0.00042005525596245166,nan,-9.632189097885657e-05,-0.004215486646091503,-4.56288675643399e-06,-4.56288675643399e-06,nan
13.075,45.65242274800039,ABORT,ABORT_SAFE_HOLD,ABORT_RETRACT_PROFILE,-0.003603545017540455,-0.0016777836717665195,-0.031612228602170944,0.001221097307279706,-0.0007531113806180656,0.013325505889952183,0.0,0.0,1.0,0.045205444071406004,0.045205444071406004,1.0316198867297395,0.045205444071406004,nan,-0.010147012770175934,0.020561663433909416,-0.05056673288345337,0.055522413004425564,-0.01920419864768145,0.025699224758219605,-0.05403147890927963,-0.0011333817383274436,-0.004194973967969418,0.0017395771574229006,-0.05403147890927963,0.03037976484002534,1.7406323079333825,1.8086322218003061,True,True,0.19399999999999906,1.0209370109987503,9,-0.012025500771220443,0.001983830513746841,-0.0003207431960112056,-0.0003207431960112056,nan,0.024954236585749356,-0.00550094481713778,0.0009437748071099185,0.0009437748071099185,nan,0.031566587228075704,-0.004331369818798357,0.0011868223880503632,0.0011868223880503632,nan,0.02511211634323196,-0.0016838094291557852,0.0009449174615786711,0.0009449174615786711,nan,0.011021128553589499,0.6357343881162711,0.0003725051971335269,0.0003725051971335269,nan,-9.581612405007434e-05,-0.003105683508078907,-4.0463701062589216e-06,-4.0463701062589216e-06,nan
13.086,45.72918560499966,ABORT,ABORT_SAFE_HOLD,ABORT_RETRACT_PROFILE,-0.003603545017540455,-0.0016777836717665195,-0.031612228602170944,0.001221097307279706,-0.0007531113806180656,0.013325505889952183,0.0,0.0,1.0,0.045205444071406004,0.045205444071406004,1.0316198867297395,0.045205444071406004,nan,-0.010147012770175934,0.020561663433909416,-0.05056673288345337,0.055522413004425564,-0.01920419864768145,0.025699224758219605,-0.05403147890927963,-0.000208840036066249,-0.0020532715134322643,0.00167753198184073,-0.05403147890927963,0.030430977369400456,1.7435665697247664,1.8086322218003061,True,True,0.19399999999999906,1.0209370109987503,9,-0.012025500771220443,0.001983830513746841,-0.000306902818113906,-0.000306902818113906,nan,0.024954236585749356,-0.00550094481713778,0.0009030500149933771,0.0009030500149933771,nan,0.031566587228075704,-0.004331369818798357,0.0011356098586752482,0.0011356098586752482,nan,0.02511211634323196,-0.0016838094291557852,0.0009041433628210228,0.0009041433628210228,nan,0.011021128553589499,0.6357343881162711,0.000356431239022641,0.000356431239022641,nan,-9.581612405007434e-05,-0.003105683508078907,-3.871765338084822e-06,-3.871765338084822e-06,nan
13.094,45.81026046799889,ABORT,ABORT_SAFE_HOLD,ABORT_RETRACT_PROFILE,-0.003603545017540455,-0.0016777836717665195,-0.031612228602170944,0.001221097307279706,-0.0007531113806180656,0.013325505889952183,0.0,0.0,1.0,0.045205444071406004,0.045205444071406004,1.0316198867297395,0.045205444071406004,nan,-0.010147012770175934,0.020561663433909416,-0.05056673288345337,0.055522413004425564,-0.01920419864768145,0.025699224758219605,-0.05403147890927963,-0.000208840036066249,-0.0020532715134322643,0.00167753198184073,-0.05403147890927963,0.030467391330835564,1.7456529360303503,1.8086322218003061,True,True,0.19399999999999906,1.0209370109987503,9,-0.012025500771220443,0.001983830513746841,-0.0002970618086353856,-0.0002970618086353856,nan,0.024954236585749356,-0.00550094481713778,0.0008740932142323257,0.0008740932142323257,nan,0.031566587228075704,-0.004331369818798357,0.0010991958972401406,0.0010991958972401406,nan,0.02511211634323196,-0.0016838094291557852,0.0008751515032540576,0.0008751515032540576,nan,0.011021128553589499,0.6357343881162711,0.0003450020731934726,0.0003450020731934726,nan,-9.581612405007434e-05,-0.003105683508078907,-3.747615030098522e-06,-3.747615030098522e-06,nan
13.121,45.884462198999245,ABORT,ABORT_SAFE_HOLD,ABORT_RETRACT_PROFILE,-0.003527293913066387,-0.0019351685186848044,-0.032656360417604446,0.001221097307279706,-0.0007531113806180656,0.013325505889952183,0.0,0.0,1.0,0.04624150200182868,0.04624150200182868,1.0326641977867144,0.04624150200182868,nan,-0.009857035242021084,0.0215094443410635,-0.05156448855996132,0.05673370973305144,-0.01914650912962028,0.02583585818872158,-0.05398661905450158,-0.0002908051246777177,-0.005985280033200978,0.0057537155225873,-0.05398661905450158,0.030582615563926604,1.7522547982840986,1.8084867106104248,True,True,0.19399999999999906,1.0209370109987503,9,-0.011796426913467606,0.010096363797224995,-0.00026523567827842383,-0.00026523567827842383,nan,0.024951450544997478,-0.004957126179598359,0.0007804460210502559,0.0007804460210502559,nan,0.03156404757871378,-0.003766913998181288,0.0009814320147871793,0.0009814320147871793,nan,0.02514844128109761,-0.0016462555237658754,0.0007813909288045817,0.0007813909288045817,nan,0.010963177002879299,0.6636428176769282,0.0003080397958636575,0.0003080397958636575,nan,-9.427479983870057e-05,-0.004178671467627964,-3.346109077436609e-06,-3.346109077436609e-06,nan
13.123,45.95721743000104,ABORT,ABORT_SAFE_HOLD,ABORT_RETRACT_PROFILE,-0.003527293913066387,-0.0019351685186848044,-0.032656360417604446,0.001221097307279706,-0.0007531113806180656,0.013325505889952183,0.0,0.0,1.0,0.04624150200182868,0.04624150200182868,1.0326641977867144,0.04624150200182868,nan,-0.009857035242021084,0.0215094443410635,-0.05156448855996132,0.05673370973305144,-0.01914650912962028,0.02583585818872158,-0.05398661905450158,-0.0002908051246777177,-0.005985280033200978,0.0057537155225873,-0.05398661905450158,0.03059102568179833,1.752736662543356,1.8084867106104248,True,True,0.19399999999999906,1.0209370109987503,9,-0.011796426913467606,0.010096363797224995,-0.00026296281242067787,-0.00026296281242067787,nan,0.024951450544997478,-0.004957126179598359,0.0007737581986329532,0.0007737581986329532,nan,0.03156404757871378,-0.003766913998181288,0.0009730218969154526,0.0009730218969154526,nan,0.02514844128109761,-0.0016462555237658754,0.0007746950092542386,0.0007746950092542386,nan,0.010963177002879299,0.6636428176769282,0.00030540013162470674,0.00030540013162470674,nan,-9.427479983870057e-05,-0.004178671467627964,-3.317435495029587e-06,-3.317435495029587e-06,nan
13.133,46.03335573000004,ABORT,ABORT_SAFE_HOLD,ABORT_RETRACT_PROFILE,-0.003527293913066387,-0.0019351685186848044,-0.032656360417604446,0.001221097307279706,-0.0007531113806180656,0.013325505889952183,0.0,0.0,1.0,0.04624150200182868,0.04624150200182868,1.0326641977867144,0.04624150200182868,nan,-0.009857035242021084,0.0215094443410635,-0.05156448855996132,0.05673370973305144,-0.01914650912962028,0.02583585818872158,-0.05398661905450158,-0.0002908051246777177,-0.005985280033200978,0.0057537155225873,-0.05398661905450158,0.030632432878843863,1.7551091201755316,1.8084867106104248,True,True,0.19399999999999906,1.0209370109987503,9,-0.011796426913467606,0.010096363797224995,-0.00025177236231460273,-0.00025177236231460273,nan,0.024951450544997478,-0.004957126179598359,0.0007408307195104803,0.0007408307195104803,nan,0.03156404757871378,-0.003766913998181288,0.0009316146998699197,0.0009316146998699197,nan,0.02514844128109761,-0.0016462555237658754,0.0007417276639148686,0.0007417276639148686,nan,0.010963177002879299,0.6636428176769282,0.00029240375048672496,0.00029240375048672496,nan,-9.427479983870057e-05,-0.004178671467627964,-3.176261174426932e-06,-3.176261174426932e-06,nan
13.133,46.111050823998085,ABORT,ABORT_SAFE_HOLD,ABORT_RETRACT_PROFILE,-0.003527293913066387,-0.0019351685186848044,-0.032656360417604446,0.001221097307279706,-0.0007531113806180656,0.013325505889952183,0.0,0.0,1.0,0.04624150200182868,0.04624150200182868,1.0326641977867144,0.04624150200182868,nan,-0.009857035242021084,0.0215094443410635,-0.05156448855996132,0.05673370973305144,-0.01914650912962028,0.02583585818872158,-0.05398661905450158,-0.0002908051246777177,-0.005985280033200978,0.0057537155225873,-0.05398661905450158,0.030632432878843863,1.7551091201755316,1.8084867106104248,True,True,0.19399999999999906,1.0209370109987503,9,-0.011796426913467606,0.010096363797224995,-0.00025177236231460273,-0.00025177236231460273,nan,0.024951450544997478,-0.004957126179598359,0.0007408307195104803,0.0007408307195104803,nan,0.03156404757871378,-0.003766913998181288,0.0009316146998699197,0.0009316146998699197,nan,0.02514844128109761,-0.0016462555237658754,0.0007417276639148686,0.0007417276639148686,nan,0.010963177002879299,0.6636428176769282,0.00029240375048672496,0.00029240375048672496,nan,-9.427479983870057e-05,-0.004178671467627964,-3.176261174426932e-06,-3.176261174426932e-06,nan
13.142,46.186633460998564,ABORT,ABORT_SAFE_HOLD,ABORT_RETRACT_PROFILE,-0.0034714355133473873,-0.002054831711575389,-0.033426493406295776,0.001221097307279706,-0.0007531113806180656,0.013325505889952183,0.0,0.0,1.0,0.04700493355265019,0.04700493355265019,1.0334343667944854,0.04700493355265019,nan,-0.00935815367847681,0.02175888791680336,-0.052262745797634125,0.05737960301321476,-0.0191611115710803,0.02586020773078424,-0.05396091177773052,-0.002157429000362754,-0.009266304783523083,-0.0036287107504904257,-0.053960911777730526,0.03066830118660599,1.7571642228285778,1.8084589232482058,True,True,0.19399999999999906,1.0209370109987503,9,-0.011692421825185484,0.009890881688047946,-0.00024194774986371903,-0.00024194774986371903,nan,0.024950577643724436,-0.0051011168471592466,0.0007119221663873798,0.0007119221663873798,nan,0.031563562597752615,-0.003935257770326999,0.000895261411146625,0.000895261411146625,nan,0.02516581986330113,-0.0018849653349844522,0.0007127841104006133,0.0007127841104006133,nan,0.010924800115789779,0.663706283796124,0.00028099362786124064,0.00028099362786124064,nan,-9.510829610981375e-05,-0.0038221596857401854,-3.0523177248971433e-06,-3.0523177248971433e-06,nan
13.149,46.26198991400088,ABORT,ABORT_SAFE_HOLD,ABORT_RETRACT_PROFILE,-0.0034714355133473873,-0.002054831711575389,-0.033426493406295776,0.001221097307279706,-0.0007531113806180656,0.013325505889952183,0.0,0.0,1.0,0.04700493355265019,0.04700493355265019,1.0334343667944854,0.04700493355265019,nan,-0.00935815367847681,0.02175888791680336,-0.052262745797634125,0.05737960301321476,-0.0191611115710803,0.02586020773078424,-0.05396091177773052,-0.002157429000362754,-0.009266304783523083,-0.0036287107504904257,-0.053960911777730526,0.030695980914392275,1.758750154408803,1.8084589232482058,True,True,0.19399999999999906,1.0209370109987503,9,-0.011692421825185484,0.009890881688047946,-0.00023446719974578797,-0.00023446719974578797,nan,0.024950577643724436,-0.0051011168471592466,0.0006899109286357327,0.0006899109286357327,nan,0.031563562597752615,-0.003935257770326999,0.0008675816833603398,0.0008675816833603398,nan,0.02516581986330113,-0.0018849653349844522,0.0006907462230298055,0.0006907462230298055,nan,0.010924800115789779,0.663706283796124,0.00027230585574011465,0.00027230585574011465,nan,-9.510829610981375e-05,-0.0038221596857401854,-2.957946044524829e-06,-2.957946044524829e-06,nan
13.179,46.33696339299786,ABORT,ABORT_SAFE_HOLD,ABORT_RETRACT_PROFILE,-0.0033849417231976986,-0.0021506822668015957,-0.03463491052389145,0.001221097307279706,-0.0007531113806180656,0.013325505889952183,0.0,0.0,1.0,0.04820135208188118,0.04820135208188118,1.0346426829294562,0.04820135208188118,nan,-0.009115347638726234,0.022755200043320656,-0.053484391421079636,0.058834248676001885,-0.019072020480738326,0.025830050104393307,-0.05400658035970716,0.009903140366077423,-0.0035715310368686906,0.007283312268555165,-0.05400658035970716,0.030807331939145602,1.7651300981716254,1.8083766299703083,True,True,0.19399999999999906,1.0209370109987503,9,-0.011496625248343051,0.0009324961828205414,-0.00020398600581547112,-0.00020398600581547112,nan,0.024948192490959364,-0.005524785426154705,0.0006002211603730913,0.0006002211603730913,nan,0.031562126309101046,-0.004324645175206974,0.0007547943699554444,0.0007547943699554444,nan,0.025198294948585165,-0.0018961984409275427,0.000600947864864431,0.000600947864864431,nan,0.010850959782428227,0.6264149421446021,0.000236905562623747,0.000236905562623747,nan,-9.781469717751179e-05,-0.002696682921980784,-2.573407281250789e-06,-2.573407281250789e-06,nan
13.195,46.41566342100123,ABORT,ABORT_SAFE_HOLD,ABORT_RETRACT_PROFILE,-0.0033849417231976986,-0.0021506822668015957,-0.03463491052389145,0.001221097307279706,-0.0007531113806180656,0.013325505889952183,0.0,0.0,1.0,0.04820135208188118,0.04820135208188118,1.0346426829294562,0.04820135208188118,nan,-0.009115347638726234,0.022755200043320656,-0.053484391421079636,0.058834248676001885,-0.019072020480738326,0.025830050104393307,-0.05400658035970716,-0.001484998851083219,-0.008301600813865662,0.002155717695131899,-0.05400658035970716,0.030862874990600676,1.768312480601279,1.8083316679959007,True,True,0.19399999999999906,1.0209370109987503,9,-0.011405512327507417,0.0006490938851179285,-0.0001887632106687999,-0.0001887632106687999,nan,0.024946731703725966,-0.005722078932883665,0.0005554286574240251,0.0005554286574240251,nan,0.031561341574609436,-0.004490150623595257,0.0006984665840087598,0.0006984665840087598,nan,0.02521326777926447,-0.002114935082192286,0.0005561011303833567,0.0005561011303833567,nan,0.010829092872429946,0.6275524870452829,0.00021922609076727682,0.00021922609076727682,nan,-9.756682502271019e-05,-0.00264281268020622,-2.3813624803595198e-06,-2.3813624803595198e-06,nan
13.196,46.494245358000626,ABORT,ABORT_SAFE_HOLD,ABORT_RETRACT_PROFILE,-0.003357942681759596,-0.0021294632460922003,-0.03519489988684654,0.001221097307279706,-0.0007531113806180656,0.013325505889952183,0.0,0.0,1.0,0.048755427681685025,0.048755427681685025,1.0352025362915747,0.048755427681685025,nan,-0.010072916746139526,0.0231013223528862,-0.05301797389984131,0.058702983762930414,-0.01908283723540382,0.025790387845833696,-0.05400084971054022,-0.001484998851083219,-0.008301600813865662,0.002155717695131899,-0.05400084971054022,0.030866308134601055,1.7685091852629613,1.8083316679959007,True,True,0.19399999999999906,1.0209370109987503,9,-0.011405512327507417,0.0006490938851179285,-0.00018783539064270646,-0.00018783539064270646,nan,0.024946731703725966,-0.005722078932883665,0.0005526985818462803,0.0005526985818462803,nan,0.031561341574609436,-0.004490150623595257,0.0006950334400083816,0.0006950334400083816,nan,0.02521326777926447,-0.002114935082192286,0.0005533677494270021,0.0005533677494270021,nan,0.010829092872429946,0.6275524870452829,0.0002181485378027169,0.0002181485378027169,nan,-9.756682502271019e-05,-0.00264281268020622,-2.3696574675509733e-06,-2.3696574675509733e-06,nan
13.227,46.57521223100048,ABORT,ABORT_SAFE_HOLD,ABORT_RETRACT_PROFILE,-0.0033459323458373547,-0.0020918447989970446,-0.035538479685783386,0.001221097307279706,-0.0007531113806180656,0.013325505889952183,0.0,0.0,1.0,0.04909520397517082,0.04909520397517082,1.0355459980067856,0.04909520397517082,nan,-0.00931122712790966,0.022965971380472183,-0.05236247181892395,0.05793067621790542,-0.019120534859079715,0.025898319610864837,-0.05391630547224329,-0.003920670133084059,-0.001073686988092959,9.654456516727819e-05,-0.053916305472243284,0.030967409451216704,1.774301864008254,1.8083147686246905,True,True,0.19399999999999906,1.0209370109987503,9,-0.011310026558834174,0.009011129210157379,-0.00016043266986558342,-0.00016043266986558342,nan,0.024945618460088248,-0.005459188831133997,0.0004720671052090841,0.0004720671052090841,nan,0.0315610466249403,-0.004278679085958633,0.000593637173723599,0.000593637173723599,nan,0.025227621226520114,-0.00242425879043456,0.0004726386500132629,0.0004726386500132629,nan,0.01080880049087618,0.6483374566531438,0.00018632352629188546,0.00018632352629188546,nan,-9.71171088783862e-05,-0.003445558382390244,-2.023955511713254e-06,-2.023955511713254e-06,nan
13.251,46.65020901299795,ABORT,ABORT_SAFE_HOLD,ABORT_RETRACT_PROFILE,-0.003331304993480444,-0.002035917714238167,-0.0358838327229023,0.001221097307279706,-0.0007531113806180656,0.013325505889952183,0.0,0.0,1.0,0.04943610993506784,0.04943610993506784,1.035891189966682,0.04943610993506784,nan,-0.009292764589190483,0.023448767140507698,-0.05300943925976753,0.058704350816228684,-0.019190932757641322,0.02598232437074046,-0.053951384311300275,0.00120689463801682,-0.007703857496380805,0.004421095363795758,-0.053951384311300275,0.03103861960734658,1.7783819054129635,1.8082744183247028,True,True,0.19399999999999906,1.0209370109987503,9,-0.011224898399194494,0.008969600949875749,-0.00014099753342160064,-0.00014099753342160064,nan,0.02494399433774941,-0.005401551595369291,0.00041487994620872937,0.00041487994620872937,nan,0.03156034237935135,-0.004246737038933032,0.0005217227720047679,0.0005217227720047679,nan,0.025241412435467403,-0.0023916739041443726,0.0004153822529252907,0.0004153822529252907,nan,0.010792764842569191,0.6527099998131377,0.00016375191940383275,0.00016375191940383275,nan,-9.857539222757339e-05,-0.003075059311021193,-1.7787694684986386e-06,-1.7787694684986386e-06,nan
13.252,46.72830008299934,ABORT,ABORT_SAFE_HOLD,ABORT_RETRACT_PROFILE,-0.003331304993480444,-0.002035917714238167,-0.0358838327229023,0.001221097307279706,-0.0007531113806180656,0.013325505889952183,0.0,0.0,1.0,0.04943610993506784,0.04943610993506784,1.035891189966682,0.04943610993506784,nan,-0.009292764589190483,0.023448767140507698,-0.05300943925976753,0.058704350816228684,-0.019190932757641322,0.02598232437074046,-0.053951384311300275,0.00120689463801682,-0.007703857496380805,0.004421095363795758,-0.053951384311300275,0.03104149347570387,1.7785465659407123,1.8082744183247028,True,True,0.19399999999999906,1.0209370109987503,9,-0.011224898399194494,0.008969600949875749,-0.00014022085973300694,-0.00014022085973300694,nan,0.02494399433774941,-0.005401551595369291,0.00041259461305200376,0.00041259461305200376,nan,0.03156034237935135,-0.004246737038933032,0.0005188489036474786,0.0005188489036474786,nan,0.025241412435467403,-0.0023916739041443726,0.00041309415285200116,0.00041309415285200116,nan,0.010792764842569191,0.6527099998131377,0.00016284990499144253,0.00016284990499144253,nan,-9.857539222757339e-05,-0.003075059311021193,-1.768971258482265e-06,-1.768971258482265e-06,nan
13.267,46.80074473900095,ABORT,ABORT_SAFE_HOLD,ABORT_RETRACT_PROFILE,-0.003279023105278611,-0.0020476693753153086,-0.036316633224487305,0.001221097307279706,-0.0007531113806180656,0.013325505889952183,0.0,0.0,1.0,0.04986250033829552,0.04986250033829552,1.0363238438056572,0.04986250033829552,nan,-0.009699724614620209,0.023616766557097435,-0.05355971306562424,0.05933362608069647,-0.019178768721588826,0.025950988520498267,-0.05392257678831985,0.004298425745218992,-0.00122153083793819,-0.002904566004872322,-0.05392257678831985,0.03108415315180848,1.7809907853369016,1.8083152401430926,True,True,0.19399999999999906,1.0209370109987503,9,-0.011143690429512354,0.008596553620660212,-0.0001288844715443757,-0.0001288844715443757,nan,0.024943870209666485,-0.0056240788527546085,0.0003792377166030557,0.0003792377166030557,nan,0.0315610548544889,-0.0044588179709637715,0.0004769017026804226,0.0004769017026804226,nan,0.025255770971461367,-0.0028672961741929882,0.0003796968702786292,0.0003796968702786292,nan,0.010743679224457736,0.6489889421983184,0.00014968403407195074,0.00014968403407195074,nan,-9.894575985480714e-05,-0.0037403173596505007,-1.6259558403848952e-06,-1.6259558403848952e-06,nan
13.273,46.87591560799774,ABORT,ABORT_SAFE_HOLD,ABORT_RETRACT_PROFILE,-0.003279023105278611,-0.0020476693753153086,-0.036316633224487305,0.001221097307279706,-0.0007531113806180656,0.013325505889952183,0.0,0.0,1.0,0.04986250033829552,0.04986250033829552,1.0363238438056572,0.04986250033829552,nan,-0.009699724614620209,0.023616766557097435,-0.05355971306562424,0.05933362608069647,-0.019178768721588826,0.025950988520498267,-0.05392257678831985,0.004298425745218992,-0.00122153083793819,-0.002904566004872322,-0.05392257678831985,0.03110032733746016,1.781917497911804,1.8083152401430926,True,True,0.19399999999999906,1.0209370109987503,9,-0.011143690429512354,0.008596553620660212,-0.00012451333728618133,-0.00012451333728618133,nan,0.024943870209666485,-0.0056240788527546085,0.00036637581822865015,0.00036637581822865015,nan,0.0315610548544889,-0.0044588179709637715,0.0004607275170287403,0.0004607275170287403,nan,0.025255770971461367,-0.0028672961741929882,0.0003668193996453073,0.0003668193996453073,nan,0.010743679224457736,0.6489889421983184,0.00014460747984166786,0.00014460747984166786,nan,-9.894575985480714e-05,-0.0037403173596505007,-1.570811328473941e-06,-1.570811328473941e-06,nan
13.304,46.952268098000786,ABORT,ABORT_SAFE_HOLD,ABORT_RETRACT_PROFILE,-0.0031805746257305145,-0.0020816014148294926,-0.03702785074710846,0.001221097307279706,-0.0007531113806180656,0.013325505889952183,0.0,0.0,1.0,0.0505628334470673,0.0505628334470673,1.0370348173251307,0.0505628334470673,nan,-0.009041469544172287,0.022865770384669304,-0.05480519309639931,0.06006830126727598,-0.019010485186890674,0.02603319211458455,-0.053976988424944916,0.0026735886931419373,-0.00200361548922956,0.0014244781341403725,-0.053976988424944916,0.031179561354372786,1.7864572726747656,1.8083762992516526,True,True,0.19399999999999906,1.0209370109987503,9,-0.010992821566138566,-9.198400625923253e-06,-0.00010338805210082826,-0.00010338805210082826,nan,0.024942248342211926,-0.005449165817058921,0.00030421546003900346,0.00030421546003900346,nan,0.031562120536971605,-0.004229675458135568,0.0003825591825988191,0.0003825591825988191,nan,0.025282436839910716,-0.0019933533960283974,0.00030458378217714313,0.00030458378217714313,nan,0.01068730329954004,0.622779369903807,0.00012007296556253329,0.00012007296556253329,nan,-9.87226197315394e-05,-0.0021573932867241796,-1.3043030329800429e-06,-1.3043030329800429e-06,nan
13.334,47.02875007699913,ABORT,ABORT_SAFE_HOLD,ABORT_RETRACT_PROFILE,-0.0031381831504404545,-0.0020633856765925884,-0.03737400472164154,0.001221097307279706,-0.0007531113806180656,0.013325505889952183,0.0,0.0,1.0,0.050903443116304584,0.050903443116304584,1.037380803478719,0.050903443116304584,nan,-0.008507984690368176,0.0236106738448143,-0.05544336885213852,0.060858991715045864,-0.018941276359589695,0.026083671119928657,-0.0539962140763555,-0.004059177823364735,-0.003034556750208139,0.002765155397355557,-0.053996214076355506,0.03124722031370252,1.7903338454906068,1.8083987703602316,True,True,0.19399999999999906,1.0209370109987503,9,-0.010923476542214594,-0.0006338229323499082,-8.520895702493307e-05,-8.520895702493307e-05,nan,0.02494128742786028,-0.005569970553690733,0.00025072415558717934,0.00025072415558717934,nan,0.03156251273180288,-0.004374911083758386,0.0003152924181003616,0.0003152924181003616,nan,0.025294566650069683,-0.0023939440550985406,0.0002510277143118328,0.0002510277143118328,nan,0.01065761876993676,0.6158054574797844,9.896010181617565e-05,9.896010181617565e-05,nan,-9.970646179002784e-05,-0.002140787119258484,-1.074962714031009e-06,-1.074962714031009e-06,nan
13.386,47.18300234900016,ABORT,ABORT_SAFE_HOLD,ABORT_RETRACT_PROFILE,-0.002990343142300844,-0.0017964841099455953,-0.03867282718420029,0.001221097307279706,-0.0007531113806180656,0.013325505889952183,0.0,0.0,1.0,0.05217903314362165,0.05217903314362165,1.0386786853681391,0.05217903314362165,nan,-0.008742457255721092,0.023358801379799843,-0.05673854425549507,0.06197843629038911,-0.01901084221640098,0.026110241437667228,-0.05407549744777773,-0.0014055273495614529,-0.004148146137595176,0.0036249598488211636,-0.05407549744777773,0.031347387504009325,1.7960730027408702,1.8085191146807877,True,True,0.19399999999999906,1.0209370109987503,9,-0.010728752874720193,-0.0008995487156117175,-5.870604085373744e-05,-5.870604085373744e-05,nan,0.02493860011152549,-0.005585861340538307,0.00017274032020616475,0.00017274032020616475,nan,0.03156461313643266,-0.0043795916430879895,0.0002172256324233339,0.0002172256324233339,nan,0.025327225172017798,-0.002308796984777031,0.00017294946172734943,0.00017294946172734943,nan,0.010598403048733829,0.6084483237345972,6.818010668069308e-05,6.818010668069308e-05,nan,-0.00010257704883986918,-0.0016371336966277765,-7.406123394713613e-07,-7.406123394713613e-07,nan
13.386,47.262292737999815,ABORT,ABORT_SAFE_HOLD,ABORT_RETRACT_PROFILE,-0.002990343142300844,-0.0017964841099455953,-0.03867282718420029,0.001221097307279706,-0.0007531113806180656,0.013325505889952183,0.0,0.0,1.0,0.05217903314362165,0.05217903314362165,1.0386786853681391,0.05217903314362165,nan,-0.008742457255721092,0.023358801379799843,-0.05673854425549507,0.06197843629038911,-0.01901084221640098,0.026110241437667228,-0.05407549744777773,-0.0014055273495614529,-0.004148146137595176,0.0036249598488211636,-0.05407549744777773,0.031347387504009325,1.7960730027408702,1.8085191146807877,True,True,0.19399999999999906,1.0209370109987503,9,-0.010728752874720193,-0.0008995487156117175,-5.870604085373744e-05,-5.870604085373744e-05,nan,0.02493860011152549,-0.005585861340538307,0.00017274032020616475,0.00017274032020616475,nan,0.03156461313643266,-0.0043795916430879895,0.0002172256324233339,0.0002172256324233339,nan,0.025327225172017798,-0.002308796984777031,0.00017294946172734943,0.00017294946172734943,nan,0.010598403048733829,0.6084483237345972,6.818010668069308e-05,6.818010668069308e-05,nan,-0.00010257704883986918,-0.0016371336966277765,-7.406123394713613e-07,-7.406123394713613e-07,nan
13.409,47.33715952900093,ABORT,ABORT_SAFE_HOLD,ABORT_RETRACT_PROFILE,-0.002963673323392868,-0.0016978331841528416,-0.039021704345941544,0.001221097307279706,-0.0007531113806180656,0.013325505889952183,0.0,0.0,1.0,0.05252271150653087,0.05252271150653087,1.0390273182640744,0.05252271150653087,nan,-0.008109982125461102,0.023223962634801865,-0.05722972750663757,0.062292583515390985,-0.019061769445127587,0.02614060095163063,-0.05401339353014066,-0.0008579003042541444,-0.008178824558854103,-0.004476449452340602,-0.05401339353014066,0.03138461514279523,1.7982059893245403,1.808572807815386,True,True,0.19399999999999906,1.0209370109987503,9,-0.010672892192895134,-0.0010514298383385579,-4.8898392749867695e-05,-4.8898392749867695e-05,nan,0.024937788967460683,-0.0054566547140695,0.00014388168403696444,0.00014388168403696444,nan,0.03156555025841712,-0.004238890871938669,0.0001809351156218872,0.0001809351156218872,nan,0.025337532620909542,-0.002270073674262173,0.0001440558856028451,0.0001440558856028451,nan,0.010573260566736131,0.6101962757575932,5.678968613309458e-05,5.678968613309458e-05,nan,-0.00010240426840280037,-0.0017063978053763716,-6.168829054763723e-07,-6.168829054763723e-07,nan
13.409,47.41178353699797,ABORT,ABORT_SAFE_HOLD,ABORT_RETRACT_PROFILE,-0.002963673323392868,-0.0016978331841528416,-0.039021704345941544,0.001221097307279706,-0.0007531113806180656,0.013325505889952183,0.0,0.0,1.0,0.05252271150653087,0.05252271150653087,1.0390273182640744,0.05252271150653087,nan,-0.008109982125461102,0.023223962634801865,-0.05722972750663757,0.062292583515390985,-0.019061769445127587,0.02614060095163063,-0.05401339353014066,-0.0008579003042541444,-0.008178824558854103,-0.004476449452340602,-0.05401339353014066,0.03138461514279523,1.7982059893245403,1.808572807815386,True,True,0.19399999999999906,1.0209370109987503,9,-0.010672892192895134,-0.0010514298383385579,-4.8898392749867695e-05,-4.8898392749867695e-05,nan,0.024937788967460683,-0.0054566547140695,0.00014388168403696444,0.00014388168403696444,nan,0.03156555025841712,-0.004238890871938669,0.0001809351156218872,0.0001809351156218872,nan,0.025337532620909542,-0.002270073674262173,0.0001440558856028451,0.0001440558856028451,nan,0.010573260566736131,0.6101962757575932,5.678968613309458e-05,5.678968613309458e-05,nan,-0.00010240426840280037,-0.0017063978053763716,-6.168829054763723e-07,-6.168829054763723e-07,nan
13.427,47.48928905199864,ABORT,ABORT_SAFE_HOLD,ABORT_RETRACT_PROFILE,-0.0029266513884067535,-0.0015187691897153854,-0.03947926312685013,0.001221097307279706,-0.0007531113806180656,0.013325505889952183,0.0,0.0,1.0,0.052972952362890305,0.052972952362890305,1.0394844926303326,0.052972952362890305,nan,-0.00794155802577734,0.024135537445545197,-0.057901039719581604,0.06323071178051588,-0.019064123917979077,0.026100822345844363,-0.054084632173298806,-0.0020291560795158148,-0.0021100915037095542,0.0020081466063857083,-0.05408463217329881,0.03141201656038262,1.7997759749049733,1.8086795603434394,True,True,0.19399999999999906,1.0209370109987503,9,-0.010621460691208284,-0.0015140733335753751,-4.199658921746896e-05,-4.199658921746896e-05,nan,0.024937725744035966,-0.005524770540889165,0.00012357338637545776,0.00012357338637545776,nan,0.03156741344151648,-0.0043307150518660294,0.00015539688113385547,0.00015539688113385547,nan,0.02534787539599037,-0.0025483668166614883,0.0001237230001192198,0.0001237230001192198,nan,0.010541464990041938,0.6064957677208037,4.877405955898244e-05,4.877405955898244e-05,nan,-0.00010172953625620096,-0.0015763855191631543,-5.298124645751446e-07,-5.298124645751446e-07,nan
13.428,47.56657738099966,ABORT,ABORT_SAFE_HOLD,ABORT_RETRACT_PROFILE,-0.0029266513884067535,-0.0015187691897153854,-0.03947926312685013,0.001221097307279706,-0.0007531113806180656,0.013325505889952183,0.0,0.0,1.0,0.052972952362890305,0.052972952362890305,1.0394844926303326,0.052972952362890305,nan,-0.00794155802577734,0.024135537445545197,-0.057901039719581604,0.06323071178051588,-0.019064123917979077,0.026100822345844363,-0.054084632173298806,-0.0020291560795158148,-0.0021100915037095542,0.0020081466063857083,-0.05408463217329881,0.03141336371024016,1.7998531609061819,1.8086795603434394,True,True,0.19399999999999906,1.0209370109987503,9,-0.010621460691208284,-0.0015140733335753751,-4.163251692227039e-05,-4.163251692227039e-05,nan,0.024937725744035966,-0.005524770540889165,0.00012250211732143038,0.00012250211732143038,nan,0.03156741344151648,-0.0043307150518660294,0.0001540497312763206,0.0001540497312763206,nan,0.02534787539599037,-0.0025483668166614883,0.00012265043404988824,0.00012265043404988824,nan,0.010541464990041938,0.6064957677208037,4.835123274993247e-05,4.835123274993247e-05,nan,-0.00010172953625620096,-0.0015763855191631543,-5.252194715821967e-07,-5.252194715821967e-07,nan
13.462,47.64491103899854,ABORT,ABORT_SAFE_HOLD,ABORT_RETRACT_PROFILE,-0.002785902703180909,-0.001362471142783761,-0.04003910347819328,0.001221097307279706,-0.0007531113806180656,0.013325505889952183,0.0,0.0,1.0,0.05351830435858686,0.05351830435858686,1.0400437271313214,0.05351830435858686,nan,-0.007167965639382601,0.02425277791917324,-0.059553276747465134,0.06470061622244627,-0.019042765132673917,0.026135939352208967,-0.053943855196074954,0.001501342048868537,-0.006404041312634945,0.0014557235408574351,-0.05394385519607495,0.031457074165282296,1.8023575855006926,1.8088069569493652,True,True,0.19399999999999906,1.0209370109987503,9,-0.01052096877705555,0.006856541675320351,-3.0420509278275554e-05,-3.0420509278275554e-05,nan,0.024935875736529667,-0.005439984661836879,8.95112059533347e-05,8.95112059533347e-05,nan,0.03156963693174575,-0.004267546143424387,0.00011256276646345181,0.00011256276646345181,nan,0.025364775337268775,-0.0028710394553226794,8.961957966570344e-05,8.961957966570344e-05,nan,0.010525569867098739,0.632717323132708,3.532981508736453e-05,3.532981508736453e-05,nan,-0.000104080173519705,-0.0021871697898949794,-3.8377318955345183e-07,-3.8377318955345183e-07,nan
13.468,47.72004581500005,ABORT,ABORT_SAFE_HOLD,ABORT_RETRACT_PROFILE,-0.002785902703180909,-0.001362471142783761,-0.04003910347819328,0.001221097307279706,-0.0007531113806180656,0.013325505889952183,0.0,0.0,1.0,0.05351830435858686,0.05351830435858686,1.0400437271313214,0.05351830435858686,nan,-0.007167965639382601,0.02425277791917324,-0.059553276747465134,0.06470061622244627,-0.019042765132673917,0.026135939352208967,-0.053943855196074954,0.001501342048868537,-0.006404041312634945,0.0014557235408574351,-0.05394385519607495,0.031463552469891784,1.8027287650132164,1.8088069569493652,True,True,0.19399999999999906,1.0209370109987503,9,-0.01052096877705555,0.006856541675320351,-2.866972319090326e-05,-2.866972319090326e-05,nan,0.024935875736529667,-0.005439984661836879,8.435958365097737e-05,8.435958365097737e-05,nan,0.03156963693174575,-0.004267546143424387,0.00010608446185396414,0.00010608446185396414,nan,0.025364775337268775,-0.0028710394553226794,8.446172015061024e-05,8.446172015061024e-05,nan,0.010525569867098739,0.632717323132708,3.329648460763564e-05,3.329648460763564e-05,nan,-0.000104080173519705,-0.0021871697898949794,-3.6168596034796385e-07,-3.6168596034796385e-07,nan
13.481,47.79631601299843,ABORT,ABORT_SAFE_HOLD,ABORT_RETRACT_PROFILE,-0.002682314021512866,-0.0014207076746970415,-0.0401814728975296,0.001221097307279706,-0.0007531113806180656,0.013325505889952183,0.0,0.0,1.0,0.05365332313825156,0.05365332313825156,1.04018590154745,0.05365332313825156,nan,-0.006936205551028252,0.023628564551472664,-0.05989238619804382,0.06475737745388441,-0.018985142998095655,0.02614676701804392,-0.05391587048684543,0.0035986886359751225,-0.004801076836884022,-0.0008043124107643956,-0.05391587048684544,0.03147828865997701,1.8035730865112025,1.8088945971062347,True,True,0.19399999999999906,1.0209370109987503,9,-0.010479800557661179,0.006507951713151869,-2.5100595262493933e-05,-2.5100595262493933e-05,nan,0.024935454363100185,-0.0059142246243625044,7.385755877850966e-05,7.385755877850966e-05,nan,0.031571166541040085,-0.00477743910818005,9.287788106307482e-05,9.287788106307482e-05,nan,0.025372941540100946,-0.0035566744080963095,7.394698018386645e-05,7.394698018386645e-05,nan,0.010497319051785858,0.6251920023987403,2.915136564922774e-05,2.915136564922774e-05,nan,-0.00010670674291013427,-0.002398720951646844,-3.1665924509872523e-07,-3.1665924509872523e-07,nan
13.512,47.868570586000715,ABORT,ABORT_SAFE_HOLD,ABORT_RETRACT_PROFILE,-0.0025176762137562037,-0.0014747334644198418,-0.04043370112776756,0.001221097307279706,-0.0007531113806180656,0.013325505889952183,0.0,0.0,1.0,0.05389389116632309,0.05389389116632309,1.0404377924579313,0.05389389116632309,nan,-0.005737988278269768,0.023846346884965897,-0.05930764228105545,0.06417919602314538,-0.018920398853528312,0.02620708254608665,-0.053938537150198904,-0.0006881483132019639,-0.0033291911240667105,-0.0006030707154422994,-0.053938537150198904,0.031507063733546906,1.8052217767819358,1.8089896369947607,True,True,0.19399999999999906,1.0209370109987503,9,-0.010441278972209922,-0.0019128609156765074,-1.7772309670127315e-05,-1.7772309670127315e-05,nan,0.024934880426221717,-0.005603637821308325,5.229435367425789e-05,5.229435367425789e-05,nan,0.031572825300015595,-0.004415760618491858,6.576156646868891e-05,6.576156646868891e-05,nan,0.025381153786399935,-0.0025741053031112533,5.23576679060736e-05,5.23576679060736e-05,nan,0.01047477443060707,0.5986104944042095,2.0640430723143505e-05,2.0640430723143505e-05,nan,-0.00010579686565925783,-0.0011806713627884745,-2.2420847413975572e-07,-2.2420847413975572e-07,nan
13.513,47.94375995799783,ABORT,ABORT_SAFE_HOLD,ABORT_RETRACT_PROFILE,-0.0025176762137562037,-0.0014747334644198418,-0.04043370112776756,0.001221097307279706,-0.0007531113806180656,0.013325505889952183,0.0,0.0,1.0,0.05389389116632309,0.05389389116632309,1.0404377924579313,0.05389389116632309,nan,-0.005737988278269768,0.023846346884965897,-0.05930764228105545,0.06417919602314538,-0.018920398853528312,0.02620708254608665,-0.053938537150198904,-0.0006881483132019639,-0.0033291911240667105,-0.0006030707154422994,-0.053938537150198904,0.03150784024543393,1.8052662676358042,1.8089896369947607,True,True,0.19399999999999906,1.0209370109987503,9,-0.010441278972209922,-0.0019128609156765074,-1.756245442397289e-05,-1.756245442397289e-05,nan,0.024934880426221717,-0.005603637821308325,5.167686249463871e-05,5.167686249463871e-05,nan,0.031572825300015595,-0.004415760618491858,6.498505458166215e-05,6.498505458166215e-05,nan,0.025381153786399935,-0.0025741053031112533,5.173942911266757e-05,5.173942911266757e-05,nan,0.01047477443060707,0.5986104944042095,2.0396708733681768e-05,2.0396708733681768e-05,nan,-0.00010579686565925783,-0.0011806713627884745,-2.2156102282904703e-07,-2.2156102282904703e-07,nan
13.537,48.01910531899921,ABORT,ABORT_SAFE_HOLD,ABORT_RETRACT_PROFILE,-0.002241251291707158,-0.0014610722428187728,-0.04084157571196556,0.001221097307279706,-0.0007531113806180656,0.013325505889952183,0.0,0.0,1.0,0.054282241991945486,0.054282241991945486,1.0408450142408419,0.054282241991945486,nan,-0.004633531905710697,0.02354610152542591,-0.05951131507754326,0.06416763309664407,-0.01875372643832916,0.026439149588090783,-0.05394826708540338,0.007406329736113548,0.004148553591221572,0.003984471317380666,-0.05394826708540338,0.031527748039092224,1.8064069001918417,1.8091618148363848,True,True,0.19399999999999906,1.0209370109987503,9,-0.010372683229628699,-0.0024221667108259397,-1.2994430104105656e-05,-1.2994430104105656e-05,nan,0.024933494976817627,-0.005451954163999153,3.823562250896903e-05,3.823562250896903e-05,nan,0.03157583037025091,-0.0042784835888113,4.808233115868865e-05,4.808233115868865e-05,nan,0.02539594061668282,-0.002658767556869555,3.8281915443045406e-05,3.8281915443045406e-05,nan,0.010439524257229493,0.5988047156823062,1.5091490038648611e-05,1.5091490038648611e-05,nan,-0.00010479606523716711,-0.001125722297689184,-1.63932623279363e-07,-1.63932623279363e-07,nan
13.568,48.09436808600003,ABORT,ABORT_SAFE_HOLD,ABORT_RETRACT_PROFILE,-0.002120676450431347,-0.001425138907507062,-0.04096025973558426,0.001221097307279706,-0.0007531113806180656,0.013325505889952183,0.0,0.0,1.0,0.05439267802191115,0.05439267802191115,1.0409633954363084,0.05439267802191115,nan,-0.0037641036324203014,0.023714253678917885,-0.05972173437476158,0.06436784803326308,-0.01872126104081875,0.026481384125955385,-0.054018916475688995,0.006306897383183241,-0.00532629806548357,0.0012124816421419389,-0.054018916475688995,0.03154628535956607,1.8074690104184745,1.8092369238569104,True,True,0.19399999999999906,1.0209370109987503,9,-0.01033434565462965,0.006096364465249813,-8.338925364300906e-06,-8.338925364300906e-06,nan,0.024932633297723328,-0.005536293739835756,2.453697467341351e-05,2.453697467341351e-05,nan,0.03157714126995703,-0.004361930148520141,3.0855910390960306e-05,3.0855910390960306e-05,nan,0.0254018577163011,-0.003110425249202362,2.4566682272672558e-05,2.4566682272672558e-05,nan,0.010439984534761138,0.6201862702813347,9.684673206916683e-06,9.684673206916683e-06,nan,-0.00010620816865358762,-0.0020531041447697847,-1.0520060513225047e-07,-1.0520060513225047e-07,nan
13.61,48.18819148699913,ABORT,ABORT_SAFE_HOLD,ABORT_RETRACT_PROFILE,-0.001812891336157918,-0.0012452243827283382,-0.041317589581012726,0.001221097307279706,-0.0007531113806180656,0.013325505889952183,0.0,0.0,1.0,0.05472947236128209,0.05472947236128209,1.041319912192968,0.05472947236128209,nan,-0.003625701181590557,0.024678900837898254,-0.05946122109889984,0.06448124277801455,-0.018644075898755712,0.02653972159148658,-0.053942789906071154,0.0004753961693495512,-0.00636225426569581,0.002282761037349702,-0.053942789906071154,0.031564862185357055,1.8085333841330478,1.8093788078335342,True,True,0.19399999999999906,1.0209370109987503,9,-0.01028156935186697,0.0057213536579338534,-3.987709458109015e-06,-3.987709458109015e-06,nan,0.024930905658978375,-0.00595331011620047,1.1733685301634766e-05,1.1733685301634766e-05,nan,0.03157961761250494,-0.0048696323002236,1.4755427147884748e-05,1.4755427147884748e-05,nan,0.02541333300001547,-0.0037595094134688315,1.174789160153164e-05,1.174789160153164e-05,nan,0.010416891101252546,0.6177043427677014,4.6312517811043785e-06,4.6312517811043785e-06,nan,-0.00010961883772431236,-0.0019161749258437186,-5.030737532206854e-08,-5.030737532206854e-08,nan
13.649000000000001,48.2657934960007,ABORT,ABORT_SAFE_HOLD,ABORT_RETRACT_PROFILE,-0.0015354150673374534,-0.0009339505922980607,-0.042129721492528915,0.001221097307279706,-0.0007531113806180656,0.013325505889952183,0.0,0.0,1.0,0.05552398857552094,0.05552398857552094,1.0421312710888364,0.05552398857552094,nan,-0.003521860809996724,0.02550540119409561,-0.060486964881420135,0.06573889194535391,-0.018534415818832084,0.026515259737186693,-0.053856315153607934,-0.0020029740408062935,0.00022532697767019285,0.0010152454487979412,-0.053856315153607934,0.03157661952897557,1.8092070303006738,1.809547352232492,True,True,0.19399999999999906,1.0209370109987503,9,-0.010235228068075308,-0.002648400828551301,-1.6052365051193174e-06,-1.6052365051193174e-06,nan,0.02492933145017684,-0.005610865765311654,4.723348123434473e-06,4.723348123434473e-06,nan,0.03158255926720255,-0.0044257660542492885,5.939738226976021e-06,5.939738226976021e-06,nan,0.025424787272871896,-0.0027181385426652046,4.729066812682314e-06,4.729066812682314e-06,nan,0.0103921043606503,0.5945941834258106,1.8642918952656296e-06,1.8642918952656296e-06,nan,-0.00010792934857928316,-0.0006507585480972364,-2.025103287790547e-08,-2.025103287790547e-08,nan
13.69,48.346235109998815,ABORT,ABORT_SAFE_HOLD,ABORT_RETRACT_PROFILE,-0.0013064263621345162,-0.0009746045107021928,-0.04234476387500763,0.001221097307279706,-0.0007531113806180656,0.013325505889952183,0.0,0.0,1.0,0.05572805730338644,0.05572805730338644,1.0423460382144873,0.05572805730338644,nan,-0.004663755651563406,0.02579372376203537,-0.059225909411907196,0.06476708383088678,-0.01850789490672123,0.026623460940258598,-0.053832029764210844,-0.003314876463264227,-0.006063668057322503,-0.004325045738369226,-0.053832029764210844,0.03158379623219417,1.8096182251059174,1.8097007574321249,True,True,0.19399999999999906,1.0209370109987503,9,-0.010188852414368732,0.0055154502403506455,-3.89289935481818e-07,-3.89289935481818e-07,nan,0.024927838724091878,-0.005567567613326314,1.1454710133786128e-06,1.1454710133786128e-06,nan,0.03158523669302582,-0.0044193823218918495,1.4404608316490042e-06,1.4404608316490042e-06,nan,0.025434125056341017,-0.0032689040808755697,1.146857867066059e-06,1.146857867066059e-06,nan,0.01038076938510013,0.6136895395880974,4.521141086146624e-07,4.521141086146624e-07,nan,-0.0001084247522067372,-0.0017505781738050641,-4.911128832004331e-09,-4.911128832004331e-09,nan
13.73,48.42206364199956,ABORT,ABORT_SAFE_HOLD,ABORT_RETRACT_PROFILE,-0.0011033806949853897,-0.0010109138675034046,-0.04257917031645775,0.001221097307279706,-0.0007531113806180656,0.013325505889952183,0.0,0.0,1.0,0.05595357434381467,0.05595357434381467,1.0425802442850904,0.05595357434381467,nan,-0.0032707052305340767,0.024615753442049026,-0.059984076768159866,0.06492089259978862,-0.018509665077703675,0.026612920353347603,-0.053811461303161244,-0.001184366992674768,-0.00999543722718954,0.004943930543959142,-0.053811461303161244,0.031587275969562095,1.8098175993709134,1.8098230828905237,True,True,0.19399999999999906,1.0209370109987503,9,-0.010158229524814821,0.005164594989071958,-2.5864762250374373e-08,-2.5864762250374373e-08,nan,0.02492617847895584,-0.005969549122469419,7.61060914358791e-08,7.61060914358791e-08,nan,0.03158737167503389,-0.004917676958715058,9.570547179760247e-08,9.570547179760247e-08,nan,0.025441953176463805,-0.003906239502480079,7.6198235204189e-08,7.6198235204189e-08,nan,0.010366054066605734,0.6117550761675618,3.0038855011044197e-08,3.0038855011044197e-08,nan,-0.00011125390899291432,-0.0016383411708657872,-3.262996754846599e-10,-3.262996754846599e-10,nan
13.772,48.49834984300105,ABORT,ABORT_SAFE_HOLD,ABORT_RETRACT_PROFILE,-0.0008265567594207823,-0.0009452397935092449,-0.04257899895310402,0.001221097307279706,-0.0007531113806180656,0.013325505889952183,0.0,0.0,1.0,0.05594232263904681,0.05594232263904681,1.0425797550942566,0.05594232263904681,nan,-0.002099686535075307,0.024091333150863647,-0.060106292366981506,0.06478863633876343,-0.01856330309638927,0.026560763614289218,-0.05363213606590999,0.0013541083317250013,-0.007554602343589067,0.003675121348351241,-0.05363213606590999,0.03158963805857784,1.80995293710235,1.80995293710235,True,True,0.19399999999999906,1.0209370109987503,9,-0.010132199627162386,-0.003084689406167825,0.0,0.0,nan,0.024924508451737104,-0.005636490953224647,0.0,0.0,nan,0.03158963805857784,-0.004535617491019023,0.0,0.0,nan,0.025449650724504558,-0.002909132802458962,0.0,0.0,nan,0.010352007133802132,0.5878973842561893,0.0,0.0,nan,-0.00010981263895537552,-0.0005687442022953631,0.0,0.0,nan
13.795,48.5711553809997,ABORT,ABORT_SAFE_HOLD,ABORT_RETRACT_PROFILE,-0.0006237691850401461,-0.000822362198960036,-0.042256273329257965,0.001221097307279706,-0.0007531113806180656,0.013325505889952183,0.0,0.0,1.0,0.05561243124718921,0.05561243124718921,1.0422567844162856,0.05561243124718921,nan,-0.0012274961918592453,0.024027111008763313,-0.05900484323501587,0.06372111373412476,-0.018568668871732776,0.02657779447490362,-0.05347745284276766,-0.0007157601648941636,-0.003051227424293756,0.00439923070371151,-0.05347745284276766,0.03159027980802964,1.8099897066374429,1.8099897066374429,True,True,0.19399999999999906,1.0209370109987503,9,-0.01012075821447489,-0.0031190215399006377,0.0,0.0,nan,0.024923370009958923,-0.005626399283537529,0.0,0.0,nan,0.03159027980802964,-0.004482396349115321,0.0,0.0,nan,0.025452749253309648,-0.002856129650788795,0.0,0.0,nan,0.010353752627136004,0.5906440357910078,0.0,0.0,nan,-0.0001095919190881034,-0.000508281673772237,0.0,0.0,nan
13.831,48.65181628400023,ABORT,ABORT_SAFE_HOLD,ABORT_RETRACT_PROFILE,-0.00046198858763091266,-0.0006898905849084258,-0.04192813113331795,0.001221097307279706,-0.0007531113806180656,0.013325505889952183,0.0,0.0,1.0,0.05527930154495392,0.05527930154495392,1.0419284619538152,0.05527930154495392,nan,-0.00036100810393691063,0.02354724146425724,-0.05897683650255203,0.06350488289317521,-0.018533262489582834,0.026546070328147,-0.0535836887991704,0.004481383599340916,0.0026122978888452057,0.004318011924624443,-0.0535836887991704,0.0315913422359575,1.810050579273746,1.810050579273746,True,True,0.19399999999999906,1.0209370109987503,9,-0.010090803873804788,0.005187182369564308,0.0,0.0,nan,0.024921290970564947,-0.0056045165595384,0.0,0.0,nan,0.0315913422359575,-0.004517751122890212,0.0,0.0,nan,0.025458084756015076,-0.003421598479159564,0.0,0.0,nan,0.010359983633182246,0.6125333970474336,0.0,0.0,nan,-0.00010958961644647047,-0.001591629992821763,0.0,0.0,nan
13.864,48.72464372199829,ABORT,ABORT_SAFE_HOLD,ABORT_RETRACT_PROFILE,-0.0001722328452160582,-0.0006106779910624027,-0.04126821458339691,0.001221097307279706,-0.0007531113806180656,0.013325505889952183,0.0,0.0,1.0,0.05461168346889236,0.05461168346889236,1.0412684079013714,0.05461168346889236,nan,-0.00025812513194978237,0.022704124450683594,-0.05902701988816261,0.06324344213065429,-0.018429271362753706,0.02669967787030903,-0.05356207672100225,0.00412012729793787,-0.0006879037246108052,0.002439185045659542,-0.05356207672100225,0.03159235232983715,1.8101084533899618,1.8101084533899618,True,True,0.19399999999999906,1.0209370109987503,9,-0.010071499649416893,0.00492483518252348,0.0,0.0,nan,0.0249195198542429,-0.0059572459963473726,0.0,0.0,nan,0.03159235232983715,-0.00493732935251138,0.0,0.0,nan,0.02546308440419942,-0.003968296248709244,0.0,0.0,nan,0.010356106399723508,0.6107530416817295,0.0,0.0,nan,-0.00011156232717279835,-0.0016351835782966238,0.0,0.0,nan
13.9,48.799345330000506,ABORT,ABORT_SAFE_HOLD,ABORT_RETRACT_PROFILE,8.426167914876714e-05,-0.0007302305893972516,-0.04068288579583168,0.001221097307279706,-0.0007531113806180656,0.013325505889952183,0.0,0.0,1.0,0.05402035996974698,0.05402035996974698,1.0406831454026169,0.05402035996974698,nan,-0.0006741753895767033,0.022181591019034386,-0.05973052978515625,0.06371980603397233,-0.018331503923015274,0.026740412612215075,-0.05350943919588732,0.004057643469423056,-0.0006475230329670005,0.004913289565593004,-0.05350943919588732,0.03159355489885485,1.8101773555192493,1.8101773555192493,True,True,0.19399999999999906,1.0209370109987503,9,-0.010053044632256203,-0.0032559181878656224,0.0,0.0,nan,0.02491787975160875,-0.005618791894019586,0.0,0.0,nan,0.03159355489885485,-0.004543133524480204,0.0,0.0,nan,0.025468338310135508,-0.0029538425771173573,0.0,0.0,nan,0.010351378364995334,0.5877297231388519,0.0,0.0,nan,-0.00010998894525471314,-0.0005590825748707645,0.0,0.0,nan
13.939,48.877258721000544,ABORT,ABORT_SAFE_HOLD,ABORT_RETRACT_PROFILE,0.0003582721692509949,-0.0007529490976594388,-0.04063081368803978,0.001221097307279706,-0.0007531113806180656,0.013325505889952183,0.0,0.0,1.0,0.05396321793265806,0.05396321793265806,1.0406311477600134,0.05396321793265806,nan,0.0014846079284325242,0.022034768015146255,-0.060453757643699646,0.06436141604583953,-0.018250967280532725,0.026974824451173413,-0.05343871269845064,-0.0019748120103031397,-0.0005242618499323727,-0.0010420562466606498,-0.05343871269845063,0.031594652928673916,1.8102402679936613,1.8102402679936613,True,True,0.19399999999999906,1.0209370109987503,9,-0.010027808642182556,0.0050446220040054526,0.0,0.0,nan,0.02491641362474528,-0.005535873890964486,0.0,0.0,nan,0.031594652928673916,-0.0044290379850108474,0.0,0.0,nan,0.025472767705126742,-0.003374042502870739,0.0,0.0,nan,0.01035539734337565,0.6102581183558723,0.0,0.0,nan,-0.00010847873111963224,-0.0016201003687921593,0.0,0.0,nan
13.978,48.95416298000055,ABORT,ABORT_SAFE_HOLD,ABORT_RETRACT_PROFILE,0.000682235520798713,-0.0006593132857233286,-0.04082179069519043,0.001221097307279706,-0.0007531113806180656,0.013325505889952183,0.0,0.0,1.0,0.05415005907279263,0.05415005907279263,1.0408222231126973,0.05415005907279263,nan,0.0025014951825141907,0.02222222089767456,-0.061075497418642044,0.06504076386934379,-0.01823876820860816,0.02707368690604771,-0.053517237104307606,5.1124923629686236e-05,-0.000544061826076359,-0.0031595379114151,-0.053517237104307606,0.031595149212884976,1.810268702984394,1.810268702984394,True,True,0.19399999999999906,1.0209370109987503,9,-0.010012545533506945,0.004960976058484678,0.0,0.0,nan,0.024914580341317105,-0.0055410589280275365,0.0,0.0,nan,0.031595149212884976,-0.004391576516197175,0.0,0.0,nan,0.025476428810767615,-0.0033182610506412528,0.0,0.0,nan,0.01036692479155743,0.6160747589630968,0.0,0.0,nan,-0.00011020634843461607,-0.0013150221370909364,0.0,0.0,nan
14.018,49.031759491997946,ABORT,ABORT_SAFE_HOLD,ABORT_RETRACT_PROFILE,0.0010398812592029572,-0.0004972333554178476,-0.04160282760858536,0.001221097307279706,-0.0007531113806180656,0.013325505889952183,0.0,0.0,1.0,0.054929228410259164,0.054929228410259164,1.0416034653726165,0.054929228410259164,nan,0.0038262673188000917,0.020865917205810547,-0.06182563304901123,0.06536387170559627,-0.018156702600122837,0.027089003008604978,-0.05354129933617764,0.0021393331699073315,-0.0035642506554722777,0.005499937571585179,-0.053541299336177635,0.03159645066184602,1.8103432705171136,1.8103432705171136,True,True,0.19399999999999906,1.0209370109987503,9,-0.009997768915503968,-0.0033779336777744404,0.0,0.0,nan,0.024913814800238576,-0.005634521067176589,0.0,0.0,nan,0.03159645066184602,-0.004561858811949111,0.0,0.0,nan,0.02548080558298782,-0.0029844841564112268,0.0,0.0,nan,0.010350397795114041,0.5852648083579143,0.0,0.0,nan,-0.00011012772432206219,-0.0005938646747803563,0.0,0.0,nan
14.062,49.10605102900081,ABORT,ABORT_SAFE_HOLD,ABORT_RETRACT_PROFILE,0.0013806057395413518,-0.00044344947673380375,-0.04246899485588074,0.001221097307279706,-0.0007531113806180656,0.013325505889952183,0.0,0.0,1.0,0.05579558805955387,0.05579558805955387,1.042470003384019,0.05579558805955387,nan,0.003616372123360634,0.020647592842578888,-0.0630887821316719,0.06648003962382318,-0.018055024397232524,0.027164084299776972,-0.05343383345088777,-0.0017934691859409213,-0.006021841429173946,0.0012193402508273727,-0.05343383345088777,0.03159751558575952,1.8104042861628595,1.8104042861628595,True,True,0.19399999999999906,1.0209370109987503,9,-0.009984365672715434,-0.003641056545781233,0.0,0.0,nan,0.024912786030615308,-0.0056052877239451855,0.0,0.0,nan,0.03159751558575952,-0.004560437588389997,0.0,0.0,nan,0.025484795539084004,-0.0031526273289191886,0.0,0.0,nan,0.01034458951513706,0.5863851146643758,0.0,0.0,nan,-0.00010846859781921125,-0.0005774513855514212,0.0,0.0,nan
14.112,49.21794510399923,ABORT,ABORT_SAFE_HOLD,ABORT_RETRACT_PROFILE,0.0016524592647328973,-0.0005677945446223021,-0.04315495118498802,0.001221097307279706,-0.0007531113806180656,0.013325505889952183,0.0,0.0,1.0,0.05648240829552335,0.05648240829552335,1.0431564145390764,0.05648240829552335,nan,0.004366930108517408,0.019717419520020485,-0.06381499767303467,0.06693430091597716,-0.01807133411232957,0.027185072347818966,-0.053483171613704805,0.00663587125018239,-0.004326055757701397,0.000191358791198582,-0.053483171613704805,0.031598058729237266,1.8104354059918046,1.8104354059918046,True,True,0.19399999999999906,1.0209370109987503,9,-0.009963148913731068,0.004976631909153959,0.0,0.0,nan,0.024911391251428938,-0.005462434744147608,0.0,0.0,nan,0.031598058729237266,-0.004386834600728991,0.0,0.0,nan,0.025487521222720133,-0.0033503582982851356,0.0,0.0,nan,0.010365966358895307,0.6157502277156459,0.0,0.0,nan,-0.00010944608344676254,-0.0013139046902280356,0.0,0.0,nan
14.156,49.31192559899864,ABORT,ABORT_SAFE_HOLD,ABORT_RETRACT_PROFILE,0.0020726069342345,-0.0005549245397560298,-0.043885618448257446,0.001221097307279706,-0.0007531113806180656,0.013325505889952183,0.0,0.0,1.0,0.05721780400112162,0.05721780400112162,1.0438878234963034,0.05721780400112162,nan,0.004777907393872738,0.021029384806752205,-0.06416613608598709,0.06769310485286001,-0.017955836993316935,0.027253916388681017,-0.053613355965113414,-0.0005841503152623773,-0.007164684124290943,-0.0009023493039421729,-0.053613355965113414,0.031599471780932475,1.810516367890174,1.810516367890174,True,True,0.19399999999999906,1.0209370109987503,9,-0.009945113633008873,-0.003418125582960025,0.0,0.0,nan,0.02491020474360628,-0.0056021698849097225,0.0,0.0,nan,0.031599471780932475,-0.004548350991452113,0.0,0.0,nan,0.025492650307009868,-0.0029925025225142777,0.0,0.0,nan,0.010354043211152408,0.5872668252733003,0.0,0.0,nan,-0.00011000338605793303,-0.0004952627368941401,0.0,0.0,nan
14.181,49.35182418000113,ABORT,ABORT_SAFE_HOLD,ABORT_RETRACT_PROFILE,0.002256885403767228,-0.0004780706949532032,-0.04419392719864845,0.001221097307279706,-0.0007531113806180656,0.013325505889952183,0.0,0.0,1.0,0.05752941584262439,0.05752941584262439,1.0441964756126365,0.05752941584262439,nan,0.0048274872824549675,0.02061120606958866,-0.06425114721059799,0.06764862428004909,-0.01795726643043568,0.027348275344145342,-0.053584402956483375,0.005114132072776556,-0.00852147676050663,-0.0045865634456276885,-0.05358440295648338,0.03160002516258764,1.810548074323475,1.810548074323475,True,True,0.19399999999999906,1.0209370109987503,9,-0.009939908542105691,-0.003521517938065915,0.0,0.0,nan,0.024909927451822078,-0.005770026525237004,0.0,0.0,nan,0.03160002516258764,-0.004666559877862592,0.0,0.0,nan,0.02549426973565705,-0.0031339440087104174,0.0,0.0,nan,0.010352290265031705,0.5881776842303098,0.0,0.0,nan,-0.00010924316355431785,-0.0006843830820594966,0.0,0.0,nan
14.224,49.43108188199767,ABORT,ABORT_SAFE_HOLD,ABORT_RETRACT_PROFILE,0.0025724603328853846,-0.0002951759670395404,-0.044727444648742676,0.001221097307279706,-0.0007531113806180656,0.013325505889952183,0.0,0.0,1.0,0.05807048263204065,0.05807048263204065,1.0447306534620813,0.05807048263204065,nan,0.005768343806266785,0.020565787330269814,-0.0656544491648674,0.06904152441772517,-0.017811722904984954,0.02731841019112029,-0.05370202448749136,0.0012906292686238885,-0.005350368097424507,-0.0031252605840563765,-0.05370202448749136,0.03160067284700396,1.8105851839069864,1.8105851839069864,True,True,0.19399999999999906,1.0209370109987503,9,-0.009921335829096378,0.0048880565581086236,0.0,0.0,nan,0.024909026129903644,-0.005563021346373516,0.0,0.0,nan,0.03160067284700396,-0.0045167236746698975,0.0,0.0,nan,0.025496741999334382,-0.003483998389544168,0.0,0.0,nan,0.010362924169375454,0.6119440155379453,0.0,0.0,nan,-0.0001094377690824544,-0.0015405896535857443,0.0,0.0,nan
14.265,49.505636204998154,ABORT,ABORT_SAFE_HOLD,ABORT_RETRACT_PROFILE,0.0028671149630099535,-0.00016593580949120224,-0.04525743052363396,0.001221097307279706,-0.0007531113806180656,0.013325505889952183,0.0,0.0,1.0,0.05860899750134429,0.05860899750134429,1.045261375899719,0.05860899750134429,nan,0.006500327493995428,0.021876009181141853,-0.06762638688087463,0.07137325996326865,-0.017777059949431618,0.027276153913700387,-0.05375504523939425,0.0016007150989025831,-0.0015581740299239761,-0.004727683030068874,-0.05375504523939425,0.03160162857058868,1.810639942834772,1.810639942834772,True,True,0.19399999999999906,1.0209370109987503,9,-0.009911923732239813,-0.003574343888761834,0.0,0.0,nan,0.024908670698002844,-0.005611548348251916,0.0,0.0,nan,0.03160162857058868,-0.004543363716344326,0.0,0.0,nan,0.025499634259800175,-0.0029933971747277462,0.0,0.0,nan,0.010349767230084517,0.5831135851905622,0.0,0.0,nan,-0.00010975987573846879,-0.0004175294553894586,0.0,0.0,nan
14.305,49.58775631299795,ABORT,ABORT_SAFE_HOLD,ABORT_RETRACT_PROFILE,0.003038537222892046,-0.00013686739839613438,-0.04527461528778076,0.001221097307279706,-0.0007531113806180656,0.013325505889952183,0.0,0.0,1.0,0.05863153627986794,0.05863153627986794,1.0452790406423338,0.05863153627986794,nan,0.005488826427608728,0.021851515397429466,-0.06699086725711823,0.07067808880110828,-0.01764883726754525,0.0272885018627764,-0.05383577406146749,-0.005789102986454964,-0.0006147533422335982,0.00027279311325401073,-0.05383577406146749,0.03160211668124546,1.8106679095153408,1.8106679095153408,True,True,0.19399999999999906,1.0209370109987503,9,-0.009903647527834458,-0.003496444190070516,0.0,0.0,nan,0.024907728161651654,-0.0055959002006839625,0.0,0.0,nan,0.03160211668124546,-0.004505516955841237,0.0,0.0,nan,0.025501926654076357,-0.002955978706741972,0.0,0.0,nan,0.010358403281796491,0.5895136869681608,0.0,0.0,nan,-0.00010965808793184095,-0.00036667270099451,0.0,0.0,nan
14.345,49.66828982899824,ABORT,ABORT_SAFE_HOLD,ABORT_RETRACT_PROFILE,0.003203056752681732,-4.261950380168855e-06,-0.045220937579870224,0.001221097307279706,-0.0007531113806180656,0.013325505889952183,0.0,0.0,1.0,0.058584767488464924,0.058584767488464924,1.045225845425795,0.058584767488464924,nan,0.0052001881413161755,0.021152421832084656,-0.0677688717842102,0.07118347342587504,-0.017713116273611038,0.027483749856874174,-0.05387338153636276,0.003913387656211853,-0.010122331790626049,0.00519692711532116,-0.05387338153636275,0.03160307094701409,1.810722584916417,1.810722584916417,True,True,0.19399999999999906,1.0209370109987503,9,-0.009886988501450311,0.004825446443898823,0.0,0.0,nan,0.024907413332714512,-0.005534657810885279,0.0,0.0,nan,0.03160307094701409,-0.004467712793396998,0.0,0.0,nan,0.025504280889122377,-0.003450417758331322,0.0,0.0,nan,0.010361337872287102,0.6102340160874703,0.0,0.0,nan,-0.00010904791457022611,-0.0015720159564720118,0.0,0.0,nan
14.388,49.74307683599909,ABORT,ABORT_SAFE_HOLD,ABORT_RETRACT_PROFILE,0.0033728345297276974,0.0001879545015981421,-0.045571811497211456,0.001221097307279706,-0.0007531113806180656,0.013325505889952183,0.0,0.0,1.0,0.05894412246758304,0.05894412246758304,1.045577268468103,0.05894412246758304,nan,0.004971246235072613,0.020981770008802414,-0.06837408244609833,0.0716935360557551,-0.01764353094902353,0.027501336373587728,-0.053691331903412055,0.0015719555085524917,-0.005883106030523777,0.0003000267897732563,-0.053691331903412055,0.03160365304852952,1.8107559368764996,1.8107559368764996,True,True,0.19399999999999906,1.0209370109987503,9,-0.009879899596403341,0.004630548349310513,0.0,0.0,nan,0.02490703764418356,-0.00593640241395158,0.0,0.0,nan,0.03160365304852952,-0.004957191650769511,0.0,0.0,nan,0.02550612477981762,-0.0040542985483941595,0.0,0.0,nan,0.010358991246210536,0.6093340652159069,0.0,0.0,nan,-0.0001113563850649868,-0.001486096898329784,0.0,0.0,nan
14.434,49.82037477199992,ABORT,ABORT_SAFE_HOLD,ABORT_RETRACT_PROFILE,0.0035328841768205166,0.00045442895498126745,-0.045944057404994965,0.001221097307279706,-0.0007531113806180656,0.013325505889952183,0.0,0.0,1.0,0.05932692175872625,0.05932692175872625,1.045950122614413,0.05932692175872625,nan,0.004434358794242144,0.020706702023744583,-0.0687350407242775,0.07192313167531227,-0.017603833707576014,0.027460192586482978,-0.05363938101279109,-2.6918751245830208e-05,-0.00678865984082222,-0.0012977080186828962,-0.05363938101279109,0.03160444684956332,1.810801418325509,1.810801418325509,True,True,0.19399999999999906,1.0209370109987503,9,-0.009872958803252452,-0.003538577728842661,0.0,0.0,nan,0.024906605828786788,-0.005590989058192377,0.0,0.0,nan,0.03160444684956332,-0.004553222103799588,0.0,0.0,nan,0.025508572136702767,-0.0030218088184026885,0.0,0.0,nan,0.010356191776642376,0.5869363991733612,0.0,0.0,nan,-0.00010999609665507393,-0.00044918467717354124,0.0,0.0,nan
14.479,49.89901021699916,ABORT,ABORT_SAFE_HOLD,ABORT_RETRACT_PROFILE,0.0037317806854844093,0.0005777381593361497,-0.0465690977871418,0.001221097307279706,-0.0007531113806180656,0.013325505889952183,0.0,0.0,1.0,0.05996197329274404,0.05996197329274404,1.0465759104868875,0.05996197329274404,nan,0.004953386727720499,0.021417632699012756,-0.07083453983068466,0.07416726409629136,-0.017599419853237472,0.027333466572657998,-0.053599784791282384,0.002348473994061351,-0.006635003723204136,-2.0546198356895826e-05,-0.053599784791282384,0.03160551971446601,1.8108628889564213,1.8108628889564213,True,True,0.19399999999999906,1.0209370109987503,9,-0.009855428873817296,0.004790824468812158,0.0,0.0,nan,0.02490613387127283,-0.005553926667563155,0.0,0.0,nan,0.03160551971446601,-0.004519954228261944,0.0,0.0,nan,0.025511307430157615,-0.0035064408131488378,0.0,0.0,nan,0.010364826146108008,0.6115698423192532,0.0,0.0,nan,-0.00010939135295462421,-0.0014960313934630999,0.0,0.0,nan
14.524000000000001,49.97591947999899,ABORT,ABORT_SAFE_HOLD,ABORT_RETRACT_PROFILE,0.003872850676998496,0.00042063542059622705,-0.047390010207891464,0.001221097307279706,-0.0007531113806180656,0.013325505889952183,0.0,0.0,1.0,0.060784729764264696,0.060784729764264696,1.0473972548130008,0.060784729764264696,nan,0.005477204918861389,0.019829098135232925,-0.07056503742933273,0.07350249937235487,-0.0175439247483042,0.02737912445239773,-0.05363290971654494,0.0033049611374735832,-0.0019014059798792007,-0.00198844657279551,-0.05363290971654494,0.03160646433057579,1.8109170114727715,1.8109170114727715,True,True,0.19399999999999906,1.0209370109987503,9,-0.009850023452195877,-0.0036570874982497416,0.0,0.0,nan,0.024906246974901514,-0.005600430146092305,0.0,0.0,nan,0.03160646433057579,-0.004543781137944522,0.0,0.0,nan,0.025513434394383694,-0.003011917464245978,0.0,0.0,nan,0.010350764467472295,0.5828242665355028,0.0,0.0,nan,-0.00010964590795481399,-0.0003951546033390137,0.0,0.0,nan
14.567,50.056374502000835,ABORT,ABORT_SAFE_HOLD,ABORT_RETRACT_PROFILE,0.004040308762341738,0.00033692369470372796,-0.048011865466833115,0.001221097307279706,-0.0007531113806180656,0.013325505889952183,0.0,0.0,1.0,0.061411800614002275,0.061411800614002275,1.0480197077210631,0.061411800614002275,nan,0.005614139139652252,0.01847473345696926,-0.07185541838407516,0.0744045394161937,-0.017388158536830445,0.027400659526361275,-0.05364240762478225,-0.0038763463962823153,-0.001017043367028237,-0.005053803324699402,-0.05364240762478225,0.03160681300483503,1.810936989036251,1.810936989036251,True,True,0.19399999999999906,1.0209370109987503,9,-0.009845286182591728,-0.0035851132687514525,0.0,0.0,nan,0.02490565976230652,-0.005589636226290514,0.0,0.0,nan,0.03160681300483503,-0.004510401000813036,0.0,0.0,nan,0.025514884745875932,-0.0029770063820269248,0.0,0.0,nan,0.01035999358014994,0.5891907775737598,0.0,0.0,nan,-0.0001096404346743185,-0.0003284358196906723,0.0,0.0,nan
14.614,50.12807571899975,ABORT,ABORT_SAFE_HOLD,ABORT_RETRACT_PROFILE,0.004200514405965805,0.00028634676709771156,-0.048724692314863205,0.001221097307279706,-0.0007531113806180656,0.013325505889952183,0.0,0.0,1.0,0.062130383040390716,0.062130383040390716,1.0487331436483975,0.062130383040390716,nan,0.005099480506032705,0.01667369157075882,-0.07245096564292908,0.07451952170150511,-0.017296533563850826,0.027491940452255358,-0.053795863636820776,0.0025975715834647417,-0.005789174698293209,0.002681975718587638,-0.053795863636820776,0.03160759530834323,1.810981811725569,1.810981811725569,True,True,0.19399999999999906,1.0209370109987503,9,-0.009832186393867737,0.004755433501018473,0.0,0.0,nan,0.024905645518021657,-0.005522053885277638,0.0,0.0,nan,0.03160759530834323,-0.004463189613259689,0.0,0.0,nan,0.025516422075768652,-0.0034603607097758345,0.0,0.0,nan,0.010363217698003524,0.6100943858905545,0.0,0.0,nan,-0.00010898872821307748,-0.0015494070157236924,0.0,0.0,nan
14.673,50.24073804699947,ABORT,ABORT_SAFE_HOLD,ABORT_RETRACT_PROFILE,0.0044556232169270515,0.0002772603475023061,-0.04992804303765297,0.001221097307279706,-0.0007531113806180656,0.013325505889952183,0.0,0.0,1.0,0.0633445757401155,0.0633445757401155,1.0499375338601946,0.0633445757401155,nan,0.006318278145045042,0.01678479090332985,-0.07703952491283417,0.07909954641577822,-0.01720092312766504,0.027564267891316104,-0.05379053654452588,-0.0006430184585042298,-0.0020125713199377056,0.003479348495602608,-0.05379053654452588,0.03160878129720501,1.8110497638818988,1.8110497638818988,True,True,0.19399999999999906,1.0209370109987503,9,-0.009825853454025868,-0.0036442189934564207,0.0,0.0,nan,0.024905696961717183,-0.005618828350953791,0.0,0.0,nan,0.03160878129720501,-0.00458020705319267,0.0,0.0,nan,0.025518999361805683,-0.0030493888554408884,0.0,0.0,nan,0.01035373526041461,0.5841569229620314,0.0,0.0,nan,-0.00010998979656040575,-0.0004755171338425277,0.0,0.0,nan
14.721,50.32122096599778,ABORT,ABORT_SAFE_HOLD,ABORT_RETRACT_PROFILE,0.004504528362303972,-1.0644536814652383e-05,-0.050432413816452026,0.001221097307279706,-0.0007531113806180656,0.013325505889952183,0.0,0.0,1.0,0.06384672663336416,0.06384672663336416,1.050442072122652,0.06384672663336416,nan,0.005474655888974667,0.017326299101114273,-0.07897184044122696,0.08103532612582347,-0.017018629619617417,0.027604594613168366,-0.05374651184213909,0.000591133430134505,-0.007957614958286285,-0.0006736996001563957,-0.05374651184213909,0.031609577692094604,1.811095393947898,1.811095393947898,True,True,0.19399999999999906,1.0209370109987503,9,-0.009812157581770009,0.004715583203897854,0.0,0.0,nan,0.024905437701110422,-0.005535354256786881,0.0,0.0,nan,0.031609577692094604,-0.004482877038440653,0.0,0.0,nan,0.025520837912543115,-0.00348313145007287,0.0,0.0,nan,0.010364365015517407,0.6096840521475695,0.0,0.0,nan,-0.0001091370949231063,-0.0014872869502821628,0.0,0.0,nan
14.762,50.3962196600005,ABORT,ABORT_SAFE_HOLD,ABORT_RETRACT_PROFILE,0.004585334565490484,-8.16667452454567e-05,-0.05101514607667923,0.001221097307279706,-0.0007531113806180656,0.013325505889952183,0.0,0.0,1.0,0.06443204502201598,0.06443204502201598,1.051025151575888,0.06443204502201598,nan,0.006458901800215244,0.016950879245996475,-0.07991097122430801,0.08194396281416565,-0.016912912138584313,0.027651057836881363,-0.05372772690728564,0.011336827650666237,-0.009919313713908195,0.001635673223063351,-0.05372772690728564,0.031609976671941986,1.8111182538092638,1.8111182538092638,True,True,0.19399999999999906,1.0209370109987503,9,-0.009809583067173833,0.004514570231811368,0.0,0.0,nan,0.024905444078774153,-0.0059276794608202656,0.0,0.0,nan,0.031609976671941986,-0.004960083589922679,0.0,0.0,nan,0.02552173433892513,-0.004075547759566344,0.0,0.0,nan,0.010362558716974668,0.6091806555121559,0.0,0.0,nan,-0.00011142002809449991,-0.001434613315946809,0.0,0.0,nan
14.801,50.47817098399901,ABORT,ABORT_SAFE_HOLD,ABORT_RETRACT_PROFILE,0.004710616543889046,-9.124344069277868e-05,-0.051715731620788574,0.001221097307279706,-0.0007531113806180656,0.013325505889952183,0.0,0.0,1.0,0.0651381408285588,0.0651381408285588,1.051726284910784,0.0651381408285588,nan,0.006970339920371771,0.01589539274573326,-0.07930923998355865,0.08118623464551325,-0.01666146133519068,0.02755513524706123,-0.05373002211411374,-0.0017222994938492775,-0.005446890369057655,-0.0017534908838570111,-0.05373002211411374,0.03161095033984118,1.811174040870535,1.811174040870535,True,True,0.19399999999999906,1.0209370109987503,9,-0.00980664617901894,-0.003632047351546451,0.0,0.0,nan,0.02490564055122313,-0.005589646825932186,0.0,0.0,nan,0.03161095033984118,-0.004563235420682182,0.0,0.0,nan,0.025523578605819885,-0.003047920377855791,0.0,0.0,nan,0.010356482137740208,0.5861674468171711,0.0,0.0,nan,-0.0001097157080867106,-0.00039377615701963317,0.0,0.0,nan
