cycle,time_s,status,solve_time_s,cost,e_p,e_v,e_R,e_omega,e_q,e_dq,e_q_shoulder_lift,abs_e_q_shoulder_lift,e_dq_shoulder_lift,abs_e_dq_shoulder_lift,e_q_elbow,abs_e_q_elbow,e_dq_elbow,abs_e_dq_elbow,e_q_wrist_1,abs_e_q_wrist_1,e_dq_wrist_1,abs_e_dq_wrist_1,e_q_wrist_roll,abs_e_q_wrist_roll,e_dq_wrist_roll,abs_e_dq_wrist_roll,J_p,J_v,J_R,J_omega,J_q,J_dq,J_u,J_nu,cmd_00,cmd_01,cmd_02,cmd_03,cmd_04,cmd_05,cmd_06,cmd_07,cmd_rate_00,cmd_rate_01,cmd_rate_02,cmd_rate_03,cmd_rate_04,cmd_rate_05,cmd_rate_06,cmd_rate_07
0,0.0,0,0.003127601001324365,226.66219888164434,0.04123105625617661,0.0,0.08726646259971647,0.0,0.1,0.0,0.04999999999999999,0.04999999999999999,0.0,0.0,0.05,0.05,0.0,0.0,0.05,0.05,0.0,0.0,0.05,0.05,0.0,0.0,0.68,0.0,0.9999991428491917,0.0,4.0,0.0,0.0,1749.3849110599988,8.75336411746472,0.04786665747869703,0.10630290755337893,-0.008928586104743952,0.11999999999997188,0.11999999999995643,0.11999999999997964,-0.03279992375823666,40.056425349847444,2.393332873934852,5.315145377668947,-0.4464293052371977,5.999999999998595,5.999999999997823,5.999999999998983,-1.6399961879118332
1,0.02,0,0.0027653580000333022,204.30711634201992,0.042623285795085425,0.012651254998817169,0.07691517049279134,0.42336979449246137,0.08174502628916425,0.7224506369664895,0.036919919445432964,0.036919919445432964,-0.4087525173302203,0.4087525173302203,0.03747267324869802,0.03747267324869802,-0.39147896097818685,0.39147896097818685,0.035699046352553575,0.035699046352553575,-0.4469048014827007,0.4469048014827007,0.05138624057345933,0.05138624057345933,0.043320017920603957,0.043320017920603957,0.7266977967878122,0.016005425304509636,0.7768352033474323,17.924198288858893,2.672899729206461,52.193492285328624,14.94134734930592,1676.2418833067075,9.535001784504427,0.07072720216253667,0.22900708789596225,-0.01839460697579054,0.23999999999997118,0.23999999999995525,0.23999999999997917,-0.058699438415636115,39.081883351985375,1.1430272341919823,6.135209017129168,-0.4733010435523292,5.9999999999999645,5.999999999999939,5.999999999999975,-1.2949757328699723
2,0.04,0,0.002619782000692794,184.9630400810079,0.04469969528592742,0.01925104371976568,0.07150278283801542,0.8276649078307244,0.057039601463010334,1.4216683381194073,0.010759758336298858,0.010759758336298858,-0.8041717013271104,0.8041717013271104,0.012418019746094057,0.012418019746094057,-0.7696245886230452,0.7696245886230452,0.007097139057660733,0.007097139057660733,-0.8804762696320703,0.8804762696320703,0.054158721720377986,0.054158721720377986,0.08299559986807051,0.08299559986807051,0.7992251034619047,0.037060268430032954,0.6713527512444839,68.50291996544414,1.3014064540236199,202.11408636111972,60.86127345231601,1563.8345100494835,10.29219676985892,0.08052102557589312,0.3209896597773695,-0.02620781344585242,0.3599999999999711,0.35999999999995524,0.35999999999997917,-0.07798154077733747,37.859749267724695,0.48969117066782153,4.599128594070358,-0.390660323503094,5.999999999999998,5.9999999999999964,5.999999999999999,-0.964105118085068
3,0.06,0,0.0027353630030120257,165.1306400297155,0.04571136452057137,0.028701385509726476,0.07322035968012994,1.0212235622185515,0.06015173416299119,1.6887167953583164,-0.010579644361038198,0.010579644361038198,-0.9574424097054696,0.9574424097054696,-0.007889973303819457,0.007889973303819457,-0.9087786519135124,0.9087786519135124,-0.016228330602339414,0.016228330602339414,-1.048703321110511,1.048703321110511,0.05639762277911459,0.05639762277911459,0.09701109802846891,0.09701109802846891,0.8358115385330201,0.08237695301779367,0.7039934196890666,104.28975640303476,1.4472924491260641,285.1764414925261,110.41533479367219,1437.4249148863178,11.019294472938327,0.07755117239468773,0.38317028585460533,-0.03243209431875108,0.4799999988302517,0.4757809967509046,0.47999999988829567,-0.09138546820217017,36.354885153970386,-0.14849265906026876,3.109031303861794,-0.31121404364493305,5.99999994151403,5.789049837547471,5.999999994415823,-0.6701963712416344
4,0.08,0,0.0025208970000676345,145.37335127061215,0.047174278153745294,0.04048652939020109,0.08172942102147795,1.0125809023409829,0.07667019940206427,1.526006756282376,-0.027447500426209567,0.027447500426209567,-0.8698815148932815,0.8698815148932815,-0.023302325924906497,0.023302325924906497,-0.810258023277572,0.810258023277572,-0.03455886258570971,0.03455886258570971,-0.9529028283460064,0.9529028283460064,0.058203443368730214,0.058203443368730214,0.0863765344924849,0.0863765344924849,0.890165007730772,0.16391590620636162,0.8771254828005992,102.53200837856788,2.3513277905409176,232.86966202194583,162.56853078303826,1285.49530716585,11.70974187921676,0.06395269696634888,0.4184696338172665,-0.03713856583638374,0.5980090771368292,0.5631323913999459,0.5999999998266414,-0.09981042873100009,34.522370313921584,-0.679923771416942,1.7649673981330516,-0.23532357588163283,5.9004539153288675,4.367569732452061,5.999999996917294,-0.4212480264414964
5,0.1,0,0.002490902999852551,127.74146339684441,0.04821528291441751,0.04835522335212364,0.09381396865274888,1.0033348641441941,0.09758822373584593,1.3474964195867605,-0.04318622735757481,0.04318622735757481,-0.7729561940565123,0.7729561940565123,-0.037497871541597436,0.037497871541597436,-0.7028417466258647,0.7028417466258647,-0.05169434865165534,0.05169434865165534,-0.847737909439361,0.847737909439361,0.059833227606977187,0.059833227606977187,0.07509486645634156,0.07509486645634156,0.9298854026069282,0.2338227625433763,1.1556861294019354,100.66808496072484,3.8093845647670084,181.57466007991383,250.6466801617586,1110.345438536832,12.356621861038278,0.04173144999523599,0.4299441783477798,-0.040423298618938674,0.6877172805210948,0.6265562777206821,0.7138428448943607,-0.1040390917783183,32.34399909107589,-1.1110623485556448,0.5737272265256675,-0.16423663912774678,4.4854101692132895,3.171194316036821,5.692142253385958,-0.21143315236591026
6,0.12,0,0.00247490399851813,111.67019506334464,0.048118052642967875,0.07553627893717738,0.10283838290926736,0.8191212153590931,0.11878121199524258,1.193885989991596,-0.05749515819764073,0.05749515819764073,-0.6838253500370713,0.6838253500370713,-0.05030245987023627,0.05030245987023627,-0.6143448296271558,0.6143448296271558,-0.06754743232948879,0.06754743232948879,-0.7599020558667355,0.7599020558667355,0.06091215004893055,0.06091215004893055,0.053627824352471404,0.053627824352471404,0.9261387960605709,0.5705729435675065,1.3887221475121243,67.09595654513576,5.643590529223503,142.53637570982127,270.5260538995859,942.0065507293568,12.958685640773806,0.013561594872106057,0.4225828372026588,-0.04244030582157855,0.7534782525955568,0.6699447260696026,0.7990604069945627,-0.1050040967191343,30.103188986776452,-1.4084927561564973,-0.3680670572560478,-0.10085036013199389,3.2880486037230905,2.169422417446016,4.260878105010101,-0.048250247040799346
7,0.14,0,0.002480303002812434,98.04434539722368,0.047433687075339875,0.1021284319476234,0.11172648563433524,0.6424563791182385,0.13753693391119212,1.0331905546878368,-0.06959014976691873,0.06959014976691873,-0.5906366291400654,0.5906366291400654,-0.060867517382446536,0.060867517382446536,-0.5242857264403101,0.5242857264403101,-0.08123067099426208,0.08123067099426208,-0.6653512778538435,0.6653512778538435,0.061403116066116474,0.061403116066116474,0.0326074948966436,0.0326074948966436,0.8999818678245058,1.043021661208034,1.6391441961908921,41.27501990697177,7.566563275876651,106.74827222961598,303.9525355740058,790.5788586865847,13.513881907116792,-0.018340114582258617,0.40069829869169254,-0.04331718733417836,0.7990509523192378,0.6965820881761573,0.859906238912881,-0.1033938115354312,27.759813317149327,-1.5950854727182335,-1.0942269255483157,-0.04384407562998999,2.2786349861840587,1.3318681053277293,3.0422915959159127,0.08051425918515367
8,0.16,0,0.0024563080005464144,86.33648875673072,0.04607948994461357,0.13548140637053838,0.11728276711790141,0.47247529674946487,0.1552361729169383,0.8786400138177097,-0.08065700147226215,0.08065700147226215,-0.500991730653373,0.500991730653373,-0.07053932155362995,0.07053932155362995,-0.4398498335783688,0.4398498335783688,-0.09382072391757376,0.09382072391757376,-0.5721709273894847,0.5721709273894847,0.06176239449484669,0.06176239449484669,0.012965857081646312,0.012965857081646312,0.849327757422297,1.8355211472138953,1.80623100046501,22.323290603849482,9.639307752759027,77.2008273881585,310.4156650667985,657.8184290854169,14.02208394004068,-0.052112284598189826,0.36817041345830065,-0.04321330543993166,0.8279630766749172,0.7095933869637429,0.9004252487821113,-0.09986722710800791,25.410101646194402,-1.68860850079656,-1.6263942616695926,0.0051940947123346355,1.4456062177839706,0.6505649393792845,2.0259504934615147,0.1763292213711659
9,0.18,0,0.0024373110027227085,76.35232564199944,0.043355541835176516,0.17621999518368514,0.11928062388662583,0.31331890241948596,0.1694688108588282,0.7344365401207922,-0.08949044246670079,0.08949044246670079,-0.4172389290815345,0.4172389290815345,-0.07803561726844806,0.07803561726844806,-0.3628053217538571,0.3628053217538571,-0.10411530229316251,0.10411530229316251,-0.4833787783525673,0.4833787783525673,0.06149459185127652,0.06149459185127652,-0.005095357588448465,0.005095357588448465,0.7518812031286962,3.105348670253801,1.86829171480962,9.816873461335135,11.487871141562112,53.93970314645998,287.4278516616378,544.405950719185,14.484918377405844,-0.08620471131013295,0.3285046667700995,-0.04228037827675582,0.8431135377332752,0.7114508956334004,0.9239464226438975,-0.09497886588565568,23.14172186825805,-1.7046213355971565,-1.983287334410056,0.04664635815879224,0.7575230529178985,0.09287543348287167,1.1760586930893107,0.24441806111761094
10,0.2,0,0.0024107149984047282,68.19266819199045,0.040249880740281345,0.21260301309098623,0.12087758992921614,0.17887355198265611,0.18165102464375565,0.5960599486514685,-0.09697238932569235,0.09697238932569235,-0.3365835926078832,0.3365835926078832,-0.08434575937134395,0.08434575937134395,-0.2895910130022633,0.2895910130022633,-0.11294735773497681,0.11294735773497681,-0.3970491998994309,0.3970491998994309,0.06100932485572348,0.06100932485572348,-0.022089038483069277,0.022089038483069277,0.6480211598427483,4.520004117536605,1.9186531398185036,3.1995747598891975,13.198837901650526,35.528746238639116,273.4932222654569,445.60497327931216,14.903283306482429,-0.11933277079138253,0.28467532211887947,-0.040649055729956675,0.8471454297006221,0.7044326263687029,0.9335540670028342,-0.08916376887596388,20.918246453829276,-1.656402974062479,-2.1914672325610045,0.08156612733995672,0.20159459836733468,-0.3509134632348686,0.48038221794683955,0.29075485048459004
11,0.22,0,0.0024278119999507908,61.242922941394966,0.03639068060313611,0.25632174566841726,0.11692862781972602,0.1273093185821357,0.19146927887047221,0.4729375299620546,-0.10300111745148118,0.10300111745148118,-0.2652071320268806,0.2652071320268806,-0.08933843768105107,0.08933843768105107,-0.22560883865007592,0.22560883865007592,-0.12015810705449881,0.12015810705449881,-0.3180873917331688,0.3180873917331688,0.06026547450002691,0.06026547450002691,-0.03544217137873516,0.03544217137873516,0.5297126539037866,6.570083730250477,1.7953395172411137,1.620766259784772,14.664193900471462,22.366990724660926,225.94755813307447,364.37319497434703,15.280641209549232,-0.15069352636304095,0.23881825883622557,-0.038474137006510714,0.842353227509883,0.6905202424725027,0.9319610866499699,-0.08282845085246793,18.867895153340168,-1.5680377785829205,-2.2928531641326946,0.10874593617229872,-0.23961010953694545,-0.6956191948100166,-0.0796490176432178,0.31676590117479786
12,0.24,0,0.002445608999551041,55.741586708263284,0.03180217195052679,0.295887288850292,0.1128689890383133,0.16772873691248597,0.19843487031192672,0.35959705680505544,-0.10733871246826163,0.10733871246826163,-0.1988726244641703,0.1988726244641703,-0.09275179427233765,0.09275179427233765,-0.16674080403886832,0.16674080403886832,-0.12551578220627052,0.12551578220627052,-0.24429606468971143,0.24429606468971143,0.05914128539165382,0.05914128539165382,-0.04771435368087236,0.04771435368087236,0.40455125630834915,8.75492877031761,1.6728390353849745,2.8132929186257924,15.750559102284466,12.931004326285825,188.67595688599286,296.3330066887703,15.619642904857717,-0.17953298242228583,0.19291891084937693,-0.035864043012699055,0.8305844326755613,0.6712412572347252,0.9213609894922414,-0.07625346583270994,16.950084765424222,-1.441972802962244,-2.2949673993424335,0.13050469969058298,-0.5884397417160886,-0.9639492618888745,-0.5300048578864176,0.3287492509878994
13,0.26,0,0.0024018160002015065,51.32036004662392,0.02793562951189774,0.3333546207690912,0.1068711528021189,0.23773024168979304,0.20407836635858695,0.25950045335795763,-0.11083928379082332,0.11083928379082332,-0.13957584319116823,0.13957584319116823,-0.09553713350223317,0.09553713350223317,-0.11456837448556761,0.11456837448556761,-0.12989258272332282,0.12989258272332282,-0.1772194235237211,0.1772194235237211,0.05799315356115903,0.05799315356115903,-0.057675235449148064,0.057675235449148064,0.3121597584904047,11.11253031881046,1.4997741782924578,5.65156678138874,16.659191846235853,6.734048529298553,151.65907255191595,240.11212866142222,15.923290102915614,-0.20541540769350045,0.14830612460041173,-0.03293444563731008,0.8135762136277137,0.6480983392957028,0.9038594643782439,-0.0696754833660404,15.182359902894836,-1.2941212635607302,-2.2306393124482593,0.14647986876944866,-0.8504109523923649,-1.1571458969511137,-0.8750762556998837,0.3288991233334768
14,0.28,0,0.0023706210013187956,47.753505158258946,0.024351289914779528,0.3689882979651121,0.09909002668522406,0.29932219743224303,0.20702681691695832,0.17448434784280542,-0.11280290014318503,0.11280290014318503,-0.08748505506574855,0.08748505506574855,-0.0968514455591896,0.0968514455591896,-0.06909762628048044,0.06909762628048044,-0.1325098271253346,0.1325098271253346,-0.11720931487161168,0.11720931487161168,0.05653805665535094,0.05653805665535094,-0.0654113700514101,0.0654113700514101,0.2371941282054572,13.615236403519035,1.2893320387432243,8.959377787566666,17.14404116910711,3.0444787642129114,115.61080081024883,194.37566801380083,16.194876569901982,-0.22807907562810445,0.1059559648124884,-0.029784679938874917,0.7926281310259075,0.6221478444467601,0.88103788384876,-0.06328139487316065,13.579323349318354,-1.1331833967302016,-2.1175079893961675,0.1574882849217577,-1.0474041300903176,-1.2975247424471408,-1.1410790264741872,0.3197044246439873
15,0.3,0,0.002234943000075873,45.03157903518776,0.023161951767452692,0.4012150273755892,0.09162641217765771,0.3588541132182352,0.2086282975604418,0.1084731012793214,-0.11395049178161878,0.11395049178161878,-0.04098127654679906,0.04098127654679906,-0.09752281231552289,0.09752281231552289,-0.028783307059196184,0.028783307059196184,-0.13417972682752116,0.13417972682752116,-0.06347033707113381,0.06347033707113381,0.05501048947481356,0.05501048947481356,-0.0723186436581977,0.0723186436581977,0.21459040387112194,16.097349819199476,1.1024178746317317,12.877627457364593,17.410306617187292,1.1766413701153915,87.52230577453022,156.86391333299952,16.437251746239895,-0.247270172230694,0.06675430780563144,-0.026490123788730006,0.7689134078811988,0.5943659848624427,0.8543424513887521,-0.057194433625944584,12.118758816895742,-0.9595548301294792,-1.9600828503428476,0.1647278075072456,-1.1857361572354332,-1.3890929792158626,-1.3347716230004036,0.3043480623608038
16,0.32,0,0.002237143002275843,42.788687049384926,0.02504815212957309,0.4295997128176646,0.08185920713132769,0.39120003280267013,0.20874673838706978,0.0783239940197787,-0.11423685079435361,0.11423685079435361,-0.0020328334275134807,0.0020328334275134807,-0.09745109474940183,0.09745109474940183,0.004660502305445902,0.004660502305445902,-0.13481489871283747,0.13481489871283747,-0.01714843192192439,0.01714843192192439,0.053416944175222345,0.053416944175222345,-0.07625435481561936,0.07625435481561936,0.2509639700424947,18.455591325301988,0.8799134406895275,15.303746566481015,17.4300803148959,0.6134648039210329,62.12404197511005,126.70423474145673,16.65348360272377,-0.26315252938854283,0.030811461037061894,-0.023137217769888786,0.7434175674324195,0.5655912350422435,0.825019921531867,-0.05151431109040548,10.811592824193603,-0.7941178578924414,-1.7971423384284773,0.16764530094206093,-1.27479202243897,-1.4387374910099586,-1.4661264928442552,0.28400612677695475
17,0.34,0,0.0022652379993814975,41.08756010128767,0.029991891946437848,0.4551361760233822,0.07260957489454983,0.4212608889869981,0.20712991612970277,0.09493369135454804,-0.11354426600037729,0.11354426600037729,0.0318046555173046,0.0318046555173046,-0.09646773210574866,0.09646773210574866,0.033549319659456955,0.033549319659456955,-0.13428579442412963,0.13428579442412963,0.02326264007663048,0.02326264007663048,0.051689494992572464,0.051689494992572464,-0.07958745107539816,0.07958745107539816,0.3598054330107213,20.714893872518708,0.6922973546333391,17.74607365901159,17.16112086235908,0.9012405754200589,42.9045652398299,102.38425346168236,16.846329594968843,-0.27568391854079727,-0.001464055211359963,-0.019777383212560094,0.7168361755511178,0.5363536400733242,0.7939480651035898,-0.04629665908656726,9.642299612253607,-0.626569457612723,-1.6137758124210926,0.1679917278664345,-1.3290695940650796,-1.4618797484459667,-1.5535928214138441,0.2608826001919116
18,0.36,0,0.0022554399984073825,39.76281704133834,0.037026535201305055,0.47675365309690454,0.06307571750325758,0.43965978584872234,0.2050499502214012,0.12992199205176927,-0.11253917133248201,0.11253917133248201,0.0601076303617023,0.0601076303617023,-0.09534578511625555,0.09534578511625555,0.05748190945994491,0.05748190945994491,-0.13337460897911818,0.13337460897911818,0.057576424044519015,0.057576424044519015,0.05000811875915269,0.05000811875915269,-0.08153270675063712,0.08153270675063712,0.5483857236053928,22.729404574124356,0.5224314132950728,19.330072729254436,16.818192834319643,1.6879724018699995,28.55540076020518,82.74153927815388,17.018274427737843,-0.2850317980852472,-0.030071225570700744,-0.01646478818027914,0.6898694409946796,0.5072538125210367,0.7620341793387881,-0.04156770352640708,8.597241638449903,-0.4673939772224942,-1.430358517967039,0.16562975161404778,-1.3483367278218998,-1.4549913776143801,-1.5956942882400957,0.2364477780080086
19,0.38,0,0.002250040000944864,38.69572283211558,0.04565108735068271,0.4946956220329441,0.053348726217544364,0.44717588950678444,0.20140019877633766,0.16442001730355854,-0.1106736089411602,0.1106736089411602,0.08328224897984216,0.08328224897984216,-0.09337613249686225,0.09337613249686225,0.07686897812644611,0.07686897812644611,-0.13139952323900386,0.13139952323900386,0.08621476965408204,0.08621476965408204,0.0482540726113183,0.0482540726113183,-0.08219600227658033,0.08219600227658033,0.8336087105198651,24.472375845856142,0.37372572474704796,19.996627615618387,16.224816026859326,2.7033942090102485,18.108628301400735,66.99123929930157,17.17162234841875,-0.29141501564472283,-0.055136664149048276,-0.013243239568374147,0.6629345332283982,0.4785969955467666,0.7298320372192029,-0.03734508384178313,7.66739603404562,-0.31916087797378245,-1.2532719289173773,0.1610774305952495,-1.3467453883140759,-1.4328408487135056,-1.6101071059792649,0.21113098423119786
20,0.4,0,0.002397116997599369,37.908724733255866,0.055094252072001755,0.5105675230590756,0.044318474428786156,0.45481913918670996,0.19730125829348188,0.1952425340055213,-0.10852548411859043,0.10852548411859043,0.10256088336668467,0.10256088336668467,-0.09124237880328276,0.09124237880328276,0.09293935739034087,0.09293935739034087,-0.12907627711194122,0.12907627711194122,0.1102047796039276,0.1102047796039276,0.04652041292009822,0.04652041292009822,-0.08257175478493037,0.08257175478493037,1.2141506445493075,26.067919560267967,0.25791374551291857,20.686044937053982,15.571114609676497,3.8119647084897137,10.917444930544718,54.36595544930714,17.30853639808726,-0.29493422999975777,-0.07661627317287446,-0.010140649907739503,0.6364241116446727,0.45068978646788194,0.6978625530420549,-0.03361977079120248,6.8457024834253275,-0.17596071775175134,-1.0739804511913087,0.15512948303173238,-1.3255210791862797,-1.3953604539442317,-1.598474208857393,0.1862656525290321
21,0.42,0,0.0024754039986873977,37.23125415091244,0.06509709648186227,0.52128915808663,0.03521757432055659,0.44710342591814745,0.19260440395439443,0.21895770778906212,-0.10603192561463581,0.10603192561463581,0.11712561302055724,0.11712561302055724,-0.08883178959248128,0.08883178959248128,0.1047179145671755,0.1047179145671755,-0.12630748201295983,0.12630748201295983,0.12896055630396563,0.12896055630396563,0.044822096318923435,0.044822096318923435,-0.08140885615995619,0.08140885615995619,1.6950527881475534,27.17423863386675,0.1628634998993117,19.99014734677443,14.838582569051017,4.794247780024031,6.481573889704754,44.10659790109493,17.430671058955763,-0.29601313093897114,-0.09504695707470566,-0.007192973690953985,0.6106574469738665,0.42380311596592457,0.666575878773016,-0.030371571626650166,6.106733043425303,-0.05394504696066818,-0.921534195091561,0.14738381083927599,-1.2883332335403035,-1.34433352509787,-1.564333713451942,0.16240995822761567
22,0.44,0,0.0025981850012612995,36.72507714925651,0.0756895285337395,0.5303696416674202,0.02717545882709723,0.4406156334799885,0.18707048825323386,0.23815608561843232,-0.10308119470387095,0.10308119470387095,0.12866234266407472,0.12866234266407472,-0.08597870346452008,0.08597870346452008,0.1140029215454395,0.1140029215454395,-0.12295180906488912,0.12295180906488912,0.14404095508328452,0.14404095508328452,0.043129457125694576,0.043129457125694576,-0.08012402782615133,0.08012402782615133,2.291561891863906,28.129195680242763,0.09697474687688104,19.414213646697153,13.998147030121318,5.6718321117094055,3.8666615229774437,35.90562097196628,17.539744097038717,-0.29478940389045916,-0.11050729591052331,-0.0044147114477933,0.5857726035518727,0.3980006325777339,0.6361743605058177,-0.027577554419155745,5.453651904147715,0.06118635242560316,-0.773016941790881,0.13891311215803417,-1.2442421710996938,-1.290124169409535,-1.5200759133599269,0.13970086037472113
23,0.46,0,0.002373721003095852,36.33353951599527,0.0863071279288953,0.5363937109524962,0.020520156999249636,0.42960766608973855,0.1817292428250879,0.2521877492134216,-0.10019944802751804,0.10019944802751804,0.13706612010816577,0.13706612010816577,-0.0833135015291456,0.0833135015291456,0.12054793106064743,0.12054793106064743,-0.11967475437549766,0.11967475437549766,0.15539454220838111,0.15539454220838111,0.04150183057261248,0.04150183057261248,-0.07830882543283707,0.07830882543283707,2.9795681325338794,28.771821314939,0.055292502003638874,18.456274676307228,13.210207079111902,6.35986608533316,2.6604239252660813,29.22346208114711,17.63711462134173,-0.2915406933200343,-0.1233221047864309,-0.0018226511253936475,0.5619817543615007,0.3734661132089371,0.6069637614995838,-0.025196931466178043,4.86852621515057,0.16243552852124327,-0.6407404437953805,0.1296030161199826,-1.1895424595185957,-1.2267259684398393,-1.4605299503116935,0.1190311476488848
24,0.48,0,0.0024055159992713016,36.012523671326605,0.09731329461552683,0.5395357805935416,0.016452251041239617,0.4143776579750498,0.1755911158726492,0.26158186856396654,-0.09689602216866681,0.09689602216866681,0.14272480503689516,0.14272480503689516,-0.08019986240972779,0.08019986240972779,0.12470708566879352,0.12470708566879352,-0.11583754126999096,0.11583754126999096,0.1634742388826409,0.1634742388826409,0.039912992411935466,0.039912992411935466,-0.07601986578739778,0.07601986578739778,3.7879509235713287,29.109885854068217,0.0355431193006441,17.17088434288873,12.332895989360845,6.842507396141626,2.3666012287825153,23.807940861258967,17.723954603974075,-0.28654754118795883,-0.13384569743191743,0.0005710420130004758,0.5393147656186126,0.35018759579602815,0.5790189392900978,-0.023199036633737687,4.341999131617256,0.24965760660377379,-0.5261796322743263,0.11968465691970619,-1.133349437144413,-1.1639258706454456,-1.3972411104742997,0.099894741622018
25,0.5,0,0.0023568239994347095,35.80188449836763,0.10832804845678203,0.541572593868273,0.016438563391113825,0.40103353414192716,0.16956197850393415,0.26796442132738385,-0.09363272355397409,0.09363272355397409,0.1465307726814008,0.1465307726814008,-0.07719468033402116,0.07719468033402116,0.1274524999820389,0.1274524999820389,-0.11203764030227337,0.11203764030227337,0.1692522922523485,0.1692522922523485,0.03837611389471822,0.03837611389471822,-0.07377794772400037,0.07377794772400037,4.693986432981965,29.330087442920927,0.03548400284240214,16.082789550636424,11.500505821667447,7.180493109731967,2.747271386380985,19.446289135372727,17.801452809462596,-0.27994257679648676,-0.14218601718682533,0.0027634950018000874,0.5178308943958638,0.32819285534036013,0.5524391101173046,-0.021544402960992432,3.8749102744259107,0.330248219573605,-0.41701598774539667,0.10962264943998057,-1.0741935611374238,-1.0997370227834027,-1.3289914586396463,0.08273168363726278
26,0.52,0,0.002234943000075873,35.61978845003867,0.11934197760805425,0.5397560263539269,0.019826699382563852,0.38094020241955145,0.1634612438777275,0.2699409226420268,-0.09032257585937994,0.09032257585937994,0.14790005786986476,0.14790005786986476,-0.0741728010101198,0.0741728010101198,0.1278867170885573,0.1278867170885573,-0.10815662153463435,0.10815662153463435,0.17204873022023592,0.17204873022023592,0.03690462503139009,0.03690462503139009,-0.07097814185251072,0.07097814185251072,5.697003047760528,29.133656798538105,0.05161854128204841,14.51154378194488,10.687831300021562,7.286810171682869,3.3281624076823064,15.79489171084051,17.870287458730857,-0.27210923197200093,-0.14889253748738648,0.004745528054783284,0.49757979441636674,0.3075286384050484,0.527328834861918,-0.020188767163084084,3.4417324634131856,0.3916672412242869,-0.3353260150280561,0.09910165264915988,-1.012554998974859,-1.033210846765586,-1.255513762769337,0.06778178989541718
27,0.54,0,0.0022372429993993137,35.5172221913257,0.1304542451747321,0.537122753021237,0.025007015103681675,0.3628304323692917,0.15703589622957267,0.26993459275050874,-0.08684271787065423,0.08684271787065423,0.14804792373821524,0.14804792373821524,-0.07096492634749027,0.07096492634749027,0.1274705962862932,0.1274705962862932,-0.10403368416166564,0.10403368416166564,0.17330326670927,0.17330326670927,0.0354906585696737,0.0354906585696737,-0.06829144507549313,0.06829144507549313,6.807324033643643,28.850085181311275,0.08211615328022707,13.164592265328713,9.864109081850044,7.286468436338299,4.152735463022599,12.857405536900902,17.931342004606957,-0.2631621843994951,-0.15407042735709428,0.006520399997070128,0.47849180186465534,0.28809430673514136,0.5036209200008132,-0.01910049593149479,3.0527272938047947,0.4473523786252959,-0.2588944934853898,0.08874359711434221,-0.954399627585574,-0.9717165834953478,-1.1853957430552386,0.0544135615794648
28,0.56,0,0.0022998319982434623,35.47459738688262,0.14134737596815364,0.532531529272508,0.030650389006812277,0.34355927555595256,0.15111770767580837,0.2675151328290152,-0.08361640767994102,0.08361640767994102,0.14683388689096288,0.14683388689096288,-0.06808588348129599,0.06808588348129599,0.1258789479371561,0.1258789479371561,-0.10022083068578497,0.10022083068578497,0.17281204140693796,0.17281204140693796,0.03413144455067178,0.03413144455067178,-0.0655335392300695,0.0655335392300695,7.9916322772330295,28.358982966931602,0.12336071150225332,11.803297582053093,9.134624629276427,7.156434629252561,5.006623095691426,10.412230228758448,17.985232880501524,-0.25331597656728855,-0.15798948342272875,0.00808954413228778,0.4605982992869646,0.26992104037630327,0.4813789813363706,-0.018235808599697343,2.694543794728525,0.4923103916103302,-0.19595280328172537,0.07845720676088255,-0.8946751288845325,-0.9086633179419101,-1.1120969332221278,0.043234366589872376
29,0.58,0,0.0024661059978825506,35.46719608981206,0.15226044953305723,0.5261088230649291,0.03629380987221885,0.32308642289295486,0.144816103652686,0.26308459204967827,-0.08019423217954927,0.08019423217954927,0.14449259609561066,0.14449259609561066,-0.06496810486826476,0.06496810486826476,0.12331598373421448,0.12331598373421448,-0.09613001213823558,0.09613001213823558,0.1708650160596839,0.1708650160596839,0.032844407718923274,0.032844407718923274,-0.06271926888989737,0.06271926888989737,9.273297796803465,27.679049370676484,0.17296968858697825,10.438483665776525,8.388681550858195,6.921350257394562,5.783482383451155,8.404230054199816,18.03248619326805,-0.24278185938098795,-0.16092869817338662,0.009455987213506612,0.44380652375010593,0.2529052508706706,0.46051291839370107,-0.017565526254692043,2.362665638326128,0.5267058593150293,-0.14696073753289193,0.06832215406094169,-0.8395887768429355,-0.8507894752816317,-1.0433031471334726,0.033514117250265256
30,0.6,0,0.002583287001471035,35.53017039567356,0.1629874179195698,0.5192157862619925,0.04195188162324598,0.3042849283838259,0.13886288027271035,0.2579025347894658,-0.07695129097576615,0.07695129097576615,0.14164928621982809,0.14164928621982809,-0.06206527635409809,0.06206527635409809,0.12053419720659792,0.12053419720659792,-0.09225120074837961,0.09225120074837961,0.168265469332264,0.168265469332264,0.03160721067047288,0.03160721067047288,-0.06006193718486564,0.06006193718486564,10.625959360035399,26.958503270365902,0.23110416527218985,9.258931764155005,7.713159807053234,6.65137174508316,6.550483825920389,6.7739776522701405,18.073683170892558,-0.23163649019448987,-0.16293773974770256,0.010628104915950821,0.42807188212707886,0.23699156104360355,0.44097605959490205,-0.017058169759870918,2.0598488812257356,0.5572684593249008,-0.10045207871579781,0.0586058851222105,-0.7867320811513467,-0.7956844913533502,-0.9768429399399541,0.025367824741056012
31,0.62,0,0.0029374310033745132,35.61019418051269,0.17352533575322024,0.5097642773879713,0.04694468449961662,0.28303978748142433,0.133066932923773,0.2505947017619235,-0.07378976189038203,0.07378976189038203,0.13771509124948633,0.13771509124948633,-0.05925289292394037,0.05925289292394037,0.1165987181896671,0.1165987181896671,-0.08845867991073769,0.08845867991073769,0.16416691562839814,0.16416691562839814,0.030430844656274936,0.030430844656274936,-0.057325569538191484,0.057325569538191484,12.044416859307123,25.985961850088046,0.28938614414366276,8.011152129752984,7.08272345509596,6.279770455114738,7.151572489095584,5.391511777601481,18.109090399237566,-0.22015227127421727,-0.1644037044441367,0.011609386175522787,0.41336741038409947,0.22216555523539114,0.4227618272614326,-0.016679427905852567,1.770361417250338,0.5742109460136299,-0.07329823482170739,0.04906406297859812,-0.7352235871489716,-0.7413002904106214,-0.9107116166734703,0.01893709270091771
32,0.64,0,0.002376020001975121,35.74093632686002,0.18393275307805518,0.5000459300084363,0.05185690633622671,0.26321742823449923,0.12717771477941645,0.243114075931643,-0.07058371294403434,0.07058371294403434,0.13361051109894206,0.13361051109894206,-0.05636858176686155,0.05636858176686155,0.11272711674253305,0.11272711674253305,-0.08458792585304947,0.08458792585304947,0.15983636778550014,0.15983636778550014,0.029318533268572734,0.029318533268572734,-0.05475050615318376,0.05475050615318376,13.532503061949125,25.0045932118002,0.35311656590744783,6.928341452638374,6.469668454605839,5.910445391609667,7.673889084923742,4.292002959463527,18.13916517017645,-0.20838531912284733,-0.16535588011189653,0.012410696019997468,0.39957973278812364,0.20830021015149022,0.40573599392618653,-0.016410003868475714,1.5037385469438602,0.5883476075684985,-0.04760878338799224,0.04006549222373414,-0.689383879798792,-0.6932672541950453,-0.8512916667623028,0.013471201868842736
33,0.66,0,0.0024158139967767056,35.91344232585236,0.19404612633199936,0.48917437896576893,0.0563183551064159,0.24343389982368857,0.1218722427539055,0.2348915536570726,-0.06768189829572954,0.06768189829572954,0.12910582330911885,0.12910582330911885,-0.053834744178524685,0.053834744178524685,0.10850946846537451,0.10850946846537451,-0.08109369344431067,0.08109369344431067,0.15491582934988513,0.15491582934988513,0.028242475099508564,0.028242475099508564,-0.05227341042353327,0.05227341042353327,15.061559657781698,23.929157303654566,0.4164902198224941,5.926006358336963,5.941137421546747,5.517404197943341,8.117246730483433,3.3845922721184185,18.164209588870307,-0.1964631244382936,-0.1659387997133941,0.013041198313815713,0.38669679913391103,0.19538956606448066,0.3898915139468075,-0.01622108447733437,1.252220934692708,0.5961097342276857,-0.02914598007487562,0.0315251146909123,-0.6441466827106329,-0.6455322043504785,-0.7922239989689552,0.009445969557067009
34,0.68,0,0.0022363429998222273,36.102252368891925,0.20398052895440114,0.47725621323741174,0.060339563554865944,0.22357661208048982,0.11636890844339252,0.22611355502055827,-0.06467998904517705,0.06467998904517705,0.1243070039156291,0.1243070039156291,-0.05115830191506232,0.05115830191506232,0.10403277634512459,0.10403277634512459,-0.07745466553491509,0.07745466553491509,0.14954392893428087,0.14954392893428087,0.02723646088360629,0.02723646088360629,-0.04988890965313679,0.04988890965313679,16.64322247700691,22.777349307371377,0.47808950804880596,4.9986501469389815,5.416689140922668,5.1127339764035025,8.474582625780306,2.6621797855847205,18.18450825360615,-0.18451746251615617,-0.16631353408341226,0.013510320045396337,0.3746146637061346,0.18333033004808044,0.37511456642966595,-0.01609684015405816,1.014933236792175,0.5972830961068706,-0.018736718500908925,0.023456086579031227,-0.604106771388816,-0.6029618008200104,-0.7388473758570776,0.00621221616381043
35,0.7000000000000001,0,0.002277335999679053,36.338915734827694,0.21364237428793775,0.4653088008088378,0.06428227922710969,0.20469805207818004,0.11126196144578243,0.21774896956485743,-0.06188854512368619,0.06188854512368619,0.11967003239309465,0.11967003239309465,-0.04870946246513813,0.04870946246513813,0.09989739485017124,0.09989739485017124,-0.07407054235812194,0.07407054235812194,0.14437384119946395,0.14437384119946395,0.026267376503320564,0.026267376503320564,-0.04764873107495958,0.04764873107495958,18.25722563655491,21.651228011015863,0.542609530813712,4.19012925246013,4.951689625905109,4.74146137465572,8.725605739666458,2.1004767460284324,18.200379973386713,-0.17257098555979056,-0.16645899823440644,0.013830467185098824,0.36327836362524935,0.1720615814653901,0.36133287490512916,-0.016020495423019393,0.7935859890284407,0.5973238478182804,-0.0072732075497099966,0.016007356985124278,-0.566815004044267,-0.5634374291345186,-0.6890845762268418,0.00381723655193842
36,0.72,0,0.002241342001070734,36.57545610890884,0.22302036148299492,0.45172180906288234,0.06739322184007283,0.18546636019302543,0.10637219466738794,0.20837666970584315,-0.059212110673966895,0.059212110673966895,0.1145699644341806,0.1145699644341806,-0.04637564924165333,0.04637564924165333,0.09515004533255322,0.09515004533255322,-0.07082328414721262,0.07082328414721262,0.13845603188265387,0.13845603188265387,0.025344256310037838,0.025344256310037838,-0.045507755776034955,0.045507755776034955,19.895232654402285,20.40525927830431,0.5963995703355603,3.439777076324904,4.526017519342669,4.342083647769805,9.011743408132258,1.652860428945977,18.212013076549255,-0.1607934256711797,-0.16660069905604893,0.014010006095314727,0.3526565551258198,0.16156656307311018,0.34852345007668195,-0.015972947272499226,0.5816551581270792,0.588877994430544,-0.007085041082125418,0.008976945510795106,-0.5310904249714765,-0.5247509196139932,-0.6404712414223612,0.002377407526008561
37,0.74,0,0.00224684099885053,36.83743226955808,0.23214314936164948,0.43827120732886593,0.0704457738194609,0.16699801389218533,0.10146961455828367,0.1996435245199623,-0.056531539907729356,0.056531539907729356,0.10975973805149686,0.10975973805149686,-0.04401083351109025,0.04401083351109025,0.09084429496909882,0.09084429496909882,-0.06755946410254438,0.06755946410254438,0.13291369880290232,0.13291369880290232,0.02447515103331478,0.02447515103331478,-0.043492522664457134,0.043492522664457134,21.556176718218037,19.208165117350177,0.6516505587625011,2.7888336643934517,4.11843307144266,3.9857536882752784,9.192999311462584,1.3334600004450547,18.219705085585126,-0.14919766973986626,-0.16671148949263695,0.014061953105424432,0.342650716735113,0.15173901517209434,0.3365634199466506,-0.015947487895064463,0.3846004517933933,0.5797877965656706,-0.005539521829400808,0.0025973505054852734,-0.5002919195353446,-0.49137739505079225,-0.5980015065015638,0.001272968871737952
38,0.76,0,0.0025090000017371494,37.12016282279571,0.24094501949663588,0.4242480966662858,0.07306293360330252,0.1490094894320716,0.09710740795986421,0.1908891311962474,-0.054138945356194734,0.054138945356194734,0.10495149465782677,0.10495149465782677,-0.04196129657994091,0.04196129657994091,0.08653081545043945,0.08653081545043945,-0.06465181377151163,0.06465181377151163,0.12730112329598658,0.12730112329598658,0.023626591836032478,0.023626591836032478,-0.04160151635467533,0.04160151635467533,23.221800968093692,17.998644752496617,0.7009694579939053,2.220382794080665,3.7719394722733988,3.643866040885815,9.373390582367808,1.1023407934909857,18.22368404731213,-0.1378416199411408,-0.1668360035377764,0.01399732582099293,0.3332515293991652,0.1425733421062575,0.3254382222563732,-0.015929473090084936,0.19894808634997746,0.567802489936275,-0.006225702256971586,-0.003231364221575145,-0.46995936679738803,-0.4582836532918452,-0.556259884513876,0.0009007402489766281
39,0.78,0,0.0025343950001115445,37.39469420435509,0.24945471040989747,0.40975505756005953,0.07525575909549871,0.13143415142542691,0.0926213935535234,0.18216795368276317,-0.051680227674543805,0.051680227674543805,0.10017622816412358,0.10017622816412358,-0.03981165384171015,0.03981165384171015,0.08223060320864511,0.08223060320864511,-0.06165615042551664,0.06165615042551664,0.12166359518527947,0.12166359518527947,0.022834796789064984,0.022834796789064984,-0.03982441666000404,0.03982441666000404,24.891061018274318,16.789920719604766,0.7436770262964282,1.7274936160922048,3.4314890175186656,3.318516334896534,9.558890360656566,0.9563301397712758,18.22419028752895,-0.12679646484547033,-0.16704778917399107,0.01382685825073071,0.3243763779818504,0.13399117019158407,0.3150563057352636,-0.015914136493659758,0.02531201084109236,0.5522577547835231,-0.010589281810735943,-0.008523378513110965,-0.44375757086573664,-0.4291085957336714,-0.519095826055475,0.0007668298212587105
40,0.8,0,0.002391918002103921,37.694116726316906,0.25765590277082895,0.3955895765800092,0.07740529867660435,0.11440901593301916,0.0884935450222776,0.17426968053233532,-0.049415111992356264,0.049415111992356264,0.09579549518414676,0.09579549518414676,-0.03786229528355756,0.03786229528355756,0.07844793175716425,0.07844793175716425,-0.05889586697266541,0.05889586697266541,0.11655178277804235,0.11655178277804235,0.02206757047777473,0.02206757047777473,-0.03814116659922271,0.03814116659922271,26.55462569306034,15.649111309875094,0.7867672350086518,1.3089422926761831,3.132443004243948,3.0369921552842207,9.651656340052822,0.8804532833818604,18.221460429716604,-0.11605153397595558,-0.16728918492055833,0.013562776188316807,0.3159864777659912,0.12594695687155957,0.30535849701300816,-0.015895389207194313,-0.13649289061711634,0.5372465434757357,-0.012069787328360407,-0.013204103120695143,-0.41949501079296303,-0.40221066600122335,-0.4848904361127722,0.0009373643232724535
41,0.8200000000000001,0,0.0024275120013044216,37.97087252649292,0.2655262277210078,0.38047216845530574,0.07879291240407575,0.09811206566810046,0.0845695717363712,0.16579125149070698,-0.04725822559114018,0.04725822559114018,0.09117947795612535,0.09117947795612535,-0.03601842744497258,0.03601842744497258,0.07425771469566883,0.07425771469566883,-0.05626967917097708,0.05626967917097708,0.11099425367059113,0.11099425367059113,0.021332338550583002,0.021332338550583002,-0.03659384279887012,0.03659384279887012,28.20167104309939,14.475907096908253,0.8152281938431843,0.9625977429661656,2.8608049854692927,2.748673907085484,9.87545333036295,0.8529609775352716,18.215726083097262,-0.10569348665339476,-0.16765996451759796,0.013213851538868162,0.30806232271673584,0.11843317042441366,0.29633058717302757,-0.01586516488607038,-0.2867173309671382,0.5179023661280411,-0.018538979851984203,-0.01744623247243216,-0.39620775246277135,-0.37568932235729513,-0.4513954919990245,0.001511216056196578
42,0.84,0,0.0023957170014909934,38.2488426830613,0.2730761642241458,0.36583899981198015,0.0801454970188117,0.08237210314027406,0.08065052837473086,0.15817375182504334,-0.04510329334790961,0.04510329334790961,0.08698086434588986,0.08698086434588986,-0.03415527299632687,0.03415527299632687,0.07059382167295375,0.07059382167295375,-0.05364395989663995,0.05364395989663995,0.10600152733554868,0.10600152733554868,0.0206383998761956,0.0206383998761956,-0.03512055734453025,0.03512055734453025,29.828236586949057,13.383817378343,0.8434573690700329,0.6785163375751946,2.601803090849306,2.5018935766410397,10.018236894602234,0.8752890585751265,18.20723300271968,-0.09571325285818652,-0.16811426321104714,0.012791845549132708,0.30053143687411715,0.11137168179279666,0.28787995846558495,-0.015824209488201315,-0.42465401887922205,0.4990116897604123,-0.022714934672458345,-0.021100299486772944,-0.37654429213093277,-0.35307443158085083,-0.4225314353721408,0.002047769893453198
43,0.86,0,0.0025271970007452182,38.527167092986154,0.28030759446192377,0.35111771138298314,0.08112931962693376,0.06753722043903566,0.07718575482823387,0.15074431675627686,-0.043196012345688234,0.043196012345688234,0.0828973510645078,0.0828973510645078,-0.032553798373546494,0.032553798373546494,0.06701266407878528,0.06701266407878528,-0.05132042531647646,0.05132042531647646,0.10110547158643224,0.10110547158643224,0.019955185356839482,0.019955185356839482,-0.033747069341699965,0.033747069341699965,31.42893900521212,12.328364724682382,0.8642921164521613,0.45612761446308964,2.3830562993616904,2.272384903431673,10.184389309384397,0.9266329728301532,18.19621668708868,-0.08611784731250588,-0.16862994431824554,0.01230638525262311,0.29339504125334215,0.10476286742269661,0.27999879847853615,-0.015766588448689913,-0.5508157815501136,0.4797702772840322,-0.025784055359920052,-0.024273014825479843,-0.35681978103874845,-0.3304407185050033,-0.39405799935243424,0.0028810519755702244
44,0.88,0,0.0024486090005666483,38.77527034367387,0.2871851034397763,0.33641379987906467,0.0817485602775293,0.05378035277325387,0.07362843160636952,0.1434960771689143,-0.04123379800263782,0.04123379800263782,0.07892565970149579,0.07892565970149579,-0.030874620851539136,0.030874620851539136,0.06350596612497372,0.06350596612497372,-0.04893470492264057,0.04893470492264057,0.09630617542486275,0.09630617542486275,0.019315079199922973,0.019315079199922973,-0.03246501571106879,0.03246501571106879,32.990113455086004,11.317424474907135,0.8775363383929204,0.28923263444156344,2.168458376325533,2.0591124162867005,10.380881441435157,1.0021402806495054,18.182926606499034,-0.07693522063308735,-0.16922501767653803,0.01176656352484324,0.2865927299786608,0.09855166392153804,0.2726226279412238,-0.01569352517731596,-0.6645040294819526,0.4591313339709266,-0.02975366791462314,-0.026991086388993515,-0.34011556373406726,-0.31056017505792854,-0.3688085268656164,0.0036531635686975067
45,0.9,0,0.002417614003206836,39.02856895718976,0.2937515654752996,0.3223802864930557,0.08233269590291105,0.04149675799498906,0.07036551153794313,0.13710160485103992,-0.03943399948369142,0.03943399948369142,0.07537068635469252,0.07537068635469252,-0.029358011172362142,0.029358011172362142,0.06051045786337164,0.06051045786337164,-0.04674413707806535,0.04674413707806535,0.09208265944962174,0.09208265944962174,0.01869111359836886,0.01869111359836886,-0.031231042393800694,0.031231042393800694,34.51599288767569,10.392904911934465,0.8901220434527648,0.1721980924094688,1.9805220855985624,1.8796850052730687,10.515128340504022,1.0947326428062656,18.16757134839217,-0.06814066916316022,-0.16983686389270286,0.011182017967942496,0.2801029822879298,0.0927079781277633,0.2657106470351849,-0.015604351497762625,-0.7677629053436581,0.4397275734963561,-0.030592310808242373,-0.029227277845037165,-0.3244873845365553,-0.2921842896887374,-0.34559904530195024,0.004458683977666855
46,0.92,0,0.0024243120024038944,39.24242435052004,0.29997313612108695,0.30799375717867444,0.08228929981923992,0.03190734675067061,0.067271619318121,0.1302562262115652,-0.03772392008747599,0.03772392008747599,0.07164138526160346,0.07164138526160346,-0.027928144537912092,0.027928144537912092,0.057174991940510136,0.057174991940510136,-0.044667341286506956,0.044667341286506956,0.08751137885106008,0.08751137885106008,0.018089333431061512,0.018089333431061512,-0.030116029832396286,0.030116029832396286,35.993552957728056,9.486015446103627,0.8891839560929513,0.10180787766675302,1.8101883062728763,1.6966684466878446,10.746259930995622,1.1869954349807177,18.150436148977644,-0.05974835852603366,-0.1704622598293816,0.010559903613560673,0.2739151031737699,0.08722948635724677,0.25925628512250576,-0.015496726555641084,-0.8567599707263923,0.41961553185632766,-0.03126979683393627,-0.031105717719091205,-0.3093939557079919,-0.2739245885258262,-0.3227180956339545,0.005381247106077104
47,0.9400000000000001,0,0.0025181970013363753,39.43973170352602,0.30584775938755776,0.2944411457479588,0.08221142247619267,0.026949060211447117,0.06418216266398087,0.12422523915081314,-0.036012427087201815,0.036012427087201815,0.06830906811989296,0.06830906811989296,-0.02648261566797583,0.02648261566797583,0.054323534494431294,0.054323534494431294,-0.04259379263095758,0.04259379263095758,0.08349648781057722,0.08349648781057722,0.017518418770195502,0.017518418770195502,-0.029035691450334127,0.029035691450334127,37.41714076895576,8.66955883093707,0.8875017321137926,0.0726251846280202,1.64774000169028,1.5431910042076715,10.92875440771343,1.2835308502636162,18.13173173506695,-0.05174570858019867,-0.17106650204590468,0.009908702366496781,0.2679780744323138,0.08206086991094766,0.25319429107427627,-0.015374315769967431,-0.9352206955345064,0.40013249729175016,-0.030212110826155186,-0.03256006235319454,-0.2968514370728018,-0.2584308223149556,-0.30309970241147943,0.0061205392836827174
48,0.96,0,0.002270336997753475,39.62342025626047,0.3114295878935655,0.2812697324097729,0.08183775247683571,0.028217864915600136,0.061457006841800776,0.11838544509254612,-0.03450546816516398,0.03450546816516398,0.06509158933006903,0.06509158933006903,-0.025245317281689272,0.025245317281689272,0.051551155289899564,0.051551155289899564,-0.040762628245697874,0.040762628245697874,0.07959511645730805,0.07959511645730805,0.016953420023873563,0.016953420023873563,-0.028023105335956665,0.028023105335956665,38.79535528622241,7.911266236986522,0.8794522643455255,0.07962479003950569,1.5107854759812587,1.401511360976025,11.116629614891112,1.3709418784147278,18.11170187106854,-0.04410014592754358,-0.17157967893017975,0.009235492708546596,0.26230024962515336,0.07720535610197712,0.24752181206199583,-0.01523509471345722,-1.0014931999205705,0.382278132632755,-0.025658844213753917,-0.03366048289750927,-0.2838912403580271,-0.24277569044852607,-0.28362395061401546,0.006961052825510437
49,0.98,0,0.0022483409993583336,39.764597165301,0.31663133417415706,0.2685890904169343,0.0811700409533676,0.03423966612597829,0.05865830331360982,0.11270864951776602,-0.03294886987927764,0.03294886987927764,0.06197388609172122,0.06197388609172122,-0.02394673726414248,0.02394673726414248,0.0488399730439574,0.0488399730439574,-0.03888541163002668,0.03888541163002668,0.07579025954831509,0.07579025954831509,0.016420933532396865,0.016420933532396865,-0.027073431800817727,0.027073431800817727,40.10216071236268,7.214009949099609,0.8651599643358279,0.1172354736418465,1.3763186190525791,1.2703239676118616,11.316464094240036,1.4464192173397383,18.09059570365502,-0.0368067386113903,-0.1719820128732745,0.008546539455964081,0.25683600658326716,0.07262319983785753,0.2421936228993424,-0.015082265461850599,-1.0553083706763047,0.3646703658076637,-0.020116697154736213,-0.03444766262912585,-0.2732121520943095,-0.22910781320597903,-0.2664094581326728,0.007641462580331059
50,1.0,0,0.002254039001854835,39.897860459914554,0.3215437453086826,0.25693660987337735,0.08046453493487703,0.043249359324881394,0.056091995885521696,0.1077697279599774,-0.03152410743069056,0.03152410743069056,0.05921507464695225,0.05921507464695225,-0.0227753509583552,0.0227753509583552,0.04656618050249882,0.04656618050249882,-0.037162105139769586,0.037162105139769586,0.07249837969482775,0.07249837969482775,0.015899810798375005,0.015899810798375005,-0.026143163048045537,0.026143163048045537,41.35615205885398,6.60164214932241,0.850185893789147,0.18705070820127048,1.258524800968553,1.1614314264567533,11.487105997915206,1.5121615698663113,18.068588797928975,-0.029843720440376278,-0.17222989265610214,0.007847879413622206,0.2515761271260183,0.06829537921443232,0.23718324691698683,-0.014917022361145067,-1.1003452863021266,0.348150908550701,-0.012393989141380984,-0.03493300211709376,-0.2629939728624435,-0.21639103117126174,-0.2505187991177782,0.008262155035276626
51,1.02,0,0.0024312120003742166,39.98602585763962,0.3261229983448873,0.24551711449551236,0.07927829007996436,0.05208881940415359,0.05365977938298635,0.10242815844801034,-0.030170501510669745,0.030170501510669745,0.05629962507234487,0.05629962507234487,-0.021672581055015905,0.021672581055015905,0.04398840963192044,0.04398840963192044,-0.03553037551909921,0.03553037551909921,0.06889638160781247,0.06889638160781247,0.015394947479968946,0.015394947479968946,-0.025301942201522015,0.025301942201522015,42.542484019783736,6.027865351020251,0.8253030171643331,0.2713245106918527,1.1517487693723065,1.049152764305071,11.668712117818613,1.5508152615324295,18.045990800830925,-0.02315030768751575,-0.17221665448932394,0.007145200610438944,0.2465127442663807,0.0642189475873522,0.23248494991499236,-0.014738727022970613,-1.1298998549022148,0.33467063764302646,0.000661908338907391,-0.03513394015916296,-0.25316914298187443,-0.20382158135400613,-0.23491485009972352,0.008914766908722699
52,1.04,0,0.0023820189999241848,40.0492614242611,0.3303566012943492,0.2352818670874423,0.07805557491639278,0.061649275991700614,0.05122993915001582,0.09776317292702101,-0.028811715421985407,0.028811715421985407,0.053711545882589085,0.053711545882589085,-0.02055707420910463,0.02055707420910463,0.04181148841828036,0.04181148841828036,-0.033902525100129144,0.033902525100129144,0.06576901523650153,0.06576901523650153,0.014913658556951426,0.014913658556951426,-0.02447333019288504,0.02447333019288504,43.654193607501426,5.535755698015286,0.8000419092848023,0.3800633230300873,1.0498026661257291,0.9557637980758612,11.834538642708647,1.5768548130402176,18.02296303943769,-0.01672804179268867,-0.17194285283207397,0.006442712398533368,0.24160936297530566,0.06035462137116295,0.22805336935501813,-0.01455136981763658,-1.151388069662141,0.3211132947413539,0.013690082862500313,-0.03512441059527881,-0.24516906455375206,-0.19321631080946217,-0.22157902799871165,0.009367860266701545
53,1.06,0,0.0023891179989732336,40.09290915098083,0.33434047169760256,0.22588313777125377,0.07660717185329055,0.07084845930394863,0.049085891781186435,0.09324084440082117,-0.02761985793738414,0.02761985793738414,0.051210684989348054,0.051210684989348054,-0.0196035414229333,0.0196035414229333,0.039689698705070386,0.039689698705070386,-0.03246314601347211,0.03246314601347211,0.06272918167604197,0.06272918167604197,0.014436534697093762,0.014436534697093762,-0.023687515497720753,0.023687515497720753,44.71342040599014,5.10231919293872,0.7706261517339585,0.5019504185743264,0.9637699087817382,0.8693855064578143,11.977626603590664,1.5812038994443105,17.999729538265065,-0.010508865728902373,-0.17129630459176756,0.005745484409031699,0.23687757220298084,0.05670558293906477,0.22388691499734387,-0.014353851909498958,-1.1616750586312394,0.3109588031893149,0.03232741201532058,-0.03486139947508352,-0.23658953861624402,-0.1824519216049092,-0.2083227178837136,0.009875895406881177
54,1.08,0,0.002412015001027612,40.09415785389697,0.33794609400162395,0.2174078184639975,0.07493625876966462,0.079510625087259,0.04688428942524504,0.0888293688630737,-0.02638270437932483,0.02638270437932483,0.04878006158324699,0.04878006158324699,-0.018602970600205937,0.018602970600205937,0.037603914102736974,0.037603914102736974,-0.030991114892241156,0.030991114892241156,0.05975578605325088,0.05975578605325088,0.01398462681400832,0.01398462681400832,-0.022942407063312374,0.022942407063312374,45.683024980381774,4.726615952927449,0.7373758295299898,0.6321939501766658,0.8792546379640575,0.7890656772612007,12.103762191153216,1.5648463352621393,17.976512440382383,-0.004458994397790211,-0.17022458823916328,0.005057186419045796,0.23227964165192627,0.05324039594347491,0.21995103674642158,-0.014148905692938741,-1.1608548941339454,0.30249356655560805,0.05358581763021408,-0.034414899499295125,-0.22989652755272855,-0.17325934977949253,-0.19679391254611434,0.010247310828010895
55,1.1,0,0.0024013160000322387,40.081454468252716,0.34130056884597476,0.21023420178472915,0.07323252176192527,0.08817440078631698,0.04486382379164473,0.08500352247810145,-0.025252237796189014,0.025252237796189014,0.04663147982906135,0.04663147982906135,-0.017700509155514133,0.017700509155514133,0.03586659838958603,0.03586659838958603,-0.029637855543750535,0.029637855543750535,0.057198938166256125,0.057198938166256125,0.013541664074101328,0.013541664074101328,-0.022202984377103337,0.022202984377103337,46.59443131783438,4.41984196000622,0.7042273091885934,0.7774724954026055,0.8051050740830991,0.7225598833685096,12.231559364966548,1.53615242433624,17.953436700524716,0.0014224904589829157,-0.1687258410806011,0.004380115741395116,0.22781441801688979,0.04994776201159451,0.2162294092710413,-0.013937963754323586,-1.1537869928836315,0.29407424283865635,0.0749373579281093,-0.03385353388253405,-0.22326118175182447,-0.16463169659402038,-0.1860813737690124,0.010547096930757845
56,1.12,0,0.0024033159970713314,40.02965387110784,0.34435369197060034,0.20377908589481056,0.07117618951549345,0.09565929634101443,0.04294843796672377,0.08083110108123936,-0.024177530990739604,0.024177530990739604,0.04434884566705405,0.04434884566705405,-0.016851660421560166,0.016851660421560166,0.03386988584770445,0.03386988584770445,-0.028357041621795642,0.028357041621795642,0.05437208485084927,0.05437208485084927,0.013111637978129127,0.013111637978129127,-0.021525659377609637,0.021525659377609637,47.43178606951323,4.152591584812457,0.6652338681253153,0.9150700976458015,0.7378273295126078,0.6533666902005535,12.287842146162252,1.4841058279780848,17.9307847321744,0.007287884629969928,-0.1665686675249689,0.0037206300536712167,0.22347310625870223,0.04682099346007117,0.21271258481146124,-0.013719401385409514,-1.1325984175156423,0.29326970854935064,0.10785867778161023,-0.032974284386194964,-0.21706558790937736,-0.15633842757616723,-0.17584122297900606,0.010928118445703548
57,1.1400000000000001,0,0.0024227129979408346,39.95414936046601,0.3470838933276023,0.19865986071322264,0.06909488271296706,0.10297863654845753,0.04103515068321891,0.07718305628718701,-0.023095197915204813,0.023095197915204813,0.04231702520550254,0.04231702520550254,-0.01599342715113311,0.01599342715113311,0.03218583747833065,0.03218583747833065,-0.027081451581662752,0.027081451581662752,0.05192093426290978,0.05192093426290978,0.012700420978985497,0.012700420978985497,-0.02085142696970708,0.02085142696970708,48.186891602978555,3.946574025859701,0.6268976643995451,1.060459958537931,0.6735534366377924,0.5957224177831077,12.357228338196357,1.4240892040339865,17.90865654476803,0.013101120590232098,-0.16381375700732603,0.0030781687044450683,0.2192284777881859,0.04383177187650487,0.20936878274929296,-0.013496524540395505,-1.1064093703180795,0.29066179801310854,0.13774552588214406,-0.032123067461307366,-0.2122314235258183,-0.14946107917831536,-0.16719010310841323,0.011143842250700323
58,1.16,0,0.0024306119994434994,39.85978027182523,0.3496168776551903,0.19458656434664584,0.0668499655956073,0.10967011142600207,0.03934461832425178,0.07363632123387777,-0.022149850989924724,0.022149850989924724,0.04034905309155917,0.04034905309155917,-0.015259846600909455,0.015259846600909455,0.03053903813666551,0.03053903813666551,-0.02594998247765723,0.02594998247765723,0.04953206135015509,0.04953206135015509,0.012293029867822457,0.012293029867822457,-0.02020405324594892,0.02020405324594892,48.89278445654571,3.7863931024231334,0.5868231794132321,1.2027533340191707,0.6191995964324195,0.5422307804858837,12.382361701351892,1.3556495643675468,17.88721280500645,0.018967412004894955,-0.16030664073609993,0.0024576694730657433,0.21509355745891948,0.04098291145701945,0.20619677183916196,-0.013267686270487113,-1.0721869880790087,0.2933145707331428,0.17535581356130509,-0.031024961568966256,-0.2067460164633202,-0.1424430209742707,-0.15860054550654906,0.011441913495419686
59,1.18,0,0.0022483409993583336,39.734762675082955,0.3517975543065731,0.19154374537656585,0.06444867482674126,0.11567920028634325,0.03760985629270142,0.07016144651682374,-0.02116272589911955,0.02116272589911955,0.038429370412984,0.038429370412984,-0.014491031451477732,0.014491031451477732,0.02891184268630411,0.02891184268630411,-0.0247971032927361,0.0247971032927361,0.04718505594889599,0.04718505594889599,0.011906048825619988,0.011906048825619988,-0.019582847458343416,0.019582847458343416,49.5046076864345,3.668900639288268,0.5454222715880952,1.3381677378887913,0.5658005161430609,0.4922628577333117,12.367628527615999,1.2815911655856733,17.866611706663264,0.024950536789472635,-0.15596118798738107,0.001861569391394563,0.2110341084721192,0.038247232413085225,0.20316736273720545,-0.013033697409225194,-1.0300549171593458,0.299156239228884,0.21727263743594316,-0.029805004083559045,-0.2029724493400124,-0.13678395219671147,-0.1514704550978264,0.011699443063095883
60,1.2,0,0.002238342000055127,39.59558440293492,0.3537737294704499,0.18965665268191373,0.06203942099002784,0.12129448289227615,0.0360168387942231,0.06712501278478425,-0.020263124651606013,0.020263124651606013,0.03671845938174109,0.03671845938174109,-0.013797860498334646,0.013797860498334646,0.027547983417904702,0.027547983417904702,-0.023735410931636114,0.023735410931636114,0.04515607508179764,0.04515607508179764,0.011526828256610581,0.011526828256610581,-0.01896205618604641,0.01896205618604641,50.06234066537242,3.5969645906508045,0.5054059561523316,1.4712351580104668,0.5188850706916216,0.45057673413574484,12.378478326643968,1.205428098404678,17.846919543059975,0.031008351054697972,-0.1508442011494588,0.001288540552109581,0.2070547094013263,0.035619441393471576,0.20027193573542462,-0.012795996271510674,-0.9846081801646784,0.3028907132612669,0.2558493418961155,-0.028651441964249066,-0.19896995353964278,-0.13138955098068206,-0.14477135008903896,0.01188505688572613
61,1.22,0,0.002243441998871276,39.43108913383573,0.3554948911690679,0.18852263031464533,0.05936563591088915,0.12612213762168073,0.034505796529760206,0.0638270942595423,-0.01940704454035891,0.01940704454035891,0.03491079273905112,0.03491079273905112,-0.013146213559469377,0.013146213559469377,0.025985563060655387,0.025985563060655387,-0.02273056085912417,0.02273056085912417,0.042917418858416406,0.042917418858416406,0.011158641872567324,0.011158641872567324,-0.01838423734886659,0.01838423734886659,50.55064705892296,3.5540782140752425,0.46278058670887173,1.5906793598262172,0.4762599976612845,0.4073897961616497,12.260877918738336,1.1423361256604527,17.82829322107002,0.037414811868565795,-0.14458095122731635,0.0007499504341297299,0.20314388422383356,0.033090898079759797,0.19749977234572702,-0.012550058045064967,-0.9313160994978018,0.3203230406933911,0.3131624961071199,-0.02692950589899257,-0.19554125887463852,-0.1264271656855893,-0.1386081694848807,0.012296911322285307
62,1.24,0,0.002263038000819506,39.251905862463644,0.3569329380737058,0.18835182784017113,0.05670200578216534,0.13044173907884535,0.03299705086825949,0.06091288577302847,-0.018541476165610804,0.018541476165610804,0.033284429866892784,0.033284429866892784,-0.012488057301308919,0.012488057301308919,0.02465437676351548,0.02465437676351548,-0.021732335697001393,0.021732335697001393,0.04095901230853227,0.04095901230853227,0.010806157392646794,0.010806157392646794,-0.01780582485441322,0.01780582485441322,50.96044891277115,3.547641105073346,0.4221839586365596,1.7015047293913566,0.43552214640100173,0.3710379653198013,12.175507593937544,1.0808947336580688,17.810775006267843,0.04407325593967943,-0.1373183640257235,0.00023999662187848645,0.19928042327176843,0.03064081566109142,0.1948281858911627,-0.01229839986808296,-0.8759107401086256,0.3329222035556816,0.3631293600796424,-0.025497690612562157,-0.19317304760325538,-0.12250412093341853,-0.13357932272821715,0.012582908849100297
63,1.26,0,0.002262737998535158,39.05628987208226,0.3582264249926112,0.18890098608328657,0.0539245962061984,0.13422343375139545,0.03166317352774759,0.058079451684502584,-0.01779043010712783,0.01779043010712783,0.031708941601058666,0.031708941601058666,-0.011925946624671335,0.011925946624671335,0.023353879692148652,0.023353879692148652,-0.020843864958462355,0.020843864958462355,0.03905080598373578,0.03905080598373578,0.010457640515457148,0.010457640515457148,-0.017245190223897002,0.017245190223897002,51.33046862519475,3.5683582543238015,0.3818375962295636,1.801593016801524,0.40102262313930226,0.33732227079724697,12.033551726730654,1.039822211942937,17.794399469817233,0.051127952722128965,-0.12888822157526006,-0.00023350606174418623,0.19547762378781267,0.028275341813641407,0.19226185103138596,-0.01203837590311789,-0.8187768225306589,0.35273483912247694,0.4215071225231738,-0.023675134181133643,-0.1901399741977884,-0.11827369237250085,-0.12831674298883855,0.013001198248253618
64,1.28,0,0.002486403001967119,38.84720047475962,0.3592158961254709,0.19006524306105665,0.051046529455342576,0.13741374004388623,0.03029371958964183,0.055301211932390966,-0.0169992742739013,0.0169992742739013,0.030170837496750064,0.030170837496750064,-0.011336781446061373,0.011336781446061373,0.022068726511599523,0.022068726511599523,-0.01994168143047048,0.01994168143047048,0.037174774345954675,0.037174774345954675,0.010126245548395214,0.010126245548395214,-0.01670185823252897,0.01670185823252897,51.61442401169003,3.612479661985854,0.3421663721976946,1.888253595284874,0.36708377863033953,0.30582240411912204,11.836900704303655,1.0195903891744242,17.779205464777466,0.05867478048277476,-0.11919090176100192,-0.0006667229989354466,0.19170110719099617,0.025972713421447646,0.18977977591353434,-0.011767826889951344,-0.7597002519883932,0.37734138803229034,0.48486599071290803,-0.021660846859563012,-0.18882582984082646,-0.11513141960968774,-0.12410375589258017,0.013527450658327195
65,1.3,0,0.0022573390015168115,38.62779262703898,0.3600479742212067,0.19180113800108103,0.048212782655818014,0.13989566213990448,0.02903706012764432,0.05283196063637307,-0.01628169243218064,0.01628169243218064,0.028777507141180853,0.028777507141180853,-0.010806615945089859,0.010806615945089859,0.020971839683129344,0.020971839683129344,-0.01911006419204797,0.01911006419204797,0.03552802065400512,0.03552802065400512,0.009802032992774455,0.009802032992774455,-0.016155891684963272,0.016155891684963272,51.85381749631788,3.678767653850972,0.30523145007548436,1.95707962855623,0.3372603443425725,0.2791216064683273,11.677332216771843,1.0013068810434136,17.765208083438576,0.066600826135277,-0.10838549654698075,-0.0010645943236663323,0.18796059113389438,0.023731865696391248,0.18737809454062962,-0.01148880603397963,-0.6998690669443562,0.3963022826251116,0.5402702607010583,-0.01989356623654429,-0.18702580285509024,-0.11204238625282004,-0.12008406864523513,0.01395104279858563
66,1.32,0,0.0024123149996739812,38.383734184392544,0.3606807963899118,0.19386363011631344,0.045147215608789024,0.14219623374107776,0.027843612777723754,0.05021106980907969,-0.015597808357964982,0.015597808357964982,0.027333561120762268,0.027333561120762268,-0.010307961350038308,0.010307961350038308,0.019750122009329435,0.019750122009329435,-0.01832230838150617,0.01832230838150617,0.033752983210313864,0.033752983210313864,0.009487575840177745,0.009487575840177745,-0.015642786607593235,0.015642786607593235,52.0362547537844,3.7583107081874783,0.2676497399981875,2.021976889014722,0.31010670900632853,0.2521151531372274,11.362822810317342,1.0402160341359417,17.75233078131045,0.07530103553303495,-0.0961192199025659,-0.0014050466521910753,0.18423319647540234,0.02156055346920028,0.1850770565534207,-0.011192890609322218,-0.643865106406212,0.43501046988789704,0.6133138322207423,-0.01702261642623713,-0.18636973292460243,-0.10856561135954836,-0.11505189936044828,0.014795771232870566
67,1.34,0,0.0024475089994666632,38.13825181802194,0.36108471903596195,0.19627354475858977,0.042156429361685975,0.14369543518378655,0.02665105082261006,0.04785371855111219,-0.014902177979885634,0.014902177979885634,0.02601060013582354,0.02601060013582354,-0.009804034432941866,0.009804034432941866,0.018690229473546052,0.018690229473546052,-0.01754110504579043,0.01754110504579043,0.032176358237896024,0.032176358237896024,0.009186628544541895,0.009186628544541895,-0.01512561907877247,0.01512561907877247,52.15286972851182,3.8523304372102136,0.23336328099334044,2.06483780926578,0.28411140397973766,0.22899783791690584,11.086422862040118,1.0759986723523243,17.74057413166431,0.08459414500170911,-0.08261713457713962,-0.0016981544688028025,0.18050236221729266,0.019442195711219048,0.1828581918770103,-0.010882037251239379,-0.5878324823072081,0.46465547343370683,0.6751042662713131,-0.014655390830586396,-0.18654171290548224,-0.10591788789906144,-0.11094323382052045,0.015542667904141948
68,1.36,0,0.0024433090002276003,37.853520618563955,0.36138763633688475,0.1988614633842765,0.039085693313570674,0.14488075345552412,0.025598928383341348,0.04557911535153064,-0.014305281099103506,0.014305281099103506,0.02473107627546703,0.02473107627546703,-0.00937535368606257,0.00937535368606257,0.01766737226354614,0.01766737226354614,-0.016844425111110617,0.016844425111110617,0.030657759060373962,0.030657759060373962,0.00889000298022955,0.00889000298022955,-0.014621743712105856,0.014621743712105856,52.24040947886418,3.9545881619335934,0.20060443206567063,2.099043272184036,0.26212205375017567,0.2077455756228136,10.752660035300057,1.124824484990962,17.729893281238958,0.09455742875177658,-0.06798910616173735,-0.0019339010936744447,0.1767700377520163,0.01740638467273937,0.18076885531432563,-0.01055444979772131,-0.5340425212675048,0.4981641875033751,0.7314014207701137,-0.011787331243582102,-0.18661622326381852,-0.10179055192398398,-0.10446682813423266,0.01637937267590356
69,1.3800000000000001,0,0.0024150140015990473,37.547166269413935,0.36145708127066245,0.20154532890923965,0.03595482697615067,0.1457204335687748,0.02451335522321167,0.043368057443765894,-0.013667469967417412,0.013667469967417412,0.023482496230075395,0.023482496230075395,-0.008923160879765635,0.008923160879765635,0.01667059301662464,0.01667059301662464,-0.01613652432152235,0.01613652432152235,0.029185477241220614,0.029185477241220614,0.008607823866915476,0.008607823866915476,-0.014130110541907746,0.014130110541907746,52.2604886402825,4.062051960513358,0.16975371608212783,2.1234444759471702,0.24036183371974346,0.1880788406445778,10.364232917849877,1.1829274094281175,17.720250390729934,0.10523477279087665,-0.0523621511171631,-0.002103849964426949,0.17298491955536532,0.015460689766019125,0.17884142999909525,-0.010205842123524657,-0.48214452545158,0.5338672019550019,0.7813477522287124,-0.008497443537625212,-0.18925590983255106,-0.09728474533601231,-0.09637126576151862,0.017430383709832527
70,1.4000000000000001,0,0.0031623949980712496,37.23754469789526,0.3614100728799844,0.20432064803795502,0.03294942444147598,0.14569755275709356,0.023519852744835024,0.041368634558054104,-0.013093682147414631,0.013093682147414631,0.022319534497062005,0.022319534497062005,-0.008517861484141576,0.008517861484141576,0.01580797529040352,0.01580797529040352,-0.015483908879693753,0.015483908879693753,0.027883890370717146,0.027883890370717146,0.008332680391297715,0.008332680391297715,-0.013630806287381047,0.013630806287381047,52.24689631164624,4.1746927214649885,0.1425609397133553,2.122777687940606,0.22127338925548942,0.1711363925197828,10.01745111053697,1.230935329811412,17.711609832493757,0.11644901897944133,-0.035912515137992373,-0.002212785010512301,0.16916682462890864,0.01359890914020152,0.17705962633600325,-0.009839404185052006,-0.4320279118085681,0.5607123094282358,0.8224817989585367,-0.005446752304267589,-0.19090474632283227,-0.09308903129088035,-0.08909018315459988,0.01832189692363272
71,1.42,0,0.003373160998307867,36.74746895708232,0.36122474398905363,0.20691035993391127,0.029679951905954557,0.14638783820047746,0.02257327178078366,0.03935323632140959,-0.012545822464957168,0.012545822464957168,0.021143408745296605,0.021143408745296605,-0.008135060560388097,0.008135060560388097,0.014910683985710708,0.014910683985710708,-0.014863134506366116,0.014863134506366116,0.026570480885470538,0.026570480885470538,0.00806616140995126,0.00806616140995126,-0.013164897424254437,0.013164897424254437,52.19332626798292,4.28118970479807,0.11567280567116861,2.1429399173009163,0.2038210395556495,0.1548677208968711,9.53954685738325,1.1170211931113452,17.704540961270745,0.12759870251924416,-0.020036482546924108,-0.0022739442646779093,0.16518706737217595,0.01196497859171024,0.1757096557647664,-0.009463471811896752,-0.35344356115069814,0.5574841769901415,0.7938016295534134,-0.0030579627082804196,-0.19898786283663408,-0.081696527424564,-0.06749852856184091,0.0187966186577627
72,1.44,0,0.0024656059977132827,36.290762080803006,0.3608778834410048,0.20948959514416232,0.026575673149016495,0.1462802495640968,0.021622343147214045,0.0375274313239821,-0.0119834344253415,0.0119834344253415,0.020026053753691264,0.020026053753691264,-0.007745214930998945,0.007745214930998945,0.014137621013203407,0.014137621013203407,-0.014244967110526141,0.014244967110526141,0.025424112900995194,0.025424112900995194,0.007811247035017774,0.007811247035017774,-0.01268887024580755,0.01268887024580755,52.09313870274377,4.388589047366502,0.09274135385180023,2.139791141253444,0.18701028927034963,0.14083081017761925,9.124318217803834,1.0207667680409083,17.698938650662125,0.13862812430870394,-0.0047076092085346615,-0.0022659760682748266,0.16103885832544634,0.010536891271696843,0.17475947679742923,-0.009078316030891605,-0.28011553043096776,0.5514710894729887,0.7664436669194721,0.00039840982015414486,-0.20741045233647773,-0.07140436600066975,-0.04750894836685998,0.01925778905025738
73,1.46,0,0.002279436001117574,35.931371813727786,0.3604572843843432,0.21183104028536806,0.023405548932358813,0.14659624679055389,0.020787695542414008,0.03584116957833305,-0.011510333428742414,0.011510333428742414,0.018923481576322315,0.018923481576322315,-0.0074155379449988845,0.0074155379449988845,0.01344619137721748,0.01344619137721748,-0.013692178685769107,0.013692178685769107,0.02441618048225036,0.02441618048225036,0.007561385464749563,0.007561385464749563,-0.012228710066022289,0.012228710066022289,51.9717815462941,4.487238962838122,0.07193538066792192,2.1490459573076977,0.17285131438563966,0.12845894367428262,8.698807031959177,0.7989860574639771,17.692137764229916,0.1467758777177298,0.007645085784317544,-0.002323739937059897,0.1547742485435598,0.009331024411793296,0.1710808097235695,-0.008714958337950381,-0.3400443216107403,0.4073876704512924,0.6176347496426106,-0.002888193439253492,-0.31323048909432905,-0.060293342995177426,-0.18393335369298658,0.01816788464706123
74,1.48,0,0.0022864349994051736,36.07715171239662,0.3598948760049622,0.2139063963465801,0.020196811182868757,0.1474905766916233,0.019912976392571512,0.034302585520734785,-0.010994059525974265,0.010994059525974265,0.017813166659350538,0.017813166659350538,-0.007059743717794997,0.007059743717794997,0.012844184118758994,0.012844184118758994,-0.013122203693611945,0.013122203693611945,0.023569275719817095,0.023569275719817095,0.007322914229516548,0.007322914229516548,-0.011784508616831935,0.011784508616831935,51.809728709850845,4.5755946397980205,0.05356369082249728,2.175347021282761,0.15861065152444412,0.11766673734073234,8.183950544511978,0.9495485797881459,17.68173051698369,0.1497394994785907,0.015045433158676928,-0.0025032750514322848,0.1441953358503815,0.008377760448280988,0.1613335156141539,-0.008404538941280688,-0.5203623623111897,0.14818108804304608,0.370017368717969,-0.008976755718619427,-0.5289456346589124,-0.047663198175615394,-0.48736470547078214,0.015520969833484553
75,1.5,0,0.0026471780001884326,36.66372290495474,0.359246209408377,0.21592554145320145,0.017205591491990656,0.14836134162608977,0.019112815461711428,0.03263430453616797,-0.010537574904611546,0.010537574904611546,0.01647814289688737,0.01647814289688737,-0.006739681562940081,0.006739681562940081,0.012394451045138855,0.012394451045138855,-0.012591435355570502,0.012591435355570502,0.022613921060437414,0.022613921060437414,0.007091662577970767,0.007091662577970767,-0.011333878276701003,0.011333878276701003,51.62313558971496,4.6623839451858204,0.038872645569928164,2.201108768909331,0.14611988594937414,0.10649978325593529,7.587877026877253,1.5703569285480095,17.668000940583237,0.1482721131208879,0.018232988868967966,-0.0027287207093779037,0.12992772486453016,0.0076508659730420096,0.14639652553298863,-0.008139639143277557,-0.6864788200228865,-0.07336931788514062,0.159377785514552,-0.011272282897280935,-0.7133805492925676,-0.0363447237619489,-0.7468495040582622,0.013244989900156406
76,1.52,0,0.002454007997584995,36.270957294314215,0.3585195145138586,0.21720957003172972,0.013926802117098873,0.1520372600259927,0.018348371808794603,0.030118569694832998,-0.010107623757113715,0.010107623757113715,0.01446922974154935,0.01446922974154935,-0.006430899829481751,0.006430899829481751,0.01203670979334371,0.01203670979334371,-0.012082307082383448,0.012082307082383448,0.020808719235235335,0.020808719235235335,0.006867319198097413,0.006867319198097413,-0.0109491758725827,0.0109491758725827,51.41449691490114,4.717999731336889,0.025468753703612984,2.311532843621131,0.1346650992135074,0.09071282404625125,6.8911196306246465,1.4652237053785786,17.65367035561602,0.14774250181872825,0.022721690956039823,-0.0027490670322967065,0.11677976867139135,0.006900628848516125,0.13272938414676153,-0.007871112334190827,-0.7165292483609493,-0.026480565107982468,0.22443510435359285,-0.001017316145940121,-0.6573978096569398,-0.0375118562262942,-0.6833570693113553,0.013426340454336617
77,1.54,0,0.0024542079991078936,35.89233555289924,0.3577088842694813,0.2184530741531669,0.010992092469489843,0.1568104701135081,0.017593150013934345,0.026418324281801454,-0.009680205264137653,0.009680205264137653,0.011446809499349092,0.011446809499349092,-0.006106438153851035,0.006106438153851035,0.011849384546428122,0.011849384546428122,-0.011587964151208552,0.011587964151208552,0.017741825145406537,0.017741825145406537,0.006651545185929175,0.006651545185929175,-0.010569680057822106,0.010569680057822106,51.18225835412685,4.772174560696903,0.01586593352096941,2.458952353721941,0.12380757096511918,0.06979278578584201,6.242252075610316,1.403017632260037,17.638596938875715,0.14765386857511104,0.027732283251217547,-0.0027059150557250996,0.10456134140208329,0.006135023300776363,0.1201224792614615,-0.00760048342474713,-0.7536708370151298,-0.004431662180861717,0.25052961475888624,0.0021575988285803434,-0.6109213634654038,-0.03828027738698812,-0.6303452442650017,0.013531445472184891
78,1.56,0,0.0030266159992606845,35.45962045370599,0.3568341561643059,0.2191381505849241,0.008397259658707553,0.16378912230645712,0.016990615650873463,0.022098428387719953,-0.009378561886798087,0.009378561886798087,0.007678628169754453,0.007678628169754453,-0.00582637239582201,0.00582637239582201,0.011772692673445382,0.011772692673445382,-0.011193282029949403,0.011193282029949403,0.013638120410993465,0.013638120410993465,0.00644107283256599,0.00644107283256599,-0.010236434218500566,0.010236434218500566,50.93224600219689,4.802152904178087,0.0092593403731178,2.6826876585919566,0.11547240807828249,0.0488340537207187,5.64860188859126,1.3268984564590711,17.62311464111679,0.14756956151656558,0.032743882418017116,-0.002619134490348908,0.09319908239837457,0.005417627603900138,0.10845037666947224,-0.007329358432870537,-0.7741148879460925,-0.004215352927274263,0.2505799583399786,0.004339028268809582,-0.5681129501854352,-0.035869784843811196,-0.5836051295994621,0.013556249593829593
79,1.58,0,0.0026966689983964898,34.97776510668719,0.35592495208370384,0.2192583198864287,0.00701350856357187,0.17326053740795744,0.016414627238448526,0.01803630891931877,-0.009084251360127138,0.009084251360127138,0.003354243310995847,0.003354243310995847,-0.005510557405049632,0.005510557405049632,0.01178838354231309,0.01178838354231309,-0.010847314337633529,0.010847314337633529,0.008724343524964234,0.008724343524964234,0.006235855462522142,0.006235855462522142,-0.009948735334778688,0.009948735334778688,50.673028606314745,4.807421083941948,0.006459152630612879,3.0019213822894213,0.1077759949508865,0.03253084394330978,5.123079751174969,1.2379560863217016,17.607506655864036,0.14704087645056377,0.03720846699508638,-0.0025108658646040135,0.08259913975786184,0.0047986784529085525,0.09756299946929889,-0.00705987539840466,-0.7803992626376393,-0.026434253300089805,0.22322922885346297,0.005413431287244716,-0.5299971320256369,-0.030947457549579237,-0.544368860008669,0.013474151723293885
80,1.6,0,0.00243031200079713,34.51253081146895,0.3549556406577657,0.21935488563258834,0.007611233158299899,0.18405687513161437,0.015996855813372415,0.015750921168537293,-0.008914811611524798,0.008914811611524798,-0.0013967286667072032,0.0013967286667072032,-0.0052163452707098545,0.0052163452707098545,0.01192555251322815,0.01192555251322815,-0.010619587260518926,0.010619587260518926,0.003244503389020159,0.003244503389020159,0.006036525348063779,0.006036525348063779,-0.009664112049327085,0.009664112049327085,50.39740273390594,4.81165658508859,0.007607026620483422,3.387693328321468,0.10235975836553073,0.024809151765747616,4.663810884885129,1.1876422280874783,17.591539980978336,0.14559851553218447,0.04053522264699464,-0.002397782272770153,0.07258489381633951,0.004280390783779518,0.08725098683573833,-0.006794658874875319,-0.7983337442848454,-0.07211804591896351,0.16633778259541335,0.005654179591693043,-0.5007122970761173,-0.025914383456451733,-0.5156006316780276,0.013260826176467004
81,1.62,0,0.002425212998787174,34.04334825422983,0.35396684406646667,0.21795927632612982,0.010781994469174598,0.19751505349914872,0.015713593896111714,0.016798550955263305,-0.008834998542139483,0.008834998542139483,-0.0062736636159161085,0.0062736636159161085,-0.0049252239712604395,0.0049252239712604395,0.011999321327251598,0.011999321327251598,-0.010511953260350149,0.010511953260350149,-0.0029793209395725384,0.0029793209395725384,0.005839592569473313,0.005839592569473313,-0.009485377876252359,0.009485377876252359,50.11701067934972,4.750624613661021,0.015265220901644378,3.9012196358771574,0.09876681325276772,0.028219131419657765,4.350657046492503,1.1698575368681228,17.575179835848303,0.1428035236697246,0.042231000853687264,-0.002297297124973739,0.06302619995012124,0.0038697954996851974,0.07735212702228801,-0.006537203932510868,-0.8180072565016185,-0.13974959312299598,0.0847889103346314,0.005024257389820716,-0.47793469331091265,-0.0205297642047161,-0.49494299067251624,0.012872747118222632
82,1.6400000000000001,0,0.002418813997792313,33.582284612580544,0.35297849857541097,0.2165502734028144,0.014685922861350148,0.212802689242401,0.01553443165479385,0.021317781323227702,-0.008812318805718478,0.008812318805718478,-0.011347287138161577,0.011347287138161577,-0.004612898452086234,0.004612898452086234,0.012189980563927772,0.012189980563927772,-0.010512766772107662,0.010512766772107662,-0.009508971981257858,0.009508971981257858,0.0056448655227428705,0.0056448655227428705,-0.009309710030918522,0.009309710030918522,49.83752818262055,4.689402091083366,0.02832092078954661,4.528498454879788,0.09652742673498446,0.04544478005449558,4.114850203816872,1.2167887499201138,17.558213919632,0.1382950890492847,0.04191637305763593,-0.002224909465002314,0.05379853033594384,0.003563496039490581,0.06770130434610866,-0.0062904462288785636,-0.8482958108154437,-0.22542173102199697,-0.015731389802567337,0.003619382998571244,-0.46138348070886936,-0.015314973009730806,-0.4825411338089668,0.012337885181615195
83,1.6600000000000001,0,0.0024525079970771912,33.130859659826264,0.3519275857890933,0.21425306304769604,0.01926697378136464,0.22722480935778044,0.015585165349973,0.027960166741912824,-0.008957832333580162,0.008957832333580162,-0.016323539344911653,0.016323539344911653,-0.0043361855902106505,0.0043361855902106505,0.012224265663267557,0.012224265663267557,-0.01068145152899136,0.01068145152899136,-0.01677720304693503,0.01677720304693503,0.005455154134442256,0.005455154134442256,-0.009187261529229537,0.009187261529229537,49.541210255735834,4.590437502532001,0.048745204494658564,5.163111398767966,0.09715895159439959,0.07817709242355679,3.95823944332853,1.3479079385842176,17.54039223933298,0.1317950882781068,0.03939382039661808,-0.0021945899177733953,0.04478115312987415,0.0033328218693911924,0.05813490562951345,-0.006057210572838661,-0.8910840149508947,-0.325000038558894,-0.1261276330508919,0.001515977361445897,-0.4508688603034847,-0.011533708504969407,-0.4783199358297605,0.01166178280199514
84,1.68,0,0.0024822039995342493,32.683026959434606,0.3509381790803303,0.21108249178075478,0.024366221627024925,0.24110000147154112,0.0157551259152346,0.03589741486503145,-0.009116650305665275,0.009116650305665275,-0.021151837831507675,0.021151837831507675,-0.004043318529227291,0.004043318529227291,0.012100890781429475,0.012100890781429475,-0.011003334996357528,0.011003334996357528,-0.02473134999931928,0.02473134999931928,0.005262021858397312,0.005262021858397312,-0.009118822284092776,0.009118822284092776,49.263042214487186,4.45558183363724,0.07796169344374884,5.812921070957712,0.09928959704195875,0.12886243939921807,3.8844374977225695,1.565659513013085,17.52147574619721,0.12316594008128254,0.03465251212455667,-0.002217006523757005,0.03588973813717684,0.0031423049770938727,0.04852519013453092,-0.005839958970289559,-0.9458246567884638,-0.4314574098412131,-0.23706541360307082,-0.0011208302991804375,-0.4445707496348657,-0.009525844614865987,-0.48048577474912657,0.010862580127455109
85,1.7,0,0.0024203139983001165,32.22044030410562,0.3499088052273003,0.2079285034819003,0.029441441024055267,0.2574632548734311,0.016142677209644966,0.0445319601561265,-0.00941775774243142,0.00941775774243142,-0.026022223815184084,0.026022223815184084,-0.003766113987985653,0.003766113987985653,0.012087769887052182,0.012087769887052182,-0.011488027019200597,0.011488027019200597,-0.0328301395882008,0.0328301395882008,0.0050728184705624724,0.0050728184705624724,-0.009055776986886865,0.009055776986886865,48.974468790238696,4.323426256022262,0.11382116061554978,6.628732761002132,0.10423441099791637,0.19830954753468383,3.9150932100710056,1.8454942905056273,17.501264233345484,0.11241397532542813,0.02803431393004598,-0.0022961600740981393,0.02713910566191072,0.002987987700659377,0.03884822421686779,-0.00564032480839372,-1.0105756425863943,-0.5375982377927199,-0.3309099097255348,-0.003957677517056743,-0.4375316237633062,-0.007715863821724807,-0.48384829588315664,0.009981708094791923
86,1.72,0,0.0024466100003337488,31.73159595610369,0.3488979997510329,0.2032109887790713,0.03400742089340399,0.24620564669820508,0.016779809352906395,0.05490027337080566,-0.009774794862520586,0.009774794862520586,-0.029619836469934782,0.029619836469934782,-0.003538716559937205,0.003538716559937205,0.010628842728537891,0.010628842728537891,-0.012231562504031235,0.012231562504031235,-0.04408942807896579,0.04408942807896579,0.0048868958587153614,0.0048868958587153614,-0.008936181377144508,0.008936181377144508,48.6919256921087,4.129470596056783,0.15186310557445995,6.0617220466081365,0.11262480076795396,0.3014040016189193,3.434342143003176,2.131700535452301,17.479310620926192,0.10012588812518385,0.020551847990897838,-0.002425361874565792,0.01868942892143985,0.0028972869022150186,0.02924199727243284,-0.005458172436599892,-1.0976806209646393,-0.6144043600122138,-0.374123296957407,-0.006460090023382643,-0.42248383702354325,-0.004535039922217909,-0.4803113472217471,0.009107618589691377
87,1.74,0,0.0025256970002374146,31.25822410339216,0.34794942677224117,0.1985315589141953,0.03856586103009302,0.23733419161440356,0.017643107992713618,0.06591586288525776,-0.010142506477124225,0.010142506477124225,-0.033222620228997635,0.033222620228997635,-0.0033458819136937823,0.0033458819136937823,0.00926501816215533,0.00926501816215533,-0.013232883518577099,0.013232883518577099,-0.05547475257920059,0.05547475257920059,0.004701562507022082,0.004701562507022082,-0.008824383817542643,0.008824383817542643,48.42752143645248,3.9414779884900595,0.1953039144211111,5.632751850926241,0.12451170385702204,0.43449009799081006,3.091398628897674,2.431334587174104,17.455190088879778,0.08681720820533177,0.01282445430121707,-0.0025959918482796945,0.010645638213521618,0.002844780954407229,0.01980069046977343,-0.00529240251752359,-1.2060266023205704,-0.6654339959926038,-0.3863696844840383,-0.008531498685695107,-0.40218953539591173,-0.002625297390389467,-0.47206534013297036,0.008288495953815134
88,1.76,0,0.0023333270000875928,30.795757205421634,0.346942434884996,0.19398192997967587,0.04036781256919666,0.1781593833092853,0.018111276282863093,0.039752893662464275,-0.010311349119643154,0.010311349119643154,-0.01578763184458927,0.01578763184458927,-0.003178446532937862,0.003178446532937862,0.007573620410187341,0.007573620410187341,-0.013823785529364585,0.013823785529364585,-0.03468225398315959,0.03468225398315959,0.004527122618443098,0.004527122618443098,-0.008415745231939192,0.008415745231939192,48.14762124957186,3.7628989158639867,0.21398105150833183,3.174076586114484,0.13120733143767965,0.15802925545391922,2.6452967045590117,2.5633507881341138,17.42934555101502,0.07350190908277911,0.005864797538040486,-0.002777180595799178,0.0033283723569696166,0.0028055829277443866,0.010965209132713684,-0.005138490511536054,-1.2922268932382406,-0.6657649561276336,-0.34798283815882913,-0.009059437375974175,-0.3658632928276001,-0.0019599013331421337,-0.4417740668529875,0.00769560029937672
89,1.78,0,0.002287134000653168,30.370787204857322,0.34608773581904523,0.18952549537861182,0.03952497259314492,0.08576378421739998,0.015524137162984473,0.030697145722163373,-0.008553630876139473,0.008553630876139473,0.02272702235480481,0.02272702235480481,-0.0030836039372733604,0.0030836039372733604,0.005548715107704105,0.005548715107704105,-0.011796147482741715,0.011796147482741715,0.01831796684963266,0.01831796684963266,0.0043791009138118295,0.0043791009138118295,-0.00771109989049751,0.00771109989049751,47.91068835374129,3.5919913398508205,0.2051389077514498,0.7355426683288745,0.09639953386206222,0.0942314755487733,3.15751631826633,2.391719674530003,17.403093082427688,0.06139611774521223,0.0008119162167412542,-0.002928774724129549,-0.0028217711511428815,0.0027572624339861195,0.003379546017636166,-0.00498981767663533,-1.3126234293663899,-0.605289566878344,-0.2526440660649616,-0.007579706416518528,-0.3075071754056249,-0.002416024687913316,-0.3792831557538758,0.00743364174503628
90,1.8,0,0.0022666380027658306,29.97400585632083,0.34521937018944604,0.1850334888193933,0.03886558768911948,0.1030461271623773,0.01264181880569829,0.09442892078729138,-0.006591111606937594,0.006591111606937594,0.06138527856918316,0.06138527856918316,-0.0030138149533296965,0.0030138149533296965,0.0036014393698592757,0.0036014393698592757,-0.009450673144813848,0.009450673144813848,0.07131948119457783,0.07131948119457783,0.0042396376069164365,0.0042396376069164365,-0.007016401687319631,0.007016401687319631,47.67056542159911,3.423739198467654,0.19835144197898374,1.0618504323164828,0.06392623308644277,0.8916821081052548,5.248795136580131,2.0190289189326034,17.377749151642917,0.05127469238277256,-0.0016423486260169645,-0.0030258872723885116,-0.0075131836889295485,0.0026852725713497477,-0.00251825954756016,-0.00484150317383634,-1.2671965392388334,-0.5060712681219837,-0.1227132421379109,-0.004855627412948117,-0.23457062688933336,-0.0035994931318186147,-0.29489027825981634,0.007415725139949468
91,1.82,0,0.00249080199864693,29.555109490183675,0.34425590521032284,0.17865616590743894,0.0381935915619174,0.09661376026525477,0.010795914435679,0.08562123030545482,-0.005288752781814843,0.005288752781814843,0.05550943726858392,0.05550943726858392,-0.00290801968157256,0.00290801968157256,0.00406439791233832,0.00406439791233832,-0.007957260536332167,0.007957260536332167,0.0647081385086448,0.0647081385086448,0.004099547390123125,0.004099547390123125,-0.0067849048262375675,0.0067849048262375675,47.40485130887151,3.191802561674634,0.19155164363887797,0.933421867259212,0.04662070740100088,0.7330995079019733,5.557785037881551,1.722268535870767,17.35354060323155,0.04285403244748047,-0.0018944197499803966,-0.003081647137732342,-0.010967643254450762,0.002601494487206098,-0.006981150111968559,-0.004694080123045728,-1.2104274205682062,-0.4210329967646044,-0.012603556198171613,-0.0027879932671915414,-0.1727229782760606,-0.0041889042071824745,-0.22314452822042,0.007371152539530617
92,1.84,0,0.002466705998813268,29.145916202311444,0.3432619584495531,0.1724430371100858,0.03771034954847414,0.08989966035759105,0.009123329153540085,0.07731824195303032,-0.0040759158125519,0.0040759158125519,0.050024411850446926,0.050024411850446926,-0.002780302807330881,0.002780302807330881,0.004585162480498744,0.004585162480498744,-0.006570941162348021,0.006570941162348021,0.058408796421509014,0.058408796421509014,0.003964176291908861,0.003964176291908861,-0.006561824696099869,0.006561824696099869,47.131508847449076,2.973660104775042,0.18673511779267013,0.8081948932410226,0.03329405393753377,0.5978110538707336,5.909077354336676,1.4727051925263497,17.330706197903623,0.035875100764965834,-0.00030892259576688927,-0.0031069269262137766,-0.013383098731301562,0.002515577274988477,-0.010235216209516474,-0.0045480338553962165,-1.1417202663963923,-0.348946584125732,0.0792748577106754,-0.0012639894240717145,-0.12077277384253993,-0.004295860610881039,-0.1627033048773957,0.007302313382475597
93,1.86,0,0.0024029150008573197,28.74505461848114,0.3422050077569292,0.16639780354301087,0.0373810885053149,0.08237425669845222,0.007738509946268583,0.06846824964945832,-0.0030391168202282826,0.0030391168202282826,0.04406053583528487,0.04406053583528487,-0.0026724792575326117,0.0026724792575326117,0.004703258133242066,0.004703258133242066,-0.005367872325431122,0.005367872325431122,0.051808453106320845,0.051808453106320845,0.0038330283663745475,0.0038330283663745475,-0.00635090085187713,0.00635090085187713,46.84170693356798,2.7688229023938433,0.18348846642907496,0.67855181666225,0.02395381447539911,0.4687901210060547,5.852429401925083,1.2701547111957685,17.309312549524524,0.03009798224091835,0.002767115542720039,-0.0031098850086901135,-0.014943682903031661,0.0024309600218936065,-0.012487593002273659,-0.004403841498156087,-1.0696824189551817,-0.28885592620237366,0.15380190692434642,-0.00014790412381688505,-0.07802920858650506,-0.0042308626547435816,-0.11261883963785914,0.007209617862006418
94,1.8800000000000001,0,0.0025447940024605487,28.355950997797997,0.34107785687255093,0.1605679552660886,0.0371760267452145,0.07427918044054772,0.006592160032921699,0.05917271465292999,-0.002140061870259835,0.002140061870259835,0.03767938399798752,0.03767938399798752,-0.0025718264966059223,0.0025718264966059223,0.004412883486165697,0.004412883486165697,-0.004304470427742291,0.004304470427742291,0.04499289251876648,0.04499289251876648,0.0037059346863049275,0.0037059346863049275,-0.006151443981824988,0.006151443981824988,46.533641779508926,2.5782068258332624,0.1814808596169408,0.5517396646919447,0.017382629559860082,0.3501410159397075,5.39375632939343,1.1154414706888847,17.2892543274867,0.02530554516659176,0.007011747720075046,-0.0030964647280978877,-0.01581808609563817,0.0023465128967552168,-0.0139256256304984,-0.004261956613468254,-1.0029111018912378,-0.23962185371632974,0.2122316088677504,0.0006710140296113001,-0.043720159630325425,-0.004222356256919449,-0.07190163141123722,0.007094244234391681
95,1.9000000000000001,0,0.0024532080024073366,27.981809595207217,0.33989841694179657,0.15493617583838756,0.03707373006543816,0.06666808206371397,0.005685470054429621,0.05070397776699751,-0.0013734965661089116,0.0013734965661089116,0.03187891198530567,0.03187891198530567,-0.002478777846328495,0.002478777846328495,0.004162006120900052,0.004162006120900052,-0.003384806878776181,0.003384806878776181,0.03875312213962995,0.03875312213962995,0.0035828507790087354,0.0035828507790087354,-0.005958318681459225,0.005958318681459225,46.21237353581574,2.4005218583423744,0.18048347777439788,0.44446331660540994,0.012929827895926381,0.25708933613961776,4.9853644890940645,0.9927081494602834,17.270439210815844,0.021311765531288576,0.012147028122765904,-0.0030714528640887057,-0.016150289824728718,0.0022618611343347213,-0.014710314585882109,-0.0041227579491307145,-0.9407558335426253,-0.19968898176515923,0.25676402013454286,0.0012505932004591067,-0.016610186454527356,-0.004232588121024768,-0.039234447769185325,0.0069599332168770135
96,1.92,0,0.0022787360030633863,27.621088142338742,0.3386618616937995,0.1495030509665938,0.0370171962752526,0.05955349554521082,0.005001580276677551,0.04271537871071625,-0.0007299990063671657,0.0007299990063671657,0.026450270142881226,0.026450270142881226,-0.0023933429536001083,0.0023933429536001083,0.0038651247835661973,0.0038651247835661973,-0.0025995944511582048,0.0025995944511582048,0.032813906908868005,0.032813906908868005,0.0034636577357921817,0.0034636577357921817,-0.005770191639115944,0.005770191639115944,45.87674262636407,2.235116224831994,0.17993345837011898,0.3546618831653444,0.010006322105619952,0.18246035783999104,4.498692923911367,0.8962494028947512,17.252729038761863,0.017959087100804242,0.017935066258924878,-0.00303860479840478,-0.016063676878359606,0.002176646385133512,-0.014981115501600356,-0.003986547210964136,-0.8855086026989093,-0.16763392152421686,0.28940190680794853,0.0016424032841962934,0.004330647318455395,-0.0042607374600604755,-0.013540045785912365,0.0068105369083289215
97,1.94,0,0.0022687370001222007,27.273663061683806,0.3373664958794129,0.14427981224725628,0.03699606351674661,0.05311739895679691,0.004507799420408522,0.03558650046209796,-0.000192854538460574,0.000192854538460574,0.02160845239650646,0.02160845239650646,-0.002313022648752161,0.002313022648752161,0.0035994452403557897,0.0035994452403557897,-0.0019293600838456992,0.0019293600838456992,0.027482659822681017,0.027482659822681017,0.00334821723232723,0.00334821723232723,-0.005587593685951667,0.005587593685951667,45.52646101678156,2.081666422210352,0.17972807247907607,0.28214580719355287,0.008128102245854162,0.1266399015138898,4.061624412110111,0.8179934193165126,17.235996315808375,0.015117238731163796,0.024174657042562643,-0.003000837410255558,-0.01566068396361648,0.0020914406740539125,-0.014854699206816636,-0.0038535651544071236,-0.8366361476744614,-0.14209241848202214,0.31197953918188837,0.0018883694074611091,0.020149645737156448,-0.004260285553979984,0.006320814739186062,0.006649102827850594
98,1.96,0,0.0023994170005607884,26.938188010459076,0.336025003786986,0.1392642270425401,0.036968770844442306,0.04788430300605499,0.004171115870170108,0.029858512204248885,0.00025048334396698957,0.00025048334396698957,0.01771892032288556,0.01771892032288556,-0.0022353102456634244,0.0022353102456634244,0.00359177180011751,0.00359177180011751,-0.0013653972650243817,0.0013653972650243817,0.02313861202355161,0.02313861202355161,0.0032364400366878595,0.0032364400366878595,-0.005410584312433002,0.005410584312433002,45.16512126801758,1.9394524933756154,0.17946299292356713,0.22929064743756866,0.006959283040953975,0.08915307510512795,3.7019913497235732,0.7512290820423545,17.2201406913626,0.012683403920633843,0.030697621758874995,-0.002960381569748332,-0.015022082169057208,0.002009474325389506,-0.014424314385818201,-0.003723999832313087,-0.7927812222888868,-0.12169174052649774,0.32614823581561747,0.002022792025361288,0.031930089727963545,-0.004098317433220314,0.02151924104992168,0.006478266104701841
99,1.98,0,0.0024251120012195315,26.61303693331996,0.3346290513326529,0.13446884681718727,0.036911371879949,0.04401291586524397,0.003938795885634384,0.025500871236402555,0.0006468041734472574,0.0006468041734472574,0.014753698740185322,0.014753698740185322,-0.0021401876323368096,0.0021401876323368096,0.003839030758862327,0.003839030758862327,-0.0008543765605207865,0.0008543765605207865,0.01975950822380392,0.01975950822380392,0.003128161597668316,0.003128161597668316,-0.005238939290101716,0.005238939290101716,44.790640798316495,1.808187076434417,0.17890614491965512,0.19371367629610442,0.006205645211476138,0.0650294433815583,3.410571081050616,0.69145180893093,17.205087980811207,0.010576667945443378,0.03736404640584576,-0.002918903669022371,-0.014210957522133276,0.0019354957047761673,-0.01376395100306379,-0.00359799053620642,-0.7526355275697507,-0.10533679875952326,0.3333212323485385,0.0020738950362980345,0.040556232346196534,-0.0036989310306669364,0.033018169137720786,0.006300464805333356
100,2.0,0,0.0024592070003564004,26.29679887643845,0.33318574445917454,0.12909433537863815,0.03681382616074334,0.04138641767297301,0.0038018386770386735,0.021972097686548314,0.0009723817286309,0.0009723817286309,0.01227486535275829,0.01227486535275829,-0.0020464708881964833,0.0020464708881964833,0.004087631587143757,0.004087631587143757,-0.0004240966040208738,0.0004240966040208738,0.017020035465661845,0.017020035465661845,0.0030233342643965475,0.0030233342643965475,-0.005070544159582233,0.005070544159582233,44.40509612432574,1.6665347426852304,0.17796180348215912,0.17128355678017726,0.005781590930490868,0.04827730767472217,3.148845451064583,0.6368338225352914,17.190771670177167,0.00873018026493028,0.04405675569122283,-0.002877592993844253,-0.013279879847848617,0.0018725827090152536,-0.012934879929881272,-0.00347561646191525,-0.7158155317020236,-0.09232438402565475,0.3346354642688533,0.002065533758905891,0.04655388371423306,-0.0031456497880456825,0.04145355365912585,0.006118703714558509
101,2.02,0,0.0024052160006249323,25.988737921904853,0.3317007507128431,0.1226594006440087,0.03665877572138048,0.03881385554891908,0.0037266591501274302,0.017633037060914538,0.0012178790356860425,0.0012178790356860425,0.009331996144437006,0.009331996144437006,-0.0019647182564536125,0.0019647182564536125,0.0038485053779918022,0.0038485053779918022,-8.369589470769156e-05,8.369589470769156e-05,0.01359959252469233,0.01359959252469233,0.0029219233812049026,0.0029219233812049026,-0.004906927090318253,0.004906927090318253,44.010155209385466,1.5045328566347438,0.17646590092395276,0.1506515382572356,0.0055551953684913995,0.031092399599158552,2.9133799591942156,0.5861141746909091,17.177132133554384,0.00707869760848417,0.05067388504203069,-0.002837290969766101,-0.012280145017231507,0.0018182066868473136,-0.01199851693437135,-0.0033569219532547058,-0.68197683113921,-0.08257413282230558,0.33085646754039266,0.002015101203907609,0.0499867415308554,-0.0027188011083970048,0.046818149775496046,0.005934725433027181
102,2.04,0,0.002264337999804411,25.6884204701304,0.3301689266416285,0.11683904013424104,0.03643013294736081,0.037681866039059854,0.0036804188300831034,0.013988168838125144,0.0014045189585747964,0.0014045189585747964,0.006819565478627492,0.006819565478627492,-0.001887748148893753,0.001887748148893753,0.0036289584147721856,0.0036289584147721856,0.00018829595578617742,0.00018829595578617742,0.010651317807517484,0.010651317807517484,0.002823784839398538,0.002823784839398538,-0.004747892576051253,0.004747892576051253,43.60460804787402,1.3651361299490785,0.1742715107914738,0.1419923028185652,0.00541819310593211,0.01956688674438953,2.7013819809752055,0.538698696248194,17.164115910284632,0.0055707325822658025,0.057133058006842125,-0.0027985516766786413,-0.011252302516552634,0.0017702893843084219,-0.0110040049554814,-0.003241920655453973,-0.650811163487659,-0.07539825131091837,0.3229586482405715,0.0019369646543729874,0.05139212503394362,-0.002395865126944579,0.04972559894449758,0.005750064890036653
103,2.06,0,0.0024758039980952162,25.394855023211022,0.3285903287191794,0.11171984029601724,0.036116214671779556,0.03803256065717931,0.003643734239819772,0.011003932173586282,0.0015409102681473441,0.0015409102681473441,0.004697375423532048,0.004697375423532048,-0.001815168980598303,0.001815168980598303,0.0034277637783360886,0.0034277637783360886,0.0004013223119365694,0.0004013223119365694,0.008134669502863168,0.008134669502863168,0.0027288269878775126,0.0027288269878775126,-0.004593340284629414,0.004593340284629414,43.188641651111354,1.2481322715767595,0.17128105741033303,0.1446475670142023,0.0053107196841739885,0.012108652328088729,2.510336596168116,0.49429834945391,17.151675086565096,0.004166414694028611,0.0633684071041942,-0.0027617109075487914,-0.010227758615480757,0.0017271435724687556,-0.009989975067462308,-0.0031306002104982676,-0.6220411859769772,-0.0702158944118595,0.31176745486760316,0.0018420384564925177,0.051227195053593924,-0.00215729059198332,0.05070149440095457,0.005566022247785279
104,2.08,0,0.002407015999779105,25.10709388817047,0.32696516376276313,0.10738852066273687,0.0357082869190359,0.03974656869101914,0.003604870607788417,0.008655484404984497,0.0016348577766179817,0.0016348577766179817,0.002925188985744861,0.002925188985744861,-0.0017466137050315966,0.0017466137050315966,0.003243599956777459,0.003243599956777459,0.0005640157019938252,0.0005640157019938252,0.006008150118602661,0.006008150118602661,0.0026369601821849245,0.0026369601821849245,-0.004443182548054365,0.004443182548054365,42.7624873257642,1.153229437013106,0.1674337157274378,0.15797897227099028,0.00519803683955873,0.007491741028492982,2.33795645059593,0.4527834387964902,17.139766724188433,0.0028355687554305164,0.06932793559514956,-0.002726941806451098,-0.009230217757701638,0.0016874184091435472,-0.00898614145720377,-0.003022926542052216,-0.5954181188331266,-0.06654229692990475,0.29797642454776935,0.0017384550548846592,0.049877042888955836,-0.0019862581662604254,0.050191680512926995,0.005383683422302551
105,2.1,0,0.0023001320005278103,24.82423084301313,0.3252938040170654,0.10392450378971216,0.03520023435107076,0.042579909069170224,0.0035576150659899783,0.006925588710348796,0.001693361556332873,0.001693361556332873,0.0014637503633864592,0.0014637503633864592,-0.0016817417058960227,0.0016817417058960227,0.0030751048029653808,0.0030751048029653808,0.0006841787043658787,0.0006841787043658787,0.00423058065348433,0.00423058065348433,0.002548096531223837,0.002548096531223837,-0.004297340066103688,0.004297340066103688,42.32642357275718,1.0800302487937894,0.16270316217366723,0.18130486563388043,0.00506264998310355,0.004796377898491069,2.1821626080836904,0.41409436777479447,17.1283523343283,0.0015560139364766202,0.07497121195062977,-0.0026942990798073203,-0.008276965498947549,0.0016500497477241899,-0.008014730917110488,-0.002918847719846284,-0.5707194930063562,-0.06397774094769484,0.2821638177740099,0.0016321363321888638,0.04766261293770463,-0.0018684330709678528,0.04857052700466399,0.005203941110296586
106,2.12,0,0.002450109001074452,24.545401352159487,0.32357680049004645,0.10139097910509849,0.0345882571324488,0.04624479520273514,0.003499410374359596,0.005788505206979089,0.0017226365636006102,0.0017226365636006102,0.00027553168326555923,0.00027553168326555923,-0.0016202396098367045,0.0016202396098367045,0.002920917425874066,0.002920917425874066,0.000768790317435597,0.000768790317435597,0.002762055974518986,0.002762055974518986,0.0024621497299017634,0.0024621497299017634,-0.0041557385634313024,0.0041557385634313024,41.88077832615012,1.0280130643890517,0.15709495626977824,0.21385810833429147,0.004898349187270226,0.003350679253122401,2.041069564722434,0.3781906193587736,17.117397394129654,0.0003120781558011126,0.0802673794328332,-0.002663753480603662,-0.007379999478507005,0.0016142154303387063,-0.007091751381927808,-0.002818297406512924,-0.5477470099322319,-0.062196789033775374,0.2648083741101706,0.0015272799601829235,0.04484830102202708,-0.0017917158692741853,0.04614897675913394,0.005027515666668015
107,2.14,0,0.0024674070009496063,24.269784490060132,0.321814893955531,0.09982584840133413,0.03387060274838934,0.05047424148320988,0.0034299582404407987,0.005174643704312913,0.001728147197265939,0.001728147197265939,-0.0006747457814247859,0.0006747457814247859,-0.0015618212613192073,0.0015618212613192073,0.0027797099060796354,0.0027797099060796354,0.0008240314369259982,0.0008240314369259982,0.0015646352087823779,0.0015646352087823779,0.0023790349586331376,0.0023790349586331376,-0.004018306247477411,0.004018306247477411,41.425930388643856,0.9965200009046141,0.1506436169019972,0.2547649053305384,0.0047058454124670945,0.0026776937466585263,1.9129722022980993,0.34502454733288435,17.106870904012936,-0.0009066835863517073,0.08519345711578331,-0.0026352182066338007,-0.006547017137784676,0.0015792954685892844,-0.006228106968228948,-0.0027211978996896356,-0.5263245058361717,-0.060938087107640995,0.24630388414750629,0.0014267636984930977,0.041649117036116526,-0.0017459980874710754,0.04318222068494303,0.00485497534116444
108,2.16,0,0.00247470400063321,23.996605877726964,0.3200090231737775,0.09923462664718063,0.033047335496419375,0.05504922093214934,0.0033502552449228384,0.0049493197643331235,0.0017146522816374188,0.0017146522816374188,-0.0014197739699894772,0.0014197739699894772,-0.0015062270631976404,0.0015062270631976404,0.002650210519886199,0.002650210519886199,0.0008553241411016765,0.0008553241411016765,0.0006028144764812459,0.0006028144764812459,0.0022986688336835894,0.0022986688336835894,-0.00388497193181469,0.00388497193181469,40.9623099650541,0.984751112580533,0.14340945413569425,0.3030416725236588,0.004489684082453194,0.002449576612961848,1.7963335352079866,0.31453049173466086,17.096744983683703,-0.0021065821849892592,0.0897329052369153,-0.0026085687234961553,-0.005782270365243234,0.0015448369162509856,-0.005430569003882273,-0.0026274627893144486,-0.5062960164617601,-0.0599949299318776,0.2269724060565988,0.0013324741568822786,0.03823733862707205,-0.0017229276169149483,0.0398768982173338,0.004686755518759349
109,2.18,0,0.0024513080024917144,23.725141081351374,0.3181603300093541,0.09958735113138444,0.032120144540816985,0.05980014185319849,0.0032619583884794406,0.004949187518627661,0.0016862568022376068,0.0016862568022376068,-0.0019894676553000546,0.0019894676553000546,-0.001453222852799918,0.001453222852799918,0.002531219958630986,0.002531219958630986,0.0008673804306312816,0.0008673804306312816,-0.00015617679515322013,0.00015617679515322013,0.0022209693950472954,0.0022209693950472954,-0.003755663706023017,0.003755663706023017,40.49039823666444,0.9917640505365656,0.13547522025755715,0.3576056965662661,0.004256149011268555,0.0024494457094539814,1.6897727650357537,0.286622734833609,17.086994504879012,-0.0032907161350464466,0.09387442632912292,-0.002583657353304453,-0.005087298100130228,0.001510523168468177,-0.0047026138307942715,-0.0025369992549114017,-0.48752394023410406,-0.05920669750285937,0.20707605461038198,0.0012455685095850997,0.03474861325565028,-0.0017156873891404387,0.03639775865440005,0.004523176720152321
110,2.2,0,0.0022928329999558628,23.45471905420485,0.31627016124216634,0.10082055855454694,0.031092191411609404,0.06459838786479705,0.0031669821526134376,0.005040503091381139,0.0016464674491316056,0.0016464674491316056,-0.0024108901786270747,0.0024108901786270747,-0.0014025984536272795,0.0014025984536272795,0.002421621842810986,0.002421621842810986,0.0008642568947282436,0.0008642568947282436,-0.0007422203739008927,0.0007422203739008927,0.002145856120926835,0.002145856120926835,-0.003630308048610954,0.003630308048610954,40.01072595685835,1.0164785027250827,0.1269426467894685,0.41729517147307577,0.004011910381988816,0.0025406671414222814,1.5920535306955836,0.261198035260052,17.077596758897986,-0.004459740280471288,0.09761097358983435,-0.0025603237840369384,-0.004461548295834974,0.0014761473758266666,-0.004045138873793839,-0.002449710030722773,-0.46988729905162435,-0.058451207271242075,0.18682736303557115,0.0011666784633757488,0.031287490214762716,-0.0017187896320755161,0.03287374785002166,0.004364461209431439
111,2.22,0,0.002314430003025336,23.18472531707828,0.3143400669710266,0.10284379936571461,0.029967999039752325,0.06934656766150192,0.0030672519460350337,0.005140871035534701,0.0015982496455590467,0.0015982496455590467,-0.0027082688365718697,0.0027082688365718697,-0.0013541660167710745,0.0013541660167710745,0.002320388656772896,0.002320388656772896,0.000849412487250234,0.000849412487250234,-0.0011822640913334904,0.0011822640913334904,0.002073249959954616,0.002073249959954616,-0.003508829293755448,0.003508829293755448,39.52387108133979,1.057684706797536,0.11792893489605429,0.4808946446431263,0.00376321380018228,0.0026428555003999623,1.5020724282068083,0.23814006822648548,17.068531156969556,-0.005612499901295978,0.10093893896891196,-0.002538402468223755,-0.003902900636500496,0.001441589634589656,-0.003457068716914436,-0.002365495068156719,-0.4532800964212763,-0.05763798104123444,0.16639826895388093,0.0010960657906591677,0.02793238296672396,-0.0017278870618505368,0.02940350784397007,0.004210748128302695
112,2.24,0,0.002816651001921855,22.914604666808792,0.31237179559945366,0.10554882011676352,0.028753386655233883,0.07397044283966073,0.002964561058999661,0.005209271987389084,0.001544084268827628,0.001544084268827628,-0.0029030776653788813,0.0029030776653788813,-0.0013077582436356039,0.0013077582436356039,0.002226584070001093,0.002226584070001093,0.0008257672054235998,0.0008257672054235998,-0.0015003612893846401,0.0015003612893846401,0.002003073374079507,0.002003073374079507,-0.0033911493756407065,0.0033911493756407065,39.030455474410736,1.11405534280409,0.10856326418477738,0.5471626413895514,0.003515448909014876,0.0027136514638596613,1.4188479438370776,0.21732420110543926,17.059778961515367,-0.006746547762882874,0.10385749516116143,-0.00251772770378826,-0.003408101109439469,0.0014067976023895974,-0.002935862821813825,-0.0022842529254963194,-0.4376097727093387,-0.05670239307934488,0.14592780961247315,0.0010337382217747498,0.024739976353051297,-0.001739601610002936,0.026060294755030584,0.004062107133019982
113,2.2600000000000002,0,0.0026915700000245124,22.64386327760228,0.31036728547091236,0.10881912244767639,0.02745545827504469,0.07841294835750756,0.002860495212804213,0.005229989656190992,0.0014860227155200634,0.0014860227155200634,-0.003014169106614616,0.003014169106614616,-0.0012632265622355976,0.0012632265622355976,0.0021393624660664885,0.0021393624660664885,0.0007957599796358794,0.0007957599796358794,-0.0017177732257768396,0.0017177732257768396,0.0019352503865666928,0.0019352503865666928,-0.0032771877859202633,0.0032771877859202633,38.531140756233114,1.1841601410282383,0.09898337967649674,0.6148590470117147,0.003272973144990327,0.0027352791803864768,1.3415099470336558,0.19862176882105537,17.0513230463744,-0.007858560652189357,0.1063680678095234,-0.0024981370306437654,-0.0029731190375125328,0.0013717701883929274,-0.002477936150875337,-0.0022058819144236013,-0.42279575704853767,-0.05560064446532408,0.12552863241809809,0.0009795336572247333,0.021749103596346783,-0.0017513706998334912,0.02289633354692439,0.00391855055363591
114,2.2800000000000002,0,0.00244750800266047,22.372070117902005,0.3083286532863588,0.11253810815011174,0.026082657523797955,0.08262993299728148,0.002756400639304702,0.005200891491094123,0.0014257393333877988,0.0014257393333877988,-0.003057939329150711,0.003057939329150711,-0.0012204393129142677,0.0012204393129142677,0.0020579663701023893,0.0020579663701023893,0.0007614045151203008,0.0007614045151203008,-0.0018531165142253935,0.0018531165142253935,0.0018697066308482875,0.0018697066308482875,-0.003166861690317603,0.003166861690317603,38.026623374951846,1.2664825786006244,0.08933230947279097,0.6827705827135226,0.0030390977937437475,0.0027049272302135242,1.2692898582587895,0.18190348330375547,17.043147684073396,-0.008944670563929884,0.10847391656246128,-0.0024794734373230864,-0.0025934365329641617,0.0013365439755376582,-0.002079003393795137,-0.0021302810318720713,-0.4087681150502971,-0.05430549558702642,0.10529243764689289,0.0009331796660339425,0.01898412522741857,-0.0017613106427634669,0.019946637854009994,0.00378004412757651
115,2.3000000000000003,0,0.0023570230005134363,22.098857649119676,0.30625817949190204,0.11659494343606869,0.02464490895691837,0.08658714413174794,0.002653379609526301,0.0051264956026447995,0.0013645805468047723,0.0013645805468047723,-0.0030485148523020245,0.0030485148523020245,-0.001179279985512205,0.001179279985512205,0.0019817223499124493,0.0019817223499124493,0.0007243421848357467,0.0007243421848357467,-0.0019225409182976093,0.0019225409182976093,0.0018063693970419355,0.0018063693970419355,-0.003060086159662714,0.003060086159662714,37.51762900227763,1.3594380834860056,0.0797552572418306,0.749733352889209,0.002816169340899978,0.0026280957163936462,1.2015115625217265,0.1670418947621297,17.03523835825321,-0.010000724201846788,0.11017980603605343,-0.0024615867534879816,-0.002264279598599294,0.0013011820475182644,-0.0017343568020237456,-0.0020573507042176715,-0.3954662910091643,-0.05280268189584519,0.08529447367960852,0.000894334191755232,0.016457846718243362,-0.0017680964009696705,0.01723232958856956,0.00364651638271999
116,2.32,0,0.002229642999736825,21.82392180439118,0.30415829086987417,0.12088809756716482,0.023153877095872834,0.09025807135742377,0.0025523026492120866,0.0050141571143684045,0.0013036102497587243,0.0013036102497587243,-0.0029979505945978177,0.0029979505945978177,-0.001139645538513978,0.001139645538513978,0.0019100358638708059,0.0019100358638708059,0.000685891366469793,0.000685891366469793,-0.0019399256377973346,0.0019399256377973346,0.0017451676738486812,0.0017451676738486812,-0.002956774478797087,0.002956774478797087,37.00490636195319,1.4613932133408358,0.07039670487996075,0.81465194451618,0.002605699525270014,0.002514177156757128,1.1375830944937122,0.1539129796828404,17.02758159939692,-0.011022482920918852,0.11149175010171065,-0.0024443345061207094,-0.001980799314708379,0.0012657649127939049,-0.0014390868595888014,-0.001986993369001792,-0.38283794281449146,-0.051087935953603114,0.0655972032828622,0.0008626123683636239,0.014174014194545758,-0.0017708567362179942,0.014763497121747205,0.0035178667607939995
117,2.34,0,0.00223994200132438,21.547021268231735,0.30203154060385384,0.1253269854233092,0.02162339062628338,0.09362237594712823,0.0024538302270955092,0.004872032139975268,0.001243651237866794,0.001243651237866794,-0.002916431595042426,0.002916431595042426,-0.0011014448212365857,0.0011014448212365857,0.0018423854398316346,0.0018423854398316346,0.0006470928537138931,0.0006470928537138931,-0.0019170846560447137,0.0019170846560447137,0.0016860321842727395,0.0016860321842727395,-0.0028568385038438187,0.0028568385038438187,36.48922060781496,1.5706853275294355,0.06139775220016644,0.8765149277985412,0.0024085131133630387,0.002373669717295198,1.07698908225064,0.142397005248112,17.02016484204987,-0.01200577372275098,0.11241681518102421,-0.002427582438065468,-0.0017382107432226837,0.0012303832404253427,-0.001188254200878202,-0.0019191139173728362,-0.37083786735291513,-0.04916454009160648,0.046253253965676755,0.0008376034027620665,0.01212942857428476,-0.0017690836184281109,0.01254163293552996,0.0033939725814477587
118,2.36,0,0.0023726209983578883,21.26797609377539,0.29988058611835205,0.12983228880728198,0.02007010219727112,0.09666472249121037,0.002358439089300587,0.004708020039742895,0.0011853226059659328,0.0011853226059659328,-0.0028124724527830874,0.0028124724527830874,-0.0010645971124399467,0.0010645971124399467,0.001778316492382998,0.001778316492382998,0.0006087511605930018,0.0006087511605930018,-0.0018639737897718344,0.0018639737897718344,0.001628895414195863,0.001628895414195863,-0.002760189044416927,0.002760189044416927,35.97134637227454,1.6856423216937475,0.05289371267380435,0.934406857430271,0.0022248939751763923,0.0022165452694620684,1.01928390677936,0.13237884349854354,17.01297630177372,-0.012946600475089137,0.11296297033246272,-0.002411204825333681,-0.0015318963791589413,0.0011951321467343363,-0.00097702035669005,-0.0018536200183318645,-0.3594270138070214,-0.04704133761690786,0.027307757571926022,0.0008188806365893413,0.010315718203187123,-0.0017625546845502973,0.010561692209407612,0.0032746949520485874
119,2.38,0,0.0024200129992095754,20.9866657050288,0.29770816501795155,0.13433547724047062,0.018514483622821154,0.09937389134634203,0.0022664500410212833,0.004529243660214544,0.0011290731569102985,0.0011290731569102985,-0.002693110040609709,0.002693110040609709,-0.0010290307825923106,0.0010290307825923106,0.0017174350199432584,0.0017174350199432584,0.0005714716847975421,0.0005714716847975421,-0.0017888938354503198,0.0017888938354503198,0.0015736916333075246,0.0015736916333075246,-0.002666736252523139,0.002666736252523139,35.45206060734235,1.8046020445424997,0.04501197735051968,0.987517028131459,0.0020547183153781503,0.002051404813359364,0.9640855139619632,0.12374790257294517,17.006004870134863,-0.013841223187466965,0.11313897383267454,-0.0023950846819311643,-0.0013574802022574648,0.0011601067966027674,-0.0008007440927954296,-0.0017904223437485538,-0.3485715819432342,-0.04473113561889148,0.00880017501059066,0.0008060071701258614,0.008720808845073813,-0.0017512675065784462,0.008813813194731013,0.003159883729165547
120,2.4,0,0.0024126140015141573,20.703026338690865,0.29551706946953193,0.13877791845798226,0.016982283593731457,0.10174209155497835,0.002178055102438723,0.004341827946575003,0.0010752109560980827,0.0010752109560980827,-0.0025640863004485126,0.0025640863004485126,-0.0009946820821934432,0.0009946820821934432,0.0016594013673644893,0.0016594013673644893,0.0005356938080884888,0.0005356938080884888,-0.001698685671143623,0.001698685671143623,0.0015203569082570616,0.0015203569082570616,-0.002576390004279664,0.002576390004279664,34.93213533914406,1.925931065153037,0.03787015319863374,1.0351453193981595,0.0018975696117037417,0.0018851469917659702,0.9110698040572173,0.11639782101266885,16.999240026090032,-0.014686211955872152,0.11295428767505876,-0.0023791139055841333,-0.00121087764237474,0.0011253991079200223,-0.00065504931793198,-0.0017294347110339168,-0.33824220224138246,-0.04224943842025926,-0.00923430788078869,0.0007985388173515021,0.007330127994136237,-0.0017353844341372756,0.00728473874317248,0.0030493816357318494
121,2.42,0,0.0022747360017092433,20.41704798466028,0.2933101193854573,0.143109835634552,0.015506566375145919,0.10376442037552186,0.002093342754576613,0.004150844872104362,0.0010239292300890934,0.0010239292300890934,-0.002430018956205063,0.002430018956205063,-0.0009614940548461348,0.0009614940548461348,0.0016039241928354092,0.0016039241928354092,0.0005017200946656475,0.0005017200946656475,-0.0015989143846604904,0.0015989143846604904,0.0014688291081714684,0.0014688291081714684,-0.002489060264220652,0.002489060264220652,34.41233045356448,2.048042505534849,0.03157447723248026,1.0767054935868015,0.0017528335552553607,0.001722951315227507,0.859965519327352,0.11022604351464388,16.99267176219924,-0.01547848109800134,0.11241901292797692,-0.0023631933924145514,-0.0010883260799898315,0.0010910953716570372,-0.0005358697930246424,-0.001670574158358347,-0.3284131945396733,-0.03961345710645947,-0.026763737354091904,0.0007960256584791025,0.006127578119245426,-0.0017151868131492476,0.005958976245366876,0.002943027633778484
122,2.44,0,0.002282034998643212,20.128770887156417,0.2910901347757373,0.1472892629208699,0.014130304169301732,0.1054384325597549,0.002012320547782638,0.003960350326211271,0.0009753288509650182,0.0009753288509650182,-0.002294558810223916,0.002294558810223916,-0.0009294155709894114,0.0009294155709894114,0.0015507547389559217,0.0015507547389559217,0.0004697418069724568,0.0004697418069724568,-0.0014940404883573225,0.0014940404883573225,0.0014190479028870554,0.0014190479028870554,-0.0024046574249776812,0.0024046574249776812,33.89338662550276,2.169412697177314,0.026218503841749986,1.1117263060657978,0.0016197735948112863,0.0015684374706321717,0.8105495517907646,0.1051333681305733,16.986290524164428,-0.016215308038180914,0.11154384022012417,-0.002347233131314281,-0.0009863998639627152,0.001057274622865698,-0.00043947517889421594,-0.0016137609654178777,-0.31906190174032995,-0.0368413470089787,-0.043758635392636885,0.0007980130550135382,0.005096310801355818,-0.0016910374395669742,0.0048197307065213245,0.0028406596470234723
123,2.46,0,0.0025121990001935046,19.838281669941612,0.2888599076434764,0.15128107818387854,0.012908971923802456,0.10676379348953617,0.0019349347385272068,0.003773470103166319,0.0009294376747605582,0.0009294376747605582,-0.002160532951309018,0.002160532951309018,-0.0008984004762103148,0.0008984004762103148,0.0014996814759227124,0.0014996814759227124,0.00043986099720527694,0.00043986099720527694,-0.0013875770777648025,0.0013875770777648025,0.0013709547543875019,0.0013709547543875019,-0.002323092617575533,0.002323092617575533,33.376018497519084,2.2885964616476766,0.02188205958927194,1.1398507600276324,0.0014975889769437397,0.0014239076619490026,0.7626425985357137,0.10102352878780219,16.98008716226349,-0.016894340663482853,0.11034001076201963,-0.002331152277702598,-0.0009020132455518443,0.0010240076192867696,-0.00036248232085238016,-0.0015589186309979692,-0.31016809504732756,-0.0339516312650968,-0.06019147290522811,0.0008040426805841065,0.004219330920543546,-0.0016633501789464229,0.0038496429020917844,0.002742116720995408
124,2.48,0,0.002450408999720821,19.545709149809877,0.28662217380055555,0.1550561464111222,0.011911304173796258,0.10774199747273645,0.0018610868936668704,0.0035925097386192858,0.0008862270157343755,0.0008862270157343755,-0.002030073719381651,0.002030073719381651,-0.0008684068466918715,0.0008684068466918715,0.0014505251589163775,0.0014505251589163775,0.00041210945564995605,0.00041210945564995605,-0.0012822324223347374,0.0012822324223347374,0.001324492902035991,0.001324492902035991,-0.0022442779895580156,0.0022442779895580156,32.86090820566234,2.4042408539867357,0.018630457261202764,1.1608338019415145,0.0013854577703114402,0.0012906126222074407,0.7161051001935442,0.09780285459130707,16.97405289332028,-0.017513596152756522,0.10881928428443177,-0.0023148791999912585,-0.0008324141015921039,0.0009913563040067582,-0.00030185508781539825,-0.0015059738169745087,-0.3017134471600709,-0.03096277446368372,-0.07603632387939241,0.0008136538855669688,0.003479957197987021,-0.0016325657640005604,0.0030313616518490996,0.0026472407011730154
125,2.5,0,0.0024198129976866767,19.251219902501738,0.2843795849794374,0.15859058117406782,0.011214325541193773,0.10837613730603565,0.00179064758543256,0.003419073023087876,0.0008456255413467617,0.0008456255413467617,-0.0019047336667338947,0.0019047336667338947,-0.0008393963435135432,0.0008393963435135432,0.0014031343211797543,0.0014031343211797543,0.00038646480720327947,0.00038646480720327947,-0.0011800379666144754,0.0011800379666144754,0.0012796073422448309,0.0012796073422448309,-0.0021681269497180107,0.0021681269497180107,32.34869934123081,2.515097243712859,0.01651395900283075,1.174538713737669,0.0012825675100861828,0.0011690060337207265,0.6708334078668764,0.09538002913684233,16.96817927192366,-0.0180714536689576,0.10699391109273546,-0.0022983514891503644,-0.000775170849929534,0.0009593736466411135,-0.00025489556129023797,-0.0014548562669312714,-0.2936810698311977,-0.027892875810053983,-0.09126865958481548,0.0008263855420447344,0.002862162583128486,-0.0015991328682822394,0.0023479763262580144,0.002555877502161892
126,2.52,0,0.0024301119992742315,18.955013644647213,0.282134681612171,0.16186511797720654,0.010888214603534353,0.10867071451576123,0.0017234674167852682,0.0032541799395261416,0.0008075308680121074,0.0008075308680121074,-0.0017855870483848067,0.0017855870483848067,-0.0008113336570899632,0.0008113336570899632,0.0013573812081605326,0.0013573812081605326,0.00036286404787100324,0.00036286404787100324,-0.0010824620911923557,0.0010824620911923557,0.0012362448032504705,0.0012362448032504705,-0.0020945543794131773,0.0020945543794131773,31.83999142736043,2.6200316417774987,0.015567476832761957,1.1809324193366075,0.001188135974688194,0.0010589687078814362,0.6267561341025526,0.09366595891300482,16.96245816967975,-0.018566642791883418,0.10487660611730323,-0.0022815159212321865,-0.0007281545447575539,0.0009281037738011272,-0.00021922890462200696,-0.0014054987062621926,-0.2860551121956576,-0.024759456146290954,-0.10586524877161194,0.0008417783959089029,0.0023508152585990103,-0.0015634936419993061,0.0017833328334115506,0.0024678780334539286
127,2.54,0,0.0024412099992332514,18.65731849427756,0.2798898666389212,0.16486458725040404,0.010972872357988155,0.10863148203066127,0.0016593856818386027,0.003098378344029438,0.0007718191270444374,0.0007718191270444374,-0.0016733185818897764,0.0016733185818897764,-0.0007841860329267369,0.0007841860329267369,0.001313158145769486,0.001313158145769486,0.00034121480604720755,0.00034121480604720755,-0.0009905102545365648,0.0009905102545365648,0.001194353715662207,0.001194353715662207,-0.002023476811359632,0.002023476811359632,31.33533497886123,2.718033212924608,0.0158104975959264,1.180079888817788,0.0011014243364363856,0.00095999483627506,0.5838306536930951,0.09257374939492304,16.956881761353856,-0.01899822914240846,0.10248052340055494,-0.0022643283637512157,-0.0006895177755490295,0.0008975823141484286,-0.0001927838329262118,-0.0013578367294618382,-0.2788204162946729,-0.021579317526252126,-0.11980413583741512,0.000859377874048506,0.0019318384604262264,-0.00152607298263493,0.0013222535847897576,0.002383098840017712
128,2.56,0,0.0022684379982820246,18.358386170909704,0.2776473806954748,0.16757747288048833,0.01146059299743634,0.10826531275921578,0.001598236992867199,0.002951845946979847,0.0007383527554066238,0.0007383527554066238,-0.0015683003555417518,0.0015683003555417518,-0.0007579228700113627,0.0007579228700113627,0.0012703743266618906,0.0012703743266618906,0.00032140460095642087,0.00032140460095642087,-0.0009048123267682806,0.0009048123267682806,0.0011538841794350144,0.0011538841794350144,-0.0019548125774599165,0.0019548125774599165,30.835227202823155,2.8082209417010797,0.017247218410846837,1.1721377946850808,0.0010217445941476748,0.0008713394494701347,0.5420397296806992,0.09201878008989432,16.951442516829157,-0.019365598299826776,0.0998192299170527,-0.0022467536188087093,-0.0006576716773991576,0.0008678368962087751,-0.0001737702460045125,-0.0013118086792820941,-0.2719622262346257,-0.018368457870915386,-0.13306467417511167,0.0008787372471253867,0.001592304907493587,-0.0014872708969826726,0.0009506793460849634,0.0023014025089872084
129,2.58,0,0.002262738002173137,18.058487194200918,0.27540927901199147,0.16999554249875296,0.012300205537804086,0.1075800888484912,0.0015398562047540362,0.002814480630371665,0.0007069867482957792,0.0007069867482957792,-0.0014706578466536714,0.0014706578466536714,-0.0007325153834781273,0.0007325153834781273,0.0012289529919381726,0.0012289529919381726,0.0003033083544210502,0.0003033083544210502,-0.0008256980496747174,0.0008256980496747174,0.001114787927885816,0.001114787927885816,-0.0018884819276823522,0.0018884819276823522,30.34010838636198,2.889848446944532,0.019866877829308956,1.1573475516649256,0.0009484628525278016,0.0007921301218737283,0.5013882485990796,0.0919188650299575,16.946133197880194,-0.01966843883067636,0.09690667798883078,-0.002228765198320661,-0.0006312620889738117,0.0008388877483989263,-0.00016065527661739172,-0.0012673555215390734,-0.26546594744816976,-0.015142026542479328,-0.14562759641109618,0.0008994210244023955,0.0013204794212672978,-0.0014474573904924377,0.0006557484693560406,0.0022226578871510595
130,2.6,0,0.0024192130003939383,17.75790613769444,0.2731774103336366,0.1721135370626069,0.013418701358386229,0.10658460742329674,0.001484081948444117,0.00268597817898387,0.0006775735913627234,0.0006775735913627234,-0.0013803260500698366,0.0013803260500698366,-0.0007079363236393577,0.0007079363236393577,0.0011888289813015728,0.0011888289813015728,0.00028679439342760293,0.00028679439342760293,-0.0007532616270446947,0.0007532616270446947,0.001077018289332169,0.001077018289332169,-0.0018244071223045457,0.0018244071223045457,29.85035900663683,2.962306964020135,0.023644267216462483,1.1360278539578281,0.0008809996918790746,0.0007214478777977506,0.46190005652441013,0.09219448247688507,16.940946858829232,-0.01990672502085109,0.09375717584754498,-0.0022103450293233236,-0.0006091456629139659,0.0008107483605108073,-0.00015213874074984334,-0.001224420718581949,-0.25931695254840104,-0.011914309508736412,-0.1574751070642893,0.00092100844986684,0.0011058213029922906,-0.0014069693944059563,0.0004258267933774191,0.0021467401478562093
131,2.62,0,0.002455708003253676,17.45693699123541,0.27095339814758324,0.17392890893844254,0.014742720546259342,0.10528849942743453,0.001430759054256643,0.0025658972822256397,0.0006499670703613014,0.0006499670703613014,-0.0012970967210591672,0.0012970967210591672,-0.0006841597440133129,0.0006841597440133129,0.0011499466220901676,0.0011499466220901676,0.0002717291608866912,0.0002717291608866912,-0.0006874164769972166,0.0006874164769972166,0.001040530146886078,0.001040530146886078,-0.001762512499997271,0.001762512499997271,29.3662975870891,3.0251265364517033,0.0285404062522009,1.1085668111680878,0.0008188285885349451,0.0006583828862932922,0.4236148938302658,0.09276905644446062,16.93587685022325,-0.020080699724123574,0.09038535612020984,-0.0021914830898597994,-0.0005903665384520776,0.0007834261743269534,-0.0001471287508615709,-0.001182950103774596,-0.2535004302991131,-0.008698735163624502,-0.16859098636675662,0.0009430969731761933,0.0009389562230944107,-0.0013661093091926948,0.00025049949441362143,0.0020735307403676453
132,2.64,0,0.002386618001764873,17.15587868224516,0.2687386244702659,0.17544159936958295,0.0162098236536221,0.1037021588680422,0.0013797401093933466,0.002453712263748154,0.0006240251359401205,0.0006240251359401205,-0.0012206577145985893,0.0012206577145985893,-0.0006611608115715262,0.0006611608115715262,0.0011122579263591276,0.0011122579263591276,0.0002579808313467602,0.0002579808313467602,-0.0006279411729697307,0.0006279411729697307,0.0010052798968861326,0.0010052798968861326,-0.0017027245242844575,0.0017027245242844575,28.88817931286824,3.0779754789357243,0.03450336593907834,1.075413775389266,0.0007614731077875054,0.0006020703873268091,0.3865854316410857,0.09356927263753928,16.930916824738276,-0.020190857601528115,0.0868061421870811,-0.002172176978247412,-0.0005741340231995,0.0007569232782195728,-0.00014471806341737547,-0.0011428917587809773,-0.24800127424844912,-0.005507893870227085,-0.1789606966564375,0.0009653055806194055,0.0008116257626288817,-0.001325144805369034,0.0001205343722097707,0.0020029172496809486
133,2.66,0,0.002522597002098337,16.855030802221144,0.2665342164138743,0.17665384773802306,0.017770944162593384,0.10183668033685797,0.0013308863558675055,0.0023488544506142916,0.0005996119816481515,0.0005996119816481515,-0.0011506253616934213,0.0011506253616934213,-0.0006389156530443585,0.0006389156530443585,0.0010757210650222193,0.0010757210650222193,0.0002454220078873526,0.0002454220078873526,-0.0005745175705132684,0.0005745175705132684,0.0009712254064004435,0.0009712254064004435,-0.001644971810894473,0.001644971810894473,28.41619540774319,3.120658192064863,0.04146922207631831,1.0370709462031393,0.0007085033968937152,0.0005517117230170565,0.35087441690098803,0.09452541223293372,16.926060744586106,-0.020237928920411482,0.08303471248810128,-0.0021524314205035736,-0.0005598015967762034,0.000731237086644196,-0.00014416157425884468,-0.0011041958949756527,-0.24280400760836873,-0.0023535659441683288,-0.18857148494899015,0.0009872778871919436,0.0007166213211648346,-0.001284309578768831,2.782445792653867e-05,0.0019347931902662316
134,2.68,0,0.002265438000904396,16.554689580616753,0.26434103571224127,0.17757002633974375,0.01938870785592355,0.09970380317598744,0.0012840680983012196,0.0022507434130353437,0.0005765994744142966,0.0005765994744142966,-0.00108657076852743,0.00108657076852743,-0.0006174012317439193,0.0006174012317439193,0.0010402990887108143,0.0010402990887108143,0.00023393165647711545,0.00023393165647711545,-0.0005267620697248359,0.0005267620697248359,0.000938325970182554,0.000938325970182554,-0.001589185138437418,0.001589185138437418,27.95047326456816,3.1531114254297283,0.04936312182851923,0.9940848367756041,0.000659532352429964,0.0005065845911321987,0.316551935800572,0.09557168830836531,16.92130288976612,-0.020222864003262977,0.07908646294644381,-0.002132257722328802,-0.0005468474395719114,0.0007063609904975267,-0.00014485524573639382,-0.0010668147399113443,-0.23789274099916596,0.0007532458574253248,-0.19741247708287368,0.0010086849087385598,0.0006477078602146034,-0.0012438048073334703,-3.468357387745606e-05,0.001869057753215425
135,2.7,0,0.002315630001248792,16.255144143694977,0.26215967134398804,0.1781964954794352,0.021034746881823826,0.0973158610923166,0.0012391647574527417,0.0021588094943599022,0.000554868059043756,0.000554868059043756,-0.0010280408605550715,0.0010280408605550715,-0.0005965952499696892,0.0005965952499696892,0.0010059588662589677,0.0010059588662589677,0.00022339641508262176,0.00022339641508262176,-0.00048425090356194795,0.00048425090356194795,0.0009065422674138057,0.0009065422674138057,-0.001535297444719444,0.001535297444719444,27.491077311675127,3.1753991001152357,0.058100445790232824,0.9470376820139058,0.0006142117184451646,0.0004660458432938456,0.28369280714018963,0.09664657144963563,16.916637866571808,-0.020146818359439284,0.07497696774107027,-0.0021116731733026913,-0.0005348566021371405,0.0006822849684858681,-0.00014631664438874217,-0.0010307024294564503,-0.2332511597162601,0.0038022821911847388,-0.20547476026867795,0.0010292274513055743,0.0005995418717385383,-0.001203801100582926,-7.306993261741731e-05,0.0018056155227447013
136,2.72,0,0.0024851029993442353,15.95667309109259,0.25999043534569644,0.1785414745642179,0.022687284096558524,0.09468573642397693,0.001196064675950546,0.0020725091188714007,0.0005343072418326766,0.0005343072418326766,-0.0009745749248902759,0.0009745749248902759,-0.000576476072644494,0.000576476072644494,0.0009726702133965854,0.0009726702133965854,0.00021371139701142905,0.00021371139701142905,-0.00044654027491466416,0.00044654027491466416,0.0008758363185194169,0.0008758363185194169,-0.0014832438108518774,0.0014832438108518774,27.038010588497897,3.1877058139565264,0.06758804783414057,0.896538868215083,0.0005722282836226737,0.0004295294047805109,0.2523741181719367,0.09769309297463293,16.912060615827244,-0.0200111384931333,0.07072193870078239,-0.0020907004118568408,-0.0005235048614225541,0.0006589961530505503,-0.00014816718398713336,-0.0009958149059576386,-0.22886253722803873,0.006783993315299074,-0.21275145201439413,0.0010486380722925033,0.0005675870357293188,-0.0011644407717658991,-9.252697991956005e-05,0.0017443761749405678
137,2.74,0,0.0023877189996710513,15.65954141774316,0.25783336186077727,0.17861492555957015,0.024329292181759984,0.09182681864490996,0.0011546647578840191,0.001991334329762052,0.0005148157433348954,0.0005148157433348954,-0.0009257173334732609,0.0009257173334732609,-0.0005570226683765389,0.0005570226683765389,0.0009404051861842834,0.0009404051861842834,0.00020478059151318728,0.00020478059151318728,-0.00041318209374511725,0.00041318209374511725,0.0008461714423023793,0.0008461714423023793,-0.0014329614351412743,0.0014329614351412743,26.591216995372204,3.190329163265078,0.077725555041461,0.8432164622445183,0.0005333002812397442,0.000396541241288888,0.22267291567566297,0.09865911617744803,16.90756642039384,-0.019817348354644233,0.06633718361497155,-0.002069366760175909,-0.0005125442565480758,0.0006364793471361984,-0.0001501161028882354,-0.0009621098225776936,-0.22470977167018807,0.00968950692445334,-0.21923775429054188,0.0010666825840465843,0.0005480302437239219,-0.0011258402957175955,-9.744594505510404e-05,0.0016852541689972537
138,2.7600000000000002,0,0.0024852030001056846,15.363997803550259,0.2556882094215088,0.17842844568841928,0.02594718049388409,0.08875296708405896,0.001114870003550249,0.0019148178957068911,0.000496301396665455,0.000496301396665455,-0.0008810270588009601,0.0008810270588009601,-0.0005382145646528613,0.0005382145646528613,0.0009091375158360908,0.0009091375158360908,0.00019651694963829236,0.00019651694963829236,-0.0003837359926608968,0.0003837359926608968,0.0008175122135995539,0.0008175122135995539,-0.001384389598565315,0.001384389598565315,26.15058417487094,3.1836710230785186,0.08840671015748656,0.787708916622405,0.0004971740499264529,0.00036665275737193657,0.19466406460740857,0.09949756792898443,16.903150911550455,-0.019567136386055416,0.061838563765271144,-0.0020477035384790883,-0.0005017902564855092,0.0006147174902411625,-0.00015194615411869044,-0.0009295464537989613,-0.2207754421695785,0.012510598429440967,-0.22493099248502108,0.0010831610848410704,0.0005377000031283235,-0.0010880928447517886,-9.150256152274961e-05,0.0016281684389366285
139,2.7800000000000002,0,0.0022877349983900785,15.070272287844986,0.2535544664134435,0.17799516662921405,0.02752988231261745,0.08547847826613023,0.001076592984411661,0.001842535158900401,0.00047868085548941064,0.00047868085548941064,-0.0008400845252173063,0.0008400845252173063,-0.0005200318143361304,0.0005200318143361304,0.000878842163758325,0.000878842163758325,0.00018884222978510223,0.00018884222978510223,-0.0003577782271306011,0.0003577782271306011,0.0007898244216282476,0.0007898244216282476,-0.0013374696234555792,0.0013374696234555792,25.71594697528241,3.1682279343361666,0.09952073929946953,0.7306570246693296,0.0004636209816337627,0.00033949358117841253,0.16841828572604575,0.10016662480919063,16.898810073912216,-0.019262343104250894,0.05724195098098271,-0.002025745368187036,-0.0004911104827611273,0.0005936920738669895,-0.000153500948942273,-0.0008980856119610675,-0.2170418819114192,0.015239664090225855,-0.22983063921442093,0.001097908514602623,0.000533988686219098,-0.001051270818708655,-7.773974117912833e-05,0.0015730420918946865
140,2.8000000000000003,0,0.0023078310005075764,14.778574340277903,0.2514313596240802,0.1773296577213211,0.029068224632522552,0.08201805879677684,0.001039753290662903,0.0017741036062019458,0.0004618791649850795,0.0004618791649850795,-0.0008024962731359956,0.0008024962731359956,-0.0005024549710609394,0.0005024549710609394,0.0008494949778119735,0.0008494949778119735,0.00018168666524254196,0.00018168666524254196,-0.00033490799679594435,0.00033490799679594435,0.0007630750291591359,0.0007630750291591359,-0.001292144826827066,0.001292144826827066,25.287091440965416,3.1445807507560883,0.11095372807226034,0.6726961968791543,0.0004324347621777341,0.00031474436055387484,0.144000382261934,0.10062984964725587,16.8945402486131,-0.018904949161710295,0.05256318451223635,-0.002003529473320979,-0.0004804148900780352,0.000573383507738685,-0.00015467386767846974,-0.0008676895696118409,-0.2134912649559562,0.017869697127029745,-0.23393832343731824,0.001110794743302787,0.000534779634154608,-0.00101542830641522,-5.864593680983735e-05,0.0015198021174613312
141,2.82,0,0.0023176289978437126,14.489091334451397,0.2493178657324507,0.17644783083455373,0.030554491649851634,0.0783868053849774,0.0010042769741584524,0.001709180949932247,0.0004458292395223551,0.0004458292395223551,-0.0007678978519832325,0.0007678978519832325,-0.0004854650715047093,0.0004854650715047093,0.0008210724329291975,0.0008210724329291975,0.00017498850530661691,0.00017498850530661691,-0.00031475165814553644,0.00031475165814553644,0.0007372321326225946,0.0007372321326225946,-0.0012483604696197329,0.0012483604696197329,24.86375926935372,3.1133837006219283,0.12258998981979326,0.6144491258462321,0.00040342889632994267,0.0002921299519611298,0.12146766403621019,0.10085627588460581,16.8903381345348,-0.018497063827046054,0.047818028000572665,-0.001981094989146453,-0.00046964729491291116,0.0005537714390882733,-0.00015539843328546068,-0.0008383219873870615,-0.21010570391543584,0.020394266733212305,-0.23725782558318403,0.0011217242087263098,0.0005383797582561976,-0.000980603432520581,-3.622828034954796e-05,0.0014683791112389659
142,2.84,0,0.0024024160011322238,14.201987425360922,0.24721272555410267,0.1753668446208622,0.03198211985049692,0.07460019452697757,0.0009700960022507578,0.001647462321882133,0.00043047128248269173,0.00043047128248269173,-0.0007359553006604328,0.0007359553006604328,-0.00046904362284611034,0.00046904362284611034,0.0007935514412413628,0.0007935514412413628,0.00016869347214365504,0.00016869347214365504,-0.00029696523698252903,0.00029696523698252903,0.0007122649232302,0.0007122649232302,-0.0012060637029521894,0.0012060637029521894,24.44565267035523,3.0753530192277614,0.13431341045510894,0.5565189023462893,0.0003764345014331608,0.0002714132102021269,0.1008685755573141,0.10082043854105491,16.886200787420332,-0.018040913831466894,0.04302212680876733,-0.001958482286596,-0.00045877813518279526,0.0005348350279300786,-0.00015564003205243993,-0.0008099478470929622,-0.2068673557232417,0.022807499778958046,-0.23979505959026653,0.001130635127522687,0.0005434579865057976,-0.0009468205579097421,-1.207993834896181e-05,0.001418707014704965
143,2.86,0,0.0024259120000351686,13.917402826650433,0.2451144608178423,0.17410500585686126,0.03334548259779555,0.0706740857447816,0.0009371477328111358,0.0015886770232803838,0.00041575217646949714,0.00041575217646949714,-0.0007063655222440416,0.0007063655222440416,-0.0004531725940212783,0.0004531725940212783,0.0007669092187799083,0.0007669092187799083,0.00016275416740396675,0.00016275416740396675,-0.0002812355921272992,0.0002812355921272992,0.0006881436491711562,0.0006881436491711562,-0.0011652035123338419,0.0011652035123338419,24.032439560808616,3.0312553064417687,0.146008755162365,0.499482639586074,0.00035129834924522074,0.00025238946842990207,0.08224153258745036,0.10050235175271613,16.882125616763126,-0.01753883253324581,0.03819096595164107,-0.0019357323204115967,-0.0004477983417493712,0.0005165531816598293,-0.0001553888601835011,-0.0007825333896411111,-0.20375853286022907,0.02510406491105433,-0.24155804285631274,0.001137498309220178,0.0005489896716711956,-0.0009140923135124628,1.2558593446942762e-05,0.001370722872592546
144,2.88,0,0.0024189129981095903,13.63545347885438,0.24302139321735866,0.172681665524071,0.03463973595179629,0.06662474437252952,0.0009053744169063971,0.0015325851396289533,0.0004016248660246302,0.0004016248660246302,-0.0006788558125705698,0.0006788558125705698,-0.00043783440964567655,0.00043783440964567655,0.0007411231975743717,0.0007411231975743717,0.00015712945556145552,0.00015712945556145552,-0.0002672805298967593,0.0002672805298967593,0.0006648395789244793,0.0006648395789244793,-0.0011257306606404108,0.0011257306606404108,23.623759024522418,2.981895760816712,0.15756292324258966,0.4438856562704903,0.00032788113391543937,0.0002348817210211498,0.06561396955129886,0.099887433865688,16.8781103804122,-0.01699324935906104,0.0333398288483877,-0.0019128860082633552,-0.00043671420375393863,0.000498904752537025,-0.0001546539739068714,-0.0007560460574748269,-0.2007618175462692,0.02727915870923826,-0.2425568551626689,0.0011423156074120504,0.0005542068997716322,-0.0008824214561402083,3.6744313831484765e-05,0.0013243666083142128
145,2.9,0,0.0023100309990695678,13.356231095249315,0.2409316654531775,0.171117107180869,0.03586070672806574,0.062468893226478445,0.0008747227329116614,0.0014789742232365238,0.00038804774977324596,0.00038804774977324596,-0.0006531827602571032,0.0006531827602571032,-0.0004230119456941628,0.0004230119456941628,0.000716170973583867,0.000716170973583867,0.0001517838449635045,0.0001517838449635045,-0.0002548481221508417,0.0002548481221508417,0.0006423249657116711,0.0006423249657116711,-0.0010875976305293775,0.0010875976305293775,23.219226967216738,2.9281064369949004,0.16886613846958168,0.3902362620941164,0.0003060559437889782,0.00021873647529980784,0.05100159800795039,0.09896638192709803,16.874153176880835,-0.01640667948819067,0.02848375709542049,-0.0018899836473478242,-0.00042554311366089386,0.00048186870168554614,-0.0001534583229259434,-0.0007304544411265251,-0.19786017656816196,0.02932849354351839,-0.24280358764836066,0.0011451180457765602,0.0005585545046522382,-0.0008518025425739478,5.978254904639944e-05,0.0012795808174150853
146,2.92,0,0.002211146002082387,13.079803568081006,0.23884326395878366,0.16943242508272166,0.03700480995870136,0.05822380798909607,0.0008451433539571372,0.0014276561660402788,0.0003749840945680982,0.0003749840945680982,-0.0006291306984234183,0.0006291306984234183,-0.0004086885262225004,0.0004086885262225004,0.0006920302823564401,0.0006920302823564401,0.0001466868825205081,0.0001466868825205081,-0.00024371543901262278,0.00024371543901262278,0.0006205730131010836,0.0006205730131010836,-0.0010507585668566497,0.0010507585668566497,22.81844189539408,2.870734666941208,0.17981306351998513,0.3390011816751127,0.00028570691549516746,0.00020382021284328275,0.038407874271549826,0.09773501336303987,16.870252435386554,-0.01578171343107301,0.023637510852451752,-0.001867064359789316,-0.0004143100764584592,0.00046542422539121793,-0.00015183464884352174,-0.0007057281801590489,-0.1950370747140889,0.031248302855883175,-0.24231231214843674,0.0011459643779254147,0.0005616518601217332,-0.000822223814716409,8.118370412108153e-05,0.001236313048373823
147,2.94,0,0.0024209129987866618,12.806215711326368,0.23675404298951522,0.1676493894387237,0.03806898700040016,0.05390748046001647,0.0008165905493054481,0.0013784643274325976,0.00036240148059962785,0.00036240148059962785,-0.0006065098556720267,0.0006065098556720267,-0.00039484792057536966,0.00039484792057536966,0.0006686789956152297,0.0006686789956152297,0.00014181257374024092,0.00014181257374024092,-0.0002336868705585473,0.0002336868705585473,0.0005995578417639506,0.0005995578417639506,-0.0010151692195533024,0.0010151692195533024,22.420990748752484,2.810631777917684,0.19030382832701978,0.2906016449547057,0.0002667280500859893,0.00019001639020042033,0.02782367123461918,0.0961939770386547,16.866406903707,-0.015121008251642419,0.018815533293495938,-0.0018441656499666634,-0.00040304492150279505,0.00044955089018602575,-0.0001498221551805876,-0.0006818380926361635,-0.1922765839776851,0.03303525897152969,-0.2410988779477909,0.0011449354911326234,0.0005632577477832068,-0.0007936667602596078,0.00010062468314670606,0.0011945043761442623
148,2.96,0,0.002353824002057081,12.535490322103747,0.2346617497440686,0.16579029619450913,0.039050658256557826,0.04953889005006194,0.0007890218193658583,0.0013312509373364352,0.0003502712834861921,0.0003502712834861921,-0.000585154324648297,0.000585154324648297,-0.0003814743406630461,0.0003814743406630461,0.0006460951322570062,0.0006460951322570062,0.00013713883632904267,0.00013713883632904267,-0.00022459217925687778,0.00022459217925687778,0.0005792544573728845,0.0005792544573728845,-0.0009807868818428299,0.0009807868818428299,22.026454717179146,2.7486422312263064,0.20024496356416574,0.2454101627392126,0.00024902217257416357,0.0001772229058159137,0.019227153936706046,0.09434861829657802,16.86261563392689,-0.014427276470297843,0.014031911738530314,-0.0018213229053014905,-0.00039178003514330774,0.0004342286841813378,-0.00014746381245687299,-0.0006587559119743617,-0.1895634890054127,0.03468658906722865,-0.23918107774828112,0.0011421372332586616,0.0005632443179743687,-0.0007661103002343933,0.0001179171361857319,0.001154109033090088
149,2.98,0,0.0023703219994786195,12.267629521909075,0.23256405018606874,0.1638777988548254,0.0399476863090894,0.04513845413935408,0.000762397563542803,0.0012858847969144259,0.0003385681969932386,0.0003385681969932386,-0.000564919946521019,0.000564919946521019,-0.0003685524380179217,0.0003685524380179217,0.0006242568831380084,0.0006242568831380084,0.00013264699274395664,0.00013264699274395664,-0.00021628439880395665,0.00021628439880395665,0.000559638719736028,0.000559638719736028,-0.0009475703497087558,0.0009475703497087558,21.634414975579315,2.6855932957502606,0.2095502318561308,0.20374800420905712,0.00023250001795840087,0.0001653499710935654,0.012583837908873992,0.09220857920988307,16.858877966247505,-0.013703277140443278,0.009300344355990342,-0.0017985690372964538,-0.00038054863016080914,0.0004194380970952332,-0.0001448042451341351,-0.0006364543531270068,-0.1868833839694449,0.03619996649272826,-0.23657836912699878,0.001137693400251832,0.0005615702491249246,-0.0007395293543052317,0.0001329783661368936,0.0011150779423677528
150,3.0,0,0.002249440000014147,12.002616357342633,0.23045855523685727,0.16193472016102742,0.040758346508249804,0.04072878208897389,0.0007366807792549061,0.001242249220872001,0.00032726979806280143,0.00032726979806280143,-0.0005456821785901622,0.0005456821785901622,-0.0003560673003551451,0.0003560673003551451,0.0006031426388094894,0.0006031426388094894,0.00012832130476791992,0.00012832130476791992,-0.00020863766698761403,0.00020863766698761403,0.000540687312741853,0.000540687312741853,-0.0009154798566271564,0.0009154798566271564,21.24445827274383,2.6222853593630253,0.2181413508543449,0.165883369045112,0.00021707942820944627,0.00015431831267570932,0.007846836594545332,0.08978750352618459,16.85519351100677,-0.012951806405859623,0.004634107212908271,-0.0017759341518321327,-0.00036938341478094986,0.0004051601662284946,-0.00014188809177529237,-0.0006149070615543986,-0.1842227620365534,0.03757353672918279,-0.2333118571541033,0.0011317442732160588,0.0005582607689929679,-0.000713896543336926,0.00014580766794213636,0.0010773645786304087
151,3.02,0,0.0022988319979049265,11.740416622742815,0.22834284702000665,0.15998384198138968,0.04148130290632436,0.03633596818812696,0.000711836791002941,0.00120024023294994,0.0003163561544909932,0.0003163561544909932,-0.0005273340065424563,0.0005273340065424563,-0.00034400444757898274,0.00034400444757898274,0.0005827310230634609,0.0005827310230634609,0.0001241485514281715,0.0001241485514281715,-0.00020154506455944971,0.00020154506455944971,0.00052237771560931,0.00052237771560931,-0.0008844770229049176,0.0008844770229049176,20.85618231408086,2.5594829695126258,0.22594860361077893,0.13203025841685742,0.00020268464681014582,0.0001440576616791726,0.0049572765137224405,0.08710267523810626,16.851562129103563,-0.012175688257419754,4.602321730472634e-05,-0.0017534452786697194,-0.0003583156093223899,0.0003913765086788036,-0.00013875876892885595,-0.0005940885698511414,-0.18156909516065683,0.03880590742199355,-0.2294041997801773,0.0011244436581206714,0.0005533902729279947,-0.0006891828774845595,0.00015646614232182117,0.0010409245851628547
152,3.04,0,0.0026918699986708816,11.480980871690003,0.22621450485246475,0.15804767261648645,0.042115588028530444,0.031991878381023846,0.0006878330074992752,0.0011597649762092146,0.0003058094743601525,0.0003058094743601525,-0.0005097839407911778,0.0005097839407911778,-0.0003323498271177172,0.0003323498271177172,0.0005630009278595758,0.0005630009278595758,0.00012011765013697495,0.00012011765013697495,-0.00019491651202787667,0.00019491651202787667,0.0005046881751512116,0.0005046881751512116,-0.0008545248049770821,0.0008545248049770821,20.469200882258313,2.4979066819488076,0.2329113332892063,0.10234802823462207,0.00018924569848219913,0.00013450548000415598,0.0038448704234948683,0.08417463328065361,16.847983911038042,-0.011377765587225851,-0.004451567002066273,-0.0017311261680959225,-0.00034737425284742823,0.0003780693450515544,-0.00013545757224977804,-0.000573974286627086,-0.17891090327589834,0.03989613350969511,-0.22487951096855002,0.0011159555286898288,0.0005470678237480871,-0.0006653581813624546,0.0001650598339538956,0.0010057141612027694
153,3.06,0,0.002285035003296798,11.224246582437834,0.2240711306960174,0.15614819191146764,0.04266058538624704,0.02773834969835671,0.0006646387050205136,0.0011207403135401078,0.000295613795544325,0.000295613795544325,-0.0004929541261835347,0.0004929541261835347,-0.0003210898085605485,0.0003210898085605485,0.0005439315479506011,0.0005439315479506011,0.00011621931989647116,0.00011621931989647116,-0.00018867676279465216,0.00018867676279465216,0.0004875976790516699,0.0004875976790516699,-0.0008255874455186442,0.0008255874455186442,20.08314864455668,2.4382257837220527,0.23897832065164532,0.07694160439883257,0.00017669784328453808,0.00012560588503939788,0.004428634481807512,0.08102677301820956,16.844459154793892,-0.010560891509411136,-0.008846832494444368,-0.0017089971552166165,-0.0003365857467338455,0.0003652215164436016,-0.0001320230552426689,-0.0005545405175100158,-0.17623781220785345,0.040843703890735716,-0.21976327461890474,0.0011064506439652955,0.0005394253056791346,-0.0006423914303976441,0.00017172585035545658,0.0009716884558535105
154,3.08,0,0.002280736000102479,10.9701404436836,0.22191037380515305,0.15430657612310592,0.04311601393422987,0.023635213694480812,0.0006422248350717854,0.0010830915980370914,0.00028575471302066946,0.00028575471302066946,-0.0004767785847017451,0.0004767785847017451,-0.00031021117760154926,0.00031021117760154926,0.0005255024142951515,0.0005255024142951515,0.00011244578464053578,0.00011244578464053578,-0.00018276351940077726,0.00018276351940077726,0.0004710859301412971,0.0004710859301412971,-0.0007976304278640267,0.0007976304278640267,19.6976856009371,2.3810519434835875,0.24410804417462575,0.05586233263837732,0.00016498109551319276,0.00011730874097385403,0.006617734409858203,0.07768492563028845,16.840988342787185,-0.00972791989168402,-0.013128477089638244,-0.001687075015596181,-0.00032597355788438487,0.00035281646247984266,-0.0001284906212070283,-0.0005357642422076873,-0.17354060033532145,0.04164858088635589,-0.21408222975969382,0.0010961069810217863,0.0005306094424730346,-0.0006202526981879461,0.00017662170178203083,0.0009388137651164241
155,3.1,0,0.002536594998673536,10.718580718108392,0.21972995433263065,0.15254290638697962,0.04348191388644761,0.019776103969459887,0.0006205638543741713,0.0010467515951981385,0.00027621914132663905,0.00027621914132663905,-0.0004612016027053118,0.0004612016027053118,-0.00029970112931565485,0.00029970112931565485,0.0005076934256449794,0.0005076934256449794,0.00010879051425249919,0.00010879051425249919,-0.00017712569004987633,0.00017712569004987633,0.0004551333215840165,0.0004551333215840165,-0.0007706204378246922,0.0007706204378246922,19.312501132407977,2.3269338288986825,0.2482688240163163,0.039109428821088706,0.00015403979894229103,0.00010956889020498474,0.010312444220380747,0.07417692803794976,16.83757211815639,-0.008881697674259772,-0.017285762678323636,-0.0016653729824221476,-0.0003155581162666356,0.00034083824199944055,-0.00012489231286910596,-0.000517623273666636,-0.17081123153959968,0.04231111087121234,-0.20786427943426958,0.001085101658701653,0.0005207720808874613,-0.0005989110240201056,0.0001799154168961167,0.0009070484270525604
156,3.12,0,0.0025012999976752326,10.469479657080479,0.21752768568130051,0.15087586678494458,0.04375863345893287,0.016319310574261083,0.0005996295751468158,0.0010116595152659933,0.00026699510927252756,0.00026699510927252756,-0.0004461762643918755,0.0004461762643918755,-0.0002895472608027694,0.0002895472608027694,0.0004904848741821864,0.0004904848741821864,0.00010524800045152993,0.00010524800045152993,-0.0001717217935117821,0.0001717217935117821,0.00043972091282752255,0.00043972091282752255,-0.0007445253049783583,0.0007445253049783583,18.927317615145068,2.276352717810834,0.25143885234747043,0.026631989761918953,0.0001438222509563003,0.00010234549748282243,0.015405202380209065,0.07053219323661342,16.834211260614477,-0.008025056320486949,-0.021308530399554635,-0.0016439007497220156,-0.0003053567972957553,0.000329271515567545,-0.000121256731117222,-0.0005000961705535611,-0.16804287709561763,0.04283206768864131,-0.20113838606154996,0.0010736116350065922,0.0005100659485440145,-0.0005783363215947762,0.00018177908759419784,0.0008763551556537477
157,3.14,0,0.002751759999227943,10.22274592515607,0.21530149541924046,0.14932244027059627,0.04394681622250774,0.013539394467068649,0.0005793970341704002,0.000977760179051068,0.0002580715839846648,0.0002580715839846648,-0.00043166313682240436,0.00043166313682240436,-0.0002797375633191157,0.0002797375633191157,0.00047385747060632577,0.00047385747060632577,0.00010181356458127677,0.00010181356458127677,-0.00016651851788481809,0.00016651851788481809,0.0004248304067279553,0.0004248304067279553,-0.0007193139681659447,0.0007193139681659447,18.541893571904485,2.229719116836579,0.25360611379511966,0.01833152025348891,0.00013428036928218233,9.560149677379764e-05,0.021781746829646818,0.06678127490571367,16.830906662127294,-0.007160803753782034,-0.02518721974463494,-0.0016226645432479729,-0.0002953839989788242,0.0003181015321877406,-0.00011760906534751003,-0.00048316221154726574,-0.16522992435887912,0.04321262833524565,-0.19393446725401534,0.0010618103237021433,0.0004986399158465526,-0.0005584991689902231,0.000182383288485599,0.0008466979503147756
158,3.16,0,0.0025074000004678965,9.978287003129715,0.21304944460431696,0.14789761284214947,0.044047388831347296,0.011859564258884233,0.0005598423784110225,0.0009450032784256423,0.00024943832124824095,0.00024943832124824095,-0.00041762909909722113,0.00041762909909722113,-0.0002702604139069864,0.0002702604139069864,0.0004577923644909057,0.0004577923644909057,9.848319422356422e-05,9.848319422356422e-05,-0.0001614894304661963,0.0001614894304661963,0.00041044412736463646,0.00041044412736463646,-0.0006949564350979021,0.0006949564350979021,18.156026338483166,2.1873703884406335,0.2547682008728195,0.01406492644106043,0.0001253693954659642,8.930311962352118e-05,0.02932231228909361,0.06295543718610465,16.82765930266275,-0.006291716525302712,-0.02891288557501328,-0.0016016672397626331,-0.0002856512827484641,0.00030731411300585423,-0.00011397120504853067,-0.0004668013707646296,-0.1623679732276129,0.043454361423966074,-0.18628329151891693,0.0010498651742669959,0.00048663581151801193,-0.0005393709590943156,0.00018189301494896684,0.0008180420391318052
159,3.18,0,0.0023060319981595967,9.736011537003215,0.21076974539323082,0.14661409807411668,0.04406154895638995,0.011682432434885547,0.000540942765578205,0.0009133427270824361,0.00024108573926628907,0.00024108573926628907,-0.000404046310195177,0.000404046310195177,-0.0002611045666171541,0.0002611045666171541,0.00044227116090166514,0.00044227116090166514,9.525340561422624e-05,9.525340561422624e-05,-0.00015661383434189784,0.00015661383434189784,0.00039654499866267835,0.00039654499866267835,-0.0006714237435922758,0.0006714237435922758,17.769554229250932,2.14956937540867,0.25493203030948314,0.013647922759566581,0.00011704763025255871,8.341949371143811e-05,0.03790287221952293,0.059086232655878236,16.824470226251723,-0.005420532223996966,-0.03247721304589853,-0.0015809085305293659,-0.00027616755865204456,0.00029689563286048145,-0.00011036190990694015,-0.0004509942942227505,-0.15945382055129564,0.043559215065287316,-0.17821637354426267,0.001037935461663363,0.00047418620482096913,-0.0005209240072686395,0.00018046475707952705,0.0007903538270939545
160,3.2,0,0.002273536996654002,9.495831602482191,0.2084607768383738,0.1454820951219697,0.04399075330000064,0.012984142864154755,0.0005226762779533017,0.0008827360920996098,0.0002330048130623763,0.0002330048130623763,-0.00039089130714554227,0.00039089130714554227,-0.0002522591433991028,0.0002522591433991028,0.00042727593335768613,0.00042727593335768613,9.212112892742486e-05,9.212112892742486e-05,-0.0001518757644204126,0.0001518757644204126,0.00038311652379083294,0.00038311652379083294,-0.0006486879243892041,0.0006486879243892041,17.38235819202331,2.1165040001077835,0.25411346711687816,0.01685879659167808,0.0001092761966140468,7.792230082952907e-05,0.047396408050294055,0.05520509279975695,16.821340517592787,-0.004549942141587285,-0.0358725304343101,-0.0015603851247231926,-0.0002669392991812199,0.00028683300038873647,-0.00010679701979427817,-0.00043572227725208884,-0.15648543294655134,0.043529504120484036,-0.1697658694205785,0.0010261702903086505,0.0004614129735412363,-0.000503131623587248,0.0001782445056330989,0.0007636008485330821
161,3.22,0,0.002685070998268202,9.257664856760133,0.20612109880294188,0.14450909331663594,0.0438367056043768,0.015310934883102202,0.0005050218479264451,0.0008531440980268463,0.00022518698691947892,0.00022518698691947892,-0.00037814422397959807,0.00037814422397959807,-0.00024371362473196712,0.00024371362473196712,0.00041278923330244116,0.00041278923330244116,8.908361363901829e-05,8.908361363901829e-05,-0.00014726311391891566,0.00014726311391891566,0.00037014276530304875,0.00037014276530304875,-0.0006267219654818204,0.0006267219654818204,16.99436294869285,2.088287805119619,0.2523368640494282,0.02344247269945958,0.00010201882675321657,7.278548519980411e-05,0.0576741885602248,0.051342935051569845,16.81827127942048,-0.0036825842049517145,-0.039091819875650274,-0.0015400909881576046,-0.0002579707691437642,0.00027711363727001893,-0.00010328968954417909,-0.0004209672427866965,-0.1534619086151507,0.04336789683177853,-0.16096447206700856,0.001014706828279399,0.0004484265018727855,-0.00048596815593588034,0.00017536651250495326,0.0007377517232696206
162,3.24,0,0.002531395999540109,9.021436551770417,0.20374946395033178,0.1436997352762885,0.04360134459390549,0.018197477336022647,0.0004879591937920535,0.0008245301961107663,0.00021762410243986174,0.00021762410243986174,-0.0003657881212242227,0.0003657881212242227,-0.0002354578400659002,0.0002354578400659002,0.00039879409631202954,0.00039879409631202954,8.613835136062065e-05,8.613835136062065e-05,-0.00014276688123840038,0.00014276688123840038,0.0003576083259934123,0.0003576083259934123,-0.0006054997779007391,0.0006054997779007391,16.605537624019018,2.0649613918475387,0.2496345248039606,0.033114818139505786,9.524166992247632e-05,6.798500442984586e-05,0.06860704275262974,0.04752979025777692,16.815263610842845,-0.0028210361881327523,-0.042128726017809474,-0.001520017612473986,-0.00024926426166557757,0.00026772545707866584,-9.985063649314415e-05,-0.0004067117204674754,-0.15038342888204334,0.043077400840948084,-0.15184530710795985,0.001003668784180913,0.000435325373909332,-0.00046940900956765234,0.00017195265255174838,0.0007127761159610503
163,3.2600000000000002,0,0.002449507999699563,8.78708138573589,0.20134482778760326,0.14305574803630652,0.04328683181315284,0.021346458202038347,0.00047146876446871105,0.0007968601919780742,0.0002103083400153971,0.0002103083400153971,-0.0003538084154375051,0.0003538084154375051,-0.00022748195813965255,0.00022748195813965255,0.0003852740453073617,0.0003852740453073617,8.328301373583535e-05,8.328301373583535e-05,-0.0001383805266057091,0.0001383805266057091,0.00034549833043539743,0.00034549833043539743,-0.0005849961628880677,0.0005849961628880677,16.21589587072784,2.0464947046227215,0.24604609987780818,0.04556712777713701,8.891311834786115e-05,6.349861655593332e-05,0.08006661019606924,0.0437944541402684,16.812318586837225,-0.001967809215870876,-0.04497756260639691,-0.0015001543097642254,-0.00024082033267663457,0.00025865684412068493,-9.648839137482038e-05,-0.0003929388265030021,-0.14725120028088962,0.042661348613093814,-0.14244182942937128,0.000993165135488052,0.00042219644944714883,-0.00045343064789904653,0.00016811225591618805,0.0006886446982236669
164,3.2800000000000002,0,0.0024486080001224764,8.554545172687089,0.1989063567645137,0.1425759481727661,0.04289553933894313,0.024590797190249133,0.0004555316919262015,0.0007701019256513894,0.00020323217170664654,0.00020323217170664654,-0.00034219239835173534,0.00034219239835173534,-0.00021977647723347982,0.00021977647723347982,0.00037221309105972886,0.00037221309105972886,8.051540320375139e-05,8.051540320375139e-05,-0.000134099427704313,0.000134099427704313,0.0003337984071776362,0.0003337984071776362,-0.0005651867803968907,0.0005651867803968907,15.8254955045328,2.032790099736328,0.24161792444914143,0.06047073064519646,8.30036489396591e-05,5.930569758919781e-05,0.09192655360055933,0.04016416602717628,16.809437239075095,-0.0011253415701411409,-0.04763331701900523,-0.0014804885274923556,-0.00023263802815028895,0.00024989663254553065,-9.320954537009627e-05,-0.00037963224423990117,-0.14406738810632458,0.04212338228648675,-0.13278772063041594,0.0009832891135934771,0.00040911522631728196,-0.0004380105787577183,0.00016394230023620575,0.0006653291131550477
165,3.3000000000000003,0,0.0024219129991251975,8.323786312608064,0.19643343444920627,0.14225632259280993,0.04243003735821131,0.027835527337540262,0.0004401297502214765,0.0007442249982334654,0.000196388323739638,0.000196388323739638,-0.00033092883549894637,0.00033092883549894637,-0.00021233221541228087,0.00021233221541228087,0.00035959573028872396,0.00035959573028872396,7.783341464961957e-05,7.783341464961957e-05,-0.00012992042366770273,0.00012992042366770273,0.0003224946715696983,0.0003224946715696983,-0.0005460481188531253,0.0005460481188531253,15.434437667804243,2.02368613176296,0.23640230796311706,0.07748165821589512,7.748567881200771e-05,5.538708479956015e-05,0.10406371935353452,0.0366643177734121,16.806620538226515,-0.000295992810685396,-0.050091652770552095,-0.0014610061785457545,-0.00022471509994959713,0.0002414340859561927,-9.001898797371906e-05,-0.00036677620540113596,-0.1408350424292799,0.04146743797278724,-0.12291678757734417,0.0009741174473300656,0.0003961464100345922,-0.00042312732946689656,0.00015952786981885948,0.0006428019419382606
166,3.3200000000000003,0,0.0024724049981159624,8.0947770479655,0.19392566581900478,0.14209018205200571,0.041893081613843475,0.031023429393330654,0.0004252453201589326,0.0007192005399979467,0.00018976974702966665,0.00018976974702966665,-0.0003200076346824289,0.0003200076346824289,-0.00020514030080648338,0.00020514030080648338,0.00034740694165059135,0.00034740694165059135,7.523500617623302e-05,7.523500617623302e-05,-0.0001258414371901909,0.0001258414371901909,0.0003115737091926357,0.0003115737091926357,-0.0005275574661183227,0.0005275574661183227,15.042865545337724,2.0189619835572126,0.23045678530234842,0.09624531713229723,7.233343292682923e-05,5.1724941673333794e-05,0.11635923283776965,0.03331819540976503,16.803869377873834,0.0005179617800105853,-0.05234891001575265,-0.0014416919812775188,-0.00021704820743882405,0.00023325887768091834,-8.692013186943441e-05,-0.0003543554719560424,-0.13755801763405984,0.04069772953479906,-0.11286286226002688,0.0009657098634117665,0.0003833446255386547,-0.0004087604137637141,0.00015494280521423208,0.0006210366722546813
167,3.34,0,0.002340025999728823,7.867504495540786,0.19138287971994905,0.142068380064975,0.041287600729201256,0.034117607043315894,0.0004108613587021914,0.0006950010149950527,0.00018336959433601363,0.00018336959433601363,-0.0003094195752676698,0.0003094195752676698,-0.0001981921619734761,0.0001981921619734761,0.00033563217990676927,0.00033563217990676927,7.271817743237374e-05,7.271817743237374e-05,-0.00012186116505502738,0.00012186116505502738,0.00030102255987026925,0.00030102255987026925,-0.0005096928815941908,0.0005096928815941908,14.650962659960193,2.018342461428618,0.22384333949276036,0.1164011110362118,6.752282242984431e-05,4.8302641084415344e-05,0.1286995165806557,0.03014675564390828,16.801184560142158,0.0013143364174406696,-0.05440210407872447,-0.0014225298044957143,-0.00020963310307754853,0.00022536107182060365,-8.391512226623546e-05,-0.00034235531859055186,-0.13424088658365266,0.039818731871504226,-0.10265970314859126,0.0009581088390902453,0.00037075521806377576,-0.00039489029301573717,0.0001502504801599482,0.0006000076682745228
168,3.36,0,0.002506199001800269,7.641971445672462,0.18880512956176124,0.14217958620157037,0.04061668342895485,0.037092716102154935,0.00039696137236895423,0.0006716000576353199,0.0001771812028306674,0.0001771812028306674,-0.0002991560899533536,0.0002991560899533536,-0.00019147951837533705,0.00019147951837533705,0.00032425736854834136,0.00032425736854834136,7.028095413130764e-05,7.028095413130764e-05,-0.00011797882803440594,0.00011797882803440594,0.0002908287022383854,0.0002908287022383854,-0.0004924331694121743,0.0004924331694121743,14.258950779533375,2.0215034732449775,0.2166276058497946,0.13758695878350638,6.303133246121741e-05,4.5104663741576486e-05,0.14097722062464405,0.02716843889100586,16.798566783131218,0.0020910396922902722,-0.05624892204365144,-0.0014035030125078216,-0.00020246480105488767,0.00021773110514750312,-8.100502916034055e-05,-0.00033076151574993717,-0.1308888505469279,0.038835163742480125,-0.0923408982463482,0.0009513395993946266,0.0003584151011330426,-0.0003814983336550267,0.00014550465529474565,0.0005796901420307327
169,3.38,0,0.002460105999489315,7.418196924193235,0.186192692325963,0.14241060018765267,0.03988356567961413,0.039930396880604825,0.0003835293939394105,0.0006489723370636197,0.00017119808103160938,0.00017119808103160938,-0.0002892090914115975,0.0002892090914115975,-0.00018499437100438776,0.00018499437100438776,0.0003132688911341483,0.0003132688911341483,6.792137757061223e-05,6.792137757061223e-05,-0.00011419397183794255,0.00011419397183794255,0.00028098003885014197,0.00028098003885014197,-0.00047575785265421627,0.00047575785265421627,13.867087470236287,2.0280779045807455,0.20887806731015182,0.1594436595042615,5.883791840621261e-05,4.2116509427381634e-05,0.1530920559439557,0.024399020044313227,16.79601663021045,0.0028460790956128888,-0.05788771744436843,-0.0013845948055352616,-0.00019553772868509547,0.00021035976989612292,-7.81900217934888e-05,-0.00031956031322968414,-0.12750764603871856,0.037751970166130785,-0.08193977003584958,0.0009454103486280069,0.0003463536184896117,-0.0003685667625690117,0.00014075036834258777,0.0005600601260126523
170,3.4,0,0.0024399100002483465,7.1962165154718525,0.1835460659740051,0.14274669195828912,0.03909161777806087,0.04261678760635751,0.0003705499618995737,0.0006270934454827739,0.00016541389920338156,0.00016541389920338156,-0.00027957083692751864,0.00027957083692751864,-0.00017872899318172042,0.00017872899318172042,0.00030265358158007664,0.00030265358158007664,6.563749813381925e-05,6.563749813381925e-05,-0.00011050631154043122,0.00011050631154043122,0.0002714648817970576,0.0002714648817970576,-0.0004596471485537408,0.0004596471485537408,13.47566333381353,2.037661806503468,0.20066525042685673,0.18161905858853866,5.492290970551019e-05,3.932461893674567e-05,0.16495152324461512,0.021851497711515205,16.793534561215946,0.003577565184183003,-0.05931750309469813,-0.0013657885510680197,-0.00018884586079124643,0.00020323819746475587,-7.546952520337742e-05,-0.00030873842429277683,-0.1241034497250882,0.03657430442850573,-0.07148928251648509,0.0009403127233620818,0.0003345933946924504,-0.0003560786215683535,0.0001360248295055692,0.0005410944468453691
171,3.42,0,0.002430011998512782,6.976082448006995,0.18086596534967914,0.14317195284526515,0.03824433142070886,0.045141109058265835,0.00035800810212405313,0.0006059398069315322,0.000159822482464822,0.000159822482464822,-0.0002702338249005827,0.0002702338249005827,-0.000172675921550125,0.000172675921550125,0.0002923987136151929,0.0002923987136151929,6.342737190301317e-05,6.342737190301317e-05,-0.00010691561267965984,0.00010691561267965984,0.0002622719388259828,0.0002622719388259828,-0.0004440819446288456,0.0004440819446288456,13.084998968748533,2.0498208081526825,0.19206093113750503,0.20377197270102493,5.126792047458657e-05,3.6716304962422244e-05,0.1764715310527325,0.01953602214766877,16.79112090556533,0.004283715379021321,-0.06053794210538467,-0.0013470681020277134,-0.0001823828376821237,0.00019635784302194482,-7.284235924026227e-05,-0.00029828301029393984,-0.12068278253081148,0.03530750974191592,-0.06102195053432688,0.0009360224520153059,0.00032315115545613607,-0.0003440177221405516,0.00013135829815575793,0.0005227706999418528
172,3.44,0,0.0022609389998251572,6.757863446941393,0.17815331667592357,0.1436696442494293,0.03734530678988127,0.047494824590650214,0.0003458893113780696,0.0005854886033633167,0.0001544178059668111,0.0001544178059668111,-0.00026119071777732316,0.00026119071777732316,-0.00016682794727784778,0.00016682794727784778,0.00028249198959847766,0.00028249198959847766,6.128905964941644e-05,6.128905964941644e-05,-0.0001034216029600729,0.0001034216029600729,0.00025339029993340584,0.00025339029993340584,-0.00042904377570261574,0.00042904377570261574,12.695441697052763,2.0640966678757566,0.18313735895507394,0.22557583628966316,4.7855766290238066e-05,3.427969046683271e-05,0.1875768985989698,0.0174598616192906,16.788775857284154,0.004962857390921485,-0.061549337137528616,-0.0013284180979430899,-0.00017614206759572864,0.0001897104709997095,-7.030686077546016e-05,-0.0002881816657931943,-0.11725241405842537,0.03395710059500819,-0.050569751607197205,0.0009325002042311849,0.00031203850431975316,-0.0003323686011117659,0.00012677492324010515,0.0005050672250372728
173,3.46,0,0.0023227290002978407,6.541644360629993,0.17540925075059038,0.14422253216114359,0.03639823969780827,0.04967112206236284,0.00033417954228581677,0.0005657177152062805,0.000149193991611285,0.000149193991611285,-0.00025243428665563434,0.00025243428665563434,-0.00016117810748589312,0.00016117810748589312,0.00027292152886775176,0.00027292152886775176,5.92206275902285e-05,5.92206275902285e-05,-0.00010002390921342727,0.00010002390921342727,0.0002448094244193535,0.0002448094244193535,-0.0004145148017683184,0.0004145148017683184,12.307362099553394,2.0800138782972093,0.17396650768640232,0.24672203669341483,4.467038659294319e-05,3.2003653329821414e-05,0.19820174062383356,0.015627406445155565,16.786499471916322,0.00561343226769331,-0.062352617946527404,-0.0013098242457091403,-0.00017011681466620212,0.000183288141444098,-6.786099006917614e-05,-0.00027842240414260524,-0.11381926839146844,0.03252874383859125,-0.04016404044993917,0.0009296926116974854,0.00030126264647632674,-0.00032111647778057414,0.00012229353531420035,0.00048796308252945257
174,3.48,0,0.0024499089995515533,6.327525570985423,0.1726350949489803,0.1448131984059134,0.035406908832524196,0.05166458262781255,0.00032286518947198745,0.0005466056739081887,0.00014414530587819607,0.00014414530587819607,-0.00024395737342675593,0.00024395737342675593,-0.00015571967690852784,0.00015571967690852784,0.0002636758557713026,0.0002636758557713026,5.7220149406012055e-05,5.7220149406012055e-05,-9.672201494254204e-05,9.672201494254204e-05,0.00023651912838398717,0.00023651912838398717,-0.00040047778665997126,0.00040047778665997126,11.921150403217375,2.0970862432550432,0.16461936016476775,0.266922909810607,4.169677222911293e-05,2.9877776274862508e-05,0.20828973283746982,0.014040209483505475,16.784291665270345,0.006233997058775207,-0.06294932727464851,-0.001291273576893817,-0.00016430027358066014,0.0001770831971829235,-6.550242243621051e-05,-0.00026899364353128623,-0.11039033229907401,0.031028239554094828,-0.029835466406055847,0.0009275334407661542,0.00029082705427709965,-0.00031024721305872505,0.0001179283816482826,0.00047143803056595024
175,3.5,0,0.0024820040016493294,6.115622199708126,0.16983236414315592,0.14542432217391704,0.03437516315410734,0.05347096158661559,0.0003119330766353558,0.000528131624277534,0.0001392661584096455,0.0001392661584096455,-0.0002357528668978055,0.0002357528668978055,-0.00015044615979309395,0.00015044615979309395,0.0002547438875127243,0.0002547438875127243,5.5285709107177894e-05,5.5285709107177894e-05,-9.351523440105694e-05,9.351523440105694e-05,0.0002285095726507877,0.0002285095726507877,-0.00038691607749137503,0.00038691607749137503,11.537212764181403,2.1148233479743217,0.1551652337998336,0.2859143732997319,3.892089771967949e-05,2.7892301256202628e-05,0.21779425834720592,0.012697061384297477,16.782152213934353,0.006823227093858346,-0.06334160515448709,-0.0012727546789689278,-0.00015868563214758579,0.0001710882517676111,-6.322862643293154e-05,-0.0002598841934747362,-0.1069725667996983,0.029461501754157002,-0.019613893991928325,0.0009259448962444623,0.0002807320716537181,-0.00029974727076561853,0.00011368980016394774,0.000455472502827503
176,3.52,0,0.002467606002028333,5.906063124666801,0.1670027506493707,0.14603892796412787,0.03330690949441145,0.05508703834726528,0.00030137044435884906,0.0005102752947219089,0.00013455110107168933,0.00013455110107168933,-0.00022781368986256713,0.00022781368986256713,-0.0001453512820428493,0.0001453512820428493,0.0002461149219205242,0.0002461149219205242,5.3415404419165924e-05,5.3415404419165924e-05,-9.040269973829623e-05,9.040269973829623e-05,0.00022077125110096015,0.00022077125110096015,-0.0003738135848291429,0.0003738135848291429,11.155967489782352,2.1327368480911724,0.1456711530109129,0.30345817938730746,3.632965789322004e-05,2.6038087640353095e-05,0.2266784368961336,0.011594098504258112,16.780080757474956,0.00737991787320729,-0.06353217168965626,-0.0012542578982684192,-0.00015326612300843297,0.00016529617814320055,-6.103692983716053e-05,-0.0002510832417353567,-0.10357282296996131,0.02783453896744712,-0.009528326758458647,0.0009248390350254264,0.00027097545695764025,-0.0002896036812205288,0.00010958482978855097,0.00044004758696898096
177,3.54,0,0.0024552079994464293,5.698989822607119,0.16414811331555615,0.14664059833858983,0.03220610041899084,0.05651051003942475,0.00029116493849918007,0.0004930169737534767,0.00012999482727443779,0.00012999482727443779,-0.00022013279456090253,0.00022013279456090253,-0.0001404289836044459,0.0001404289836044459,0.0002377786252368672,0.0002377786252368672,5.160735042442077e-05,5.160735042442077e-05,-8.738335825992238e-05,8.738335825992238e-05,0.0002132949794043772,0.0002132949794043772,-0.0003611547635675422,0.0003611547635675422,10.777841242022664,2.1503465081099633,0.1362012738285767,0.31934377449159246,3.391080856449252e-05,2.430657364090363e-05,0.23491504021637788,0.0107249409994613,16.778076802218905,0.00790298656845156,-0.06352430838309439,-0.0012357755129124093,-0.00014803506570101196,0.0001597000979968444,-5.892457468513563e-05,-0.0002425803416616598,-0.10019776280254379,0.026153434762213615,0.00039316532809352545,0.0009241192678004894,0.00026155286537104914,-0.0002798040073178059,0.00010561775760124544,0.0004251450036848389
178,3.56,0,0.002287334002176067,5.494555056022992,0.1612704658608425,0.14721365172724296,0.03107672241669776,0.057739913229682416,0.0002813045990328302,0.0004763374913778546,0.00012559217138319312,0.00012559217138319312,-0.00021270316438840592,0.00021270316438840592,-0.00013567341109971265,0.00013567341109971265,0.00022972502000423757,0.00022972502000423757,4.985968325921242e-05,4.985968325921242e-05,-8.445597732405995e-05,8.445597732405995e-05,0.00020607188413302628,0.00020607188413302628,-0.0003489245944750771,0.0003489245944750771,10.403265263589265,2.167185925486998,0.12681636513584124,0.3333897579771254,3.165291097480854e-05,2.2689740569214767e-05,0.2424862981729568,0.010080858272853077,16.776139726502233,0.00839147313375823,-0.06332183808731005,-0.001217301874373648,-0.0001429859002350407,0.00015429337173716954,-5.6888762602905434e-05,-0.00023436539993417198,-0.09685378583335157,0.024424328265333584,0.010123514789216886,0.0009236819269380838,0.00025245827329856276,-0.0002703363129837431,0.00010179060411150958,0.0004107470863743927
179,3.58,0,0.0023091319999366533,5.292921423407563,0.15837196457866926,0.14774328690997343,0.029922784490913568,0.05877456400312936,0.00027177784926263565,0.00046021820420553907,0.00012133810809544787,0.00012133810809544787,-0.0002055178200898066,0.0002055178200898066,-0.0001310789106996335,0.0001310789106996335,0.00022194447311452723,0.00022194447311452723,4.8170563712757186e-05,4.8170563712757186e-05,-8.161915480862392e-05,8.161915480862392e-05,0.00019909339224352478,0.00019909339224352478,-0.0003371085663846974,0.0003371085663846974,10.032671665802905,2.1828078826962725,0.11757335018422443,0.3454449373757949,2.9545279739929557e-05,2.118007954821712e-05,0.24938360164233167,0.009650958665476932,16.77426878725898,0.008844541028470454,-0.06292910365468189,-0.0011988335167994939,-0.0001381122132744821,0.00014906958905817829,-5.492669160583874e-05,-0.00022642866470648368,-0.09354696216272632,0.022653394735611038,0.019636721631408074,0.0009234178787076879,0.00024368434802793173,-0.00026118913394956476,9.810354985333427e-05,0.0003968367613844126
180,3.6,0,0.0026259800033585634,5.094259793205985,0.15545489551429212,0.14821569674813379,0.028748307237189866,0.059614510170804776,0.00026257348531232483,0.0004446409833243905,0.0001172277516936493,0.0001172277516936493,-0.0001985698289948326,0.0001985698289948326,-0.0001266400212373564,0.0001266400212373564,0.0002144276840725986,0.0002144276840725986,4.653818061661763e-05,4.653818061661763e-05,-7.887133345243298e-05,7.887133345243298e-05,0.00019235122091583088,0.00019235122091583088,-0.0003256926590013057,0.0003256926590013057,9.666489815743791,2.196789276253475,0.10852491117248138,0.35538898229049853,2.7577934075624662e-05,1.9770560405168087e-05,0.25560710921760627,0.009422400046542087,16.77246312781098,0.009261477553504989,-0.06235094536954981,-0.0011803692336322601,-0.00013340775794476423,0.00014402256003997931,-5.303558547910429e-05,-0.00021876071413022926,-0.09028297239982375,0.02084682625172673,0.028907914256603898,0.0009232141583616917,0.00023522276648589252,-0.00025235145090994843,9.45553063367229e-05,0.00038339752881272213
181,3.62,0,0.002457007998600602,4.898747642617715,0.15252166122651398,0.14861815429680356,0.02755731250605184,0.060260491525169387,0.00025368066585620323,0.00042958820414769924,0.00011325635511377774,0.00011325635511377774,-0.00019185231613701588,0.00019185231613701588,-0.00012235146755590343,0.00012235146755590343,0.00020716567351544078,0.00020716567351544078,4.496075394755383e-05,4.496075394755383e-05,-7.621081769170028e-05,7.621081769170028e-05,0.0001858373677358048,0.0001858373677358048,-0.00031466332630188104,0.00031466332630188104,9.305142857318197,2.2087355786588505,0.09971915882721578,0.3631326838855011,2.5741552091698648e-05,1.845460251428453e-05,0.26116526584915495,0.009380617780614896,16.7707217867118,0.009641693805034655,-0.061592677247226967,-0.001161910121489346,-0.0001288664681979813,0.0001391463067453674,-5.121271675653772e-05,-0.00021135244525307832,-0.08706705495923349,0.01901081257648346,0.03791340611614226,0.0009229556071457159,0.0002270644873391463,-0.00024381266473059567,9.11434361283284e-05,0.0003704134438575477
182,3.64,0,0.0024136139982147142,4.706567322935116,0.14957476724234264,0.14893907467389647,0.02635381376795549,0.06071390543483184,0.00024508890204574574,0.0004150427376060831,0.00010941930879104778,0.00010941930879104778,-0.0001853584763378768,0.0001853584763378768,-0.00011820815408558616,0.00011820815408558616,0.00020014977201816727,0.00020014977201816727,4.34365375937551e-05,4.34365375937551e-05,-7.363579189030072e-05,7.363579189030072e-05,0.00017954410120976714,0.00017954410120976714,-0.00030400748050503086,0.00030400748050503086,8.949044398240389,2.2182847964716506,0.09119936808485897,0.3686178313149703,2.4027427962395653e-05,1.7226047403955192e-05,0.2660742424030564,0.009509566431827063,16.769043707491086,0.009984724250231407,-0.06066006228819579,-0.0011434595916678982,-0.00012448246858283335,0.00013443505527121037,-4.9455424240665885e-05,-0.00020419506327908055,-0.08390396103585859,0.017151522259837487,0.04663074795155861,0.0009225264910723962,0.0002191999807573973,-0.00023556257370785117,8.786462579359144e-05,0.000357869098699887
183,3.66,0,0.0022941339993849397,4.517904273368359,0.14661680831208437,0.14916805606943198,0.025141807321377243,0.060976775956376586,0.00023678804760788526,0.0004009879421840463,0.00010571213926430234,0.00010571213926430234,-0.00017908158654455507,0.00017908158654455507,-0.00011420515864524194,0.00011420515864524194,0.0001933716092100784,0.0001933716092100784,4.1963821755919284e-05,4.1963821755919284e-05,-7.114433909766039e-05,7.114433909766039e-05,0.00017346395159966647,0.00017346395159966647,-0.0002937124765881472,0.0002937124765881472,8.598595391848995,2.2251108951533203,0.0830037801533285,0.3718167206034145,2.242743179598165e-05,1.60791329776996e-05,0.27035730584378936,0.009791971506083814,16.767427749141422,0.010290225931101012,-0.059559286778582445,-0.0011250233500229212,-0.0001202500801795066,0.0001298832282168212,-4.7761125906579446e-05,-0.00019728007118090902,-0.08079791748314384,0.015275084043480311,0.05503877548066721,0.0009218120822488427,0.00021161942016633688,-0.0002275913527194574,8.471491670432187e-05,0.0003457496049085756
184,3.68,0,0.0024483089982823003,4.332945205293519,0.14365045457117662,0.14929590311923385,0.023925264516749117,0.06105172522778333,0.0002287682890992456,0.00038740765641523064,0.00010213050753343778,0.00010213050753343778,-0.00017301501788214154,0.00017301501788214154,-0.00011033772646101836,0.00011033772646101836,0.00018682310321687084,0.00018682310321687084,4.054093497396494e-05,4.054093497396494e-05,-6.873445966910544e-05,6.873445966910544e-05,0.00016758970206790349,0.00016758970206790349,-0.0002837660973315843,0.0002837660973315843,8.25418123940227,2.2289266688187657,0.07516547043808917,0.37273131532887543,2.09339720389584e-05,1.5008469224914138e-05,0.2740441303159891,0.010209587530905234,16.765872697187078,0.010557977303692378,-0.058296933730498976,-0.0011066093463294009,-0.00011616382337174415,0.0001254854375339,-4.612732794750385e-05,-0.00019059925965377335,-0.07775259771711583,0.013387568629568233,0.06311765240417351,0.000920700184676018,0.00020431284038812287,-0.0002198895341460578,8.168989795377966e-05,0.00033404057635678366
185,3.7,0,0.0022499400001834147,4.151876278586528,0.14067843771389332,0.14931463560291902,0.022708125211144802,0.06094194630437214,0.0002210201363081714,0.00037428619154559534,9.867020717579944e-05,9.867020717579944e-05,-0.00016715224702629322,0.00016715224702629322,-0.00010660126439665518,0.00010660126439665518,0.00018049645043908755,0.00018049645043908755,3.9166245780597464e-05,3.9166245780597464e-05,-6.640408925104699e-05,6.640408925104699e-05,0.0001619143801212719,0.0001619143801212719,-0.00027415653887039813,0.00027415653887039813,7.916169135048703,2.229486040523249,0.06771228105977721,0.37139208193649764,1.953996026147306e-05,1.4009015318170607e-05,0.27717005981054155,0.010743458827238027,16.7643772751737,0.010787876721200854,-0.05687995555796919,-0.0010882276945749563,-0.00011221841805125936,0.00012123647772884691,-4.455163063686432e-05,-0.00018414469740094875,-0.07477110066895709,0.011494970875423775,0.07084890862648958,0.0009190825877222219,0.00019727026602423952,-0.00021244799025265577,7.878486553197664e-05,0.00032272811264122907
186,3.72,0,0.0026431780024722684,3.974881291177869,0.1377035372829522,0.14921748510472085,0.021494292724938358,0.06065117687204662,0.0002135344128018877,0.00036160832415285367,9.532716223525917e-05,9.532716223525917e-05,-0.00016148686662023222,0.00016148686662023222,-0.00010299133538788086,0.00010299133538788086,0.0001743841156718445,0.0001743841156718445,3.783816399560713e-05,3.783816399560713e-05,-6.415111577287553e-05,6.415111577287553e-05,0.00015643124934386398,0.00015643124934386398,-0.0002648723967352176,0.0002648723967352176,7.584905672094962,2.2265857860977585,0.060666815976735344,0.3678565255964282,1.823877818025879e-05,1.3076058009663526e-05,0.2797753333524171,0.011374179435121494,16.76294015641943,0.01097994057069568,-0.055315646085884906,-0.0010698905659370951,-0.0001084087817691236,0.0001171313193855645,-4.3031731590221416e-05,-0.00017790872174105928,-0.07185593771372255,0.009603192474741215,0.07821547360421446,0.0009168564318930786,0.0001904818141067874,-0.00020525791716412018,7.599495233214494e-05,0.00031179878299447596
187,3.74,0,0.002371220998611534,3.8021399021995723,0.1347285671780393,0.14899888193352354,0.020287630647050952,0.06018367346641289,0.00020630224662016638,0.0003493592885758096,9.209742490284833e-05,9.209742490284833e-05,-0.00015601259455701302,0.00015601259455701302,-9.950365307442866e-05,9.950365307442866e-05,0.000168478822567067,0.000168478822567067,3.655514168010576e-05,3.655514168010576e-05,-6.197339520220761e-05,6.197339520220761e-05,0.00015113380140915965,0.00015113380140915965,-0.00025590265236474324,0.00025590265236474324,7.2607147255389775,2.220066681744008,0.054046496062687695,0.362207455191181,1.7024246784211174e-05,1.2205191251419579e-05,0.28190428374382775,0.012082148810565114,16.761559975871247,0.011134301074374736,-0.053611611990753816,-0.0010516120564758584,-0.00010473002628032104,0.00011316510298625759,-4.156542694004092e-05,-0.00017188392952742796,-0.06900902740887654,0.007718025183952915,0.08520170475655434,0.0009139254730618214,0.00018393777444012809,-0.00019831081996534496,7.331523250902504e-05,0.00030123961068156545
188,3.7600000000000002,0,0.002348424997762777,3.6338259081138586,0.13175636248534495,0.1486544342605322,0.019091961936507234,0.05954418596761307,0.00019931506111996183,0.00033752476905935615,8.897717301170616e-05,8.897717301170616e-05,-0.0001507232820250253,0.0001507232820250253,-9.613407662306672e-05,9.613407662306672e-05,0.00016277354443578894,0.00016277354443578894,3.531567377601519e-05,3.531567377601519e-05,-5.9868765911986926e-05,5.9868765911986926e-05,0.00014601574836186487,0.00014601574836186487,-0.0002472366600732228,0.0002472366600732228,6.943895622147845,2.2098140825318886,0.047863670883459476,0.35455100825456887,1.5890597435701647e-05,1.1392296972857167e-05,0.2836045208411896,0.012847820110422676,16.76023534191544,0.01125120376737586,-0.051775743772878344,-0.0010334080318165862,-0.00010117745286157694,0.00010933313300315041,-4.0150610867863096e-05,-0.00016606316837000312,-0.06623169779045068,0.005845134650056212,0.09179341089377421,0.0009102012329636243,0.00017762867093720514,-0.00019159849915535975,7.074080360889113e-05,0.00029103805787124206
189,3.7800000000000002,0,0.002557490999606671,3.470105590029706,0.12878976672937464,0.1481809011152977,0.01791107090360088,0.05873793224771553,0.00019256456597668663,0.0003260908915628483,8.596270737121214e-05,8.596270737121214e-05,-0.00014561292027561373,0.00014561292027561373,-9.287860573437001e-05,9.287860573437001e-05,0.000157261495385841,0.000157261495385841,3.411829845778591e-05,3.411829845778591e-05,-5.78350615817707e-05,5.78350615817707e-05,0.0001410710151604005,0.0001410710151604005,-0.0002388641344570234,0.0002388641344570234,6.634721605682693,2.195757945534163,0.04212578337232682,0.3450144684737219,1.4832444827915875e-05,1.0633526956025327e-05,0.2849261101445664,0.013651938119124933,16.758964847997564,0.011331004665241442,-0.04981618636004041,-0.0010152959513069443,-9.774654672467884e-05,0.00010563087224405906,-3.8785273863085254e-05,-0.00016043952815053648,-0.06352469589370809,0.003990044893279095,0.09797787064189663,0.0009056040254820862,0.00017154530684490492,-0.000185113037954567,6.82668502388917e-05,0.00028118201097333074
190,3.8000000000000003,0,0.00224924099893542,3.3111361490539704,0.12583161964753817,0.14757616059236253,0.01674870883526587,0.05777057293294509,0.00018604274834912212,0.00031504421521184346,8.305044896572689e-05,8.305044896572689e-05,-0.00014067564611849854,0.00014067564611849854,-8.973337582662833e-05,8.973337582662833e-05,0.00015193612178776426,0.00015193612178776426,3.2961597226099926e-05,3.2961597226099926e-05,-5.587012261355874e-05,5.587012261355874e-05,0.00013629373247126008,0.00013629373247126008,-0.00023077513822513225,0.00023077513822513225,6.3334386012490835,2.177872317518277,0.036835583125565306,0.33374390970007267,1.384476168531791e-05,9.925285753844632e-06,0.28592075714227616,0.014475764139959584,16.757747083915774,0.01137416713513361,-0.047741309442750055,-0.0009972946743061076,-9.44329707941725e-05,0.00010205393642895396,-3.746750003046114e-05,-0.00015500633282189378,-0.060888204089626974,0.002158123494608307,0.10374384586451776,0.0009000638500418338,0.0001656787965253173,-0.00017884679075525658,6.588869163120609e-05,0.0002716597664321344
191,3.8200000000000003,0,0.002273337002407061,3.1570642450062287,0.12288474558729681,0.1468391743654925,0.015608604269964384,0.056648186316315366,0.00017974186421559134,0.00030437172339791205,8.023693604336524e-05,8.023693604336524e-05,-0.0001359057461858519,0.0001359057461858519,-8.669465339089522e-05,8.669465339089522e-05,0.0001467910940606859,0.0001467910940606859,3.1844194773866796e-05,3.1844194773866796e-05,-5.3971806085728354e-05,5.3971806085728354e-05,0.0001316782297067574,0.0001316782297067574,-0.00022296007043906606,0.00022296007043906606,6.040264279221864,2.1561743128339503,0.03199138363138241,0.3209017012927979,1.2922855100678427e-05,9.264214600421505e-06,0.2866410073912854,0.015301285468631904,16.756580646660463,0.011381258485822247,-0.045559677640652,-0.0009794242514010781,-9.12325590714944e-05,9.859808898627959e-05,-3.6195463708648284e-05,-0.00014975713248256068,-0.05832186276518498,0.00035456753443195016,0.10908159010490256,0.0008935211452514768,0.00016002058613390468,-0.00017279237213371803,6.360181609064281e-05,0.00026246001696665665
192,3.84,0,0.0022490400006063282,3.008024652178708,0.11995194262492266,0.14596994938463947,0.014494479242500346,0.05537724352503055,0.00017365442988780287,0.00029406081454914657,7.75188211196709e-05,7.75188211196709e-05,-0.00013129766003122087,0.00013129766003122087,-8.375883150968377e-05,8.375883150968377e-05,0.00014182029876827124,0.00014182029876827124,3.076475865215755e-05,3.076475865215755e-05,-5.213799430180978e-05,5.213799430180978e-05,0.00012721902829797597,0.00012721902829797597,-0.00021540965514826914,0.00021540965514826914,5.755387415797094,2.1307226123354206,0.027587358409066037,0.30666391004305377,1.2062344407863134e-05,8.647176265330755e-06,0.2871394717385605,0.016111407380265653,16.755464150684222,0.01135294629231022,-0.043280020598774976,-0.0009617057034451528,-8.814130976836293e-05,9.525923604855905e-05,-3.4967425618984866e-05,-0.00014468569571761064,-0.05582479881231187,-0.0014156096756013127,0.11398285209385103,0.0008859273977962667,0.00015456246515657305,-0.0001669426468860275,6.140190448317118e-05,0.00025357183824750165
193,3.86,0,0.0023798189977242146,2.8641390440666252,0.11703597250412359,0.14496949744049564,0.013410073220798503,0.05396458411856663,0.0001677732137097265,0.00028409929260690654,7.489286791906302e-05,7.489286791906302e-05,-0.0001268459821468068,0.0001268459821468068,-8.092242553431328e-05,8.092242553431328e-05,0.00013701783101471661,0.00013701783101471661,2.9721998766163438e-05,2.9721998766163438e-05,-5.036660201368072e-05,5.036660201368072e-05,0.00012291083519501054,0.00012291083519501054,-0.00020811493040763488,0.00020811493040763488,5.478967543994389,2.1016155188149868,0.02361387077227671,0.29121763390898536,1.1259140495395823e-05,8.071240805974468e-06,0.2874680854104263,0.016890125888822122,16.754396237497296,0.01128999447171244,-0.04091120311097074,-0.000944160791376379,-8.515537835407689e-05,9.20334216382193e-05,-3.3781728723684485e-05,-0.0001397860021976012,-0.053395659346215416,-0.0031475910298890165,0.11844087439021211,0.0008772456034386873,0.00014929657071430225,-0.0001612907205169869,5.928484476501862e-05,0.0002449846760004719
194,3.88,0,0.002400417000899324,2.7255149171564494,0.11413955149184873,0.1438397931194296,0.012359176943430646,0.052417392375502504,0.00016209122794685616,0.0002744753572523989,7.235594827614822e-05,7.235594827614822e-05,-0.00012254546299364638,0.00012254546299364638,-7.818206891402335e-05,7.818206891402335e-05,0.000132377987129588,0.000132377987129588,2.8714666725937477e-05,2.8714666725937477e-05,-4.8655582414270065e-05,4.8655582414270065e-05,0.00011874853658685775,0.00011874853658685775,-0.00020106723766429886,0.00020106723766429886,5.211134885904155,2.0689886084640303,0.02005783174144599,0.27475830234473875,1.0509426470927871e-05,7.533672173883198e-06,0.28767740893222243,0.01762267987152285,16.753375584496762,0.011193259127665653,-0.03846219536613438,-0.0009268117797997827,-8.227107063316789e-05,8.891682303087041e-05,-3.263679393528164e-05,-0.00013505223552706842,-0.0510326500269605,-0.00483676720233921,0.1224503872418177,0.0008674505788298143,0.0001442153860454507,-0.00015582993036744366,5.7246739420142527e-05,0.00023668833352664026
195,3.9,0,0.0024216130004788283,2.5922446619639574,0.11126534224740922,0.14258373053373807,0.011345678898053796,0.05074317462983107,0.00015660172087106195,0.00026517759393168515,6.990503901627143e-05,6.990503901627143e-05,-0.00011839100914480533,0.00011839100914480533,-7.553450917141546e-05,7.553450917141546e-05,0.00012789525763054702,0.00012789525763054702,2.774155507767606e-05,2.774155507767606e-05,-4.7002932004205e-05,4.7002932004205e-05,0.00011472719183357183,0.00011472719183357183,-0.00019425821150133245,0.00019425821150133245,4.951990554173242,2.033012021291763,0.01690308051478163,0.2574869771513531,9.8096395919112e-06,7.031915632339769e-06,0.28781597800129266,0.018295681487173414,16.752400912950147,0.011063684181106767,-0.03594204341065177,-0.0009096811973069054,-7.94848359414488e-05,8.590574628442739e-05,-3.153111579201484e-05,-0.00013047877633450174,-0.04873357733057817,-0.006478747327944408,0.1260075977741306,0.0008565291246438734,0.00013931173458595503,-0.00015055383732215242,5.528390716333976e-05,0.00022867295962833152
196,3.92,0,0.002381620000960538,2.464404787586542,0.10841594679951691,0.14120507909427,0.010373627620806127,0.048949738154334836,0.0001512981690451888,0.00025619496372973643,6.753721883340225e-05,6.753721883340225e-05,-0.00011437768264351228,0.00011437768264351228,-7.297660401878181e-05,7.297660401878181e-05,0.00012356432045280519,0.00012356432045280519,2.6801496437633965e-05,2.6801496437633965e-05,-4.5406694440991296e-05,4.5406694440991296e-05,0.0001108420276035452,0.0001108420276035452,-0.00018767976972641423,0.00018767976972641423,4.701607008174271,1.9938874362019041,0.014130781864104788,0.23960768653779432,9.15645438257061e-06,6.563585944048095e-06,0.28792970853902294,0.018897224149274573,16.751470995068317,0.010902296805720859,-0.03335983991800244,-0.000892791596460825,-7.679326052968101e-05,8.299662192766555e-05,-3.046325818419777e-05,-0.0001260601955958913,-0.04649589409158665,-0.008069368769295399,0.12911017463246638,0.0008444800423040111,0.0001345787705883889,-0.00014545621783809,5.339288039085391e-05,0.00022092903693052304
197,3.94,0,0.0022567400010302663,2.3420553040985332,0.10559390072382814,0.13970843849041537,0.009447312993604228,0.04704517227994857,0.0001461742698099864,0.0002475167931440186,6.524966518051123e-05,6.524966518051123e-05,-0.00011050069967661634,0.00011050069967661634,-7.050531760971479e-05,7.050531760971479e-05,0.00011938003443409654,0.00011938003443409654,2.589336254876784e-05,2.589336254876784e-05,-4.386496347999391e-05,4.386496347999391e-05,0.00010708843220901682,0.00010708843220901682,-0.0001813241037939795,0.0001813241037939795,4.460028748029469,1.951844778543017,0.011719834848503469,0.22132482348500407,8.546766861793077e-06,6.1264562888298885e-06,0.2880613622047305,0.019416967638477018,16.75058466011585,0.010710202686722667,-0.030724695353591434,-0.0008761653162958306,-7.419306117936635e-05,8.018600079725681e-05,-2.9431850200523268e-05,-0.0001217912481841527,-0.0443167476231596,-0.009604705949909476,0.13175722822054992,0.0008313140082497227,0.00013000996751573354,-0.00014053105652043837,5.157039918372509e-05,0.00021344737058693017
198,3.96,0,0.002445008998620324,2.2252392651989026,0.10280166861091293,0.13809919295229525,0.008571368464471816,0.04503783271725416,0.00014122393397598824,0.00023913276380669348,6.303965118698018e-05,6.303965118698018e-05,-0.0001067554286602902,0.0001067554286602902,-6.811771692105673e-05,6.811771692105673e-05,0.0001153374330444931,0.0001153374330444931,2.5016063279204026e-05,2.5016063279204026e-05,-4.2375885113794344e-05,4.2375885113794344e-05,0.00010346195013313732,0.00010346195013313732,-0.0001751836695497475,0.0001751836695497475,4.227273227675184,1.907138709407527,0.00964728733264462,0.2028406375867369,7.977679811061712e-06,5.718447872582784e-06,0.28825007668260716,0.019846200250880824,16.74974079952144,0.010488581121898741,-0.02804570961971501,-0.0008598242500700596,-7.16810790889792e-05,7.747055001784209e-05,-2.8435582139231017e-05,-0.00011766686663694594,-0.04219302972051141,-0.011081078241196213,0.1339492866938211,0.0008170533112885523,0.00012559910451935682,-0.00013577253897073657,4.98134030646124e-05,0.00020621907736033827
199,3.98,0,0.0025692900017020293,2.1139824716387126,0.100041640911069,0.1363834647882093,0.0077508919175362945,0.042936330459567976,0.0001364412787205545,0.00023103290220146682,6.090454261375999e-05,6.090454261375999e-05,-0.00010313738782907644,0.00010313738782907644,-6.581096826019373e-05,6.581096826019373e-05,0.00011143171835035573,0.00011143171835035573,2.4168545576963574e-05,2.4168545576963574e-05,-4.0937659012319776e-05,4.0937659012319776e-05,9.995827674214247e-05,9.995827674214247e-05,-0.00016925117828690361,0.00016925117828690361,4.003331966471709,1.8600449467636726,0.007888750953891415,0.18435284733332244,7.446489015560014e-06,5.3376201899632524e-06,0.2885309640646225,0.020177878173773003,16.748938370964407,0.010238679984003834,-0.025331944262122978,-0.0008437896208689139,-6.925427404735817e-05,7.484704911766115e-05,-2.7473201718287635e-05,-0.00011368215513562405,-0.040121427851782285,-0.012495056894745483,0.13568826787960148,0.000801731460057284,0.00012134025208105185,-0.00013117504500904586,4.8119021047169295e-05,0.0001992355750660952
200,4.0,0,0.002327628000784898,2.008293334211919,0.09731613223782738,0.13456806711392036,0.006991572502627887,0.04074952727897269,0.00013182062069100212,0.0002232075694179049,5.884179485715624e-05,5.884179485715624e-05,-9.964224241351009e-05,9.964224241351009e-05,-6.358233389319734e-05,6.358233389319734e-05,0.00010765825520229866,0.00010765825520229866,2.3349792396709645e-05,2.3349792396709645e-05,-3.954853935975436e-05,3.954853935975436e-05,9.657325317640451e-05,9.657325317640451e-05,-0.00016351958810357497,0.00016351958810357497,3.788171837492121,1.810856468677657,0.006418811398824103,0.16605239734597393,6.950670415744421e-06,4.982161904544882e-06,0.28893477966214554,0.020406640960361763,16.748176401427653,0.009961810432185131,-0.022592395445789063,-0.0008280817631576522,-6.690971805907022e-05,7.23123853585126e-05,-2.6543510168760962e-05,-0.00010983237298090608,-0.03809847683759199,-0.01384347759093527,0.13697744081669574,0.0007853928855630872,0.00011722779941439866,-0.00012673318795742753,4.648457747633346e-05,0.00019248910773589774
201,4.0200000000000005,0,0.0023623230008524843,1.9081628927937173,0.09462738120608796,0.13266045561663742,0.006299788593290885,0.038486540816164365,0.00012735646931252704,0.0002156474509817957,5.684895000890311e-05,5.684895000890311e-05,-9.626580148393765e-05,9.626580148393765e-05,-6.142916878915106e-05,6.142916878915106e-05,0.00010401256563733893,0.00010401256563733893,2.2558821609508506e-05,2.2558821609508506e-05,-3.8206835177369164e-05,3.8206835177369164e-05,9.330286141433306e-05,9.330286141433306e-05,-0.00015798209555158043,0.00015798209555158043,3.581736509568915,1.7598796484413821,0.005211429120490138,0.14812138239942854,6.487868110301055e-06,4.650382311494597e-06,0.28948766267864223,0.0205288135915004,16.747453989218023,0.009659342108203142,-0.019835967105528013,-0.0008127199360230835,-6.46445930404109e-05,6.986355326149755e-05,-2.5645360053752806e-05,-0.00010611296578456514,-0.03612061048165433,-0.015123416199099196,0.1378214170130527,0.0007680913567284325,0.0001132562509329656,-0.00012244160485075226,4.490750575040758e-05,0.00018597035981704704
202,4.04,0,0.0022237439989112318,1.8135649879763425,0.09197755187323987,0.130668679123663,0.005682601200816393,0.036156763867031594,0.00012304352029942063,0.00020834354582667083,5.492363397924249e-05,5.492363397924249e-05,-9.300401443673015e-05,9.300401443673015e-05,-5.9348917476387264e-05,5.9348917476387264e-05,0.000100490323384136,0.000100490323384136,2.1794684905929174e-05,2.1794684905929174e-05,-3.69109101764127e-05,3.69109101764127e-05,9.014321950330138e-05,9.014321950330138e-05,-0.00015263212637706106,0.00015263212637706106,3.3839480194378124,1.7074303703922802,0.004240325947354423,0.1307311573336281,6.0558831550695735e-06,4.340703308763008e-06,0.2902109487243295,0.02054237136959273,16.746770304974483,0.009332697270062416,-0.017071445706492817,-0.0007977221189517353,-6.245618249744707e-05,6.749764742728536e-05,-2.4777650815083134e-05,-0.0001025195173316167,-0.03418421217720497,-0.016332241907036336,0.13822606995175973,0.00074989085356741,0.00010942052714819075,-0.0001182952917106101,4.3385461933483766e-05,0.00017967242264742161
203,4.0600000000000005,0,0.002325728000869276,1.7244565773793115,0.08936873684196282,0.12860132867235471,0.005147505616262579,0.033769905007986,0.00011887664938704488,0.00020128715884681477,5.3063553690502197e-05,5.3063553690502197e-05,-8.98529676149169e-05,8.98529676149169e-05,-5.733911100869182e-05,5.733911100869182e-05,9.708734892606507e-05,9.708734892606507e-05,2.105646670236272e-05,2.105646670236272e-05,-3.565918238500604e-05,3.565918238500604e-05,8.709057697576009e-05,8.709057697576009e-05,-0.00014746333075567263,0.00014746333075567263,3.1947084498912,1.6538301736295,0.003479353396958336,0.11404064842483976,5.652663107796158e-06,4.051652031662283e-06,0.29112105450946596,0.02044690182979198,16.74612459168655,0.008983345595110001,-0.0143074753062766,-0.0007831048477528041,-6.034186820622104e-05,6.521186056302951e-05,-2.3939326421959028e-05,-9.904776106784324e-05,-0.03228566439653119,-0.0174675837476208,0.1381985200108109,0.0007308635599465675,0.00010571571456130169,-0.0001142893432127918,4.191621965620522e-05,0.00017358781318867227
204,4.08,0,0.002350325001316378,1.6407781903465377,0.08680296207117978,0.1264674847040232,0.004701744508629224,0.031336062283260774,0.00011485090621266395,0.00019446988947395162,5.126649433823127e-05,5.126649433823127e-05,-8.680888037964246e-05,8.680888037964246e-05,-5.539736403015194e-05,5.539736403015194e-05,9.379960431508955e-05,9.379960431508955e-05,2.0343283054669037e-05,2.0343283054669037e-05,-3.4450123321681274e-05,3.4450123321681274e-05,8.414131036064672e-05,8.414131036064672e-05,-0.0001424695737085553,0.0001424695737085553,3.0139016897322697,1.5994024687362336,0.0029028389107075988,0.09819487994203982,5.276292263148051e-06,3.7818537912010953e-06,0.2922294324403285,0.020243540681194657,16.74551616376517,0.008612798743245643,-0.011552533645909621,-0.000768883062009221,-5.8299125921476315e-05,6.300348026718746e-05,-2.3129372745548713e-05,-9.569357519931872e-05,-0.030421396068746043,-0.018527342593217793,0.1377470830183489,0.0007110892871791496,0.00010213711423723638,-0.00011041901479210371,4.0497683820515785e-05,0.00016770929342622629
205,4.1,0,0.0023145300001488067,1.5624545116053836,0.08428219342621966,0.12427666193037165,0.004351008845153274,0.028865849238467908,0.00011096150842468042,0.00018788362214145466,4.953031673066155e-05,4.953031673066155e-05,-8.38681012492623e-05,8.38681012492623e-05,-5.3521371943865415e-05,5.3521371943865415e-05,9.062318834263843e-05,9.062318834263843e-05,1.9654280588254913e-05,1.9654280588254913e-05,-3.328225699948991e-05,3.328225699948991e-05,8.129191888647564e-05,8.129191888647564e-05,-0.00013764492785958728,0.00013764492785958728,2.8413952514938816,1.5444688700555882,0.002485906650630469,0.08332372522579581,4.924982540752169e-06,3.530025546899291e-06,0.2935425932982062,0.0199348923669939,16.744944405214497,0.00822260488087675,-0.008814909220681117,-0.0007550699711703914,-5.632552123953435e-05,6.086988580222687e-05,-2.234681510654453e-05,-9.245297764686211e-05,-0.02858792753380537,-0.019509693118444728,0.13688122126142524,0.0006906545419414822,9.868023409709734e-05,-0.00010667972324802801,3.912788195020921e-05,0.00016202987762283042
206,4.12,0,0.0023978169992915355,1.489395083951342,0.08180834497990633,0.12203875134898397,0.004097596587362652,0.026370606586289664,0.00010720383598263408,0.000181520516972299,4.7852954705662754e-05,4.7852954705662754e-05,-8.102710399061941e-05,8.102710399061941e-05,-5.170890817701723e-05,5.170890817701723e-05,8.755433188981054e-05,8.755433188981054e-05,1.8988635448247138e-05,1.8988635448247138e-05,-3.2154158749052e-05,3.2154158749052e-05,7.853902032928391e-05,7.853902032928391e-05,-0.00013298366645289077,0.00013298366645289077,2.6770421233405455,1.4893456830819134,0.00220476995868525,0.06954088917288637,4.5970649797566026e-06,3.294969808189068e-06,0.29506219394647143,0.01952493529173333,16.744408766963133,0.007814343193591294,-0.006102679410584377,-0.000741676940686803,-5.4418705694017335e-05,5.880854495041406e-05,-2.1590716016385595e-05,-8.932212021044183e-05,-0.026781912567976112,-0.020413084364272943,0.1356114905048369,0.0006696515241794202,9.534077727585096e-05,-0.00010306704259064123,3.780495450794648e-05,0.00015654287182101387
207,4.14,0,0.002226545002486091,1.4214951190092593,0.07938328905207981,0.11976395881811716,0.0039386041279766085,0.02386275881507483,0.00010357342564357508,0.00017537300066452618,4.623241262585731e-05,4.623241262585731e-05,-7.82824836849433e-05,7.82824836849433e-05,-4.995782153921491e-05,4.995782153921491e-05,8.458939343563458e-05,8.458939343563458e-05,1.834555227331336e-05,1.834555227331336e-05,-3.10644538998845e-05,3.10644538998845e-05,7.587934700022613e-05,7.587934700022613e-05,-0.00012848025658555425,0.00012848025658555425,2.520682632290421,1.4343405831787661,0.002036993050645161,0.05694312582664314,4.290981799818069e-06,3.0755689362079896e-06,0.29678518637489865,0.019018916138178025,16.74390876342168,0.0073896184394493586,-0.0034236895449671336,-0.0007287134003747961,-5.257641330689916e-05,5.6817011209593585e-05,-2.0860173194433123e-05,-8.629728639260111e-05,-0.025000177073004837,-0.02123623770709674,0.13394949328086223,0.0006481770156003425,9.21146193559091e-05,-9.957668704102379e-05,3.6527141097623844e-05,0.00015124169089203722
208,4.16,0,0.0022147460003907327,1.3586364043229968,0.07700886794483539,0.11746273954620441,0.0038651474652290217,0.021356425679191292,0.00010006596563046137,0.00016943375750780193,4.466676295217242e-05,4.466676295217242e-05,-7.563095279706264e-05,7.563095279706264e-05,-4.826603367052984e-05,4.826603367052984e-05,8.172485471505452e-05,8.172485471505452e-05,1.7724263195351142e-05,1.7724263195351142e-05,-3.0011816357273513e-05,3.0011816357273513e-05,7.33097418685151e-05,7.33097418685151e-05,-0.0001241293525438751,0.0001241293525438751,2.3721462968580376,1.379749518169945,0.0019617200005354993,0.04560969177908211,4.005278991022669e-06,2.870779818321262e-06,0.298704023711979,0.018423229409068247,16.74344396834057,0.006950055494562666,-0.000785533202316512,-0.0007161867728382641,-5.0796457114475916e-05,5.489292082111756e-05,-2.0154317663818424e-05,-8.337488578602223e-05,-0.023239754055255,-0.02197814724433449,0.13190781713253102,0.0006263313768265919,8.89978096211622e-05,-9.62045194238011e-05,3.5292776530734985e-05,0.0001461200303289438
209,4.18,0,0.002336826997634489,1.30068829437352,0.0746869072931477,0.11514572781602231,0.003863324088062731,0.01886850101994852,9.667729048034087e-05,0.00016369572086060197,4.315414389621797e-05,4.315414389621797e-05,-7.306933729815558e-05,7.306933729815558e-05,-4.663153657624708e-05,4.663153657624708e-05,7.895731654778108e-05,7.895731654778108e-05,1.712402686815384e-05,1.712402686815384e-05,-2.8994967116957915e-05,2.8994967116957915e-05,7.082715481763753e-05,7.082715481763753e-05,-0.00011992578963817798,0.00011992578963817798,2.231253648406095,1.3258538634281491,0.0019598695605322234,0.03560203307397983,3.7385993978480823e-06,2.6796289028072116e-06,0.3008069184496891,0.01774528959065968,16.74301401004811,0.006497293954091255,0.0018044663747047007,-0.0007041024240416456,-4.9076725988202486e-05,5.30339899930144e-05,-1.9472312043598178e-05,-8.055144961155211e-05,-0.02149791462301986,-0.02263807702357056,0.12949997885106063,0.0006042174398309277,8.598655631367175e-05,-9.294654140515786e-05,3.410028101101215e-05,0.00014117180872350553
210,4.2,0,0.0023865190014475957,1.2475087726806906,0.07241923090385523,0.1128236612579235,0.003916598733647396,0.016420627497941334,9.340337606313215e-05,0.0001581520647484802,4.169275715026899e-05,4.169275715026899e-05,-7.059457283330229e-05,7.059457283330229e-05,-4.505239024527041e-05,4.505239024527041e-05,7.628349480037403e-05,7.628349480037403e-05,1.6544127525830454e-05,1.6544127525830454e-05,-2.801267273327575e-05,2.801267273327575e-05,6.842863902487397e-05,6.842863902487397e-05,-0.00011586457809904956,0.00011586457809904956,2.09781800188236,1.2729178539642665,0.0020142948492799665,0.026963700742614703,3.489676263996354e-06,2.501207558420747e-06,0.3030781474746708,0.016993395262088703,16.742618566153137,0.006032982791216739,0.004339273675442886,-0.0006924636353752755,-4.741518162474877e-05,5.123801219408124e-05,-1.8813348978644703e-05,-7.782362655139873e-05,-0.019772194748653545,-0.023215558143725827,0.12674036503690927,0.0005819394333185037,8.307721817268556e-05,-8.979888994665815e-05,3.294815324767367e-05,0.0001363911530076695
211,4.22,0,0.0023742209996271413,1.1989455718304396,0.07020767689827684,0.11050729902398472,0.00400847572552951,0.014042965269392091,9.024033476815282e-05,0.00015279619569256962,4.028086569357603e-05,4.028086569357603e-05,-6.820370096162453e-05,6.820370096162453e-05,-4.3526720349240655e-05,4.3526720349240655e-05,7.370021648844517e-05,7.370021648844517e-05,1.5983874071201498e-05,1.5983874071201498e-05,-2.7063743767756017e-05,2.7063743767756017e-05,6.611134746289287e-05,6.611134746289287e-05,-0.00011194089715599429,0.00011194089715599429,1.9716471581811337,1.221186313757637,0.002109907421685293,0.019720487355735245,3.257327207627316e-06,2.3346677418122026e-06,0.30549839821714425,0.01617658788960493,16.742257357800515,0.005558775093561515,0.0068121571221084615,-0.0006812715972477088,-4.58098557442958e-05,4.9502855576510506e-05,-1.8176649715483078e-05,-7.518817882687346e-05,-0.01806041763125253,-0.023710384882761257,0.12364417233327882,0.0005596019063783343,8.026629402264874e-05,-8.675783087853679e-05,3.1834963158081354e-05,0.00013177238622626348
212,4.24,0,0.0022053479988244362,1.1548373381515171,0.06805411490279857,0.10820733331061339,0.004124453077476194,0.011781669917555674,8.718441085432853e-05,0.0001476217447816673,3.891679167433715e-05,3.891679167433715e-05,-6.589386547974945e-05,6.589386547974945e-05,-4.2052716019480574e-05,4.2052716019480574e-05,7.120441601129363e-05,7.120441601129363e-05,1.5442599195836237e-05,1.5442599195836237e-05,-2.6147033235632537e-05,2.6147033235632537e-05,6.387252951977306e-05,6.387252951977306e-05,-0.00010815008931103922,0.00010815008931103922,1.8525450220813238,1.1708826982194178,0.002233765701137447,0.013880774604623627,3.040448598406543e-06,2.179217953238371e-06,0.30804514992295684,0.015304506484839797,16.741930143569824,0.005076322885427603,0.009216704012951533,-0.0006705254232315748,-4.425884741100067e-05,4.782646044438528e-05,-1.7561462783555353e-05,-7.26419783103738e-05,-0.01636071153434731,-0.024122610406695555,0.12022734454215352,0.0005373087008067093,7.755041666475594e-05,-8.381975660626107e-05,3.0759346596386474e-05,0.00012731002582498256
213,4.26,0,0.0022331430009217,1.115014827746197,0.06596046394523117,0.10593429384787258,0.004252957928154009,0.009713948590974785,8.423197595875606e-05,0.00014262256000083245,3.7598914364722624e-05,3.7598914364722624e-05,-6.366230884247682e-05,6.366230884247682e-05,-4.062862769926845e-05,4.062862769926845e-05,6.879313151853995e-05,6.879313151853995e-05,1.4919658531176161e-05,1.4919658531176161e-05,-2.526143506672704e-05,2.526143506672704e-05,6.170952773355224e-05,6.170952773355224e-05,-0.00010448765481279858,0.00010448765481279858,1.7403131215480558,1.122207461304741,0.0023751282047452323,0.0094360797228101,2.8380103095665827e-06,2.034119462119105e-06,0.3106930838346507,0.014387253158276178,16.74163671310805,0.0045872720919845,0.011546835279358566,-0.0006602221885429961,-4.27603210939176e-05,4.6206837449466454e-05,-1.696706301685029e-05,-7.018200995369814e-05,-0.01467152308856216,-0.024452539672155257,0.11650656332035161,0.000515161734428946,7.492631585415363e-05,-8.098114974594144e-05,2.971998833525307e-05,0.00012299841783378355
214,4.28,0,0.002402216003247304,1.0793021208112217,0.06392871061023504,0.1036984452361165,0.00438549755273963,0.007976080875828639,8.137952475882558e-05,0.00013779269880137283,3.632566818789762e-05,3.632566818789762e-05,-6.150636868342392e-05,6.150636868342392e-05,-3.925276506888675e-05,3.925276506888675e-05,6.646350139918942e-05,6.646350139918942e-05,1.4414429829856523e-05,1.4414429829856523e-05,-2.4405882590819074e-05,2.4405882590819074e-05,5.961977463729627e-05,5.961977463729627e-05,-0.00010094924631252916,0.00010094924631252916,1.634752016114871,1.075336754438785,0.002525472418921124,0.006361786613775933,2.6490508199889217e-06,1.898682784296585e-06,0.313414516576042,0.013435196355271186,16.741376880591353,0.004093257457567545,0.013796814679434102,-0.0006503569705557105,-4.1312502483901995e-05,4.464206329991157e-05,-1.6392749728873952e-05,-6.780534607448636e-05,-0.01299162583516121,-0.02470073172084772,0.11249897000377687,0.0004932608993642608,7.239093050078e-05,-7.823870747774447e-05,2.8715664398816964e-05,0.00011883319396058965
215,4.3,0,0.002390517998719588,1.0475178417523947,0.06196092688261394,0.10150967737851171,0.004516393869046366,0.006795620495297616,7.862367078287499e-05,0.00013312642156335918,3.5095540814211734e-05,3.5095540814211734e-05,-5.942347450681211e-05,5.942347450681211e-05,-3.792349504089243e-05,3.792349504089243e-05,6.421276096033132e-05,6.421276096033132e-05,1.3926312178003108e-05,1.3926312178003108e-05,-2.357934708260032e-05,2.357934708260032e-05,5.760078971104579e-05,5.760078971104579e-05,-9.753066449488126e-05,9.753066449488126e-05,1.535662584061052,1.030421460148953,0.0026784805820546475,0.0046180457916109,2.4726726429495635e-06,1.7722644118265224e-06,0.31617984744160543,0.012458901541869747,16.741150478098174,0.0035958978527792693,0.01596126313752333,-0.0006409229326146815,-3.991367807170316e-05,4.313028047901698e-05,-1.5837846414623934e-05,-6.550916568988957e-05,-0.011320124658873183,-0.024867980239413737,0.10822242290446127,0.000471701897051462,6.994122060994233e-05,-7.558914104472902e-05,2.774516571250087e-05,0.00011480901922983926
216,4.32,0,0.002411713998299092,1.0194763721177253,0.060059286961642755,0.0993773897398238,0.004642376032523314,0.006442690574774547,7.596114235170616e-05,0.0001286181832180421,3.390707132405746e-05,3.390707132405746e-05,-5.7411144282044316e-05,5.7411144282044316e-05,-3.66392398216675e-05,3.66392398216675e-05,6.203823899806245e-05,6.203823899806245e-05,1.3454725236394793e-05,1.3454725236394793e-05,-2.2780836265519613e-05,2.2780836265519613e-05,5.565017642114806e-05,5.565017642114806e-05,-9.422785133705961e-05,9.422785133705961e-05,1.4428471801363802,0.9875865591500833,0.002829993999610205,0.004150826184228878,2.3080380589504666e-06,1.6542637054309845e-06,0.3189580186152971,0.011468938985111097,16.740957348990527,0.00309679153944951,0.018035167487670426,-0.0006319114076919639,-3.856219236219311e-05,4.1669694365327454e-05,-1.5301699545319825e-05,-6.329074334830938e-05,-0.009656455382508554,-0.024955315666487964,0.10369521750735496,0.0004505762461358791,6.757428547550241e-05,-7.30293056844758e-05,2.6807343465205464e-05,0.00011092111707900925
217,4.34,0,0.002291333999892231,0.9949890453101963,0.058226082163345204,0.09731037075551738,0.004762175242470836,0.0069950691901913085,7.338877868743542e-05,0.00012426262733305766,3.2758848438396715e-05,3.2758848438396715e-05,-5.5466981369784184e-05,5.5466981369784184e-05,-3.539847504169247e-05,3.539847504169247e-05,5.9937354718168506e-05,5.9937354718168506e-05,1.299910851104702e-05,1.299910851104702e-05,-2.2009392948753426e-05,2.2009392948753426e-05,5.3765619394406964e-05,5.3765619394406964e-05,-9.103688626515183e-05,9.103688626515183e-05,1.3561106576370505,0.9469308256576251,0.0029779378496669075,0.004893099297556367,2.15436513489335e-06,1.5441200551714367e-06,0.32171697721963743,0.010475760311450978,16.74079734138286,0.002597511635773206,0.020013888983926864,-0.0006233120010702858,-3.725644582123626e-05,4.0258571107523706e-05,-1.4783677679504302e-05,-6.114744589241857e-05,-0.008000380383192875,-0.024963995183815195,0.0989360748128217,0.00042997033108390173,6.528732704784212e-05,-7.055616289018815e-05,2.590109329077603e-05,0.00010716487279453882
218,4.36,0,0.0022779360006097704,0.9738653117138554,0.056463732844082654,0.09531667440342294,0.004876174295589519,0.008225653361817978,7.09035261408965e-05,0.00012005457962949726,3.16495088110158e-05,3.16495088110158e-05,-5.358867148005184e-05,5.358867148005184e-05,-3.4199727947326064e-05,3.4199727947326064e-05,5.7907614678963944e-05,5.7907614678963944e-05,1.2558920652105954e-05,1.2558920652105954e-05,-2.1264093681705248e-05,2.1264093681705248e-05,5.194488166910399e-05,5.194488166910399e-05,-8.795398149661378e-05,8.795398149661378e-05,1.275261250675175,0.9085268419328141,0.003122218735498028,0.006766137322878738,2.0109240076851167e-06,1.4413102090015295e-06,0.3244241353407119,0.009489568931217104,16.740670301780725,0.00209960174473775,0.02189317050498284,-0.0006151127066234176,-3.599489291593118e-05,3.88952355703213e-05,-1.4283170632426964e-05,-5.907672933229296e-05,-0.006351980106648912,-0.024895494551772826,0.09396407605279894,0.0004099647223434206,6.307764526525437e-05,-6.81667768601204e-05,2.5025352353866856e-05,0.0001035358280062811
219,4.38,0,0.002400615998340072,0.9559138640551705,0.05477479608559606,0.09340349669959615,0.004986116019824587,0.009839158880416227,6.850243454841524e-05,0.0001159890417226001,3.057773538139852e-05,3.057773538139852e-05,-5.1773979740183446e-05,5.1773979740183446e-05,-3.3041575653758315e-05,3.3041575653758315e-05,5.5946609837692805e-05,5.5946609837692805e-05,1.2133638778499822e-05,1.2133638778499822e-05,-2.0544047459238476e-05,2.0544047459238476e-05,5.018580203917174e-05,5.018580203917174e-05,-8.497547754059209e-05,8.497547754059209e-05,1.2001113144874516,0.8724213195711465,0.003264597496837884,0.009680904747407348,1.8770334156239649e-06,1.3453457799727062e-06,0.327046821860972,0.008520198432430612,16.74057606896451,0.001604571755625665,0.023669142454256293,-0.0006073000348984356,-3.477604024126901e-05,3.7578069348138416e-05,-1.3799588696012009e-05,-5.707613582483645e-05,-0.004711640810736731,-0.02475149945560421,0.08879859746367227,0.0003906335862490962,6.0942633733107875e-05,-6.585831110914411e-05,2.4179096820747695e-05,0.00010002967537282548
220,4.4,0,0.002453207998769358,0.9409437136374668,0.05316196769237548,0.0915770556316112,0.0050948541502825444,0.011635945602464025,6.618265371408235e-05,0.00011206118507976608,2.954225578660763e-05,2.954225578660763e-05,-5.002074787082208e-05,5.002074787082208e-05,-3.1922643457027444e-05,3.1922643457027444e-05,5.405201269687375e-05,5.405201269687375e-05,1.172275782934662e-05,1.172275782934662e-05,-1.9848394478481642e-05,1.9848394478481642e-05,4.848629248835985e-05,4.848629248835985e-05,-8.209783885078107e-05,8.209783885078107e-05,1.1304779235700695,0.838635711815521,0.003408540008158588,0.013539523006350185,1.752057461055255e-06,1.2557709201481586e-06,0.32955272063467367,0.007577000165665506,16.740514468188117,0.0011138938278916393,0.02533832736155874,-0.0005998591512350319,-3.359844472638422e-05,3.63055088466077e-05,-1.33323619059701e-05,-5.514329075583215e-05,-0.00308003881977216,-0.024533896386701292,0.08345924536512223,0.00037204418317018483,5.887977574423991e-05,-6.362802507653591e-05,2.3361339502095425e-05,9.664225345021542e-05
221,4.42,0,0.0027389630013203714,0.9287652090385705,0.05162807688862807,0.08984247872052908,0.0052061243062984635,0.013504365070705801,6.394143001257465e-05,0.00010826634518930685,2.85418408291771e-05,2.85418408291771e-05,-4.8326891467538404e-05,4.8326891467538404e-05,-3.084160320310225e-05,3.084160320310225e-05,5.222157454701427e-05,5.222157454701427e-05,1.1325789939786723e-05,1.1325789939786723e-05,-1.9176304947096126e-05,1.9176304947096126e-05,4.6844335711344236e-05,4.6844335711344236e-05,-7.931764962567611e-05,7.931764962567611e-05,1.0661833292872365,0.8071670982648719,0.0035590488659020475,0.018236787596289886,1.6354025888211926e-06,1.1721601500650145e-06,0.33191028991520943,0.006668741075425295,16.740485305755964,0.0006289985660229612,0.026897643196061676,-0.0005927740221072646,-3.2460711914661714e-05,3.5076043427439244e-05,-1.2880939348310911e-05,-5.3275899921072416e-05,-0.0014581216076246031,-0.0242447630934339,0.07796579172514692,0.00035425645638836856,5.6886640586125184e-05,-6.147327095842242e-05,2.257112788295963e-05,9.33695417379867e-05
222,4.44,0,0.0024150140015990473,0.9191909898712436,0.05017607199550752,0.08820370291404694,0.005324314320559524,0.015382365619510271,6.177610310885584e-05,0.00010460001593338304,2.7575302999849338e-05,2.7575302999849338e-05,-4.6690397385187936e-05,4.6690397385187936e-05,-2.979717171214258e-05,2.979717171214258e-05,5.0453122802524646e-05,5.0453122802524646e-05,1.0942263840796329e-05,1.0942263840796329e-05,-1.852697794252657e-05,1.852697794252657e-05,4.5257982718830726e-05,4.5257982718830726e-05,-7.663160975124901e-05,7.663160975124901e-05,1.0070552803593413,0.7779893207749452,0.0037224789974488774,0.02366171720522916,1.5265147661263954e-06,1.0941163333263983e-06,0.3340891583673669,0.005803512673565478,16.740488364034814,0.00015127139330038984,0.028344405403799705,-0.0005860275678469213,-3.1361494311885146e-05,3.3888213615850674e-05,-1.2444788500703517e-05,-5.147174680316061e-05,0.00015291394264335678,-0.023886358636128577,0.07233811038690163,0.0003373227130171497,5.496088013882768e-05,-5.939149057942845e-05,2.1807542380369587e-05,9.020765589559008e-05
223,4.46,0,0.0023041319982439745,0.9120368692606056,0.04880899536141331,0.08666339175963897,0.005454219299795573,0.017233431113168968,5.968410279027152e-05,0.000101057844158339,2.6641495052159847e-05,2.6641495052159847e-05,-4.5109321221796136e-05,4.5109321221796136e-05,-2.8788109256105976e-05,2.8788109256105976e-05,4.874455842751516e-05,4.874455842751516e-05,1.0571724281982497e-05,1.0571724281982497e-05,-1.7899640320947052e-05,1.7899640320947052e-05,4.372535052380583e-05,4.372535052380583e-05,-7.403653088122939e-05,7.403653088122939e-05,0.9529272112761862,0.7510543471284657,0.003906340312662933,0.029699114793234012,1.4248768503518784e-06,1.0212687865931131e-06,0.3360604934650815,0.004988651884081428,16.740523396949484,-0.0003179508683177112,0.02967632768637436,-0.0005796018199044994,-3.0299489798346723e-05,3.274060936910094e-05,-1.202339460856713e-05,-4.972868994069578e-05,0.001751645733255619,-0.02346111308090505,0.06659611412873279,0.00032128739712110235,5.3100225676921544e-05,-5.738021233748701e-05,2.1069694606819204e-05,8.715284312324197e-05
224,4.48,0,0.002288333998876624,0.9071226397769184,0.04752994596002446,0.08522287469927156,0.005600776319362959,0.019034474294144683,5.7662945907142474e-05,9.763562443570212e-05,2.5739308627703572e-05,2.5739308627703572e-05,-4.3581784898472695e-05,4.3581784898472695e-05,-2.7813218087535674e-05,2.7813218087535674e-05,4.709385344844133e-05,4.709385344844133e-05,1.0213731475583465e-05,1.0213731475583465e-05,-1.7293545674253326e-05,1.7293545674253326e-05,4.224461990618117e-05,4.224461990618117e-05,-7.152933265033286e-05,7.152933265033286e-05,0.9036383051851379,0.7262938372007739,0.004119090564656277,0.03623112116544547,1.3300061322760152e-06,9.53271515894947e-07,0.33779733857812705,0.00423067431811725,16.740590126003806,-0.000777383205662883,0.030891521540859532,-0.0005734780808227706,-2.927344010087731e-05,3.1631868402058436e-05,-1.1616260086575215e-05,-4.804466038667319e-05,0.0033364527162155627,-0.02297161686725859,0.06075969272425846,0.0003061869540864408,5.1302484873470724e-05,-5.5437048352125314e-05,2.0356726099595837e-05,8.420147770112965e-05
225,4.5,0,0.0022673380008200184,0.9042727986616126,0.04634202841806351,0.08388211280556217,0.005768785358983492,0.020769868174929026,5.5710233418492156e-05,9.432929400731219e-05,2.486767292975145e-05,2.486767292975145e-05,-4.210597433179203e-05,4.210597433179203e-05,-2.6871341018586126e-05,2.6871341018586126e-05,4.549904855073684e-05,4.549904855073684e-05,9.867860562118302e-06,9.867860562118302e-06,-1.6707973333621527e-05,1.6707973333621527e-05,4.081403325317443e-05,4.081403325317443e-05,-6.910703901592874e-05,6.910703901592874e-05,0.859033439160242,0.7036208848725055,0.004369921590997809,0.04313874240039295,1.2414520430171519e-06,8.898015707917941e-07,0.33927491558219025,0.0035352203654538702,16.740688236860382,-0.0012257954033501955,0.03198849458415755,-0.0005676370851378477,-2.8282129320221078e-05,3.056067457009281e-05,-1.122290394836398e-05,-4.6417659253043865e-05,0.0049055428289470696,-0.022420609884365634,0.05484865216490073,0.0002920497842461506,4.956553903281166e-05,-5.355969159828109e-05,1.9667806910561755e-05,8.135005668146617e-05
226,4.5200000000000005,0,0.0024475089994666632,0.9033171892862186,0.04524828783929797,0.08263969432704123,0.005962634608409068,0.022428404649717286,5.382364753837798e-05,9.113492790791272e-05,2.402555344310775e-05,2.402555344310775e-05,-4.068013719502373e-05,4.068013719502373e-05,-2.5961360047566107e-05,2.5961360047566107e-05,4.395825075643924e-05,4.395825075643924e-05,9.533701095465474e-06,9.533701095465474e-06,-1.6142227417283046e-05,1.6142227417283046e-05,3.943189247285596e-05,3.943189247285596e-05,-6.676677472378923e-05,6.676677472378923e-05,0.8189630209551841,0.6829319078466809,0.004668542071428357,0.05030333351314599,1.1587940137342166e-06,8.305575084780448e-07,0.3404708903793998,0.0029070143160978075,16.740817376504392,-0.0016620148091763495,0.032966147688209005,-0.000562059159482166,-2.732438251145924e-05,2.9525756306343256e-05,-1.0842861256931032e-05,-4.484575533849052e-05,0.006456982200418217,-0.02181097029130769,0.04888265520257279,0.0002788962827840846,4.788734043809199e-05,-5.174591318747823e-05,1.9002134571647457e-05,7.85951957276669e-05
227,4.54,0,0.002437610997731099,0.9040915568749224,0.044251630686679054,0.08149286206855409,0.006186056135962934,0.024001671176264346,5.200094898025601e-05,8.80487342588715e-05,2.3211950699209005e-05,2.3211950699209005e-05,-3.93025807644901e-05,3.93025807644901e-05,-2.5082195032444243e-05,2.5082195032444243e-05,4.2469631180178527e-05,4.2469631180178527e-05,9.21085654714826e-06,9.21085654714826e-06,-1.559563592073648e-05,1.559563592073648e-05,3.8096556978380134e-05,3.8096556978380134e-05,-6.450576189370642e-05,6.450576189370642e-05,0.7832827273720939,0.6641086568124381,0.00502495986516335,0.05760802192535186,1.0816394779388751e-06,7.75257960458937e-07,0.34136559928078974,0.0023498365550572975,16.740977151008813,-0.0020849288715074177,0.033823770955519125,-0.0005567243802413255,-2.639906431469029e-05,2.8525885111497393e-05,-1.047568259927947e-05,-4.332708283657756e-05,0.007988725220866667,-0.0211457031165534,0.04288116336550622,0.0002667389620420313,4.626590983844733e-05,-4.999355974229308e-05,1.8358932882578006e-05,7.593362509564835e-05
228,4.5600000000000005,0,0.0022462410015577916,0.9064380175868743,0.04335473316816449,0.08043757300266961,0.006441938839080462,0.025483142596966463,5.023997429508247e-05,8.506704972674241e-05,2.2425899083911016e-05,2.2425899083911016e-05,-3.797166984748667e-05,3.797166984748667e-05,-2.4232802408818976e-05,2.4232802408818976e-05,4.103142286086349e-05,4.103142286086349e-05,8.89894382871681e-06,8.89894382871681e-06,-1.5067549846980321e-05,1.5067549846980321e-05,3.680644174050606e-05,3.680644174050606e-05,-6.232131672090465e-05,6.232131672090465e-05,0.7518531552330967,0.6470203150559802,0.005449266882369682,0.06493905566173265,1.0096220068682188e-06,7.236402949212065e-07,0.34194223477354546,0.0018665087071359045,16.741167123910373,-0.002493487444952167,0.03456103856741778,-0.0005516127272105422,-2.5505077632136638e-05,2.7559874095358125e-05,-1.0120933576906588e-05,-4.1859839121535454e-05,0.009498645078017016,-0.02042792867223747,0.03686338059493226,0.00025558265153915116,4.469933412768248e-05,-4.83005508069633e-05,1.7737451118644173e-05,7.336218575210518e-05
229,4.58,0,0.0022940329981793184,0.9102054410864698,0.04255993998523182,0.07946858874052157,0.006732218416459483,0.026867650189994027,4.8538633300553426e-05,8.218633514067942e-05,2.166646568696473e-05,2.166646568696473e-05,-3.668582478828707e-05,3.668582478828707e-05,-2.34121739515758e-05,2.34121739515758e-05,3.964191866648948e-05,3.964191866648948e-05,8.597592831782741e-06,8.597592831782741e-06,-1.455734237501356e-05,1.455734237501356e-05,3.556001540608788e-05,3.556001540608788e-05,-6.0210846289312745e-05,6.0210846289312745e-05,0.7245393966186136,0.631525659641015,0.005951429303052525,0.0721870626731886,9.423995690742373e-07,6.754593683856076e-07,0.3421869897641921,0.0014588914486044218,16.741386815197686,-0.002886704861331057,0.03517800254032223,-0.0005467042318047214,-2.464136235101246e-05,2.662657656708092e-05,-9.778194317910724e-06,-4.0442282609040326e-05,0.010984564365946671,-0.019660870818944503,0.03084819864522284,0.0002454247702910481,4.31857640562087e-05,-4.666487641386039e-05,1.7136962949793238e-05,7.087782562475653e-05
230,4.6000000000000005,0,0.0022832360009488184,0.9152497477128915,0.041869157817362314,0.07857959376658445,0.007057850916590832,0.028151058466339644,4.6894906597734746e-05,7.940317126276193e-05,2.0932749191182598e-05,2.0932749191182598e-05,-3.54435195487148e-05,3.54435195487148e-05,-2.2619335578233368e-05,2.2619335578233368e-05,3.829946926969711e-05,3.829946926969711e-05,8.306445984263e-06,8.306445984263e-06,-1.4064408064112785e-05,1.4064408064112785e-05,3.4355798480301646e-05,3.4355798480301646e-05,-5.817184549289305e-05,5.817184549289305e-05,0.7012105505340765,0.6174752556521437,0.006541085785340219,0.07924820927752728,8.796529059241062e-07,6.304863606583501e-07,0.34208915994883193,0.0011278945510026872,16.741635700905498,-0.0032636617636681024,0.0356750854280058,-0.0005419791184969242,-2.3806894109419697e-05,2.5724884673326413e-05,-9.447059002305845e-06,-3.9072730689428635e-05,0.01244428539022576,-0.018847845116852273,0.02485414438417831,0.00023625566538985584,4.1723412079638316e-05,-4.508459468772523e-05,1.6556765780243954e-05,6.84775959805842e-05
231,4.62,0,0.0024428100005025044,0.9214341222882205,0.041283749329669335,0.07776333684310882,0.0074188618674797275,0.029330060925060443,4.530684317245833e-05,7.671425470564957e-05,2.022387880018517e-05,2.022387880018517e-05,-3.4243279860081206e-05,3.4243279860081206e-05,-2.185334619281276e-05,2.185334619281276e-05,3.7002481191628646e-05,3.7002481191628646e-05,8.025157822943996e-06,8.025157822943996e-06,-1.3588162092312557e-05,1.3588162092312557e-05,3.3192361570443755e-05,3.3192361570443755e-05,-5.6201894061353854e-05,5.6201894061353854e-05,0.6817391834859892,0.6047136556974805,0.00722735610722741,0.08602524738677574,8.210840153014933e-07,5.885076875043275e-07,0.34164120450533475,0.0008734985808544457,16.741913213301647,-0.003623506701652697,0.03605307201049023,-0.0005374179382913142,-2.300068310240387e-05,2.4853728082253383e-05,-9.127135405783704e-06,-3.774955773089734e-05,0.013875619807573389,-0.017992246899229736,0.018899329124221875,0.000228059010280507,4.031055035079104e-05,-4.355782955365121e-05,1.5996179826107165e-05,6.615864792656512e-05
232,4.64,0,0.0025329959971713834,0.9286291474654714,0.040804434550418434,0.07701178986884297,0.007814451938271414,0.03040204630145638,4.377255807835714e-05,7.411639399205481e-05,1.9539013203007105e-05,1.9539013203007105e-05,-3.308368144334104e-05,3.308368144334104e-05,-2.111329656895311e-05,2.111329656895311e-05,3.5749414911817285e-05,3.5749414911817285e-05,7.753394581144768e-06,7.753394581144768e-06,-1.3128039526756255e-05,1.3128039526756255e-05,3.20683236892166e-05,3.20683236892166e-05,-5.42986536866955e-05,5.42986536866955e-05,0.6660007515917525,0.5930815778802823,0.008018662464652559,0.09242844193158974,7.664147362892594e-07,5.493239858385498e-07,0.34083876582345507,0.0006947875495152165,16.74221874164686,-0.003965457487739839,0.03631310001266477,-0.0005330016931764451,-2.222177292897703e-05,2.401207271275159e-05,-8.81804445622443e-06,-3.647119315030641e-05,0.015276417260490317,-0.017097539304357097,0.013001400108726732,0.00022081225574345216,3.8945508671342326e-05,-4.20827684750897e-05,1.5454547477963644e-05,6.391822902954679e-05
233,4.66,0,0.0024699060013517737,0.936712860305887,0.04043120690817929,0.0763163178323942,0.008243135298769697,0.031365007839163704,4.2290230198508865e-05,7.160650575078461e-05,1.88773395741193e-05,1.88773395741193e-05,-3.196334829434802e-05,3.196334829434802e-05,-2.0398308270719312e-05,2.0398308270719312e-05,3.453878304186574e-05,3.453878304186574e-05,7.490833790591012e-06,7.490833790591012e-06,-1.2683494624425972e-05,1.2683494624425972e-05,3.0982350615482756e-05,3.0982350615482756e-05,-5.245986524716237e-05,5.245986524716237e-05,0.6538729968208019,0.5824180367495008,0.008922565407929822,0.09837637167508004,7.153854280971484e-07,5.127491665837149e-07,0.33968064948244175,0.0005899916911936186,16.742551633500693,-0.004288802313778042,0.036456649898079244,-0.0005287119506510328,-2.1469239475415772e-05,2.3198919506106632e-05,-8.519419804496313e-06,-3.52361195492911e-05,0.016644592691780487,-0.01616724130191012,0.00717749427072395,0.0002144871262706197,3.762667267806295e-05,-4.065766033224807e-05,1.4931232586405742e-05,6.175368005076535e-05
234,4.68,0,0.002530295998440124,0.945570736484663,0.04016327083835967,0.07566785336582921,0.008702888204661006,0.03221747948046232,4.0858100083497785e-05,6.918161104438684e-05,1.8238072608256495e-05,1.8238072608256495e-05,-3.088095103152902e-05,3.088095103152902e-05,-1.9707532609880563e-05,1.9707532609880563e-05,3.336914856085306e-05,3.336914856085306e-05,7.237163898055066e-06,7.237163898055066e-06,-1.2254000161292468e-05,1.2254000161292468e-05,2.993315331053961e-05,2.993315331053961e-05,-5.0683346125289484e-05,5.0683346125289484e-05,0.6452353297741726,0.572562403299263,0.009945616141720692,0.10379659840740108,6.677537369732486e-07,4.786095306696827e-07,0.33816876614448,0.0005565394456677763,16.742911196541716,-0.0045929006287749935,0.036485533785558064,-0.0005245309475650588,-2.074218983675304e-05,2.2413303239545823e-05,-8.2309074099859e-06,-3.4042870913471e-05,0.01797815205079676,-0.015204915749847617,0.0014441943739407354,0.00020905015429869265,3.63524819331367e-05,-3.9280813328040296e-05,1.4425619725520735e-05,5.9662431791005145e-05
235,4.7,0,0.002311131000169553,0.9550956071470208,0.03999900658342138,0.0750570697455421,0.009191290679343527,0.03295848924120393,3.9474467862610486e-05,6.68388318234496e-05,1.7620453587607887e-05,1.7620453587607887e-05,-2.9835205303071996e-05,2.9835205303071996e-05,-1.904014963866052e-05,1.904014963866052e-05,3.223912311032568e-05,3.223912311032568e-05,6.99208389487449e-06,6.99208389487449e-06,-1.1839046788315118e-05,1.1839046788315118e-05,2.891948638803388e-05,2.891948638803388e-05,-4.896698761684522e-05,4.896698761684522e-05,0.6399682110642346,0.563356371878717,0.01109322664467314,0.10862620130625551,6.232934452145071e-07,4.467429439523378e-07,0.3363080374538007,0.000591117636391245,16.743296700864377,-0.004877183779127037,0.03640188353832067,-0.0005204416826722741,-2.003976127226807e-05,2.1654291379870467e-05,-7.95216513687909e-06,-3.289003087261896e-05,0.019275216133020995,-0.014214157517602188,-0.004182512361869603,0.00020446324463923487,3.512142822424864e-05,-3.79505929837678e-05,1.3937113655340417e-05,5.764200204260134e-05
236,4.72,0,0.0023324269968725275,0.9651875139718937,0.03993596570970399,0.07447454691811346,0.009705650817221391,0.033587523727639214,3.813769122614501e-05,6.457538750304586e-05,1.7023749481537287e-05,1.7023749481537287e-05,-2.882487025125878e-05,2.882487025125878e-05,-1.8395367176460287e-05,1.8395367176460287e-05,3.1147365346905695e-05,3.1147365346905695e-05,6.755302959127185e-06,6.755302959127185e-06,-1.1438142412945204e-05,1.1438142412945204e-05,2.7940146635697027e-05,2.7940146635697027e-05,-4.730875242758142e-05,4.730875242758142e-05,0.6379525428666609,0.5546458138658282,0.01236955878734387,0.1128121750154727,5.817933968243111e-07,4.1699806711685303e-07,0.3341062684089302,0.0006897387654222136,16.743707381710944,-0.005141155413349772,0.036208138077169556,-0.0005164279974439388,-1.936112019579008e-05,2.0920982976189486e-05,-7.682862364803751e-06,-3.1776231019722234e-05,0.02053404232852566,-0.01319858171113671,-0.00968727305755572,0.00020068426141677052,3.393205382389928e-05,-3.666542018404895e-05,1.346513860376703e-05,5.568999264483667e-05
237,4.74,0,0.002288333998876624,0.9757535084420792,0.039970898213389575,0.07391092612867807,0.010243107187404022,0.03410449995432905,3.6846183476076e-05,6.238859165676025e-05,1.644725207650133e-05,1.644725207650133e-05,-2.784874703137092e-05,2.784874703137092e-05,-1.777241986949951e-05,1.777241986949951e-05,3.0092579350568448e-05,3.0092579350568448e-05,6.526540110907142e-06,6.526540110907142e-06,-1.1050811604493414e-05,1.1050811604493414e-05,2.6993971587145485e-05,2.6993971587145485e-05,-4.570667225480781e-05,4.570667225480781e-05,0.6390690815940598,0.5462825001198905,0.013777433344788136,0.11631169171348299,5.430564947010623e-07,3.8923363689139736e-07,0.3315739890084735,0.0008478142941124886,16.744142442592647,-0.005384391654050506,0.03590702997100322,-0.0005124746448461755,-1.870546119850532e-05,2.021250758977498e-05,-7.422679609069088e-06,-3.0700149286942936e-05,0.021753044085017124,-0.012161812035036672,-0.015055405308316408,0.00019766762988816312,3.278294986423814e-05,-3.5423769320725556e-05,1.3009137786733083e-05,5.380408663896524e-05
238,4.76,0,0.0025428929984627757,0.9867074016695063,0.040099809285657324,0.07335704986741312,0.010800709107869268,0.03450974197188361,3.559841164294651e-05,6.0275848824131813e-05,1.5890277135888198e-05,1.5890277135888198e-05,-2.690567738297305e-05,2.690567738297305e-05,-1.717056828248742e-05,1.717056828248742e-05,2.9073513086748562e-05,2.9073513086748562e-05,6.305523878813446e-06,6.305523878813446e-06,-1.0676595022305674e-05,1.0676595022305674e-05,2.6079838142049287e-05,2.6079838142049287e-05,-4.4158845450909415e-05,4.4158845450909415e-05,0.6431978818984356,0.5381256765250134,0.015318259516910362,0.11909222909659851,5.068987646002677e-07,3.6331779514695915e-07,0.32872426825416867,0.0010602327434176644,16.744601058751236,-0.005606541040575173,0.035501571359425874,-0.0005085673459328449,-1.8072006103919723e-05,1.9528024260842494e-05,-7.171308154663301e-06,-2.966050837655217e-05,0.022930807929679185,-0.011107469326233427,-0.020272930578867407,0.0001953649456665305,3.167275472927962e-05,-3.422416644662427e-05,1.2568572720289282e-05,5.198204551953806e-05
239,4.78,0,0.0025366939989908133,0.9979694713776461,0.04031804128927109,0.07280408500472858,0.011375477080553918,0.03480396066121309,3.439289466646092e-05,5.823465142733356e-05,1.5352163588222556e-05,1.5352163588222556e-05,-2.5994542251365526e-05,2.5994542251365526e-05,-1.6589098020769466e-05,1.6589098020769466e-05,2.8088956920418165e-05,2.8088956920418165e-05,6.091991978318667e-06,6.091991978318667e-06,-1.0315048865279387e-05,1.0315048865279387e-05,2.519666123303112e-05,2.519666123303112e-05,-4.266343476602425e-05,4.266343476602425e-05,0.6502177813613472,0.5300434793375745,0.01699198528885596,0.12113156777072683,4.7314848141531044e-07,3.3912746268630426e-07,0.32557250382838115,0.0013214414294432438,16.745082380909754,-0.005807324246441367,0.03499503926354414,-0.0005046928342507882,-1.74600030534491e-05,1.8866720509381587e-05,-6.92844970007322e-06,-2.865607424497857e-05,0.024066107925968097,-0.010039160293309708,-0.025326604794086577,0.00019372558410283756,3.0600152523531116e-05,-3.306518757304554e-05,1.2142922729504094e-05,5.022170657867986e-05
240,4.8,0,0.0032767759985290468,1.009466132806764,0.0406203746379599,0.07224362805960438,0.011964446781510167,0.03498823559617474,3.322820163789838e-05,5.626257679327041e-05,1.4832272743181552e-05,1.4832272743181552e-05,-2.5114260457204883e-05,2.5114260457204883e-05,-1.6027318882338992e-05,1.6027318882338992e-05,2.7137742180465314e-05,2.7137742180465314e-05,5.885691001017435e-06,5.885691001017435e-06,-9.9657443418776e-06,9.9657443418776e-06,2.434339253771069e-05,2.434339253771069e-05,-4.121866516719402e-05,4.121866516719402e-05,0.6600059342912863,0.5219141795214457,0.018797068688771346,0.12241766301334289,4.41645353635533e-07,3.16547754741865e-07,0.3221361909448674,0.0016255306485512342,16.74558553925935,-0.005986533576331569,0.03439096034216527,-0.0005008388881930984,-1.6868725622256974e-05,1.8227811371095707e-05,-6.693816012857113e-06,-2.768565463817071e-05,0.025157917479654596,-0.008960466494510037,-0.030203946068944,0.00019269730288449052,2.9563871559606456e-05,-3.1945456914293984e-05,1.173168436080539e-05,4.8520980340393014e-05
241,4.82,0,0.0024778050028544385,1.0211295803756002,0.041001140290015725,0.07166779247074395,0.012564700169759717,0.03506399823477772,3.2102950102027826e-05,5.435728427724349e-05,1.4329987534034139e-05,1.4329987534034139e-05,-2.426378741234313e-05,2.426378741234313e-05,-1.5484564038714677e-05,1.5484564038714677e-05,2.621873977256712e-05,2.621873977256712e-05,5.686376114200087e-06,5.686376114200087e-06,-9.628267159454891e-06,9.628267159454891e-06,2.351901923436676e-05,2.351901923436676e-05,-3.98228217313923e-05,3.98228217313923e-05,0.6724374020326203,0.5136272477629622,0.02073046973435119,0.12294839722084946,4.122397621013153e-07,2.9547143539970617e-07,0.31843467400120873,0.001966319141084323,16.746109647628206,-0.0061440322480629545,0.03369309515152167,-0.000496994351567424,-1.6297471963489398e-05,1.7610538464720514e-05,-6.4671285944726745e-06,-2.6748097676540513e-05,0.026205418442845185,-0.007874933586569257,-0.03489325953218052,0.00019222683128371947,2.8562682938378848e-05,-3.086364531875971e-05,1.1334370919221885e-05,4.687784808150976e-05
242,4.84,0,0.0024397110028075986,1.0328974069173251,0.041454336507631244,0.07106927848030313,0.013173386937163243,0.035033015939595236,3.101580441646293e-05,5.2516512484685755e-05,1.384471178578206e-05,1.384471178578206e-05,-2.3442113880111335e-05,2.3442113880111335e-05,-1.4960189243240496e-05,1.4960189243240496e-05,2.5330858839070296e-05,2.5330858839070296e-05,5.49381077097344e-06,5.49381077097344e-06,-9.302217032055137e-06,9.302217032055137e-06,2.2722562799738864e-05,2.2722562799738864e-05,-3.847424760992324e-05,3.847424760992324e-05,0.6873848061151713,0.5050842343710876,0.022787662605689558,0.12273122058239336,3.847920494401125e-07,2.757984083554154e-07,0.31448888473903674,0.002337439692752923,16.746653807778184,-0.006279753465570316,0.032905421967354395,-0.0004931491427689428,-1.574556398116757e-05,1.7014169092213657e-05,-6.24811835700414e-06,-2.5842290487808755e-05,0.02720800749878602,-0.006786060875368061,-0.03938365920836298,0.00019226043992405615,2.7595399116091423e-05,-2.981846862534286e-05,1.0950511873426682e-05,4.529035943658816e-05
243,4.86,0,0.0023711210014880635,1.0447122072035675,0.04197374326450768,0.07044142678539064,0.013787738968717506,0.034897376492979,2.9965474166779776e-05,5.0738076587380204e-05,1.3375869508169824e-05,1.3375869508169824e-05,-2.2648264778264453e-05,2.2648264778264453e-05,-1.4453572066475129e-05,1.4453572066475129e-05,2.4473045464142543e-05,2.4473045464142543e-05,5.307766430373562e-06,5.307766430373562e-06,-8.987207205657086e-06,8.987207205657086e-06,2.1953077847540383e-05,2.1953077847540383e-05,-3.71713420617696e-05,3.71713420617696e-05,0.7047180494539214,0.49619946075615495,0.024962667342758562,0.1217826886092723,3.591718568159784e-07,2.5743524157868587e-07,0.310321070646099,0.0027324237770631294,16.74721711377508,-0.0063936992895327815,0.032032120228674944,-0.0004892942530604951,-1.5212346529988411e-05,1.6437995368449314e-05,-6.0365253093659e-06,-2.4967157886132093e-05,0.0281652998451034,-0.005697291198123318,-0.043665086933973085,0.00019274448542238969,2.666087255895799e-05,-2.8808686188217174e-05,1.0579652381912033e-05,4.37566300838331e-05
244,4.88,0,0.002494301999831805,1.0565211722896928,0.04255302896564539,0.069778257474195,0.014405079897780025,0.034659472888498195,2.895071263502731e-05,4.901986573097926e-05,1.292290421261999e-05,1.292290421261999e-05,-2.1881298023031464e-05,2.1881298023031464e-05,-1.3964111157171999e-05,1.3964111157171999e-05,2.364428142281711e-05,2.364428142281711e-05,5.128022286249312e-06,5.128022286249312e-06,-8.682864000251202e-06,8.682864000251202e-06,2.1209651006304968e-05,2.1209651006304968e-05,-3.591255855355173e-05,3.591255855355173e-05,0.7243041096604221,0.4869005216135049,0.027248100143781012,0.12012790609085412,3.3525750483037186e-07,2.4029472362832345e-07,0.30595451731170376,0.003144784199311081,16.74779865637956,-0.006485939312840675,0.031077553662798667,-0.000485421734564512,-1.4697186641669242e-05,1.588133338087936e-05,-5.832098253269422e-06,-2.4121661095947562e-05,0.029077130223715032,-0.004612001165394612,-0.04772832829381349,0.0001936259247991483,2.5757994415958402e-05,-2.783309937849737e-05,1.022135280482394e-05,4.227483950922617e-05
245,4.9,0,0.0022973330014792737,1.068275680957682,0.04318584569528177,0.06907449596548883,0.015022831314422173,0.03432198826365932,2.7970315320415698e-05,4.7359840530550494e-05,1.2485278252150067e-05,1.2485278252150067e-05,-2.1140303412693347e-05,2.1140303412693347e-05,-1.3491225528738937e-05,1.3491225528738937e-05,2.28435829723318e-05,2.28435829723318e-05,4.954365006248906e-06,4.954365006248906e-06,-8.388826367930614e-06,8.388826367930614e-06,2.0491399835234018e-05,2.0491399835234018e-05,-3.469640292383843e-05,3.469640292383843e-05,0.7460069073666746,0.47712859928863316,0.02963524113796669,0.1177998878370768,3.1293541564939235e-07,2.242954495079173e-07,0.3014132683795723,0.003568094771627006,16.74839752740712,-0.006556609148632516,0.030046253151297844,-0.00048152467866204984,-1.4199472776708132e-05,1.534352237748569e-05,-5.63459448851651e-06,-2.330479651902133e-05,0.029943551378308557,-0.0035334917895920807,-0.05156502557504086,0.00019485279512310876,2.488569324805549e-05,-2.6890550169683586e-05,9.87518823764553e-06,4.084322884631191e-05
246,4.92,0,0.0024428100005025044,1.0799308942110037,0.04386591077658895,0.06832558774298354,0.015638516751751676,0.033887880901570196,2.7023118509801157e-05,4.575603065112258e-05,1.2062472183882456e-05,1.2062472183882456e-05,-2.0424401549246226e-05,2.0424401549246226e-05,-1.3034353869290083e-05,1.3034353869290083e-05,2.206999968439264e-05,2.206999968439264e-05,4.7865884789111135e-06,4.7865884789111135e-06,-8.104745466301592e-06,8.104745466301592e-06,1.97974717767572e-05,1.97974717767572e-05,-3.3521431609628334e-05,3.3521431609628334e-05,0.7696872513038647,0.4668385940424142,0.032114118324357094,0.11483884719990058,2.920995735979031e-07,2.0936143409464683e-07,0.2967218466292547,0.003996066127297646,16.749012824008044,-0.006605908739132674,0.028942899396361525,-0.00047759718557282866,-1.3718614101085841e-05,1.4823923982629893e-05,-5.443779528280448e-06,-2.251559454323713e-05,0.030764830046005713,-0.002464979525007946,-0.05516768774681646,0.0001963746544610596,2.4042933781114495e-05,-2.5979919742789904e-05,9.5407480118032e-06,3.946009878920972e-05
247,4.94,0,0.0024105160009639803,1.0914453583903563,0.04458707382013442,0.06752770365156327,0.01624976423797186,0.03336036927844135,2.6107997896786195e-05,4.420653247026433e-05,1.1653984152870667e-05,1.1653984152870667e-05,-1.9732742796741992e-05,1.9732742796741992e-05,-1.2592953875623092e-05,1.2592953875623092e-05,2.1322613316958537e-05,2.1322613316958537e-05,4.624493569638233e-06,4.624493569638233e-06,-7.830284246547694e-06,7.830284246547694e-06,1.9127043144564603e-05,1.9127043144564603e-05,-3.238624993289422e-05,3.238624993289422e-05,0.7952028607368461,0.455999076045335,0.034673606209354814,0.1112914238393973,2.726510216714369e-07,1.954217513044534e-07,0.29190497956482275,0.004422616870077307,16.7496436528204,-0.006634100493982629,0.027772305446672488,-0.0004736343259562506,-1.325403978685144e-05,1.4321921438897826e-05,-5.259426822987336e-06,-2.175311839171669e-05,0.03154144061757683,-0.0014095877424976557,-0.0585296974844515,0.00019814298082890236,2.3228715711719967e-05,-2.5100127186603372e-05,9.21763526465559e-06,3.812380757602186e-05
248,4.96,0,0.0024481130021740682,1.1027806220435545,0.04534336954684246,0.06667773743067787,0.016854307950107277,0.03274291717523339,2.5223867247363864e-05,4.270950681990845e-05,1.125932929690876e-05,1.125932929690876e-05,-1.906450627500242e-05,1.906450627500242e-05,-1.2166501609289782e-05,1.2166501609289782e-05,2.0600536724255354e-05,2.0600536724255354e-05,4.46788788466268e-06,4.46788788466268e-06,-7.565117055629111e-06,7.565117055629111e-06,1.847931814590682e-05,1.847931814590682e-05,-3.128951044515455e-05,3.128951044515455e-05,0.8224084647446079,0.4445920668874419,0.03730153754005219,0.10720986251441932,2.5449739156505417e-07,1.824101972799806e-07,0.2869873326998168,0.004841939348377679,16.75028913395287,-0.00664150726718455,0.026539399141326688,-0.00046963209542662574,-1.2805198336322482e-05,1.383691887522719e-05,-5.0813174935370195e-06,-2.1016463010908127e-05,0.032274056623739895,-0.0003703386600961336,-0.06164531526728996,0.0002001115264812465,2.2442072526447924e-05,-2.425012818353189e-05,8.90546647251582e-06,3.6832769040428414e-05
249,4.98,0,0.002265642000566004,1.1139008711992031,0.046129057457585616,0.06577329702681409,0.017449989322853604,0.0320392189097833,2.436967711098534e-05,4.126317680464495e-05,1.0878039171435816e-05,1.0878039171435816e-05,-1.841889888743009e-05,1.841889888743009e-05,-1.1754490874815726e-05,1.1754490874815726e-05,1.9902912803660075e-05,1.9902912803660075e-05,4.31658554356229e-06,4.31658554356229e-06,-7.3089292520022474e-06,7.3089292520022474e-06,1.785352793700376e-05,1.785352793700376e-05,-3.0229911328105897e-05,3.0229911328105897e-05,0.8511559767700939,0.432612660177751,0.03998482641953578,0.10265115483490155,2.3755246499747306e-07,1.7026497600113885e-07,0.2819932535048137,0.00524855944349737,16.75094840475735,-0.00662851018215947,0.02524920552952754,-0.0004655873629161556,-1.2371556928234552e-05,1.3368340599167473e-05,-4.909240072894371e-06,-2.0304753996316372e-05,0.03296354022403165,0.000649854251253983,-0.06450968058995768,0.0002022366255235088,2.1682070404396506e-05,-2.3428913802985724e-05,8.603871032132383e-06,3.558545072958761e-05
250,5.0,0,0.002320732000953285,1.124772587174246,0.04693864990206587,0.064812691072637,0.018034757837091256,0.03125318478437524,2.3544413574901017e-05,3.9865825693923436e-05,1.050966119370278e-05,1.050966119370278e-05,-1.7795154381751464e-05,1.7795154381751464e-05,-1.1356432618736534e-05,1.1356432618736534e-05,1.922891347827864e-05,1.922891347827864e-05,4.170406958547979e-06,4.170406958547979e-06,-7.061416834395e-06,7.061416834395e-06,1.7248929710441535e-05,1.7248929710441535e-05,-2.9206194848417255e-05,2.9206194848417255e-05,0.8812947418514832,0.42006849240770794,0.042709601004411284,0.0976761559166304,2.217357642343933e-07,1.5892840582582858e-07,0.2769465287330816,0.005637389864080336,16.75162062335525,-0.00659554631476474,0.023906829322798518,-0.00046149781384663646,-1.19526007864721e-05,1.2915630414088103e-05,-4.742990255508262e-06,-1.961714655461141e-05,0.03361092989493854,0.0016481933697364646,-0.06711881033645076,0.00020447745347595687,2.0947807088122464e-05,-2.2635509253968543e-05,8.312490869305534e-06,3.438037208524829e-05
251,5.0200000000000005,0,0.0024425129995506722,1.1353642304962759,0.04776693032324656,0.06379491176067961,0.01860667162355896,0.03038892688716826,2.2747097061033233e-05,3.851579488556288e-05,1.0153758106090649e-05,1.0153758106090649e-05,-1.7192532442471807e-05,1.7192532442471807e-05,-1.0971854349173249e-05,1.0971854349173249e-05,1.8577738713932955e-05,1.8577738713932955e-05,4.029178621856033e-06,4.029178621856033e-06,-6.822286083117153e-06,6.822286083117153e-06,1.666480581347324e-05,1.666480581347324e-05,-2.821714586485049e-05,2.821714586485049e-05,0.9126718530023565,0.4069790766552897,0.04546134392402165,0.09234868773536578,2.0697216988162663e-07,1.4834664556667516e-07,0.27187015756435223,0.006003776543646858,16.75230497188577,-0.006543106244415077,0.02251743743527588,-0.0004573618890855115,-1.1547832569192643e-05,1.2478250958377875e-05,-4.58237065653386e-06,-1.8952824500878813e-05,0.03421742652628006,0.0026220035174832103,-0.0694695943761323,0.00020679623805624407,2.0238410863972898e-05,-2.1868972785511433e-05,8.03097994872006e-06,3.32161026866298e-05
252,5.04,0,0.0023812229992472567,1.1456459539416919,0.04860896348255977,0.06271961518535657,0.019163897957053394,0.02945074543925469,2.1976781163333015e-05,3.721148193821815e-05,9.809907457247746e-06,9.809907457247746e-06,-1.6610317814027396e-05,1.6610317814027396e-05,-1.0600299574892169e-05,1.0600299574892169e-05,1.794861556950575e-05,1.794861556950575e-05,3.892732900245832e-06,3.892732900245832e-06,-6.591253213382831e-06,6.591253213382831e-06,1.6100462896176263e-05,1.6100462896176263e-05,-2.7261590385935037e-05,2.7261590385935037e-05,0.9451325323395314,0.39337501289992094,0.048225038525058446,0.08673464069277806,1.9319156412041148e-07,1.3846943880383352e-07,0.26678614271257556,0.006343543478557316,16.75300065944952,-0.006471731392837871,0.021086240883713865,-0.00045317871777904827,-1.115677164440812e-05,1.2055682922156124e-05,-4.427190523780551e-06,-1.8310997666920258e-05,0.03478437818709514,0.003568742578860265,-0.07155982757810042,0.0002091585653231638,1.9553046239226306e-05,-2.1128401811087527e-05,7.759006637665442e-06,3.209134169792766e-05
253,5.0600000000000005,0,0.002437213999655796,1.155589347135516,0.04946009936739486,0.06158710008571144,0.01970471367692371,0.028443115949299887,2.123255152457856e-05,3.5951338670385e-05,9.477701100990554e-06,9.477701100990554e-06,-1.6047819453490203e-05,1.6047819453490203e-05,-1.0241327263516009e-05,1.0241327263516009e-05,1.734079727938043e-05,1.734079727938043e-05,3.7609078359368553e-06,3.7609078359368553e-06,-6.368044040399612e-06,6.368044040399612e-06,1.555523108845761e-05,1.555523108845761e-05,-2.6338394176484345e-05,2.6338394176484345e-05,0.9785205717730292,0.3792970896967437,0.050985319034026,0.08090108449053174,1.8032849769755329e-07,1.2924987521927194e-07,0.26171530047516106,0.00665300013403136,16.753706924719932,-0.006382011645653831,0.019618480285551607,-0.0004489480602391451,-1.077895396904204e-05,1.1647424916800912e-05,-4.277265690418653e-06,-1.7690906370972025e-05,0.03531326352043433,0.004485987359202057,-0.073388029908113,0.00021153287699515852,1.8890883768303836e-05,-2.0412900267760568e-05,7.496241668094916e-06,3.1004564797411846e-05
254,5.08,0,0.002440013999148505,1.1651672146596517,0.05031597229955141,0.060398285796717875,0.020227505544362926,0.027370677404360787,2.0513524751168626e-05,3.4733869176081424e-05,9.156744711913412e-06,9.156744711913412e-06,-1.5504369696925528e-05,1.5504369696925528e-05,-9.894511317942722e-06,9.894511317942722e-06,1.6753562350799953e-05,1.6753562350799953e-05,3.6335469550952126e-06,3.6335469550952126e-06,-6.152393649664161e-06,6.152393649664161e-06,1.502846320492802e-05,1.502846320492802e-05,-2.5446461230977226e-05,2.5446461230977226e-05,1.0126788273796898,0.36479529271820116,0.05372662274255592,0.0749153981573586,1.683218790867231e-07,1.206441667941139e-07,0.25667709592896853,0.006929005475663063,16.7544230382155,-0.006274582232708053,0.01811940603642084,-0.0004446702298187011,-1.0413931034767479e-05,1.1252992335442224e-05,-4.132418156478404e-06,-1.70918144671292e-05,0.035805674778886576,0.005371470647288863,-0.07495371245653823,0.00021389152102219654,1.825114671372811e-05,-1.97216290679344e-05,7.242376697012482e-06,2.9954595192141183e-05
255,5.1000000000000005,0,0.002213548999861814,1.1743533884847752,0.05117249654320513,0.0591546901107352,0.020730770529053852,0.02623822258419138,1.9818847367644902e-05,3.355762841092826e-05,8.846657317984619e-06,8.846657317984619e-06,-1.4979323504938473e-05,1.4979323504938473e-05,-9.55944007091647e-06,9.55944007091647e-06,1.6186213747022283e-05,1.6186213747022283e-05,3.5104990820933324e-06,3.5104990820933324e-06,-5.944046098636883e-06,5.944046098636883e-06,1.4519533980308485e-05,1.4519533980308485e-05,-2.458473291319887e-05,2.458473291319887e-05,1.0474497609857363,0.34992773620971124,0.056433342342131404,0.06884443243775705,1.5711468439280209e-07,1.1261144245659392e-07,0.25168949418508707,0.007168956117816656,16.755148304205935,-0.006150120984038492,0.016594262841525178,-0.0004403460282122494,-1.0061269524901997e-05,1.0871916982866168e-05,-3.992475953410428e-06,-1.651301074786297e-05,0.03626329952114368,0.00622306243347793,-0.076257159744783,0.00021621008032258614,1.763307549327422e-05,-1.9053767628802803e-05,6.997110153398705e-06,2.8940185963311594e-05
256,5.12,0,0.002214650001405971,1.1831225760226554,0.0520258594832509,0.05785840766319108,0.021213116020333645,0.025050690197781736,1.9147694799431725e-05,3.2421220247955426e-05,8.547070847908511e-06,8.547070847908511e-06,-1.4472057674919473e-05,1.4472057674919473e-05,-9.235715795974375e-06,9.235715795974375e-06,1.56380780346245e-05,1.56380780346245e-05,3.39161816009792e-06,3.39161816009792e-06,-5.742754105063718e-06,5.742754105063718e-06,1.4027839322044598e-05,1.4027839322044598e-05,-2.375218641919113e-05,2.375218641919113e-05,1.0826760219883866,0.3347595337320008,0.05908997665235767,0.06275370793852378,1.4665368645287385e-07,1.0511355223664347e-07,0.2467688398760508,0.007370803571581828,16.755882062252354,-0.0060093453813499795,0.015048273477468632,-0.00043597667777422756,-9.72055080039067e-06,1.050374651977097e-05,-3.85727293863264e-06,-1.595380809939019e-05,0.036687902321303485,0.0070387801344256665,-0.07729946820282738,0.00021846752190109533,1.703593622556628e-05,-1.8408523154759907e-05,6.760150738889446e-06,2.7960132423638837e-05
257,5.14,0,0.0023454289985238574,1.1914502435310297,0.05287251322888699,0.05651208938412844,0.0216732599343687,0.023813160625966428,1.8499270394468524e-05,3.1323295824079024e-05,8.257629694419233e-06,8.257629694419233e-06,-1.3981970102695308e-05,1.3981970102695308e-05,-8.922954235268676e-06,8.922954235268676e-06,1.5108504584429129e-05,1.5108504584429129e-05,3.276763077986189e-06,3.276763077986189e-06,-5.5482787548800195e-06,5.5482787548800195e-06,1.3552795593660839e-05,1.3552795593660839e-05,-2.2947833566821334e-05,2.2947833566821334e-05,1.1182010620555316,0.3193616246559722,0.06168127796263213,0.05670666189980777,1.3688920205106383e-07,9.811488612827663e-08,0.24192975917138657,0.007533056547937807,16.75662368837495,-0.00585300954200082,0.01348662294003235,-0.0004315637549945339,-9.391370402416377e-06,1.0148043925825046e-05,-3.7266485990844795e-06,-1.5413542685425633e-05,0.037081306129710646,0.007816791967458079,-0.07808252687181404,0.0002206461389846812,1.6459019898714444e-05,-1.778512969729632e-05,6.531216977408011e-06,2.7013270698227872e-05
258,5.16,0,0.002359625999815762,1.1993125345480082,0.053709165303858955,0.055118923501151024,0.022110030702099458,0.02253085654532697,1.7872804477990904e-05,3.0262551942227595e-05,7.977990292340476e-06,7.977990292340476e-06,-1.3508479069105903e-05,1.3508479069105903e-05,-8.620784143598126e-06,8.620784143598126e-06,1.4596864799467111e-05,1.4596864799467111e-05,3.165797502924228e-06,3.165797502924228e-06,-5.360389219741422e-06,5.360389219741422e-06,1.309383892232445e-05,1.309383892232445e-05,-2.217071962599565e-05,2.217071962599565e-05,1.1538697750548985,0.3038095727925738,0.06419239437704335,0.050763949666610304,1.2777485596339666e-07,9.15822050056023e-08,0.23718508593005286,0.007654776333640305,16.75737259584852,-0.005681901146753364,0.011914443021822024,-0.00042710912602714494,-9.073337572033231e-06,9.804386980604365e-06,-3.600447860510955e-06,-1.4891573158422977e-05,0.037445373678369955,0.008555419762372785,-0.07860899591051634,0.0002227314483694505,1.5901641519157412e-05,-1.718284726103409e-05,6.310036928676204e-06,2.6098476350132756e-05
259,5.18,0,0.0023745250000501983,1.2066862224365502,0.054532768918865195,0.05368261853114671,0.022522367118839242,0.02120915069725994,1.7267553439137206e-05,2.9237729527254092e-05,7.707820710967095e-06,7.707820710967095e-06,-1.3051022550584846e-05,1.3051022550584846e-05,-8.32884684759394e-06,8.32884684759394e-06,1.4102551369062437e-05,1.4102551369062437e-05,3.058589718496485e-06,3.058589718496485e-06,-5.178862484112873e-06,5.178862484112873e-06,1.265042452980444e-05,1.265042452980444e-05,-2.1419922188154537e-05,2.1419922188154537e-05,1.1895291543833397,0.2881823532360616,0.06660900564323394,0.04498280732990817,1.1926736070938365e-07,8.548448279088656e-08,0.23254581190679788,0.007735565597211094,16.758128235631133,-0.005496838322007385,0.010336797359236705,-0.0004226148849595852,-8.766074785462142e-06,9.47236776246861e-06,-3.4785209020984524e-06,-1.4387279895993945e-05,0.037781989131045114,0.009253141237298992,-0.0788822831292661,0.00022471205337798504,1.5363139328554484e-05,-1.6600960906787615e-05,6.096347920625147e-06,2.5214663121451683e-05
260,5.2,0,0.0022207490001164842,1.2135486956493082,0.0553405131840372,0.05220738865478562,0.022909318037880766,0.01985358431230447,1.6682798848593185e-05,2.8247612133810457e-05,7.446800259935937e-06,7.446800259935937e-06,-1.2609057552967999e-05,1.2609057552967999e-05,-8.046795820226826e-06,8.046795820226826e-06,1.3624977548122652e-05,1.3624977548122652e-05,2.9550124688304535e-06,2.9550124688304535e-06,-5.0034830814904375e-06,5.0034830814904375e-06,1.2222026086041414e-05,1.2222026086041414e-05,-2.069455007373992e-05,2.069455007373992e-05,1.225028959789038,0.2725611430151838,0.06891745107209218,0.039416481004578216,1.1132631096904881e-07,7.979275912621956e-08,0.22802106063709304,0.007775551002343463,16.758890096434758,-0.005298666487980016,0.008758666989633304,-0.0004180832954747113,-8.469217305779631e-06,9.151592163361734e-06,-3.360722979809277e-06,-1.3900064264834779e-05,0.03809304018095136,0.00990859170136839,-0.07890651848016986,0.00022657947424369192,1.4842873984125432e-05,-1.6038779955343798e-05,5.889896114458779e-06,2.436078155795822e-05
261,5.22,0,0.002294237001478905,1.2198779738927694,0.05612981350856931,0.05069794182110364,0.02327004189256622,0.0184699017805204,1.611784660589612e-05,2.7291024504304117e-05,7.1946191088634315e-06,7.1946191088634315e-06,-1.218205946768957e-05,1.218205946768957e-05,-7.774296269247305e-06,7.774296269247305e-06,1.3163576460827758e-05,1.3163576460827758e-05,2.854942807162253e-06,2.854942807162253e-06,-4.834042839335772e-06,4.834042839335772e-06,1.1808135084566667e-05,1.1808135084566667e-05,-1.999374227621259e-05,1.999374227621259e-05,1.2602223858027077,0.2570281304896009,0.07110484829373055,0.03411372717820705,1.0391399168447882e-07,7.448000184945277e-08,0.223618084352421,0.007775360110770283,16.75965770445061,-0.005088255183829608,0.0071849364551709975,-0.00041351673647176297,-8.182412751138614e-06,8.841679423270192e-06,-3.24691425311429e-06,-1.3429347912941384e-05,0.03838040079274246,0.010520565207520484,-0.07868652672311541,0.00022832795014742115,1.4340227732050914e-05,-1.5495637004577087e-05,5.6904363347493485e-06,2.3535817594669685e-05
262,5.24,0,0.002389021999988472,1.2256527529820223,0.05689830234757955,0.04915947086911131,0.02360380603368962,0.017064110735534238,1.557202611580925e-05,2.6366831175448683e-05,6.9509779195287e-06,6.9509779195287e-06,-1.1769521449699577e-05,1.1769521449699577e-05,-7.511024740003425e-06,7.511024740003425e-06,1.2717800427775977e-05,1.2717800427775977e-05,2.7582619503974115e-06,2.7582619503974115e-06,-4.670340632721717e-06,4.670340632721717e-06,1.1408260239042416e-05,1.1408260239042416e-05,-1.9316666941615053e-05,1.9316666941615053e-05,1.2949667240146305,0.24166535761310026,0.07315920174406819,0.029118387519457476,9.69951989405781e-08,6.952097862346124e-08,0.2193422830190399,0.007736093139059894,16.76043062274589,-0.0048664948792155735,0.005620380481474714,-0.00040891765207017175,-7.905320675928038e-06,8.542261678157205e-06,-3.1369596200658338e-06,-1.2974572083157905e-05,0.038645914763830794,0.011088015230701648,-0.07822779868481416,0.0002299542200795569,1.3854603760528792e-05,-1.4970887255649303e-05,5.497731652422848e-06,2.2738791489174096e-05
263,5.26,0,0.002410117998806527,1.2308524758352455,0.0576438203896921,0.0475976478649014,0.023909985871631692,0.015642583062035066,1.5044689492322856e-05,2.5473935132252488e-05,6.715587490546682e-06,6.715587490546682e-06,-1.1370953816526137e-05,1.1370953816526137e-05,-7.256668731470128e-06,7.256668731470128e-06,1.2287120316164224e-05,1.2287120316164224e-05,2.664855137779476e-06,2.664855137779476e-06,-4.512182146098669e-06,4.512182146098669e-06,1.1021926900210179e-05,1.1021926900210179e-05,-1.8662520382873533e-05,1.8662520382873533e-05,1.329124011647633,0.22655360822711523,0.07506949993333686,0.02446904048526663,9.053707276816388e-08,6.489213711222074e-08,0.21519724435723184,0.007659290099590714,16.761208450351244,-0.004634293782237495,0.004069651260086395,-0.000404288506351787,-7.63761216522277e-06,8.252983521131763e-06,-3.0307285550218102e-06,-1.2535196943886229e-05,0.0388913802678533,0.011610054848903945,-0.07753646106941595,0.00023145728591924094,1.3385425535263522e-05,-1.4463907851272052e-05,5.311553252201167e-06,2.1968756963583754e-05
264,5.28,0,0.002568993000750197,1.2354574267650977,0.058364408229168184,0.046018621716101625,0.0241880638151425,0.014212223972808765,1.4535210789680182e-05,2.461127650743882e-05,6.488168414198192e-06,6.488168414198192e-06,-1.0985883467570794e-05,1.0985883467570794e-05,-7.010926325157207e-06,7.010926325157207e-06,1.1871024911941222e-05,1.1871024911941222e-05,2.574611494887691e-06,2.574611494887691e-06,-4.3593796432061315e-06,4.3593796432061315e-06,1.0648676492552769e-05,1.0648676492552769e-05,-1.8030526127349575e-05,1.8030526127349575e-05,1.3625616591763978,0.21177135446496598,0.07682580071071804,0.02019873102532801,8.450894108017405e-08,6.057149313256098e-08,0.2111848034914717,0.007546893846070668,16.761990821061655,-0.004392574655542,0.002537266369619854,-0.000399631743218681,-7.378969442765516e-06,7.97350158013731e-06,-2.928094954310964e-06,-1.211070094522796e-05,0.03911853552052024,0.012085956334774762,-0.07661924452332705,0.00023283815665530144,1.2932136122862622e-05,-1.3974097049722771e-05,5.131680035542292e-06,2.1224799932913422e-05
265,5.3,0,0.0023743239980831277,1.2394488459829174,0.05905829853042984,0.04442901891302283,0.024437628001087692,0.012780758455549702,1.4042985259536426e-05,2.3777831324067436e-05,6.26845074486182e-06,6.26845074486182e-06,-1.0613853322865458e-05,1.0613853322865458e-05,-6.7735058268958426e-06,6.7735058268958426e-06,1.1469020312962394e-05,1.1469020312962394e-05,2.4874239020755695e-06,2.4874239020755695e-06,-4.211751744518984e-06,4.211751744518984e-06,1.0288065970005724e-05,1.0288065970005724e-05,-1.7419933995853647e-05,1.7419933995853647e-05,1.3951530501237484,0.19739377215737403,0.07841930390576354,0.016334778669910517,7.888217399982292e-08,5.653852624758025e-08,0.20730512070063475,0.007401209780824839,16.762777401975544,-0.004142271648859445,0.001027597350047297,-0.00039494975150955485,-7.129085491395964e-06,7.70348410722632e-06,-2.828936983738484e-06,-1.170058013960088e-05,0.039329045694285455,0.012515150334127763,-0.07548345097862783,0.0002340995854563018,1.2494197568477628e-05,-1.3500873645549451e-05,4.9578985286240085e-06,2.0506040281354027e-05
266,5.32,0,0.002263542002765462,1.242809061040644,0.05972390866767587,0.0428359469198446,0.024658370811729672,0.011357228233330659,1.3567428633044276e-05,2.2972610280340206e-05,6.056173678381516e-06,6.056173678381516e-06,-1.025442178063213e-05,1.025442178063213e-05,-6.544125420615554e-06,6.544125420615554e-06,1.1080629342648495e-05,1.1080629342648495e-05,2.4031888672393364e-06,2.4031888672393364e-06,-4.069123212273649e-06,4.069123212273649e-06,9.939667290088678e-06,9.939667290088678e-06,-1.6830019212450793e-05,1.6830019212450793e-05,1.4267781066179555,0.1834918348519744,0.0798424108951612,0.012898663314396304,7.363004788509986e-08,5.277408230923924e-08,0.20355677557237079,0.007224862418584719,16.763567891799163,-0.0038843271651946946,-0.00045514100205006064,-0.00039024483590742345,-6.88766369722943e-06,7.4426105946498545e-06,-2.7331369389948996e-06,-1.1304347719375678e-05,0.03952449118117622,0.012897224183237521,-0.07413691760486787,0.0002352457801065678,1.207108970832668e-05,-1.3043675628823257e-05,4.79000223717921e-06,1.9811621011259917e-05
267,5.34,0,0.002218549001554493,1.2455216318008382,0.06035983380554189,0.04124699924999919,0.024850087178231374,0.009952882536360137,1.3107976427446491e-05,2.2194657570286513e-05,5.851085242758458e-06,5.851085242758458e-06,-9.907162192939223e-06,9.907162192939223e-06,-6.322512833778493e-06,6.322512833778493e-06,1.0705390983157142e-05,1.0705390983157142e-05,2.32180640302726e-06,2.32180640302726e-06,-3.9313247424364084e-06,3.9313247424364084e-06,9.603066905839765e-06,9.603066905839765e-06,-1.6260081537689693e-05,1.6260081537689693e-05,1.457323814813055,0.1701314947129433,0.0810887708108701,0.009905987078258257,6.872761840899715e-08,4.9260282466227636e-08,0.19993687574304084,0.00702075043950006,16.764362018945146,-0.0036196887552858254,-0.001906900678813536,-0.00038551919295054917,-6.6544174917293456e-06,7.1905713882940435e-06,-2.6405811021281963e-06,-1.0921533371588293e-05,0.03970635729899625,0.01323192049544344,-0.07258798383817378,0.0002362821478437205,1.1662310275004255e-05,-1.2601960317790624e-05,4.6277918433351906e-06,1.9140717389369334e-05
268,5.36,0,0.0023925220011733472,1.2475715054319925,0.06096484037641348,0.03967026054499388,0.025012672670975098,0.008582837384736376,1.2664083276043728e-05,2.144304975687638e-05,5.652941998890437e-06,5.652941998890437e-06,-9.571662360082579e-06,9.571662360082579e-06,-6.1084050141380075e-06,6.1084050141380075e-06,1.0342859828878555e-05,1.0342859828878555e-05,2.2431799081568116e-06,2.2431799081568116e-06,-3.7981927642762407e-06,3.7981927642762407e-06,9.277865275085983e-06,9.277865275085983e-06,-1.5709444446765915e-05,1.5709444446765915e-05,1.48668470484863,0.1573729571707698,0.08215331327025185,0.007366509757282834,6.415160208902816e-08,4.5980438287587604e-08,0.1964411782810374,0.006791999739124921,16.76515953945492,-0.0033493060612711035,-0.00332380976822817,-0.0003807748927223222,-6.429070012499454e-06,6.947067321453558e-06,-2.5511596075925715e-06,-1.0551682713744678e-05,0.039876025488864084,0.013519134700736131,-0.07084545447073172,0.0002372150114113469,1.1267373961494638e-05,-1.2175203342024303e-05,4.4710747267812095e-06,1.8492532892180746e-05
269,5.38,0,0.0024683090014150366,1.2489451779006324,0.06153785990443698,0.038114308962091205,0.025146121379173537,0.007269287822032559,1.2235222280894031e-05,2.0716894676521673e-05,5.461508751691824e-06,5.461508751691824e-06,-9.247524041376665e-06,9.247524041376665e-06,-5.9015478175439284e-06,5.9015478175439284e-06,9.992605557702498e-06,9.992605557702498e-06,2.167216052839649e-06,2.167216052839649e-06,-3.6695692462597914e-06,3.6695692462597914e-06,8.963676386150718e-06,8.963676386150718e-06,-1.5177454327301734e-05,1.5177454327301734e-05,1.5147632806472446,0.14527005476577456,0.08303226766990812,0.005284254543955086,5.988026570515428e-08,4.2918972503809195e-08,0.19306422172795318,0.006541915757571686,16.765960234776102,-0.003074127813536412,-0.004702181028944412,-0.0003760138658491416,-6.211353772781461e-06,6.711809357355301e-06,-2.4647663110038396e-06,-1.0194356748544462e-05,0.04003476605915955,0.013758912386734537,-0.06891856303581208,0.0002380513436590343,1.0885811985899611e-05,-1.17628982049128e-05,4.319664829436624e-06,1.7866298260010837e-05
270,5.4,0,0.0023925220011733472,1.2496308584415203,0.06207798312420831,0.036588211788895035,0.02525052358367649,0.006047875648367474,1.1820884387367174e-05,2.00153303802857e-05,5.276558270872478e-06,5.276558270872478e-06,-8.93436248261253e-06,8.93436248261253e-06,-5.701695706405996e-06,5.701695706405996e-06,9.654212420341505e-06,9.654212420341505e-06,2.0938246678703365e-06,2.0938246678703365e-06,-3.5453015086301003e-06,3.5453015086301003e-06,8.66012729960463e-06,8.66012729960463e-06,-1.4663479703573173e-05,1.4663479703573173e-05,1.5414703955077962,0.13386972419090373,0.08372316923784097,0.003657679985811628,5.5893323079800393e-08,4.006134502319877e-08,0.18979946674274803,0.00627393548323972,16.766763909425887,-0.002795098891288738,-0.00603851971325867,-0.00037123789581214144,-6.00101034535702e-06,6.484518248292082e-06,-2.3812986629249125e-06,-9.849131346160788e-06,0.04018373248926734,0.013951446112383694,-0.06681693421571291,0.00023879850185000169,1.05171713712221e-05,-1.1364555453160933e-05,4.173382403946379e-06,1.726127011918368e-05
271,5.42,0,0.0022197480029717553,1.249618633550735,0.06258445434255265,0.035101508387538824,0.025326063228370006,0.0049798729726531375,1.1420577779751109e-05,1.9337524110216474e-05,5.097871021209066e-06,5.097871021209066e-06,-8.631805959297967e-06,8.631805959297967e-06,-5.508611457982759e-06,5.508611457982759e-06,9.327278746676371e-06,9.327278746676371e-06,2.022918637711868e-06,2.022918637711868e-06,-3.4252420422271824e-06,3.4252420422271824e-06,8.366857705533219e-06,8.366857705533219e-06,-1.416691048634776e-05,1.416691048634776e-05,1.5667255701420226,0.1232115891080458,0.08422485218499366,0.002479913482376119,5.217183872933789e-08,3.7393983871320335e-08,0.18663944327937787,0.005991579830997509,16.767570388571947,-0.002513157453122984,-0.007329530635109973,-0.0003664486162110908,-5.79779005459383e-06,6.264924202783297e-06,-2.3006575875296605e-06,-9.515596739212236e-06,0.04032395730323454,0.014097071908287741,-0.06455054609256515,0.0002394639800525347,1.0161014538159428e-05,-1.0979702275439183e-05,4.032053769762593e-06,1.6676730347427424e-05
272,5.44,0,0.0022216479992493987,1.248900627152462,0.06305666599396936,0.03366417233570136,0.02537301519682553,0.004170181110235233,1.1033827297559183e-05,1.8682671310847743e-05,4.925234902031228e-06,4.925234902031228e-06,-8.33949533552675e-06,8.33949533552675e-06,-5.322065883051064e-06,5.322065883051064e-06,9.011416469078117e-06,9.011416469078117e-06,1.954413796911858e-06,1.954413796911858e-06,-3.309248333415819e-06,3.309248333415819e-06,8.083519495806274e-06,8.083519495806274e-06,-1.3687157248549208e-05,1.3687157248549208e-05,1.5904572505100047,0.11332764990478006,0.08453743043376621,0.0017390410492162754,4.8698137932944856e-08,3.4904220730917327e-08,0.18357590223362744,0.005698406892494627,16.768379515561804,-0.002229232145893778,-0.00857212447347561,-0.0003616475127495217,-5.601451680155003e-06,6.0527665654847625e-06,-2.222747363810398e-06,-9.193357036225791e-06,0.04045634949256759,0.014196265361460242,-0.062129691918281806,0.00024005517307845297,9.816918721941346e-06,-1.0607881864926808e-05,3.8955111859631515e-06,1.61119851493223e-05
273,5.46,0,0.0024627099992358126,1.2474711537397758,0.06349415334362397,0.03228654211766976,0.025391742402000476,0.0037662283376005087,1.0660173871351945e-05,1.8049994673923555e-05,4.758444995311972e-06,4.758444995311972e-06,-8.057083637645315e-06,8.057083637645315e-06,-5.1418375536793626e-06,5.1418375536793626e-06,8.706250661712027e-06,8.706250661712027e-06,1.8882288302934924e-06,1.8882288302934924e-06,-3.1971826949840238e-06,3.1971826949840238e-06,7.809776350835296e-06,7.809776350835296e-06,-1.3223650525289546e-05,1.3223650525289546e-05,1.6126030035294538,0.10424208019160629,0.08466226652711865,0.0014184475890945088,4.545572278698188e-08,3.2580230772866867e-08,0.18059996952573928,0.005397966617684358,16.7691911494309,-0.0019442393988848789,-0.009763423307454134,-0.0003568359295868706,-5.411762170853294e-06,5.847793508093011e-06,-2.147475513416176e-06,-8.882029751617674e-06,0.04058169345494213,0.014249637350444983,-0.059564941698926024,0.00024057915813255608,9.48447546508548e-06,-1.0248652869587464e-05,3.7635925197111027e-06,1.556636423040585e-05
274,5.48,0,0.002470309002092108,1.245326861475664,0.06389658929579439,0.03097920730563349,0.02538269269777623,0.0038693688306579445,1.0299173977876379e-05,1.7438743215471836e-05,4.597303322584345e-06,4.597303322584345e-06,-7.784235642368613e-06,7.784235642368613e-06,-4.96771254043793e-06,4.96771254043793e-06,8.411419095464553e-06,8.411419095464553e-06,1.824285176366125e-06,1.824285176366125e-06,-3.0889121026313985e-06,3.0889121026313985e-06,7.545303340329495e-06,7.545303340329495e-06,-1.2775840137615795e-05,1.2775840137615795e-05,1.6331096494541704,0.09597112852854152,0.0846019294359211,0.0014972015147667226,4.242919385062637e-08,3.041097649351649e-08,0.17770230063970097,0.005093757418087513,16.770005162418872,-0.0016590808100163108,-0.010900765381186095,-0.0003520150796699459,-5.2284963678422574e-06,5.649761730178599e-06,-2.0747526895399596e-06,-8.581245351626517e-06,0.04070064939874554,0.014257929443428395,-0.056867103686598204,0.00024104249584623821,9.163290150551812e-06,-9.901588895720703e-06,3.636141193810778e-06,1.503921999955776e-05
275,5.5,0,0.0023668249996262603,1.2424668624620727,0.0642637792700911,0.029752835600751284,0.025346395621987206,0.00441642079396579,9.950399113572755e-06,1.6848191384200112e-05,4.441618609740683e-06,4.441618609740683e-06,-7.520627478866911e-06,7.520627478866911e-06,-4.799484158546363e-06,4.799484158546363e-06,8.126571807978826e-06,8.126571807978826e-06,1.762506934288588e-06,1.762506934288588e-06,-2.9843080371630405e-06,2.9843080371630405e-06,7.289786537577206e-06,7.289786537577206e-06,-1.234319453917156e-05,1.234319453917156e-05,1.6519333304299957,0.08852312262853329,0.08436014208358215,0.0019504772629373411,3.960417700775578e-08,2.8386155291863483e-08,0.17487323371616445,0.00478918514421503,16.770821437521786,-0.0013746406304021132,-0.011981709099188567,-0.00034718605861766723,-5.051436737060519e-06,5.458436170394587e-06,-2.004492571229218e-06,-8.290646815658466e-06,0.0408137551456046,0.014222008980709886,-0.05404718590012364,0.00024145105261393177,8.85298153908694e-06,-9.566277989200503e-06,3.513005915537102e-06,1.4529926798402657e-05
276,5.5200000000000005,0,0.0023762250020809006,1.2388928476352894,0.06459565611235503,0.028617926571639998,0.025283458981338828,0.005244052846551615,9.613435285885933e-06,1.6277638200047514e-05,4.291206060158537e-06,4.291206060158537e-06,-7.265946244308616e-06,7.265946244308616e-06,-4.636952722403276e-06,4.636952722403276e-06,7.851370688223245e-06,7.851370688223245e-06,1.702820773497038e-06,1.702820773497038e-06,-2.883246331871587e-06,2.883246331871587e-06,7.042922646793674e-06,7.042922646793674e-06,-1.1925200184999889e-05,1.1925200184999889e-05,1.6690395154342514,0.08189857212597784,0.08394171949485531,0.0027500090257426093,3.6967255198366694e-08,2.64961505371646e-08,0.17210293939222976,0.004487524843387041,16.77163986610681,-0.0010917833531362267,-0.013004036255050571,-0.00034234986170185975,-4.880373111337798e-06,5.273589727602316e-06,-1.936611760700225e-06,-8.009889212509266e-06,0.040921429250926435,0.014142863863294323,-0.05111635779310031,0.00024180984579037415,8.55318128613606e-06,-9.242322139613613e-06,3.394040526449656e-06,1.4037880157460123e-05
277,5.54,0,0.002216149001469603,1.234609184023677,0.06489227501172164,0.027584482038428264,0.02519456528924311,0.006216565694711271,9.287882521898853e-06,1.572640642191871e-05,4.145887135265092e-06,4.145887135265092e-06,-7.019889632392161e-06,7.019889632392161e-06,-4.479925308664701e-06,4.479925308664701e-06,7.585489075131172e-06,7.585489075131172e-06,1.6451558468855154e-06,1.6451558468855154e-06,-2.7856070251335458e-06,2.7856070251335458e-06,6.804418643093727e-06,6.804418643093727e-06,-1.152136092173973e-05,1.152136092173973e-05,1.6844029424787645,0.07609036493283713,0.08335249854957083,0.0038645689036661025,3.450590469623767e-08,2.4731985894736603e-08,0.16938156569591847,0.004191885654626968,16.77246034561377,-0.0008113514117409396,-0.013965754498745058,-0.0003375074034431569,-4.715102440428833e-06,5.095002991249122e-06,-1.8710296849630376e-06,-7.738639290961963e-06,0.04102397534838984,0.014021597069764356,-0.04808591218472427,0.00024212291293514333,8.263533545448256e-06,-8.929336817659647e-06,3.2791037868593785e-06,1.3562496077365167e-05
278,5.5600000000000005,0,0.0022097500004747417,1.2296229924016555,0.06515380839981925,0.02666159245841649,0.025080468068121583,0.007252904693921964,8.97335439345293e-06,1.5193841743638072e-05,4.005489342595592e-06,4.005489342595592e-06,-6.782165574497232e-06,6.782165574497232e-06,-4.32821552714957e-06,4.32821552714957e-06,7.328611369850189e-06,7.328611369850189e-06,1.5894437064289946e-06,1.5894437064289946e-06,-2.6912742179742877e-06,2.6912742179742877e-06,6.573991424658901e-06,6.573991424658901e-06,-1.1131197398491901e-05,1.1131197398491901e-05,1.6980074996001429,0.07108405124186909,0.08259926038150285,0.005260462649911525,3.220843562820039e-08,2.3085282693071876e-08,0.1666993764332987,0.003905179145535077,16.77328277736605,-0.0005341629932639356,-0.014865099050058072,-0.0003326595393247748,-4.555428550417981e-06,4.922463980660322e-06,-1.8076684994193684e-06,-7.4765750842666955e-06,0.04112158761391587,0.013859420923850197,-0.04496722756565065,0.00024239320591910233,7.983694500542509e-06,-8.626950529440045e-06,3.168059277183435e-06,1.3103210334763275e-05
279,5.58,0,0.003045918001589598,1.2239442036893748,0.06538054081237202,0.02585695426460643,0.02494198802814293,0.00830784943765737,8.669477558573845e-06,1.4679312017132578e-05,3.869846031123725e-06,3.869846031123725e-06,-6.552491892934077e-06,6.552491892934077e-06,-4.181643299738802e-06,4.181643299738802e-06,7.080432661116737e-06,7.080432661116737e-06,1.5356182220260806e-06,1.5356182220260806e-06,-2.6001359365285933e-06,2.6001359365285933e-06,6.351367476688978e-06,6.351367476688978e-06,-1.0754246497655242e-05,1.0754246497655242e-05,1.709846046767297,0.06685820838419484,0.08168964650750812,0.006902036227878387,3.0063936455446204e-08,2.1548220129633287e-08,0.1640468816509149,0.003630091342575959,16.774107064510783,-0.00026100997055633244,-0.01570053366781064,-0.00032780708911796393,-4.4011619106851705e-06,4.755767894124929e-06,-1.746452995202576e-06,-7.223385528027838e-06,0.04121435723645401,0.01365765113538016,-0.04177173088762852,0.00024262251034054636,7.713331986640576e-06,-8.334804326769623e-06,3.06077521083964e-06,1.26594778119429e-05
280,5.6000000000000005,0,0.0024484120003762655,1.2175855927677068,0.06557286369755795,0.025176353789410744,0.02478000913467903,0.009355312146842655,8.375891318221394e-06,1.4182206501929445e-05,3.7387961932533464e-06,3.7387961932533464e-06,-6.330595965987844e-06,6.330595965987844e-06,-4.040034646490831e-06,4.040034646490831e-06,6.840658363288246e-06,6.840658363288246e-06,1.4836155033393084e-06,1.4836155033393084e-06,-2.5120839990720128e-06,2.5120839990720128e-06,6.13628254673591e-06,6.13628254673591e-06,-1.0390060785056515e-05,1.0390060785056515e-05,1.719920181399405,0.06338487901295765,0.0806320698024767,0.008752186536486172,2.8062222149862603e-08,2.011349812633698e-08,0.16141495891143037,0.0033690586563025343,16.774933110105255,7.344068622439582e-06,-0.016470750879777257,-0.00032295086351119675,-4.25211946839478e-06,4.594716929044791e-06,-1.687310534524241e-06,-6.978770809880885e-06,0.041302279723867096,0.013417701958938603,-0.03851086059833085,0.0002428112803383594,7.452122114519618e-06,-8.052548254006935e-06,2.9571230339167527e-06,1.2230735907347602e-05
281,5.62,0,0.0029221369986771606,1.2105627887592427,0.06573127015931102,0.024623174951798218,0.024595474576981788,0.010379243646725137,8.092247188196942e-06,1.3701935140109525e-05,3.6121842739156307e-06,3.6121842739156307e-06,-6.1162144042875475e-06,6.1162144042875475e-06,-3.903221479251151e-06,3.903221479251151e-06,6.609003866714544e-06,6.609003866714544e-06,1.4333738234117988e-06,1.4333738234117988e-06,-2.427013887530964e-06,2.427013887530964e-06,5.928481331034805e-06,5.928481331034805e-06,-1.0038207978719995e-05,1.0038207978719995e-05,1.7282399507025321,0.06063007447068631,0.07943562145171809,0.01077286986780841,2.6193785821952517e-08,1.877430265837682e-08,0.15879496428369155,0.0031242478534041994,16.775760815369583,0.0002701655604564165,-0.017174671531899957,-0.0003180916821649436,-4.108124241716999e-06,4.439119843701756e-06,-1.6301708884281823e-06,-6.742439726226661e-06,0.041385263216549555,0.013141074591698849,-0.035196032606135186,0.00024295906731265616,7.199761333889004e-06,-7.779854267151712e-06,2.856982304802932e-06,1.1816554182711221e-05
282,5.64,0,0.0024142180009221192,1.2028942610290927,0.06585634962734023,0.024198002956424016,0.024389382650705806,0.01136908173004707,7.81820848538863e-06,1.3237927921165418e-05,3.489859985827959e-06,3.489859985827959e-06,-5.9090927447439065e-06,5.9090927447439065e-06,-3.771041401923192e-06,3.771041401923192e-06,6.385194206973461e-06,6.385194206973461e-06,1.3848335456145833e-06,1.3848335456145833e-06,-2.344824626085773e-06,2.344824626085773e-06,5.727717171460315e-06,5.727717171460315e-06,-9.698270515515649e-06,9.698270515515649e-06,1.73482351449539,0.058554334707910535,0.07810997501453001,0.012925601938449004,2.4449753568401106e-08,1.7524273564597093e-08,0.15617883213939754,0.0028975400230623932,16.776590078108057,0.0005267527303523916,-0.017811443559335165,-0.0003132304062548659,-3.969005311108428e-06,4.288791946598547e-06,-1.5749662335448001e-06,-6.5141117655489335e-06,0.04146313692331259,0.012829358494798757,-0.031838601371760394,0.00024306379550388755,6.955946530428548e-06,-7.516394855160531e-06,2.760232744169094e-06,1.1416398033886323e-05
283,5.66,0,0.0024579119999543764,1.1946012807151387,0.06594878244897334,0.0238983965479162,0.02416278256695617,0.012317444420492955,7.553449926969253e-06,1.2789634055410742e-05,3.371678130914546e-06,3.371678130914546e-06,-5.708985133296473e-06,5.708985133296473e-06,-3.6433375177891136e-06,3.6433375177891136e-06,6.168963722165494e-06,6.168963722165494e-06,1.3379370531474422e-06,1.3379370531474422e-06,-2.265418655234929e-06,2.265418655234929e-06,5.533751761149916e-06,5.533751761149916e-06,-9.369844872261317e-06,9.369844872261317e-06,1.7396967626008053,0.05711333575614529,0.0766652887215474,0.0151719437051933,2.282184231969272e-08,1.635747392713222e-08,0.15355916295244515,0.0026905189357654398,16.777420791319315,0.000776437122390875,-0.0183804401368963,-0.00030836796059162034,-3.834597544918302e-06,4.143554800818045e-06,-1.5216310434981373e-06,-6.2935159155451125e-06,0.04153566056288237,0.012484219601924158,-0.028449828878056575,0.0002431222831622774,6.720388309506242e-06,-7.261857289025065e-06,2.6667595023331413e-06,1.1029792500191087e-05
284,5.68,0,0.00248370699773659,1.1857078577131515,0.06600933440102448,0.023718881828191738,0.023916770200332112,0.013218913541237592,7.2976572458483215e-06,1.2356521407750123e-05,3.257498428221872e-06,3.257498428221872e-06,-5.515654041942245e-06,5.515654041942245e-06,-3.519958243325405e-06,3.519958243325405e-06,5.9600557471025e-06,5.9600557471025e-06,1.2926286800940545e-06,1.2926286800940545e-06,-2.1887017194915814e-06,2.1887017194915814e-06,5.3463548637046505e-06,5.3463548637046505e-06,-9.052541193737718e-06,9.052541193737718e-06,1.7428928912265094,0.05625853551797241,0.07511210710346816,0.017473967521071453,2.1302320511153e-08,1.5268362130018705e-08,0.15092929860397777,0.0025044633451316843,16.778252841997446,0.0010185850191969097,-0.018881257143001023,-0.0003035053576087721,-3.704741403640667e-06,4.003236012032173e-06,-1.4701020104033177e-06,-6.080390341266081e-06,0.04160253390671934,0.012107394840301733,-0.025040850305235958,0.00024313014914241113,6.4928070638818306e-06,-7.015939439293591e-06,2.5764516547409814e-06,1.065627871395163e-05
285,5.7,0,0.0022359460017469246,1.176240653490004,0.06603885112274671,0.023651183589968403,0.02365248378856765,0.014069363422232273,7.050526817702103e-06,1.1938075865671628e-05,3.1471853473852285e-06,3.1471853473852285e-06,-5.328869986717363e-06,5.328869986717363e-06,-3.4007571284022653e-06,3.4007571284022653e-06,5.75822230862645e-06,5.75822230862645e-06,1.2488546456967953e-06,1.2488546456967953e-06,-2.11458275549231e-06,2.11458275549231e-06,5.165304039829888e-06,5.165304039829888e-06,-8.745982829494095e-06,8.745982829494095e-06,1.7444519430449212,0.05593784852063906,0.07346126301453579,0.019794698710684736,1.9883971362854613e-08,1.4251765537453137e-08,0.14828338475151276,0.00234034341110978,16.779086110129523,0.0012525987251006615,-0.01931370997909045,-0.00029864372008694517,-3.5792827504520306e-06,3.867669023961233e-06,-1.4203179707095455e-06,-5.874482074203073e-06,0.04166340660390631,0.011700685295187604,-0.02162264180447165,0.00024308187609134565,6.272932659431781e-06,-6.778349403547058e-06,2.4892019846886e-06,1.029541335315036e-05
286,5.72,0,0.0022277480020420626,1.166228870364215,0.06603825247357624,0.02368466598498635,0.02337109959586135,0.014865573685937106,6.811765300406962e-06,1.153380072864747e-05,3.0406079476463788e-06,3.0406079476463788e-06,-5.148411255264397e-06,5.148411255264397e-06,-3.2855926822561443e-06,3.2855926822561443e-06,5.563223831227085e-06,5.563223831227085e-06,1.2065629906299336e-06,1.2065629906299336e-06,-2.042973783815755e-06,2.042973783815755e-06,4.990384383239937e-06,4.990384383239937e-06,-8.449805886357648e-06,8.449805886357648e-06,1.7444203159055192,0.05609634028203693,0.07172378106534281,0.022098528101202566,1.8560058603131336e-08,1.330285592481489e-08,0.14561642005573464,0.0021988210705415367,16.779920467891603,0.0014779177112475843,-0.019677829766904704,-0.00029378430225350776,-3.45807266808572e-06,3.7366929205485727e-06,-1.3722198318126775e-06,-5.675546711947538e-06,0.04171788810400856,0.011265949307346142,-0.018205989390712392,0.00024297089167186494,6.0605041183155475e-06,-6.548805170632957e-06,2.404906944843412e-06,9.946768112776696e-06
287,5.74,0,0.0024162180015991908,1.1557041181912677,0.0660085268218213,0.023806917493777783,0.023073827551728265,0.01560499650330733,6.581089285824139e-06,1.1143216118251975e-05,2.9376397225333584e-06,2.9376397225333584e-06,-4.974063643618578e-06,4.974063643618578e-06,-3.174328205624022e-06,3.174328205624022e-06,5.374828852641991e-06,5.374828852641991e-06,1.1657035149381656e-06,1.1657035149381656e-06,-1.9737898045817316e-06,1.9737898045817316e-06,4.821388265512745e-06,4.821388265512745e-06,-8.16365879611825e-06,8.16365879611825e-06,1.7428502452748407,0.056676932055554255,0.06991078342286364,0.024351591586823394,1.7324294475195705e-08,1.2417126545807059e-08,0.1429242922173108,0.0020802541959108983,16.7807557790427,0.001694019621789764,-0.019973858947777097,-0.0002889285089059931,-3.3409672821713996e-06,3.610152234957702e-06,-1.3257505025936211e-06,-5.483348128055672e-06,0.04176555755468409,0.010805095527108993,-0.014801459043619885,0.00024278966737573663,5.855269295716019e-06,-6.32703427954355e-06,2.3234664609528186e-06,9.609929194593375e-06
288,5.76,0,0.002485606000846019,1.1447002596605842,0.06595072527270618,0.02400439687782045,0.022761906876767792,0.016285611245567422,6.358224963467397e-06,1.076585840824488e-05,2.838158449647299e-06,2.838158449647299e-06,-4.805620201892705e-06,4.805620201892705e-06,-3.0668316285953345e-06,3.0668316285953345e-06,5.192813749076055e-06,5.192813749076055e-06,1.1262277188617276e-06,1.1262277188617276e-06,-1.9069486964962812e-06,1.9069486964962812e-06,4.658115089590468e-06,4.658115089590468e-06,-7.88720189787706e-06,7.88720189787706e-06,1.7397992655983858,0.0576211069467916,0.06803339886941635,0.0265221133641752,1.617080987442399e-08,1.1590370726637695e-08,0.14020380094087234,0.001984704340979933,16.781591898513728,0.0019004211407365143,-0.02020224630950837,-0.000284077912247705,-3.227827590685046e-06,3.4878967652208127e-06,-1.2808548244037998e-06,-5.2976581917616425e-06,0.04180597355159218,0.010320075947337512,-0.011419368086563724,0.0002425298329144071,5.656984574317711e-06,-6.112773486844444e-06,2.2447839094910784e-06,9.28449681470144e-06
289,5.78,0,0.0025124029998551123,1.1332532356612892,0.06586595584626928,0.024263060137481706,0.022436601706210705,0.01690583037158702,6.142907795300961e-06,1.0401279673995806e-05,2.74204604561179e-06,2.74204604561179e-06,-4.642880988590338e-06,4.642880988590338e-06,-2.9629753536264403e-06,2.9629753536264403e-06,5.016962469729572e-06,5.016962469729572e-06,1.0880887448827536e-06,1.0880887448827536e-06,-1.8423711193959857e-06,1.8423711193959857e-06,4.500371051632942e-06,4.500371051632942e-06,-7.620107034563572e-06,7.620107034563572e-06,1.7353296558170774,0.05886960872350537,0.0661026759382256,0.028580710055287416,1.5094126472627722e-08,1.0818661885667828e-08,0.13745266809961257,0.0019119478359762145,16.782428672186363,0.0020966787194834423,-0.020363641467678016,-0.00027923426616688454,-3.118519298596904e-06,3.369781395751947e-06,-1.237479507340844e-06,-5.118256497207438e-06,0.04183868363192693,0.009812878937346399,-0.008069757908482356,0.00024218230404102008,5.465414604407083e-06,-5.905768473443328e-06,2.168765853147776e-06,8.970084727710283e-06
290,5.8,0,0.0022306469982140698,1.121400872397103,0.06575537761753816,0.024568908209845162,0.02209919672148798,0.017464436299349705,5.934882201828552e-06,1.0049047160570942e-05,2.6491884258517118e-06,2.6491884258517118e-06,-4.485652833267527e-06,4.485652833267527e-06,-2.86263610421722e-06,2.86263610421722e-06,4.8470662803397096e-06,4.8470662803397096e-06,1.0512413225471917e-06,1.0512413225471917e-06,-1.7799804199524095e-06,1.7799804199524095e-06,4.347968910941745e-06,4.347968910941745e-06,-7.362057163141135e-06,7.362057163141135e-06,1.7295078742500154,0.06036312506237969,0.06412950086260832,0.030500653525404355,1.4089130699832527e-08,1.0098334883537888e-08,0.13466953552058805,0.0018614899619023527,16.78326593685439,0.002282389165472588,-0.020458888829440892,-0.0002743995177357339,-3.0129126586594892e-06,3.255665925208277e-06,-1.1955730654870419e-06,-4.944930101854562e-06,0.04186323340124901,0.009285522299457286,-0.004762368088143905,0.00024173742155753243,5.280331996870723e-06,-5.7057735271834824e-06,2.09532209269011e-06,8.66631976764379e-06
291,5.82,0,0.003086112003074959,1.1091826721277402,0.06562019483318009,0.02490842176522883,0.021750992799356134,0.01796053751904619,5.7339012586158145e-06,9.708742768859222e-06,2.559475369201536e-06,2.559475369201536e-06,-4.3337491071930135e-06,4.3337491071930135e-06,-2.7656947785836827e-06,2.7656947785836827e-06,4.682923515385514e-06,4.682923515385514e-06,1.0156417141748975e-06,1.0156417141748975e-06,-1.7197025407733467e-06,1.7197025407733467e-06,4.200727767679014e-06,4.200727767679014e-06,-7.112745978037391e-06,7.112745978037391e-06,1.7224039879778057,0.06204294748345252,0.06212452098976944,0.03225809079730658,1.3151049457422406e-08,9.425968615187621e-09,0.13185395094632224,0.001832581906718361,16.784103520358446,0.0024571900928621083,-0.020489021068943923,-0.00026957581575187255,-2.9108823170584513e-06,3.1454148996426663e-06,-1.1550857569570388e-06,-4.777473273768025e-06,0.041879175202787854,0.008740046369476003,-0.0015066119751515443,0.00024118509919306467,5.101517080051895e-06,-5.512551278280554e-06,2.0243654265001545e-06,8.372841404326838e-06
292,5.84,0,0.0022531430004164577,1.096639589583269,0.06546165102045105,0.02526887429342333,0.021393302687324964,0.018393536923194936,5.53972640323724e-06,9.379962559105404e-06,2.4728003870655435e-06,2.4728003870655435e-06,-4.186989501800399e-06,4.186989501800399e-06,-2.672036308271064e-06,2.672036308271064e-06,4.524339338699154e-06,4.524339338699154e-06,9.81247663345286e-07,9.81247663345286e-07,-1.6614659324082017e-06,1.6614659324082017e-06,4.058472848118225e-06,4.058472848118225e-06,-6.87187754735041e-06,6.87187754735041e-06,1.7140911017293279,0.06385160080568304,0.06009807422002864,0.03383222005449354,1.2275427449089521e-08,8.798369761021919e-09,0.1290063428511076,0.00182424018247665,16.784941241883235,0.0026207602364989977,-0.020455252144472785,-0.00026476551619178965,-2.8123071654573184e-06,3.0388974526352793e-06,-1.115969523902346e-06,-4.615687247465958e-06,0.04188607623935569,0.008178507181844468,0.0016884462235571551,0.00024051497800414896,4.928757580056647e-06,-5.325872350369324e-06,1.9558116527346477e-06,8.089301315103412e-06
293,5.86,0,0.002836751998984255,1.0838137962360364,0.06528102310575332,0.025638532642321042,0.021027446713272054,0.018763108032900315,5.3521271520479965e-06,9.062316271257516e-06,2.3890605970189327e-06,2.3890605970189327e-06,-4.045199814606849e-06,4.045199814606849e-06,-2.581549521485371e-06,2.581549521485371e-06,4.371125512137322e-06,4.371125512137322e-06,9.480183447152513e-07,9.480183447152513e-07,-1.6052014684691835e-06,1.6052014684691835e-06,3.921035297171265e-06,3.921035297171265e-06,-6.639165961396812e-06,6.639165961396812e-06,1.704644791093559,0.06573343560513614,0.058060124939256046,0.03520542230542883,1.1458106020675756e-08,8.212557620029871e-09,0.126127984900067,0.0018352681648544304,16.785778912404698,0.002772819630894629,-0.02035896988830582,-0.00025997118449292886,-2.717070196497179e-06,2.935987149317671e-06,-1.078177935995812e-06,-4.45937998804196e-06,0.041883526073146944,0.0076029697197815705,0.004814112808348266,0.00023971658494304225,4.761848448006977e-06,-5.145515165880436e-06,1.8895793953266866e-06,7.815362971199886e-06
294,5.88,0,0.002273040998261422,1.0707484347250475,0.06507961556145354,0.02600676409322151,0.020654748536208245,0.019069176396304274,5.170880826641925e-06,8.755426861648032e-06,2.3081566007387977e-06,2.3081566007387977e-06,-3.908211742479124e-06,3.908211742479124e-06,-2.494127011254399e-06,2.494127011254399e-06,4.2231001721926505e-06,4.2231001721926505e-06,9.159143153913973e-07,9.159143153913973e-07,-1.5508423635173128e-06,1.5508423635173128e-06,3.788251977943297e-06,3.788251977943297e-06,-6.414334993182272e-06,6.414334993182272e-06,1.6941425446506342,0.06763517786004755,0.0560202068176144,0.0363633488433368,1.0695203409333229e-08,7.66574995296679e-09,0.12322095093427492,0.0018642794033831378,16.78661633527348,0.002913129656295901,-0.02020172820100572,-0.00025519559462760535,-2.6250583649093964e-06,2.836561836232828e-06,-1.0416661349520065e-06,-4.308365963279459e-06,0.04187114343887948,0.007015501270063591,0.007862084365005,0.0002387794932661745,4.60059157938911e-06,-4.9712656542421365e-06,1.8255900521902678e-06,7.550701238125139e-06
295,5.9,0,0.002449112998874625,1.0574873658046253,0.06485875460080705,0.026364072279116527,0.020276530944197187,0.019311904404932995,4.995772289394363e-06,8.458930055315727e-06,2.2299923658763987e-06,2.2299923658763987e-06,-3.7758626818144634e-06,3.7758626818144634e-06,-2.409665007807593e-06,2.409665007807593e-06,4.08008761409543e-06,4.08008761409543e-06,8.84897468078627e-07,8.84897468078627e-07,-1.4983240937927015e-06,1.4983240937927015e-06,3.6599652780797305e-06,3.6599652780797305e-06,-6.197117770388904e-06,6.197117770388904e-06,1.6826632193470834,0.06950643071384804,0.05398737275259493,0.03729496517452703,9.983096306992234e-09,7.155349768072372e-09,0.12028806144553936,0.001909722342443244,16.78745330691979,0.0030414929543253425,-0.019985238882520427,-0.0002504417249774351,-2.5361624537837427e-06,2.7405034967471333e-06,-1.0063907818882268e-06,-4.162465923484074e-06,0.04184858231590898,0.006418164901472106,0.010824465924264766,0.0002376934825085125,4.444795556282668e-06,-4.802916974284733e-06,1.7637676531889826e-06,7.295001989769171e-06
296,5.92,0,0.0024002210011531133,1.044074910237695,0.06461978244187815,0.0267020830773873,0.01989411170445682,0.019491678377503468,4.826593688292318e-06,8.17247391349251e-06,2.154475112259302e-06,2.154475112259302e-06,-3.647995535491678e-06,3.647995535491678e-06,-2.3280632555078284e-06,2.3280632555078284e-06,3.941918083221808e-06,3.941918083221808e-06,8.549309862271315e-07,8.549309862271315e-07,-1.4475843205881799e-06,1.4475843205881799e-06,3.5360229226719542e-06,3.5360229226719542e-06,-5.987256458487855e-06,5.987256458487855e-06,1.670286513134265,0.0713001240671693,0.05197015213996376,0.03799255259720361,9.318402652745296e-09,6.678932986671557e-09,0.11733282256950132,0.0019699060898108554,16.788289617664116,0.003157753216030888,-0.01971136313299141,-0.0002457127510608187,-2.450276944876309e-06,2.647698110479202e-06,-9.723100057709315e-07,-4.021506688771783e-06,0.04181553721638496,0.005813013085277292,0.0136937874764508,0.0002364486958308189,4.294275445371703e-06,-4.640269313396585e-06,1.704038805864793e-06,7.0479617356145714e-06
297,5.94,0,0.0024232169998867903,1.030555588071656,0.06436405166222396,0.027013498202202245,0.01950879946971438,0.019609097145730583,4.66314421001763e-06,7.895718415807612e-06,2.081515201535211e-06,2.081515201535211e-06,-3.5244585264130188e-06,3.5244585264130188e-06,-2.2492248938354997e-06,2.2492248938354997e-06,3.808427573613511e-06,3.808427573613511e-06,8.25979299845514e-07,8.25979299845514e-07,-1.3985628162881852e-06,1.3985628162881852e-06,3.4162777935021864e-06,3.4162777935021864e-06,-5.784501954598546e-06,5.784501954598546e-06,1.6570924585509739,0.07297290851203837,0.0499765155637126,0.03845166908706992,8.697965569368375e-09,6.234236930172345e-09,0.11435935867552853,0.002043026871190563,16.789125052617333,0.003261794845536981,-0.01938210275657996,-0.0002410120352077796,-2.3672998928865375e-06,2.5580355184594537e-06,-9.393833526727772e-07,-3.885320943560523e-06,0.04177174766054534,0.005202081475304637,0.01646301882057237,0.00023503579265195831,4.148852599488583e-06,-4.483129600987398e-06,1.646332654907703e-06,6.809287260562896e-06
298,5.96,0,0.0022849390006740578,1.0169738577227623,0.0640929196668113,0.027292030143464974,0.01912188974399377,0.01966496162754285,4.505229841719374e-06,7.628335056617795e-06,2.011026031034646e-06,2.011026031034646e-06,-3.4051050173533844e-06,3.4051050173533844e-06,-2.173056342369417e-06,2.173056342369417e-06,3.6794576332652543e-06,3.6794576332652543e-06,7.980080435343595e-07,7.980080435343595e-07,-1.3512013928973792e-06,1.3512013928973792e-06,3.3005877544101635e-06,3.3005877544101635e-06,-5.588613591728906e-06,5.588613591728906e-06,1.6431609405665304,0.07448549093518006,0.04801384690647582,0.03867107158127327,8.118838370687508e-09,5.8191495736024006e-09,0.11137233966578156,0.0021271948147682574,16.789959392653678,0.0033535425028247945,-0.018999591101919226,-0.00023634311331565308,-2.287132804982772e-06,2.471409292095253e-06,-9.075717394465969e-07,-3.7537470380168787e-06,0.04171700181736562,0.00458738286439066,0.019125582733036866,0.00023344609460632115,4.008354395188273e-06,-4.331311318209992e-06,1.5905806613090157e-06,6.5786952771823305e-06
299,5.98,0,0.002352227998926537,1.003373857267474,0.06380774329214567,0.027532328258272808,0.01873466091024023,0.019660265040052412,4.352663140580841e-06,7.3700064550003405e-06,1.942923930686735e-06,1.942923930686735e-06,-3.289793336857068e-06,3.289793336857068e-06,-2.0994671897089923e-06,2.0994671897089923e-06,3.5548551760646096e-06,3.5548551760646096e-06,7.709840156300274e-07,7.709840156300274e-07,-1.3054438328724234e-06,1.3054438328724234e-06,3.1888154825756698e-06,3.1888154825756698e-06,-5.39935885304353e-06,5.39935885304353e-06,1.628571241614544,0.07580290993212872,0.046088922796103604,0.0386526021445107,7.578270566148428e-09,5.4316995146746676e-09,0.10837690411492243,0.002220460612424431,16.79079241544058,0.0034329604542369394,-0.018566083810603658,-0.00023170967753479707,-2.2096804940842696e-06,2.3877165749191724e-06,-8.768373941871817e-07,-3.6266284353618936e-06,0.04165113934531999,0.003970897570607273,0.021675364565778333,0.0002316717890428021,3.872615544925137e-06,-4.1846358588040765e-06,1.5367172629707592e-06,6.355930132749253e-06
300,6.0,0,0.0023854220016801264,0.989799150190378,0.06350987356988808,0.02772990262868938,0.018348370321599805,0.01959618351804296,4.205263011472236e-06,7.120425978008069e-06,1.87712806393181e-06,1.87712806393181e-06,-3.1783866110932572e-06,3.1783866110932572e-06,-2.028370086171183e-06,2.028370086171183e-06,3.4344723000680144e-06,3.4344723000680144e-06,7.448751390137787e-07,7.448751390137787e-07,-1.261235822491776e-06,1.261235822491776e-06,3.080828305514812e-06,3.080828305514812e-06,-5.216513095818346e-06,5.216513095818346e-06,1.613401616345267,0.07689474997965941,0.044207899223044286,0.038401040847281846,7.073694798262614e-09,5.070046610829216e-09,0.10537857940555,0.0023208423730433033,16.791623896504195,0.003500052129082622,-0.018083949220216538,-0.00022711556208096268,-2.1348510626864205e-06,2.306858065341809e-06,-8.471438503231185e-07,-3.5038147071065494e-06,0.04157405318034035,0.0033545837422841052,0.02410672951935576,0.00022970577269171847,3.7414715698924557e-06,-4.0429254788681505e-06,1.4846771932031491e-06,6.140686412767169e-06
301,6.0200000000000005,0,0.0023856219995650463,0.976292477990739,0.06320065067330277,0.027881049854937365,0.017964250457850415,0.019474066986921616,4.062854491896912e-06,6.87929734386499e-06,1.813560331687114e-06,1.813560331687114e-06,-3.0707525980922585e-06,3.0707525980922585e-06,-1.9596806401511735e-06,1.9596806401511735e-06,3.3181661083848098e-06,3.3181661083848098e-06,7.19650422587037e-07,7.19650422587037e-07,-1.2185248860134876e-06,1.2185248860134876e-06,2.9764980435983534e-06,2.9764980435983534e-06,-5.039859244656518e-06,5.039859244656518e-06,1.597728898211538,0.07773529410135029,0.0423763050876766,0.03792392850111102,6.602714648930765e-09,4.732473194530789e-09,0.10238319988939606,0.00242635074052647,16.792453610323083,0.003554859060432342,-0.017555658827716206,-0.0002225647175238964,-2.062555687943997e-06,2.2287377836623424e-06,-8.184558615226933e-07,-3.385160060452268e-06,0.041485690944618035,0.0027403465674860237,0.026414519625016925,0.000227542227853314,3.6147687371211914e-06,-3.906014083973348e-06,1.4343994400212693e-06,5.932732332714109e-06
302,6.04,0,0.0023666249981033616,0.9628955215298133,0.06288139906969323,0.02798278319267166,0.017583505148377147,0.019295430172534715,3.92526854500438e-06,6.6463343484220374e-06,1.7521452796986914e-06,1.7521452796986914e-06,-2.966763538602721e-06,2.966763538602721e-06,-1.8933173179802587e-06,1.8933173179802587e-06,3.2057985480466987e-06,3.2057985480466987e-06,6.952799248560737e-07,6.952799248560737e-07,-1.1772603264923356e-06,1.1772603264923356e-06,2.875700858705329e-06,2.875700858705329e-06,-4.869187629373188e-06,4.869187629373188e-06,1.5816281395848062,0.07830361552080675,0.040599042366769644,0.0372313625543163,6.163093260160319e-09,4.417376027101458e-09,0.09939682436046571,0.002535014131335031,16.7932813314247,0.003597460080881779,-0.01698377747876641,-0.00021806118976684563,-1.9927085546648767e-06,2.1532630006596593e-06,-7.907393751727272e-07,-3.270523640366691e-06,0.041386055080999566,0.00213005102247187,0.028594067447489477,0.00022517638785254018,3.492356663955982e-06,-3.7737391501341335e-06,1.3858243174983126e-06,5.7318210042788046e-06
303,6.0600000000000005,0,0.0022194490011315793,0.949648673269736,0.0625534229015243,0.02803276824027978,0.017207305864178228,0.019061943717456523,3.7923418580312624e-06,6.421260477314234e-06,1.6928100089463882e-06,1.6928100089463882e-06,-2.8662959996406402e-06,2.8662959996406402e-06,-1.829201347003373e-06,1.829201347003373e-06,3.0972362408928815e-06,3.0972362408928815e-06,6.717347182938482e-07,6.717347182938482e-07,-1.137393163717931e-06,1.137393163717931e-06,2.7783171061177784e-06,2.7783171061177784e-06,-4.704295677270864e-06,4.704295677270864e-06,1.5651722866787774,0.07858360952132384,0.03888039252853527,0.03633576982874801,5.752742707270402e-09,4.123258611751782e-09,0.0964256537284474,0.0026449022143651543,16.794106835474068,0.0036279703244975424,-0.016370953498120254,-0.000213609095292003,-1.9252267540031307e-06,2.0803441272420675e-06,-7.639614915000514e-07,-3.1597693624914284e-06,0.041275202468486816,0.001525512180788148,0.03064119903230791,0.00022260472374213114,3.374090033087286e-06,-3.645943670879595e-06,1.3388941836337894e-06,5.537713893763152e-06
304,6.08,0,0.0022076510031183716,0.9365908221575787,0.062218001618177365,0.028029264601775548,0.01683678808153509,0.018775425358014946,3.663916648491019e-06,6.203808578128541e-06,1.635484088935435e-06,1.635484088935435e-06,-2.7692307279766665e-06,2.7692307279766665e-06,-1.7672566222093344e-06,1.7672566222093344e-06,2.9923503253114126e-06,2.9923503253114126e-06,6.489868550341171e-07,6.489868550341171e-07,-1.098876076101797e-06,1.098876076101797e-06,2.684231192572441e-06,2.684231192572441e-06,-4.5449876731704e-06,4.5449876731704e-06,1.548431890143808,0.07856396741163477,0.037224028766063406,0.03525165973743906,5.369714082835864e-09,3.8487240874061255e-09,0.09347594999321723,0.0027541480348146213,16.794929900339035,0.003646540135014595,-0.0157199087580474,-0.0002092125949885611,-1.8600301847520884e-06,2.009894608411291e-06,-7.380904250194885e-07,-3.0527657516677412e-06,0.04115324324822247,0.0009284905258526641,0.032552237003642764,0.0002198250151720951,3.2598284625521298e-06,-3.5224759415388074e-06,1.2935533240281434e-06,5.350180541184343e-06
305,6.1000000000000005,0,0.0023926220019347966,0.9237591528184136,0.06187638587922389,0.027971073473916273,0.016473047722357175,0.018437831165701555,3.5398404769316903e-06,5.993720543652832e-06,1.580099474374208e-06,1.580099474374208e-06,-2.6754525086462736e-06,2.6754525086462736e-06,-1.707409615692157e-06,1.707409615692157e-06,2.8910163033037074e-06,2.8910163033037074e-06,6.270093335647431e-07,6.270093335647431e-07,-1.0616633444793808e-06,1.0616633444793808e-06,2.593331439108967e-06,2.593331439108967e-06,-4.391074527539403e-06,4.391074527539403e-06,1.5314748517898467,0.07823809512832225,0.035633033574442814,0.03399536180949155,5.012188240849589e-09,3.5924685955405995e-09,0.09055395746311652,0.0028609684599544493,16.795750307118418,0.003653353885694809,-0.015033428717553164,-0.00020487586680829903,-1.7970414584979954e-06,1.9418308204210785e-06,-7.130954668422123e-07,-2.949385785889382e-06,0.041020338969307124,0.00034068753401063096,0.034324002024711926,0.00021683640901310562,3.14943631270465e-06,-3.4031893995106106e-06,1.2497479088638061e-06,5.168998288917977e-06
306,6.12,0,0.0024023189980653115,0.9111889605260453,0.06152979374871579,0.02785749083834726,0.01611713767855753,0.018051246874122184,3.4199660660368068e-06,5.7907470058380235e-06,1.5265904241834605e-06,1.5265904241834605e-06,-2.584850028213586e-06,2.584850028213586e-06,-1.6495892896095654e-06,1.6495892896095654e-06,2.7931138927601058e-06,2.7931138927601058e-06,6.057760666422496e-07,6.057760666422496e-07,-1.025710797872726e-06,1.025710797872726e-06,2.5055099485580754e-06,2.5055099485580754e-06,-4.242373552442552e-06,4.242373552442552e-06,1.5143662075038016,0.07760397958086013,0.03410992115633381,0.03258475137105059,4.678467157137308e-09,3.3532750885622026e-09,0.08766582710710479,0.002963682762265299,16.79656784112048,0.0036486287163778556,-0.014314352464398614,-0.00020060307756712012,-1.7361858072530037e-06,1.876071971393715e-06,-6.889469477224805e-07,-2.8495067455121727e-06,0.040876700102740464,-0.00023625846584764913,0.03595381265772738,0.00021363946205894157,3.0427825622495875e-06,-3.2879424513681707e-06,1.2074259559865923e-06,4.993952018860431e-06
307,6.140000000000001,0,0.002369425001234049,0.8989134832238425,0.06117940719827355,0.02768826581064035,0.015770064431158377,0.017617879334367148,3.304151125909725e-06,5.594647040104378e-06,1.4748934236141764e-06,1.4748934236141764e-06,-2.4973157426896317e-06,2.4973157426896317e-06,-1.5937270117505342e-06,1.5937270117505342e-06,2.6985268847224363e-06,2.6985268847224363e-06,5.852618506496654e-07,5.852618506496654e-07,-9.909757610915579e-07,9.909757610915579e-07,2.4206624775092046e-06,2.4206624775092046e-06,-4.098708245047755e-06,4.098708245047755e-06,1.497167946052866,0.07666400636006752,0.03265666410909253,0.031038967224032096,4.3669658651402004e-09,3.130007550334867e-09,0.08481754485496376,0.0030607291867465517,16.79738229278024,0.003632613193410515,-0.0135655627912722,-0.00019639835421566342,-1.6773909953106441e-06,1.8125400054980077e-06,-6.656162035282642e-07,-2.7530100675455218e-06,0.040722582988263575,-0.0008007761483669745,0.037439483656320716,0.00021023616757283607,2.9397405971179957e-06,-3.176598294785395e-06,1.1665372097108173e-06,4.8248338983325645e-06
308,6.16,0,0.0024315150003531016,0.8869637516653803,0.06082636893469691,0.027463563658254427,0.015432784779024355,0.017140048164992615,3.192258185093486e-06,5.405187879593406e-06,1.4249471087524057e-06,1.4249471087524057e-06,-2.4127457498633396e-06,2.4127457498633396e-06,-1.5397564740449177e-06,1.5397564740449177e-06,2.6071430054636896e-06,2.6071430054636896e-06,5.654423353984583e-07,5.654423353984583e-07,-9.574170040505492e-07,9.574170040505492e-07,2.3386883126082485e-06,2.3386883126082485e-06,-3.9599080784326905e-06,3.9599080784326905e-06,1.4799388631119441,0.07542473288109931,0.03127472382296697,0.029378125109826663,4.076204928118542e-09,2.921605601370346e-09,0.08201486457611554,0.00315067937987985,16.79819345850573,0.0036055858982726213,-0.012789976336712052,-0.00019226575490267987,-1.6205872334652322e-06,1.7511595101671462e-06,-6.430755405669517e-07,-2.659781204862064e-06,0.04055828627423966,-0.0013513647568947117,0.038779322728007444,0.00020662996564917624,2.840188092270605e-06,-3.069024766543082e-06,1.1270331480656162e-06,4.661443134172872e-06
309,6.18,0,0.002232047001598403,0.8753684585352881,0.06047177956543912,0.027183933014737836,0.015106202697133355,0.016620177690440295,3.0841544274986534e-06,5.222144639121919e-06,1.3766921937441445e-06,1.3766921937441445e-06,-2.3310396660241513e-06,2.3310396660241513e-06,-1.4876136139596596e-06,1.4876136139596596e-06,2.5188537832452803e-06,2.5188537832452803e-06,5.462939952627366e-07,5.462939952627366e-07,-9.249946928814064e-07,9.249946928814064e-07,2.259490151039663e-06,2.259490151039663e-06,-3.825808299445227e-06,3.825808299445227e-06,1.4627344495244239,0.07389662141497536,0.02996508400433697,0.027623030646180925,3.804803413063818e-09,2.727079463190979e-09,0.07926324637919582,0.0032322505899492924,16.799001141444155,0.0035678539508275284,-0.01199053382054107,-0.0001882092401514573,-1.565707095420289e-06,1.6918576269741837e-06,-6.212982031003858e-07,-2.5697094901622433e-06,0.04038414692154238,-0.0018865973722546493,0.03997212580854918,0.0002028257375611299,2.7440069022471474e-06,-2.9650941596481207e-06,1.0888668733283003e-06,4.50358573499105e-06
310,6.2,0,0.0022361459996318445,0.8641538471983233,0.060116695112578875,0.026850276865616585,0.014791166349994129,0.016060789297185945,2.979711534705946e-06,5.045300048437917e-06,1.3300714004071956e-06,1.3300714004071956e-06,-2.252100506850938e-06,2.252100506850938e-06,-1.437236538281983e-06,1.437236538281983e-06,2.433554419569932e-06,2.433554419569932e-06,5.277941014236731e-07,5.277941014236731e-07,-8.936703426242449e-07,8.936703426242449e-07,2.1829739850506933e-06,2.1829739850506933e-06,-3.6962497333804315e-06,3.6962497333804315e-06,1.4456068125035058,0.07209373677602651,0.02872828673030328,0.02579489528486026,3.5514723320238646e-09,2.545505257876764e-09,0.07656780078162237,0.0033043155794794674,16.79980515216097,0.0035197514732134083,-0.011170190402660077,-0.00018423264446235807,-1.5126854385879182e-06,1.6345639646255632e-06,-6.002583416859268e-07,-2.482688004536806e-06,0.04020053584083026,-0.0024051238807059807,0.04101717089404965,0.00019882978445496206,2.651082841618541e-06,-2.864683117431027e-06,1.0519930707229506e-06,4.351074281271865e-06
311,6.22,0,0.0024882060024538077,0.8533436205124241,0.05976212488292693,0.026463826948385262,0.014488465291972463,0.015464494385177703,2.8788055337463215e-06,4.874444194479483e-06,1.2850293902855192e-06,1.2850293902855192e-06,-2.1758345722475327e-06,2.1758345722475327e-06,-1.388565449900181e-06,1.388565449900181e-06,2.351143664837071e-06,2.351143664837071e-06,5.099206945580192e-07,5.099206945580192e-07,-8.634067715660383e-07,8.634067715660383e-07,2.1090489903830695e-06,2.1090489903830695e-06,-3.571078595245077e-06,3.571078595245077e-06,1.4286046282090215,0.07003341367540818,0.02756447044089906,0.023915058658919266,3.3150085204513765e-09,2.376020620509473e-09,0.07393323920249825,0.0033659102215711305,16.800605309225705,0.003461638000456682,-0.010331906193050413,-0.00018033964864373398,-1.461459326532691e-06,1.5792105157156657e-06,-5.799309817553514e-07,-2.3986134504728096e-06,0.040007853236752405,-0.002905673637836349,0.0419142104804833,0.00019464979093120413,2.5613056027613616e-06,-2.76767244549487e-06,1.0163679965287672e-06,4.203727703199814e-06
312,6.24,0,0.0024666089993843343,0.842958869931445,0.05940902969864017,0.02602612128666293,0.014198827892540289,0.014833988160702591,2.781316649826363e-06,4.709374272358195e-06,1.2415126988130076e-06,1.2415126988130076e-06,-2.102151335174242e-06,2.102151335174242e-06,-1.3415425765828104e-06,1.3415425765828104e-06,2.2715236981469034e-06,2.2715236981469034e-06,4.926525590809305e-07,4.926525590809305e-07,-8.341680571349148e-07,8.341680571349148e-07,2.037627418478155e-06,2.037627418478155e-06,-3.4501463073886024e-06,3.4501463073886024e-06,1.4117731238935636,0.0677358989228089,0.02647340928247458,0.02200472047518646,3.094288922640537e-09,2.2178206037149276e-09,0.071363831135036,0.0034162387797870733,16.80140143970034,0.0033938968437195725,-0.009478636940219545,-0.00017653375315532704,-1.4119679538621592e-06,1.5257315757049734e-06,-5.602919947825079e-07,-2.317386028932244e-06,0.039806523731630905,-0.003387057836855476,0.042663462641543304,0.00019029477442034448,2.4745686335265826e-06,-2.6739470005346232e-06,9.819493486421765e-07,4.0613710770283246e-06
313,6.26,0,0.0023624269997526426,0.8330180249164262,0.059058320489230334,0.025538984662737338,0.013922919030333892,0.014172044617458756,2.6871291643817336e-06,4.5498943447471695e-06,1.199469672086284e-06,1.199469672086284e-06,-2.0309633342140697e-06,2.0309633342140697e-06,-1.2961121026444644e-06,1.2961121026444644e-06,2.194600011210099e-06,2.194600011210099e-06,4.75969197943904e-07,4.75969197943904e-07,-8.059194932038522e-07,8.059194932038522e-07,1.968624492330439e-06,1.968624492330439e-06,-3.3333093232868477e-06,3.3333093232868477e-06,1.3951540876034572,0.06522397376035328,0.025454553229985844,0.020084684863924167,2.888265258428349e-09,2.070153854836227e-09,0.06886336825719235,0.003454676907977423,16.802193379527157,0.0033169334129610076,-0.008613324922621736,-0.00017281825274690526,-1.3641525745182526e-06,1.4740636653113107e-06,-5.413180694534181e-07,-2.238909321033949e-06,0.039596991340879725,-0.003848171537928262,0.04326560087989034,0.0001857750204210923,2.3907689671953354e-06,-2.5833955196831215e-06,9.486962664544838e-07,3.923835394914694e-06
314,6.28,0,0.002208751000580378,0.8235368224759335,0.058710857242203776,0.025004511922049364,0.01366133810480154,0.013481513204369303,2.5961312775066048e-06,4.395815109362883e-06,1.1588504054138582e-06,1.1588504054138582e-06,-1.962186069730524e-06,1.962186069730524e-06,-1.2522201024434132e-06,1.2522201024434132e-06,2.1202812961539743e-06,2.1202812961539743e-06,4.598508080988495e-07,4.598508080988495e-07,-7.78627548934814e-07,7.78627548934814e-07,1.901958305864683e-06,1.901958305864683e-06,-3.220428957247447e-06,3.220428957247447e-06,1.3787859032457723,0.06252256164599086,0.02450706843652939,0.018175119827958382,2.6959590440192298e-09,1.9323190475703016e-09,0.06643513564205862,0.0034807724251321873,16.802980973814623,0.0032311735050895665,-0.0077388900670069885,-0.00016919621264185444,-1.3179564319731167e-06,1.4241454551230606e-06,-5.229866838634498e-07,-2.163090174106588e-06,0.03937971437351184,-0.0042879953935720215,0.043721742780737545,0.0001811020052525406,2.3098071272568047e-06,-2.495910509412506e-06,9.165692794984239e-07,3.790957346368062e-06
315,6.3,0,0.0023036359998513944,0.814528296465676,0.05836744830580598,0.024425054098340226,0.013414617417450043,0.012765317912781198,2.5082149753270176e-06,4.2469536743678135e-06,1.1196066840302166e-06,1.1196066840302166e-06,-1.8957379035958274e-06,1.8957379035958274e-06,-1.2098144765437802e-06,1.2098144765437802e-06,2.0484793371714563e-06,2.0484793371714563e-06,4.4427825707238355e-07,4.4427825707238355e-07,-7.522598289924367e-07,7.522598289924367e-07,1.8375497267196332e-06,1.8375497267196332e-06,-3.111371219890392e-06,3.111371219890392e-06,1.3627036086923732,0.05965832677068466,0.023629877284967744,0.01629533414143725,2.516456944981884e-09,1.803661551222627e-09,0.06408189013534529,0.0034942439291239737,16.803764077021178,0.003137061562223891,-0.006858221320700135,-0.00016567044646609988,-1.2733246918327207e-06,1.3759176927471144e-06,-5.052760787522999e-07,-2.0898385903863346e-06,0.03915516032764585,-0.004705597143283799,0.044033437315342566,0.00017628830878772654,2.2315870070197837e-06,-2.4113881187973077e-06,8.855302555574969e-07,3.6625791860126733e-06
316,6.32,0,0.002268340998853091,0.806002786096409,0.05802885003354663,0.02380320745141252,0.013183220975547551,0.012026459886186105,2.423275901865126e-06,4.103133341403369e-06,1.081691925974848e-06,1.081691925974848e-06,-1.831539962304415e-06,1.831539962304415e-06,-1.1688448898206083e-06,1.1688448898206083e-06,1.9791089058327455e-06,1.9791089058327455e-06,4.2923306053932464e-07,4.2923306053932464e-07,-7.26785035089216e-07,7.26785035089216e-07,1.775322302321851e-06,1.775322302321851e-06,-3.006006659247747e-06,3.006006659247747e-06,1.3469389744863376,0.056659268497498035,0.022821697648322207,0.014463573739404347,2.3489064386240952e-09,1.6835703217335975e-09,0.061805845877450645,0.0034949773848657398,16.804542553038093,0.003035058907903402,-0.005974168296141394,-0.00016224349615962674,-1.2302043765917252e-06,1.3293231321548734e-06,-4.88165231795196e-07,-2.0190676200986863e-06,0.03892380084557139,-0.0051001327160244084,0.04420265122793711,0.0001713475153236557,2.1560157620497797e-06,-2.3297280296120396e-06,8.555423478551856e-07,3.5385485143824063e-06
317,6.34,0,0.0024415139996563084,0.7979679629333284,0.05769576675641983,0.02314180562422057,0.012967543768917749,0.011268025256947806,2.3412132350487073e-06,3.964183395896283e-06,1.0450611267476262e-06,1.0450611267476262e-06,-1.7695160433631156e-06,1.7695160433631156e-06,-1.1292627117298615e-06,1.1292627117298615e-06,1.912087659934342e-06,1.912087659934342e-06,4.1469735978516553e-07,4.1469735978516553e-07,-7.021729288295586e-07,7.021729288295586e-07,1.7152021691369066e-06,1.7152021691369066e-06,-2.9042102071520347e-06,2.9042102071520347e-06,1.3315206006444797,0.05355431675492067,0.02208108090213194,0.012696839319121364,2.192511764786893e-09,1.5714749996299784e-09,0.05960866685765847,0.003483020786175019,16.80531627517401,0.0029256419662109304,-0.005089533211183063,-0.00015891761402755792,-1.1885443025379937e-06,1.2843064657912903e-06,-4.716338324881578e-07,-1.9506932576494106e-06,0.03868610679556303,-0.005470847084623631,0.04423175424791649,0.00016629410660344405,2.0830037026865696e-06,-2.2508333181791547e-06,8.265699653519162e-07,3.4187181224637767e-06
318,6.36,0,0.002411418998235604,0.7904288755151819,0.05736885106509256,0.02244391525686923,0.012767911564597818,0.01049320091409004,2.2619295671305707e-06,3.829938904432443e-06,1.0096708059070814e-06,1.0096708059070814e-06,-1.709592524832961e-06,1.709592524832961e-06,-1.091020958521316e-06,1.091020958521316e-06,1.8473360457366231e-06,1.8473360457366231e-06,4.0065390116694743e-07,4.0065390116694743e-07,-6.783942958257405e-07,6.783942958257405e-07,1.6571179649938535e-06,1.6571179649938535e-06,-2.805861030812774e-06,2.805861030812774e-06,1.3164740290115085,0.05037293320575273,0.02140644827248336,0.011010726542346002,2.046530146663796e-09,1.4668432011685182e-09,0.0574914663080056,0.003458577082360532,16.80608512604469,0.0028093004720492762,-0.0042070631361517475,-0.0001556947471271239,-1.1482950195518673e-06,1.2408142593905004e-06,-4.5566225802782464e-07,-1.8846343432024348e-06,0.03844254353425269,-0.005817074708082707,0.04412350375156576,0.0001611433450216991,2.0124641493063295e-06,-2.174610320039496e-06,7.985787230166579e-07,3.30294572234879e-06
319,6.38,0,0.002437114999338519,0.7833880105833795,0.057048704380891116,0.021712835547518437,0.01258458125433192,0.009705302620177861,2.18533078903566e-06,3.7002405189323935e-06,9.754789553895193e-07,9.754789553895193e-07,-1.651698277911298e-06,1.651698277911298e-06,-1.054074237616387e-06,1.054074237616387e-06,1.7847772035204751e-06,1.7847772035204751e-06,3.870860152410671e-07,3.870860152410671e-07,-6.554209110104536e-07,6.554209110104536e-07,1.601000744377596e-06,1.601000744377596e-06,-2.710842389350178e-06,2.710842389350178e-06,1.3018218686153218,0.04714472275135802,0.02079612514732153,0.009419289894923123,1.9102682630028877e-09,1.3691779897949065e-09,0.05545481266578975,0.0034219954250522327,16.806848997372928,0.002686535674010646,-0.003329442581828068,-0.00015257652402896171,-1.1094087521360315e-06,1.198794887676366e-06,-4.402315505661254e-07,-1.8208124634431426e-06,0.03819356641201588,-0.006138239901931512,0.04388102771618396,0.00015591115490811016,1.944313370791775e-06,-2.100968585706732e-06,7.715353730849585e-07,3.1910939879646144e-06
320,6.4,0,0.002406519000942353,0.7768453697883686,0.0567358777912593,0.020952102430145416,0.012417741776110967,0.008907822923724523,2.111325978648599e-06,3.574934287619449e-06,9.424449898265408e-07,9.424449898265408e-07,-1.5957645825380278e-06,1.5957645825380278e-06,-1.0183786935402672e-06,1.0183786935402672e-06,1.7243368763949224e-06,1.7243368763949224e-06,3.7397759700130706e-07,3.7397759700130706e-07,-6.332255051234949e-07,6.332255051234949e-07,1.5467838965904906e-06,1.5467838965904906e-06,-2.619041495333762e-06,2.619041495333762e-06,1.2875839314978836,0.043899059624330536,0.020248373025182946,0.00793493092404321,1.7830789552465854e-09,1.2780155160797175e-09,0.053498741769467,0.003373761034903837,16.80760778970421,0.0025578585393583584,-0.002459286431446315,-0.00014956424411387747,-1.0718393421339143e-06,1.1581984740877547e-06,-4.253233936524547e-07,-1.759151857913337e-06,0.03793961656428278,-0.006433856732614363,0.04350780751908766,0.00015061399575421198,1.8784705001058724e-06,-2.0298206794305652e-06,7.45407845683536e-07,3.083030276490289e-06
321,6.42,0,0.0022565429972019047,0.7707985606345504,0.0564308731225635,0.020165498252251075,0.012267515613690235,0.008104511860594025,2.0398272929070963e-06,3.453871472094913e-06,9.105296981948285e-07,9.105296981948285e-07,-1.541725045826695e-06,1.541725045826695e-06,-9.838919560190007e-07,9.838919560190007e-07,1.6659433220928607e-06,1.6659433220928607e-06,3.6131308689402175e-07,3.6131308689402175e-07,-6.117817323948982e-07,6.117817323948982e-07,1.4944030666838668e-06,1.4944030666838668e-06,-2.5303493806792486e-06,2.5303493806792486e-06,1.2737773765499436,0.040664731976154105,0.01976141882407379,0.006568311249850921,1.6643581539554768e-09,1.192922814575108e-09,0.05162277488237909,0.003314483877260821,16.808361412044874,0.0024237879684027895,-0.001599133216749919,-0.00014665886949496006,-1.0355421952021515e-06,1.1189768310343916e-06,-4.109200915488608e-07,-1.6995793383562267e-06,0.0376811170329913,-0.0067035285477784435,0.04300766073481981,0.00014526873094586912,1.8148573465881293e-06,-1.9610821526681517e-06,7.201651051796938e-07,2.9786259778555044e-06
322,6.44,0,0.0022478450009657536,0.7652429003360435,0.056134144220761205,0.019357068085359037,0.012133960857962804,0.007299513971696119,1.9707498634786344e-06,3.336908370578818e-06,8.796951972978029e-07,8.796951972978029e-07,-1.4895155231941639e-06,1.4895155231941639e-06,-9.505730895753572e-07,9.505730895753572e-07,1.6095272278700712e-06,1.6095272278700712e-06,3.4907745227741316e-07,3.4907745227741316e-07,-5.910641392012933e-07,5.910641392012933e-07,1.4437960790703464e-06,1.4437960790703464e-06,-2.444660767038592e-06,2.444660767038592e-06,1.2604168589588873,0.03746960848612253,0.019333481322870487,0.005328290422298684,1.553542009760422e-09,1.113495747363898e-09,0.04982594208796397,0.0032448860855457044,16.809109781430113,0.002284849016379761,-0.0007514387960220756,-0.00014386101948860695,-1.0004742271408847e-06,1.0810834029931004e-06,-3.97004547774146e-07,-1.6420241948384697e-06,0.037418469261827805,-0.006946947601151414,0.042384721036392174,0.00013989250031765725,1.753398403063369e-06,-1.8946714020645628e-06,6.957771887357419e-07,2.8777571758878404e-06
323,6.46,0,0.0022207490001164842,0.7601715311870234,0.05584609840858545,0.018531144084918807,0.012017073792590795,0.006497606008308368,1.9040116960840597e-06,3.2239061479613393e-06,8.499048868571002e-07,8.499048868571002e-07,-1.4390740423061626e-06,1.4390740423061626e-06,-9.183825450120864e-07,9.183825450120864e-07,1.5550216282216624e-06,1.5550216282216624e-06,3.3725616954694004e-07,3.3725616954694004e-07,-5.710481339065786e-07,5.710481339065786e-07,1.394902863729574e-06,1.394902863729574e-06,-2.36187394162944e-06,2.36187394162944e-06,1.2475146829845638,0.03434033010960213,0.018962794558037514,0.0042218883839205,1.450104215529959e-09,1.0393570850862919e-09,0.048106810558823425,0.003165788673267365,16.8098528224299,0.002141571134565141,8.142958996907072e-05,-0.00014117096773501756,-9.665938126416592e-07,1.0444732108178532e-06,-3.8356024471883876e-07,-1.5864181117600538e-06,0.03715204998942702,-0.007163894090730993,0.04164341929955731,0.00013450258767947013,1.694020724961272e-06,-1.8305096087623595e-06,6.722151527653661e-07,2.7803041539208184e-06
324,6.48,0,0.003854390000924468,0.7555755459944714,0.05556709808659099,0.01769237961773807,0.011916791944950711,0.005704622702049993,1.8395335731077884e-06,3.1147306709617768e-06,8.211234059918304e-07,8.211234059918304e-07,-1.3903407295100207e-06,1.3903407295100207e-06,-8.872821124494834e-07,8.872821124494834e-07,1.5023618254184888e-06,1.5023618254184888e-06,3.258352068158388e-07,3.258352068158388e-07,-5.517099576696417e-07,5.517099576696417e-07,1.3476653848969872e-06,1.3476653848969872e-06,-2.281890636430443e-06,2.281890636430443e-06,1.2350809559059293,0.031302029653815344,0.018647628048947446,0.003254272017274416,1.3535535066362825e-09,9.701547152629998e-10,0.04646351715067685,0.0030780975414964893,16.8105904666013,0.0019944864341173386,0.0008971988650139796,-0.00013858864192589377,-9.33860736175057e-07,1.0091027986447198e-06,-3.705712243915217e-07,-1.5326950869408585e-06,0.03688220857003745,-0.007354235022390105,0.04078846375224543,0.00012911629045618685,1.6366538233301049e-06,-1.76852060865666e-06,6.494510163658523e-07,2.686151240959757e-06
325,6.5,0,0.00245441200240748,0.7514441220879062,0.055297462444691275,0.016845795150085333,0.011832997523753906,0.0049282501657734856,1.7772389596923741e-06,3.009252348838508e-06,7.933165914186802e-07,7.933165914186802e-07,-1.3432577387468693e-06,1.3432577387468693e-06,-8.572348759172677e-07,8.572348759172677e-07,1.4514853126850848e-06,1.4514853126850848e-06,3.1480100770586716e-07,3.1480100770586716e-07,-5.330266562306635e-07,5.330266562306635e-07,1.3020275721684071e-06,1.3020275721684071e-06,-2.2046159114670665e-06,2.2046159114670665e-06,1.2231237411288165,0.02837808142386385,0.01838630377436672,0.0024287649696446384,1.2634313279393725e-09,9.055599698990075e-10,0.044893804750663534,0.0029827890061450576,16.8113226518961,0.0018441279771669082,0.0016936952556135271,-0.00013611362608196632,-9.022361439067076e-07,9.7493018240908e-07,-3.580220685652003e-07,-1.4807913531867906e-06,0.03660926473997435,-0.007517922847521509,0.0398248195299774,0.00012375079219637415,1.5812296134174601e-06,-1.7086308117820053e-06,6.27457791316068e-07,2.5951866877034086e-06
326,6.5200000000000005,0,0.0024473129997204524,0.7477646624018335,0.055037469250716876,0.015996838039647996,0.01176552114866543,0.004179568993779106,1.717053912721091e-06,2.9073459795510522e-06,7.664514366512165e-07,7.664514366512165e-07,-1.2977691829055569e-06,1.2977691829055569e-06,-8.282051696673065e-07,8.282051696673065e-07,1.4023317000139332e-06,1.4023317000139332e-06,3.041404745829368e-07,3.041404745829368e-07,-5.14976052692981e-07,5.14976052692981e-07,1.2579352539391318e-06,1.2579352539391318e-06,-2.1299580420752656e-06,2.1299580420752656e-06,1.2116492086094421,0.02558988272667291,0.018177209871108015,0.0017468796973759682,1.1793096556763229e-09,8.452660644811666e-10,0.0433950617848574,0.0028808950558781177,16.812049322032937,0.0016910281001116297,0.002468849013227738,-0.0001337451653112451,-8.716824979181069e-07,9.419147995653295e-07,-3.4589788181470894e-07,-1.4306453024245964e-06,0.03633350684154676,-0.007654993852763947,0.038757687880710524,0.00011842303853605994,1.5276822994300336e-06,-1.6507691421874988e-06,6.062093375245682e-07,2.507302538109699e-06
327,6.54,0,0.0024237159996118862,0.7445229421259673,0.054787356683056856,0.015151458201102723,0.011714145766171658,0.0034761623124030983,1.6589069931220314e-06,2.808890601095896e-06,7.404960529755478e-07,7.404960529755478e-07,-1.2538210674612404e-06,1.2538210674612404e-06,-8.001585356520735e-07,8.001585356520735e-07,1.3548426425022827e-06,1.3548426425022827e-06,2.938409535691022e-07,2.938409535691022e-07,-4.975367211232276e-07,4.975367211232276e-07,1.2153360930975202e-06,1.2153360930975202e-06,-2.057828409976546e-06,2.057828409976546e-06,1.2006617809265978,0.02295666856197629,0.01801881107231843,0.0012083704422171653,1.1007889647316716e-09,7.889866408924862e-10,0.041964364275752175,0.0027734885430677606,16.812770425843155,0.0015357167740775214,0.003220698718031778,-0.00013148217296305464,-8.421635312484568e-07,9.100174610917269e-07,-3.3418427270475595e-07,-1.3821974127943547e-06,0.03605519051090719,-0.007765566301705424,0.037592485240202,0.00011314961740952319,1.475948333482507e-06,-1.5948669236801392e-06,5.856804554976495e-07,2.4223944815120912e-06
328,6.5600000000000005,0,0.002636483000969747,0.7417032594337067,0.05454732517559435,0.014316200743601504,0.01167861064093118,0.0028483427573535685,1.6027291810921904e-06,2.71376934788597e-06,7.154196316472294e-07,7.154196316472294e-07,-1.2113612264008921e-06,1.2113612264008921e-06,-7.730616827794634e-07,7.730616827794634e-07,1.3089617710648436e-06,1.3089617710648436e-06,2.8389021911046086e-07,2.8389021911046086e-07,-4.806879612000589e-07,4.806879612000589e-07,1.1741795248980391e-06,1.1741795248980391e-06,-1.9881413980263293e-06,1.9881413980263293e-06,1.1901642735248115,0.020495360373109624,0.017909655946953724,0.0008113056463368529,1.0274963311697771e-09,7.36454407352544e-10,0.040598519835056,0.002661668462466036,16.813485916599767,0.0013787200063631808,0.003947395155371161,-0.0001293232400466216,-8.136442052780401e-07,8.792003053705646e-07,-3.228673374082967e-07,-1.3353901779873025e-06,0.035774537830646214,-0.007849838385717001,0.036334821866969166,0.00010794664582165206,1.425966298520836e-06,-1.5408577860581216e-06,5.658467648229602e-07,2.340361740352602e-06
329,6.58,0,0.002336130000912817,0.7392885888288824,0.054317539244892944,0.01349831444356206,0.01165861531340834,0.0023498045318934434,1.5484537941313955e-06,2.6218693119809188e-06,6.911924071428821e-07,6.911924071428821e-07,-1.1703392602728437e-06,1.1703392602728437e-06,-7.468824473333413e-07,7.468824473333413e-07,1.264634625512275e-06,1.264634625512275e-06,2.7427645987732063e-07,2.7427645987732063e-07,-4.6440977358946964e-07,4.6440977358946964e-07,1.1344166969374462e-06,1.1344166969374462e-06,-1.92081428855611e-06,1.92081428855611e-06,1.180158027848194,0.018220449281727606,0.01784838104326879,0.0005521581338106963,9.590836610239656e-10,6.874198689107295e-10,0.0392941129785721,0.0025465455156484366,16.81419575133857,0.0012205582872062465,0.004647204763086251,-0.00012726664678193615,-7.860906677569846e-07,8.494267526254922e-07,-3.119336427703571e-07,-1.2901680389829922e-06,0.03549173694031632,-0.007908085957846728,0.03499048038575443,0.00010282966323427441,1.377676876052778e-06,-1.4886776372536145e-06,5.466847318969806e-07,2.261106950215516e-06
330,6.6000000000000005,0,0.0022602419994655065,0.7372607356968548,0.05409812927189535,0.012705870216084842,0.011653823422630325,0.0020637617017135643,1.496016407893151e-06,2.5330814090764373e-06,6.677856219106104e-07,6.677856219106104e-07,-1.1307064763845322e-06,1.1307064763845322e-06,-7.215897548373817e-07,7.215897548373817e-07,1.2218085899409738e-06,1.2218085899409738e-06,2.6498826444232293e-07,2.6498826444232293e-07,-4.4868283623600597e-07,4.4868283623600597e-07,1.0960004111662362e-06,1.0960004111662362e-06,-1.8557671651595756e-06,1.8557671651595756e-06,1.17064303628748,0.016143913794799184,0.01783371207725659,0.0004259112361459666,8.952260370742104e-10,6.416501425008668e-10,0.03804755115937398,0.0024292281174794284,16.814899890180463,0.001061745085704306,0.005318512646853058,-0.00012531037612551371,-7.594702130052134e-07,8.206614620322804e-07,-3.0137021048576707e-07,-1.246477317995764e-06,0.03520694209461997,-0.00794066007509701,0.033565394188340356,9.781353282112265e-05,1.3310227375885596e-06,-1.438264529660593e-06,5.28171614229508e-07,2.1845360493614135e-06
331,6.62,0,0.002278638999996474,0.7356004907031226,0.05388919321320248,0.011947874938323992,0.011663866306678856,0.0020644101259901216,1.4453547797167205e-06,2.4473002489701453e-06,6.451714923971785e-07,6.451714923971785e-07,-1.0924158309814714e-06,1.0924158309814714e-06,-6.971535830291309e-07,6.971535830291309e-07,1.1804328302392536e-06,1.1804328302392536e-06,2.560146077357217e-07,2.560146077357217e-07,-4.334884814064894e-07,4.334884814064894e-07,1.0588850678631447e-06,1.0588850678631447e-06,-1.792922817806622e-06,1.792922817806622e-06,1.161618058067947,0.01427517155418305,0.017864462341462776,0.0004261789168290548,8.356201756999875e-10,5.989278508609334e-10,0.03685511093156709,0.0023108090152889667,16.815598295663488,0.0009027853988593797,0.005959825167360305,-0.0001234521291127662,-7.33751242617688e-07,7.928702893797606e-07,-2.9116450221447377e-07,-1.2042661550077544e-06,0.03492027415100992,-0.00794798434224633,0.032065626025362386,9.291235063737366e-05,1.2859485193762685e-06,-1.3895586326259866e-06,5.102854135646625e-07,2.1105581494004737e-06
332,6.640000000000001,0,0.002450912001222605,0.7342877827529772,0.05369079822024072,0.011234351028493633,0.011688346311814998,0.0023352470028701745,1.3964087747461684e-06,2.3644240104593373e-06,6.233231757968305e-07,6.233231757968305e-07,-1.055421873428554e-06,1.055421873428554e-06,-6.73544926443892e-07,6.73544926443892e-07,1.1404582337718121e-06,1.1404582337718121e-06,2.473448380557741e-07,2.473448380557741e-07,-4.1880867352640915e-07,4.1880867352640915e-07,1.0230266115070046e-06,1.0230266115070046e-06,-1.732206651160971e-06,1.732206651160971e-06,1.1530807254106412,0.012621064303141593,0.0179395285402692,0.0005453378564414131,7.79982986475238e-10,5.590500901236616e-10,0.0357129836811484,0.002192352625746313,16.816290932092848,0.0007441743567023107,0.00656977209440486,-0.00012168934181860426,-7.089032286822819e-07,7.660202468642336e-07,-2.813044035166267e-07,-1.1634844461618297e-06,0.034631821467961885,-0.007930552107853447,0.030497346352227804,8.813936470809602e-05,1.2424006967703042e-06,-1.342502125776354e-06,4.930049348923483e-07,2.0390854422962354e-06
333,6.66,0,0.0024752089993853588,0.7333018293062279,0.05350298214822829,0.010576329644197517,0.011726839762346704,0.002783288334904078,1.3491202945608212e-06,2.2843543204617282e-06,6.02214738354423e-07,6.02214738354423e-07,-1.0196806922273466e-06,1.0196806922273466e-06,-6.50735761775767e-07,6.50735761775767e-07,1.1018373510615842e-06,1.1018373510615842e-06,2.389686646342426e-07,2.389686646342426e-07,-4.04625987825083e-07,4.04625987825083e-07,9.883824784837243e-07,9.883824784837243e-07,-1.6735465960328359e-06,1.6735465960328359e-06,1.1450276395014536,0.011185874874273116,0.018057884284322274,0.0007746693955213114,7.280502276783506e-10,5.218274661412163e-10,0.034617320386961525,0.0020748832436078397,16.816977764916565,0.000586395886906784,0.00714710833258733,-0.00012001920375044867,-6.848966766797551e-07,7.400794638579856e-07,-2.717782108627934e-07,-1.1240837842514498e-06,0.03434164118602464,-0.007888923489776344,0.028866811909123522,8.350690340777885e-05,1.2003276001263463e-06,-1.2970391503124092e-06,4.7630963269166423e-07,1.9700330955190098e-06
334,6.68,0,0.0024461130014969967,0.7326212829310361,0.0533257549407184,0.009985677074191422,0.011778899565754848,0.0033234157072537193,1.3034332081379656e-06,2.206996137257101e-06,5.81821124501225e-07,5.81821124501225e-07,-9.851498629445617e-07,9.851498629445617e-07,-6.286990147374993e-07,6.286990147374993e-07,1.0645243394841007e-06,1.0645243394841007e-06,2.3087614486883012e-07,2.3087614486883012e-07,-3.9092358956858786e-07,3.9092358956858786e-07,9.54911546563117e-07,9.54911546563117e-07,-1.6168730238249464e-06,1.6168730238249464e-06,1.137454455999021,0.009971374663003215,0.018218571499169257,0.0011045091963220737,6.795752512307316e-10,4.870831949867763e-10,0.03356427491049959,0.001959374223920266,16.81765876013382,0.0004299214418334227,0.007690715222650158,-0.00011843867747446538,-6.617030911563943e-07,7.15017148752779e-07,-2.6257461652493725e-07,-1.08601740127351e-06,0.03404976086260316,-0.007823722253668062,0.02718034450314135,7.90263137991658e-05,1.159679276168025e-06,-1.2531157552603142e-06,4.601797168928108e-07,1.9033191488969681e-06
335,6.7,0,0.00231353399794898,0.7322243730785617,0.05315909987954638,0.009474650253679702,0.011844057449449314,0.003904359712077229,1.2592932854229094e-06,2.1322576376596293e-06,5.621181272674747e-07,5.621181272674747e-07,-9.517883978040277e-07,9.517883978040277e-07,-6.074085279750285e-07,6.074085279750285e-07,1.0284749088589768e-06,1.0284749088589768e-06,2.2305767310992763e-07,2.2305767310992763e-07,-3.776852141568329e-07,3.776852141568329e-07,9.225740860866003e-07,9.225740860866003e-07,-1.5621186638723356e-06,1.5621186638723356e-06,1.130355960001435,0.008976899742955282,0.01842069002114328,0.0015244024761291778,6.343278314844899e-10,4.5465226333578223e-10,0.0325500453520826,0.00184673822734257,16.818333883742394,0.00027520879063155343,0.008199601422708664,-0.00011694451926789889,-6.392949414934248e-07,6.908035528114099e-07,-2.536826960118188e-07,-1.0492401129266607e-06,0.033756180428786885,-0.00773563256009346,0.025444310002925314,7.470791032832439e-05,1.1204074831484781e-06,-1.2106797970684549e-06,4.44596025655928e-07,1.83886441734249e-06
336,6.72,0,0.002249543998914305,0.7320890421637534,0.05300297469413824,0.009055083382642373,0.011921825845359451,0.004498069233956813,1.2166481326671892e-06,2.0600501080054907e-06,5.430823593055578e-07,5.430823593055578e-07,-9.195566970654017e-07,9.195566970654017e-07,-5.868390298147119e-07,5.868390298147119e-07,9.93646268847177e-07,9.93646268847177e-07,2.1550396878122768e-07,2.1550396878122768e-07,-3.6489514775328897e-07,3.6489514775328897e-07,8.913317128091732e-07,8.913317128091732e-07,-1.5092185235835772e-06,1.5092185235835772e-06,1.1237261305709831,0.008199453506660603,0.018663385667151068,0.002023262683346882,5.920930714890233e-10,4.2438064474934335e-10,0.03157091305348528,0.0017378186061560931,16.819003101231,0.00012270087880542933,0.008672903375322059,-0.00011553330058881727,-6.176456295905459e-07,6.67409934814361e-07,-2.4509189464616477e-07,-1.0137082649896344e-06,0.03346087443025039,-0.007625395591306203,0.02366509763066964,7.056093395408085e-05,1.0824655951439635e-06,-1.169680899852447e-06,4.295400682826937e-07,1.7765923968513069e-06
337,6.74,0,0.0024646099991514347,0.7321930751472635,0.052857312528251384,0.00873718116963377,0.01201169945519632,0.005088743982014354,1.1754471305125397e-06,1.990287838852704e-06,5.246912253564773e-07,5.246912253564773e-07,-8.884165020018487e-07,8.884165020018487e-07,-5.669661044538366e-07,5.669661044538366e-07,9.599970781765362e-07,9.599970781765362e-07,2.082060658326057e-07,2.082060658326057e-07,-3.5253820867090337e-07,3.5253820867090337e-07,8.611473423375537e-07,8.611473423375537e-07,-1.4581098112883643e-06,1.4581098112883643e-06,1.1175581950836961,0.007633833479100293,0.018945837074252382,0.00258953153144873,5.526703826520653e-10,3.961245681484965e-10,0.030623278873612575,0.0016333819901405092,16.819666377121344,-2.7175242607917456e-05,0.009109885367515586,-0.00011420143015414893,-5.96729457671129e-07,6.448085268412231e-07,-2.3679201542390534e-07,-9.79379681513606e-07,0.03316379451715255,-0.007493806070667339,0.02184909960967637,6.659352173341745e-05,1.0458085959708261e-06,-1.1300703986568893e-06,4.149939611129696e-07,1.7164291738014287e-06
338,6.76,0,0.0025287000025855377,0.7325142219245148,0.05272202276622531,0.008528059423977904,0.01211315654189003,0.005666867188845533,1.1356413737279478e-06,1.9228880232544086e-06,5.069228953269445e-07,5.069228953269445e-07,-8.583308495117039e-07,8.583308495117039e-07,-5.477661628727759e-07,5.477661628727759e-07,9.274873955807389e-07,9.274873955807389e-07,2.0115530163788975e-07,2.0115530163788975e-07,-3.405997293348213e-07,3.405997293348213e-07,8.31985146111788e-07,8.31985146111788e-07,-1.4087318616996166e-06,1.4087318616996166e-06,1.111844673824952,0.0072727797538898326,0.0192672416098287,0.0032113383736014065,5.1587253188908e-10,3.6974983499752464e-10,0.029703696412531212,0.001534112114062739,16.820323674564168,-0.00017400941636284674,0.009509939191980215,-0.00011294517641873277,-5.765215986196743e-07,6.229725009914597e-07,-2.28773206177776e-07,-9.462136147693412e-07,0.032864872141509974,-0.007341708687746463,0.020002691223231495,6.281268677080741e-05,1.0103929525727427e-06,-1.0918012924881753e-06,4.0094046230646983e-07,1.65830333721323e-06
339,6.78,0,0.0024012199974094983,0.733030311943087,0.052596991724623794,0.008430386908908237,0.012225660001063177,0.006226280583564622,1.097183613245976e-06,1.8577706584482972e-06,4.897562783101606e-07,4.897562783101606e-07,-8.292640281960845e-07,8.292640281960845e-07,-5.29216414968392e-07,5.29216414968392e-07,8.960786323874594e-07,8.960786323874594e-07,1.943433070028533e-07,1.943433070028533e-07,-3.290655389002751e-07,3.290655389002751e-07,8.038105088778533e-07,8.038105088778533e-07,-1.361026063901171e-06,1.361026063901171e-06,1.1065774153920573,0.007107142343389135,0.019626800653842515,0.0038766569905273798,4.815247524701982e-10,3.451311819391419e-10,0.028808901910253124,0.0014406049117061915,16.820974954992586,-0.0003174093052051057,0.009872583418746386,-0.00011176069025212518,-5.569980657430479e-07,6.018759381750209e-07,-2.2102594882619115e-07,-9.141706968881359e-07,0.03256402142070257,-0.007169994442112947,0.0181322113383085,5.922430833037989e-05,9.761766438313249e-07,-1.0548281408219322e-06,3.8736286757924435e-07,1.6021458940602642e-06
340,6.8,0,0.0022202479995030444,0.7337193605834434,0.052482083218676985,0.008441602108011433,0.012348658270495848,0.006762734634721868,1.0600282000686444e-06,1.7948584508877015e-06,4.7317099777233196e-07,4.7317099777233196e-07,-8.011815360209278e-07,8.011815360209278e-07,-5.112948422980601e-07,5.112948422980601e-07,8.657335066767928e-07,8.657335066767928e-07,1.87761996173208e-07,1.87761996173208e-07,-3.1792194637555296e-07,3.1792194637555296e-07,7.765899875998659e-07,7.765899875998659e-07,-1.314935791775412e-06,1.314935791775412e-06,1.1017476235888544,0.007126064614998305,0.02002370455135212,0.004573457973966671,4.494639139763079e-10,3.221516858722999e-10,0.027935840598601554,0.0013533648850619074,16.821620177835165,-0.0004570012435827666,0.010197462287644756,-0.00011064402761597387,-5.381356849023387e-07,5.814937970097714e-07,-2.135410474925964e-07,-8.832128931387109e-07,0.03226114212899838,-0.006979596918883043,0.016243943444918415,5.583313180756511e-05,9.431190420354575e-07,-1.019107058262476e-06,3.742450666797365e-07,1.5478901874712545e-06
341,6.82,0,0.0022457449995272327,0.7345596669521142,0.05237713901609495,0.008554051616772333,0.012481586135732324,0.007273138948051927,1.0241310310631324e-06,1.7340767245043176e-06,4.5714736707225256e-07,4.5714736707225256e-07,-7.740500393233856e-07,7.740500393233856e-07,-4.939801721559611e-07,4.939801721559611e-07,8.364159990654848e-07,8.364159990654848e-07,1.8140355728668567e-07,1.8140355728668567e-07,-3.0715572442562384e-07,3.0715572442562384e-07,7.502912717644028e-07,7.502912717644028e-07,-1.270406336787937e-06,1.270406336787937e-06,1.097345876604534,0.007317179906240535,0.020457117526275492,0.005289855015766988,4.1953774751457376e-10,3.0070220864676227e-10,0.027081689337098976,0.001272802740851662,16.8222593002906,-0.0005924310137610797,0.010484344232833315,-0.00010959117205272809,-5.199120665177704e-07,5.61801884030323e-07,-2.0630961734456976e-07,-8.53303456787609e-07,0.0319561227718322,-0.006771488508915659,0.014344097259428042,5.2642778162288555e-05,9.111809192284065e-07,-9.8459564897243e-07,3.615715074013316e-07,1.4954718175550917e-06
342,6.84,0,0.002398321001237491,0.7355299028475105,0.05228197919357495,0.008756036986165295,0.012623865486870367,0.0077551554180921925,9.894494965776078e-07,1.6753533320777292e-06,4.416663663131537e-07,4.416663663131537e-07,-7.478373332766026e-07,7.478373332766026e-07,-4.772518521489744e-07,4.772518521489744e-07,8.080913099481834e-07,8.080913099481834e-07,1.7526044282512032e-07,1.7526044282512032e-07,-2.967540936552875e-07,2.967540936552875e-07,7.248831450285854e-07,7.248831450285854e-07,-1.2273848430491341e-06,1.2273848430491341e-06,1.0933621393589612,0.007666818370309461,0.0209261628366403,0.006014243555876468,3.916041225110725e-10,2.8068087873039496e-10,0.02624387541644047,0.00119923427173577,16.82289227716469,-0.0007233645454922539,0.010733120051580005,-0.0001085980568061345,-5.023055793159598e-07,5.427768252071989e-07,-1.9932307519361834e-07,-8.244068854858473e-07,0.031648843704627054,-0.0065466765865587065,0.012438790937334614,4.965576232968035e-05,8.803243600905293e-07,-9.512529411561984e-07,3.4932710754757017e-07,1.444828565088084e-06
343,6.86,0,0.0023840229987399653,0.7366091927671528,0.05219640241359866,0.009033394212866702,0.012774906075892302,0.008206966795924342,9.559424299269381e-07,1.6186185695735889e-06,4.267096196386433e-07,4.267096196386433e-07,-7.225123036367324e-07,7.225123036367324e-07,-4.610900259383044e-07,4.610900259383044e-07,7.807258181795322e-07,7.807258181795322e-07,1.6932536095470851e-07,1.6932536095470851e-07,-2.867047073985411e-07,2.867047073985411e-07,7.003354481676868e-07,7.003354481676868e-07,-1.1858202445756314e-06,1.1858202445756314e-06,1.089785769968931,0.00816022110050536,0.021429908437495107,0.006735430398940465,3.6553037173384746e-10,2.619926073768451e-10,0.025420091464730607,0.0011328804449074151,16.82351906076978,-0.0008494885386446452,0.010943800730345319,-0.00010766058640518798,-4.852953245476951e-07,5.243960377335884e-07,-1.925731276012009e-07,-7.964888791347401e-07,0.03133918025436835,-0.006306199657619565,0.010534033938265727,4.6873520047325905e-05,8.50512738413237e-07,-9.190393736805251e-07,3.3749737962087374e-07,1.3959003175553676e-06
344,6.88,0,0.0026383830008853693,0.7377771849282471,0.052120186140885386,0.009371103784989447,0.0129341063164244,0.008627139199267476,9.235700585422712e-07,1.5638050934361327e-06,4.1225937358335685e-07,4.1225937358335685e-07,-6.980448898233132e-07,6.980448898233132e-07,-4.4547550959173066e-07,4.4547550959173066e-07,7.542870411826062e-07,7.542870411826062e-07,1.635912667552475e-07,1.635912667552475e-07,-2.7699563715354966e-07,2.7699563715354966e-07,6.76619043276077e-07,6.76619043276077e-07,-1.1456632046767664e-06,1.1456632046767664e-06,1.0866055213442163,0.008781758614904352,0.021967353400603136,0.007442753076353746,3.411926612143096e-10,2.4454863702567916e-10,0.02460830644209152,0.0010738686477182278,16.82413960088594,-0.0009705110084473499,0.011116514942006646,-0.00010677465755577015,-4.688611112369161e-07,5.066377039709422e-07,-1.8605176268620237e-07,-7.695162991744623e-07,0.03102700580764018,-0.006051123490135234,0.008635710583066294,4.4296442470892266e-05,8.217106655389575e-07,-8.879166881323101e-07,3.260682457499245e-07,1.3486289980138844e-06
345,6.9,0,0.002426316998025868,0.7390141133720607,0.05205308681910041,0.009754563470413957,0.013100854159303676,0.009014537096269629,8.922939566836437e-07,1.5108478406157768e-06,3.982984758121866e-07,3.982984758121866e-07,-6.744060492371334e-07,6.744060492371334e-07,-4.303897687685243e-07,4.303897687685243e-07,7.287435963549376e-07,7.287435963549376e-07,1.5805135400448478e-07,1.5805135400448478e-07,-2.676153583143998e-07,2.676153583143998e-07,6.537057791824747e-07,6.537057791824747e-07,-1.106866057394319e-06,1.106866057394319e-06,1.0838095389587217,0.009515150849833436,0.022537415320330316,0.008126187906002126,3.1847540205366085e-10,2.2826611974933554e-10,0.023806772757589502,0.0010222350275284776,16.824753844782457,-0.001086161753253025,0.011251506228804834,-0.0001059361791979144,-4.529834320940663e-07,4.894807447827725e-07,-1.797512396356059e-07,-7.434571292535012e-07,0.030712194826105214,-0.005782537240283762,0.006749564339909378,4.192391789278581e-05,7.938839571424847e-07,-8.578479594084777e-07,3.1502615252982684e-07,1.3029584960480571e-06
346,6.92,0,0.0026656780028133653,0.7403008513140416,0.05199484002911055,0.010170391295340723,0.01327452806846607,0.009368268721088747,8.620769998660735e-07,1.459683951383402e-06,3.8481035480320003e-07,3.8481035480320003e-07,-6.515677227926648e-07,6.515677227926648e-07,-4.158148968480546e-07,4.158148968480546e-07,7.04065163867827e-07,7.04065163867827e-07,1.5269904685144553e-07,1.5269904685144553e-07,-2.585527365779334e-07,2.585527365779334e-07,6.315684580346197e-07,6.315684580346197e-07,-1.069382750925446e-06,1.069382750925446e-06,1.0813853558611184,0.010343685910034234,0.023138918913131058,0.008776445883052977,2.97270701479236e-10,2.1306772379262613e-10,0.023014029588527492,0.000977927852273081,16.82536173729757,-0.0011961927449638504,0.011349129886271632,-0.00010514109160128191,-4.376434402601906e-07,4.7290479506686063e-07,-1.7366407960593982e-07,-7.182804372269847e-07,0.030394625755628527,-0.005501549585541276,0.004881182873339919,3.9754379831624757e-05,7.669995916937888e-07,-8.287974857955932e-07,3.0435800148329996e-07,1.2588346013258292e-06
347,6.94,0,0.0022385449992725626,0.7416189559861289,0.05194516065023106,0.01060680675428708,0.013454498113009344,0.009687649725069188,8.328833208457139e-07,1.4102526946890607e-06,3.71779000363226e-07,3.71779000363226e-07,-6.295028016039317e-07,6.295028016039317e-07,-4.0173359355799576e-07,4.0173359355799576e-07,6.802224506361542e-07,6.802224506361542e-07,1.4752799215589363e-07,1.4752799215589363e-07,-2.497970146954526e-07,2.497970146954526e-07,6.101808030160687e-07,6.101808030160687e-07,-1.0331687929618965e-06,1.0331687929618965e-06,1.0793198859913251,0.011250434952279,0.023770585994099418,0.00938505571956331,2.774778504571937e-10,1.9888126628777565e-10,0.022228902525194872,0.0009408118086873376,16.825963220973524,-0.0013003784425028725,0.011409849564014932,-0.00010438538438680118,-4.2282292758237904e-07,4.5689017931376697e-07,-1.6778305783540576e-07,-6.939563384455463e-07,0.030074183797828773,-0.0052092848769510775,0.0030359838871649864,3.778536072403607e-05,7.410256338905765e-07,-8.007307876546891e-07,2.940510885267041e-07,1.2162049390719086e-06
348,6.96,0,0.002259642002172768,0.7429507052947102,0.051903743045539616,0.011053714640277868,0.013640127183259045,0.009972178064980458,8.046782669368133e-07,1.3624953960769594e-06,3.5918894430997383e-07,3.5918894430997383e-07,-6.081850947879604e-07,6.081850947879604e-07,-3.8812914454622316e-07,3.8812914454622316e-07,6.571871555728993e-07,6.571871555728993e-07,1.4253205182779283e-07,1.4253205182779283e-07,-2.413377996855067e-07,2.413377996855067e-07,5.895174271567348e-07,5.895174271567348e-07,-9.981811978802397e-07,9.981811978802397e-07,1.0775994168549607,0.012218460734869327,0.024431026988570328,0.009944433535967738,2.590028453121733e-10,1.8563937043309101e-10,0.021450499703896442,0.0009106731469127294,16.826558236243816,-0.0013985160289439545,0.011434233599794999,-0.00010366511337831722,-4.085043020288818e-07,4.414178882035528e-07,-1.621011929488876e-07,-6.704559602830985e-07,0.029750763514252675,-0.00490687932205412,0.0012192017890034629,3.6013550424197725e-05,7.159312776748675e-07,-7.736145555107034e-07,2.8409324432590785e-07,1.1750189081223975e-06
349,6.98,0,0.0024293159985973034,0.7442791266854887,0.051870261291471625,0.011502616026322693,0.013830772331574795,0.010221515979234583,7.774283590310478e-07,1.316355368078927e-06,3.470252424309095e-07,3.470252424309095e-07,-5.875892984317847e-07,5.875892984317847e-07,-3.749854014523102e-07,3.749854014523102e-07,6.349319359885513e-07,6.349319359885513e-07,1.377052958329017e-07,1.377052958329017e-07,-2.3316505059105105e-07,2.3316505059105105e-07,5.695538031992228e-07,5.695538031992228e-07,-9.643784357208293e-07,9.643784357208293e-07,1.0762096025782155,0.013231017544901563,0.025118734110109835,0.010447938891374789,2.417579413702831e-10,1.7327914550702073e-10,0.02067820462722292,0.000887225573562185,16.827146721668555,-0.0014904255731381863,0.011422951103818167,-0.0001029764162042971,-3.946705675070162e-07,4.2646955631417125e-07,-1.5661174045394612e-07,-6.477514078678516e-07,0.029424271236989118,-0.004595477209711598,-0.0005641247988418391,3.4434858701007845e-05,6.916867260932792e-07,-7.47416594469077e-07,2.744726247470732e-07,1.1352276207623432e-06
