label,t,mission_state,arm_ready_state,uav_x,uav_y,uav_z,uav_vx,uav_vy,uav_vz,target_x,target_y,target_z,uav_pos_error,uav_xy_error,uav_z_error,uav_yaw_deg,target_yaw_deg,uav_yaw_error_deg,arm_pos_error,arm_axis_error_deg,arm_centerline_error
baseline_fixed_launch,0.0000,-1,0,-0.440947,0.131448,2.614786,-0.481903,0.025482,2.773127,0.600000,-0.350000,0.225000,2.650744,1.146893,2.389786,5.358027,5.367885,0.009858,nan,nan,nan
baseline_fixed_launch,0.0490,-1,0,-0.444664,0.133223,2.659978,-0.498726,0.081286,2.665000,0.600000,-0.350000,0.225000,2.693315,1.151011,2.434978,5.341824,5.367885,0.026061,nan,nan,nan
baseline_fixed_launch,0.0990,-1,0,-0.437531,0.138656,2.705437,-0.495187,0.170175,2.671825,0.600000,-0.350000,0.225000,2.732732,1.146846,2.480437,5.299768,5.367885,0.068117,nan,nan,nan
baseline_fixed_launch,0.1490,-1,0,-0.434128,0.141950,2.755844,-0.462423,0.101490,2.731433,0.600000,-0.350000,0.225000,2.777878,1.145179,2.530844,5.255799,5.367885,0.112086,nan,nan,nan
baseline_fixed_launch,0.1990,-1,0,-0.436164,0.146108,2.796275,-0.477572,0.154926,2.784483,0.600000,-0.350000,0.225000,2.816241,1.148808,2.571275,5.227057,5.367885,0.140828,nan,nan,nan
baseline_fixed_launch,0.2500,-1,0,-0.438008,0.153106,2.861489,-0.447818,0.082558,2.841550,0.600000,-0.350000,0.225000,2.877786,1.153506,2.636489,5.187121,5.367885,0.180764,nan,nan,nan
baseline_fixed_launch,0.2990,-1,0,-0.432187,0.153567,2.891676,-0.481323,0.127898,2.822430,0.600000,-0.350000,0.225000,2.903473,1.148473,2.666676,5.144896,5.367885,0.222989,nan,nan,nan
baseline_fixed_launch,0.3490,-1,0,-0.429961,0.156534,2.924149,-0.455242,0.205892,2.806709,0.600000,-0.350000,0.225000,2.933053,1.147779,2.699149,5.117581,5.367885,0.250304,nan,nan,nan
baseline_fixed_launch,0.4010,-1,0,-0.430570,0.160898,2.988547,-0.425721,0.115367,2.900749,0.600000,-0.350000,0.225000,2.993374,1.150257,2.763547,5.063033,5.367885,0.304852,nan,nan,nan
baseline_fixed_launch,0.4490,-1,0,-0.431542,0.165338,3.053009,-0.422677,0.168531,2.878396,0.600000,-0.350000,0.225000,3.054061,1.153106,2.828009,5.021789,5.367885,0.346096,nan,nan,nan
baseline_fixed_launch,0.5020,-1,0,-0.425661,0.168174,3.080997,-0.411322,0.116002,2.988032,0.600000,-0.350000,0.225000,3.078506,1.149123,2.855997,4.999305,5.367885,0.368580,nan,nan,nan
baseline_fixed_launch,0.5490,-1,0,-0.421741,0.169604,3.131581,-0.439373,0.135475,2.936145,0.600000,-0.350000,0.225000,3.124445,1.146274,2.906581,4.957040,5.367885,0.410845,nan,nan,nan
baseline_fixed_launch,0.5990,-1,0,-0.422744,0.173407,3.175217,-0.414669,0.213335,2.917524,0.600000,-0.350000,0.225000,3.166030,1.148895,2.950217,4.924125,5.367885,0.443760,nan,nan,nan
baseline_fixed_launch,0.6490,-1,0,-0.425380,0.178925,3.244978,-0.392666,0.116250,2.997623,0.600000,-0.350000,0.225000,3.232868,1.153762,3.019978,4.883574,5.367885,0.484311,nan,nan,nan
baseline_fixed_launch,0.6990,-1,0,-0.419464,0.179695,3.272418,-0.407217,0.153489,2.937758,0.600000,-0.350000,0.225000,3.256784,1.148862,3.047418,4.862082,5.367885,0.505803,nan,nan,nan
baseline_fixed_launch,0.7490,-1,0,-0.415737,0.184854,3.315755,-0.410849,0.215226,2.992822,0.600000,-0.350000,0.225000,3.297053,1.147951,3.090755,4.838469,5.367885,0.529416,nan,nan,nan
baseline_fixed_launch,0.7990,-1,0,-0.415363,0.186474,3.360561,-0.382307,0.142370,3.047561,0.600000,-0.350000,0.225000,3.339237,1.148375,3.135561,4.806613,5.367885,0.561272,nan,nan,nan
baseline_fixed_launch,0.8490,-1,0,-0.418291,0.190236,3.400954,-0.389883,0.195455,3.078331,0.600000,-0.350000,0.225000,3.378677,1.152724,3.175954,4.787349,5.367885,0.580536,nan,nan,nan
baseline_fixed_launch,0.8990,-1,0,-0.411050,0.194068,3.454487,-0.356592,0.117946,3.119517,0.600000,-0.350000,0.225000,3.427509,1.148143,3.229487,4.744195,5.367885,0.623690,nan,nan,nan
baseline_fixed_launch,0.9490,-1,0,-0.406785,0.194999,3.484284,-0.392261,0.164235,3.094408,0.600000,-0.350000,0.225000,3.454500,1.144832,3.259284,4.726141,5.367885,0.641744,nan,nan,nan
baseline_fixed_launch,1.0000,-1,0,-0.405922,0.200906,3.540879,-0.380639,0.232714,3.099789,0.600000,-0.350000,0.225000,3.508622,1.146899,3.315879,4.683775,5.367885,0.684110,nan,nan,nan
baseline_fixed_launch,1.0490,-1,0,-0.406451,0.205223,3.608118,-0.367623,0.169415,3.155850,0.600000,-0.350000,0.225000,3.573052,1.149442,3.383118,4.634726,5.367885,0.733159,nan,nan,nan
baseline_fixed_launch,1.0990,-1,0,-0.400399,0.207497,3.633240,-0.346849,0.240110,3.189863,0.600000,-0.350000,0.225000,3.595511,1.145251,3.408240,4.603329,5.367885,0.764556,nan,nan,nan
baseline_fixed_launch,1.1500,-1,0,-0.395856,0.213815,3.676314,-0.328095,0.160582,3.264414,0.600000,-0.350000,0.225000,3.636095,1.144385,3.451314,4.560368,5.367885,0.807516,nan,nan,nan
baseline_fixed_launch,1.1990,-1,0,-0.395240,0.217716,3.723127,-0.364263,0.208649,3.238219,0.600000,-0.350000,0.225000,3.680992,1.145777,3.498127,4.539698,5.367885,0.828187,nan,nan,nan
baseline_fixed_launch,1.2490,-1,0,-0.397216,0.228091,3.784518,-0.333682,0.215228,3.306974,0.600000,-0.350000,0.225000,3.741496,1.152662,3.559518,4.511493,5.367885,0.856392,nan,nan,nan
baseline_fixed_launch,1.2990,-1,0,-0.390348,0.228271,3.812077,-0.321051,0.185884,3.277665,0.600000,-0.350000,0.225000,3.765940,1.146816,3.587077,4.491848,5.367885,0.876037,nan,nan,nan
baseline_fixed_launch,1.3490,-1,0,-0.387114,0.230534,3.836204,-0.336017,0.225901,3.211806,0.600000,-0.350000,0.225000,3.788431,1.145170,3.611204,4.467463,5.367885,0.900422,nan,nan,nan
baseline_fixed_launch,1.3990,-1,0,-0.386077,0.237949,3.894273,-0.312510,0.206844,3.371725,0.600000,-0.350000,0.225000,3.844684,1.148055,3.669273,4.433569,5.367885,0.934316,nan,nan,nan
baseline_fixed_launch,1.4490,-1,0,-0.387043,0.241327,3.933128,-0.311042,0.211635,3.314785,0.600000,-0.350000,0.225000,3.882543,1.150618,3.708128,4.415415,5.367885,0.952470,nan,nan,nan
baseline_fixed_launch,1.4990,-1,0,-0.380979,0.245874,3.979126,-0.328284,0.304478,3.280956,0.600000,-0.350000,0.225000,3.925665,1.147774,3.754126,4.387730,5.367885,0.980155,nan,nan,nan
baseline_fixed_launch,1.5490,-1,0,-0.376338,0.248719,4.016182,-0.290892,0.193004,3.341178,0.600000,-0.350000,0.225000,3.960399,1.145295,3.791182,4.365453,5.367885,1.002432,nan,nan,nan
baseline_fixed_launch,1.5990,-1,0,-0.376216,0.251842,4.057678,-0.305623,0.230594,3.281409,0.600000,-0.350000,0.225000,4.000579,1.146826,3.832678,4.353414,5.367885,1.014471,nan,nan,nan
baseline_fixed_launch,1.6490,-1,0,-0.377082,0.259720,4.114475,-0.310380,0.292661,3.335071,0.600000,-0.350000,0.225000,4.056410,1.151715,3.889475,4.312974,5.367885,1.054911,nan,nan,nan
baseline_fixed_launch,1.6990,-1,0,-0.370363,0.257547,4.141221,-0.296179,0.224173,3.371272,0.600000,-0.350000,0.225000,4.080135,1.144865,3.916221,4.291743,5.367885,1.076142,nan,nan,nan
baseline_fixed_launch,1.7490,-1,0,-0.367086,0.258368,4.160567,-0.274027,0.267844,3.354977,0.600000,-0.350000,0.225000,4.098055,1.142527,3.935567,4.271812,5.367885,1.096073,nan,nan,nan
baseline_fixed_launch,1.7990,-1,0,-0.365062,0.262191,4.221493,-0.256850,0.215888,3.449780,0.600000,-0.350000,0.225000,4.156691,1.142857,3.996493,4.249586,5.367885,1.118299,nan,nan,nan
baseline_fixed_launch,1.8490,-1,0,-0.365873,0.264267,4.249963,-0.291030,0.232797,3.394403,0.600000,-0.350000,0.225000,4.184562,1.144655,4.024963,4.218416,5.367885,1.149469,nan,nan,nan
baseline_fixed_launch,1.8990,-1,0,-0.359495,0.267234,4.291973,-0.250980,0.235157,3.450224,0.600000,-0.350000,0.225000,4.223964,1.140881,4.066973,4.179967,5.367885,1.187918,nan,nan,nan
baseline_fixed_launch,1.9490,-1,0,-0.354015,0.267118,4.324234,-0.262243,0.229566,3.414688,0.600000,-0.350000,0.225000,4.253786,1.136213,4.099234,4.168605,5.367885,1.199280,nan,nan,nan
baseline_fixed_launch,1.9990,-1,0,-0.353375,0.270015,4.362922,-0.242996,0.276152,3.404112,0.600000,-0.350000,0.225000,4.291357,1.137252,4.137922,4.143735,5.367885,1.224150,nan,nan,nan
baseline_fixed_launch,2.0500,-1,0,-0.352936,0.275487,4.418807,-0.235031,0.223478,3.508107,0.600000,-0.350000,0.225000,4.345956,1.139878,4.193807,4.105118,5.367885,1.262767,nan,nan,nan
baseline_fixed_launch,2.1010,-1,0,-0.346779,0.273262,4.440398,-0.263989,0.249978,3.364683,0.600000,-0.350000,0.225000,4.365138,1.133511,4.215398,4.095826,5.367885,1.272059,nan,nan,nan
baseline_fixed_launch,2.1490,-1,0,-0.342859,0.274276,4.454231,-0.245716,0.299113,3.383988,0.600000,-0.350000,0.225000,4.377796,1.130798,4.229231,4.082997,5.367885,1.284888,nan,nan,nan
baseline_fixed_launch,2.1990,-1,0,-0.339580,0.274651,4.504511,-0.207295,0.191663,3.446459,0.600000,-0.350000,0.225000,4.425745,1.128272,4.279511,4.062117,5.367885,1.305768,nan,nan,nan
baseline_fixed_launch,2.2490,-1,0,-0.340564,0.278895,4.557183,-0.212808,0.288410,3.338645,0.600000,-0.350000,0.225000,4.477497,1.131446,4.332183,4.037579,5.367885,1.330306,nan,nan,nan
baseline_fixed_launch,2.3000,-1,0,-0.333241,0.277013,4.572923,-0.192184,0.163996,3.487331,0.600000,-0.350000,0.225000,4.490938,1.124315,4.347923,4.021970,5.367885,1.345915,nan,nan,nan
baseline_fixed_launch,2.3490,-1,0,-0.326433,0.274488,4.591181,-0.223545,0.230303,3.304764,0.600000,-0.350000,0.225000,4.506862,1.117258,4.366181,4.007145,5.367885,1.360740,nan,nan,nan
baseline_fixed_launch,2.3990,-1,0,-0.323941,0.276652,4.621800,-0.209936,0.301967,3.338825,0.600000,-0.350000,0.225000,4.536321,1.116405,4.396800,3.998086,5.367885,1.369799,nan,nan,nan
baseline_fixed_launch,2.4490,-1,0,-0.322032,0.278947,4.670309,-0.170389,0.199712,3.370880,0.600000,-0.350000,0.225000,4.583284,1.116117,4.445309,3.978092,5.367885,1.389793,nan,nan,nan
baseline_fixed_launch,2.5010,-1,0,-0.315483,0.277450,4.679831,-0.172463,0.248113,3.377897,0.600000,-0.350000,0.225000,4.591004,1.109866,4.454831,3.958305,5.367885,1.409580,nan,nan,nan
baseline_fixed_launch,2.5490,-1,0,-0.310615,0.279388,4.686571,-0.155829,0.211556,3.400448,0.600000,-0.350000,0.225000,4.596843,1.106955,4.461571,3.945980,5.367885,1.421905,nan,nan,nan
baseline_fixed_launch,2.6000,-1,0,-0.305649,0.279588,4.721527,-0.168235,0.207009,3.361855,0.600000,-0.350000,0.225000,4.629831,1.102987,4.496527,3.898896,5.367885,1.468989,nan,nan,nan
baseline_fixed_launch,2.6490,-1,0,-0.304976,0.286220,4.759155,-0.170305,0.280998,3.339256,0.600000,-0.350000,0.225000,4.667153,1.106236,4.534155,3.879933,5.367885,1.487952,nan,nan,nan
baseline_fixed_launch,2.6990,-1,0,-0.297962,0.283165,4.769960,-0.132618,0.199565,3.418672,0.600000,-0.350000,0.225000,4.675885,1.098742,4.544960,3.871672,5.367885,1.496213,nan,nan,nan
baseline_fixed_launch,2.7490,-1,0,-0.292060,0.282099,4.780334,-0.144517,0.249757,3.371134,0.600000,-0.350000,0.225000,4.684698,1.093307,4.555334,3.873620,5.367885,1.494265,nan,nan,nan
baseline_fixed_launch,2.7990,-1,0,-0.289647,0.285236,4.804453,-0.128951,0.217312,3.398359,0.600000,-0.350000,0.225000,4.708120,1.093159,4.579453,3.865188,5.367885,1.502697,nan,nan,nan
baseline_fixed_launch,2.8510,-1,0,-0.287491,0.287677,4.850864,-0.149199,0.218957,3.408831,0.600000,-0.350000,0.225000,4.753198,1.092827,4.625864,3.868032,5.367885,1.499853,nan,nan,nan
baseline_fixed_launch,2.9000,-1,0,-0.281798,0.286803,4.857521,-0.127500,0.287378,3.354435,0.600000,-0.350000,0.225000,4.758501,1.087697,4.632521,3.859841,5.367885,1.508044,nan,nan,nan
baseline_fixed_launch,2.9490,-1,0,-0.277565,0.287469,4.862866,-0.107213,0.161631,3.498362,0.600000,-0.350000,0.225000,4.763012,1.084660,4.637866,3.864063,5.367885,1.503822,nan,nan,nan
baseline_fixed_launch,2.9990,-1,0,-0.273790,0.287766,4.892833,-0.142325,0.224431,3.313545,0.600000,-0.350000,0.225000,4.791546,1.081783,4.667833,3.858352,5.367885,1.509533,nan,nan,nan
baseline_fixed_launch,3.0490,-1,0,-0.272768,0.294259,4.930617,-0.099588,0.201530,3.459965,0.600000,-0.350000,0.225000,4.829040,1.084802,4.705617,3.845535,5.367885,1.522350,nan,nan,nan
baseline_fixed_launch,3.0990,-1,0,-0.266384,0.289718,4.938124,-0.100766,0.203474,3.381808,0.600000,-0.350000,0.225000,4.834604,1.076968,4.713124,3.843333,5.367885,1.524552,nan,nan,nan
baseline_fixed_launch,3.1490,-1,0,-0.261392,0.288693,4.944142,-0.105023,0.287171,3.325435,0.600000,-0.350000,0.225000,4.839445,1.072346,4.719142,3.851312,5.367885,1.516573,nan,nan,nan
baseline_fixed_launch,3.1990,-1,0,-0.259168,0.289995,4.967636,-0.086122,0.162092,3.478910,0.600000,-0.350000,0.225000,4.862135,1.071337,4.742636,3.851689,5.367885,1.516196,nan,nan,nan
baseline_fixed_launch,3.2510,-1,0,-0.257754,0.291815,5.004416,-0.106305,0.211713,3.373116,0.600000,-0.350000,0.225000,4.898008,1.071293,4.779416,3.862703,5.367885,1.505182,nan,nan,nan
baseline_fixed_launch,3.2990,-1,0,-0.252540,0.291407,5.006677,-0.106559,0.282763,3.333707,0.600000,-0.350000,0.225000,4.899251,1.066878,4.781677,3.856251,5.367885,1.511634,nan,nan,nan
baseline_fixed_launch,3.3490,-1,0,-0.246780,0.289013,5.016447,-0.077613,0.199056,3.362237,0.600000,-0.350000,0.225000,4.907478,1.060837,4.791447,3.860744,5.367885,1.507141,nan,nan,nan
baseline_fixed_launch,3.4000,-1,0,-0.244993,0.289702,5.034972,-0.084243,0.247767,3.371880,0.600000,-0.350000,0.225000,4.925349,1.059826,4.809972,3.854816,5.367885,1.513069,nan,nan,nan
baseline_fixed_launch,3.4490,-1,0,-0.243381,0.294442,5.067944,-0.071019,0.214771,3.396362,0.600000,-0.350000,0.225000,4.957893,1.061413,4.842944,3.860127,5.367885,1.507758,nan,nan,nan
baseline_fixed_launch,3.4990,-1,0,-0.237655,0.290148,5.070440,-0.092996,0.214684,3.338255,0.600000,-0.350000,0.225000,4.958805,1.054256,4.845440,3.863677,5.367885,1.504208,nan,nan,nan
baseline_fixed_launch,3.5490,-1,0,-0.233781,0.289223,5.072216,-0.069271,0.288678,3.288918,0.600000,-0.350000,0.225000,4.959768,1.050617,4.847216,3.862427,5.367885,1.505458,nan,nan,nan
baseline_fixed_launch,3.5990,-1,0,-0.229542,0.289421,5.093222,-0.046908,0.202830,3.382375,0.600000,-0.350000,0.225000,4.979617,1.047377,4.868222,3.878665,5.367885,1.489220,nan,nan,nan
baseline_fixed_launch,3.6490,-1,0,-0.227578,0.292315,5.124527,-0.052174,0.259076,3.298685,0.600000,-0.350000,0.225000,5.010271,1.047595,4.899527,3.898343,5.367885,1.469542,nan,nan,nan
baseline_fixed_launch,3.6990,-1,0,-0.222164,0.291549,5.121807,-0.043079,0.204721,3.378170,0.600000,-0.350000,0.225000,5.006621,1.042851,4.896807,3.902409,5.367885,1.465476,nan,nan,nan
baseline_fixed_launch,3.7490,-1,0,-0.216010,0.289107,5.123919,-0.070343,0.221442,3.288936,0.600000,-0.350000,0.225000,5.007368,1.036499,4.898919,3.919950,5.367885,1.447935,nan,nan,nan
baseline_fixed_launch,3.7990,-1,0,-0.213395,0.290974,5.136693,-0.045532,0.294887,3.244327,0.600000,-0.350000,0.225000,5.019679,1.035596,4.911693,3.932041,5.367885,1.435844,nan,nan,nan
baseline_fixed_launch,3.8490,-1,0,-0.211480,0.294155,5.156147,-0.028135,0.172384,3.392783,0.600000,-0.350000,0.225000,5.038813,1.036067,4.931147,3.939379,5.367885,1.428506,nan,nan,nan
baseline_fixed_launch,3.8990,-1,0,-0.206507,0.294643,5.166680,-0.041983,0.231985,3.208307,0.600000,-0.350000,0.225000,5.048388,1.032482,4.941680,3.947438,5.367885,1.420447,nan,nan,nan
baseline_fixed_launch,3.9490,-1,0,-0.202642,0.296477,5.166153,-0.042234,0.283784,3.213074,0.600000,-0.350000,0.225000,5.047490,1.030614,4.941153,3.964214,5.367885,1.403671,nan,nan,nan
baseline_fixed_launch,3.9990,-1,0,-0.198056,0.298389,5.175392,-0.023999,0.232911,3.221249,0.600000,-0.350000,0.225000,5.056054,1.028252,4.950392,3.974029,5.367885,1.393856,nan,nan,nan
baseline_fixed_launch,4.0490,-1,0,-0.196065,0.306045,5.193295,-0.044723,0.324890,3.165651,0.600000,-0.350000,0.225000,5.074256,1.031560,4.968295,3.970674,5.367885,1.397211,nan,nan,nan
baseline_fixed_launch,4.0990,-1,0,-0.191996,0.305642,5.192196,-0.004343,0.201414,3.235036,0.600000,-0.350000,0.225000,5.072491,1.028165,4.967196,3.979884,5.367885,1.388001,nan,nan,nan
baseline_fixed_launch,4.1490,-1,0,-0.187143,0.304853,5.186878,-0.027719,0.249481,3.112873,0.600000,-0.350000,0.225000,5.066425,1.023928,4.961878,4.002427,5.367885,1.365458,nan,nan,nan
baseline_fixed_launch,4.1990,-1,0,-0.184868,0.308389,5.192104,-0.036036,0.305921,3.143064,0.600000,-0.350000,0.225000,5.071648,1.024448,4.967104,4.010661,5.367885,1.357224,nan,nan,nan
baseline_fixed_launch,4.2490,-1,0,-0.182664,0.310271,5.205356,-0.000733,0.228568,3.225408,0.600000,-0.350000,0.225000,5.084532,1.023973,4.980356,4.014567,5.367885,1.353318,nan,nan,nan
baseline_fixed_launch,4.2990,-1,0,-0.178623,0.311952,5.203224,-0.004332,0.283732,3.128865,0.600000,-0.350000,0.225000,5.082042,1.021975,4.978224,4.018475,5.367885,1.349410,nan,nan,nan
baseline_fixed_launch,4.3500,-1,0,-0.173574,0.312442,5.196158,0.019033,0.156483,3.220402,0.600000,-0.350000,0.225000,5.074412,1.018453,4.971158,4.035989,5.367885,1.331896,nan,nan,nan
baseline_fixed_launch,4.3990,-1,0,-0.170578,0.311514,5.202870,-0.017179,0.198674,3.169133,0.600000,-0.350000,0.225000,5.080411,1.015574,4.977870,4.042792,5.367885,1.325093,nan,nan,nan
baseline_fixed_launch,4.4490,-1,0,-0.168724,0.313399,5.218082,0.002986,0.274676,3.123324,0.600000,-0.350000,0.225000,5.095282,1.015399,4.993082,4.045993,5.367885,1.321892,nan,nan,nan
baseline_fixed_launch,4.5010,-1,0,-0.163571,0.311023,5.218168,0.020925,0.169316,3.154954,0.600000,-0.350000,0.225000,5.094283,1.009947,4.993168,4.048036,5.367885,1.319849,nan,nan,nan
baseline_fixed_launch,4.5490,-1,0,-0.160204,0.307017,5.212700,0.004587,0.203987,3.068107,0.600000,-0.350000,0.225000,5.087900,1.004779,4.987700,4.073742,5.367885,1.294143,nan,nan,nan
baseline_fixed_launch,4.5990,-1,0,-0.156101,0.306549,5.213064,0.030463,0.180890,3.196549,0.600000,-0.350000,0.225000,5.087586,1.001372,4.988064,4.093985,5.367885,1.273899,nan,nan,nan
baseline_fixed_launch,4.6490,-1,0,-0.152069,0.304998,5.232681,0.001359,0.204242,3.043263,0.600000,-0.350000,0.225000,5.106026,0.997311,5.007681,4.102898,5.367885,1.264987,nan,nan,nan
baseline_fixed_launch,4.7000,-1,0,-0.148266,0.303431,5.224287,0.014122,0.268662,3.054904,0.600000,-0.350000,0.225000,5.097033,0.993416,4.999287,4.102064,5.367885,1.265821,nan,nan,nan
baseline_fixed_launch,4.7500,-1,0,-0.142592,0.299598,5.215543,0.050414,0.159568,3.084114,0.600000,-0.350000,0.225000,5.087135,0.986620,4.990543,4.128108,5.367885,1.239777,nan,nan,nan
baseline_fixed_launch,4.7990,-1,0,-0.139775,0.298501,5.216860,0.034176,0.193509,2.999179,0.600000,-0.350000,0.225000,5.087877,0.983779,4.991860,4.149265,5.367885,1.218620,nan,nan,nan
baseline_fixed_launch,4.8490,-1,0,-0.135499,0.301581,5.230493,0.062055,0.138746,3.160376,0.600000,-0.350000,0.225000,5.101027,0.982607,5.005493,4.147378,5.367885,1.220507,nan,nan,nan
baseline_fixed_launch,4.8990,-1,0,-0.130892,0.297119,5.222199,0.038945,0.183118,3.034841,0.600000,-0.350000,0.225000,5.091657,0.976200,4.997199,4.152761,5.367885,1.215124,nan,nan,nan
baseline_fixed_launch,4.9490,-1,0,-0.127286,0.294376,5.217853,0.057323,0.223623,3.002033,0.600000,-0.350000,0.225000,5.086526,0.971681,4.992853,4.174608,5.367885,1.193277,nan,nan,nan
baseline_fixed_launch,4.9990,-1,0,-0.122464,0.293336,5.212498,0.071281,0.143804,3.035220,0.600000,-0.350000,0.225000,5.080450,0.967385,4.987498,4.197764,5.367885,1.170121,nan,nan,nan
baseline_fixed_launch,5.0490,-1,0,-0.118036,0.293418,5.221521,0.057570,0.226206,3.001917,0.600000,-0.350000,0.225000,5.088692,0.964138,4.996521,4.209060,5.367885,1.158825,nan,nan,nan
baseline_fixed_launch,5.0990,-1,0,-0.114120,0.292996,5.209351,0.070995,0.189898,3.012189,0.600000,-0.350000,0.225000,5.076136,0.960943,4.984351,4.226491,5.367885,1.141394,nan,nan,nan
baseline_fixed_launch,5.1490,-1,0,-0.107947,0.288678,5.200493,0.078553,0.155801,2.964967,0.600000,-0.350000,0.225000,5.066027,0.953466,4.975493,4.264384,5.367885,1.103501,nan,nan,nan
baseline_fixed_launch,5.1990,-1,0,-0.104988,0.288655,5.196730,0.075631,0.224137,2.924282,0.600000,-0.350000,0.225000,5.061915,0.951256,4.971730,4.272636,5.367885,1.095249,nan,nan,nan
baseline_fixed_launch,5.2490,-1,0,-0.099746,0.291374,5.209860,0.088157,0.183881,2.964483,0.600000,-0.350000,0.225000,5.074429,0.949213,4.984860,4.288787,5.367885,1.079098,nan,nan,nan
baseline_fixed_launch,5.2990,-1,0,-0.096325,0.289382,5.195302,0.050222,0.207371,2.814256,0.600000,-0.350000,0.225000,5.059406,0.945345,4.970302,4.288112,5.367885,1.079773,nan,nan,nan
baseline_fixed_launch,5.3490,-1,0,-0.091959,0.290446,5.177194,0.060217,0.278926,2.828317,0.600000,-0.350000,0.225000,5.041151,0.942856,4.952194,4.311304,5.367885,1.056581,nan,nan,nan
baseline_fixed_launch,5.3990,-1,0,-0.088256,0.289954,5.172935,0.095168,0.171252,2.862970,0.600000,-0.350000,0.225000,5.036397,0.939808,4.947935,4.332277,5.367885,1.035608,nan,nan,nan
baseline_fixed_launch,5.4490,-1,0,-0.083947,0.293931,5.177621,0.085253,0.275375,2.801050,0.600000,-0.350000,0.225000,5.040921,0.939378,4.952621,4.340092,5.367885,1.027793,nan,nan,nan
baseline_fixed_launch,5.4990,-1,0,-0.080596,0.293683,5.162718,0.103840,0.144709,2.942373,0.600000,-0.350000,0.225000,5.025793,0.936770,4.937718,4.347777,5.367885,1.020108,nan,nan,nan
baseline_fixed_launch,5.5490,-1,0,-0.076671,0.290491,5.161869,0.082781,0.177654,2.844260,0.600000,-0.350000,0.225000,5.024021,0.931726,4.936869,4.355337,5.367885,1.012548,nan,nan,nan
baseline_fixed_launch,5.5990,-1,0,-0.072686,0.291659,5.145097,0.077177,0.262122,2.781021,0.600000,-0.350000,0.225000,5.007154,0.929641,4.920097,4.380408,5.367885,0.987477,nan,nan,nan
baseline_fixed_launch,5.6490,-1,0,-0.067171,0.293325,5.152199,0.108772,0.175789,2.819130,0.600000,-0.350000,0.225000,5.013609,0.926814,4.927199,4.401137,5.367885,0.966748,nan,nan,nan
baseline_fixed_launch,5.6990,-1,0,-0.064633,0.293045,5.138889,0.100279,0.223343,2.819117,0.600000,-0.350000,0.225000,5.000155,0.924794,4.913889,4.396123,5.367885,0.971762,nan,nan,nan
baseline_fixed_launch,5.7500,-1,0,-0.060320,0.294163,5.123751,0.127234,0.149889,2.883993,0.600000,-0.350000,0.225000,4.984850,0.922479,4.898751,4.413078,5.367885,0.954807,nan,nan,nan
baseline_fixed_launch,5.7990,-1,0,-0.056675,0.294331,5.114681,0.105138,0.199731,2.767119,0.600000,-0.350000,0.225000,4.975477,0.919992,4.889681,4.438071,5.367885,0.929814,nan,nan,nan
baseline_fixed_launch,5.8490,-1,0,-0.052001,0.300129,5.112151,0.110375,0.258864,2.703767,0.600000,-0.350000,0.225000,4.973130,0.920746,4.887151,4.443408,5.367885,0.924477,nan,nan,nan
baseline_fixed_launch,5.8990,-1,0,-0.048099,0.298587,5.100133,0.144347,0.182303,2.778779,0.600000,-0.350000,0.225000,4.960607,0.916895,4.875133,4.444690,5.367885,0.923195,nan,nan,nan
baseline_fixed_launch,5.9490,-1,0,-0.043365,0.296458,5.085006,0.133851,0.248188,2.770144,0.600000,-0.350000,0.225000,4.944844,0.912045,4.860006,4.454945,5.367885,0.912940,nan,nan,nan
baseline_fixed_launch,6.0000,-1,0,-0.040037,0.299363,5.077099,0.141271,0.222069,2.836881,0.600000,-0.350000,0.225000,4.937022,0.911767,4.852099,4.462379,5.367885,0.905506,nan,nan,nan
baseline_fixed_launch,6.0500,-1,0,-0.033395,0.300636,5.093315,0.131303,0.188504,2.840063,0.600000,-0.350000,0.225000,4.952273,0.908028,4.868315,4.481428,5.367885,0.886457,nan,nan,nan
baseline_fixed_launch,6.0990,-1,0,-0.029914,0.300278,5.082825,0.155195,0.262246,2.787910,0.600000,-0.350000,0.225000,4.941469,0.905347,4.857825,4.505491,5.367885,0.862394,nan,nan,nan
baseline_fixed_launch,6.1490,-1,0,-0.026237,0.299117,5.080926,0.175898,0.137445,2.929752,0.600000,-0.350000,0.225000,4.938982,0.901957,4.855926,4.506782,5.367885,0.861103,nan,nan,nan
baseline_fixed_launch,6.1990,-1,0,-0.020579,0.297155,5.067194,0.138436,0.200301,2.731275,0.600000,-0.350000,0.225000,4.924507,0.896620,4.842194,4.529790,5.367885,0.838095,nan,nan,nan
baseline_fixed_launch,6.2500,-1,0,-0.014038,0.301306,5.077272,0.181694,0.180383,2.869275,0.600000,-0.350000,0.225000,4.934145,0.895122,4.852272,4.544203,5.367885,0.823682,nan,nan,nan
baseline_fixed_launch,6.2990,-1,0,-0.009551,0.298388,5.067728,0.182711,0.184064,2.785478,0.600000,-0.350000,0.225000,4.923817,0.889921,4.842728,4.561389,5.367885,0.806496,nan,nan,nan
baseline_fixed_launch,6.3490,-1,0,-0.004456,0.295504,5.057871,0.182870,0.265215,2.720556,0.600000,-0.350000,0.225000,4.913113,0.884331,4.832871,4.585191,5.367885,0.782694,nan,nan,nan
baseline_fixed_launch,6.3990,-1,0,-0.000208,0.295535,5.048034,0.201339,0.138466,2.859240,0.600000,-0.350000,0.225000,4.902920,0.881456,4.823034,4.593439,5.367885,0.774446,nan,nan,nan
baseline_fixed_launch,6.4490,-1,0,0.007063,0.295358,5.054636,0.178646,0.199462,2.675620,0.600000,-0.350000,0.225000,4.908507,0.876391,4.829636,4.615261,5.367885,0.752624,nan,nan,nan
baseline_fixed_launch,6.5010,-1,0,0.010602,0.295913,5.040180,0.172202,0.256658,2.706851,0.600000,-0.350000,0.225000,4.893930,0.874411,4.815180,4.613871,5.367885,0.754014,nan,nan,nan
baseline_fixed_launch,6.5490,-1,0,0.014599,0.292714,5.035799,0.205403,0.177969,2.781273,0.600000,-0.350000,0.225000,4.888718,0.869353,4.810799,4.612060,5.367885,0.755825,nan,nan,nan
baseline_fixed_launch,6.5990,-1,0,0.019726,0.291452,5.019707,0.187166,0.230739,2.720996,0.600000,-0.350000,0.225000,4.872104,0.864973,4.794707,4.648812,5.367885,0.719073,nan,nan,nan
baseline_fixed_launch,6.6490,-1,0,0.023748,0.294366,5.024210,0.200268,0.194850,2.739517,0.600000,-0.350000,0.225000,4.876442,0.864450,4.799210,4.651313,5.367885,0.716572,nan,nan,nan
baseline_fixed_launch,6.6990,-1,0,0.030088,0.292898,5.013669,0.172707,0.205517,2.678502,0.600000,-0.350000,0.225000,4.865128,0.859138,4.788669,4.671155,5.367885,0.696730,nan,nan,nan
baseline_fixed_launch,6.7490,-1,0,0.033370,0.293368,4.997196,0.183136,0.270808,2.662545,0.600000,-0.350000,0.225000,4.848592,0.857317,4.772196,4.683775,5.367885,0.684110,nan,nan,nan
baseline_fixed_launch,6.7990,-1,0,0.037194,0.292945,4.986207,0.219189,0.184381,2.732806,0.600000,-0.350000,0.225000,4.837275,0.854476,4.761207,4.682067,5.367885,0.685818,nan,nan,nan
baseline_fixed_launch,6.8490,-1,0,0.043477,0.295288,4.991918,0.181096,0.209728,2.592618,0.600000,-0.350000,0.225000,4.842481,0.852124,4.766918,4.695908,5.367885,0.671977,nan,nan,nan
baseline_fixed_launch,6.8990,-1,0,0.046460,0.296432,4.974051,0.222537,0.190102,2.711042,0.600000,-0.350000,0.225000,4.824704,0.851047,4.749051,4.702704,5.367885,0.665180,nan,nan,nan
baseline_fixed_launch,6.9490,-1,0,0.050944,0.292902,4.960836,0.193044,0.201993,2.618615,0.600000,-0.350000,0.225000,4.810710,0.845450,4.735836,4.737943,5.367885,0.629942,nan,nan,nan
baseline_fixed_launch,6.9990,-1,0,0.054149,0.293898,4.944118,0.212692,0.275500,2.570352,0.600000,-0.350000,0.225000,4.794021,0.844131,4.719118,4.748893,5.367885,0.618992,nan,nan,nan
baseline_fixed_launch,7.0490,-1,0,0.058056,0.296206,4.946475,0.230230,0.150623,2.718199,0.600000,-0.350000,0.225000,4.796208,0.843378,4.721475,4.771653,5.367885,0.596232,nan,nan,nan
baseline_fixed_launch,7.1000,-1,0,0.063193,0.295964,4.930202,0.209705,0.204061,2.531159,0.600000,-0.350000,0.225000,4.779578,0.839899,4.705202,4.782475,5.367885,0.585410,nan,nan,nan
baseline_fixed_launch,7.1490,-1,0,0.065773,0.296750,4.911943,0.230464,0.182610,2.654753,0.600000,-0.350000,0.225000,4.761420,0.838858,4.686943,4.804396,5.367885,0.563489,nan,nan,nan
baseline_fixed_launch,7.2000,-1,0,0.069263,0.296172,4.898345,0.224725,0.214580,2.601384,0.600000,-0.350000,0.225000,4.747565,0.836194,4.673345,4.796176,5.367885,0.571709,nan,nan,nan
baseline_fixed_launch,7.2500,-1,0,0.074306,0.302220,4.901667,0.198607,0.316252,2.567602,0.600000,-0.350000,0.225000,4.751101,0.837703,4.676667,4.800857,5.367885,0.567028,nan,nan,nan
baseline_fixed_launch,7.2990,-1,0,0.077296,0.303577,4.892378,0.242401,0.177043,2.664019,0.600000,-0.350000,0.225000,4.741814,0.836889,4.667378,4.807024,5.367885,0.560861,nan,nan,nan
baseline_fixed_launch,7.3500,-1,0,0.080131,0.299955,4.885033,0.228977,0.215155,2.570779,0.600000,-0.350000,0.225000,4.733773,0.832289,4.660033,4.812921,5.367885,0.554964,nan,nan,nan
baseline_fixed_launch,7.4000,-1,0,0.083031,0.301557,4.870967,0.220089,0.272472,2.599782,0.600000,-0.350000,0.225000,4.719830,0.831735,4.645967,4.799902,5.367885,0.567982,nan,nan,nan
baseline_fixed_launch,7.4490,-1,0,0.090253,0.302189,4.886919,0.254839,0.181132,2.628375,0.600000,-0.350000,0.225000,4.734837,0.827763,4.661919,4.806337,5.367885,0.561548,nan,nan,nan
baseline_fixed_launch,7.4990,-1,0,0.093149,0.303007,4.873878,0.251504,0.250089,2.588889,0.600000,-0.350000,0.225000,4.721798,0.826629,4.648878,4.805945,5.367885,0.561939,nan,nan,nan
baseline_fixed_launch,7.5490,-1,0,0.094944,0.303028,4.862701,0.256845,0.195568,2.669865,0.600000,-0.350000,0.225000,4.710605,0.825547,4.637701,4.827705,5.367885,0.540180,nan,nan,nan
baseline_fixed_launch,7.5990,-1,0,0.099538,0.301118,4.848541,0.224669,0.203140,2.533978,0.600000,-0.350000,0.225000,4.695907,0.821229,4.623541,4.841282,5.367885,0.526603,nan,nan,nan
baseline_fixed_launch,7.6490,-1,0,0.105417,0.305700,4.853939,0.256305,0.205762,2.572813,0.600000,-0.350000,0.225000,4.701237,0.821313,4.628939,4.847164,5.367885,0.520721,nan,nan,nan
baseline_fixed_launch,7.6990,-1,0,0.109238,0.304266,4.841054,0.262825,0.176153,2.532304,0.600000,-0.350000,0.225000,4.687949,0.817870,4.616054,4.849173,5.367885,0.518712,nan,nan,nan
baseline_fixed_launch,7.7500,-1,0,0.111508,0.300485,4.825661,0.258719,0.245752,2.489761,0.600000,-0.350000,0.225000,4.672027,0.813483,4.600661,4.849534,5.367885,0.518351,nan,nan,nan
baseline_fixed_launch,7.7990,-1,0,0.114402,0.301187,4.807038,0.265244,0.191720,2.572489,0.600000,-0.350000,0.225000,4.653485,0.812312,4.582038,4.844532,5.367885,0.523353,nan,nan,nan
baseline_fixed_launch,7.8490,-1,0,0.121257,0.300900,4.813777,0.231813,0.220800,2.418186,0.600000,-0.350000,0.225000,4.659371,0.808001,4.588777,4.859778,5.367885,0.508107,nan,nan,nan
baseline_fixed_launch,7.8990,-1,0,0.124370,0.302138,4.795437,0.240371,0.287522,2.437280,0.600000,-0.350000,0.225000,4.641164,0.807160,4.570437,4.859152,5.367885,0.508733,nan,nan,nan
baseline_fixed_launch,7.9490,-1,0,0.126162,0.299610,4.782139,0.276539,0.163314,2.506585,0.600000,-0.350000,0.225000,4.627530,0.804062,4.557139,4.864382,5.367885,0.503503,nan,nan,nan
baseline_fixed_launch,7.9990,-1,0,0.130265,0.297551,4.765844,0.261906,0.211843,2.392192,0.600000,-0.350000,0.225000,4.610774,0.799983,4.540844,4.850803,5.367885,0.517082,nan,nan,nan
baseline_fixed_launch,8.0490,-1,0,0.137668,0.300450,4.766570,0.295746,0.138563,2.548826,0.600000,-0.350000,0.225000,4.611148,0.798020,4.541570,4.847833,5.367885,0.520052,nan,nan,nan
baseline_fixed_launch,8.0990,-1,0,0.141882,0.298748,4.749052,0.271768,0.186973,2.435690,0.600000,-0.350000,0.225000,4.593233,0.794195,4.524052,4.848582,5.367885,0.519303,nan,nan,nan
baseline_fixed_launch,8.1490,-1,0,0.142980,0.296503,4.731104,0.285836,0.228961,2.402332,0.600000,-0.350000,0.225000,4.575129,0.791728,4.506104,4.849061,5.367885,0.518824,nan,nan,nan
baseline_fixed_launch,8.1990,-1,0,0.146994,0.296100,4.713461,0.297012,0.148864,2.443722,0.600000,-0.350000,0.225000,4.557296,0.789087,4.488461,4.869253,5.367885,0.498632,nan,nan,nan
baseline_fixed_launch,8.2490,-1,0,0.151126,0.295878,4.708824,0.257206,0.194329,2.400329,0.600000,-0.350000,0.225000,4.552287,0.786541,4.483824,4.889451,5.367885,0.478434,nan,nan,nan
baseline_fixed_launch,8.2990,-1,0,0.156370,0.299121,4.692107,0.289275,0.198713,2.438137,0.600000,-0.350000,0.225000,4.535770,0.786236,4.467107,4.896892,5.367885,0.470993,nan,nan,nan
baseline_fixed_launch,8.3490,-1,0,0.157746,0.295904,4.678565,0.294190,0.164063,2.393942,0.600000,-0.350000,0.225000,4.521838,0.782803,4.453565,4.908737,5.367885,0.459148,nan,nan,nan
baseline_fixed_launch,8.3990,-1,0,0.160465,0.295481,4.661396,0.286769,0.233779,2.357434,0.600000,-0.350000,0.225000,4.504602,0.780921,4.436396,4.914457,5.367885,0.453428,nan,nan,nan
baseline_fixed_launch,8.4490,-1,0,0.166640,0.298268,4.664607,0.295835,0.179383,2.435508,0.600000,-0.350000,0.225000,4.507567,0.779777,4.439607,4.913104,5.367885,0.454781,nan,nan,nan
baseline_fixed_launch,8.5000,-1,0,0.168847,0.298174,4.652359,0.252006,0.204824,2.294956,0.600000,-0.350000,0.225000,4.495278,0.778474,4.427359,4.929848,5.367885,0.438037,nan,nan,nan
baseline_fixed_launch,8.5490,-1,0,0.168577,0.298876,4.633042,0.280708,0.198133,2.397362,0.600000,-0.350000,0.225000,4.476383,0.779209,4.408042,4.940750,5.367885,0.427135,nan,nan,nan
baseline_fixed_launch,8.5990,-1,0,0.170663,0.298150,4.619698,0.286855,0.168525,2.357375,0.600000,-0.350000,0.225000,4.462936,0.777450,4.394698,4.947763,5.367885,0.420122,nan,nan,nan
baseline_fixed_launch,8.6490,-1,0,0.175016,0.301678,4.617489,0.267683,0.203700,2.279158,0.600000,-0.350000,0.225000,4.460858,0.778008,4.392489,4.942163,5.367885,0.425722,nan,nan,nan
baseline_fixed_launch,8.7000,-1,0,0.176608,0.303034,4.604496,0.289179,0.146149,2.444217,0.600000,-0.350000,0.225000,4.448112,0.778276,4.379496,4.952631,5.367885,0.415254,nan,nan,nan
baseline_fixed_launch,8.7510,-1,0,0.176314,0.299439,4.589148,0.260997,0.193698,2.326893,0.600000,-0.350000,0.225000,4.432501,0.775423,4.364148,4.937175,5.367885,0.430710,nan,nan,nan
baseline_fixed_launch,8.7990,-1,0,0.176897,0.299766,4.574000,0.252799,0.276818,2.269739,0.600000,-0.350000,0.225000,4.417580,0.775379,4.349000,4.959781,5.367885,0.408104,nan,nan,nan
baseline_fixed_launch,8.8490,-1,0,0.181274,0.300723,4.573472,0.276207,0.186957,2.316169,0.600000,-0.350000,0.225000,4.416784,0.773803,4.348472,4.962503,5.367885,0.405382,nan,nan,nan
baseline_fixed_launch,8.8990,-1,0,0.183365,0.302416,4.562160,0.266535,0.247601,2.301030,0.600000,-0.350000,0.225000,4.405699,0.774100,4.337160,4.967786,5.367885,0.400099,nan,nan,nan
baseline_fixed_launch,8.9500,-1,0,0.182074,0.302686,4.542380,0.277548,0.212958,2.317973,0.600000,-0.350000,0.225000,4.386392,0.775024,4.317380,4.973376,5.367885,0.394509,nan,nan,nan
baseline_fixed_launch,8.9990,-1,0,0.183569,0.300927,4.528730,0.258871,0.202870,2.271101,0.600000,-0.350000,0.225000,4.372553,0.772736,4.303730,4.982564,5.367885,0.385321,nan,nan,nan
baseline_fixed_launch,9.0500,-1,0,0.186618,0.305350,4.521160,0.250283,0.272035,2.238834,0.600000,-0.350000,0.225000,4.365474,0.774834,4.296160,4.984083,5.367885,0.383802,nan,nan,nan
baseline_fixed_launch,9.0990,-1,0,0.189536,0.305838,4.512324,0.282992,0.192853,2.323114,0.600000,-0.350000,0.225000,4.356576,0.773695,4.287324,4.977891,5.367885,0.389994,nan,nan,nan
baseline_fixed_launch,9.1490,-1,0,0.188449,0.301312,4.489953,0.241108,0.218283,2.180459,0.600000,-0.350000,0.225000,4.333982,0.770442,4.264953,4.991216,5.367885,0.376669,nan,nan,nan
baseline_fixed_launch,9.1990,-1,0,0.189210,0.302285,4.475980,0.272613,0.208097,2.287101,0.600000,-0.350000,0.225000,4.320307,0.770859,4.250980,4.985611,5.367885,0.382274,nan,nan,nan
baseline_fixed_launch,9.2490,-1,0,0.191971,0.301184,4.470658,0.279376,0.177564,2.252112,0.600000,-0.350000,0.225000,4.314642,0.768458,4.245658,4.991285,5.367885,0.376599,nan,nan,nan
baseline_fixed_launch,9.2990,-1,0,0.195964,0.303101,4.465487,0.261282,0.281756,2.197460,0.600000,-0.350000,0.225000,4.309468,0.767975,4.240487,4.984526,5.367885,0.383359,nan,nan,nan
baseline_fixed_launch,9.3490,-1,0,0.194986,0.301319,4.446548,0.277464,0.154280,2.392919,0.600000,-0.350000,0.225000,4.290656,0.766977,4.221548,4.982128,5.367885,0.385757,nan,nan,nan
baseline_fixed_launch,9.3990,-1,0,0.195870,0.298620,4.436333,0.228607,0.227660,2.261593,0.600000,-0.350000,0.225000,4.280112,0.764217,4.211333,4.969643,5.367885,0.398242,nan,nan,nan
baseline_fixed_launch,9.4490,-1,0,0.198965,0.302560,4.435668,0.263622,0.198405,2.391944,0.600000,-0.350000,0.225000,4.279766,0.765940,4.210668,4.975392,5.367885,0.392493,nan,nan,nan
baseline_fixed_launch,9.5000,-1,0,0.201706,0.302529,4.435188,0.259556,0.202302,2.319183,0.600000,-0.350000,0.225000,4.279032,0.764482,4.210188,4.968890,5.367885,0.398995,nan,nan,nan
baseline_fixed_launch,9.5490,-1,0,0.199296,0.300769,4.415368,0.251033,0.286296,2.258593,0.600000,-0.350000,0.225000,4.259489,0.764241,4.190368,4.977079,5.367885,0.390806,nan,nan,nan
baseline_fixed_launch,9.5990,-1,0,0.199541,0.301722,4.405600,0.268345,0.162779,2.404653,0.600000,-0.350000,0.225000,4.250003,0.764924,4.180600,4.974144,5.367885,0.393741,nan,nan,nan
baseline_fixed_launch,9.6490,-1,0,0.202499,0.303115,4.404914,0.245138,0.222994,2.226952,0.600000,-0.350000,0.225000,4.249264,0.764569,4.179914,4.969056,5.367885,0.398829,nan,nan,nan
baseline_fixed_launch,9.6990,-1,0,0.204216,0.306916,4.400361,0.236142,0.283566,2.261094,0.600000,-0.350000,0.225000,4.245211,0.766932,4.175361,4.969976,5.367885,0.397909,nan,nan,nan
baseline_fixed_launch,9.7490,-1,0,0.202881,0.303192,4.384170,0.257661,0.201587,2.281169,0.600000,-0.350000,0.225000,4.228837,0.764437,4.159170,4.964933,5.367885,0.402952,nan,nan,nan
baseline_fixed_launch,9.7990,-1,0,0.202637,0.303087,4.376882,0.245267,0.247718,2.287261,0.600000,-0.350000,0.225000,4.221676,0.764474,4.151882,4.954626,5.367885,0.413259,nan,nan,nan
baseline_fixed_launch,9.8490,-1,0,0.205476,0.306524,4.374191,0.267830,0.166740,2.358157,0.600000,-0.350000,0.225000,4.219296,0.765946,4.149191,4.959154,5.367885,0.408731,nan,nan,nan
baseline_fixed_launch,9.8990,-1,0,0.207491,0.307192,4.371784,0.227100,0.209699,2.313925,0.600000,-0.350000,0.225000,4.216845,0.765483,4.146784,4.955876,5.367885,0.412009,nan,nan,nan
baseline_fixed_launch,9.9490,-1,0,0.204996,0.306189,4.353619,0.242658,0.283279,2.263542,0.600000,-0.350000,0.225000,4.199060,0.765906,4.128619,4.952571,5.367885,0.415314,nan,nan,nan
baseline_fixed_launch,9.9990,-1,0,0.204472,0.306301,4.347059,0.256132,0.196412,2.360672,0.600000,-0.350000,0.225000,4.192678,0.766272,4.122059,4.952653,5.367885,0.415232,nan,nan,nan
baseline_fixed_launch,10.0490,-1,0,0.206214,0.308868,4.343772,0.214697,0.220771,2.224223,0.600000,-0.350000,0.225000,4.189685,0.767577,4.118772,4.955970,5.367885,0.411915,nan,nan,nan
baseline_fixed_launch,10.0990,-1,0,0.207489,0.312150,4.344807,0.251770,0.198851,2.369997,0.600000,-0.350000,0.225000,4.191099,0.769745,4.119807,4.944946,5.367885,0.422939,nan,nan,nan
baseline_fixed_launch,10.1490,-1,0,0.205869,0.308024,4.329992,0.246628,0.200045,2.288799,0.600000,-0.350000,0.225000,4.176038,0.767030,4.104992,4.944431,5.367885,0.423454,nan,nan,nan
baseline_fixed_launch,10.1990,-1,0,0.204677,0.307415,4.320178,0.233820,0.282772,2.233800,0.600000,-0.350000,0.225000,4.166408,0.767121,4.095178,4.955481,5.367885,0.412404,nan,nan,nan
baseline_fixed_launch,10.2490,-1,0,0.206862,0.310019,4.317949,0.246815,0.197227,2.271467,0.600000,-0.350000,0.225000,4.164423,0.768234,4.092949,4.953044,5.367885,0.414841,nan,nan,nan
baseline_fixed_launch,10.2990,-1,0,0.209026,0.312698,4.322059,0.227190,0.234006,2.196242,0.600000,-0.350000,0.225000,4.168684,0.769435,4.097059,4.947749,5.367885,0.420136,nan,nan,nan
baseline_fixed_launch,10.3490,-1,0,0.205547,0.312426,4.298999,0.239274,0.211819,2.323087,0.600000,-0.350000,0.225000,4.146308,0.770974,4.073999,4.945876,5.367885,0.422009,nan,nan,nan
baseline_fixed_launch,10.4000,-1,0,0.205365,0.311132,4.292384,0.231088,0.217220,2.249656,0.600000,-0.350000,0.225000,4.139619,0.769956,4.067384,4.921433,5.367885,0.446452,nan,nan,nan
baseline_fixed_launch,10.4490,-1,0,0.206079,0.315450,4.282543,0.205601,0.312830,2.194211,0.600000,-0.350000,0.225000,4.130575,0.773303,4.057543,4.928707,5.367885,0.439178,nan,nan,nan
baseline_fixed_launch,10.4990,-1,0,0.208330,0.318794,4.286564,0.244756,0.189821,2.273922,0.600000,-0.350000,0.225000,4.134851,0.775043,4.061564,4.912450,5.367885,0.455435,nan,nan,nan
baseline_fixed_launch,10.5490,-1,0,0.206105,0.314729,4.266140,0.203024,0.228675,2.218871,0.600000,-0.350000,0.225000,4.114345,0.772670,4.041140,4.898849,5.367885,0.469036,nan,nan,nan
baseline_fixed_launch,10.5990,-1,0,0.204428,0.314711,4.255204,0.202889,0.287697,2.191834,0.600000,-0.350000,0.225000,4.103762,0.773510,4.030204,4.895698,5.367885,0.472187,nan,nan,nan
baseline_fixed_launch,10.6510,-1,0,0.206431,0.314215,4.248284,0.204938,0.216972,2.213524,0.600000,-0.350000,0.225000,4.096693,0.772061,4.023284,4.900154,5.367885,0.467731,nan,nan,nan
baseline_fixed_launch,10.6990,-1,0,0.208054,0.316589,4.248965,0.219081,0.260044,2.190990,0.600000,-0.350000,0.225000,4.097591,0.773281,4.023965,4.888701,5.367885,0.479184,nan,nan,nan
baseline_fixed_launch,10.7500,-1,0,0.204983,0.313334,4.224842,0.220998,0.205702,2.275528,0.600000,-0.350000,0.225000,4.073670,0.772043,3.999842,4.891985,5.367885,0.475900,nan,nan,nan
baseline_fixed_launch,10.8020,-1,0,0.204631,0.310855,4.220820,0.195129,0.189599,2.199432,0.600000,-0.350000,0.225000,4.069352,0.770095,3.995820,4.886748,5.367885,0.481137,nan,nan,nan
baseline_fixed_launch,10.8490,-1,0,0.205902,0.312181,4.210427,0.205432,0.229429,2.206903,0.600000,-0.350000,0.225000,4.059239,0.770582,3.985427,4.868114,5.367885,0.499771,nan,nan,nan
baseline_fixed_launch,10.8990,-1,0,0.208201,0.313431,4.218909,0.211978,0.200307,2.171416,0.600000,-0.350000,0.225000,4.067549,0.770485,3.993909,4.866277,5.367885,0.501608,nan,nan,nan
baseline_fixed_launch,10.9500,-1,0,0.204630,0.310595,4.194966,0.190325,0.234218,2.087610,0.600000,-0.350000,0.225000,4.043926,0.769872,3.969966,4.858624,5.367885,0.509261,nan,nan,nan
baseline_fixed_launch,10.9990,-1,0,0.202326,0.311751,4.182403,0.207371,0.212101,2.220603,0.600000,-0.350000,0.225000,4.032009,0.772048,3.957403,4.857421,5.367885,0.510464,nan,nan,nan
baseline_fixed_launch,11.0490,-1,0,0.203064,0.312319,4.170902,0.172841,0.237369,2.070645,0.600000,-0.350000,0.225000,4.020742,0.772156,3.945902,4.861000,5.367885,0.506885,nan,nan,nan
baseline_fixed_launch,11.1000,-1,0,0.204572,0.316666,4.173969,0.181904,0.334779,2.086793,0.600000,-0.350000,0.225000,4.024321,0.775117,3.948969,4.848938,5.367885,0.518947,nan,nan,nan
baseline_fixed_launch,11.1490,-1,0,0.201466,0.315142,4.150209,0.209663,0.241339,2.170079,0.600000,-0.350000,0.225000,4.001063,0.775399,3.925209,4.836358,5.367885,0.531527,nan,nan,nan
baseline_fixed_launch,11.1990,-1,0,0.200576,0.314455,4.149043,0.198419,0.229677,2.074136,0.600000,-0.350000,0.225000,3.999894,0.775268,3.924043,4.834979,5.367885,0.532906,nan,nan,nan
baseline_fixed_launch,11.2520,-1,0,0.202433,0.318248,4.136804,0.220323,0.194428,2.217289,0.600000,-0.350000,0.225000,3.988336,0.777570,3.911804,4.835762,5.367885,0.532123,nan,nan,nan
baseline_fixed_launch,11.3000,-1,0,0.205219,0.319554,4.143530,0.196324,0.216810,2.139522,0.600000,-0.350000,0.225000,3.994876,0.777274,3.918530,4.834489,5.367885,0.533396,nan,nan,nan
baseline_fixed_launch,11.3490,-1,0,0.201387,0.317122,4.114166,0.182405,0.296415,2.080914,0.600000,-0.350000,0.225000,3.966051,0.777139,3.889166,4.845425,5.367885,0.522460,nan,nan,nan
baseline_fixed_launch,11.3990,-1,0,0.200625,0.316127,4.113913,0.217693,0.174460,2.162421,0.600000,-0.350000,0.225000,3.965711,0.776676,3.888913,4.839697,5.367885,0.528188,nan,nan,nan
baseline_fixed_launch,11.4490,-1,0,0.201192,0.315693,4.102293,0.179323,0.216154,2.117745,0.600000,-0.350000,0.225000,3.954187,0.776012,3.877293,4.843946,5.367885,0.523939,nan,nan,nan
baseline_fixed_launch,11.4990,-1,0,0.203537,0.320442,4.104223,0.214274,0.200209,2.156239,0.600000,-0.350000,0.225000,3.956646,0.778893,3.879223,4.830976,5.367885,0.536909,nan,nan,nan
baseline_fixed_launch,11.5500,-1,0,0.201508,0.314740,4.084019,0.217260,0.166461,2.112566,0.600000,-0.350000,0.225000,3.936077,0.775032,3.859019,4.819284,5.367885,0.548601,nan,nan,nan
baseline_fixed_launch,11.5990,-1,0,0.199606,0.311178,4.076428,0.203527,0.232460,2.081449,0.600000,-0.350000,0.225000,3.928228,0.772963,3.851428,4.808244,5.367885,0.559641,nan,nan,nan
baseline_fixed_launch,11.6490,-1,0,0.199734,0.311953,4.064675,0.208324,0.180603,2.172531,0.600000,-0.350000,0.225000,3.916822,0.773560,3.839675,4.795421,5.367885,0.572464,nan,nan,nan
baseline_fixed_launch,11.6990,-1,0,0.202586,0.311592,4.076836,0.172499,0.207117,2.028068,0.600000,-0.350000,0.225000,3.928394,0.771778,3.851836,4.790830,5.367885,0.577055,nan,nan,nan
baseline_fixed_launch,11.7490,-1,0,0.199339,0.309743,4.052215,0.177014,0.272509,2.047424,0.600000,-0.350000,0.225000,3.904275,0.771875,3.827215,4.793909,5.367885,0.573976,nan,nan,nan
baseline_fixed_launch,11.8000,-1,0,0.197741,0.307155,4.047001,0.206362,0.163219,2.094753,0.600000,-0.350000,0.225000,3.898892,0.770497,3.822001,4.789567,5.367885,0.578318,nan,nan,nan
baseline_fixed_launch,11.8490,-1,0,0.197853,0.308230,4.032401,0.189073,0.265866,2.039565,0.600000,-0.350000,0.225000,3.884751,0.771355,3.807401,4.778583,5.367885,0.589301,nan,nan,nan
baseline_fixed_launch,11.9010,-1,0,0.199345,0.311046,4.042123,0.204747,0.143694,2.196472,0.600000,-0.350000,0.225000,3.894603,0.772985,3.817123,4.767187,5.367885,0.600698,nan,nan,nan
baseline_fixed_launch,11.9490,-1,0,0.198072,0.307031,4.024661,0.178785,0.190768,2.079718,0.600000,-0.350000,0.225000,3.876939,0.770218,3.799661,4.749786,5.367885,0.618099,nan,nan,nan
baseline_fixed_launch,11.9990,-1,0,0.195666,0.305022,4.015559,0.167137,0.272676,2.029238,0.600000,-0.350000,0.225000,3.867929,0.769766,3.790559,4.745225,5.367885,0.622660,nan,nan,nan
baseline_fixed_launch,12.0490,-1,0,0.196670,0.303759,4.008872,0.191054,0.184720,2.080561,0.600000,-0.350000,0.225000,3.861057,0.768164,3.783872,4.739923,5.367885,0.627962,nan,nan,nan
baseline_fixed_launch,12.0990,-1,0,0.197767,0.305024,4.016599,0.180855,0.233368,2.096843,0.600000,-0.350000,0.225000,3.868730,0.768666,3.791599,4.727097,5.367885,0.640788,nan,nan,nan
baseline_fixed_launch,12.1490,-1,0,0.195407,0.303249,3.991970,0.197384,0.143547,2.183253,0.600000,-0.350000,0.225000,3.844540,0.768394,3.766970,4.729442,5.367885,0.638443,nan,nan,nan
baseline_fixed_launch,12.1990,-1,0,0.194973,0.300468,3.990003,0.171457,0.188738,2.074022,0.600000,-0.350000,0.225000,3.842187,0.766261,3.765003,4.724972,5.367885,0.642913,nan,nan,nan
baseline_fixed_launch,12.2490,-1,0,0.195501,0.302136,3.977240,0.175082,0.245854,2.039237,0.600000,-0.350000,0.225000,3.829909,0.767399,3.752240,4.727404,5.367885,0.640481,nan,nan,nan
baseline_fixed_launch,12.2990,-1,0,0.198081,0.302328,3.986917,0.205979,0.167887,2.130001,0.600000,-0.350000,0.225000,3.839153,0.766206,3.761917,4.720892,5.367885,0.646993,nan,nan,nan
baseline_fixed_launch,12.3490,-1,0,0.195679,0.298403,3.958532,0.182333,0.219026,2.074224,0.600000,-0.350000,0.225000,3.810927,0.764135,3.733532,4.707283,5.367885,0.660602,nan,nan,nan
baseline_fixed_launch,12.3990,-1,0,0.194924,0.297804,3.953177,0.202594,0.145500,2.119671,0.600000,-0.350000,0.225000,3.805659,0.764027,3.728177,4.694042,5.367885,0.673843,nan,nan,nan
baseline_fixed_launch,12.4490,-1,0,0.195945,0.295808,3.943716,0.203569,0.131540,2.048884,0.600000,-0.350000,0.225000,3.795942,0.761793,3.718716,4.697058,5.367885,0.670827,nan,nan,nan
baseline_fixed_launch,12.4990,-1,0,0.198216,0.296208,3.946464,0.184401,0.223248,2.016198,0.600000,-0.350000,0.225000,3.798462,0.760930,3.721464,4.682510,5.367885,0.685375,nan,nan,nan
baseline_fixed_launch,12.5490,-1,0,0.196087,0.291712,3.926083,0.197642,0.135655,2.112448,0.600000,-0.350000,0.225000,3.777956,0.758248,3.701083,4.677327,5.367885,0.690558,nan,nan,nan
baseline_fixed_launch,12.5990,-1,0,0.195031,0.288589,3.921561,0.156821,0.159471,1.977546,0.600000,-0.350000,0.225000,3.773110,0.756172,3.696561,4.678850,5.367885,0.689035,nan,nan,nan
baseline_fixed_launch,12.6490,-1,0,0.195591,0.289104,3.907830,0.193999,0.134763,2.120233,0.600000,-0.350000,0.225000,3.759686,0.756307,3.682830,4.682957,5.367885,0.684928,nan,nan,nan
baseline_fixed_launch,12.7000,-1,0,0.197976,0.288011,3.916501,0.189385,0.138634,2.054469,0.600000,-0.350000,0.225000,3.767739,0.754110,3.691501,4.677928,5.367885,0.689957,nan,nan,nan
baseline_fixed_launch,12.7490,-1,0,0.194737,0.285188,3.891726,0.182981,0.208370,1.970046,0.600000,-0.350000,0.225000,3.743338,0.753460,3.666726,4.676433,5.367885,0.691452,nan,nan,nan
baseline_fixed_launch,12.7990,-1,0,0.193500,0.284202,3.885889,0.199455,0.082981,2.116020,0.600000,-0.350000,0.225000,3.737588,0.753296,3.660889,4.668777,5.367885,0.699108,nan,nan,nan
baseline_fixed_launch,12.8490,-1,0,0.194016,0.282082,3.879871,0.174021,0.129150,2.008637,0.600000,-0.350000,0.225000,3.731277,0.751233,3.654871,4.654284,5.367885,0.713601,nan,nan,nan
baseline_fixed_launch,12.9000,-1,0,0.195445,0.284682,3.879401,0.167175,0.201669,1.980106,0.600000,-0.350000,0.225000,3.731103,0.752652,3.654401,4.642168,5.367885,0.725717,nan,nan,nan
baseline_fixed_launch,12.9490,-1,0,0.193319,0.279189,3.857619,0.188593,0.125625,2.004999,0.600000,-0.350000,0.225000,3.709068,0.749178,3.632619,4.635971,5.367885,0.731913,nan,nan,nan
baseline_fixed_launch,13.0000,-1,0,0.191500,0.276981,3.850364,0.174689,0.175770,2.018168,0.600000,-0.350000,0.225000,3.701789,0.748316,3.625364,4.634619,5.367885,0.733266,nan,nan,nan
baseline_fixed_launch,13.0490,-1,0,0.191709,0.277150,3.840937,0.195464,0.098217,2.035236,0.600000,-0.350000,0.225000,3.692563,0.748344,3.615937,4.637213,5.367885,0.730672,nan,nan,nan
baseline_fixed_launch,13.0990,-1,0,0.193274,0.277010,3.846506,0.156243,0.143417,2.000589,0.600000,-0.350000,0.225000,3.697820,0.747374,3.621506,4.632031,5.367885,0.735854,nan,nan,nan
baseline_fixed_launch,13.1490,-1,0,0.189349,0.276310,3.820506,0.158942,0.206614,1.971482,0.600000,-0.350000,0.225000,3.672678,0.748932,3.595506,4.621474,5.367885,0.746411,nan,nan,nan
baseline_fixed_launch,13.1990,-1,0,0.188087,0.274283,3.816801,0.190040,0.129068,2.058908,0.600000,-0.350000,0.225000,3.668847,0.747932,3.591801,4.621983,5.367885,0.745902,nan,nan,nan
baseline_fixed_launch,13.2520,-1,0,0.187471,0.274750,3.805937,0.180277,0.187968,1.976443,0.600000,-0.350000,0.225000,3.658361,0.748661,3.580937,4.604527,5.367885,0.763358,nan,nan,nan
baseline_fixed_launch,13.2990,-1,0,0.188440,0.277968,3.810379,0.185136,0.133038,2.072520,0.600000,-0.350000,0.225000,3.663150,0.750816,3.585379,4.600165,5.367885,0.767720,nan,nan,nan
baseline_fixed_launch,13.3490,-1,0,0.186192,0.272245,3.793096,0.150283,0.143143,1.989237,0.600000,-0.350000,0.225000,3.645509,0.747279,3.568096,4.585830,5.367885,0.782055,nan,nan,nan
baseline_fixed_launch,13.3990,-1,0,0.184699,0.270703,3.785709,0.169529,0.213906,1.948627,0.600000,-0.350000,0.225000,3.638186,0.746825,3.560709,4.586518,5.367885,0.781367,nan,nan,nan
baseline_fixed_launch,13.4490,-1,0,0.185245,0.270898,3.778415,0.181644,0.122841,2.085996,0.600000,-0.350000,0.225000,3.631019,0.746684,3.553415,4.578010,5.367885,0.789875,nan,nan,nan
baseline_fixed_launch,13.4990,-1,0,0.186353,0.272013,3.781703,0.163003,0.177143,1.870763,0.600000,-0.350000,0.225000,3.634300,0.746997,3.556703,4.562203,5.367885,0.805682,nan,nan,nan
baseline_fixed_launch,13.5490,-1,0,0.185364,0.273479,3.770165,0.149981,0.235247,1.910300,0.600000,-0.350000,0.225000,3.623375,0.748765,3.545165,4.564144,5.367885,0.803741,nan,nan,nan
baseline_fixed_launch,13.6020,-1,0,0.184064,0.270744,3.757417,0.171659,0.159100,1.935932,0.600000,-0.350000,0.225000,3.610581,0.747212,3.532417,4.562606,5.367885,0.805279,nan,nan,nan
baseline_fixed_launch,13.6490,-1,0,0.183962,0.272974,3.746058,0.148109,0.246756,1.886629,0.600000,-0.350000,0.225000,3.599866,0.749122,3.521058,4.545695,5.367885,0.822189,nan,nan,nan
baseline_fixed_launch,13.7000,-1,0,0.185586,0.274695,3.749765,0.187350,0.125858,1.972147,0.600000,-0.350000,0.225000,3.603603,0.749655,3.524765,4.542102,5.367885,0.825783,nan,nan,nan
baseline_fixed_launch,13.7490,-1,0,0.185039,0.273340,3.738740,0.148870,0.166955,1.928692,0.600000,-0.350000,0.225000,3.592647,0.748829,3.513740,4.530292,5.367885,0.837593,nan,nan,nan
baseline_fixed_launch,13.8000,-1,0,0.181889,0.274830,3.720613,0.138139,0.264806,1.943486,0.600000,-0.350000,0.225000,3.575547,0.751817,3.495613,4.532855,5.367885,0.835030,nan,nan,nan
baseline_fixed_launch,13.8490,-1,0,0.181608,0.275454,3.718921,0.171177,0.180300,2.027065,0.600000,-0.350000,0.225000,3.574036,0.752492,3.493921,4.534064,5.367885,0.833821,nan,nan,nan
baseline_fixed_launch,13.9000,-1,0,0.182120,0.279862,3.717276,0.156586,0.237418,1.967542,0.600000,-0.350000,0.225000,3.573142,0.755877,3.492276,4.536016,5.367885,0.831869,nan,nan,nan
baseline_fixed_launch,13.9490,-1,0,0.179801,0.280871,3.701920,0.173443,0.144642,1.999717,0.600000,-0.350000,0.225000,3.558586,0.758000,3.476920,4.536193,5.367885,0.831692,nan,nan,nan
baseline_fixed_launch,13.9990,-1,0,0.178486,0.279554,3.695278,0.133592,0.181803,1.948122,0.600000,-0.350000,0.225000,3.552019,0.757636,3.470278,4.527274,5.367885,0.840611,nan,nan,nan
baseline_fixed_launch,14.0490,-1,0,0.177661,0.283217,3.686429,0.153728,0.253676,1.910330,0.600000,-0.350000,0.225000,3.544126,0.761140,3.461429,4.507840,5.367885,0.860045,nan,nan,nan
baseline_fixed_launch,14.1000,-1,0,0.179251,0.284162,3.693254,0.170270,0.155997,1.966842,0.600000,-0.350000,0.225000,3.550771,0.761046,3.468254,4.509448,5.367885,0.858437,nan,nan,nan
baseline_fixed_launch,14.1500,-1,0,0.176616,0.283821,3.679840,0.162707,0.220742,1.933653,0.600000,-0.350000,0.225000,3.537924,0.762223,3.454840,4.497576,5.367885,0.870309,nan,nan,nan
baseline_fixed_launch,14.1990,-1,0,0.174529,0.285338,3.671542,0.149707,0.176622,2.020342,0.600000,-0.350000,0.225000,3.530344,0.764644,3.446542,4.491546,5.367885,0.876339,nan,nan,nan
baseline_fixed_launch,14.2490,-1,0,0.173893,0.285139,3.669446,0.144664,0.180918,1.950012,0.600000,-0.350000,0.225000,3.528339,0.764833,3.444446,4.487444,5.367885,0.880441,nan,nan,nan
baseline_fixed_launch,14.2990,-1,0,0.173177,0.289275,3.666410,0.146639,0.201106,1.890998,0.600000,-0.350000,0.225000,3.526209,0.768668,3.441410,4.478977,5.367885,0.888908,nan,nan,nan
baseline_fixed_launch,14.3490,-1,0,0.172412,0.292275,3.662430,0.220798,0.384715,2.137611,0.600000,-0.350000,0.225000,3.522964,0.771588,3.437430,4.490056,5.367885,0.877829,nan,nan,nan
baseline_fixed_launch,14.3990,-1,0,0.173274,0.303387,3.653056,0.198620,0.478987,1.964399,0.600000,-0.350000,0.225000,3.515762,0.780391,3.428056,4.472753,5.367885,0.895132,nan,nan,nan
baseline_fixed_launch,14.4510,-1,0,0.177895,0.317622,3.640511,0.255842,0.322219,1.818778,0.600000,-0.350000,0.225000,3.505653,0.789869,3.415511,4.463949,5.367885,0.903936,nan,nan,nan
baseline_fixed_launch,14.4990,-1,0,0.183522,0.323880,3.633087,0.285855,0.286007,1.554013,0.600000,-0.350000,0.225000,3.498946,0.792192,3.408087,4.460070,5.367885,0.907815,nan,nan,nan
baseline_fixed_launch,14.5500,-1,0,0.188599,0.323894,3.592650,0.311296,0.286444,1.446456,0.600000,-0.350000,0.225000,3.458967,0.789547,3.367650,4.443293,5.367885,0.924592,nan,nan,nan
baseline_fixed_launch,14.6010,-1,0,0.189856,0.322343,3.567565,0.188446,0.237212,1.677512,0.600000,-0.350000,0.225000,3.434094,0.787568,3.342565,4.428051,5.367885,0.939834,nan,nan,nan
baseline_fixed_launch,14.6490,-1,0,0.190278,0.319503,3.560242,0.221298,0.129229,1.911168,0.600000,-0.350000,0.225000,3.426360,0.784924,3.335242,4.422314,5.367885,0.945571,nan,nan,nan
baseline_fixed_launch,14.6990,-1,0,0.196076,0.320384,3.554033,0.262413,0.281563,1.771232,0.600000,-0.350000,0.225000,3.419800,0.782668,3.329033,4.440154,5.367885,0.927731,nan,nan,nan
baseline_fixed_launch,14.7490,-1,0,0.196629,0.322007,3.533822,0.263721,0.451653,1.760128,0.600000,-0.350000,0.225000,3.400383,0.783774,3.308822,4.427804,5.367885,0.940081,nan,nan,nan
baseline_fixed_launch,14.7990,-1,0,0.197817,0.328312,3.519312,0.294917,0.459032,1.528723,0.600000,-0.350000,0.225000,3.387381,0.788580,3.294312,4.410856,5.367885,0.957029,nan,nan,nan
baseline_fixed_launch,14.8490,-1,0,0.202005,0.344232,3.492232,0.257158,0.533380,1.407280,0.600000,-0.350000,0.225000,3.363802,0.800224,3.267232,4.409290,5.367885,0.958595,nan,nan,nan
baseline_fixed_launch,14.8990,-1,0,0.205824,0.357968,3.476167,0.263602,0.618966,1.460886,0.600000,-0.350000,0.225000,3.350624,0.810305,3.251167,4.401879,5.367885,0.966006,nan,nan,nan
baseline_fixed_launch,14.9490,-1,0,0.206522,0.375591,3.443054,0.300434,0.684547,1.363361,0.600000,-0.350000,0.225000,3.322225,0.825413,3.218054,4.387754,5.367885,0.980131,nan,nan,nan
baseline_fixed_launch,14.9990,-1,0,0.208732,0.389207,3.417135,0.302031,0.704726,1.328246,0.600000,-0.350000,0.225000,3.299885,0.836372,3.192135,4.370071,5.367885,0.997814,nan,nan,nan
baseline_fixed_launch,15.0490,-1,0,0.215223,0.420484,3.383706,0.309592,0.855823,1.371276,0.600000,-0.350000,0.225000,3.274007,0.861219,3.158706,4.356042,5.367885,1.011843,nan,nan,nan
baseline_fixed_launch,15.0990,-1,0,0.221814,0.444768,3.367293,0.372467,0.859789,1.387904,0.600000,-0.350000,0.225000,3.263233,0.880159,3.142293,4.354437,5.367885,1.013448,nan,nan,nan
baseline_fixed_launch,15.1490,-1,0,0.227289,0.465890,3.350044,0.383320,0.912987,1.305768,0.600000,-0.350000,0.225000,3.251229,0.896989,3.125044,4.352594,5.367885,1.015291,nan,nan,nan
baseline_fixed_launch,15.1990,-1,0,0.231558,0.493225,3.312367,0.373814,1.020217,1.315808,0.600000,-0.350000,0.225000,3.221585,0.920205,3.087367,4.339513,5.367885,1.028372,nan,nan,nan
baseline_fixed_launch,15.2490,-1,0,0.242313,0.533567,3.281368,0.417671,1.062499,1.334491,0.600000,-0.350000,0.225000,3.201564,0.953222,3.056368,4.327296,5.367885,1.040589,nan,nan,nan
baseline_fixed_launch,15.2990,-1,0,0.251405,0.564715,3.264733,0.412135,1.197406,1.395775,0.600000,-0.350000,0.225000,3.193462,0.978888,3.039733,4.315684,5.367885,1.052201,nan,nan,nan
baseline_fixed_launch,15.3490,-1,0,0.258101,0.592572,3.248160,0.453955,1.217380,1.291934,0.600000,-0.350000,0.225000,3.185095,1.002665,3.023160,4.295697,5.367885,1.072188,nan,nan,nan
baseline_fixed_launch,15.3990,-1,0,0.265367,0.621401,3.210645,0.482015,1.252123,1.255715,0.600000,-0.350000,0.225000,3.157480,1.027423,2.985645,4.288471,5.367885,1.079414,nan,nan,nan
baseline_fixed_launch,15.4500,-1,0,0.272783,0.649843,3.199581,0.455368,1.374644,1.333369,0.600000,-0.350000,0.225000,3.155137,1.052025,2.974581,4.277248,5.367885,1.090637,nan,nan,nan
baseline_fixed_launch,15.4990,-1,0,0.288963,0.704901,3.170421,0.500792,1.420067,1.327889,0.600000,-0.350000,0.225000,3.144052,1.099800,2.945421,4.262107,5.367885,1.105778,nan,nan,nan
baseline_fixed_launch,15.5490,-1,0,0.297440,0.734755,3.156150,0.503071,1.494056,1.381593,0.600000,-0.350000,0.225000,3.140044,1.126160,2.931150,4.257964,5.367885,1.109921,nan,nan,nan
baseline_fixed_launch,15.5990,-1,0,0.303473,0.768230,3.124065,0.537863,1.541789,1.285826,0.600000,-0.350000,0.225000,3.121369,1.156878,2.899065,4.250771,5.367885,1.117114,nan,nan,nan
baseline_fixed_launch,15.6500,-1,0,0.317737,0.818884,3.102786,0.570386,1.600433,1.361697,0.600000,-0.350000,0.225000,3.118912,1.202481,2.877786,4.251990,5.367885,1.115895,nan,nan,nan
baseline_fixed_launch,15.6990,-1,0,0.328617,0.859488,3.094313,0.540165,1.690492,1.346099,0.600000,-0.350000,0.225000,3.125614,1.239560,2.869313,4.258412,5.367885,1.109473,nan,nan,nan
baseline_fixed_launch,15.7500,-1,0,0.339161,0.898777,3.077241,0.580396,1.712523,1.326926,0.600000,-0.350000,0.225000,3.124541,1.275727,2.852241,4.230675,5.367885,1.137210,nan,nan,nan
baseline_fixed_launch,15.7990,-1,0,0.345286,0.921445,3.057704,0.580844,1.775888,1.383499,0.600000,-0.350000,0.225000,3.115392,1.296708,2.832704,4.220631,5.367885,1.147254,nan,nan,nan
baseline_fixed_launch,15.8490,-1,0,0.353107,0.953296,3.051370,0.585218,1.805747,1.296249,0.600000,-0.350000,0.225000,3.122163,1.326475,2.826370,4.217060,5.367885,1.150825,nan,nan,nan
baseline_fixed_launch,15.8990,-1,0,0.372101,1.014950,3.030872,0.626325,1.848430,1.391806,0.600000,-0.350000,0.225000,3.128569,1.383845,2.805872,4.218922,5.367885,1.148963,nan,nan,nan
baseline_fixed_launch,15.9490,-1,0,0.380389,1.051700,3.020674,0.578676,1.844170,1.473637,0.600000,-0.350000,0.225000,3.135089,1.418800,2.795674,4.214292,5.367885,1.153593,nan,nan,nan
baseline_fixed_launch,16.0000,-1,0,0.380990,1.063302,3.010200,0.529659,1.530089,1.599594,0.600000,-0.350000,0.225000,3.130930,1.430170,2.785200,4.222533,5.367885,1.145352,nan,nan,nan
baseline_fixed_launch,16.0490,-1,0,0.388426,1.085345,3.004284,0.518038,1.483174,1.399388,0.600000,-0.350000,0.225000,3.135187,1.450855,2.779284,4.226847,5.367885,1.141038,nan,nan,nan
baseline_fixed_launch,16.0990,-1,0,0.394457,1.106388,2.995792,0.501632,1.464735,1.218482,0.600000,-0.350000,0.225000,3.136973,1.470820,2.770792,4.213099,5.367885,1.154786,nan,nan,nan
baseline_fixed_launch,16.1490,-1,0,0.397389,1.116240,2.984126,0.498371,1.507084,1.190418,0.600000,-0.350000,0.225000,3.131084,1.480172,2.759126,4.215482,5.367885,1.152403,nan,nan,nan
baseline_fixed_launch,16.1990,-1,0,0.396615,1.115577,2.949327,0.550790,1.600718,1.363624,0.600000,-0.350000,0.225000,3.100200,1.479622,2.724327,4.198320,5.367885,1.169565,nan,nan,nan
baseline_fixed_launch,16.2490,-1,0,0.401414,1.137601,2.945690,0.474635,1.644325,1.518907,0.600000,-0.350000,0.225000,3.107177,1.500797,2.720690,4.183556,5.367885,1.184329,nan,nan,nan
baseline_fixed_launch,16.2990,-1,0,0.405794,1.153816,2.948066,0.485728,1.421090,1.524489,0.600000,-0.350000,0.225000,3.116772,1.516305,2.723066,4.190947,5.367885,1.176938,nan,nan,nan
baseline_fixed_launch,16.3490,-1,0,0.408294,1.159602,2.949652,0.509644,1.401611,1.468417,0.600000,-0.350000,0.225000,3.120798,1.521726,2.724652,4.187892,5.367885,1.179993,nan,nan,nan
baseline_fixed_launch,16.3990,-1,0,0.406804,1.146058,2.939329,0.516361,1.179868,1.473873,0.600000,-0.350000,0.225000,3.105334,1.508481,2.714329,4.196022,5.367885,1.171863,nan,nan,nan
baseline_fixed_launch,16.4490,-1,0,0.409789,1.140464,2.939242,0.541404,1.160319,1.415861,0.600000,-0.350000,0.225000,3.102381,1.502552,2.714242,4.189975,5.367885,1.177910,nan,nan,nan
baseline_fixed_launch,16.5000,-1,0,0.421274,1.147209,2.934888,0.535373,1.234366,1.436882,0.600000,-0.350000,0.225000,3.101141,1.507839,2.709888,4.201395,5.367885,1.166490,nan,nan,nan
baseline_fixed_launch,16.5490,-1,0,0.426416,1.136262,2.935194,0.565125,1.080337,1.497572,0.600000,-0.350000,0.225000,3.095845,1.496364,2.710194,4.184182,5.367885,1.183703,nan,nan,nan
baseline_fixed_launch,16.5990,-1,0,0.427026,1.123510,2.923908,0.542307,1.104918,1.460379,0.600000,-0.350000,0.225000,3.079814,1.483628,2.698908,4.187261,5.367885,1.180624,nan,nan,nan
baseline_fixed_launch,16.6490,-1,0,0.430273,1.119087,2.923254,0.538302,1.089731,1.493593,0.600000,-0.350000,0.225000,3.076946,1.478859,2.698254,4.181218,5.367885,1.186667,nan,nan,nan
baseline_fixed_launch,16.6990,-1,0,0.440735,1.117569,2.921460,0.510794,1.015417,1.514247,0.600000,-0.350000,0.225000,3.074089,1.476185,2.696460,4.164990,5.367885,1.202895,nan,nan,nan
baseline_fixed_launch,16.7490,-1,0,0.444559,1.111755,2.920134,0.493049,1.062589,1.476045,0.600000,-0.350000,0.225000,3.069957,1.469996,2.695134,4.160289,5.367885,1.207596,nan,nan,nan
baseline_fixed_launch,16.7990,-1,0,0.443230,1.096801,2.910708,0.526391,0.923760,1.559799,0.600000,-0.350000,0.225000,3.054642,1.455270,2.685708,4.152737,5.367885,1.215148,nan,nan,nan
baseline_fixed_launch,16.8490,-1,0,0.445582,1.084826,2.906446,0.498961,0.962688,1.532293,0.600000,-0.350000,0.225000,3.045115,1.443112,2.681446,4.156796,5.367885,1.211089,nan,nan,nan
baseline_fixed_launch,16.8990,-1,0,0.449831,1.085643,2.902907,0.500319,0.885121,1.586658,0.600000,-0.350000,0.225000,3.042171,1.443475,2.677907,4.141479,5.367885,1.226405,nan,nan,nan
baseline_fixed_launch,16.9490,-1,0,0.453895,1.082079,2.908943,0.498750,0.840309,1.545767,0.600000,-0.350000,0.225000,3.045611,1.439513,2.683943,4.139013,5.367885,1.228872,nan,nan,nan
baseline_fixed_launch,17.0000,-1,0,0.447375,1.059165,2.892833,0.473343,0.885478,1.503732,0.600000,-0.350000,0.225000,3.020988,1.417406,2.667833,4.140592,5.367885,1.227293,nan,nan,nan
baseline_fixed_launch,17.0490,-1,0,0.446664,1.045766,2.895863,0.473387,0.757001,1.619032,0.600000,-0.350000,0.225000,3.017480,1.404163,2.670863,4.130217,5.367885,1.237668,nan,nan,nan
baseline_fixed_launch,17.0990,-1,0,0.448568,1.042510,2.894000,0.430730,0.784458,1.480852,0.600000,-0.350000,0.225000,3.014228,1.400719,2.669000,4.127867,5.367885,1.240018,nan,nan,nan
baseline_fixed_launch,17.1490,-1,0,0.449994,1.040299,2.898059,0.413404,0.832367,1.525226,0.600000,-0.350000,0.225000,3.016733,1.398368,2.673059,4.123639,5.367885,1.244246,nan,nan,nan
baseline_fixed_launch,17.1990,-1,0,0.442750,1.014717,2.887970,0.435189,0.684058,1.580245,0.600000,-0.350000,0.225000,2.996429,1.373747,2.662970,4.133306,5.367885,1.234579,nan,nan,nan
baseline_fixed_launch,17.2500,-1,0,0.439337,0.998816,2.890151,0.411314,0.695432,1.509860,0.600000,-0.350000,0.225000,2.991345,1.358350,2.665151,4.144646,5.367885,1.223239,nan,nan,nan
baseline_fixed_launch,17.2990,-1,0,0.441322,0.996846,2.891337,0.470057,0.815609,1.751982,0.600000,-0.350000,0.225000,2.991408,1.356161,2.666337,4.143024,5.367885,1.224861,nan,nan,nan
baseline_fixed_launch,17.3490,-1,0,0.443113,0.995893,2.903787,0.452301,0.924424,1.650253,0.600000,-0.350000,0.225000,3.001989,1.355006,2.678787,4.135923,5.367885,1.231962,nan,nan,nan
baseline_fixed_launch,17.3990,-1,0,0.440578,0.989797,2.890645,0.501266,0.774117,1.468466,0.600000,-0.350000,0.225000,2.987664,1.349248,2.665645,4.132421,5.367885,1.235464,nan,nan,nan
baseline_fixed_launch,17.4490,-1,0,0.441698,0.984200,2.885557,0.511948,0.700698,1.418911,0.600000,-0.350000,0.225000,2.980556,1.343558,2.660557,4.131946,5.367885,1.235938,nan,nan,nan
baseline_fixed_launch,17.4990,-1,0,0.450476,0.980320,2.863710,0.532419,0.657452,1.137257,0.600000,-0.350000,0.225000,2.958868,1.338697,2.638710,4.129165,5.367885,1.238720,nan,nan,nan
baseline_fixed_launch,17.5490,-1,0,0.453501,0.968750,2.845314,0.464395,0.614406,1.219584,0.600000,-0.350000,0.225000,2.937108,1.326862,2.620314,4.122061,5.367885,1.245824,nan,nan,nan
baseline_fixed_launch,17.5990,-1,0,0.448477,0.946039,2.827379,0.443871,0.500079,1.578290,0.600000,-0.350000,0.225000,2.911195,1.304866,2.602379,4.116448,5.367885,1.251437,nan,nan,nan
baseline_fixed_launch,17.6500,-1,0,0.449434,0.930453,2.828671,0.477935,0.609844,1.473638,0.600000,-0.350000,0.225000,2.905397,1.289275,2.603671,4.115835,5.367885,1.252050,nan,nan,nan
baseline_fixed_launch,17.6990,-1,0,0.453207,0.927333,2.821082,0.455674,0.665133,1.390623,0.600000,-0.350000,0.225000,2.897027,1.285740,2.596082,4.113371,5.367885,1.254514,nan,nan,nan
baseline_fixed_launch,17.7490,-1,0,0.456712,0.928241,2.819440,0.484056,0.767991,1.366603,0.600000,-0.350000,0.225000,2.895782,1.286247,2.594440,4.116634,5.367885,1.251251,nan,nan,nan
baseline_fixed_launch,17.7990,-1,0,0.453618,0.919211,2.793361,0.455300,0.819467,1.210804,0.600000,-0.350000,0.225000,2.868589,1.277625,2.568361,4.115955,5.367885,1.251930,nan,nan,nan
baseline_fixed_launch,17.8490,-1,0,0.453293,0.919819,2.778393,0.427034,0.822649,1.068401,0.600000,-0.350000,0.225000,2.855482,1.278266,2.553393,4.117538,5.367885,1.250347,nan,nan,nan
baseline_fixed_launch,17.8990,-1,0,0.457351,0.934769,2.757246,0.431562,0.929367,1.145442,0.600000,-0.350000,0.225000,2.843106,1.292664,2.532246,4.114716,5.367885,1.253169,nan,nan,nan
baseline_fixed_launch,17.9490,-1,0,0.458886,0.944444,2.740547,0.462125,0.955686,1.125111,0.600000,-0.350000,0.225000,2.832574,1.302113,2.515547,4.105931,5.367885,1.261954,nan,nan,nan
baseline_fixed_launch,17.9990,-1,0,0.456331,0.945365,2.715387,0.453583,1.039784,1.190978,0.600000,-0.350000,0.225000,2.810807,1.303308,2.490387,4.090319,5.367885,1.277566,nan,nan,nan
baseline_fixed_launch,18.0510,-1,0,0.457640,0.962760,2.697777,0.499145,1.050411,1.181882,0.600000,-0.350000,0.225000,2.803254,1.320456,2.472777,4.077272,5.367885,1.290613,nan,nan,nan
baseline_fixed_launch,18.1000,-1,0,0.462673,0.979840,2.680160,0.500628,1.063932,1.061859,0.600000,-0.350000,0.225000,2.795558,1.336912,2.455160,4.074002,5.367885,1.293883,nan,nan,nan
baseline_fixed_launch,18.1490,-1,0,0.465526,0.999551,2.665580,0.484799,1.209053,1.169351,0.600000,-0.350000,0.225000,2.792096,1.356234,2.440580,4.069558,5.367885,1.298327,nan,nan,nan
baseline_fixed_launch,18.1990,-1,0,0.464324,1.006228,2.645674,0.536800,1.178041,1.100465,0.600000,-0.350000,0.225000,2.778026,1.362998,2.420674,4.064572,5.367885,1.303313,nan,nan,nan
baseline_fixed_launch,18.2490,-1,0,0.466389,1.019090,2.630960,0.545151,1.227465,1.081451,0.600000,-0.350000,0.225000,2.771444,1.375594,2.405960,4.067642,5.367885,1.300243,nan,nan,nan
baseline_fixed_launch,18.3000,-1,0,0.474594,1.054866,2.611992,0.538606,1.269150,1.071087,0.600000,-0.350000,0.225000,2.772563,1.410452,2.386992,4.064570,5.367885,1.303315,nan,nan,nan
baseline_fixed_launch,18.3520,-1,0,0.482483,1.082789,2.599551,0.560338,1.284502,1.041645,0.600000,-0.350000,0.225000,2.775822,1.437600,2.374551,4.062112,5.367885,1.305773,nan,nan,nan
baseline_fixed_launch,18.3990,-1,0,0.481136,1.092322,2.578572,0.524128,1.418781,1.130593,0.600000,-0.350000,0.225000,2.762920,1.447212,2.353572,4.059132,5.367885,1.308753,nan,nan,nan
baseline_fixed_launch,18.4500,-1,0,0.485338,1.116274,2.566055,0.564357,1.423149,1.140695,0.600000,-0.350000,0.225000,2.764715,1.470751,2.341055,4.064182,5.367885,1.303703,nan,nan,nan
baseline_fixed_launch,18.4990,-1,0,0.491978,1.140498,2.553423,0.574721,1.460472,1.158172,0.600000,-0.350000,0.225000,2.766732,1.494407,2.328423,4.070998,5.367885,1.296887,nan,nan,nan
baseline_fixed_launch,18.5500,-1,0,0.498651,1.173109,2.544035,0.572136,1.493982,1.083973,0.600000,-0.350000,0.225000,2.776339,1.526478,2.319035,4.062177,5.367885,1.305708,nan,nan,nan
baseline_fixed_launch,18.5990,-1,0,0.498151,1.179694,2.526506,0.575502,1.516077,1.103067,0.600000,-0.350000,0.225000,2.765370,1.533081,2.301506,4.067542,5.367885,1.300343,nan,nan,nan
baseline_fixed_launch,18.6490,-1,0,0.500760,1.193991,2.514257,0.564832,1.591117,1.178928,0.600000,-0.350000,0.225000,2.763052,1.547177,2.289257,4.072724,5.367885,1.295161,nan,nan,nan
baseline_fixed_launch,18.7010,-1,0,0.510233,1.234177,2.501882,0.611678,1.593613,1.172067,0.600000,-0.350000,0.225000,2.775224,1.586719,2.276882,4.067129,5.367885,1.300756,nan,nan,nan
baseline_fixed_launch,18.7490,-1,0,0.518534,1.266065,2.495534,0.573369,1.637357,1.179455,0.600000,-0.350000,0.225000,2.788123,1.618117,2.270534,4.066580,5.367885,1.301305,nan,nan,nan
baseline_fixed_launch,18.7990,-1,0,0.514689,1.269188,2.485050,0.484724,1.486786,1.279663,0.600000,-0.350000,0.225000,2.781524,1.621434,2.260050,4.058983,5.367885,1.308902,nan,nan,nan
baseline_fixed_launch,18.8490,-1,0,0.512562,1.273016,2.485272,0.511441,1.181177,1.217474,0.600000,-0.350000,0.225000,2.784000,1.625370,2.260272,4.041550,5.367885,1.326335,nan,nan,nan
baseline_fixed_launch,18.8990,-1,0,0.514692,1.280524,2.479535,0.476791,1.250801,1.232414,0.600000,-0.350000,0.225000,2.783669,1.632754,2.254535,4.043554,5.367885,1.324331,nan,nan,nan
baseline_fixed_launch,18.9490,-1,0,0.513952,1.282868,2.469215,0.449558,1.155933,0.944416,0.600000,-0.350000,0.225000,2.776719,1.635134,2.244215,4.063380,5.367885,1.304505,nan,nan,nan
baseline_fixed_launch,18.9990,-1,0,0.506551,1.265958,2.449138,0.462930,1.181601,0.923338,0.600000,-0.350000,0.225000,2.750790,1.618658,2.224138,4.069377,5.367885,1.298508,nan,nan,nan
baseline_fixed_launch,19.0490,-1,0,0.501964,1.259462,2.434201,0.466958,1.258781,1.192306,0.600000,-0.350000,0.225000,2.735059,1.612445,2.209201,4.068932,5.367885,1.298953,nan,nan,nan
baseline_fixed_launch,19.0990,-1,0,0.500680,1.266056,2.433040,0.393659,1.209172,1.438418,0.600000,-0.350000,0.225000,2.738054,1.619105,2.208040,4.073717,5.367885,1.294168,nan,nan,nan
baseline_fixed_launch,19.1500,-1,0,0.500991,1.271398,2.439379,0.396423,1.062775,1.256337,0.600000,-0.350000,0.225000,2.746308,1.624418,2.214379,4.067636,5.367885,1.300249,nan,nan,nan
baseline_fixed_launch,19.1990,-1,0,0.488894,1.241956,2.433470,0.408664,0.954607,1.379686,0.600000,-0.350000,0.225000,2.724703,1.595828,2.208470,4.062008,5.367885,1.305877,nan,nan,nan
baseline_fixed_launch,19.2490,-1,0,0.483099,1.213426,2.436288,0.425865,0.785405,1.198574,0.600000,-0.350000,0.225000,2.710676,1.567791,2.211288,4.070583,5.367885,1.297302,nan,nan,nan
baseline_fixed_launch,19.2990,-1,0,0.484248,1.203093,2.435266,0.464265,0.790160,1.201167,0.600000,-0.350000,0.225000,2.703844,1.557400,2.210266,4.073170,5.367885,1.294715,nan,nan,nan
baseline_fixed_launch,19.3490,-1,0,0.488319,1.199438,2.437979,0.445715,0.814475,1.252824,0.600000,-0.350000,0.225000,2.703795,1.553458,2.212979,4.064723,5.367885,1.303161,nan,nan,nan
baseline_fixed_launch,19.4000,-1,0,0.480419,1.152367,2.431179,0.432820,0.679797,1.288237,0.600000,-0.350000,0.225000,2.671822,1.507119,2.206179,4.063890,5.367885,1.303995,nan,nan,nan
baseline_fixed_launch,19.4490,-1,0,0.477955,1.126283,2.430318,0.410365,0.718689,1.254702,0.600000,-0.350000,0.225000,2.656640,1.481319,2.205318,4.054974,5.367885,1.312911,nan,nan,nan
baseline_fixed_launch,19.4990,-1,0,0.479267,1.112340,2.433131,0.436139,0.558050,1.340224,0.600000,-0.350000,0.225000,2.651199,1.467316,2.208131,4.061273,5.367885,1.306612,nan,nan,nan
baseline_fixed_launch,19.5490,-1,0,0.478488,1.089543,2.434872,0.400076,0.567049,1.249440,0.600000,-0.350000,0.225000,2.640186,1.444662,2.209872,4.067104,5.367885,1.300781,nan,nan,nan
baseline_fixed_launch,19.6000,-1,0,0.471106,1.065239,2.427779,0.379276,0.588468,1.298049,0.600000,-0.350000,0.225000,2.621402,1.421097,2.202779,4.064415,5.367885,1.303470,nan,nan,nan
baseline_fixed_launch,19.6490,-1,0,0.465716,1.032000,2.431507,0.369233,0.462463,1.335444,0.600000,-0.350000,0.225000,2.607035,1.388509,2.206507,4.071760,5.367885,1.296125,nan,nan,nan
baseline_fixed_launch,19.7000,-1,0,0.464428,1.018089,2.433241,0.376584,0.475778,1.324685,0.600000,-0.350000,0.225000,2.601226,1.374789,2.208241,4.060504,5.367885,1.307381,nan,nan,nan
baseline_fixed_launch,19.7490,-1,0,0.465423,1.008893,2.438368,0.372385,0.388244,1.424440,0.600000,-0.350000,0.225000,2.600711,1.365540,2.213368,4.050833,5.367885,1.317052,nan,nan,nan
baseline_fixed_launch,19.8000,-1,0,0.453956,0.967933,2.437289,0.325084,0.356087,1.354107,0.600000,-0.350000,0.225000,2.579244,1.326000,2.212289,4.045377,5.367885,1.322508,nan,nan,nan
baseline_fixed_launch,19.8500,-1,0,0.446475,0.935064,2.435490,0.350919,0.369909,1.397271,0.600000,-0.350000,0.225000,2.561489,1.294202,2.210490,4.041708,5.367885,1.326177,nan,nan,nan
baseline_fixed_launch,19.9000,-1,0,0.446737,0.924221,2.443227,0.403863,0.472018,1.490202,0.600000,-0.350000,0.225000,2.562744,1.283405,2.218227,4.027038,5.367885,1.340847,nan,nan,nan
baseline_fixed_launch,19.9490,-1,0,0.449760,0.920715,2.452344,0.378243,0.540391,1.418136,0.600000,-0.350000,0.225000,2.568725,1.279565,2.227344,4.024317,5.367885,1.343568,nan,nan,nan
baseline_fixed_launch,19.9990,-1,0,0.444687,0.899132,2.444604,0.412355,0.382788,1.245690,0.600000,-0.350000,0.225000,2.551685,1.258750,2.219604,4.022718,5.367885,1.345167,nan,nan,nan
baseline_fixed_launch,20.0490,-1,0,0.443722,0.882271,2.434177,0.432862,0.295850,1.086424,0.600000,-0.350000,0.225000,2.534438,1.242141,2.209177,4.033571,5.367885,1.334314,nan,nan,nan
baseline_fixed_launch,20.0990,-1,0,0.448964,0.861051,2.414643,0.455903,0.265963,0.931281,0.600000,-0.350000,0.225000,2.506790,1.220433,2.189643,4.031185,5.367885,1.336700,nan,nan,nan
baseline_fixed_launch,20.1500,-1,0,0.452571,0.850932,2.404335,0.326598,0.194273,1.227429,0.600000,-0.350000,0.225000,2.492684,1.209948,2.179335,4.022572,5.367885,1.345313,nan,nan,nan
baseline_fixed_launch,20.2000,-1,0,0.443974,0.815741,2.397669,0.354851,0.092080,1.405441,0.600000,-0.350000,0.225000,2.470584,1.176136,2.172669,4.029311,5.367885,1.338574,nan,nan,nan
baseline_fixed_launch,20.2490,-1,0,0.440688,0.795621,2.395373,0.380278,0.193557,1.318118,0.600000,-0.350000,0.225000,2.459339,1.156645,2.170373,4.007987,5.367885,1.359898,nan,nan,nan
baseline_fixed_launch,20.3010,-1,0,0.440511,0.774948,2.394448,0.369218,0.336358,1.296749,0.600000,-0.350000,0.225000,2.448970,1.136198,2.169448,4.014823,5.367885,1.353062,nan,nan,nan
baseline_fixed_launch,20.3490,-1,0,0.443278,0.768755,2.389603,0.395022,0.348548,1.100908,0.600000,-0.350000,0.225000,2.441655,1.129679,2.164603,4.025700,5.367885,1.342185,nan,nan,nan
baseline_fixed_launch,20.3990,-1,0,0.437523,0.759216,2.372834,0.344299,0.378816,0.992335,0.600000,-0.350000,0.225000,2.422798,1.121052,2.147834,4.017238,5.367885,1.350647,nan,nan,nan
baseline_fixed_launch,20.4490,-1,0,0.433658,0.754272,2.353255,0.361408,0.409374,1.005598,0.600000,-0.350000,0.225000,2.403447,1.116731,2.128255,3.999236,5.367885,1.368649,nan,nan,nan
baseline_fixed_launch,20.5000,-1,0,0.431940,0.758672,2.336509,0.357663,0.487880,0.962035,0.600000,-0.350000,0.225000,2.390788,1.121338,2.111509,3.987471,5.367885,1.380413,nan,nan,nan
baseline_fixed_launch,20.5490,-1,0,0.434806,0.766118,2.325203,0.345786,0.501142,0.932125,0.600000,-0.350000,0.225000,2.384085,1.128277,2.100203,3.982376,5.367885,1.385509,nan,nan,nan
baseline_fixed_launch,20.6000,-1,0,0.428082,0.765066,2.307027,0.338039,0.620634,1.011053,0.600000,-0.350000,0.225000,2.368072,1.128241,2.082027,3.988232,5.367885,1.379653,nan,nan,nan
baseline_fixed_launch,20.6490,-1,0,0.425018,0.768723,2.289240,0.378526,0.610949,1.030308,0.600000,-0.350000,0.225000,2.354410,1.132325,2.064240,3.997421,5.367885,1.370464,nan,nan,nan
baseline_fixed_launch,20.6990,-1,0,0.426785,0.782504,2.271878,0.367458,0.687626,1.034043,0.600000,-0.350000,0.225000,2.345694,1.145674,2.046878,3.991508,5.367885,1.376377,nan,nan,nan
baseline_fixed_launch,20.7490,-1,0,0.429771,0.798611,2.262312,0.366926,0.717476,0.951739,0.600000,-0.350000,0.225000,2.344979,1.161157,2.037312,3.987190,5.367885,1.380695,nan,nan,nan
baseline_fixed_launch,20.7990,-1,0,0.425824,0.801948,2.244065,0.380988,0.724699,0.925900,0.600000,-0.350000,0.225000,2.331082,1.165042,2.019065,3.988561,5.367885,1.379324,nan,nan,nan
baseline_fixed_launch,20.8490,-1,0,0.425065,0.815197,2.222058,0.380833,0.813692,1.028937,0.600000,-0.350000,0.225000,2.318733,1.178255,1.997058,3.980701,5.367885,1.387184,nan,nan,nan
baseline_fixed_launch,20.8990,-1,0,0.427973,0.829745,2.215196,0.425675,0.816647,1.007020,0.600000,-0.350000,0.225000,2.319973,1.192222,1.990196,3.989348,5.367885,1.378537,nan,nan,nan
baseline_fixed_launch,20.9490,-1,0,0.433385,0.847670,2.204014,0.428314,0.851830,0.933450,0.600000,-0.350000,0.225000,2.319196,1.209204,1.979014,3.993175,5.367885,1.374710,nan,nan,nan
baseline_fixed_launch,20.9990,-1,0,0.429698,0.855753,2.190270,0.399415,0.921686,0.959148,0.600000,-0.350000,0.225000,2.311953,1.217720,1.965270,4.003237,5.367885,1.364648,nan,nan,nan
baseline_fixed_launch,21.0500,-1,0,0.430443,0.871778,2.170718,0.420827,0.924100,0.909344,0.600000,-0.350000,0.225000,2.303760,1.233487,1.945718,3.997753,5.367885,1.370132,nan,nan,nan
baseline_fixed_launch,21.1000,-1,0,0.434070,0.888832,2.166915,0.410022,1.029551,1.065525,0.600000,-0.350000,0.225000,2.309388,1.249895,1.941915,3.998240,5.367885,1.369645,nan,nan,nan
baseline_fixed_launch,21.1490,-1,0,0.439296,0.911426,2.159118,0.443844,1.033229,0.967899,0.600000,-0.350000,0.225000,2.314699,1.271621,1.934118,3.994043,5.367885,1.373842,nan,nan,nan
baseline_fixed_launch,21.1990,-1,0,0.437565,0.919160,2.148192,0.438377,1.079362,1.024037,0.600000,-0.350000,0.225000,2.309939,1.279512,1.923192,4.001709,5.367885,1.366176,nan,nan,nan
baseline_fixed_launch,21.2490,-1,0,0.436515,0.927632,2.140105,0.349199,0.975627,1.185445,0.600000,-0.350000,0.225000,2.307964,1.288049,1.915105,4.001201,5.367885,1.366684,nan,nan,nan
baseline_fixed_launch,21.2990,-1,0,0.434831,0.935047,2.146267,0.354453,0.660540,1.160061,0.600000,-0.350000,0.225000,2.317304,1.295619,1.921267,3.982552,5.367885,1.385333,nan,nan,nan
baseline_fixed_launch,21.3490,-1,0,0.435176,0.936365,2.142128,0.309632,0.696930,1.076094,0.600000,-0.350000,0.225000,2.314580,1.296882,1.917128,3.995456,5.367885,1.372428,nan,nan,nan
baseline_fixed_launch,21.3990,-1,0,0.425742,0.918139,2.134688,0.295860,0.587517,0.831083,0.600000,-0.350000,0.225000,2.299011,1.280056,1.909688,4.003497,5.367885,1.364388,nan,nan,nan
baseline_fixed_launch,21.4490,-1,0,0.419017,0.904933,2.116224,0.293995,0.637859,0.834620,0.600000,-0.350000,0.225000,2.276914,1.267916,1.891224,4.004126,5.367885,1.363759,nan,nan,nan
baseline_fixed_launch,21.5000,-1,0,0.414544,0.898109,2.104728,0.318170,0.737480,1.120666,0.600000,-0.350000,0.225000,2.263967,1.261812,1.879728,4.011668,5.367885,1.356217,nan,nan,nan
baseline_fixed_launch,21.5490,-1,0,0.413349,0.902058,2.105325,0.260864,0.749339,1.265334,0.600000,-0.350000,0.225000,2.266740,1.265894,1.880325,4.016905,5.367885,1.350980,nan,nan,nan
baseline_fixed_launch,21.6010,-1,0,0.401247,0.882806,2.113385,0.252003,0.500512,1.140697,0.600000,-0.350000,0.225000,2.263915,1.248725,1.888385,4.023339,5.367885,1.344546,nan,nan,nan
baseline_fixed_launch,21.6490,-1,0,0.395111,0.868520,2.108565,0.272853,0.500571,1.189544,0.600000,-0.350000,0.225000,2.252685,1.235626,1.883565,4.017018,5.367885,1.350867,nan,nan,nan
baseline_fixed_launch,21.6990,-1,0,0.389956,0.845835,2.119783,0.285353,0.247568,1.135588,0.600000,-0.350000,0.225000,2.250409,1.214142,1.894783,4.030186,5.367885,1.337699,nan,nan,nan
baseline_fixed_launch,21.7490,-1,0,0.390404,0.834062,2.118656,0.295948,0.280393,1.141739,0.600000,-0.350000,0.225000,2.243182,1.202470,1.893656,4.039432,5.367885,1.328453,nan,nan,nan
baseline_fixed_launch,21.8000,-1,0,0.385782,0.806642,2.119015,0.304148,0.247531,1.199120,0.600000,-0.350000,0.225000,2.229575,1.176312,1.894015,4.038317,5.367885,1.329568,nan,nan,nan
baseline_fixed_launch,21.8490,-1,0,0.382333,0.769496,2.119407,0.271896,0.138865,1.245276,0.600000,-0.350000,0.225000,2.211206,1.140461,1.894407,4.028552,5.367885,1.339333,nan,nan,nan
baseline_fixed_launch,21.8990,-1,0,0.381648,0.751638,2.127110,0.288101,0.163518,1.215229,0.600000,-0.350000,0.225000,2.208915,1.123069,1.902110,4.018482,5.367885,1.349403,nan,nan,nan
baseline_fixed_launch,21.9520,-1,0,0.383588,0.730072,2.136167,0.283651,0.035948,1.311323,0.600000,-0.350000,0.225000,2.205889,1.101539,1.911167,4.019553,5.367885,1.348332,nan,nan,nan
baseline_fixed_launch,21.9990,-1,0,0.376287,0.702693,2.138921,0.229610,0.041081,1.235534,0.600000,-0.350000,0.225000,2.195747,1.076202,1.913921,4.019235,5.367885,1.348650,nan,nan,nan
baseline_fixed_launch,22.0490,-1,0,0.370868,0.680126,2.134767,0.236728,0.085850,1.237206,0.600000,-0.350000,0.225000,2.181942,1.055302,1.909767,4.018448,5.367885,1.349437,nan,nan,nan
baseline_fixed_launch,22.0990,-1,0,0.366451,0.646595,2.149097,0.240910,-0.082655,1.307330,0.600000,-0.350000,0.225000,2.179426,1.023595,1.924097,4.005378,5.367885,1.362507,nan,nan,nan
baseline_fixed_launch,22.1490,-1,0,0.364831,0.628223,2.151898,0.211043,-0.063297,1.277820,0.600000,-0.350000,0.225000,2.173743,1.006094,1.926898,4.014514,5.367885,1.353371,nan,nan,nan
baseline_fixed_launch,22.1990,-1,0,0.356221,0.598773,2.158583,0.204423,-0.142355,1.455251,0.600000,-0.350000,0.225000,2.167566,0.979591,1.933583,4.020785,5.367885,1.347100,nan,nan,nan
baseline_fixed_launch,22.2490,-1,0,0.350287,0.574881,2.161013,0.183245,-0.134418,1.344752,0.600000,-0.350000,0.225000,2.160071,0.957998,1.936013,4.027982,5.367885,1.339903,nan,nan,nan
baseline_fixed_launch,22.3000,-1,0,0.342782,0.542764,2.172884,0.189856,-0.145808,1.312253,0.600000,-0.350000,0.225000,2.158111,0.929080,1.947884,4.008772,5.367885,1.359113,nan,nan,nan
baseline_fixed_launch,22.3490,-1,0,0.342246,0.523919,2.188502,0.242159,-0.033605,1.466879,0.600000,-0.350000,0.225000,2.164604,0.911137,1.963502,3.996390,5.367885,1.371495,nan,nan,nan
baseline_fixed_launch,22.3990,-1,0,0.336242,0.510959,2.193244,0.216636,0.034025,1.383014,0.600000,-0.350000,0.225000,2.164440,0.900455,1.968244,3.980847,5.367885,1.387038,nan,nan,nan
baseline_fixed_launch,22.4490,-1,0,0.331857,0.490346,2.188224,0.253292,-0.149806,1.258119,0.600000,-0.350000,0.225000,2.152285,0.882090,1.963224,3.979429,5.367885,1.388456,nan,nan,nan
baseline_fixed_launch,22.4990,-1,0,0.332560,0.475457,2.188359,0.280636,-0.200512,0.979643,0.600000,-0.350000,0.225000,2.146551,0.867700,1.963359,3.966652,5.367885,1.401233,nan,nan,nan
baseline_fixed_launch,22.5490,-1,0,0.335602,0.460791,2.175781,0.274527,-0.204156,0.915649,0.600000,-0.350000,0.225000,2.129046,0.852812,1.950781,3.956763,5.367885,1.411122,nan,nan,nan
baseline_fixed_launch,22.5990,-1,0,0.330744,0.432935,2.158686,0.146540,-0.290764,1.168404,0.600000,-0.350000,0.225000,2.103480,0.827941,1.933686,3.974804,5.367885,1.393081,nan,nan,nan
baseline_fixed_launch,22.6520,-1,0,0.322807,0.395317,2.155885,0.192085,-0.285560,1.459651,0.600000,-0.350000,0.225000,2.088216,0.795193,1.930885,3.984562,5.367885,1.383323,nan,nan,nan
baseline_fixed_launch,22.6990,-1,0,0.321358,0.377605,2.164800,0.197884,-0.247819,1.289761,0.600000,-0.350000,0.225000,2.090425,0.779134,1.939800,3.984070,5.367885,1.383815,nan,nan,nan
baseline_fixed_launch,22.7490,-1,0,0.320901,0.362861,2.166421,0.191824,-0.096421,1.318937,0.600000,-0.350000,0.225000,2.086908,0.765550,1.941421,3.992241,5.367885,1.375644,nan,nan,nan
baseline_fixed_launch,22.7990,-1,0,0.316105,0.349262,2.163526,0.198011,-0.079351,1.113788,0.600000,-0.350000,0.225000,2.080252,0.754694,1.938526,3.991578,5.367885,1.376307,nan,nan,nan
baseline_fixed_launch,22.8490,-1,0,0.312427,0.342692,2.152077,0.167130,-0.075233,1.063044,0.600000,-0.350000,0.225000,2.067884,0.750013,1.927077,3.999186,5.367885,1.368699,nan,nan,nan
baseline_fixed_launch,22.8990,-1,0,0.308344,0.336128,2.140618,0.140510,0.019596,1.070163,0.600000,-0.350000,0.225000,2.055584,0.745543,1.915618,3.996879,5.367885,1.371006,nan,nan,nan
baseline_fixed_launch,22.9500,-1,0,0.305796,0.336706,2.128881,0.148864,0.030819,0.954981,0.600000,-0.350000,0.225000,2.045210,0.747075,1.903881,4.006186,5.367885,1.361699,nan,nan,nan
baseline_fixed_launch,22.9990,-1,0,0.301254,0.334691,2.120287,0.167638,0.052939,0.925452,0.600000,-0.350000,0.225000,2.037195,0.747028,1.895287,4.011181,5.367885,1.356704,nan,nan,nan
baseline_fixed_launch,23.0490,-1,0,0.297394,0.335126,2.108891,0.167937,0.127249,1.062463,0.600000,-0.350000,0.225000,2.027316,0.748978,1.883891,4.019606,5.367885,1.348279,nan,nan,nan
baseline_fixed_launch,23.1000,-1,0,0.294734,0.342420,2.099387,0.215308,0.152223,1.018494,0.600000,-0.350000,0.225000,2.021376,0.756725,1.874387,4.010867,5.367885,1.357018,nan,nan,nan
baseline_fixed_launch,23.1500,-1,0,0.296640,0.352494,2.090256,0.189912,0.258062,1.074524,0.600000,-0.350000,0.225000,2.016112,0.765196,1.865256,3.990550,5.367885,1.377335,nan,nan,nan
baseline_fixed_launch,23.1990,-1,0,0.292894,0.358674,2.084844,0.195825,0.267963,0.961570,0.600000,-0.350000,0.225000,2.013840,0.772355,1.859844,3.992017,5.367885,1.375868,nan,nan,nan
baseline_fixed_launch,23.2510,-1,0,0.290883,0.364845,2.076585,0.221520,0.296463,1.013434,0.600000,-0.350000,0.225000,2.008711,0.778817,1.851585,3.989526,5.367885,1.378359,nan,nan,nan
baseline_fixed_launch,23.2990,-1,0,0.289851,0.379709,2.075227,0.152623,0.278367,1.173626,0.600000,-0.350000,0.225000,2.012961,0.792886,1.850227,3.983381,5.367885,1.384504,nan,nan,nan
baseline_fixed_launch,23.3490,-1,0,0.286477,0.383913,2.082094,0.099505,0.034265,1.213025,0.600000,-0.350000,0.225000,2.021317,0.798076,1.857094,3.971250,5.367885,1.396635,nan,nan,nan
baseline_fixed_launch,23.3990,-1,0,0.279907,0.372490,2.081396,0.087830,-0.033627,1.110197,0.600000,-0.350000,0.225000,2.017587,0.790222,1.856396,3.971842,5.367885,1.396043,nan,nan,nan
baseline_fixed_launch,23.4500,-1,0,0.272118,0.362857,2.077837,0.061656,-0.058257,1.075322,0.600000,-0.350000,0.225000,2.012132,0.784647,1.852837,3.984977,5.367885,1.382908,nan,nan,nan
baseline_fixed_launch,23.4990,-1,0,0.261608,0.347516,2.067751,0.060839,-0.025164,0.890078,0.600000,-0.350000,0.225000,1.999192,0.775266,1.842751,3.972380,5.367885,1.395505,nan,nan,nan
baseline_fixed_launch,23.5490,-1,0,0.256734,0.341157,2.060580,0.084639,0.015220,1.011013,0.600000,-0.350000,0.225000,1.991202,0.771706,1.835580,3.963103,5.367885,1.404782,nan,nan,nan
baseline_fixed_launch,23.5990,-1,0,0.247927,0.334816,2.061541,0.028967,0.085677,1.276624,0.600000,-0.350000,0.225000,1.991434,0.770018,1.836541,3.960338,5.367885,1.407547,nan,nan,nan
baseline_fixed_launch,23.6490,-1,0,0.234363,0.321123,2.067272,0.021208,-0.158537,1.205603,0.600000,-0.350000,0.225000,1.994509,0.764262,1.842272,3.964549,5.367885,1.403336,nan,nan,nan
baseline_fixed_launch,23.6990,-1,0,0.228427,0.309695,2.072570,0.047702,-0.164014,1.222639,0.600000,-0.350000,0.225000,1.996692,0.757142,1.847570,3.962685,5.367885,1.405200,nan,nan,nan
baseline_fixed_launch,23.7490,-1,0,0.223776,0.295024,2.081125,0.048236,-0.390943,1.154445,0.600000,-0.350000,0.225000,2.000700,0.746727,1.856125,3.960887,5.367885,1.406998,nan,nan,nan
baseline_fixed_launch,23.8000,-1,0,0.216987,0.264932,2.079532,0.082173,-0.377977,1.148769,0.600000,-0.350000,0.225000,1.991012,0.724459,1.854532,3.967754,5.367885,1.400131,nan,nan,nan
baseline_fixed_launch,23.8490,-1,0,0.213172,0.243227,2.077357,0.102154,-0.368710,1.209492,0.600000,-0.350000,0.225000,1.983124,0.708204,1.852357,3.972329,5.367885,1.395556,nan,nan,nan
baseline_fixed_launch,23.8990,-1,0,0.209737,0.208373,2.082024,0.095458,-0.471643,1.302703,0.600000,-0.350000,0.225000,1.978035,0.681238,1.857024,3.961145,5.367885,1.406740,nan,nan,nan
baseline_fixed_launch,23.9490,-1,0,0.208251,0.185696,2.086562,0.050031,-0.465336,1.178514,0.600000,-0.350000,0.225000,1.976323,0.663655,1.861562,3.949451,5.367885,1.418434,nan,nan,nan
baseline_fixed_launch,23.9990,-1,0,0.203024,0.158691,2.087316,0.070058,-0.512186,1.303532,0.600000,-0.350000,0.225000,1.970933,0.645257,1.862316,3.949397,5.367885,1.418488,nan,nan,nan
baseline_fixed_launch,24.0490,-1,0,0.198981,0.137049,2.090107,0.026484,-0.548355,1.269407,0.600000,-0.350000,0.225000,1.968923,0.630899,1.865107,3.944333,5.367885,1.423552,nan,nan,nan
baseline_fixed_launch,24.0990,-1,0,0.192839,0.104141,2.093509,0.035110,-0.501640,1.243209,0.600000,-0.350000,0.225000,1.965541,0.609938,1.868509,3.946283,5.367885,1.421602,nan,nan,nan
baseline_fixed_launch,24.1490,-1,0,0.189887,0.083360,2.099326,0.040302,-0.658932,1.398912,0.600000,-0.350000,0.225000,1.967001,0.596652,1.874326,3.949743,5.367885,1.418142,nan,nan,nan
baseline_fixed_launch,24.1990,-1,0,0.183123,0.054955,2.102289,-0.013244,-0.617704,1.230512,0.600000,-0.350000,0.225000,1.965195,0.581184,1.877289,3.957568,5.367885,1.410317,nan,nan,nan
baseline_fixed_launch,24.2490,-1,0,0.177003,0.038245,2.101408,-0.014339,-0.570051,1.271927,0.600000,-0.350000,0.225000,1.962286,0.574162,1.876408,3.953734,5.367885,1.414151,nan,nan,nan
baseline_fixed_launch,24.2990,-1,0,0.169271,0.005759,2.110106,-0.006454,-0.702511,1.333091,0.600000,-0.350000,0.225000,1.966143,0.558652,1.885106,3.947654,5.367885,1.420231,nan,nan,nan
baseline_fixed_launch,24.3490,-1,0,0.162856,-0.023664,2.120506,-0.024747,-0.648881,1.306916,0.600000,-0.350000,0.225000,1.972443,0.545518,1.895506,3.950339,5.367885,1.417546,nan,nan,nan
baseline_fixed_launch,24.3990,-1,0,0.155295,-0.043176,2.124757,-0.016285,-0.792074,1.392994,0.600000,-0.350000,0.225000,1.975090,0.540281,1.899757,3.948561,5.367885,1.419324,nan,nan,nan
baseline_fixed_launch,24.4490,-1,0,0.146768,-0.068703,2.128323,-0.052783,-0.764916,1.305424,0.600000,-0.350000,0.225000,1.976660,0.533430,1.903323,3.949448,5.367885,1.418437,nan,nan,nan
baseline_fixed_launch,24.4990,-1,0,0.141428,-0.087844,2.136064,-0.028087,-0.735763,1.379035,0.600000,-0.350000,0.225000,1.982720,0.528218,1.911064,3.938878,5.367885,1.429007,nan,nan,nan
baseline_fixed_launch,24.5500,-1,0,0.137378,-0.110854,2.157862,0.014440,-0.637011,1.490229,0.600000,-0.350000,0.225000,2.001790,0.520778,1.932862,3.945244,5.367885,1.422641,nan,nan,nan
baseline_fixed_launch,24.5990,-1,0,0.133479,-0.115267,2.164601,-0.003592,-0.564629,1.381780,0.600000,-0.350000,0.225000,2.008679,0.522247,1.939601,3.956540,5.367885,1.411345,nan,nan,nan
baseline_fixed_launch,24.6490,-1,0,0.130521,-0.121345,2.166375,0.012417,-0.667295,1.251722,0.600000,-0.350000,0.225000,2.010381,0.522201,1.941375,3.956606,5.367885,1.411279,nan,nan,nan
baseline_fixed_launch,24.6990,-1,0,0.128874,-0.141559,2.162722,0.077083,-0.772857,1.013649,0.600000,-0.350000,0.225000,2.005037,0.515177,1.937722,3.956444,5.367885,1.411441,nan,nan,nan
baseline_fixed_launch,24.7490,-1,0,0.130145,-0.164691,2.152313,0.054993,-0.775853,0.988453,0.600000,-0.350000,0.225000,1.992395,0.505077,1.927313,3.953876,5.367885,1.414009,nan,nan,nan
baseline_fixed_launch,24.7990,-1,0,0.126430,-0.179581,2.144544,-0.072114,-0.853218,1.197474,0.600000,-0.350000,0.225000,1.984430,0.503300,1.919544,3.973096,5.367885,1.394789,nan,nan,nan
baseline_fixed_launch,24.8490,-1,0,0.119414,-0.206813,2.147248,-0.001428,-0.822010,1.455404,0.600000,-0.350000,0.225000,1.986580,0.501463,1.922248,3.981255,5.367885,1.386630,nan,nan,nan
baseline_fixed_launch,24.9010,-1,0,0.117270,-0.222813,2.152032,-0.008216,-0.756226,1.304555,0.600000,-0.350000,0.225000,1.990642,0.499204,1.927032,3.983318,5.367885,1.384567,nan,nan,nan
baseline_fixed_launch,24.9490,-1,0,0.114564,-0.243059,2.159725,0.006658,-0.625988,1.309633,0.600000,-0.350000,0.225000,1.997560,0.497076,1.934725,3.992587,5.367885,1.375298,nan,nan,nan
baseline_fixed_launch,24.9990,-1,0,0.112195,-0.245854,2.153933,0.006910,-0.608423,1.137571,0.600000,-0.350000,0.225000,1.992381,0.498799,1.928933,3.995014,5.367885,1.372871,nan,nan,nan
baseline_fixed_launch,25.0500,-1,0,0.108189,-0.244766,2.138658,-0.012722,-0.595442,1.051439,0.600000,-0.350000,0.225000,1.978646,0.502943,1.913658,3.995971,5.367885,1.371914,nan,nan,nan
baseline_fixed_launch,25.0990,-1,0,0.105576,-0.244839,2.130344,-0.037764,-0.469962,1.079933,0.600000,-0.350000,0.225000,1.971256,0.505484,1.905344,3.997596,5.367885,1.370289,nan,nan,nan
baseline_fixed_launch,25.1490,-1,0,0.102855,-0.243728,2.127698,-0.024715,-0.454188,0.977406,0.600000,-0.350000,0.225000,1.969443,0.508376,1.902698,3.997249,5.367885,1.370636,nan,nan,nan
baseline_fixed_launch,25.1990,-1,0,0.100125,-0.238558,2.113291,-0.002699,-0.423859,0.950248,0.600000,-0.350000,0.225000,1.956511,0.512147,1.888291,3.983966,5.367885,1.383919,nan,nan,nan
baseline_fixed_launch,25.2500,-1,0,0.095846,-0.223606,2.097126,-0.005855,-0.306654,1.002976,0.600000,-0.350000,0.225000,1.942936,0.519756,1.872126,3.995810,5.367885,1.372075,nan,nan,nan
baseline_fixed_launch,25.2990,-1,0,0.094888,-0.215648,2.090354,0.032826,-0.276857,1.032896,0.600000,-0.350000,0.225000,1.937198,0.522674,1.865354,3.992920,5.367885,1.374965,nan,nan,nan
baseline_fixed_launch,25.3500,-1,0,0.094865,-0.208519,2.086865,0.055230,-0.238248,1.050939,0.600000,-0.350000,0.225000,1.934353,0.524575,1.861865,3.986008,5.367885,1.381877,nan,nan,nan
baseline_fixed_launch,25.4000,-1,0,0.093626,-0.192444,2.077035,0.039313,-0.169725,0.985807,0.600000,-0.350000,0.225000,1.926467,0.530320,1.852035,3.980503,5.367885,1.387382,nan,nan,nan
baseline_fixed_launch,25.4490,-1,0,0.093418,-0.171223,2.064332,0.059207,-0.127195,1.032749,0.600000,-0.350000,0.225000,1.916176,0.537203,1.839332,3.992425,5.367885,1.375460,nan,nan,nan
baseline_fixed_launch,25.4990,-1,0,0.093876,-0.157115,2.061148,0.044716,-0.009014,1.071400,0.600000,-0.350000,0.225000,1.914368,0.541633,1.836148,3.989603,5.367885,1.378282,nan,nan,nan
baseline_fixed_launch,25.5490,-1,0,0.096006,-0.137917,2.059152,0.092049,0.002933,1.047226,0.600000,-0.350000,0.225000,1.913924,0.546799,1.834152,3.980077,5.367885,1.387808,nan,nan,nan
baseline_fixed_launch,25.5990,-1,0,0.096860,-0.123267,2.051536,0.109133,0.040265,1.067028,0.600000,-0.350000,0.225000,1.908086,0.551868,1.826536,3.971634,5.367885,1.396251,nan,nan,nan
baseline_fixed_launch,25.6490,-1,0,0.096617,-0.105623,2.050130,0.073785,0.122332,1.058084,0.600000,-0.350000,0.225000,1.908983,0.559567,1.825130,3.965302,5.367885,1.402583,nan,nan,nan
baseline_fixed_launch,25.6990,-1,0,0.099211,-0.079074,2.040220,0.103349,0.127434,1.001080,0.600000,-0.350000,0.225000,1.902424,0.569377,1.815220,3.962377,5.367885,1.405508,nan,nan,nan
baseline_fixed_launch,25.7490,-1,0,0.101982,-0.062321,2.042923,0.103329,0.220407,1.111386,0.600000,-0.350000,0.225000,1.906731,0.575136,1.817923,3.946599,5.367885,1.421286,nan,nan,nan
baseline_fixed_launch,25.8010,-1,0,0.104228,-0.036663,2.034008,0.140554,0.252037,1.114827,0.600000,-0.350000,0.225000,1.901704,0.586489,1.809008,3.937522,5.367885,1.430363,nan,nan,nan
baseline_fixed_launch,25.8490,-1,0,0.105854,-0.019068,2.031242,0.139418,0.281223,1.110912,0.600000,-0.350000,0.225000,1.901632,0.594724,1.806242,3.938668,5.367885,1.429217,nan,nan,nan
baseline_fixed_launch,25.8990,-1,0,0.106295,0.007261,2.027937,0.015299,0.149077,1.182809,0.600000,-0.350000,0.225000,1.903145,0.609409,1.802937,3.916766,5.367885,1.451119,nan,nan,nan
baseline_fixed_launch,25.9490,-1,0,0.104841,0.013245,2.037539,0.043932,-0.075080,1.267607,0.600000,-0.350000,0.225000,1.913746,0.614108,1.812539,3.910351,5.367885,1.457534,nan,nan,nan
baseline_fixed_launch,25.9990,-1,0,0.101596,0.012442,2.032926,0.018203,-0.043128,1.114245,0.600000,-0.350000,0.225000,1.910070,0.616255,1.807926,3.907685,5.367885,1.460200,nan,nan,nan
baseline_fixed_launch,26.0490,-1,0,0.096161,0.010198,2.029127,-0.005993,-0.090958,0.916271,0.600000,-0.350000,0.225000,1.907477,0.619351,1.804127,3.916063,5.367885,1.451822,nan,nan,nan
baseline_fixed_launch,26.0990,-1,0,0.089045,0.005925,2.008142,-0.011613,-0.047192,0.815011,0.600000,-0.350000,0.225000,1.888743,0.622702,1.783142,3.921031,5.367885,1.446854,nan,nan,nan
baseline_fixed_launch,26.1500,-1,0,0.085255,0.007158,2.007506,0.007261,0.026018,1.147716,0.600000,-0.350000,0.225000,1.889405,0.626518,1.782506,3.921006,5.367885,1.446879,nan,nan,nan
baseline_fixed_launch,26.1990,-1,0,0.080624,0.011030,2.008192,-0.045157,0.038043,1.317092,0.600000,-0.350000,0.225000,1.892054,0.632530,1.783192,3.924138,5.367885,1.443747,nan,nan,nan
baseline_fixed_launch,26.2490,-1,0,0.074964,0.009428,2.015859,-0.039340,-0.139393,1.204651,0.600000,-0.350000,0.225000,1.900534,0.636279,1.790859,3.918110,5.367885,1.449775,nan,nan,nan
baseline_fixed_launch,26.3010,-1,0,0.069051,0.001504,2.019090,-0.036333,-0.283990,1.338399,0.600000,-0.350000,0.225000,1.903739,0.636759,1.794090,3.910898,5.367885,1.456987,nan,nan,nan
baseline_fixed_launch,26.3490,-1,0,0.065919,-0.010967,2.029986,-0.016623,-0.373778,1.093793,0.600000,-0.350000,0.225000,1.912632,0.632602,1.804986,3.909129,5.367885,1.458756,nan,nan,nan
baseline_fixed_launch,26.3990,-1,0,0.063964,-0.029315,2.028269,0.021934,-0.364392,1.122406,0.600000,-0.350000,0.225000,1.908390,0.624639,1.803269,3.909784,5.367885,1.458101,nan,nan,nan
baseline_fixed_launch,26.4490,-1,0,0.063609,-0.039542,2.027708,0.003697,-0.324023,1.169319,0.600000,-0.350000,0.225000,1.906267,0.619757,1.802708,3.901002,5.367885,1.466883,nan,nan,nan
baseline_fixed_launch,26.4990,-1,0,0.063817,-0.062875,2.030754,0.014964,-0.445173,1.219206,0.600000,-0.350000,0.225000,1.905435,0.608221,1.805754,3.892235,5.367885,1.475650,nan,nan,nan
baseline_fixed_launch,26.5490,-1,0,0.063207,-0.083950,2.040929,0.000408,-0.392514,1.194198,0.600000,-0.350000,0.225000,1.912205,0.599107,1.815929,3.886174,5.367885,1.481711,nan,nan,nan
baseline_fixed_launch,26.5990,-1,0,0.062056,-0.098210,2.043422,0.012325,-0.557369,1.315538,0.600000,-0.350000,0.225000,1.912966,0.593955,1.818422,3.903885,5.367885,1.463999,nan,nan,nan
baseline_fixed_launch,26.6490,-1,0,0.059905,-0.111622,2.046185,-0.031613,-0.536076,1.263508,0.600000,-0.350000,0.225000,1.914482,0.590362,1.821185,3.902439,5.367885,1.465446,nan,nan,nan
baseline_fixed_launch,26.6990,-1,0,0.055364,-0.132890,2.046997,-0.029151,-0.536140,1.268382,0.600000,-0.350000,0.225000,1.914011,0.586315,1.821997,3.908823,5.367885,1.459062,nan,nan,nan
baseline_fixed_launch,26.7490,-1,0,0.053394,-0.151085,2.059463,-0.025601,-0.602862,1.304338,0.600000,-0.350000,0.225000,1.924474,0.581674,1.834463,3.894779,5.367885,1.473106,nan,nan,nan
baseline_fixed_launch,26.7990,-1,0,0.048980,-0.173404,2.065707,-0.047755,-0.574016,1.302338,0.600000,-0.350000,0.225000,1.929510,0.578627,1.840707,3.899166,5.367885,1.468719,nan,nan,nan
baseline_fixed_launch,26.8520,-1,0,0.042768,-0.190917,2.071562,-0.045579,-0.680884,1.370299,0.600000,-0.350000,0.225000,1.935357,0.579496,1.846562,3.899392,5.367885,1.468493,nan,nan,nan
baseline_fixed_launch,26.8990,-1,0,0.038848,-0.205904,2.077132,-0.094668,-0.659463,1.296720,0.600000,-0.350000,0.225000,1.940631,0.579358,1.852132,3.884322,5.367885,1.483563,nan,nan,nan
baseline_fixed_launch,26.9490,-1,0,0.034650,-0.221967,2.088113,-0.074723,-0.675844,1.278684,0.600000,-0.350000,0.225000,1.951206,0.579666,1.863113,3.878558,5.367885,1.489327,nan,nan,nan
baseline_fixed_launch,26.9990,-1,0,0.031383,-0.238603,2.101655,-0.003109,-0.530380,1.506276,0.600000,-0.350000,0.225000,1.964069,0.579426,1.876655,3.883738,5.367885,1.484147,nan,nan,nan
baseline_fixed_launch,27.0490,-1,0,0.030593,-0.240210,2.110861,-0.036260,-0.442374,1.433132,0.600000,-0.350000,0.225000,1.973006,0.579895,1.885861,3.894070,5.367885,1.473815,nan,nan,nan
baseline_fixed_launch,27.0990,-1,0,0.030132,-0.248723,2.113684,0.010525,-0.603736,1.263133,0.600000,-0.350000,0.225000,1.975382,0.578798,1.888684,3.894945,5.367885,1.472940,nan,nan,nan
baseline_fixed_launch,27.1490,-1,0,0.031215,-0.261132,2.117793,0.037472,-0.666730,1.044560,0.600000,-0.350000,0.225000,1.978403,0.575686,1.892793,3.884042,5.367885,1.483843,nan,nan,nan
baseline_fixed_launch,27.1990,-1,0,0.033840,-0.278709,2.102068,0.047403,-0.661093,0.869867,0.600000,-0.350000,0.225000,1.961887,0.570631,1.877068,3.882299,5.367885,1.485586,nan,nan,nan
baseline_fixed_launch,27.2490,-1,0,0.031211,-0.294815,2.086616,-0.063985,-0.750019,1.237631,0.600000,-0.350000,0.225000,1.947352,0.571459,1.861616,3.872693,5.367885,1.495192,nan,nan,nan
baseline_fixed_launch,27.2990,-1,0,0.029206,-0.312124,2.088321,-0.037765,-0.779891,1.408816,0.600000,-0.350000,0.225000,1.949155,0.572049,1.863321,3.864929,5.367885,1.502956,nan,nan,nan
baseline_fixed_launch,27.3490,-1,0,0.028052,-0.333531,2.102721,-0.026795,-0.689697,1.255392,0.600000,-0.350000,0.225000,1.962965,0.572185,1.877721,3.853400,5.367885,1.514485,nan,nan,nan
baseline_fixed_launch,27.3990,-1,0,0.026891,-0.342992,2.098737,-0.023780,-0.598600,1.221618,0.600000,-0.350000,0.225000,1.959437,0.573152,1.873737,3.858329,5.367885,1.509556,nan,nan,nan
baseline_fixed_launch,27.4490,-1,0,0.026036,-0.340478,2.091844,0.001773,-0.517728,1.034900,0.600000,-0.350000,0.225000,1.953108,0.574043,1.866844,3.848277,5.367885,1.519608,nan,nan,nan
baseline_fixed_launch,27.4990,-1,0,0.025120,-0.340665,2.081822,-0.041046,-0.464463,0.950813,0.600000,-0.350000,0.225000,1.943801,0.574956,1.856822,3.847009,5.367885,1.520876,nan,nan,nan
baseline_fixed_launch,27.5490,-1,0,0.023255,-0.341979,2.076889,-0.022230,-0.421803,0.989813,0.600000,-0.350000,0.225000,1.939637,0.576801,1.851889,3.843758,5.367885,1.524127,nan,nan,nan
baseline_fixed_launch,27.6000,-1,0,0.021335,-0.337047,2.065381,-0.022646,-0.369618,0.915926,0.600000,-0.350000,0.225000,1.929255,0.578810,1.840381,3.833478,5.367885,1.534407,nan,nan,nan
baseline_fixed_launch,27.6490,-1,0,0.020136,-0.321978,2.048074,0.018573,-0.293054,0.971797,0.600000,-0.350000,0.225000,1.913276,0.580541,1.823074,3.829091,5.367885,1.538794,nan,nan,nan
baseline_fixed_launch,27.6990,-1,0,0.019480,-0.312182,2.038488,-0.020104,-0.192914,0.984473,0.600000,-0.350000,0.225000,1.904514,0.581750,1.813488,3.829927,5.367885,1.537958,nan,nan,nan
baseline_fixed_launch,27.7490,-1,0,0.019331,-0.303460,2.034051,0.014696,-0.177174,0.980209,0.600000,-0.350000,0.225000,1.900528,0.582531,1.809051,3.823693,5.367885,1.544192,nan,nan,nan
baseline_fixed_launch,27.8020,-1,0,0.020285,-0.289660,2.022759,0.029154,-0.134190,1.020700,0.600000,-0.350000,0.225000,1.889880,0.582847,1.797759,3.822690,5.367885,1.545195,nan,nan,nan
baseline_fixed_launch,27.8490,-1,0,0.019768,-0.272399,2.015926,0.006574,-0.080535,0.989540,0.600000,-0.350000,0.225000,1.884173,0.585398,1.790926,3.819302,5.367885,1.548583,nan,nan,nan
baseline_fixed_launch,27.9000,-1,0,0.021504,-0.248366,2.005879,0.041725,-0.015341,1.070089,0.600000,-0.350000,0.225000,1.875238,0.587356,1.780879,3.818751,5.367885,1.549134,nan,nan,nan
baseline_fixed_launch,27.9490,-1,0,0.022426,-0.234076,2.006426,0.007989,-0.030855,1.124086,0.600000,-0.350000,0.225000,1.876302,0.589092,1.781426,3.823975,5.367885,1.543910,nan,nan,nan
baseline_fixed_launch,27.9990,-1,0,0.018706,-0.224950,2.010323,-0.064295,-0.318480,1.213556,0.600000,-0.350000,0.225000,1.881733,0.594593,1.785323,3.828042,5.367885,1.539843,nan,nan,nan
baseline_fixed_launch,28.0490,-1,0,0.015939,-0.225904,2.009360,-0.058568,-0.403821,1.017623,0.600000,-0.350000,0.225000,1.881613,0.597098,1.784360,3.824782,5.367885,1.543103,nan,nan,nan
baseline_fixed_launch,28.1000,-1,0,0.009764,-0.229389,2.003654,-0.096006,-0.374891,0.907363,0.600000,-0.350000,0.225000,1.877907,0.602433,1.778654,3.840636,5.367885,1.527249,nan,nan,nan
baseline_fixed_launch,28.1490,-1,0,0.005706,-0.235280,1.996275,-0.093501,-0.327380,0.878757,0.600000,-0.350000,0.225000,1.871834,0.605266,1.771275,3.843031,5.367885,1.524854,nan,nan,nan
baseline_fixed_launch,28.2000,-1,0,0.000925,-0.239361,1.983883,-0.034257,-0.211973,0.986629,0.600000,-0.350000,0.225000,1.861398,0.609206,1.758883,3.850492,5.367885,1.517393,nan,nan,nan
baseline_fixed_launch,28.2500,-1,0,-0.004713,-0.228072,1.985484,-0.121518,-0.201165,1.257570,0.600000,-0.350000,0.225000,1.865435,0.616883,1.760484,3.865201,5.367885,1.502684,nan,nan,nan
baseline_fixed_launch,28.2990,-1,0,-0.010081,-0.228217,1.989895,-0.120215,-0.387639,1.220557,0.600000,-0.350000,0.225000,1.871332,0.622117,1.764895,3.859569,5.367885,1.508316,nan,nan,nan
baseline_fixed_launch,28.3490,-1,0,-0.015880,-0.235480,1.999612,-0.094494,-0.417409,1.209870,0.600000,-0.350000,0.225000,1.881933,0.626436,1.774612,3.847100,5.367885,1.520785,nan,nan,nan
baseline_fixed_launch,28.3990,-1,0,-0.019830,-0.246648,2.006166,-0.095061,-0.604735,1.170316,0.600000,-0.350000,0.225000,1.888762,0.628388,1.781166,3.851758,5.367885,1.516127,nan,nan,nan
baseline_fixed_launch,28.4490,-1,0,-0.022995,-0.263506,2.003492,-0.067636,-0.592515,1.097446,0.600000,-0.350000,0.225000,1.886435,0.628971,1.778492,3.855832,5.367885,1.512053,nan,nan,nan
baseline_fixed_launch,28.5000,-1,0,-0.023899,-0.274905,2.001320,-0.069933,-0.548217,1.138549,0.600000,-0.350000,0.225000,1.884198,0.628402,1.776320,3.848250,5.367885,1.519635,nan,nan,nan
baseline_fixed_launch,28.5500,-1,0,-0.024955,-0.290380,2.009462,-0.042957,-0.699423,1.225367,0.600000,-0.350000,0.225000,1.891673,0.627792,1.784462,3.857334,5.367885,1.510551,nan,nan,nan
baseline_fixed_launch,28.5990,-1,0,-0.027052,-0.313666,2.017501,-0.075572,-0.675581,1.141646,0.600000,-0.350000,0.225000,1.899361,0.628104,1.792501,3.854480,5.367885,1.513405,nan,nan,nan
baseline_fixed_launch,28.6500,-1,0,-0.029016,-0.325031,2.021020,-0.092779,-0.633631,1.189253,0.600000,-0.350000,0.225000,1.903148,0.629512,1.796020,3.846810,5.367885,1.521075,nan,nan,nan
baseline_fixed_launch,28.6990,-1,0,-0.030373,-0.338515,2.024115,-0.100613,-0.730072,1.227074,0.600000,-0.350000,0.225000,1.906388,0.630478,1.799115,3.863194,5.367885,1.504691,nan,nan,nan
baseline_fixed_launch,28.7490,-1,0,-0.033023,-0.352973,2.029965,-0.094200,-0.702374,1.216605,0.600000,-0.350000,0.225000,1.912753,0.633030,1.804965,3.865898,5.367885,1.501987,nan,nan,nan
baseline_fixed_launch,28.7990,-1,0,-0.036614,-0.374221,2.038968,-0.095719,-0.810548,1.284940,0.600000,-0.350000,0.225000,1.922588,0.637074,1.813968,3.863999,5.367885,1.503886,nan,nan,nan
baseline_fixed_launch,28.8490,-1,0,-0.040414,-0.388686,2.040472,-0.128101,-0.759175,1.274077,0.600000,-0.350000,0.225000,1.925504,0.641582,1.815472,3.868942,5.367885,1.498943,nan,nan,nan
baseline_fixed_launch,28.8990,-1,0,-0.043580,-0.399656,2.041428,-0.127881,-0.812347,1.306734,0.600000,-0.350000,0.225000,1.927711,0.645493,1.816428,3.876380,5.367885,1.491505,nan,nan,nan
baseline_fixed_launch,28.9490,-1,0,-0.046600,-0.417196,2.050903,-0.129939,-0.862170,1.281539,0.600000,-0.350000,0.225000,1.938177,0.650083,1.825903,3.880371,5.367885,1.487514,nan,nan,nan
baseline_fixed_launch,28.9990,-1,0,-0.052878,-0.441425,2.060485,-0.156806,-0.782406,1.250641,0.600000,-0.350000,0.225000,1.950285,0.659248,1.835485,3.895288,5.367885,1.472597,nan,nan,nan
baseline_fixed_launch,29.0490,-1,0,-0.055438,-0.444921,2.060756,-0.152921,-0.876998,1.363702,0.600000,-0.350000,0.225000,1.951565,0.662275,1.835756,3.894829,5.367885,1.473056,nan,nan,nan
baseline_fixed_launch,29.0990,-1,0,-0.061149,-0.463379,2.067876,-0.197024,-0.857743,1.239028,0.600000,-0.350000,0.225000,1.961164,0.670800,1.842876,3.892139,5.367885,1.475746,nan,nan,nan
baseline_fixed_launch,29.1490,-1,0,-0.067263,-0.484168,2.077994,-0.163932,-0.833041,1.352204,0.600000,-0.350000,0.225000,1.974038,0.680618,1.852994,3.890580,5.367885,1.477305,nan,nan,nan
baseline_fixed_launch,29.1990,-1,0,-0.069848,-0.494294,2.089751,-0.110455,-0.718372,1.451149,0.600000,-0.350000,0.225000,1.986659,0.685213,1.864751,3.887478,5.367885,1.480407,nan,nan,nan
baseline_fixed_launch,29.2490,-1,0,-0.070166,-0.489008,2.092340,-0.136230,-0.631241,1.375413,0.600000,-0.350000,0.225000,1.988820,0.684431,1.867340,3.883353,5.367885,1.484532,nan,nan,nan
baseline_fixed_launch,29.2990,-1,0,-0.070760,-0.490488,2.089227,-0.089934,-0.782072,1.207645,0.600000,-0.350000,0.225000,1.986202,0.685314,1.864227,3.887170,5.367885,1.480715,nan,nan,nan
baseline_fixed_launch,29.3490,-1,0,-0.069879,-0.504612,2.083856,-0.050857,-0.824658,0.936302,0.600000,-0.350000,0.225000,1.981915,0.687490,1.858856,3.886971,5.367885,1.480914,nan,nan,nan
baseline_fixed_launch,29.3990,-1,0,-0.068513,-0.515718,2.071335,-0.040850,-0.825693,0.859635,0.600000,-0.350000,0.225000,1.970616,0.688747,1.846335,3.887884,5.367885,1.480001,nan,nan,nan
baseline_fixed_launch,29.4490,-1,0,-0.068001,-0.518701,2.053379,-0.155008,-0.852406,1.088269,0.600000,-0.350000,0.225000,1.953882,0.688974,1.828379,3.876991,5.367885,1.490894,nan,nan,nan
baseline_fixed_launch,29.4990,-1,0,-0.070604,-0.536303,2.052053,-0.125418,-0.864272,1.399353,0.600000,-0.350000,0.225000,1.955132,0.696002,1.827053,3.861341,5.367885,1.506544,nan,nan,nan
baseline_fixed_launch,29.5490,-1,0,-0.071746,-0.553571,2.057631,-0.100759,-0.838533,1.204273,0.600000,-0.350000,0.225000,1.962453,0.701914,1.832631,3.860936,5.367885,1.506949,nan,nan,nan
baseline_fixed_launch,29.5990,-1,0,-0.073249,-0.566607,2.058517,-0.114715,-0.663723,1.229991,0.600000,-0.350000,0.225000,1.965189,0.707236,1.833517,3.868976,5.367885,1.498909,nan,nan,nan
baseline_fixed_launch,29.6500,-1,0,-0.071830,-0.556509,2.051082,-0.091475,-0.583158,1.025643,0.600000,-0.350000,0.225000,1.956675,0.702853,1.826082,3.872486,5.367885,1.495399,nan,nan,nan
baseline_fixed_launch,29.7000,-1,0,-0.071445,-0.545518,2.038584,-0.133066,-0.535046,0.955619,0.600000,-0.350000,0.225000,1.943747,0.699332,1.813584,3.881767,5.367885,1.486118,nan,nan,nan
baseline_fixed_launch,29.7490,-1,0,-0.072427,-0.541685,2.029401,-0.135617,-0.463604,1.018897,0.600000,-0.350000,0.225000,1.935139,0.699214,1.804401,3.869002,5.367885,1.498883,nan,nan,nan
baseline_fixed_launch,29.7990,-1,0,-0.075070,-0.535922,2.022883,-0.105145,-0.406357,0.938704,0.600000,-0.350000,0.225000,1.929422,0.700205,1.797883,3.866260,5.367885,1.501625,nan,nan,nan
baseline_fixed_launch,29.8490,-1,0,-0.074228,-0.510052,2.002823,-0.076811,-0.339815,0.979709,0.600000,-0.350000,0.225000,1.908102,0.692965,1.777823,3.859313,5.367885,1.508572,nan,nan,nan
baseline_fixed_launch,29.8990,-1,0,-0.074762,-0.494645,1.995491,-0.112762,-0.249162,0.967220,0.600000,-0.350000,0.225000,1.900228,0.690092,1.770491,3.853613,5.367885,1.514271,nan,nan,nan
baseline_fixed_launch,29.9520,-1,0,-0.074714,-0.474662,1.988344,-0.079432,-0.228815,0.909715,0.600000,-0.350000,0.225000,1.892131,0.686134,1.763344,3.858114,5.367885,1.509771,nan,nan,nan
baseline_fixed_launch,29.9990,-1,0,-0.074424,-0.466098,1.985160,-0.075843,-0.145533,1.020136,0.600000,-0.350000,0.225000,1.888515,0.684344,1.760160,3.855752,5.367885,1.512133,nan,nan,nan
baseline_fixed_launch,30.0490,-1,0,-0.071814,-0.429216,1.970959,-0.033947,-0.076795,1.019430,0.600000,-0.350000,0.225000,1.872427,0.676469,1.745959,3.872431,5.367885,1.495454,nan,nan,nan
baseline_fixed_launch,30.0990,-1,0,-0.069345,-0.409487,1.963517,-0.034411,-0.064881,0.888430,0.600000,-0.350000,0.225000,1.863868,0.671984,1.738517,3.880704,5.367885,1.487181,nan,nan,nan
baseline_fixed_launch,30.1490,-1,0,-0.066544,-0.381968,1.960209,-0.042405,0.055123,1.042181,0.600000,-0.350000,0.225000,1.859100,0.667311,1.735209,3.868790,5.367885,1.499095,nan,nan,nan
baseline_fixed_launch,30.2000,-1,0,-0.064330,-0.363578,1.959685,0.012670,0.056428,1.001378,0.600000,-0.350000,0.225000,1.857593,0.664469,1.734685,3.869004,5.367885,1.498881,nan,nan,nan
baseline_fixed_launch,30.2490,-1,0,-0.057932,-0.325271,1.946220,-0.006269,0.178592,1.028162,0.600000,-0.350000,0.225000,1.842847,0.658397,1.721220,3.857708,5.367885,1.510177,nan,nan,nan
baseline_fixed_launch,30.2990,-1,0,-0.054898,-0.300939,1.943214,0.009977,0.197875,0.923578,0.600000,-0.350000,0.225000,1.839445,0.656733,1.718214,3.858426,5.367885,1.509459,nan,nan,nan
baseline_fixed_launch,30.3490,-1,0,-0.050619,-0.278348,1.939955,0.033447,0.240192,0.975416,0.600000,-0.350000,0.225000,1.835622,0.654553,1.714955,3.849620,5.367885,1.518265,nan,nan,nan
baseline_fixed_launch,30.3990,-1,0,-0.045835,-0.247479,1.944743,-0.006953,0.249889,1.116311,0.600000,-0.350000,0.225000,1.839872,0.653921,1.719743,3.873306,5.367885,1.494579,nan,nan,nan
baseline_fixed_launch,30.4490,-1,0,-0.046862,-0.223198,1.946137,-0.047162,-0.072996,1.208859,0.600000,-0.350000,0.225000,1.843047,0.659173,1.721137,3.867189,5.367885,1.500696,nan,nan,nan
baseline_fixed_launch,30.5000,-1,0,-0.047121,-0.217926,1.946880,-0.056386,-0.094171,0.947993,0.600000,-0.350000,0.225000,1.844201,0.660462,1.721880,3.871208,5.367885,1.496677,nan,nan,nan
baseline_fixed_launch,30.5490,-1,0,-0.048785,-0.212623,1.942930,-0.082854,-0.123677,0.906267,0.600000,-0.350000,0.225000,1.841488,0.663170,1.717930,3.872613,5.367885,1.495272,nan,nan,nan
baseline_fixed_launch,30.5990,-1,0,-0.050700,-0.211907,1.935846,-0.076256,-0.084746,0.774007,0.600000,-0.350000,0.225000,1.835613,0.665192,1.710846,3.884942,5.367885,1.482943,nan,nan,nan
baseline_fixed_launch,30.6500,-1,0,-0.050485,-0.201867,1.912271,-0.053428,-0.013795,0.982860,0.600000,-0.350000,0.225000,1.814376,0.667139,1.687271,3.883575,5.367885,1.484310,nan,nan,nan
baseline_fixed_launch,30.6990,-1,0,-0.051231,-0.194186,1.912309,-0.101770,0.055144,1.116798,0.600000,-0.350000,0.225000,1.815322,0.669612,1.687309,3.871723,5.367885,1.496162,nan,nan,nan
baseline_fixed_launch,30.7520,-1,0,-0.055144,-0.190411,1.922375,-0.105255,-0.154384,1.132899,0.600000,-0.350000,0.225000,1.826408,0.674301,1.697375,3.879714,5.367885,1.488171,nan,nan,nan
baseline_fixed_launch,30.7990,-1,0,-0.057497,-0.193097,1.929616,-0.081773,-0.165572,1.079179,0.600000,-0.350000,0.225000,1.833749,0.675959,1.704616,3.862823,5.367885,1.505062,nan,nan,nan
baseline_fixed_launch,30.8490,-1,0,-0.058965,-0.199090,1.930726,-0.079557,-0.371229,1.019849,0.600000,-0.350000,0.225000,1.834805,0.676024,1.705726,3.857764,5.367885,1.510121,nan,nan,nan
baseline_fixed_launch,30.8990,-1,0,-0.059118,-0.208151,1.931258,-0.033681,-0.341431,1.089222,0.600000,-0.350000,0.225000,1.834632,0.674209,1.706258,3.845198,5.367885,1.522687,nan,nan,nan
baseline_fixed_launch,30.9490,-1,0,-0.058140,-0.220366,1.936392,-0.049423,-0.311756,1.101052,0.600000,-0.350000,0.225000,1.838155,0.670786,1.711392,3.844281,5.367885,1.523604,nan,nan,nan
baseline_fixed_launch,30.9990,-1,0,-0.057406,-0.233229,1.948714,-0.015699,-0.444682,1.191747,0.600000,-0.350000,0.225000,1.848516,0.667697,1.723714,3.838444,5.367885,1.529441,nan,nan,nan
baseline_fixed_launch,31.0490,-1,0,-0.055427,-0.237780,1.945063,-0.063548,-0.419944,1.115659,0.600000,-0.350000,0.225000,1.844124,0.664965,1.720063,3.836346,5.367885,1.531539,nan,nan,nan
baseline_fixed_launch,31.0990,-1,0,-0.054022,-0.247016,1.949996,-0.040142,-0.470623,1.228661,0.600000,-0.350000,0.225000,1.847691,0.662080,1.724996,3.841917,5.367885,1.525968,nan,nan,nan
baseline_fixed_launch,31.1490,-1,0,-0.053126,-0.258851,1.955647,-0.041629,-0.517084,1.190346,0.600000,-0.350000,0.225000,1.852031,0.659455,1.730647,3.840212,5.367885,1.527673,nan,nan,nan
baseline_fixed_launch,31.1990,-1,0,-0.054100,-0.276499,1.968082,-0.061669,-0.459829,1.163430,0.600000,-0.350000,0.225000,1.863219,0.658217,1.743082,3.834121,5.367885,1.533764,nan,nan,nan
baseline_fixed_launch,31.2490,-1,0,-0.054356,-0.281285,1.966644,-0.063914,-0.550990,1.294334,0.600000,-0.350000,0.225000,1.861781,0.657954,1.741644,3.826133,5.367885,1.541752,nan,nan,nan
baseline_fixed_launch,31.2990,-1,0,-0.055280,-0.293527,1.973228,-0.099216,-0.511968,1.109827,0.600000,-0.350000,0.225000,1.867856,0.657709,1.748228,3.820138,5.367885,1.547747,nan,nan,nan
baseline_fixed_launch,31.3490,-1,0,-0.056746,-0.301376,1.975131,-0.111478,-0.444352,1.147031,0.600000,-0.350000,0.225000,1.869930,0.658544,1.750131,3.809608,5.367885,1.558277,nan,nan,nan
baseline_fixed_launch,31.3990,-1,0,-0.058867,-0.319020,1.992731,-0.082461,-0.583339,1.207961,0.600000,-0.350000,0.225000,1.886780,0.659595,1.767731,3.810455,5.367885,1.557430,nan,nan,nan
baseline_fixed_launch,31.4490,-1,0,-0.060662,-0.322622,1.989360,-0.106407,-0.543094,1.177964,0.600000,-0.350000,0.225000,1.884195,0.661229,1.764360,3.819385,5.367885,1.548500,nan,nan,nan
