label,t,mission_state,arm_ready_state,uav_x,uav_y,uav_z,uav_vx,uav_vy,uav_vz,target_x,target_y,target_z,uav_pos_error,uav_xy_error,uav_z_error,uav_yaw_deg,target_yaw_deg,uav_yaw_error_deg,arm_pos_error,arm_axis_error_deg,arm_centerline_error
projection_baseline,0.0000,-1,0,-1.735558,-0.268196,1.717749,-1.274294,-1.409015,0.614310,0.600000,-0.350000,0.225000,2.773053,2.336990,1.492749,23.093155,23.056724,-0.036431,nan,nan,nan
projection_baseline,0.0490,-1,0,-1.700008,-0.310901,1.716622,-1.321658,-1.335803,0.741557,0.600000,-0.350000,0.225000,2.741624,2.300340,1.491622,23.156140,23.056724,-0.099416,nan,nan,nan
projection_baseline,0.1000,-1,0,-1.688992,-0.343451,1.719020,-1.337076,-1.346954,0.709845,0.600000,-0.350000,0.225000,2.733427,2.289002,1.494020,23.204016,23.056724,-0.147292,nan,nan,nan
projection_baseline,0.1500,-1,0,-1.690954,-0.399138,1.715672,-1.295441,-1.343559,0.533315,0.600000,-0.350000,0.225000,2.733677,2.291481,1.490672,23.250311,23.056724,-0.193587,nan,nan,nan
projection_baseline,0.1990,-1,0,-1.674354,-0.423955,1.706687,-1.294721,-1.324949,0.652982,0.600000,-0.350000,0.225000,2.715428,2.275556,1.481687,23.287859,23.056724,-0.231135,nan,nan,nan
projection_baseline,0.2490,-1,0,-1.644692,-0.451927,1.703930,-1.255004,-1.317276,0.724276,0.600000,-0.350000,0.225000,2.690031,2.247005,1.478930,23.386424,23.056724,-0.329700,nan,nan,nan
projection_baseline,0.3000,-1,0,-1.635089,-0.472629,1.699405,-1.263547,-1.260300,0.563809,0.600000,-0.350000,0.225000,2.680397,2.238451,1.474405,23.441301,23.056724,-0.384577,nan,nan,nan
projection_baseline,0.3510,-1,0,-1.639455,-0.511341,1.700979,-1.253190,-1.315787,0.842475,0.600000,-0.350000,0.225000,2.686951,2.245259,1.475979,23.514740,23.056724,-0.458016,nan,nan,nan
projection_baseline,0.3990,-1,0,-1.626753,-0.523788,1.702591,-1.338423,-1.183911,0.810590,0.600000,-0.350000,0.225000,2.678042,2.233524,1.477591,23.558556,23.056724,-0.501832,nan,nan,nan
projection_baseline,0.4490,-1,0,-1.601402,-0.529807,1.702519,-1.285324,-1.100759,0.660879,0.600000,-0.350000,0.225000,2.657360,2.208733,1.477519,23.682758,23.056724,-0.626034,nan,nan,nan
projection_baseline,0.4990,-1,0,-1.594738,-0.536373,1.695191,-1.258725,-1.054067,0.451367,0.600000,-0.350000,0.225000,2.648221,2.202637,1.470191,23.735605,23.056724,-0.678881,nan,nan,nan
projection_baseline,0.5490,-1,0,-1.598762,-0.558046,1.673554,-1.222095,-1.151058,0.153967,0.600000,-0.350000,0.225000,2.641239,2.208582,1.448554,23.801657,23.056724,-0.744933,nan,nan,nan
projection_baseline,0.5990,-1,0,-1.582669,-0.566544,1.647667,-1.137458,-1.192551,0.198580,0.600000,-0.350000,0.225000,2.614368,2.193385,1.422667,23.838014,23.056724,-0.781291,nan,nan,nan
projection_baseline,0.6490,-1,0,-1.552678,-0.570463,1.619003,-1.187608,-1.109905,0.343398,0.600000,-0.350000,0.225000,2.574077,2.163938,1.394003,23.934171,23.056724,-0.877448,nan,nan,nan
projection_baseline,0.7000,-1,0,-1.545656,-0.575471,1.599754,-1.229682,-1.023549,0.246185,0.600000,-0.350000,0.225000,2.558246,2.157470,1.374754,23.995637,23.056724,-0.938914,nan,nan,nan
projection_baseline,0.7490,-1,0,-1.550954,-0.592514,1.562835,-1.195618,-1.141640,0.055785,0.600000,-0.350000,0.225000,2.544645,2.164582,1.337835,24.056244,23.056724,-0.999520,nan,nan,nan
projection_baseline,0.7990,-1,0,-1.538982,-0.595714,1.539962,-1.218892,-1.072103,0.165324,0.600000,-0.350000,0.225000,2.522845,2.153049,1.314962,24.105377,23.056724,-1.048653,nan,nan,nan
projection_baseline,0.8500,-1,0,-1.517898,-0.591979,1.505369,-1.241520,-0.981870,0.055432,0.600000,-0.350000,0.225000,2.486642,2.131676,1.280369,24.193148,23.056724,-1.136424,nan,nan,nan
projection_baseline,0.8990,-1,0,-1.515166,-0.592923,1.478312,-1.262222,-0.964466,-0.004201,0.600000,-0.350000,0.225000,2.470573,2.129070,1.253312,24.228963,23.056724,-1.172239,nan,nan,nan
projection_baseline,0.9490,-1,0,-1.530974,-0.597268,1.440262,-1.343392,-0.824643,0.103494,0.600000,-0.350000,0.225000,2.465573,2.145272,1.215262,24.278624,23.056724,-1.221901,nan,nan,nan
projection_baseline,1.0010,-1,0,-1.536569,-0.593403,1.420707,-1.431658,-0.775944,0.257455,0.600000,-0.350000,0.225000,2.460465,2.150389,1.195707,24.304159,23.056724,-1.247435,nan,nan,nan
projection_baseline,1.0490,-1,0,-1.524137,-0.581456,1.405190,-1.383973,-0.846137,0.480974,0.600000,-0.350000,0.225000,2.440979,2.136710,1.180190,24.349645,23.056724,-1.292921,nan,nan,nan
projection_baseline,1.0990,-1,0,-1.528131,-0.578186,1.404796,-1.385588,-0.797958,0.528523,0.600000,-0.350000,0.225000,2.443958,2.140329,1.179796,24.379938,23.056724,-1.323214,nan,nan,nan
projection_baseline,1.1490,-1,0,-1.545631,-0.581642,1.396823,-1.395343,-0.832429,0.369490,0.600000,-0.350000,0.225000,2.455720,2.158099,1.171823,24.423659,23.056724,-1.366935,nan,nan,nan
projection_baseline,1.1990,-1,0,-1.549542,-0.581577,1.387731,-1.420514,-0.888746,0.399168,0.600000,-0.350000,0.225000,2.454812,2.161980,1.162731,24.436144,23.056724,-1.379420,nan,nan,nan
projection_baseline,1.2490,-1,0,-1.533160,-0.574790,1.381297,-1.394403,-0.883413,0.429210,0.600000,-0.350000,0.225000,2.436786,2.144971,1.156297,24.481119,23.056724,-1.424395,nan,nan,nan
projection_baseline,1.2990,-1,0,-1.532974,-0.577048,1.374953,-1.339761,-0.900201,0.318597,0.600000,-0.350000,0.225000,2.433829,2.145025,1.149953,24.489165,23.056724,-1.432441,nan,nan,nan
projection_baseline,1.3500,-1,0,-1.549066,-0.587375,1.365870,-1.421032,-0.831911,0.350241,0.600000,-0.350000,0.225000,2.444670,2.162136,1.140870,24.525525,23.056724,-1.468801,nan,nan,nan
projection_baseline,1.3990,-1,0,-1.549206,-0.592181,1.358626,-1.310009,-0.926549,0.258921,0.600000,-0.350000,0.225000,2.441894,2.162808,1.133626,24.539711,23.056724,-1.482987,nan,nan,nan
projection_baseline,1.4490,-1,0,-1.524167,-0.595897,1.332210,-1.247487,-1.054647,0.051338,0.600000,-0.350000,0.225000,2.408001,2.138353,1.107210,24.590324,23.056724,-1.533601,nan,nan,nan
projection_baseline,1.4990,-1,0,-1.519247,-0.605012,1.311863,-1.228719,-1.091462,-0.152537,0.600000,-0.350000,0.225000,2.395310,2.134535,1.086863,24.612755,23.056724,-1.556031,nan,nan,nan
projection_baseline,1.5490,-1,0,-1.525308,-0.628659,1.261596,-1.212761,-1.062318,-0.385407,0.600000,-0.350000,0.225000,2.380991,2.143498,1.036596,24.637549,23.056724,-1.580825,nan,nan,nan
projection_baseline,1.5990,-1,0,-1.520278,-0.639739,1.223096,-1.243110,-1.097727,-0.385084,0.600000,-0.350000,0.225000,2.361297,2.139983,0.998096,24.647030,23.056724,-1.590306,nan,nan,nan
projection_baseline,1.6490,-1,0,-1.492738,-0.652887,1.176656,-1.192426,-1.211779,-0.201054,0.600000,-0.350000,0.225000,2.318824,2.114543,0.951656,24.687765,23.056724,-1.631041,nan,nan,nan
projection_baseline,1.7000,-1,0,-1.481578,-0.671075,1.148686,-1.088903,-1.286676,-0.299732,0.600000,-0.350000,0.225000,2.299838,2.106195,0.923686,24.718199,23.056724,-1.661475,nan,nan,nan
projection_baseline,1.7490,-1,0,-1.478691,-0.708127,1.092985,-1.114292,-1.249712,-0.351203,0.600000,-0.350000,0.225000,2.280923,2.109315,0.867985,24.726833,23.056724,-1.670109,nan,nan,nan
projection_baseline,1.7990,-1,0,-1.470884,-0.727484,1.063931,-1.102523,-1.323231,-0.281603,0.600000,-0.350000,0.225000,2.266023,2.105007,0.838931,24.722060,23.056724,-1.665337,nan,nan,nan
projection_baseline,1.8490,-1,0,-1.435980,-0.749095,1.020323,-0.969583,-1.476018,-0.424801,0.600000,-0.350000,0.225000,2.221943,2.074727,0.795323,24.736922,23.056724,-1.680199,nan,nan,nan
projection_baseline,1.8990,-1,0,-1.419614,-0.774024,0.990236,-0.947073,-1.532160,-0.310617,0.600000,-0.350000,0.225000,2.200959,2.063647,0.765236,24.751670,23.056724,-1.694946,nan,nan,nan
projection_baseline,1.9500,-1,0,-1.409937,-0.808677,0.962721,-0.880380,-1.709667,-0.194889,0.600000,-0.350000,0.225000,2.189627,2.061609,0.737721,24.754703,23.056724,-1.697979,nan,nan,nan
projection_baseline,1.9990,-1,0,-1.391657,-0.866342,0.940381,-0.852003,-1.755625,0.146179,0.600000,-0.350000,0.225000,2.178320,2.057500,0.715381,24.773055,23.056724,-1.716331,nan,nan,nan
projection_baseline,2.0490,-1,0,-1.355310,-0.893192,0.935273,-0.910948,-1.684926,0.307072,0.600000,-0.350000,0.225000,2.150066,2.029359,0.710273,24.808477,23.056724,-1.751753,nan,nan,nan
projection_baseline,2.0990,-1,0,-1.341398,-0.918695,0.937080,-0.923545,-1.686118,0.248067,0.600000,-0.350000,0.225000,2.144644,2.022978,0.712080,24.820464,23.056724,-1.763740,nan,nan,nan
projection_baseline,2.1500,-1,0,-1.334983,-0.968839,0.926246,-0.874206,-1.677960,0.098171,0.600000,-0.350000,0.225000,2.149155,2.031532,0.701246,24.835175,23.056724,-1.778451,nan,nan,nan
projection_baseline,2.1990,-1,0,-1.324367,-0.992328,0.919227,-0.910048,-1.611415,0.207092,0.600000,-0.350000,0.225000,2.144231,2.028737,0.694227,24.847906,23.056724,-1.791182,nan,nan,nan
projection_baseline,2.2490,-1,0,-1.295708,-1.003666,0.908776,-0.873223,-1.650624,0.116651,0.600000,-0.350000,0.225000,2.118617,2.005240,0.683776,24.900563,23.056724,-1.843839,nan,nan,nan
projection_baseline,2.2990,-1,0,-1.284686,-1.015724,0.899640,-0.909155,-1.492631,0.038009,0.600000,-0.350000,0.225000,2.109590,1.998807,0.674640,24.944234,23.056724,-1.887511,nan,nan,nan
projection_baseline,2.3490,-1,0,-1.283671,-1.045955,0.886950,-0.895221,-1.526813,0.204299,0.600000,-0.350000,0.225000,2.114415,2.008126,0.661950,24.980434,23.056724,-1.923710,nan,nan,nan
projection_baseline,2.3990,-1,0,-1.279172,-1.054868,0.883629,-0.968737,-1.424236,0.118784,0.600000,-0.350000,0.225000,2.112325,2.007019,0.658629,24.993256,23.056724,-1.936532,nan,nan,nan
projection_baseline,2.4490,-1,0,-1.260859,-1.046278,0.872215,-0.938021,-1.343516,0.060698,0.600000,-0.350000,0.225000,2.089614,1.986857,0.647215,25.043328,23.056724,-1.986604,nan,nan,nan
projection_baseline,2.5000,-1,0,-1.248466,-1.042524,0.851656,-0.896057,-1.280836,-0.198711,0.600000,-0.350000,0.225000,2.071018,1.973935,0.626656,25.105805,23.056724,-2.049081,nan,nan,nan
projection_baseline,2.5500,-1,0,-1.247504,-1.055881,0.809094,-0.865456,-1.343285,-0.468256,0.600000,-0.350000,0.225000,2.062209,1.977762,0.584094,25.137578,23.056724,-2.080854,nan,nan,nan
projection_baseline,2.5990,-1,0,-1.245681,-1.066985,0.779374,-0.794783,-1.336288,-0.397977,0.600000,-0.350000,0.225000,2.056195,1.980052,0.554374,25.161181,23.056724,-2.104457,nan,nan,nan
projection_baseline,2.6490,-1,0,-1.216802,-1.053953,0.742836,-0.833965,-1.265398,-0.314205,0.600000,-0.350000,0.225000,2.016054,1.948415,0.517836,25.213822,23.056724,-2.157098,nan,nan,nan
projection_baseline,2.7000,-1,0,-1.208346,-1.049978,0.719849,-0.873379,-1.183422,-0.405828,0.600000,-0.350000,0.225000,2.001240,1.939094,0.494849,25.239425,23.056724,-2.182701,nan,nan,nan
projection_baseline,2.7490,-1,0,-1.207555,-1.058215,0.672025,-0.844618,-1.276316,-0.477414,0.600000,-0.350000,0.225000,1.992148,1.941346,0.447025,25.283709,23.056724,-2.226985,nan,nan,nan
projection_baseline,2.8000,-1,0,-1.207910,-1.065304,0.648840,-0.858440,-1.252999,-0.443049,0.600000,-0.350000,0.225000,1.989935,1.944274,0.423840,25.286162,23.056724,-2.229438,nan,nan,nan
projection_baseline,2.8490,-1,0,-1.186263,-1.047778,0.609520,-0.906587,-1.135108,-0.559001,0.600000,-0.350000,0.225000,1.955884,1.917714,0.384520,25.302760,23.056724,-2.246037,nan,nan,nan
projection_baseline,2.8990,-1,0,-1.181075,-1.041969,0.580671,-0.923384,-1.096312,-0.551073,0.600000,-0.350000,0.225000,1.943592,1.910772,0.355671,25.307722,23.056724,-2.250998,nan,nan,nan
projection_baseline,2.9500,-1,0,-1.190048,-1.038155,0.537472,-1.012517,-0.947108,-0.437934,0.600000,-0.350000,0.225000,1.943057,1.917767,0.312472,25.315315,23.056724,-2.258591,nan,nan,nan
projection_baseline,2.9990,-1,0,-1.200320,-1.033497,0.519089,-1.079836,-0.909833,-0.342029,0.600000,-0.350000,0.225000,1.948027,1.925700,0.294089,25.308865,23.056724,-2.252141,nan,nan,nan
projection_baseline,3.0490,-1,0,-1.188795,-1.007152,0.505047,-1.044269,-0.930375,0.010873,0.600000,-0.350000,0.225000,1.926152,1.905685,0.280047,25.298839,23.056724,-2.242115,nan,nan,nan
projection_baseline,3.0990,-1,0,-1.189965,-0.995105,0.506666,-1.057467,-0.879580,0.013111,0.600000,-0.350000,0.225000,1.923401,1.902665,0.281666,25.294730,23.056724,-2.238006,nan,nan,nan
projection_baseline,3.1490,-1,0,-1.203636,-0.987845,0.493784,-1.066947,-0.888372,-0.188818,0.600000,-0.350000,0.225000,1.931888,1.913099,0.268784,25.287008,23.056724,-2.230284,nan,nan,nan
projection_baseline,3.2010,-1,0,-1.213661,-0.984944,0.485683,-1.087205,-0.943079,-0.141324,0.600000,-0.350000,0.225000,1.939195,1.921593,0.260683,25.271005,23.056724,-2.214281,nan,nan,nan
projection_baseline,3.2490,-1,0,-1.201329,-0.961077,0.478289,-1.081297,-0.926513,-0.087337,0.600000,-0.350000,0.225000,1.918947,1.902157,0.253289,25.282152,23.056724,-2.225428,nan,nan,nan
projection_baseline,3.2990,-1,0,-1.200361,-0.953878,0.470768,-1.033321,-0.939937,-0.220914,0.600000,-0.350000,0.225000,1.914777,1.898939,0.245768,25.277422,23.056724,-2.220698,nan,nan,nan
projection_baseline,3.3500,-1,0,-1.214432,-0.953195,0.456829,-1.124049,-0.880951,-0.259282,0.600000,-0.350000,0.225000,1.926072,1.912069,0.231829,25.281146,23.056724,-2.224423,nan,nan,nan
projection_baseline,3.3990,-1,0,-1.222279,-0.955453,0.446330,-1.027765,-0.966702,-0.399245,0.600000,-0.350000,0.225000,1.932941,1.920227,0.221330,25.259081,23.056724,-2.202357,nan,nan,nan
projection_baseline,3.4490,-1,0,-1.204819,-0.943488,0.420648,-0.985530,-1.063487,-0.556501,0.600000,-0.350000,0.225000,1.909942,1.899895,0.195648,25.263165,23.056724,-2.206441,nan,nan,nan
projection_baseline,3.4990,-1,0,-1.199407,-0.946172,0.394162,-0.973724,-1.087795,-0.781866,0.600000,-0.350000,0.225000,1.903130,1.895597,0.169162,25.260325,23.056724,-2.203601,nan,nan,nan
projection_baseline,3.5490,-1,0,-1.201282,-0.952708,0.360960,-0.981191,-1.027940,-0.889015,0.600000,-0.350000,0.225000,1.904300,1.899440,0.135960,25.255811,23.056724,-2.199087,nan,nan,nan
projection_baseline,3.6000,-1,0,-1.208289,-0.968168,0.297461,-0.995852,-1.125395,-0.987514,0.600000,-0.350000,0.225000,1.912404,1.911031,0.072461,25.238740,23.056724,-2.182016,nan,nan,nan
projection_baseline,3.6500,-1,0,-1.186288,-0.966318,0.251738,-0.937771,-1.189150,-0.844319,0.600000,-0.350000,0.225000,1.889811,1.889622,0.026738,25.218628,23.056724,-2.161904,nan,nan,nan
projection_baseline,3.6990,-1,0,-1.176413,-0.975720,0.221102,-0.844300,-1.251974,-0.930493,0.600000,-0.350000,0.225000,1.883397,1.883393,0.003898,25.201986,23.056724,-2.145262,nan,nan,nan
projection_baseline,3.7490,-1,0,-1.173245,-1.001490,0.162355,-0.874936,-1.230240,-0.959935,0.600000,-0.350000,0.225000,1.890175,1.889137,0.062645,25.189979,23.056724,-2.133255,nan,nan,nan
projection_baseline,3.8000,-1,0,-1.172911,-1.018836,0.130146,-0.836918,-1.302265,-0.931435,0.600000,-0.350000,0.225000,1.897249,1.894876,0.094854,25.167548,23.056724,-2.110824,nan,nan,nan
projection_baseline,3.8500,-1,0,-1.138439,-1.027793,0.079472,-0.684386,-1.472541,-1.056533,0.600000,-0.350000,0.225000,1.871564,1.865898,0.145528,25.155671,23.056724,-2.098948,nan,nan,nan
projection_baseline,3.9000,-1,0,-1.124400,-1.045290,0.048072,-0.686800,-1.561666,-0.916851,0.600000,-0.350000,0.225000,1.867696,1.859297,0.176928,25.136800,23.056724,-2.080076,nan,nan,nan
projection_baseline,3.9500,-1,0,-1.113375,-1.087358,0.010903,-0.659058,-1.653289,-0.831414,0.600000,-0.350000,0.225000,1.877548,1.865302,0.214097,25.110454,23.056724,-2.053730,nan,nan,nan
projection_baseline,3.9990,-1,0,-1.104713,-1.117857,-0.001829,-0.622481,-1.664592,-0.508563,0.600000,-0.350000,0.225000,1.883375,1.869666,0.226829,25.074273,23.056724,-2.017549,nan,nan,nan
projection_baseline,4.0500,-1,0,-1.070959,-1.131229,-0.004622,-0.669968,-1.568228,-0.357939,0.600000,-0.350000,0.225000,1.858803,1.844565,0.229622,25.049838,23.056724,-1.993114,nan,nan,nan
projection_baseline,4.0990,-1,0,-1.061702,-1.144378,-0.004991,-0.685014,-1.592296,-0.406722,0.600000,-0.350000,0.225000,1.856121,1.841817,0.229991,25.026591,23.056724,-1.969867,nan,nan,nan
projection_baseline,4.1500,-1,0,-1.054725,-1.181018,-0.019404,-0.638928,-1.585903,-0.469326,0.600000,-0.350000,0.225000,1.867736,1.851676,0.244404,25.012709,23.056724,-1.955985,nan,nan,nan
projection_baseline,4.1990,-1,0,-1.056134,-1.211104,-0.026673,-0.672132,-1.543998,-0.339746,0.600000,-0.350000,0.225000,1.883513,1.866623,0.251673,25.001566,23.056724,-1.944842,nan,nan,nan
projection_baseline,4.2490,-1,0,-1.026569,-1.208831,-0.029939,-0.631091,-1.470420,-0.379746,0.600000,-0.350000,0.225000,1.856963,1.839380,0.254939,24.984485,23.056724,-1.927761,nan,nan,nan
projection_baseline,4.2990,-1,0,-1.017979,-1.212357,-0.035122,-0.657552,-1.413201,-0.402700,0.600000,-0.350000,0.225000,1.851804,1.833444,0.260122,24.977742,23.056724,-1.921018,nan,nan,nan
projection_baseline,4.3490,-1,0,-1.012753,-1.231896,-0.038460,-0.659702,-1.416189,-0.200700,0.600000,-0.350000,0.225000,1.856912,1.838128,0.263460,24.970774,23.056724,-1.914050,nan,nan,nan
projection_baseline,4.4000,-1,0,-1.018270,-1.248987,-0.037622,-0.717133,-1.326574,-0.310747,0.600000,-0.350000,0.225000,1.869745,1.851209,0.262622,24.968891,23.056724,-1.912167,nan,nan,nan
projection_baseline,4.4490,-1,0,-0.995304,-1.222280,-0.043911,-0.674935,-1.215692,-0.489647,0.600000,-0.350000,0.225000,1.837982,1.818204,0.268911,24.971215,23.056724,-1.914491,nan,nan,nan
projection_baseline,4.5000,-1,0,-0.988263,-1.213933,-0.056553,-0.619314,-1.238031,-0.616612,0.600000,-0.350000,0.225000,1.829818,1.808027,0.281553,24.963990,23.056724,-1.907266,nan,nan,nan
projection_baseline,4.5490,-1,0,-0.985035,-1.217732,-0.086828,-0.613256,-1.255897,-0.787605,0.600000,-0.350000,0.225000,1.833720,1.807012,0.311828,24.949206,23.056724,-1.892482,nan,nan,nan
projection_baseline,4.5990,-1,0,-0.986237,-1.230343,-0.112467,-0.558712,-1.238821,-0.773829,0.600000,-0.350000,0.225000,1.845273,1.814153,0.337467,24.936763,23.056724,-1.880039,nan,nan,nan
projection_baseline,4.6490,-1,0,-0.960652,-1.207553,-0.137730,-0.596464,-1.176381,-0.745367,0.600000,-0.350000,0.225000,1.817307,1.780739,0.362730,24.930197,23.056724,-1.873473,nan,nan,nan
projection_baseline,4.7000,-1,0,-0.952717,-1.197378,-0.156943,-0.632995,-1.108775,-0.843719,0.600000,-0.350000,0.225000,1.809657,1.768892,0.381943,24.933013,23.056724,-1.876289,nan,nan,nan
projection_baseline,4.7490,-1,0,-0.949524,-1.197840,-0.197944,-0.609212,-1.183270,-0.853158,0.600000,-0.350000,0.225000,1.816243,1.766312,0.422944,24.912913,23.056724,-1.856189,nan,nan,nan
projection_baseline,4.7990,-1,0,-0.953627,-1.206658,-0.220626,-0.644309,-1.148927,-0.844670,0.600000,-0.350000,0.225000,1.829263,1.774153,0.445626,24.883405,23.056724,-1.826681,nan,nan,nan
projection_baseline,4.8490,-1,0,-0.935113,-1.180304,-0.251279,-0.692300,-1.032954,-0.967754,0.600000,-0.350000,0.225000,1.809093,1.745273,0.476279,24.858515,23.056724,-1.801791,nan,nan,nan
projection_baseline,4.8990,-1,0,-0.930261,-1.169032,-0.277236,-0.716012,-0.953266,-0.916178,0.600000,-0.350000,0.225000,1.806863,1.735659,0.502236,24.846450,23.056724,-1.789726,nan,nan,nan
projection_baseline,4.9490,-1,0,-0.937067,-1.157235,-0.313625,-0.803161,-0.844913,-0.825972,0.600000,-0.350000,0.225000,1.817779,1.736147,0.538625,24.821396,23.056724,-1.764672,nan,nan,nan
projection_baseline,5.0000,-1,0,-0.951187,-1.154199,-0.331409,-0.857689,-0.809342,-0.726463,0.600000,-0.350000,0.225000,1.833714,1.747260,0.556409,24.800298,23.056724,-1.743574,nan,nan,nan
projection_baseline,5.0500,-1,0,-0.943256,-1.119707,-0.334906,-0.830489,-0.813320,-0.358258,0.600000,-0.350000,0.225000,1.813169,1.724554,0.559906,24.769627,23.056724,-1.712903,nan,nan,nan
projection_baseline,5.0990,-1,0,-0.945257,-1.101807,-0.330055,-0.836759,-0.749081,-0.391397,0.600000,-0.350000,0.225000,1.805857,1.718439,0.555055,24.744641,23.056724,-1.687917,nan,nan,nan
projection_baseline,5.1500,-1,0,-0.957096,-1.086674,-0.335922,-0.859702,-0.753469,-0.555080,0.600000,-0.350000,0.225000,1.811593,1.722567,0.560922,24.715669,23.056724,-1.658945,nan,nan,nan
projection_baseline,5.1990,-1,0,-0.971556,-1.084608,-0.341142,-0.868774,-0.784614,-0.438053,0.600000,-0.350000,0.225000,1.824816,1.734773,0.566142,24.680033,23.056724,-1.623309,nan,nan,nan
projection_baseline,5.2500,-1,0,-0.961580,-1.053569,-0.341556,-0.845847,-0.772250,-0.649080,0.600000,-0.350000,0.225000,1.804031,1.712759,0.566556,24.637736,23.056724,-1.581012,nan,nan,nan
projection_baseline,5.2990,-1,0,-0.961547,-1.038135,-0.347718,-0.858582,-0.778761,-0.590855,0.600000,-0.350000,0.225000,1.799990,1.706446,0.572718,24.615203,23.056724,-1.558480,nan,nan,nan
projection_baseline,5.3490,-1,0,-0.972002,-1.032237,-0.367384,-0.875722,-0.781090,-0.894745,0.600000,-0.350000,0.225000,1.813162,1.713662,0.592384,24.558450,23.056724,-1.501726,nan,nan,nan
projection_baseline,5.3990,-1,0,-0.985603,-1.036443,-0.386949,-0.897547,-0.877512,-0.769405,0.600000,-0.350000,0.225000,1.832982,1.727814,0.611949,24.514469,23.056724,-1.457745,nan,nan,nan
projection_baseline,5.4490,-1,0,-0.972650,-1.021960,-0.401208,-0.819523,-0.976751,-0.845722,0.600000,-0.350000,0.225000,1.821235,1.710193,0.626208,24.456274,23.056724,-1.399551,nan,nan,nan
projection_baseline,5.4990,-1,0,-0.969874,-1.021283,-0.416630,-0.840275,-0.987100,-0.815255,0.600000,-0.350000,0.225000,1.823956,1.707374,0.641630,24.425924,23.056724,-1.369200,nan,nan,nan
projection_baseline,5.5490,-1,0,-0.973332,-1.034429,-0.441934,-0.708076,-1.076663,-0.987801,0.600000,-0.350000,0.225000,1.840819,1.715755,0.666934,24.361942,23.056724,-1.305218,nan,nan,nan
projection_baseline,5.5990,-1,0,-0.978516,-1.049404,-0.461895,-0.708806,-1.003902,-0.864327,0.600000,-0.350000,0.225000,1.858146,1.726523,0.686895,24.316525,23.056724,-1.259801,nan,nan,nan
projection_baseline,5.6490,-1,0,-0.954622,-1.037712,-0.488574,-0.664466,-1.010564,-1.176580,0.600000,-0.350000,0.225000,1.843634,1.699940,0.713574,24.259313,23.056724,-1.202590,nan,nan,nan
projection_baseline,5.6990,-1,0,-0.946202,-1.035572,-0.515273,-0.726924,-0.928617,-1.151334,0.600000,-0.350000,0.225000,1.846280,1.691375,0.740273,24.219455,23.056724,-1.162731,nan,nan,nan
projection_baseline,5.7490,-1,0,-0.944848,-1.043816,-0.556327,-0.709711,-0.935598,-1.195813,0.600000,-0.350000,0.225000,1.865049,1.693498,0.781327,24.176409,23.056724,-1.119685,nan,nan,nan
projection_baseline,5.8000,-1,0,-0.948453,-1.055581,-0.589160,-0.625294,-1.020704,-1.341589,0.600000,-0.350000,0.225000,1.886374,1.701632,0.814160,24.125940,23.056724,-1.069216,nan,nan,nan
projection_baseline,5.8490,-1,0,-0.929199,-1.047908,-0.635999,-0.627307,-1.015963,-1.448456,0.600000,-0.350000,0.225000,1.888609,1.680930,0.860999,24.059800,23.056724,-1.003076,nan,nan,nan
projection_baseline,5.9000,-1,0,-0.919728,-1.047095,-0.667478,-0.583879,-1.043664,-1.294337,0.600000,-0.350000,0.225000,1.895266,1.671980,0.892478,24.020427,23.056724,-0.963704,nan,nan,nan
projection_baseline,5.9490,-1,0,-0.913065,-1.060939,-0.710616,-0.574950,-1.198632,-1.068081,0.600000,-0.350000,0.225000,1.915771,1.671765,0.935616,23.970213,23.056724,-0.913489,nan,nan,nan
projection_baseline,5.9990,-1,0,-0.912387,-1.082178,-0.732928,-0.548164,-1.260770,-1.106822,0.600000,-0.350000,0.225000,1.934173,1.680298,0.957928,23.927976,23.056724,-0.871252,nan,nan,nan
projection_baseline,6.0500,-1,0,-0.891770,-1.083974,-0.746698,-0.580281,-1.183259,-0.941156,0.600000,-0.350000,0.225000,1.925693,1.662557,0.971698,23.880107,23.056724,-0.823383,nan,nan,nan
projection_baseline,6.0990,-1,0,-0.882139,-1.086868,-0.751173,-0.608840,-1.130492,-0.817288,0.600000,-0.350000,0.225000,1.921620,1.655207,0.976173,23.832186,23.056724,-0.775463,nan,nan,nan
projection_baseline,6.1500,-1,0,-0.878760,-1.100426,-0.750451,-0.660122,-1.045753,-0.689959,0.600000,-0.350000,0.225000,1.923896,1.658273,0.975451,23.748533,23.056724,-0.691809,nan,nan,nan
projection_baseline,6.1990,-1,0,-0.883691,-1.112007,-0.754121,-0.620815,-0.989086,-0.787977,0.600000,-0.350000,0.225000,1.934082,1.667931,0.979121,23.687269,23.056724,-0.630545,nan,nan,nan
projection_baseline,6.2520,-1,0,-0.870271,-1.092583,-0.758512,-0.595975,-0.951888,-0.888370,0.600000,-0.350000,0.225000,1.918443,1.647158,0.983512,23.623911,23.056724,-0.567188,nan,nan,nan
projection_baseline,6.2990,-1,0,-0.861413,-1.085550,-0.768880,-0.541282,-1.016419,-1.104196,0.600000,-0.350000,0.225000,1.914304,1.636081,0.993880,23.587029,23.056724,-0.530305,nan,nan,nan
projection_baseline,6.3490,-1,0,-0.855262,-1.088551,-0.790783,-0.535614,-1.003437,-0.922467,0.600000,-0.350000,0.225000,1.922254,1.631945,1.015783,23.519710,23.056724,-0.462986,nan,nan,nan
projection_baseline,6.3990,-1,0,-0.858611,-1.094835,-0.803105,-0.586135,-0.910831,-1.011547,0.600000,-0.350000,0.225000,1.933733,1.637780,1.028105,23.475812,23.056724,-0.419089,nan,nan,nan
projection_baseline,6.4490,-1,0,-0.841152,-1.074382,-0.826892,-0.613198,-0.828766,-1.207975,0.600000,-0.350000,0.225000,1.925650,1.612963,1.051892,23.417366,23.056724,-0.360642,nan,nan,nan
projection_baseline,6.4990,-1,0,-0.836649,-1.065503,-0.842809,-0.621227,-0.794132,-1.310019,0.600000,-0.350000,0.225000,1.927724,1.604962,1.067809,23.397958,23.056724,-0.341234,nan,nan,nan
projection_baseline,6.5490,-1,0,-0.839184,-1.056766,-0.878607,-0.701821,-0.798160,-1.180674,0.600000,-0.350000,0.225000,1.946462,1.603361,1.103607,23.335282,23.056724,-0.278558,nan,nan,nan
projection_baseline,6.5990,-1,0,-0.847616,-1.059109,-0.897435,-0.706520,-0.828444,-1.133036,0.600000,-0.350000,0.225000,1.964252,1.611964,1.122435,23.289654,23.056724,-0.232930,nan,nan,nan
projection_baseline,6.6490,-1,0,-0.839998,-1.040623,-0.922876,-0.693700,-0.820002,-1.397021,0.600000,-0.350000,0.225000,1.966767,1.597046,1.147876,23.209588,23.056724,-0.152864,nan,nan,nan
projection_baseline,6.6990,-1,0,-0.838121,-1.028535,-0.948787,-0.720066,-0.768349,-1.245567,0.600000,-0.350000,0.225000,1.976456,1.590158,1.173787,23.165335,23.056724,-0.108611,nan,nan,nan
projection_baseline,6.7500,-1,0,-0.842398,-1.023185,-0.963154,-0.752319,-0.712583,-1.110453,0.600000,-0.350000,0.225000,1.986303,1.591757,1.188154,23.116438,23.056724,-0.059714,nan,nan,nan
projection_baseline,6.7990,-1,0,-0.859780,-1.025025,-0.982158,-0.772283,-0.788878,-1.147355,0.600000,-0.350000,0.225000,2.010931,1.608296,1.207158,23.043638,23.056724,0.013086,nan,nan,nan
projection_baseline,6.8500,-1,0,-0.857307,-1.002767,-0.987822,-0.852463,-0.681519,-0.935535,0.600000,-0.350000,0.225000,2.005189,1.596824,1.212822,22.955678,23.056724,0.101046,nan,nan,nan
projection_baseline,6.8990,-1,0,-0.860491,-0.988355,-0.985401,-0.881059,-0.627139,-0.811319,0.600000,-0.350000,0.225000,2.001400,1.593904,1.210401,22.894077,23.056724,0.162647,nan,nan,nan
projection_baseline,6.9510,-1,0,-0.877916,-0.969390,-0.980741,-0.938935,-0.378820,-0.625870,0.600000,-0.350000,0.225000,2.005415,1.602460,1.205741,22.807523,23.056724,0.249201,nan,nan,nan
projection_baseline,6.9990,-1,0,-0.896761,-0.957258,-0.970437,-0.961391,-0.451774,-0.411692,0.600000,-0.350000,0.225000,2.009508,1.615257,1.195437,22.755269,23.056724,0.301455,nan,nan,nan
projection_baseline,7.0490,-1,0,-0.896999,-0.923770,-0.949059,-0.870113,-0.449375,-0.663703,0.600000,-0.350000,0.225000,1.987116,1.603190,1.174059,22.666810,23.056724,0.389914,nan,nan,nan
projection_baseline,7.1000,-1,0,-0.899013,-0.900490,-0.940454,-0.870529,-0.438192,-0.725131,0.600000,-0.350000,0.225000,1.976957,1.596896,1.165454,22.618253,23.056724,0.438471,nan,nan,nan
projection_baseline,7.1510,-1,0,-0.908166,-0.884938,-0.944794,-0.823044,-0.488489,-0.894740,0.600000,-0.350000,0.225000,1.982206,1.600226,1.169794,22.533638,23.056724,0.523086,nan,nan,nan
projection_baseline,7.1990,-1,0,-0.919767,-0.876834,-0.954003,-0.851235,-0.386735,-1.022236,0.600000,-0.350000,0.225000,1.994315,1.608492,1.179003,22.488157,23.056724,0.568567,nan,nan,nan
projection_baseline,7.2490,-1,0,-0.911123,-0.852881,-0.955575,-0.806746,-0.535125,-0.781254,0.600000,-0.350000,0.225000,1.982458,1.592602,1.180575,22.403566,23.056724,0.653157,nan,nan,nan
projection_baseline,7.3000,-1,0,-0.905644,-0.845533,-0.948971,-0.755261,-0.622107,-0.552837,0.600000,-0.350000,0.225000,1.972492,1.585092,1.173971,22.337915,23.056724,0.718809,nan,nan,nan
projection_baseline,7.3490,-1,0,-0.906819,-0.840139,-0.936462,-0.815255,-0.433430,-0.457497,0.600000,-0.350000,0.225000,1.964620,1.584531,1.161462,22.255237,23.056724,0.801487,nan,nan,nan
projection_baseline,7.3990,-1,0,-0.914870,-0.837351,-0.932313,-0.789596,-0.461700,-0.703484,0.600000,-0.350000,0.225000,1.967668,1.591334,1.157313,22.224229,23.056724,0.832495,nan,nan,nan
projection_baseline,7.4510,-1,0,-0.907192,-0.820186,-0.933405,-0.786181,-0.432823,-0.864918,0.600000,-0.350000,0.225000,1.958215,1.578830,1.158405,22.137235,23.056724,0.919488,nan,nan,nan
projection_baseline,7.5000,-1,0,-0.901422,-0.806021,-0.940404,-0.757172,-0.423130,-1.053231,0.600000,-0.350000,0.225000,1.954582,1.569148,1.165404,22.076643,23.056724,0.980081,nan,nan,nan
projection_baseline,7.5510,-1,0,-0.898214,-0.801127,-0.957969,-0.702491,-0.589911,-0.856523,0.600000,-0.350000,0.225000,1.961524,1.564660,1.182969,22.013265,23.056724,1.043458,nan,nan,nan
projection_baseline,7.5990,-1,0,-0.902738,-0.803412,-0.965496,-0.735365,-0.520655,-0.886612,0.600000,-0.350000,0.225000,1.970047,1.569650,1.190496,21.965602,23.056724,1.091122,nan,nan,nan
projection_baseline,7.6490,-1,0,-0.893549,-0.786129,-0.967902,-0.785084,-0.326221,-0.720091,0.600000,-0.350000,0.225000,1.960589,1.555923,1.192902,21.877994,23.056724,1.178730,nan,nan,nan
projection_baseline,7.6990,-1,0,-0.888617,-0.769488,-0.965960,-0.776972,-0.333318,-0.719199,0.600000,-0.350000,0.225000,1.952009,1.546593,1.190960,21.824107,23.056724,1.232617,nan,nan,nan
projection_baseline,7.7490,-1,0,-0.888587,-0.756360,-0.973579,-0.743843,-0.412138,-0.908720,0.600000,-0.350000,0.225000,1.953871,1.543055,1.198579,21.741224,23.056724,1.315500,nan,nan,nan
projection_baseline,7.7990,-1,0,-0.893791,-0.755845,-0.987469,-0.735404,-0.453756,-1.124437,0.600000,-0.350000,0.225000,1.966266,1.547941,1.212469,21.674067,23.056724,1.382657,nan,nan,nan
projection_baseline,7.8490,-1,0,-0.884150,-0.743078,-1.013018,-0.714351,-0.441374,-1.197787,0.600000,-0.350000,0.225000,1.972283,1.535322,1.238018,21.602641,23.056724,1.454083,nan,nan,nan
projection_baseline,7.8990,-1,0,-0.876685,-0.733917,-1.026986,-0.747503,-0.388955,-1.024175,0.600000,-0.350000,0.225000,1.973692,1.525775,1.251986,21.547805,23.056724,1.508919,nan,nan,nan
projection_baseline,7.9490,-1,0,-0.878253,-0.726222,-1.037358,-0.776193,-0.463450,-0.727937,0.600000,-0.350000,0.225000,1.979980,1.525377,1.262358,21.467154,23.056724,1.589570,nan,nan,nan
projection_baseline,7.9990,-1,0,-0.883344,-0.731066,-1.034100,-0.743960,-0.458216,-0.531471,0.600000,-0.350000,0.225000,1.982638,1.531509,1.259100,21.400768,23.056724,1.655956,nan,nan,nan
projection_baseline,8.0490,-1,0,-0.875456,-0.718479,-1.020585,-0.764655,-0.370246,-0.678563,0.600000,-0.350000,0.225000,1.965765,1.520772,1.245585,21.304201,23.056724,1.752523,nan,nan,nan
projection_baseline,8.1000,-1,0,-0.869482,-0.708180,-1.010961,-0.745460,-0.451935,-0.688630,0.600000,-0.350000,0.225000,1.953271,1.512504,1.235961,21.240842,23.056724,1.815882,nan,nan,nan
projection_baseline,8.1510,-1,0,-0.872040,-0.703112,-1.012351,-0.759992,-0.365700,-0.917762,0.600000,-0.350000,0.225000,1.955154,1.513800,1.237351,21.155516,23.056724,1.901207,nan,nan,nan
projection_baseline,8.1990,-1,0,-0.877956,-0.706217,-1.014676,-0.715679,-0.522372,-0.888787,0.600000,-0.350000,0.225000,1.961643,1.520278,1.239676,21.092993,23.056724,1.963731,nan,nan,nan
projection_baseline,8.2490,-1,0,-0.869388,-0.698968,-1.013434,-0.769134,-0.405493,-0.786465,0.600000,-0.350000,0.225000,1.953100,1.510258,1.238434,21.006747,23.056724,2.049977,nan,nan,nan
projection_baseline,8.3000,-1,0,-0.865543,-0.688962,-1.006573,-0.828873,-0.313496,-0.602800,0.600000,-0.350000,0.225000,1.944089,1.504231,1.231573,20.940612,23.056724,2.116112,nan,nan,nan
projection_baseline,8.3490,-1,0,-0.871060,-0.680826,-0.990353,-0.751250,-0.468233,-0.428133,0.600000,-0.350000,0.225000,1.936633,1.507801,1.215353,20.870877,23.056724,2.185847,nan,nan,nan
projection_baseline,8.4010,-1,0,-0.876286,-0.685321,-0.981193,-0.705992,-0.483331,-0.611094,0.600000,-0.350000,0.225000,1.935656,1.513889,1.206193,20.824503,23.056724,2.232221,nan,nan,nan
projection_baseline,8.4490,-1,0,-0.864790,-0.682240,-0.977784,-0.638498,-0.599859,-0.841136,0.600000,-0.350000,0.225000,1.924235,1.501996,1.202784,20.734370,23.056724,2.322353,nan,nan,nan
projection_baseline,8.4990,-1,0,-0.854619,-0.682903,-0.982063,-0.643345,-0.592892,-1.051961,0.600000,-0.350000,0.225000,1.919307,1.492227,1.207063,20.676081,23.056724,2.380643,nan,nan,nan
projection_baseline,8.5490,-1,0,-0.851802,-0.688650,-1.006197,-0.724483,-0.602400,-1.059903,0.600000,-0.350000,0.225000,1.933458,1.490776,1.231197,20.605073,23.056724,2.451651,nan,nan,nan
projection_baseline,8.5990,-1,0,-0.855618,-0.698514,-1.016518,-0.647731,-0.684253,-1.039106,0.600000,-0.350000,0.225000,1.944647,1.496759,1.241518,20.559907,23.056724,2.496816,nan,nan,nan
projection_baseline,8.6500,-1,0,-0.839481,-0.706785,-1.032803,-0.489238,-0.909561,-1.124897,0.600000,-0.350000,0.225000,1.944600,1.483038,1.257803,20.485501,23.056724,2.571223,nan,nan,nan
projection_baseline,8.7000,-1,0,-0.823175,-0.719588,-1.045328,-0.388844,-1.067501,-1.178126,0.600000,-0.350000,0.225000,1.943131,1.470382,1.270328,20.439041,23.056724,2.617683,nan,nan,nan
projection_baseline,8.7490,-1,0,-0.798770,-0.761323,-1.076054,-0.246529,-1.300885,-1.321404,0.600000,-0.350000,0.225000,1.954095,1.457994,1.301054,20.370419,23.056724,2.686305,nan,nan,nan
projection_baseline,8.7990,-1,0,-0.785307,-0.797434,-1.098829,-0.225593,-1.326334,-1.268392,0.600000,-0.350000,0.225000,1.967688,1.455772,1.323829,20.314998,23.056724,2.741726,nan,nan,nan
projection_baseline,8.8490,-1,0,-0.747409,-0.839855,-1.117684,-0.172454,-1.489702,-1.104604,0.600000,-0.350000,0.225000,1.964248,1.433691,1.342684,20.238109,23.056724,2.818614,nan,nan,nan
projection_baseline,8.8990,-1,0,-0.727834,-0.864278,-1.118766,-0.147952,-1.541190,-0.938028,0.600000,-0.350000,0.225000,1.957890,1.423947,1.343766,20.188005,23.056724,2.868719,nan,nan,nan
projection_baseline,8.9510,-1,0,-0.699029,-0.917714,-1.122187,-0.134433,-1.528868,-0.803113,0.600000,-0.350000,0.225000,1.955681,1.417666,1.347187,20.118963,23.056724,2.937760,nan,nan,nan
projection_baseline,8.9990,-1,0,-0.684140,-0.957738,-1.126313,-0.105416,-1.520164,-0.991154,0.600000,-0.350000,0.225000,1.960716,1.420690,1.351313,20.075357,23.056724,2.981367,nan,nan,nan
projection_baseline,9.0490,-1,0,-0.657107,-0.990532,-1.129686,-0.111083,-1.509705,-0.771899,0.600000,-0.350000,0.225000,1.955958,1.410886,1.354686,20.006724,23.056724,3.050000,nan,nan,nan
projection_baseline,9.0990,-1,0,-0.640045,-1.001222,-1.121212,-0.209132,-1.380903,-0.713161,0.600000,-0.350000,0.225000,1.942701,1.400643,1.346212,19.966398,23.056724,3.090326,nan,nan,nan
projection_baseline,9.1500,-1,0,-0.623223,-1.025860,-1.105632,-0.225491,-1.285386,-0.466519,0.600000,-0.350000,0.225000,1.929674,1.397520,1.330632,19.902606,23.056724,3.154117,nan,nan,nan
projection_baseline,9.1990,-1,0,-0.618723,-1.043902,-1.092967,-0.226541,-1.210672,-0.590431,0.600000,-0.350000,0.225000,1.924531,1.402421,1.317967,19.862751,23.056724,3.193973,nan,nan,nan
projection_baseline,9.2490,-1,0,-0.605359,-1.044474,-1.082901,-0.196742,-1.121817,-0.737352,0.600000,-0.350000,0.225000,1.909395,1.391109,1.307901,19.803220,23.056724,3.253504,nan,nan,nan
projection_baseline,9.3000,-1,0,-0.592876,-1.038776,-1.078525,-0.124972,-1.242930,-0.873761,0.600000,-0.350000,0.225000,1.896455,1.377449,1.303525,19.763195,23.056724,3.293529,nan,nan,nan
projection_baseline,9.3490,-1,0,-0.577663,-1.047709,-1.077346,-0.116105,-1.223741,-0.757922,0.600000,-0.350000,0.225000,1.889389,1.368827,1.302346,19.704063,23.056724,3.352661,nan,nan,nan
projection_baseline,9.3990,-1,0,-0.571772,-1.058597,-1.072011,-0.151071,-1.129900,-0.652606,0.600000,-0.350000,0.225000,1.886106,1.369365,1.297011,19.673543,23.056724,3.383181,nan,nan,nan
projection_baseline,9.4500,-1,0,-0.560396,-1.051935,-1.064065,-0.161920,-1.053210,-0.595055,0.600000,-0.350000,0.225000,1.871074,1.356182,1.289065,19.615515,23.056724,3.441209,nan,nan,nan
projection_baseline,9.5000,-1,0,-0.549211,-1.042447,-1.049100,-0.151447,-1.033360,-0.416085,0.600000,-0.350000,0.225000,1.850270,1.341704,1.274100,19.579384,23.056724,3.477340,nan,nan,nan
projection_baseline,9.5490,-1,0,-0.538593,-1.043439,-1.020407,-0.168713,-1.122999,-0.265011,0.600000,-0.350000,0.225000,1.824360,1.333136,1.245407,19.516274,23.056724,3.540450,nan,nan,nan
projection_baseline,9.5990,-1,0,-0.535179,-1.053242,-1.000122,-0.156664,-1.122208,-0.263552,0.600000,-0.350000,0.225000,1.812210,1.335357,1.225122,19.467843,23.056724,3.588881,nan,nan,nan
projection_baseline,9.6490,-1,0,-0.525018,-1.053056,-0.973920,-0.112276,-1.203456,-0.350691,0.600000,-0.350000,0.225000,1.788117,1.326632,1.198920,19.409203,23.056724,3.647521,nan,nan,nan
projection_baseline,9.6990,-1,0,-0.514191,-1.051338,-0.958332,-0.120655,-1.198488,-0.471945,0.600000,-0.350000,0.225000,1.770190,1.316547,1.183332,19.381723,23.056724,3.675001,nan,nan,nan
projection_baseline,9.7490,-1,0,-0.503392,-1.060939,-0.949525,-0.097065,-1.256067,-0.677165,0.600000,-0.350000,0.225000,1.761367,1.312595,1.174525,19.322340,23.056724,3.734384,nan,nan,nan
projection_baseline,9.7990,-1,0,-0.498364,-1.077505,-0.953078,-0.086538,-1.301377,-0.916291,0.600000,-0.350000,0.225000,1.767352,1.317447,1.178078,19.287385,23.056724,3.769338,nan,nan,nan
projection_baseline,9.8500,-1,0,-0.488264,-1.084022,-0.967953,-0.164701,-1.282540,-0.975814,0.600000,-0.350000,0.225000,1.773766,1.312672,1.192953,19.241213,23.056724,3.815511,nan,nan,nan
projection_baseline,9.9000,-1,0,-0.481531,-1.082366,-0.975472,-0.176086,-1.191780,-0.880177,0.600000,-0.350000,0.225000,1.774036,1.306166,1.200472,19.220171,23.056724,3.836553,nan,nan,nan
projection_baseline,9.9490,-1,0,-0.477860,-1.089898,-0.987045,-0.204162,-1.177147,-0.824585,0.600000,-0.350000,0.225000,1.782775,1.307376,1.212045,19.172398,23.056724,3.884326,nan,nan,nan
projection_baseline,10.0000,-1,0,-0.479319,-1.099683,-0.992485,-0.248702,-1.140411,-0.739306,0.600000,-0.350000,0.225000,1.791431,1.314137,1.217485,19.132459,23.056724,3.924265,nan,nan,nan
projection_baseline,10.0490,-1,0,-0.474976,-1.095021,-0.989002,-0.202174,-1.181221,-0.575189,0.600000,-0.350000,0.225000,1.784497,1.307910,1.214002,19.082105,23.056724,3.974619,nan,nan,nan
projection_baseline,10.0990,-1,0,-0.470177,-1.089140,-0.977405,-0.181863,-1.223347,-0.463758,0.600000,-0.350000,0.225000,1.771266,1.300618,1.202405,19.053902,23.056724,4.002821,nan,nan,nan
projection_baseline,10.1490,-1,0,-0.464997,-1.096043,-0.966510,-0.180291,-1.167993,-0.444824,0.600000,-0.350000,0.225000,1.763660,1.300308,1.191510,18.995625,23.056724,4.061098,nan,nan,nan
projection_baseline,10.1990,-1,0,-0.465933,-1.105463,-0.957469,-0.172134,-1.192154,-0.444442,0.600000,-0.350000,0.225000,1.762150,1.306498,1.182469,18.946402,23.056724,4.110321,nan,nan,nan
projection_baseline,10.2490,-1,0,-0.458609,-1.104500,-0.949064,-0.137654,-1.194819,-0.512076,0.600000,-0.350000,0.225000,1.751671,1.299971,1.174064,18.891862,23.056724,4.164862,nan,nan,nan
projection_baseline,10.3000,-1,0,-0.451316,-1.097956,-0.939534,-0.163135,-1.120901,-0.381727,0.600000,-0.350000,0.225000,1.738057,1.290234,1.164534,18.846006,23.056724,4.210718,nan,nan,nan
projection_baseline,10.3490,-1,0,-0.446217,-1.097204,-0.918598,-0.230834,-0.984652,-0.364490,0.600000,-0.350000,0.225000,1.720669,1.285646,1.143598,18.772468,23.056724,4.284256,nan,nan,nan
projection_baseline,10.3990,-1,0,-0.446853,-1.101362,-0.909711,-0.190305,-1.021349,-0.593587,0.600000,-0.350000,0.225000,1.716979,1.288583,1.134711,18.742557,23.056724,4.314167,nan,nan,nan
projection_baseline,10.4490,-1,0,-0.443539,-1.089755,-0.906695,-0.251104,-0.925814,-0.689392,0.600000,-0.350000,0.225000,1.707906,1.279145,1.131695,18.681741,23.056724,4.374982,nan,nan,nan
projection_baseline,10.4990,-1,0,-0.443285,-1.070412,-0.904519,-0.319610,-0.786838,-0.712132,0.600000,-0.350000,0.225000,1.698013,1.267847,1.129519,18.632798,23.056724,4.423926,nan,nan,nan
projection_baseline,10.5490,-1,0,-0.445853,-1.056307,-0.905073,-0.204811,-0.975276,-0.733548,0.600000,-0.350000,0.225000,1.694032,1.262014,1.130073,18.570583,23.056724,4.486141,nan,nan,nan
projection_baseline,10.5990,-1,0,-0.445181,-1.062834,-0.908636,-0.119528,-1.126095,-0.784284,0.600000,-0.350000,0.225000,1.698725,1.265123,1.133636,18.546891,23.056724,4.509832,nan,nan,nan
projection_baseline,10.6490,-1,0,-0.437870,-1.067968,-0.919435,-0.147996,-1.102620,-0.867801,0.600000,-0.350000,0.225000,1.703638,1.262003,1.144435,18.491744,23.056724,4.564980,nan,nan,nan
projection_baseline,10.6990,-1,0,-0.427183,-1.064594,-0.920448,-0.119966,-1.076771,-0.735717,0.600000,-0.350000,0.225000,1.696408,1.251299,1.145448,18.453713,23.056724,4.603011,nan,nan,nan
projection_baseline,10.7500,-1,0,-0.418389,-1.066664,-0.923609,-0.134952,-0.933044,-0.719801,0.600000,-0.350000,0.225000,1.694115,1.245280,1.148609,18.405114,23.056724,4.651609,nan,nan,nan
projection_baseline,10.8010,-1,0,-0.415391,-1.068776,-0.927712,-0.134754,-0.833551,-0.854045,0.600000,-0.350000,0.225000,1.695996,1.244048,1.152712,18.365900,23.056724,4.690823,nan,nan,nan
projection_baseline,10.8490,-1,0,-0.409481,-1.055844,-0.929704,-0.159232,-0.751318,-0.608861,0.600000,-0.350000,0.225000,1.688374,1.231774,1.154704,18.307596,23.056724,4.749128,nan,nan,nan
projection_baseline,10.9000,-1,0,-0.401463,-1.036129,-0.923761,-0.123029,-0.782089,-0.625332,0.600000,-0.350000,0.225000,1.671332,1.213960,1.148761,18.267848,23.056724,4.788876,nan,nan,nan
projection_baseline,10.9490,-1,0,-0.393707,-1.015202,-0.912757,-0.133862,-0.695919,-0.645420,0.600000,-0.350000,0.225000,1.650587,1.195804,1.137757,18.222382,23.056724,4.834342,nan,nan,nan
projection_baseline,10.9990,-1,0,-0.390352,-1.011839,-0.909266,-0.085606,-0.830814,-0.499941,0.600000,-0.350000,0.225000,1.644806,1.191145,1.134266,18.162548,23.056724,4.894176,nan,nan,nan
projection_baseline,11.0490,-1,0,-0.382786,-1.000077,-0.892209,-0.146670,-0.681293,-0.340531,0.600000,-0.350000,0.225000,1.623769,1.178333,1.117209,18.095680,23.056724,4.961043,nan,nan,nan
projection_baseline,11.0990,-1,0,-0.375702,-0.978665,-0.869231,-0.166671,-0.656866,-0.252567,0.600000,-0.350000,0.225000,1.595166,1.160696,1.094231,18.046143,23.056724,5.010581,nan,nan,nan
projection_baseline,11.1490,-1,0,-0.372937,-0.964450,-0.836886,-0.189352,-0.719208,0.027200,0.600000,-0.350000,0.225000,1.565809,1.150720,1.061886,17.967068,23.056724,5.089656,nan,nan,nan
projection_baseline,11.1990,-1,0,-0.371911,-0.965639,-0.808921,-0.105405,-0.846336,-0.021312,0.600000,-0.350000,0.225000,1.546808,1.150488,1.033921,17.927370,23.056724,5.129354,nan,nan,nan
projection_baseline,11.2490,-1,0,-0.365201,-0.963587,-0.779369,-0.115523,-0.864613,-0.249370,0.600000,-0.350000,0.225000,1.522123,1.143723,1.004369,17.880802,23.056724,5.175922,nan,nan,nan
projection_baseline,11.2990,-1,0,-0.358145,-0.957259,-0.767352,-0.107754,-0.879374,-0.470172,0.600000,-0.350000,0.225000,1.507172,1.134374,0.992352,17.829379,23.056724,5.227344,nan,nan,nan
projection_baseline,11.3490,-1,0,-0.349001,-0.963665,-0.756554,-0.066189,-0.994558,-0.523748,0.600000,-0.350000,0.225000,1.496876,1.130127,0.981554,17.772842,23.056724,5.283881,nan,nan,nan
projection_baseline,11.3990,-1,0,-0.346106,-0.975112,-0.755471,-0.109628,-0.966917,-0.503779,0.600000,-0.350000,0.225000,1.499068,1.133967,0.980471,17.744189,23.056724,5.312535,nan,nan,nan
projection_baseline,11.4490,-1,0,-0.342924,-0.986299,-0.750982,-0.088947,-1.022912,-0.590419,0.600000,-0.350000,0.225000,1.498841,1.137533,0.975982,17.702992,23.056724,5.353732,nan,nan,nan
projection_baseline,11.5000,-1,0,-0.333161,-0.983044,-0.755440,-0.136418,-1.053916,-0.674562,0.600000,-0.350000,0.225000,1.494254,1.127623,0.980440,17.640953,23.056724,5.415771,nan,nan,nan
projection_baseline,11.5490,-1,0,-0.330283,-0.991792,-0.761760,-0.173398,-1.001344,-0.726954,0.600000,-0.350000,0.225000,1.500340,1.130187,0.986760,17.555397,23.056724,5.501327,nan,nan,nan
projection_baseline,11.5990,-1,0,-0.332448,-0.996156,-0.760470,-0.218558,-0.745579,-0.464072,0.600000,-0.350000,0.225000,1.502707,1.134450,0.985470,17.518260,23.056724,5.538464,nan,nan,nan
projection_baseline,11.6510,-1,0,-0.335480,-0.986145,-0.757943,-0.224268,-0.714175,-0.693823,0.600000,-0.350000,0.225000,1.498659,1.131284,0.982943,17.466443,23.056724,5.590281,nan,nan,nan
projection_baseline,11.6990,-1,0,-0.334617,-0.966904,-0.754734,-0.226218,-0.603124,-0.497763,0.600000,-0.350000,0.225000,1.487937,1.119857,0.979734,17.427079,23.056724,5.629645,nan,nan,nan
projection_baseline,11.7500,-1,0,-0.338508,-0.941069,-0.739518,-0.274416,-0.390156,-0.313563,0.600000,-0.350000,0.225000,1.469849,1.109126,0.964518,17.382013,23.056724,5.674711,nan,nan,nan
projection_baseline,11.7990,-1,0,-0.345104,-0.924317,-0.729128,-0.325451,-0.301843,-0.418806,0.600000,-0.350000,0.225000,1.460624,1.105921,0.954128,17.344696,23.056724,5.712028,nan,nan,nan
projection_baseline,11.8490,-1,0,-0.350778,-0.894514,-0.716369,-0.277861,-0.412139,-0.327615,0.600000,-0.350000,0.225000,1.444524,1.095662,0.941369,17.279874,23.056724,5.776850,nan,nan,nan
projection_baseline,11.8990,-1,0,-0.350839,-0.872141,-0.697956,-0.238879,-0.513222,-0.100434,0.600000,-0.350000,0.225000,1.424280,1.084770,0.922956,17.249756,23.056724,5.806967,nan,nan,nan
projection_baseline,11.9490,-1,0,-0.353296,-0.848210,-0.667882,-0.235057,-0.432241,-0.284821,0.600000,-0.350000,0.225000,1.397936,1.075633,0.892882,17.189183,23.056724,5.867540,nan,nan,nan
projection_baseline,11.9990,-1,0,-0.357062,-0.838978,-0.656802,-0.250676,-0.433209,-0.342854,0.600000,-0.350000,0.225000,1.390195,1.074741,0.881802,17.151188,23.056724,5.905536,nan,nan,nan
projection_baseline,12.0490,-1,0,-0.359616,-0.823144,-0.635114,-0.271918,-0.494667,-0.166452,0.600000,-0.350000,0.225000,1.372780,1.069920,0.860114,17.102338,23.056724,5.954386,nan,nan,nan
projection_baseline,12.1010,-1,0,-0.358109,-0.805464,-0.616875,-0.314547,-0.331634,-0.102380,0.600000,-0.350000,0.225000,1.354317,1.060858,0.841875,17.052499,23.056724,6.004225,nan,nan,nan
projection_baseline,12.1490,-1,0,-0.362808,-0.780570,-0.594813,-0.384786,-0.236958,-0.314025,0.600000,-0.350000,0.225000,1.335846,1.054699,0.819813,17.002614,23.056724,6.054110,nan,nan,nan
projection_baseline,12.2000,-1,0,-0.369781,-0.766981,-0.589096,-0.331594,-0.202068,-0.436368,0.600000,-0.350000,0.225000,1.333079,1.055627,0.814096,16.952729,23.056724,6.103995,nan,nan,nan
projection_baseline,12.2490,-1,0,-0.374416,-0.748331,-0.589449,-0.298616,-0.235895,-0.615681,0.600000,-0.350000,0.225000,1.330970,1.052689,0.814449,16.898592,23.056724,6.158132,nan,nan,nan
projection_baseline,12.3000,-1,0,-0.371038,-0.729370,-0.595550,-0.231379,-0.361282,-0.729723,0.600000,-0.350000,0.225000,1.326702,1.042514,0.820550,16.865236,23.056724,6.191487,nan,nan,nan
projection_baseline,12.3490,-1,0,-0.370195,-0.711869,-0.607476,-0.279791,-0.348519,-0.600165,0.600000,-0.350000,0.225000,1.328625,1.035484,0.832476,16.808331,23.056724,6.248393,nan,nan,nan
projection_baseline,12.3990,-1,0,-0.371958,-0.709333,-0.610064,-0.217854,-0.518328,-0.492224,0.600000,-0.350000,0.225000,1.330848,1.036254,0.835064,16.792198,23.056724,6.264525,nan,nan,nan
projection_baseline,12.4520,-1,0,-0.369519,-0.710012,-0.614440,-0.205172,-0.478537,-0.576401,0.600000,-0.350000,0.225000,1.332004,1.034203,0.839440,16.736452,23.056724,6.320272,nan,nan,nan
projection_baseline,12.5000,-1,0,-0.363667,-0.700290,-0.611314,-0.221296,-0.540076,-0.543790,0.600000,-0.350000,0.225000,1.323170,1.025357,0.836314,16.694345,23.056724,6.362379,nan,nan,nan
projection_baseline,12.5490,-1,0,-0.357469,-0.704428,-0.612378,-0.125130,-0.566105,-0.520199,0.600000,-0.350000,0.225000,1.320443,1.020963,0.837378,16.630249,23.056724,6.426475,nan,nan,nan
projection_baseline,12.6000,-1,0,-0.354043,-0.709406,-0.610069,-0.135573,-0.555361,-0.466872,0.600000,-0.350000,0.225000,1.317843,1.019495,0.835069,16.598852,23.056724,6.457872,nan,nan,nan
projection_baseline,12.6490,-1,0,-0.350583,-0.710585,-0.609460,-0.180410,-0.479264,-0.654083,0.600000,-0.350000,0.225000,1.315277,1.016676,0.834460,16.546796,23.056724,6.509928,nan,nan,nan
projection_baseline,12.6990,-1,0,-0.344135,-0.701244,-0.614771,-0.212279,-0.382216,-0.722436,0.600000,-0.350000,0.225000,1.311480,1.007355,0.839771,16.498747,23.056724,6.557977,nan,nan,nan
projection_baseline,12.7510,-1,0,-0.340552,-0.687638,-0.624575,-0.248635,-0.297990,-0.667832,0.600000,-0.350000,0.225000,1.311646,0.999318,0.849575,16.422265,23.056724,6.634459,nan,nan,nan
projection_baseline,12.7990,-1,0,-0.341951,-0.682716,-0.636833,-0.262875,-0.256275,-0.855264,0.600000,-0.350000,0.225000,1.319366,0.998985,0.861833,16.393482,23.056724,6.663242,nan,nan,nan
projection_baseline,12.8490,-1,0,-0.342266,-0.674417,-0.661041,-0.217624,-0.366352,-1.000861,0.600000,-0.350000,0.225000,1.333484,0.996550,0.886041,16.338500,23.056724,6.718224,nan,nan,nan
projection_baseline,12.9010,-1,0,-0.339314,-0.660010,-0.674209,-0.235644,-0.306483,-0.955725,0.600000,-0.350000,0.225000,1.336786,0.989150,0.899209,16.303093,23.056724,6.753631,nan,nan,nan
projection_baseline,12.9500,-1,0,-0.335745,-0.645700,-0.703284,-0.141989,-0.301921,-0.999023,0.600000,-0.350000,0.225000,1.350839,0.981354,0.928284,16.246291,23.056724,6.810433,nan,nan,nan
projection_baseline,12.9990,-1,0,-0.332969,-0.641687,-0.721930,-0.130799,-0.331268,-0.873307,0.600000,-0.350000,0.225000,1.360951,0.977503,0.946930,16.193868,23.056724,6.862855,nan,nan,nan
projection_baseline,13.0490,-1,0,-0.327759,-0.638922,-0.736657,-0.140024,-0.367073,-0.751222,0.600000,-0.350000,0.225000,1.367113,0.971706,0.961657,16.139670,23.056724,6.917054,nan,nan,nan
projection_baseline,13.1000,-1,0,-0.322236,-0.627387,-0.740137,-0.204557,-0.298326,-0.811176,0.600000,-0.350000,0.225000,1.363434,0.963049,0.965137,16.080729,23.056724,6.975995,nan,nan,nan
projection_baseline,13.1490,-1,0,-0.319012,-0.610182,-0.753767,-0.203607,-0.172859,-0.988229,0.600000,-0.350000,0.225000,1.367575,0.955132,0.978767,15.998098,23.056724,7.058626,nan,nan,nan
projection_baseline,13.1990,-1,0,-0.318519,-0.605169,-0.772020,-0.136830,-0.371553,-0.935591,0.600000,-0.350000,0.225000,1.379434,0.953304,0.997020,15.941140,23.056724,7.115584,nan,nan,nan
projection_baseline,13.2490,-1,0,-0.314383,-0.601890,-0.783219,-0.145347,-0.336735,-0.800923,0.600000,-0.350000,0.225000,1.384215,0.948443,1.008219,15.888839,23.056724,7.167885,nan,nan,nan
projection_baseline,13.2990,-1,0,-0.306916,-0.594316,-0.786519,-0.122199,-0.346056,-0.681729,0.600000,-0.350000,0.225000,1.380347,0.939248,1.011519,15.842093,23.056724,7.214631,nan,nan,nan
projection_baseline,13.3490,-1,0,-0.300311,-0.585008,-0.787513,-0.180640,-0.313482,-0.595814,0.600000,-0.350000,0.225000,1.375126,0.930477,1.012513,15.771066,23.056724,7.285658,nan,nan,nan
projection_baseline,13.3990,-1,0,-0.298742,-0.583837,-0.784919,-0.164006,-0.302576,-0.461680,0.600000,-0.350000,0.225000,1.371989,0.928664,1.009919,15.725795,23.056724,7.330929,nan,nan,nan
projection_baseline,13.4490,-1,0,-0.297195,-0.575424,-0.775294,-0.187548,-0.115110,-0.475990,0.600000,-0.350000,0.225000,1.362484,0.925081,1.000294,15.655397,23.056724,7.401327,nan,nan,nan
projection_baseline,13.4990,-1,0,-0.293631,-0.558805,-0.770860,-0.167783,-0.148921,-0.679367,0.600000,-0.350000,0.225000,1.354220,0.917701,0.995860,15.604008,23.056724,7.452716,nan,nan,nan
projection_baseline,13.5490,-1,0,-0.290333,-0.539171,-0.779168,-0.180742,-0.074639,-0.896523,0.600000,-0.350000,0.225000,1.355297,0.910208,1.004168,15.535035,23.056724,7.521689,nan,nan,nan
projection_baseline,13.5990,-1,0,-0.291253,-0.526343,-0.790667,-0.213069,-0.004827,-0.867910,0.600000,-0.350000,0.225000,1.362721,0.908531,1.015667,15.489706,23.056724,7.567018,nan,nan,nan
projection_baseline,13.6490,-1,0,-0.293677,-0.505203,-0.799351,-0.224352,0.015126,-0.733761,0.600000,-0.350000,0.225000,1.368226,0.907054,1.024351,15.426000,23.056724,7.630724,nan,nan,nan
projection_baseline,13.7000,-1,0,-0.293188,-0.486828,-0.797399,-0.235253,-0.087298,-0.571161,0.600000,-0.350000,0.225000,1.364480,0.903607,1.022399,15.385883,23.056724,7.670841,nan,nan,nan
projection_baseline,13.7490,-1,0,-0.291387,-0.472185,-0.793259,-0.126835,-0.168917,-0.676069,0.600000,-0.350000,0.225000,1.358805,0.899722,1.018259,15.313261,23.056724,7.743463,nan,nan,nan
projection_baseline,13.8000,-1,0,-0.287824,-0.469598,-0.795451,-0.039227,-0.255506,-0.668180,0.600000,-0.350000,0.225000,1.357886,0.895843,1.020451,15.272468,23.056724,7.784256,nan,nan,nan
projection_baseline,13.8490,-1,0,-0.282817,-0.467325,-0.790320,-0.077033,-0.228367,-0.458581,0.600000,-0.350000,0.225000,1.350558,0.890579,1.015320,15.214517,23.056724,7.842207,nan,nan,nan
projection_baseline,13.8990,-1,0,-0.274650,-0.461959,-0.778642,-0.093335,-0.312175,-0.302176,0.600000,-0.350000,0.225000,1.335981,0.881787,1.003642,15.164301,23.056724,7.892423,nan,nan,nan
projection_baseline,13.9490,-1,0,-0.267237,-0.459703,-0.747034,-0.134935,-0.265291,0.036110,0.600000,-0.350000,0.225000,1.307281,0.874148,0.972034,15.103233,23.056724,7.953491,nan,nan,nan
projection_baseline,13.9990,-1,0,-0.266295,-0.460934,-0.722164,-0.204495,-0.204030,0.017876,0.600000,-0.350000,0.225000,1.288369,0.873369,0.947164,15.061656,23.056724,7.995068,nan,nan,nan
projection_baseline,14.0490,-1,0,-0.266670,-0.461589,-0.693808,-0.179300,-0.227075,-0.140433,0.600000,-0.350000,0.225000,1.267981,0.873824,0.918808,15.000014,23.056724,8.056710,nan,nan,nan
projection_baseline,14.0990,-1,0,-0.264499,-0.451506,-0.672781,-0.223822,-0.133825,-0.030576,0.600000,-0.350000,0.225000,1.250469,0.870437,0.897781,14.973019,23.056724,8.083705,nan,nan,nan
projection_baseline,14.1490,-1,0,-0.263484,-0.442094,-0.641924,-0.191045,-0.175223,-0.169744,0.600000,-0.350000,0.225000,1.227047,0.868382,0.866924,14.893784,23.056724,8.162939,nan,nan,nan
projection_baseline,14.1990,-1,0,-0.264688,-0.440963,-0.630890,-0.180329,-0.263577,-0.360793,0.600000,-0.350000,0.225000,1.220044,0.869459,0.855890,14.853703,23.056724,8.203021,nan,nan,nan
projection_baseline,14.2490,-1,0,-0.267196,-0.443628,-0.626295,-0.200024,-0.246023,-0.518923,0.600000,-0.350000,0.225000,1.218810,0.872236,0.851295,14.818133,23.056724,8.238591,nan,nan,nan
projection_baseline,14.3000,-1,0,-0.263194,-0.439992,-0.631575,-0.144931,-0.430394,-0.498131,0.600000,-0.350000,0.225000,1.219395,0.867872,0.856575,14.771840,23.056724,8.284884,nan,nan,nan
projection_baseline,14.3490,-1,0,-0.257095,-0.453427,-0.627926,-0.083389,-0.563625,-0.249440,0.600000,-0.350000,0.225000,1.213586,0.863313,0.852926,14.719769,23.056724,8.336955,nan,nan,nan
projection_baseline,14.3990,-1,0,-0.252901,-0.467376,-0.624021,-0.059749,-0.584221,-0.411609,0.600000,-0.350000,0.225000,1.209154,0.860939,0.849021,14.699004,23.056724,8.357720,nan,nan,nan
projection_baseline,14.4500,-1,0,-0.246492,-0.490113,-0.624897,-0.011686,-0.717825,-0.549421,0.600000,-0.350000,0.225000,1.207686,0.858010,0.849897,14.657780,23.056724,8.398944,nan,nan,nan
projection_baseline,14.4990,-1,0,-0.236118,-0.502222,-0.625842,0.007332,-0.765096,-0.555898,0.600000,-0.350000,0.225000,1.202579,0.849862,0.850842,14.616429,23.056724,8.440295,nan,nan,nan
projection_baseline,14.5490,-1,0,-0.223446,-0.522907,-0.618265,-0.046994,-0.637067,-0.310849,0.600000,-0.350000,0.225000,1.191242,0.841404,0.843265,14.577084,23.056724,8.479640,nan,nan,nan
projection_baseline,14.5990,-1,0,-0.218994,-0.536268,-0.610667,-0.010538,-0.643671,-0.258235,0.600000,-0.350000,0.225000,1.184815,0.839908,0.835667,14.537271,23.056724,8.519453,nan,nan,nan
projection_baseline,14.6490,-1,0,-0.209479,-0.556551,-0.602912,0.001952,-0.595142,-0.412353,0.600000,-0.350000,0.225000,1.176162,0.835416,0.827912,14.485075,23.056724,8.571649,nan,nan,nan
projection_baseline,14.6990,-1,0,-0.204605,-0.553096,-0.598675,0.004241,-0.523146,-0.499569,0.600000,-0.350000,0.225000,1.169221,0.829841,0.823675,14.446522,23.056724,8.610202,nan,nan,nan
projection_baseline,14.7500,-1,0,-0.194719,-0.555566,-0.600797,0.060795,-0.649707,-0.588603,0.600000,-0.350000,0.225000,1.164378,0.820875,0.825797,14.403415,23.056724,8.653309,nan,nan,nan
projection_baseline,14.7990,-1,0,-0.189117,-0.562129,-0.599943,0.027342,-0.580400,-0.448932,0.600000,-0.350000,0.225000,1.161136,0.817132,0.824943,14.375420,23.056724,8.681303,nan,nan,nan
projection_baseline,14.8490,-1,0,-0.181755,-0.572041,-0.602850,0.057960,-0.587008,-0.589192,0.600000,-0.350000,0.225000,1.160077,0.812677,0.827850,14.321196,23.056724,8.735528,nan,nan,nan
projection_baseline,14.9000,-1,0,-0.175043,-0.568086,-0.599614,0.041263,-0.622497,-0.356464,0.600000,-0.350000,0.225000,1.152494,0.805142,0.824614,14.284800,23.056724,8.771924,nan,nan,nan
projection_baseline,14.9490,-1,0,-0.168990,-0.570620,-0.586133,0.005168,-0.585999,-0.440202,0.600000,-0.350000,0.225000,1.139278,0.800012,0.811133,14.235565,23.056724,8.821159,nan,nan,nan
projection_baseline,15.0000,-1,0,-0.167048,-0.575231,-0.580587,-0.031976,-0.572053,-0.474931,0.600000,-0.350000,0.225000,1.134929,0.799432,0.805587,14.198843,23.056724,8.857881,nan,nan,nan
projection_baseline,15.0490,-1,0,-0.162701,-0.587587,-0.579113,0.045869,-0.673442,-0.547676,0.600000,-0.350000,0.225000,1.133472,0.798850,0.804113,14.146832,23.056724,8.909892,nan,nan,nan
projection_baseline,15.1010,-1,0,-0.158165,-0.586767,-0.577707,-0.010453,-0.629954,-0.410774,0.600000,-0.350000,0.225000,1.129253,0.794275,0.802707,14.114865,23.056724,8.941859,nan,nan,nan
projection_baseline,15.1500,-1,0,-0.154727,-0.591688,-0.579016,0.036683,-0.672872,-0.623742,0.600000,-0.350000,0.225000,1.128923,0.792480,0.804016,14.054155,23.056724,9.002569,nan,nan,nan
projection_baseline,15.1990,-1,0,-0.151429,-0.599936,-0.586324,0.042587,-0.742932,-0.604132,0.600000,-0.350000,0.225000,1.133737,0.791905,0.811324,14.016029,23.056724,9.040695,nan,nan,nan
projection_baseline,15.2490,-1,0,-0.147505,-0.615051,-0.593181,0.016920,-0.681965,-0.586034,0.600000,-0.350000,0.225000,1.139490,0.793105,0.818181,13.973346,23.056724,9.083378,nan,nan,nan
projection_baseline,15.3000,-1,0,-0.144441,-0.610886,-0.596580,-0.002903,-0.601388,-0.712968,0.600000,-0.350000,0.225000,1.138967,0.788830,0.821580,13.936990,23.056724,9.119734,nan,nan,nan
projection_baseline,15.3490,-1,0,-0.142868,-0.606905,-0.613077,-0.048255,-0.494235,-0.747449,0.600000,-0.350000,0.225000,1.149011,0.786036,0.838077,13.898742,23.056724,9.157982,nan,nan,nan
projection_baseline,15.3990,-1,0,-0.144487,-0.603359,-0.623475,-0.081263,-0.350718,-0.716959,0.600000,-0.350000,0.225000,1.156876,0.786417,0.848475,13.857866,23.056724,9.198858,nan,nan,nan
projection_baseline,15.4490,-1,0,-0.151089,-0.595948,-0.633020,-0.197498,-0.217625,-0.560766,0.600000,-0.350000,0.225000,1.166543,0.790332,0.858020,13.811123,23.056724,9.245601,nan,nan,nan
projection_baseline,15.4990,-1,0,-0.155780,-0.574916,-0.629475,-0.167191,-0.281442,-0.395160,0.600000,-0.350000,0.225000,1.162720,0.788537,0.854475,13.778494,23.056724,9.278230,nan,nan,nan
projection_baseline,15.5490,-1,0,-0.164260,-0.546488,-0.608208,-0.182324,-0.118900,-0.216009,0.600000,-0.350000,0.225000,1.147578,0.789114,0.833208,13.720247,23.056724,9.336477,nan,nan,nan
projection_baseline,15.5990,-1,0,-0.169665,-0.531840,-0.600123,-0.169912,-0.131361,-0.364776,0.600000,-0.350000,0.225000,1.142926,0.790854,0.825123,13.681596,23.056724,9.375128,nan,nan,nan
projection_baseline,15.6490,-1,0,-0.179805,-0.515067,-0.594160,-0.240123,-0.144460,-0.340360,0.600000,-0.350000,0.225000,1.142964,0.797084,0.819160,13.620335,23.056724,9.436389,nan,nan,nan
projection_baseline,15.6990,-1,0,-0.183738,-0.494785,-0.583061,-0.253144,-0.103261,-0.327070,0.600000,-0.350000,0.225000,1.134976,0.797000,0.808061,13.577322,23.056724,9.479402,nan,nan,nan
projection_baseline,15.7490,-1,0,-0.191317,-0.469141,-0.577146,-0.242917,-0.099342,-0.371338,0.600000,-0.350000,0.225000,1.133055,0.800235,0.802146,13.521179,23.056724,9.535545,nan,nan,nan
projection_baseline,15.7990,-1,0,-0.198179,-0.456918,-0.578718,-0.269102,-0.140541,-0.608248,0.600000,-0.350000,0.225000,1.137754,0.805309,0.803718,13.480008,23.056724,9.576716,nan,nan,nan
projection_baseline,15.8490,-1,0,-0.210446,-0.445670,-0.593597,-0.334756,-0.188796,-0.655379,0.600000,-0.350000,0.225000,1.155888,0.816073,0.818597,13.430137,23.056724,9.626587,nan,nan,nan
projection_baseline,15.8990,-1,0,-0.214859,-0.434979,-0.596905,-0.314907,-0.260984,-0.532766,0.600000,-0.350000,0.225000,1.160493,0.819278,0.821905,13.414041,23.056724,9.642683,nan,nan,nan
projection_baseline,15.9490,-1,0,-0.222550,-0.427660,-0.606294,-0.311042,-0.255312,-0.568609,0.600000,-0.350000,0.225000,1.172037,0.826208,0.831294,13.368266,23.056724,9.688458,nan,nan,nan
projection_baseline,15.9990,-1,0,-0.229027,-0.427029,-0.615121,-0.261126,-0.345468,-0.667435,0.600000,-0.350000,0.225000,1.182803,0.832598,0.840121,13.320980,23.056724,9.735744,nan,nan,nan
projection_baseline,16.0490,-1,0,-0.235409,-0.433582,-0.632950,-0.222188,-0.316046,-0.700372,0.600000,-0.350000,0.225000,1.200405,0.839580,0.857950,13.272023,23.056724,9.784701,nan,nan,nan
projection_baseline,16.0990,-1,0,-0.231902,-0.427254,-0.641603,-0.185046,-0.327137,-0.870081,0.600000,-0.350000,0.225000,1.203756,0.835482,0.866603,13.218146,23.056724,9.838577,nan,nan,nan
projection_baseline,16.1490,-1,0,-0.229574,-0.424567,-0.660032,-0.220588,-0.265668,-1.011944,0.600000,-0.350000,0.225000,1.215334,0.832919,0.885032,13.192768,23.056724,9.863956,nan,nan,nan
projection_baseline,16.1990,-1,0,-0.231600,-0.420233,-0.690988,-0.221727,-0.256031,-0.919753,0.600000,-0.350000,0.225000,1.239163,0.834561,0.915988,13.127137,23.056724,9.929587,nan,nan,nan
projection_baseline,16.2490,-1,0,-0.235078,-0.419750,-0.723677,-0.199626,-0.269174,-1.098458,0.600000,-0.350000,0.225000,1.265784,0.837986,0.948677,13.067325,23.056724,9.989399,nan,nan,nan
projection_baseline,16.2990,-1,0,-0.231360,-0.413336,-0.746439,-0.180852,-0.305953,-1.279290,0.600000,-0.350000,0.225000,1.280181,0.833769,0.971439,13.033586,23.056724,10.023138,nan,nan,nan
projection_baseline,16.3490,-1,0,-0.230254,-0.408245,-0.788298,-0.161297,-0.307728,-1.113225,0.600000,-0.350000,0.225000,1.311292,0.832295,1.013298,12.973219,23.056724,10.083505,nan,nan,nan
projection_baseline,16.3990,-1,0,-0.230185,-0.408398,-0.810513,-0.192949,-0.357746,-1.054333,0.600000,-0.350000,0.225000,1.328498,0.832237,1.035513,12.942911,23.056724,10.113813,nan,nan,nan
projection_baseline,16.4500,-1,0,-0.231882,-0.417678,-0.832865,-0.155872,-0.466382,-0.914938,0.600000,-0.350000,0.225000,1.347474,0.834631,1.057865,12.908677,23.056724,10.148047,nan,nan,nan
projection_baseline,16.5000,-1,0,-0.228566,-0.418037,-0.836451,-0.174227,-0.442755,-0.816176,0.600000,-0.350000,0.225000,1.348269,0.831355,1.061451,12.872730,23.056724,10.183994,nan,nan,nan
projection_baseline,16.5490,-1,0,-0.225138,-0.427160,-0.841711,-0.118544,-0.485482,-0.822727,0.600000,-0.350000,0.225000,1.350807,0.828738,1.066711,12.797626,23.056724,10.259098,nan,nan,nan
projection_baseline,16.5990,-1,0,-0.223569,-0.432604,-0.842457,-0.102132,-0.329544,-0.555293,0.600000,-0.350000,0.225000,1.350761,0.827701,1.067457,12.758222,23.056724,10.298502,nan,nan,nan
projection_baseline,16.6520,-1,0,-0.221059,-0.438203,-0.837387,-0.054227,-0.352679,-0.626956,0.600000,-0.350000,0.225000,1.345579,0.825783,1.062387,12.687553,23.056724,10.369171,nan,nan,nan
projection_baseline,16.6990,-1,0,-0.212745,-0.431939,-0.831984,-0.036328,-0.371371,-0.671083,0.600000,-0.350000,0.225000,1.335845,0.816865,1.056984,12.643390,23.056724,10.413334,nan,nan,nan
projection_baseline,16.7490,-1,0,-0.203363,-0.423676,-0.822353,-0.066707,-0.174979,-0.473003,0.600000,-0.350000,0.225000,1.322032,0.806735,1.047353,12.576429,23.056724,10.480295,nan,nan,nan
projection_baseline,16.8000,-1,0,-0.199551,-0.416741,-0.818944,-0.087811,-0.132475,-0.609038,0.600000,-0.350000,0.225000,1.316646,0.802332,1.043944,12.531811,23.056724,10.524913,nan,nan,nan
projection_baseline,16.8490,-1,0,-0.196899,-0.409039,-0.814460,-0.087311,-0.122118,-0.514203,0.600000,-0.350000,0.225000,1.311111,0.799083,1.039460,12.473142,23.056724,10.583582,nan,nan,nan
projection_baseline,16.8990,-1,0,-0.191816,-0.399341,-0.802803,-0.020139,-0.314337,-0.508020,0.600000,-0.350000,0.225000,1.298378,0.793351,1.027803,12.431880,23.056724,10.624844,nan,nan,nan
projection_baseline,16.9490,-1,0,-0.184389,-0.392265,-0.800601,-0.048628,-0.346930,-0.773720,0.600000,-0.350000,0.225000,1.291863,0.785527,1.025601,12.369993,23.056724,10.686730,nan,nan,nan
projection_baseline,16.9990,-1,0,-0.181728,-0.392366,-0.810263,-0.043414,-0.339210,-0.942331,0.600000,-0.350000,0.225000,1.297946,0.782875,1.035263,12.322289,23.056724,10.734435,nan,nan,nan
projection_baseline,17.0490,-1,0,-0.178836,-0.401186,-0.827788,-0.047678,-0.454381,-0.957162,0.600000,-0.350000,0.225000,1.310561,0.780517,1.052788,12.272204,23.056724,10.784520,nan,nan,nan
projection_baseline,17.0990,-1,0,-0.176146,-0.401623,-0.841413,-0.095598,-0.442418,-0.872950,0.600000,-0.350000,0.225000,1.319963,0.777860,1.066413,12.242615,23.056724,10.814109,nan,nan,nan
projection_baseline,17.1500,-1,0,-0.174037,-0.405740,-0.856874,-0.081062,-0.439048,-0.905867,0.600000,-0.350000,0.225000,1.331425,0.776041,1.081874,12.201976,23.056724,10.854748,nan,nan,nan
projection_baseline,17.1990,-1,0,-0.171762,-0.412295,-0.875579,-0.048655,-0.462055,-1.090841,0.600000,-0.350000,0.225000,1.345649,0.774272,1.100579,12.156626,23.056724,10.900098,nan,nan,nan
projection_baseline,17.2490,-1,0,-0.170909,-0.419024,-0.897173,-0.107576,-0.275812,-0.876981,0.600000,-0.350000,0.225000,1.363208,0.773993,1.122173,12.108690,23.056724,10.948034,nan,nan,nan
projection_baseline,17.2990,-1,0,-0.169572,-0.411682,-0.906150,-0.078501,-0.293578,-0.973504,0.600000,-0.350000,0.225000,1.369506,0.772040,1.131150,12.076677,23.056724,10.980047,nan,nan,nan
projection_baseline,17.3490,-1,0,-0.166321,-0.402324,-0.927460,-0.092366,-0.247288,-0.992187,0.600000,-0.350000,0.225000,1.384973,0.768105,1.152460,12.014095,23.056724,11.042629,nan,nan,nan
projection_baseline,17.3990,-1,0,-0.166524,-0.396478,-0.942388,-0.105799,-0.174385,-1.121131,0.600000,-0.350000,0.225000,1.397324,0.767932,1.167388,11.987267,23.056724,11.069457,nan,nan,nan
projection_baseline,17.4520,-1,0,-0.168397,-0.388793,-0.974144,-0.103239,-0.092286,-0.997720,0.600000,-0.350000,0.225000,1.424740,0.769376,1.199144,11.935485,23.056724,11.121238,nan,nan,nan
projection_baseline,17.4990,-1,0,-0.168179,-0.375870,-0.976710,-0.149401,-0.042298,-0.893888,0.600000,-0.350000,0.225000,1.426490,0.768615,1.201710,11.881780,23.056724,11.174944,nan,nan,nan
projection_baseline,17.5500,-1,0,-0.169884,-0.355453,-0.977223,-0.171886,0.199652,-0.664167,0.600000,-0.350000,0.225000,1.427617,0.769903,1.202223,11.828219,23.056724,11.228505,nan,nan,nan
projection_baseline,17.5990,-1,0,-0.176347,-0.314895,-0.972248,-0.226354,0.364495,-0.686499,0.600000,-0.350000,0.225000,1.427358,0.777141,1.197248,11.766396,23.056724,11.290328,nan,nan,nan
projection_baseline,17.6490,-1,0,-0.185349,-0.276379,-0.971394,-0.235722,0.479307,-0.724621,0.600000,-0.350000,0.225000,1.433022,0.788792,1.196394,11.705137,23.056724,11.351587,nan,nan,nan
projection_baseline,17.6990,-1,0,-0.189643,-0.242878,-0.968495,-0.280684,0.574182,-0.789784,0.600000,-0.350000,0.225000,1.435075,0.796876,1.193495,11.659059,23.056724,11.397665,nan,nan,nan
projection_baseline,17.7490,-1,0,-0.201197,-0.190081,-0.962872,-0.395506,0.593777,-0.653908,0.600000,-0.350000,0.225000,1.441711,0.817001,1.187872,11.594460,23.056724,11.462263,nan,nan,nan
projection_baseline,17.7990,-1,0,-0.211628,-0.158965,-0.963245,-0.376633,0.550208,-0.818913,0.600000,-0.350000,0.225000,1.451606,0.833807,1.188245,11.551449,23.056724,11.505275,nan,nan,nan
projection_baseline,17.8490,-1,0,-0.228283,-0.118983,-0.971076,-0.389662,0.538101,-0.775640,0.600000,-0.350000,0.225000,1.473098,0.859896,1.196076,11.476990,23.056724,11.579734,nan,nan,nan
projection_baseline,17.8990,-1,0,-0.235425,-0.097392,-0.965206,-0.379270,0.479758,-0.684001,0.600000,-0.350000,0.225000,1.475919,0.872781,1.190206,11.441331,23.056724,11.615393,nan,nan,nan
projection_baseline,17.9490,-1,0,-0.245521,-0.069335,-0.963392,-0.377570,0.528105,-0.663223,0.600000,-0.350000,0.225000,1.485245,0.890886,1.188392,11.359077,23.056724,11.697647,nan,nan,nan
projection_baseline,17.9990,-1,0,-0.254016,-0.046685,-0.959241,-0.416048,0.724862,-0.604446,0.600000,-0.350000,0.225000,1.491231,0.906280,1.184241,11.309038,23.056724,11.747686,nan,nan,nan
projection_baseline,18.0490,-1,0,-0.269395,-0.009128,-0.964007,-0.404352,0.656944,-0.841509,0.600000,-0.350000,0.225000,1.511880,0.933831,1.189007,11.269112,23.056724,11.787612,nan,nan,nan
projection_baseline,18.0990,-1,0,-0.273147,0.010517,-0.970989,-0.354382,0.613811,-1.036996,0.600000,-0.350000,0.225000,1.524057,0.944648,1.195989,11.223587,23.056724,11.833137,nan,nan,nan
projection_baseline,18.1490,-1,0,-0.278324,0.041859,-0.997837,-0.358767,0.766050,-1.136040,0.600000,-0.350000,0.225000,1.555743,0.961772,1.222837,11.154606,23.056724,11.902118,nan,nan,nan
projection_baseline,18.1990,-1,0,-0.282273,0.063133,-1.016507,-0.315087,0.651411,-1.260622,0.600000,-0.350000,0.225000,1.578108,0.974210,1.241507,11.115250,23.056724,11.941474,nan,nan,nan
projection_baseline,18.2490,-1,0,-0.289112,0.093100,-1.046895,-0.336482,0.644552,-1.189548,0.600000,-0.350000,0.225000,1.613870,0.993407,1.271895,11.061071,23.056724,11.995653,nan,nan,nan
projection_baseline,18.2990,-1,0,-0.288174,0.104301,-1.063265,-0.300070,0.521213,-1.349338,0.600000,-0.350000,0.225000,1.629377,0.997618,1.288265,11.017123,23.056724,12.039601,nan,nan,nan
projection_baseline,18.3490,-1,0,-0.289643,0.120653,-1.098183,-0.364661,0.566542,-1.200610,0.600000,-0.350000,0.225000,1.662466,1.006469,1.323183,10.937733,23.056724,12.118991,nan,nan,nan
projection_baseline,18.4000,-1,0,-0.292282,0.131220,-1.116933,-0.301562,0.478314,-1.290665,0.600000,-0.350000,0.225000,1.681822,1.013775,1.341933,10.897376,23.056724,12.159348,nan,nan,nan
projection_baseline,18.4500,-1,0,-0.298098,0.145809,-1.155332,-0.355024,0.508992,-1.393476,0.600000,-0.350000,0.225000,1.719803,1.025869,1.380332,10.840826,23.056724,12.215898,nan,nan,nan
projection_baseline,18.5000,-1,0,-0.298617,0.150286,-1.170047,-0.348014,0.440134,-1.325146,0.600000,-0.350000,0.225000,1.733192,1.028493,1.395047,10.777110,23.056724,12.279614,nan,nan,nan
projection_baseline,18.5490,-1,0,-0.297322,0.149583,-1.204399,-0.327944,0.338088,-1.525499,0.600000,-0.350000,0.225000,1.760100,1.027020,1.429399,10.691556,23.056724,12.365168,nan,nan,nan
projection_baseline,18.5990,-1,0,-0.299595,0.149799,-1.230049,-0.350204,0.320293,-1.398485,0.600000,-0.350000,0.225000,1.782201,1.029111,1.455049,10.646357,23.056724,12.410367,nan,nan,nan
projection_baseline,18.6500,-1,0,-0.303670,0.150969,-1.263164,-0.331055,0.257528,-1.256335,0.600000,-0.350000,0.225000,1.811691,1.033243,1.488164,10.600827,23.056724,12.455897,nan,nan,nan
projection_baseline,18.6990,-1,0,-0.303248,0.146449,-1.270486,-0.288475,0.129468,-1.070567,0.600000,-0.350000,0.225000,1.816259,1.030688,1.495486,10.547691,23.056724,12.509033,nan,nan,nan
projection_baseline,18.7490,-1,0,-0.300384,0.138662,-1.278050,-0.285870,0.194039,-1.093112,0.600000,-0.350000,0.225000,1.818967,1.024442,1.503050,10.495367,23.056724,12.561357,nan,nan,nan
projection_baseline,18.7990,-1,0,-0.301639,0.135284,-1.289824,-0.332774,0.309653,-1.207281,0.600000,-0.350000,0.225000,1.828427,1.023940,1.514824,10.414168,23.056724,12.642556,nan,nan,nan
projection_baseline,18.8490,-1,0,-0.303675,0.135441,-1.316756,-0.258581,0.198512,-1.355765,0.600000,-0.350000,0.225000,1.851835,1.025808,1.541756,10.338954,23.056724,12.717770,nan,nan,nan
projection_baseline,18.9010,-1,0,-0.301260,0.131748,-1.333229,-0.284285,0.118302,-1.380984,0.600000,-0.350000,0.225000,1.863445,1.021935,1.558229,10.291610,23.056724,12.765114,nan,nan,nan
projection_baseline,18.9490,-1,0,-0.297333,0.124667,-1.358556,-0.254048,0.042258,-1.436055,0.600000,-0.350000,0.225000,1.881001,1.015143,1.583556,10.215783,23.056724,12.840941,nan,nan,nan
projection_baseline,19.0000,-1,0,-0.296243,0.116943,-1.382960,-0.240240,-0.024850,-1.667302,0.600000,-0.350000,0.225000,1.899163,1.010588,1.607960,10.169109,23.056724,12.887614,nan,nan,nan
projection_baseline,19.0490,-1,0,-0.294990,0.104087,-1.435676,-0.191992,-0.048120,-1.779676,0.600000,-0.350000,0.225000,1.940373,1.003594,1.660676,10.096562,23.056724,12.960162,nan,nan,nan
projection_baseline,19.0990,-1,0,-0.290679,0.095867,-1.463439,-0.217222,0.004232,-1.766183,0.600000,-0.350000,0.225000,1.960340,0.996046,1.688439,10.049627,23.056724,13.007097,nan,nan,nan
projection_baseline,19.1500,-1,0,-0.283899,0.086450,-1.518419,-0.197902,0.012182,-1.855889,0.600000,-0.350000,0.225000,2.002817,0.985782,1.743419,9.981511,23.056724,13.075213,nan,nan,nan
projection_baseline,19.2000,-1,0,-0.281530,0.081574,-1.550799,-0.212180,0.137218,-1.748969,0.600000,-0.350000,0.225000,2.028993,0.981504,1.775799,9.934623,23.056724,13.122101,nan,nan,nan
projection_baseline,19.2530,-1,0,-0.281905,0.084081,-1.599517,-0.254736,0.243110,-1.708538,0.600000,-0.350000,0.225000,2.072449,0.982946,1.824517,9.860530,23.056724,13.196194,nan,nan,nan
projection_baseline,19.2990,-1,0,-0.279834,0.086553,-1.623993,-0.203659,0.147331,-1.802090,0.600000,-0.350000,0.225000,2.093672,0.982185,1.848993,9.820297,23.056724,13.236427,nan,nan,nan
projection_baseline,19.3490,-1,0,-0.273554,0.087169,-1.672911,-0.212567,0.140303,-1.973551,0.600000,-0.350000,0.225000,2.134544,0.976838,1.897911,9.740518,23.056724,13.316206,nan,nan,nan
projection_baseline,19.3990,-1,0,-0.271752,0.086159,-1.710192,-0.180465,0.015156,-2.099736,0.600000,-0.350000,0.225000,2.166831,0.974775,1.935192,9.674937,23.056724,13.381787,nan,nan,nan
projection_baseline,19.4490,-1,0,-0.269975,0.080159,-1.781352,-0.217436,0.062071,-1.998122,0.600000,-0.350000,0.225000,2.228753,0.970512,2.006352,9.589692,23.056724,13.467032,nan,nan,nan
projection_baseline,19.4990,-1,0,-0.267145,0.078977,-1.801621,-0.176628,0.089594,-2.057293,0.600000,-0.350000,0.225000,2.245697,0.967451,2.026621,9.526851,23.056724,13.529873,nan,nan,nan
projection_baseline,19.5490,-1,0,-0.261526,0.073427,-1.857836,-0.208072,0.034587,-2.088923,0.600000,-0.350000,0.225000,2.293409,0.959957,2.082836,9.421262,23.056724,13.635461,nan,nan,nan
projection_baseline,19.5990,-1,0,-0.260209,0.068961,-1.889046,-0.195752,0.010468,-1.941378,0.600000,-0.350000,0.225000,2.320491,0.956812,2.114046,9.360602,23.056724,13.696122,nan,nan,nan
projection_baseline,19.6490,-1,0,-0.259651,0.059576,-1.940557,-0.178375,-0.067155,-2.000630,0.600000,-0.350000,0.225000,2.365669,0.952235,2.165557,9.259154,23.056724,13.797569,nan,nan,nan
projection_baseline,19.6990,-1,0,-0.256999,0.054471,-1.964200,-0.187154,0.029795,-1.915024,0.600000,-0.350000,0.225000,2.385507,0.947652,2.189200,9.195731,23.056724,13.860992,nan,nan,nan
projection_baseline,19.7490,-1,0,-0.253593,0.058574,-1.999870,-0.225076,0.205432,-1.931628,0.600000,-0.350000,0.225000,2.417768,0.946337,2.224870,9.097998,23.056724,13.958726,nan,nan,nan
projection_baseline,19.8000,-1,0,-0.253258,0.060263,-2.031364,-0.180966,0.090562,-2.216196,0.600000,-0.350000,0.225000,2.446946,0.946766,2.256364,9.042537,23.056724,14.014187,nan,nan,nan
projection_baseline,19.8490,-1,0,-0.252631,0.060201,-2.072743,-0.153092,0.066799,-2.321190,0.600000,-0.350000,0.225000,2.484928,0.946174,2.297743,8.980753,23.056724,14.075971,nan,nan,nan
projection_baseline,19.8990,-1,0,-0.250705,0.065030,-2.126882,-0.190709,0.262592,-2.384892,0.600000,-0.350000,0.225000,2.535211,0.946545,2.351882,8.898712,23.056724,14.158012,nan,nan,nan
projection_baseline,19.9490,-1,0,-0.246021,0.073910,-2.184347,-0.174266,0.155940,-2.194290,0.600000,-0.350000,0.225000,2.588514,0.946283,2.409347,8.792958,23.056724,14.263766,nan,nan,nan
projection_baseline,19.9990,-1,0,-0.245563,0.077147,-2.215094,-0.233765,0.212125,-2.086193,0.600000,-0.350000,0.225000,2.617535,0.947328,2.440094,8.717466,23.056724,14.339258,nan,nan,nan
projection_baseline,20.0490,-1,0,-0.249153,0.090987,-2.258104,-0.213206,0.365479,-2.045733,0.600000,-0.350000,0.225000,2.661078,0.956834,2.483104,8.639166,23.056724,14.417558,nan,nan,nan
projection_baseline,20.0990,-1,0,-0.249092,0.102369,-2.276721,-0.229725,0.470138,-2.105667,0.600000,-0.350000,0.225000,2.680336,0.962078,2.501721,8.567398,23.056724,14.489326,nan,nan,nan
projection_baseline,20.1490,-1,0,-0.249364,0.132765,-2.300859,-0.256591,0.773262,-1.819186,0.600000,-0.350000,0.225000,2.708218,0.976975,2.525859,8.448796,23.056724,14.607928,nan,nan,nan
projection_baseline,20.1990,-1,0,-0.252943,0.162526,-2.308551,-0.284635,0.941742,-1.673665,0.600000,-0.350000,0.225000,2.721962,0.995086,2.533551,8.395437,23.056724,14.661287,nan,nan,nan
projection_baseline,20.2490,-1,0,-0.260210,0.214394,-2.328090,-0.288528,1.092883,-1.692094,0.600000,-0.350000,0.225000,2.752594,1.028836,2.553090,8.284097,23.056724,14.772627,nan,nan,nan
projection_baseline,20.2990,-1,0,-0.263238,0.247580,-2.328191,-0.321101,1.034377,-1.473714,0.600000,-0.350000,0.225000,2.760628,1.049896,2.553191,8.210657,23.056724,14.846067,nan,nan,nan
projection_baseline,20.3490,-1,0,-0.265343,0.287477,-2.320006,-0.259832,0.887624,-1.642031,0.600000,-0.350000,0.225000,2.762653,1.074801,2.545006,8.098351,23.056724,14.958373,nan,nan,nan
projection_baseline,20.4000,-1,0,-0.265789,0.313447,-2.321419,-0.219222,0.952391,-1.691773,0.600000,-0.350000,0.225000,2.770199,1.090758,2.546419,8.026183,23.056724,15.030540,nan,nan,nan
projection_baseline,20.4490,-1,0,-0.270283,0.357405,-2.340100,-0.270089,0.922020,-1.678385,0.600000,-0.350000,0.225000,2.799563,1.121524,2.565100,7.923129,23.056724,15.133595,nan,nan,nan
projection_baseline,20.4990,-1,0,-0.271111,0.375528,-2.340832,-0.307438,0.994008,-1.558411,0.600000,-0.350000,0.225000,2.805124,1.133678,2.565832,7.867238,23.056724,15.189486,nan,nan,nan
projection_baseline,20.5490,-1,0,-0.270180,0.402355,-2.335176,-0.290966,1.001754,-1.475680,0.600000,-0.350000,0.225000,2.806733,1.150327,2.560176,7.760289,23.056724,15.296434,nan,nan,nan
projection_baseline,20.5990,-1,0,-0.272367,0.423198,-2.331027,-0.306339,1.000487,-1.356809,0.600000,-0.350000,0.225000,2.809294,1.165701,2.556027,7.691071,23.056724,15.365652,nan,nan,nan
projection_baseline,20.6490,-1,0,-0.278649,0.455931,-2.320767,-0.342790,1.067577,-1.097337,0.600000,-0.350000,0.225000,2.811135,1.192288,2.545767,7.599739,23.056724,15.456985,nan,nan,nan
projection_baseline,20.6990,-1,0,-0.282476,0.478129,-2.307859,-0.325110,1.124729,-1.219227,0.600000,-0.350000,0.225000,2.807122,1.210191,2.532859,7.557536,23.056724,15.499188,nan,nan,nan
projection_baseline,20.7490,-1,0,-0.280789,0.505529,-2.292279,-0.269631,1.149583,-1.406541,0.600000,-0.350000,0.225000,2.800787,1.227892,2.517279,7.454971,23.056724,15.601753,nan,nan,nan
projection_baseline,20.7990,-1,0,-0.279767,0.522849,-2.291361,-0.220833,1.006546,-1.523165,0.600000,-0.350000,0.225000,2.804983,1.239297,2.516361,7.386046,23.056724,15.670678,nan,nan,nan
projection_baseline,20.8500,-1,0,-0.280906,0.549369,-2.304079,-0.238143,1.019281,-1.541848,0.600000,-0.350000,0.225000,2.825084,1.258912,2.529079,7.301500,23.056724,15.755224,nan,nan,nan
projection_baseline,20.8990,-1,0,-0.280932,0.559775,-2.302435,-0.287789,0.877052,-1.308313,0.600000,-0.350000,0.225000,2.826952,1.266385,2.527435,7.252645,23.056724,15.804079,nan,nan,nan
projection_baseline,20.9490,-1,0,-0.280113,0.560949,-2.292618,-0.319828,0.882852,-1.346035,0.600000,-0.350000,0.225000,2.818302,1.266660,2.517618,7.170442,23.056724,15.886281,nan,nan,nan
projection_baseline,20.9990,-1,0,-0.280217,0.562302,-2.292049,-0.288705,0.766683,-1.459696,0.600000,-0.350000,0.225000,2.818265,1.267706,2.517049,7.117581,23.056724,15.939143,nan,nan,nan
projection_baseline,21.0500,-1,0,-0.283788,0.570650,-2.304075,-0.336425,0.906606,-1.537064,0.600000,-0.350000,0.225000,2.832825,1.276197,2.529075,7.033973,23.056724,16.022751,nan,nan,nan
projection_baseline,21.0990,-1,0,-0.286777,0.578662,-2.312291,-0.362463,0.970643,-1.585896,0.600000,-0.350000,0.225000,2.843700,1.284051,2.537291,6.983873,23.056724,16.072851,nan,nan,nan
projection_baseline,21.1500,-1,0,-0.285863,0.576185,-2.310927,-0.308374,0.755809,-1.400111,0.600000,-0.350000,0.225000,2.841390,1.281629,2.535927,6.931066,23.056724,16.125658,nan,nan,nan
projection_baseline,21.1990,-1,0,-0.283188,0.568254,-2.321178,-0.228118,0.566056,-1.480081,0.600000,-0.350000,0.225000,2.847145,1.274053,2.546178,6.865285,23.056724,16.191438,nan,nan,nan
projection_baseline,21.2490,-1,0,-0.284165,0.561617,-2.328397,-0.272054,0.557847,-1.356816,0.600000,-0.350000,0.225000,2.851776,1.269958,2.553397,6.791009,23.056724,16.265715,nan,nan,nan
projection_baseline,21.3000,-1,0,-0.283686,0.555826,-2.331694,-0.305780,0.655628,-1.428556,0.600000,-0.350000,0.225000,2.852737,1.265473,2.556694,6.740456,23.056724,16.316268,nan,nan,nan
projection_baseline,21.3490,-1,0,-0.279154,0.545848,-2.331661,-0.227917,0.624385,-1.555519,0.600000,-0.350000,0.225000,2.848153,1.255172,2.556661,6.691636,23.056724,16.365088,nan,nan,nan
projection_baseline,21.3990,-1,0,-0.275623,0.539804,-2.352579,-0.257344,0.726787,-1.709202,0.600000,-0.350000,0.225000,2.863980,1.248386,2.577579,6.626413,23.056724,16.430311,nan,nan,nan
projection_baseline,21.4490,-1,0,-0.273625,0.541398,-2.383692,-0.209774,0.602199,-1.935997,0.600000,-0.350000,0.225000,2.891900,1.248123,2.608692,6.543601,23.056724,16.513122,nan,nan,nan
projection_baseline,21.4990,-1,0,-0.269497,0.537260,-2.410805,-0.172464,0.550158,-2.082854,0.600000,-0.350000,0.225000,2.913885,1.242279,2.635805,6.506500,23.056724,16.550224,nan,nan,nan
projection_baseline,21.5490,-1,0,-0.257974,0.524307,-2.448218,-0.181153,0.643681,-2.014829,0.600000,-0.350000,0.225000,2.940514,1.224962,2.673218,6.439244,23.056724,16.617480,nan,nan,nan
projection_baseline,21.5990,-1,0,-0.253745,0.524065,-2.479621,-0.171024,0.665671,-2.187316,0.600000,-0.350000,0.225000,2.967802,1.221830,2.704621,6.378265,23.056724,16.678459,nan,nan,nan
projection_baseline,21.6490,-1,0,-0.250821,0.531451,-2.531827,-0.189384,0.786192,-2.141980,0.600000,-0.350000,0.225000,3.016778,1.225093,2.756827,6.298177,23.056724,16.758547,nan,nan,nan
projection_baseline,21.6990,-1,0,-0.248639,0.539117,-2.562873,-0.207877,0.876449,-2.095781,0.600000,-0.350000,0.225000,3.046794,1.229112,2.787873,6.246177,23.056724,16.810547,nan,nan,nan
projection_baseline,21.7490,-1,0,-0.245879,0.552584,-2.589275,-0.240160,0.900658,-1.972212,0.600000,-0.350000,0.225000,3.074136,1.237000,2.814275,6.152417,23.056724,16.904307,nan,nan,nan
projection_baseline,21.7990,-1,0,-0.246785,0.566551,-2.602880,-0.285146,0.994364,-1.792491,0.600000,-0.350000,0.225000,3.090958,1.247842,2.827880,6.084711,23.056724,16.972013,nan,nan,nan
projection_baseline,21.8490,-1,0,-0.250090,0.595652,-2.629139,-0.237033,1.083681,-1.917524,0.600000,-0.350000,0.225000,3.124583,1.271578,2.854139,5.991282,23.056724,17.065442,nan,nan,nan
projection_baseline,21.9000,-1,0,-0.250719,0.616909,-2.655156,-0.198132,1.017002,-2.021169,0.600000,-0.350000,0.225000,3.154986,1.287881,2.880156,5.936981,23.056724,17.119743,nan,nan,nan
projection_baseline,21.9490,-1,0,-0.242700,0.624902,-2.684057,-0.184758,0.936038,-2.275924,0.600000,-0.350000,0.225000,3.181695,1.288633,2.909057,5.834633,23.056724,17.222091,nan,nan,nan
projection_baseline,21.9990,-1,0,-0.240653,0.633917,-2.709478,-0.202667,0.906156,-2.091926,0.600000,-0.350000,0.225000,3.207172,1.294137,2.934478,5.768798,23.056724,17.287926,nan,nan,nan
projection_baseline,22.0490,-1,0,-0.241878,0.647971,-2.735769,-0.232239,0.891958,-1.863969,0.600000,-0.350000,0.225000,3.235871,1.305643,2.960769,5.672744,23.056724,17.383980,nan,nan,nan
projection_baseline,22.0990,-1,0,-0.243506,0.660717,-2.748586,-0.267105,0.953133,-1.700939,0.600000,-0.350000,0.225000,3.251963,1.316454,2.973586,5.615955,23.056724,17.440768,nan,nan,nan
projection_baseline,22.1490,-1,0,-0.243071,0.668057,-2.734381,-0.285129,1.060803,-1.550940,0.600000,-0.350000,0.225000,3.241164,1.321820,2.959381,5.532306,23.056724,17.524418,nan,nan,nan
projection_baseline,22.1990,-1,0,-0.244960,0.683597,-2.731223,-0.270561,1.231908,-1.411460,0.600000,-0.350000,0.225000,3.243692,1.335021,2.956223,5.459274,23.056724,17.597450,nan,nan,nan
projection_baseline,22.2490,-1,0,-0.251125,0.717044,-2.713585,-0.304643,1.180976,-1.240475,0.600000,-0.350000,0.225000,3.240104,1.364916,2.938585,5.382689,23.056724,17.674034,nan,nan,nan
projection_baseline,22.2990,-1,0,-0.256559,0.742607,-2.699145,-0.324683,1.233722,-1.382626,0.600000,-0.350000,0.225000,3.236991,1.388338,2.924145,5.340408,23.056724,17.716316,nan,nan,nan
projection_baseline,22.3490,-1,0,-0.258462,0.757335,-2.673540,-0.328238,1.169467,-1.229752,0.600000,-0.350000,0.225000,3.219423,1.401124,2.898540,5.244740,23.056724,17.811984,nan,nan,nan
projection_baseline,22.3990,-1,0,-0.260762,0.768306,-2.662097,-0.302829,1.055257,-1.312065,0.600000,-0.350000,0.225000,3.213541,1.411212,2.887097,5.173220,23.056724,17.883504,nan,nan,nan
projection_baseline,22.4490,-1,0,-0.266888,0.789701,-2.653404,-0.331390,1.056843,-1.308123,0.600000,-0.350000,0.225000,3.214906,1.431926,2.878404,5.080189,23.056724,17.976535,nan,nan,nan
projection_baseline,22.4990,-1,0,-0.270293,0.799728,-2.649588,-0.284552,0.922870,-1.375017,0.600000,-0.350000,0.225000,3.215982,1.441972,2.874588,5.017028,23.056724,18.039695,nan,nan,nan
projection_baseline,22.5490,-1,0,-0.263638,0.788001,-2.621476,-0.259978,0.840227,-1.052156,0.600000,-0.350000,0.225000,3.184861,1.428607,2.846476,4.929469,23.056724,18.127255,nan,nan,nan
projection_baseline,22.5990,-1,0,-0.263355,0.784784,-2.606634,-0.297541,0.882482,-1.117010,0.600000,-0.350000,0.225000,3.170373,1.425874,2.831634,4.879011,23.056724,18.177713,nan,nan,nan
projection_baseline,22.6490,-1,0,-0.265880,0.787089,-2.588901,-0.328806,0.808311,-1.043061,0.600000,-0.350000,0.225000,3.156067,1.429237,2.813901,4.813659,23.056724,18.243065,nan,nan,nan
projection_baseline,22.6990,-1,0,-0.269186,0.789644,-2.579040,-0.350736,0.913706,-1.025207,0.600000,-0.350000,0.225000,3.149113,1.433273,2.804040,4.762634,23.056724,18.294090,nan,nan,nan
projection_baseline,22.7490,-1,0,-0.270993,0.779981,-2.543724,-0.338342,0.835640,-1.143950,0.600000,-0.350000,0.225000,3.114694,1.426704,2.768724,4.694532,23.056724,18.362192,nan,nan,nan
projection_baseline,22.7990,-1,0,-0.273411,0.777811,-2.532989,-0.317538,0.878328,-1.059274,0.600000,-0.350000,0.225000,3.105045,1.426466,2.757989,4.633644,23.056724,18.423080,nan,nan,nan
projection_baseline,22.8500,-1,0,-0.281130,0.785831,-2.509883,-0.319953,0.801271,-1.069902,0.600000,-0.350000,0.225000,3.089674,1.437533,2.734883,4.564833,23.056724,18.491891,nan,nan,nan
projection_baseline,22.9000,-1,0,-0.283603,0.786172,-2.506986,-0.350040,0.819624,-1.174393,0.600000,-0.350000,0.225000,3.087943,1.439320,2.731986,4.520013,23.056724,18.536711,nan,nan,nan
projection_baseline,22.9500,-1,0,-0.281806,0.765118,-2.494103,-0.357014,0.742057,-1.368723,0.600000,-0.350000,0.225000,3.068320,1.421643,2.719103,4.434426,23.056724,18.622298,nan,nan,nan
projection_baseline,22.9990,-1,0,-0.283356,0.759098,-2.504259,-0.350717,0.748834,-1.530849,0.600000,-0.350000,0.225000,3.075592,1.417891,2.729259,4.381600,23.056724,18.675124,nan,nan,nan
projection_baseline,23.0500,-1,0,-0.289029,0.760618,-2.514527,-0.358541,0.836501,-1.490294,0.600000,-0.350000,0.225000,3.086884,1.422619,2.739527,4.321299,23.056724,18.735425,nan,nan,nan
projection_baseline,23.0990,-1,0,-0.293754,0.766977,-2.525730,-0.404990,0.972985,-1.378387,0.600000,-0.350000,0.225000,3.100475,1.430536,2.750730,4.285838,23.056724,18.770885,nan,nan,nan
projection_baseline,23.1490,-1,0,-0.295937,0.767742,-2.512083,-0.445519,0.909507,-1.084883,0.600000,-0.350000,0.225000,3.089284,1.432498,2.737083,4.201858,23.056724,18.854866,nan,nan,nan
projection_baseline,23.2000,-1,0,-0.300200,0.768609,-2.507161,-0.394655,0.749860,-1.127555,0.600000,-0.350000,0.225000,3.086479,1.435843,2.732161,4.154245,23.056724,18.902479,nan,nan,nan
projection_baseline,23.2500,-1,0,-0.307668,0.773986,-2.503087,-0.395451,0.728247,-1.373033,0.600000,-0.350000,0.225000,3.087016,1.444717,2.728087,4.075980,23.056724,18.980744,nan,nan,nan
projection_baseline,23.2990,-1,0,-0.310518,0.772547,-2.509921,-0.378087,0.689167,-1.429837,0.600000,-0.350000,0.225000,3.093371,1.445391,2.734921,4.030629,23.056724,19.026095,nan,nan,nan
projection_baseline,23.3490,-1,0,-0.308034,0.758459,-2.507688,-0.387444,0.750005,-1.567699,0.600000,-0.350000,0.225000,3.085578,1.432902,2.732688,3.980283,23.056724,19.076441,nan,nan,nan
projection_baseline,23.3990,-1,0,-0.309652,0.750729,-2.532540,-0.395674,0.743491,-1.802520,0.600000,-0.350000,0.225000,3.105333,1.427960,2.757540,3.881428,23.056724,19.175296,nan,nan,nan
projection_baseline,23.4490,-1,0,-0.314134,0.747481,-2.564086,-0.380282,0.632786,-2.063571,0.600000,-0.350000,0.225000,3.133545,1.428323,2.789086,3.814089,23.056724,19.242635,nan,nan,nan
projection_baseline,23.4990,-1,0,-0.320174,0.750328,-2.603936,-0.426994,0.710520,-2.209529,0.600000,-0.350000,0.225000,3.171800,1.434378,2.828936,3.762840,23.056724,19.293884,nan,nan,nan
projection_baseline,23.5490,-1,0,-0.319636,0.730899,-2.638592,-0.420571,0.608891,-2.127056,0.600000,-0.350000,0.225000,3.195972,1.419181,2.863592,3.694020,23.056724,19.362704,nan,nan,nan
projection_baseline,23.6000,-1,0,-0.321814,0.724635,-2.671561,-0.431647,0.674258,-2.110063,0.600000,-0.350000,0.225000,3.224073,1.415832,2.896561,3.640958,23.056724,19.415766,nan,nan,nan
projection_baseline,23.6490,-1,0,-0.327906,0.726684,-2.703233,-0.376621,0.749000,-1.924394,0.600000,-0.350000,0.225000,3.254967,1.421358,2.928233,3.569090,23.056724,19.487634,nan,nan,nan
projection_baseline,23.7010,-1,0,-0.332357,0.733899,-2.735862,-0.381397,0.782087,-1.991582,0.600000,-0.350000,0.225000,3.287982,1.429729,2.960862,3.525585,23.056724,19.531138,nan,nan,nan
projection_baseline,23.7500,-1,0,-0.326149,0.728807,-2.751720,-0.404605,0.915614,-1.972263,0.600000,-0.350000,0.225000,3.298854,1.421822,2.976720,3.433844,23.056724,19.622880,nan,nan,nan
projection_baseline,23.7990,-1,0,-0.325877,0.736002,-2.775821,-0.379090,0.971510,-2.065875,0.600000,-0.350000,0.225000,3.322887,1.427112,3.000821,3.391732,23.056724,19.664992,nan,nan,nan
projection_baseline,23.8490,-1,0,-0.328887,0.753598,-2.802944,-0.387392,0.910080,-1.940956,0.600000,-0.350000,0.225000,3.353984,1.442484,3.027944,3.304411,23.056724,19.752313,nan,nan,nan
projection_baseline,23.8990,-1,0,-0.333207,0.766810,-2.834211,-0.408644,0.841882,-2.167105,0.600000,-0.350000,0.225000,3.387759,1.455383,3.059211,3.244981,23.056724,19.811743,nan,nan,nan
projection_baseline,23.9490,-1,0,-0.330038,0.762251,-2.861709,-0.404970,0.884146,-2.252985,0.600000,-0.350000,0.225000,3.410256,1.449852,3.086709,3.139269,23.056724,19.917455,nan,nan,nan
projection_baseline,23.9990,-1,0,-0.332392,0.765202,-2.887234,-0.432771,0.823206,-2.087783,0.600000,-0.350000,0.225000,3.434972,1.453626,3.112234,3.085445,23.056724,19.971279,nan,nan,nan
projection_baseline,24.0500,-1,0,-0.337230,0.768001,-2.920847,-0.387324,0.618107,-2.268587,0.600000,-0.350000,0.225000,3.467662,1.458878,3.145847,3.012257,23.056724,20.044467,nan,nan,nan
projection_baseline,24.0990,-1,0,-0.341656,0.769193,-2.955037,-0.393813,0.572941,-2.172177,0.600000,-0.350000,0.225000,3.500278,1.462637,3.180037,2.961014,23.056724,20.095710,nan,nan,nan
projection_baseline,24.1490,-1,0,-0.337495,0.733118,-2.959573,-0.394132,0.293523,-1.848614,0.600000,-0.350000,0.225000,3.491926,1.432495,3.184573,2.864033,23.056724,20.192690,nan,nan,nan
projection_baseline,24.2000,-1,0,-0.337268,0.713702,-2.965506,-0.382268,0.363125,-1.709562,0.600000,-0.350000,0.225000,3.491313,1.417721,3.190506,2.798123,23.056724,20.258601,nan,nan,nan
projection_baseline,24.2490,-1,0,-0.340932,0.695970,-2.966107,-0.368648,0.299228,-1.741403,0.600000,-0.350000,0.225000,3.487488,1.406914,3.191107,2.704367,23.056724,20.352357,nan,nan,nan
projection_baseline,24.2990,-1,0,-0.344702,0.684199,-2.979550,-0.395561,0.288786,-1.866398,0.600000,-0.350000,0.225000,3.497309,1.400725,3.204550,2.655106,23.056724,20.401618,nan,nan,nan
projection_baseline,24.3490,-1,0,-0.339666,0.645499,-2.982009,-0.402931,0.208278,-2.041116,0.600000,-0.350000,0.225000,3.486961,1.368937,3.207009,2.558657,23.056724,20.498067,nan,nan,nan
projection_baseline,24.3990,-1,0,-0.339755,0.627316,-3.000766,-0.388739,0.210449,-2.117661,0.600000,-0.350000,0.225000,3.499122,1.355834,3.225766,2.488693,23.056724,20.568031,nan,nan,nan
projection_baseline,24.4490,-1,0,-0.342803,0.607408,-3.019475,-0.398559,0.201497,-1.936014,0.600000,-0.350000,0.225000,3.511713,1.343692,3.244475,2.399647,23.056724,20.657077,nan,nan,nan
projection_baseline,24.4990,-1,0,-0.346606,0.600874,-3.034523,-0.315845,0.321427,-1.774206,0.600000,-0.350000,0.225000,3.524870,1.341724,3.259523,2.342236,23.056724,20.714488,nan,nan,nan
projection_baseline,24.5490,-1,0,-0.337725,0.585316,-3.023661,-0.347209,0.392469,-1.712837,0.600000,-0.350000,0.225000,3.508268,1.324441,3.248661,2.263817,23.056724,20.792907,nan,nan,nan
projection_baseline,24.5990,-1,0,-0.335641,0.581537,-3.023602,-0.351818,0.422199,-1.641329,0.600000,-0.350000,0.225000,3.506651,1.320297,3.248602,2.193252,23.056724,20.863472,nan,nan,nan
projection_baseline,24.6490,-1,0,-0.335975,0.581056,-3.018892,-0.366212,0.324103,-1.464338,0.600000,-0.350000,0.225000,3.502250,1.320195,3.243892,2.140975,23.056724,20.915749,nan,nan,nan
projection_baseline,24.6990,-1,0,-0.340629,0.577583,-3.006085,-0.349264,0.356611,-1.204500,0.600000,-0.350000,0.225000,3.490717,1.321058,3.231085,2.055801,23.056724,21.000923,nan,nan,nan
projection_baseline,24.7500,-1,0,-0.331769,0.560273,-2.963462,-0.275363,0.281411,-1.318215,0.600000,-0.350000,0.225000,3.444282,1.302609,3.188462,1.960797,23.056724,21.095927,nan,nan,nan
projection_baseline,24.7990,-1,0,-0.328262,0.554175,-2.947177,-0.295607,0.346108,-1.129967,0.600000,-0.350000,0.225000,3.426647,1.295841,3.172177,1.910726,23.056724,21.145998,nan,nan,nan
projection_baseline,24.8490,-1,0,-0.327258,0.551596,-2.926728,-0.292113,0.329676,-1.373146,0.600000,-0.350000,0.225000,3.406769,1.293322,3.151728,1.832594,23.056724,21.224130,nan,nan,nan
projection_baseline,24.8990,-1,0,-0.327829,0.550165,-2.926053,-0.260898,0.290713,-1.373333,0.600000,-0.350000,0.225000,3.405921,1.292735,3.151053,1.780984,23.056724,21.275740,nan,nan,nan
projection_baseline,24.9490,-1,0,-0.319133,0.533466,-2.906505,-0.315381,0.252298,-1.442912,0.600000,-0.350000,0.225000,3.381071,1.274880,3.131505,1.702843,23.056724,21.353880,nan,nan,nan
projection_baseline,24.9990,-1,0,-0.318868,0.526493,-2.903827,-0.353220,0.265221,-1.402734,0.600000,-0.350000,0.225000,3.376702,1.269866,3.128827,1.643508,23.056724,21.413216,nan,nan,nan
projection_baseline,25.0490,-1,0,-0.320172,0.523081,-2.895911,-0.270568,0.242396,-1.419807,0.600000,-0.350000,0.225000,3.368838,1.268458,3.120911,1.573354,23.056724,21.483370,nan,nan,nan
projection_baseline,25.1000,-1,0,-0.321227,0.522519,-2.899766,-0.255987,0.343863,-1.371098,0.600000,-0.350000,0.225000,3.372553,1.268838,3.124766,1.534748,23.056724,21.521976,nan,nan,nan
projection_baseline,25.1490,-1,0,-0.315776,0.519183,-2.886208,-0.232646,0.324043,-1.193009,0.600000,-0.350000,0.225000,3.357639,1.262587,3.111208,1.502663,23.056724,21.554061,nan,nan,nan
projection_baseline,25.1990,-1,0,-0.305882,0.508695,-2.856082,-0.160582,0.324442,-1.153165,0.600000,-0.350000,0.225000,3.324312,1.248190,3.081082,1.404301,23.056724,21.652423,nan,nan,nan
projection_baseline,25.2510,-1,0,-0.299023,0.508948,-2.836106,-0.191472,0.357777,-1.104283,0.600000,-0.350000,0.225000,3.303998,1.243396,3.061106,1.336669,23.056724,21.720055,nan,nan,nan
projection_baseline,25.2990,-1,0,-0.296542,0.511921,-2.820765,-0.167338,0.373223,-0.957461,0.600000,-0.350000,0.225000,3.289891,1.243662,3.045765,1.293165,23.056724,21.763559,nan,nan,nan
projection_baseline,25.3490,-1,0,-0.290169,0.510633,-2.798312,-0.187297,0.446932,-1.089270,0.600000,-0.350000,0.225000,3.267033,1.238180,3.023312,1.242728,23.056724,21.813996,nan,nan,nan
projection_baseline,25.3990,-1,0,-0.278315,0.512499,-2.773827,-0.113707,0.480815,-1.241935,0.600000,-0.350000,0.225000,3.241652,1.230993,2.998827,1.159346,23.056724,21.897378,nan,nan,nan
projection_baseline,25.4500,-1,0,-0.269144,0.513535,-2.768360,-0.069755,0.279907,-1.354531,0.600000,-0.350000,0.225000,3.234394,1.225196,2.993360,1.115520,23.056724,21.941204,nan,nan,nan
projection_baseline,25.4990,-1,0,-0.263504,0.512339,-2.768836,-0.075644,0.231897,-1.226921,0.600000,-0.350000,0.225000,3.233005,1.220356,2.993836,1.068913,23.056724,21.987811,nan,nan,nan
projection_baseline,25.5490,-1,0,-0.249960,0.485099,-2.744102,-0.075365,-0.006789,-0.993583,0.600000,-0.350000,0.225000,3.199280,1.191563,2.969102,0.990158,23.056724,22.066566,nan,nan,nan
projection_baseline,25.6000,-1,0,-0.242550,0.467560,-2.724882,-0.090087,0.021775,-0.884192,0.600000,-0.350000,0.225000,3.174917,1.174008,2.949882,0.966346,23.056724,22.090377,nan,nan,nan
projection_baseline,25.6490,-1,0,-0.237667,0.450785,-2.701053,-0.105837,-0.076117,-0.749704,0.600000,-0.350000,0.225000,3.147178,1.158854,2.926053,0.932152,23.056724,22.124572,nan,nan,nan
projection_baseline,25.7010,-1,0,-0.230891,0.428370,-2.672909,-0.038576,-0.073794,-0.893220,0.600000,-0.350000,0.225000,3.113537,1.138525,2.897909,0.865484,23.056724,22.191240,nan,nan,nan
projection_baseline,25.7490,-1,0,-0.216975,0.401643,-2.633744,-0.039382,0.017334,-0.766625,0.600000,-0.350000,0.225000,3.066730,1.110142,2.858744,0.811427,23.056724,22.245296,nan,nan,nan
projection_baseline,25.7990,-1,0,-0.209566,0.387905,-2.607900,-0.027373,-0.000967,-0.649752,0.600000,-0.350000,0.225000,3.037306,1.095400,2.832900,0.775441,23.056724,22.281282,nan,nan,nan
projection_baseline,25.8490,-1,0,-0.202880,0.364405,-2.562687,-0.105811,-0.234552,-0.446089,0.600000,-0.350000,0.225000,2.987673,1.074705,2.787687,0.713169,23.056724,22.343555,nan,nan,nan
projection_baseline,25.9000,-1,0,-0.201950,0.345109,-2.530412,-0.136191,-0.269670,-0.370032,0.600000,-0.350000,0.225000,2.952727,1.061273,2.755412,0.668178,23.056724,22.388546,nan,nan,nan
projection_baseline,25.9520,-1,0,-0.201081,0.300020,-2.468863,-0.189512,-0.355537,-0.439497,0.600000,-0.350000,0.225000,2.884642,1.031629,2.693863,0.615520,23.056724,22.441204,nan,nan,nan
projection_baseline,26.0000,-1,0,-0.202469,0.275703,-2.439956,-0.184484,-0.344935,-0.661714,0.600000,-0.350000,0.225000,2.852622,1.017576,2.664956,0.573554,23.056724,22.483170,nan,nan,nan
projection_baseline,26.0490,-1,0,-0.205656,0.244251,-2.402373,-0.185819,-0.326501,-0.432804,0.600000,-0.350000,0.225000,2.811637,1.001107,2.627373,0.527945,23.056724,22.528779,nan,nan,nan
projection_baseline,26.0990,-1,0,-0.210349,0.222559,-2.375274,-0.210887,-0.463014,-0.502080,0.600000,-0.350000,0.225000,2.783148,0.992214,2.600274,0.494873,23.056724,22.561851,nan,nan,nan
projection_baseline,26.1490,-1,0,-0.210935,0.187510,-2.339257,-0.210499,-0.439651,-0.736095,0.600000,-0.350000,0.225000,2.742616,0.972899,2.564257,0.436066,23.056724,22.620657,nan,nan,nan
projection_baseline,26.1990,-1,0,-0.212026,0.167673,-2.322849,-0.221230,-0.466679,-0.690157,0.600000,-0.350000,0.225000,2.723767,0.963002,2.547849,0.400038,23.056724,22.656686,nan,nan,nan
projection_baseline,26.2490,-1,0,-0.215651,0.143744,-2.298497,-0.206462,-0.408845,-0.699135,0.600000,-0.350000,0.225000,2.697611,0.953451,2.523497,0.359531,23.056724,22.697193,nan,nan,nan
projection_baseline,26.3010,-1,0,-0.218805,0.125166,-2.288032,-0.196273,-0.515494,-0.891273,0.600000,-0.350000,0.225000,2.685433,0.946692,2.513032,0.333833,23.056724,22.722891,nan,nan,nan
projection_baseline,26.3490,-1,0,-0.217298,0.110897,-2.280314,-0.175935,-0.381586,-0.867423,0.600000,-0.350000,0.225000,2.675257,0.938297,2.505314,0.301803,23.056724,22.754921,nan,nan,nan
projection_baseline,26.3990,-1,0,-0.215837,0.096223,-2.256007,-0.214191,-0.261461,-0.673599,0.600000,-0.350000,0.225000,2.649547,0.929895,2.481007,0.252891,23.056724,22.803833,nan,nan,nan
projection_baseline,26.4500,-1,0,-0.218333,0.088284,-2.243078,-0.210071,-0.233470,-0.862589,0.600000,-0.350000,0.225000,2.636887,0.928312,2.468078,0.212924,23.056724,22.843800,nan,nan,nan
projection_baseline,26.5000,-1,0,-0.221798,0.081786,-2.235185,-0.211299,-0.257986,-0.822164,0.600000,-0.350000,0.225000,2.629506,0.928327,2.460185,0.184161,23.056724,22.872563,nan,nan,nan
projection_baseline,26.5490,-1,0,-0.220094,0.079584,-2.209272,-0.213723,-0.126295,-0.676597,0.600000,-0.350000,0.225000,2.604376,0.925795,2.434272,0.140314,23.056724,22.916410,nan,nan,nan
projection_baseline,26.5990,-1,0,-0.220595,0.080294,-2.196459,-0.230120,-0.106831,-0.829723,0.600000,-0.350000,0.225000,2.592681,0.926568,2.421459,0.115064,23.056724,22.941660,nan,nan,nan
projection_baseline,26.6490,-1,0,-0.224068,0.084817,-2.182127,-0.244134,0.032412,-0.722581,0.600000,-0.350000,0.225000,2.581165,0.931748,2.407127,0.074583,23.056724,22.982140,nan,nan,nan
projection_baseline,26.6990,-1,0,-0.228584,0.093667,-2.169339,-0.279593,0.131584,-0.604903,0.600000,-0.350000,0.225000,2.572207,0.939889,2.394339,0.049036,23.056724,23.007688,nan,nan,nan
projection_baseline,26.7500,-1,0,-0.230672,0.108556,-2.133743,-0.271738,0.024748,-0.413663,0.600000,-0.350000,0.225000,2.542432,0.948836,2.358743,0.007671,23.056724,23.049053,nan,nan,nan
projection_baseline,26.7990,-1,0,-0.231780,0.111422,-2.110786,-0.232801,-0.040104,-0.557355,0.600000,-0.350000,0.225000,2.522036,0.951193,2.335786,-0.041584,23.056724,23.098307,nan,nan,nan
projection_baseline,26.8490,-1,0,-0.234999,0.115729,-2.092884,-0.250197,-0.072857,-0.797532,0.600000,-0.350000,0.225000,2.507332,0.956100,2.317884,-0.082910,23.056724,23.139634,nan,nan,nan
projection_baseline,26.8990,-1,0,-0.240131,0.118593,-2.090127,-0.255300,-0.074907,-0.960727,0.600000,-0.350000,0.225000,2.507033,0.961977,2.315127,-0.126037,23.056724,23.182761,nan,nan,nan
projection_baseline,26.9490,-1,0,-0.237783,0.111983,-2.090429,-0.231233,-0.137332,-0.984098,0.600000,-0.350000,0.225000,2.505298,0.956717,2.315429,-0.163494,23.056724,23.220217,nan,nan,nan
projection_baseline,27.0000,-1,0,-0.237387,0.108266,-2.089324,-0.251581,-0.083086,-0.878205,0.600000,-0.350000,0.225000,2.503462,0.954581,2.314324,-0.186420,23.056724,23.243144,nan,nan,nan
projection_baseline,27.0490,-1,0,-0.239126,0.108736,-2.087503,-0.242432,0.074143,-0.835797,0.600000,-0.350000,0.225000,2.502447,0.956332,2.312503,-0.224677,23.056724,23.281400,nan,nan,nan
projection_baseline,27.0990,-1,0,-0.242019,0.113818,-2.084364,-0.242123,0.091566,-0.802385,0.600000,-0.350000,0.225000,2.501456,0.961313,2.309364,-0.251983,23.056724,23.308707,nan,nan,nan
projection_baseline,27.1490,-1,0,-0.238533,0.116841,-2.078245,-0.204387,0.028735,-0.929010,0.600000,-0.350000,0.225000,2.495198,0.959728,2.303245,-0.300965,23.056724,23.357689,nan,nan,nan
projection_baseline,27.1990,-1,0,-0.236867,0.121683,-2.070362,-0.234669,0.143029,-0.835355,0.600000,-0.350000,0.225000,2.488276,0.960641,2.295362,-0.333475,23.056724,23.390199,nan,nan,nan
projection_baseline,27.2490,-1,0,-0.237367,0.130164,-2.074466,-0.209897,0.052780,-1.084695,0.600000,-0.350000,0.225000,2.493850,0.965267,2.299466,-0.395999,23.056724,23.452723,nan,nan,nan
projection_baseline,27.2990,-1,0,-0.238683,0.133911,-2.077158,-0.225105,0.073058,-1.005820,0.600000,-0.350000,0.225000,2.497497,0.968276,2.302158,-0.422628,23.056724,23.479352,nan,nan,nan
projection_baseline,27.3490,-1,0,-0.237728,0.136306,-2.080801,-0.274825,0.073175,-1.105792,0.600000,-0.350000,0.225000,2.501000,0.968649,2.305801,-0.476454,23.056724,23.533178,nan,nan,nan
projection_baseline,27.3990,-1,0,-0.238745,0.137870,-2.082339,-0.266044,0.125058,-1.086229,0.600000,-0.350000,0.225000,2.503063,0.970314,2.307339,-0.500665,23.056724,23.557389,nan,nan,nan
projection_baseline,27.4500,-1,0,-0.239544,0.137872,-2.092160,-0.216200,0.025973,-1.210315,0.600000,-0.350000,0.225000,2.512386,0.971006,2.317160,-0.555898,23.056724,23.612622,nan,nan,nan
projection_baseline,27.5000,-1,0,-0.241106,0.141356,-2.096843,-0.222129,0.182800,-0.994492,0.600000,-0.350000,0.225000,2.517904,0.974109,2.321843,-0.587535,23.056724,23.644259,nan,nan,nan
projection_baseline,27.5490,-1,0,-0.235447,0.138199,-2.087888,-0.137612,0.055152,-0.825702,0.600000,-0.350000,0.225000,2.507142,0.967631,2.312888,-0.637086,23.056724,23.693810,nan,nan,nan
projection_baseline,27.5990,-1,0,-0.229621,0.137792,-2.080803,-0.126766,0.101332,-0.979062,0.600000,-0.350000,0.225000,2.498588,0.962399,2.305803,-0.670823,23.056724,23.727547,nan,nan,nan
projection_baseline,27.6500,-1,0,-0.224517,0.139927,-2.073801,-0.134803,0.096871,-0.704560,0.600000,-0.350000,0.225000,2.490852,0.959092,2.298801,-0.720676,23.056724,23.777400,nan,nan,nan
projection_baseline,27.6990,-1,0,-0.222767,0.143583,-2.061663,-0.156118,0.196239,-0.755075,0.600000,-0.350000,0.225000,2.479797,0.959463,2.286663,-0.753383,23.056724,23.810107,nan,nan,nan
projection_baseline,27.7490,-1,0,-0.214059,0.153006,-2.048516,-0.078569,0.231811,-0.938118,0.600000,-0.350000,0.225000,2.466695,0.956926,2.273516,-0.807105,23.056724,23.863829,nan,nan,nan
projection_baseline,27.7990,-1,0,-0.207346,0.159251,-2.044855,-0.045654,0.159358,-1.090040,0.600000,-0.350000,0.225000,2.462395,0.954539,2.269855,-0.850752,23.056724,23.907476,nan,nan,nan
projection_baseline,27.8500,-1,0,-0.198600,0.160898,-2.054144,-0.044433,0.045449,-1.153915,0.600000,-0.350000,0.225000,2.468456,0.948039,2.279144,-0.891500,23.056724,23.948224,nan,nan,nan
projection_baseline,27.8990,-1,0,-0.194259,0.159061,-2.055262,-0.053956,-0.104949,-0.960004,0.600000,-0.350000,0.225000,2.467708,0.943393,2.280262,-0.915173,23.056724,23.971897,nan,nan,nan
projection_baseline,27.9490,-1,0,-0.185107,0.139612,-2.043359,-0.050925,-0.203804,-0.808809,0.600000,-0.350000,0.225000,2.449809,0.925263,2.268359,-0.967325,23.056724,24.024049,nan,nan,nan
projection_baseline,28.0000,-1,0,-0.180193,0.127885,-2.028846,-0.073013,-0.086992,-0.758685,0.600000,-0.350000,0.225000,2.432467,0.914918,2.253846,-1.017342,23.056724,24.074066,nan,nan,nan
projection_baseline,28.0490,-1,0,-0.177105,0.116726,-2.015319,-0.117106,-0.016444,-0.711513,0.600000,-0.350000,0.225000,2.416765,0.906491,2.240319,-1.080101,23.056724,24.136825,nan,nan,nan
projection_baseline,28.0990,-1,0,-0.175638,0.112046,-2.006456,-0.046818,-0.055001,-0.846945,0.600000,-0.350000,0.225000,2.407176,0.902829,2.231456,-1.104017,23.056724,24.160741,nan,nan,nan
projection_baseline,28.1490,-1,0,-0.169015,0.105096,-1.998070,-0.042242,-0.073261,-0.864728,0.600000,-0.350000,0.225000,2.395941,0.893586,2.223070,-1.151884,23.056724,24.208608,nan,nan,nan
projection_baseline,28.1990,-1,0,-0.165376,0.102084,-1.986325,-0.066076,-0.007183,-0.681071,0.600000,-0.350000,0.225000,2.383305,0.888921,2.211325,-1.183847,23.056724,24.240571,nan,nan,nan
projection_baseline,28.2490,-1,0,-0.162705,0.103770,-1.976764,-0.073392,0.181921,-0.621575,0.600000,-0.350000,0.225000,2.373898,0.887483,2.201764,-1.213059,23.056724,24.269783,nan,nan,nan
projection_baseline,28.3000,-1,0,-0.160618,0.111149,-1.964694,-0.070781,0.127325,-0.739396,0.600000,-0.350000,0.225000,2.363463,0.889493,2.189694,-1.256071,23.056724,24.312795,nan,nan,nan
projection_baseline,28.3490,-1,0,-0.157868,0.115199,-1.948320,-0.071305,0.106756,-0.772858,0.600000,-0.350000,0.225000,2.348211,0.889255,2.173320,-1.308104,23.056724,24.364828,nan,nan,nan
projection_baseline,28.3990,-1,0,-0.156635,0.118444,-1.938444,-0.146402,0.054728,-0.738083,0.600000,-0.350000,0.225000,2.339322,0.889909,2.163444,-1.343841,23.056724,24.400565,nan,nan,nan
projection_baseline,28.4490,-1,0,-0.158631,0.120404,-1.922811,-0.095029,-0.022470,-0.722528,0.600000,-0.350000,0.225000,2.325917,0.892637,2.147811,-1.394109,23.056724,24.450833,nan,nan,nan
projection_baseline,28.5020,-1,0,-0.159045,0.119446,-1.917437,-0.088393,-0.042123,-0.832054,0.600000,-0.350000,0.225000,2.320897,0.892484,2.142437,-1.427317,23.056724,24.484040,nan,nan,nan
projection_baseline,28.5490,-1,0,-0.157162,0.108444,-1.918024,-0.067826,-0.155179,-0.988631,0.600000,-0.350000,0.225000,2.318624,0.885136,2.143024,-1.479180,23.056724,24.535904,nan,nan,nan
projection_baseline,28.6000,-1,0,-0.154542,0.101457,-1.910882,-0.053945,-0.037760,-0.762420,0.600000,-0.350000,0.225000,2.309792,0.879288,2.135882,-1.514807,23.056724,24.571531,nan,nan,nan
projection_baseline,28.6500,-1,0,-0.151178,0.093079,-1.915275,-0.035137,-0.093533,-1.065720,0.600000,-0.350000,0.225000,2.311139,0.872117,2.140275,-1.550982,23.056724,24.607706,nan,nan,nan
projection_baseline,28.6990,-1,0,-0.150234,0.087911,-1.922987,-0.078473,-0.090560,-1.125458,0.600000,-0.350000,0.225000,2.316995,0.868687,2.147987,-1.572880,23.056724,24.629604,nan,nan,nan
projection_baseline,28.7500,-1,0,-0.147234,0.077931,-1.934994,-0.069380,-0.166816,-1.253272,0.600000,-0.350000,0.225000,2.325308,0.861095,2.159994,-1.618605,23.056724,24.675329,nan,nan,nan
projection_baseline,28.7990,-1,0,-0.145974,0.070941,-1.944785,-0.124996,-0.176302,-1.252018,0.600000,-0.350000,0.225000,2.332732,0.856545,2.169785,-1.653049,23.056724,24.709772,nan,nan,nan
projection_baseline,28.8490,-1,0,-0.147814,0.062616,-1.966928,-0.131861,-0.094790,-1.250259,0.600000,-0.350000,0.225000,2.352451,0.854095,2.191928,-1.684878,23.056724,24.741602,nan,nan,nan
projection_baseline,28.9000,-1,0,-0.151346,0.057668,-1.974930,-0.164629,-0.132801,-1.061790,0.600000,-0.350000,0.225000,2.360171,0.854818,2.199930,-1.721776,23.056724,24.778500,nan,nan,nan
projection_baseline,28.9490,-1,0,-0.152561,0.050941,-1.980615,-0.133292,-0.217652,-1.171067,0.600000,-0.350000,0.225000,2.364707,0.852702,2.205615,-1.743198,23.056724,24.799922,nan,nan,nan
projection_baseline,28.9990,-1,0,-0.154156,0.042112,-1.988061,-0.166282,-0.142502,-1.208123,0.600000,-0.350000,0.225000,2.370684,0.850002,2.213061,-1.798698,23.056724,24.855422,nan,nan,nan
projection_baseline,29.0490,-1,0,-0.158616,0.035941,-2.011724,-0.166873,-0.148664,-1.476089,0.600000,-0.350000,0.225000,2.393195,0.851146,2.236724,-1.860001,23.056724,24.916725,nan,nan,nan
projection_baseline,29.0990,-1,0,-0.161857,0.029469,-2.032449,-0.141895,-0.185263,-1.425540,0.600000,-0.350000,0.225000,2.412571,0.851131,2.257449,-1.899990,23.056724,24.956714,nan,nan,nan
projection_baseline,29.1500,-1,0,-0.164194,0.024240,-2.051080,-0.156550,-0.183912,-1.478819,0.600000,-0.350000,0.225000,2.429936,0.850910,2.276080,-1.922892,23.056724,24.979616,nan,nan,nan
projection_baseline,29.1990,-1,0,-0.162612,0.013728,-2.081200,-0.067860,-0.234935,-1.498346,0.600000,-0.350000,0.225000,2.456101,0.844911,2.306200,-1.974565,23.056724,25.031289,nan,nan,nan
projection_baseline,29.2500,-1,0,-0.160581,0.000681,-2.108240,-0.105596,-0.366567,-1.366530,0.600000,-0.350000,0.225000,2.479006,0.837533,2.333240,-2.026905,23.056724,25.083629,nan,nan,nan
projection_baseline,29.2990,-1,0,-0.160691,-0.011136,-2.119998,-0.101493,-0.330173,-1.248777,0.600000,-0.350000,0.225000,2.488473,0.832754,2.344998,-2.064659,23.056724,25.121383,nan,nan,nan
projection_baseline,29.3490,-1,0,-0.159824,-0.023074,-2.132551,-0.111848,-0.267737,-1.361604,0.600000,-0.350000,0.225000,2.498452,0.827172,2.357551,-2.106266,23.056724,25.162990,nan,nan,nan
projection_baseline,29.4000,-1,0,-0.157508,-0.028384,-2.131251,-0.091947,-0.162198,-1.112277,0.600000,-0.350000,0.225000,2.495832,0.822955,2.356251,-2.148823,23.056724,25.205547,nan,nan,nan
projection_baseline,29.4490,-1,0,-0.154524,-0.034816,-2.142972,-0.065485,-0.197784,-1.379881,0.600000,-0.350000,0.225000,2.505182,0.817708,2.367972,-2.187971,23.056724,25.244695,nan,nan,nan
projection_baseline,29.4990,-1,0,-0.153669,-0.039466,-2.158839,-0.116410,-0.207725,-1.476538,0.600000,-0.350000,0.225000,2.519353,0.815137,2.383839,-2.220273,23.056724,25.276997,nan,nan,nan
projection_baseline,29.5490,-1,0,-0.150658,-0.045758,-2.179429,-0.091700,-0.275452,-1.564162,0.600000,-0.350000,0.225000,2.537189,0.809970,2.404429,-2.267779,23.056724,25.324503,nan,nan,nan
projection_baseline,29.5990,-1,0,-0.149158,-0.050471,-2.192178,-0.150012,-0.273023,-1.556934,0.600000,-0.350000,0.225000,2.548275,0.806819,2.417178,-2.305449,23.056724,25.362173,nan,nan,nan
projection_baseline,29.6490,-1,0,-0.151854,-0.057383,-2.218684,-0.172354,-0.178450,-1.491224,0.600000,-0.350000,0.225000,2.573422,0.806790,2.443684,-2.362923,23.056724,25.419647,nan,nan,nan
projection_baseline,29.7010,-1,0,-0.155878,-0.061227,-2.234151,-0.213185,-0.211473,-1.401198,0.600000,-0.350000,0.225000,2.588854,0.809161,2.459151,-2.393298,23.056724,25.450022,nan,nan,nan
projection_baseline,29.7490,-1,0,-0.158073,-0.068064,-2.252144,-0.159245,-0.261306,-1.552999,0.600000,-0.350000,0.225000,2.605841,0.808803,2.477144,-2.429419,23.056724,25.486143,nan,nan,nan
projection_baseline,29.7990,-1,0,-0.159880,-0.070348,-2.261385,-0.192497,-0.211103,-1.501864,0.600000,-0.350000,0.225000,2.614906,0.809706,2.486385,-2.467306,23.056724,25.524030,nan,nan,nan
projection_baseline,29.8490,-1,0,-0.164789,-0.074454,-2.292473,-0.189301,-0.230385,-1.714115,0.600000,-0.350000,0.225000,2.645467,0.812913,2.517473,-2.522073,23.056724,25.578797,nan,nan,nan
projection_baseline,29.8990,-1,0,-0.168442,-0.080272,-2.321575,-0.165093,-0.255525,-1.815392,0.600000,-0.350000,0.225000,2.673630,0.814405,2.546575,-2.551081,23.056724,25.607805,nan,nan,nan
projection_baseline,29.9490,-1,0,-0.171525,-0.085909,-2.364364,-0.156152,-0.234861,-1.919416,0.600000,-0.350000,0.225000,2.714737,0.815472,2.589364,-2.616660,23.056724,25.673383,nan,nan,nan
projection_baseline,29.9990,-1,0,-0.170671,-0.090868,-2.388819,-0.096739,-0.293973,-1.861134,0.600000,-0.350000,0.225000,2.737359,0.813071,2.613819,-2.659395,23.056724,25.716119,nan,nan,nan
projection_baseline,30.0490,-1,0,-0.168747,-0.100508,-2.424300,-0.133704,-0.420830,-1.659450,0.600000,-0.350000,0.225000,2.769839,0.808219,2.649300,-2.699472,23.056724,25.756196,nan,nan,nan
projection_baseline,30.0990,-1,0,-0.169172,-0.111088,-2.444399,-0.114911,-0.380241,-1.581279,0.600000,-0.350000,0.225000,2.788260,0.805422,2.669399,-2.728715,23.056724,25.785439,nan,nan,nan
projection_baseline,30.1490,-1,0,-0.169439,-0.119485,-2.467207,-0.159590,-0.271659,-1.586683,0.600000,-0.350000,0.225000,2.809476,0.803227,2.692207,-2.771769,23.056724,25.828493,nan,nan,nan
projection_baseline,30.2000,-1,0,-0.168193,-0.126686,-2.477688,-0.148484,-0.422789,-1.824246,0.600000,-0.350000,0.225000,2.818601,0.799994,2.702688,-2.812209,23.056724,25.868933,nan,nan,nan
projection_baseline,30.2490,-1,0,-0.168879,-0.137584,-2.512930,-0.175950,-0.358416,-1.877698,0.600000,-0.350000,0.225000,2.851764,0.797682,2.737930,-2.884831,23.056724,25.941554,nan,nan,nan
projection_baseline,30.3000,-1,0,-0.170923,-0.149886,-2.538116,-0.156708,-0.544528,-1.919024,0.600000,-0.350000,0.225000,2.875618,0.796472,2.763116,-2.926812,23.056724,25.983536,nan,nan,nan
projection_baseline,30.3490,-1,0,-0.172168,-0.167216,-2.565511,-0.140762,-0.648267,-1.957989,0.600000,-0.350000,0.225000,2.901139,0.793507,2.790511,-2.969015,23.056724,26.025739,nan,nan,nan
projection_baseline,30.3990,-1,0,-0.171712,-0.195754,-2.588840,-0.185751,-0.807524,-1.694945,0.600000,-0.350000,0.225000,2.921819,0.786975,2.813840,-3.033116,23.056724,26.089840,nan,nan,nan
projection_baseline,30.4490,-1,0,-0.174252,-0.230515,-2.604092,-0.195258,-0.821438,-1.463413,0.600000,-0.350000,0.225000,2.935558,0.783417,2.829092,-3.092682,23.056724,26.149406,nan,nan,nan
projection_baseline,30.5000,-1,0,-0.176964,-0.253118,-2.611935,-0.189982,-0.658668,-1.415046,0.600000,-0.350000,0.225000,2.943002,0.782981,2.836935,-3.133800,23.056724,26.190524,nan,nan,nan
projection_baseline,30.5500,-1,0,-0.179092,-0.275592,-2.627940,-0.184316,-0.738446,-1.685980,0.600000,-0.350000,0.225000,2.958342,0.782637,2.852940,-3.205634,23.056724,26.262358,nan,nan,nan
projection_baseline,30.5990,-1,0,-0.179313,-0.286322,-2.637643,-0.199558,-0.664581,-1.768209,0.600000,-0.350000,0.225000,2.967509,0.781911,2.862643,-3.261707,23.056724,26.318431,nan,nan,nan
projection_baseline,30.6490,-1,0,-0.182094,-0.302421,-2.663461,-0.186066,-0.682041,-1.654568,0.600000,-0.350000,0.225000,2.992848,0.783540,2.888461,-3.317407,23.056724,26.374131,nan,nan,nan
projection_baseline,30.7000,-1,0,-0.184073,-0.318711,-2.679124,-0.159120,-0.717347,-1.777493,0.600000,-0.350000,0.225000,3.008269,0.784697,2.904124,-3.350292,23.056724,26.407016,nan,nan,nan
projection_baseline,30.7500,-1,0,-0.184779,-0.338706,-2.703445,-0.159695,-0.680350,-1.748809,0.600000,-0.350000,0.225000,3.031798,0.784860,2.928445,-3.426547,23.056724,26.483271,nan,nan,nan
projection_baseline,30.7990,-1,0,-0.183481,-0.345811,-2.716422,-0.149772,-0.732454,-1.839720,0.600000,-0.350000,0.225000,3.043981,0.783492,2.941422,-3.460142,23.056724,26.516866,nan,nan,nan
projection_baseline,30.8490,-1,0,-0.182358,-0.366752,-2.744930,-0.160759,-0.811193,-1.958287,0.600000,-0.350000,0.225000,3.071294,0.782537,2.969930,-3.518211,23.056724,26.574935,nan,nan,nan
projection_baseline,30.8990,-1,0,-0.183422,-0.391267,-2.775831,-0.164386,-0.910342,-1.960623,0.600000,-0.350000,0.225000,3.101683,0.784508,3.000831,-3.556202,23.056724,26.612926,nan,nan,nan
projection_baseline,30.9490,-1,0,-0.184232,-0.414730,-2.803326,-0.172606,-0.917902,-1.988495,0.600000,-0.350000,0.225000,3.128893,0.786899,3.028326,-3.597920,23.056724,26.654644,nan,nan,nan
projection_baseline,30.9990,-1,0,-0.183481,-0.430082,-2.823305,-0.167343,-0.933369,-2.033384,0.600000,-0.350000,0.225000,3.148400,0.787563,3.048305,-3.643979,23.056724,26.700703,nan,nan,nan
projection_baseline,31.0510,-1,0,-0.184970,-0.456481,-2.858221,-0.161095,-1.030412,-2.061757,0.600000,-0.350000,0.225000,3.183358,0.792159,3.083221,-3.686728,23.056724,26.743451,nan,nan,nan
projection_baseline,31.1000,-1,0,-0.186377,-0.481960,-2.891202,-0.172593,-1.036719,-2.180280,0.600000,-0.350000,0.225000,3.216600,0.797372,3.116202,-3.720284,23.056724,26.777008,nan,nan,nan
projection_baseline,31.1490,-1,0,-0.187085,-0.511287,-2.942379,-0.162087,-1.083182,-2.401605,0.600000,-0.350000,0.225000,3.267691,0.803441,3.167379,-3.771728,23.056724,26.828452,nan,nan,nan
projection_baseline,31.1990,-1,0,-0.185369,-0.527618,-2.974414,-0.149558,-1.080041,-2.406124,0.600000,-0.350000,0.225000,3.299182,0.805203,3.199414,-3.826444,23.056724,26.883168,nan,nan,nan
projection_baseline,31.2490,-1,0,-0.184420,-0.543937,-3.006646,-0.139329,-1.009861,-2.380787,0.600000,-0.350000,0.225000,3.331135,0.808039,3.231646,-3.861527,23.056724,26.918251,nan,nan,nan
projection_baseline,31.2990,-1,0,-0.184736,-0.566120,-3.065378,-0.150759,-0.886599,-2.490409,0.600000,-0.350000,0.225000,3.389558,0.813952,3.290378,-3.919677,23.056724,26.976401,nan,nan,nan
projection_baseline,31.3500,-1,0,-0.184120,-0.573819,-3.121961,-0.161672,-0.700617,-2.401078,0.600000,-0.350000,0.225000,3.444864,0.815438,3.346961,-3.971807,23.056724,27.028531,nan,nan,nan
projection_baseline,31.3990,-1,0,-0.183156,-0.565530,-3.146784,-0.175282,-0.582707,-2.303551,0.600000,-0.350000,0.225000,3.468244,0.812273,3.371784,-4.015986,23.056724,27.072710,nan,nan,nan
projection_baseline,31.4490,-1,0,-0.184671,-0.555062,-3.181183,-0.167230,-0.495114,-2.107065,0.600000,-0.350000,0.225000,3.501406,0.811023,3.406183,-4.068062,23.056724,27.124786,nan,nan,nan
projection_baseline,31.4990,-1,0,-0.185493,-0.545283,-3.203370,-0.149008,-0.300059,-1.958032,0.600000,-0.350000,0.225000,3.522621,0.809404,3.428370,-4.096207,23.056724,27.152931,nan,nan,nan
projection_baseline,31.5490,-1,0,-0.186175,-0.522289,-3.214730,-0.128595,-0.400469,-1.860357,0.600000,-0.350000,0.225000,3.532633,0.804832,3.439730,-4.152293,23.056724,27.209017,nan,nan,nan
projection_baseline,31.6000,-1,0,-0.183499,-0.505741,-3.220361,-0.093135,-0.348888,-1.980133,0.600000,-0.350000,0.225000,3.536756,0.798828,3.445361,-4.200463,23.056724,27.257187,nan,nan,nan
projection_baseline,31.6490,-1,0,-0.180152,-0.484214,-3.233504,-0.104432,-0.244026,-1.829427,0.600000,-0.350000,0.225000,3.547943,0.791613,3.458504,-4.277813,23.056724,27.334537,nan,nan,nan
projection_baseline,31.7000,-1,0,-0.178521,-0.471500,-3.241441,-0.066371,-0.302514,-1.713561,0.600000,-0.350000,0.225000,3.554865,0.787945,3.466441,-4.317644,23.056724,27.374368,nan,nan,nan
projection_baseline,31.7490,-1,0,-0.175444,-0.456789,-3.241085,-0.099686,-0.437362,-1.553929,0.600000,-0.350000,0.225000,3.553373,0.782762,3.466085,-4.393889,23.056724,27.450613,nan,nan,nan
projection_baseline,31.7990,-1,0,-0.173596,-0.449853,-3.228389,-0.107323,-0.431829,-1.296154,0.600000,-0.350000,0.225000,3.540383,0.780013,3.453389,-4.444751,23.056724,27.501475,nan,nan,nan
projection_baseline,31.8490,-1,0,-0.171057,-0.446431,-3.197257,-0.101664,-0.365505,-1.034831,0.600000,-0.350000,0.225000,3.509369,0.777064,3.422257,-4.506830,23.056724,27.563554,nan,nan,nan
projection_baseline,31.8990,-1,0,-0.170483,-0.442286,-3.178210,-0.118904,-0.256070,-0.989965,0.600000,-0.350000,0.225000,3.490559,0.775991,3.403210,-4.545714,23.056724,27.602438,nan,nan,nan
projection_baseline,31.9490,-1,0,-0.167556,-0.427530,-3.143413,-0.052271,-0.273427,-1.249457,0.600000,-0.350000,0.225000,3.455627,0.771462,3.368413,-4.588390,23.056724,27.645114,nan,nan,nan
projection_baseline,31.9990,-1,0,-0.163742,-0.413192,-3.125761,-0.079884,-0.130305,-1.291332,0.600000,-0.350000,0.225000,3.437280,0.766352,3.350761,-4.631058,23.056724,27.687782,nan,nan,nan
projection_baseline,32.0490,-1,0,-0.158215,-0.396376,-3.113300,-0.032344,-0.236435,-1.525244,0.600000,-0.350000,0.225000,3.423637,0.759632,3.338300,-4.682914,23.056724,27.739638,nan,nan,nan
projection_baseline,32.0990,-1,0,-0.154727,-0.395021,-3.113242,-0.045029,-0.412500,-1.359806,0.600000,-0.350000,0.225000,3.422791,0.756069,3.338242,-4.724467,23.056724,27.781191,nan,nan,nan
projection_baseline,32.1490,-1,0,-0.150173,-0.397139,-3.098347,-0.046138,-0.448688,-1.363898,0.600000,-0.350000,0.225000,3.407289,0.751653,3.323347,-4.779054,23.056724,27.835778,nan,nan,nan
projection_baseline,32.1990,-1,0,-0.147509,-0.394956,-3.086532,-0.089456,-0.374051,-1.270270,0.600000,-0.350000,0.225000,3.395149,0.748859,3.311532,-4.821331,23.056724,27.878055,nan,nan,nan
projection_baseline,32.2490,-1,0,-0.146888,-0.395335,-3.069071,-0.140657,-0.451652,-1.046971,0.600000,-0.350000,0.225000,3.377987,0.748262,3.294071,-4.848092,23.056724,27.904816,nan,nan,nan
projection_baseline,32.2990,-1,0,-0.147902,-0.407894,-3.052361,-0.097458,-0.566856,-1.174894,0.600000,-0.350000,0.225000,3.362113,0.750140,3.277361,-4.895268,23.056724,27.951992,nan,nan,nan
projection_baseline,32.3490,-1,0,-0.148364,-0.424134,-3.037872,-0.130552,-0.656387,-1.468220,0.600000,-0.350000,0.225000,3.348414,0.752027,3.262872,-4.940471,23.056724,27.997195,nan,nan,nan
projection_baseline,32.3990,-1,0,-0.148163,-0.431879,-3.039440,-0.112458,-0.663973,-1.611920,0.600000,-0.350000,0.225000,3.350078,0.752630,3.264440,-4.976387,23.056724,28.033111,nan,nan,nan
projection_baseline,32.4500,-1,0,-0.148281,-0.451082,-3.048300,-0.085829,-0.676317,-1.648925,0.600000,-0.350000,0.225000,3.359261,0.755077,3.273300,-5.051528,23.056724,28.108252,nan,nan,nan
projection_baseline,32.4990,-1,0,-0.149119,-0.465626,-3.059899,-0.121945,-0.638866,-1.691310,0.600000,-0.350000,0.225000,3.371218,0.757990,3.284899,-5.080274,23.056724,28.136998,nan,nan,nan
projection_baseline,32.5490,-1,0,-0.148924,-0.481072,-3.073857,-0.098025,-0.644869,-1.645671,0.600000,-0.350000,0.225000,3.385340,0.760307,3.298857,-5.125982,23.056724,28.182706,nan,nan,nan
projection_baseline,32.5990,-1,0,-0.148278,-0.488853,-3.076531,-0.134026,-0.807959,-1.518661,0.600000,-0.350000,0.225000,3.388112,0.761052,3.301531,-5.165799,23.056724,28.222523,nan,nan,nan
projection_baseline,32.6510,-1,0,-0.152679,-0.510481,-3.072458,-0.224057,-0.865913,-1.360433,0.600000,-0.350000,0.225000,3.386076,0.769597,3.297458,-5.228778,23.056724,28.285502,nan,nan,nan
projection_baseline,32.6990,-1,0,-0.159175,-0.533298,-3.074976,-0.273327,-1.005201,-1.402065,0.600000,-0.350000,0.225000,3.391134,0.780990,3.299976,-5.274274,23.056724,28.330998,nan,nan,nan
projection_baseline,32.7490,-1,0,-0.169978,-0.562597,-3.074518,-0.293650,-0.925077,-1.530138,0.600000,-0.350000,0.225000,3.394832,0.798789,3.299518,-5.319461,23.056724,28.376185,nan,nan,nan
projection_baseline,32.7990,-1,0,-0.174991,-0.573146,-3.076338,-0.277804,-0.899857,-1.470648,0.600000,-0.350000,0.225000,3.398417,0.806477,3.301338,-5.353449,23.056724,28.410173,nan,nan,nan
projection_baseline,32.8490,-1,0,-0.184351,-0.591990,-3.069830,-0.310093,-0.980292,-1.437923,0.600000,-0.350000,0.225000,3.395537,0.820832,3.294830,-5.404329,23.056724,28.461053,nan,nan,nan
projection_baseline,32.8990,-1,0,-0.192660,-0.613244,-3.079849,-0.315378,-0.956065,-1.552044,0.600000,-0.350000,0.225000,3.408758,0.835229,3.304849,-5.447120,23.056724,28.503843,nan,nan,nan
projection_baseline,32.9490,-1,0,-0.201552,-0.634929,-3.086317,-0.302579,-0.938134,-1.629854,0.600000,-0.350000,0.225000,3.418844,0.850688,3.311317,-5.467775,23.056724,28.524499,nan,nan,nan
projection_baseline,32.9990,-1,0,-0.206475,-0.642061,-3.088924,-0.299488,-0.880232,-1.562254,0.600000,-0.350000,0.225000,3.423126,0.857730,3.313924,-5.521989,23.056724,28.578713,nan,nan,nan
projection_baseline,33.0510,-1,0,-0.212927,-0.657081,-3.097740,-0.297131,-1.001414,-1.824355,0.600000,-0.350000,0.225000,3.434494,0.868993,3.322740,-5.582591,23.056724,28.639315,nan,nan,nan
projection_baseline,33.0990,-1,0,-0.218147,-0.670833,-3.120429,-0.264121,-0.883585,-1.835923,0.600000,-0.350000,0.225000,3.458929,0.878805,3.345429,-5.604214,23.056724,28.660938,nan,nan,nan
projection_baseline,33.1490,-1,0,-0.224944,-0.683865,-3.136168,-0.288282,-0.736772,-1.635798,0.600000,-0.350000,0.225000,3.476989,0.889943,3.361168,-5.656496,23.056724,28.713220,nan,nan,nan
projection_baseline,33.1990,-1,0,-0.225895,-0.676827,-3.148065,-0.279780,-0.732284,-1.849488,0.600000,-0.350000,0.225000,3.488049,0.888211,3.373065,-5.691969,23.056724,28.748693,nan,nan,nan
projection_baseline,33.2490,-1,0,-0.229204,-0.673214,-3.161661,-0.266841,-0.717436,-1.803629,0.600000,-0.350000,0.225000,3.501645,0.889970,3.386661,-5.737609,23.056724,28.794333,nan,nan,nan
projection_baseline,33.3000,-1,0,-0.232627,-0.673870,-3.177533,-0.278403,-0.629444,-1.617471,0.600000,-0.350000,0.225000,3.517867,0.893397,3.402533,-5.751871,23.056724,28.808595,nan,nan,nan
projection_baseline,33.3490,-1,0,-0.236781,-0.667730,-3.184687,-0.268451,-0.519193,-1.757089,0.600000,-0.350000,0.225000,3.525212,0.895072,3.409687,-5.803103,23.056724,28.859826,nan,nan,nan
projection_baseline,33.3990,-1,0,-0.235848,-0.653058,-3.192146,-0.242752,-0.428036,-1.657274,0.600000,-0.350000,0.225000,3.530916,0.889093,3.417146,-5.845335,23.056724,28.902059,nan,nan,nan
projection_baseline,33.4490,-1,0,-0.236300,-0.637447,-3.189852,-0.263678,-0.265443,-1.541287,0.600000,-0.350000,0.225000,3.527498,0.884321,3.414852,-5.893355,23.056724,28.950079,nan,nan,nan
projection_baseline,33.4990,-1,0,-0.240090,-0.614273,-3.193561,-0.298201,-0.250232,-1.295647,0.600000,-0.350000,0.225000,3.530177,0.880677,3.418561,-5.941432,23.056724,28.998156,nan,nan,nan
projection_baseline,33.5510,-1,0,-0.244961,-0.597815,-3.180822,-0.260737,-0.390294,-1.444145,0.600000,-0.350000,0.225000,3.517811,0.880552,3.405822,-5.997291,23.056724,29.054014,nan,nan,nan
projection_baseline,33.5990,-1,0,-0.243427,-0.581907,-3.178920,-0.260505,-0.362840,-1.601550,0.600000,-0.350000,0.225000,3.514516,0.874728,3.403920,-6.041081,23.056724,29.097805,nan,nan,nan
projection_baseline,33.6490,-1,0,-0.244607,-0.566416,-3.181147,-0.268995,-0.349692,-1.810809,0.600000,-0.350000,0.225000,3.515968,0.871893,3.406147,-6.103259,23.056724,29.159983,nan,nan,nan
projection_baseline,33.6990,-1,0,-0.246633,-0.560533,-3.201212,-0.251893,-0.419563,-1.870322,0.600000,-0.350000,0.225000,3.535540,0.872417,3.426212,-6.130582,23.056724,29.187305,nan,nan,nan
projection_baseline,33.7490,-1,0,-0.249731,-0.550540,-3.218192,-0.264642,-0.363164,-1.813177,0.600000,-0.350000,0.225000,3.552159,0.873074,3.443192,-6.163996,23.056724,29.220720,nan,nan,nan
projection_baseline,33.7990,-1,0,-0.248094,-0.535766,-3.227169,-0.260526,-0.205624,-1.694283,0.600000,-0.350000,0.225000,3.559669,0.868201,3.452169,-6.215578,23.056724,29.272302,nan,nan,nan
projection_baseline,33.8490,-1,0,-0.247808,-0.513342,-3.229564,-0.246969,-0.120745,-1.631256,0.600000,-0.350000,0.225000,3.560825,0.863399,3.454564,-6.261723,23.056724,29.318447,nan,nan,nan
projection_baseline,33.8990,-1,0,-0.247791,-0.502913,-3.243879,-0.194068,-0.196616,-1.791169,0.600000,-0.350000,0.225000,3.574249,0.861471,3.468879,-6.300275,23.056724,29.356999,nan,nan,nan
projection_baseline,33.9500,-1,0,-0.246920,-0.482531,-3.253542,-0.207819,-0.061812,-1.685676,0.600000,-0.350000,0.225000,3.582609,0.857227,3.478542,-6.351566,23.056724,29.408290,nan,nan,nan
projection_baseline,34.0000,-1,0,-0.243452,-0.463126,-3.262795,-0.196782,-0.061581,-1.882164,0.600000,-0.350000,0.225000,3.590115,0.851005,3.487795,-6.391924,23.056724,29.448648,nan,nan,nan
projection_baseline,34.0490,-1,0,-0.240454,-0.445154,-3.283967,-0.190889,-0.121327,-2.124158,0.600000,-0.350000,0.225000,3.609469,0.845824,3.508967,-6.456312,23.056724,29.513036,nan,nan,nan
projection_baseline,34.0990,-1,0,-0.240540,-0.433572,-3.316114,-0.232107,-0.033770,-2.261544,0.600000,-0.350000,0.225000,3.640464,0.844684,3.541114,-6.496482,23.056724,29.553206,nan,nan,nan
projection_baseline,34.1490,-1,0,-0.243198,-0.415428,-3.352400,-0.258536,-0.060684,-2.054637,0.600000,-0.350000,0.225000,3.676010,0.845733,3.577400,-6.537750,23.056724,29.594474,nan,nan,nan
projection_baseline,34.1990,-1,0,-0.241800,-0.401775,-3.376517,-0.240228,-0.008176,-2.171182,0.600000,-0.350000,0.225000,3.698950,0.843391,3.601517,-6.579797,23.056724,29.636521,nan,nan,nan
projection_baseline,34.2490,-1,0,-0.241663,-0.388024,-3.392119,-0.207806,0.089161,-2.000655,0.600000,-0.350000,0.225000,3.713946,0.842522,3.617119,-6.623506,23.056724,29.680230,nan,nan,nan
projection_baseline,34.2990,-1,0,-0.241232,-0.362542,-3.416230,-0.199197,0.219395,-1.740161,0.600000,-0.350000,0.225000,3.737163,0.841325,3.641230,-6.666214,23.056724,29.722938,nan,nan,nan
projection_baseline,34.3490,-1,0,-0.243029,-0.333374,-3.425137,-0.218709,0.247439,-1.830410,0.600000,-0.350000,0.225000,3.746261,0.843193,3.650137,-6.721812,23.056724,29.778535,nan,nan,nan
projection_baseline,34.3990,-1,0,-0.240628,-0.312155,-3.430368,-0.271626,0.200648,-1.775533,0.600000,-0.350000,0.225000,3.750974,0.841480,3.655368,-6.770757,23.056724,29.827481,nan,nan,nan
projection_baseline,34.4490,-1,0,-0.240714,-0.289968,-3.427688,-0.237227,0.064882,-1.795337,0.600000,-0.350000,0.225000,3.748671,0.842855,3.652688,-6.842813,23.056724,29.899537,nan,nan,nan
projection_baseline,34.4990,-1,0,-0.241800,-0.277551,-3.441291,-0.230009,0.146822,-1.942666,0.600000,-0.350000,0.225000,3.762389,0.844912,3.666291,-6.870027,23.056724,29.926751,nan,nan,nan
projection_baseline,34.5490,-1,0,-0.242010,-0.259746,-3.466491,-0.192861,0.010156,-2.035689,0.600000,-0.350000,0.225000,3.787378,0.846833,3.691491,-6.911324,23.056724,29.968048,nan,nan,nan
projection_baseline,34.5990,-1,0,-0.238524,-0.253727,-3.478781,-0.177541,0.063882,-1.909477,0.600000,-0.350000,0.225000,3.798735,0.844033,3.703781,-6.945857,23.056724,30.002580,nan,nan,nan
projection_baseline,34.6490,-1,0,-0.235932,-0.245639,-3.490909,-0.167066,0.005723,-2.075380,0.600000,-0.350000,0.225000,3.810204,0.842421,3.715909,-7.006542,23.056724,30.063266,nan,nan,nan
projection_baseline,34.6990,-1,0,-0.235194,-0.241481,-3.510655,-0.186021,0.043657,-1.957265,0.600000,-0.350000,0.225000,3.829418,0.842215,3.735655,-7.061212,23.056724,30.117936,nan,nan,nan
projection_baseline,34.7490,-1,0,-0.238255,-0.241684,-3.519961,-0.243153,-0.138337,-1.606728,0.600000,-0.350000,0.225000,3.839158,0.845224,3.744961,-7.110713,23.056724,30.167437,nan,nan,nan
projection_baseline,34.8000,-1,0,-0.236151,-0.239134,-3.512224,-0.186568,-0.007981,-1.570479,0.600000,-0.350000,0.225000,3.831225,0.843469,3.737224,-7.138960,23.056724,30.195684,nan,nan,nan
projection_baseline,34.8490,-1,0,-0.232342,-0.239016,-3.501614,-0.157647,-0.059175,-1.654449,0.600000,-0.350000,0.225000,3.820048,0.839709,3.726614,-7.189394,23.056724,30.246118,nan,nan,nan
projection_baseline,34.8990,-1,0,-0.230440,-0.236957,-3.499125,-0.148061,-0.002106,-1.543412,0.600000,-0.350000,0.225000,3.817266,0.838099,3.724125,-7.219486,23.056724,30.276209,nan,nan,nan
projection_baseline,34.9490,-1,0,-0.228565,-0.231575,-3.498266,-0.134465,-0.033082,-1.768534,0.600000,-0.350000,0.225000,3.816183,0.836985,3.723266,-7.267919,23.056724,30.324643,nan,nan,nan
projection_baseline,34.9990,-1,0,-0.223310,-0.228568,-3.505314,-0.136920,-0.060801,-1.984763,0.600000,-0.350000,0.225000,3.822019,0.832217,3.730314,-7.297781,23.056724,30.354505,nan,nan,nan
projection_baseline,35.0490,-1,0,-0.219156,-0.223121,-3.525141,-0.157970,0.026784,-2.068624,0.600000,-0.350000,0.225000,3.840661,0.828924,3.750141,-7.369326,23.056724,30.426050,nan,nan,nan
projection_baseline,35.0990,-1,0,-0.219269,-0.219822,-3.543469,-0.181395,-0.018000,-1.977744,0.600000,-0.350000,0.225000,3.858693,0.829547,3.768469,-7.415096,23.056724,30.471820,nan,nan,nan
projection_baseline,35.1490,-1,0,-0.219480,-0.214659,-3.573238,-0.165098,0.060593,-1.955326,0.600000,-0.350000,0.225000,3.887991,0.830581,3.798238,-7.466562,23.056724,30.523286,nan,nan,nan
projection_baseline,35.1990,-1,0,-0.215899,-0.204165,-3.578817,-0.121687,0.166195,-1.864275,0.600000,-0.350000,0.225000,3.893069,0.828830,3.803817,-7.498236,23.056724,30.554960,nan,nan,nan
projection_baseline,35.2490,-1,0,-0.211555,-0.183141,-3.575397,-0.162722,0.196185,-1.545795,0.600000,-0.350000,0.225000,3.889664,0.828531,3.800397,-7.539637,23.056724,30.596361,nan,nan,nan
projection_baseline,35.2990,-1,0,-0.211143,-0.169098,-3.576166,-0.160651,0.302511,-1.630871,0.600000,-0.350000,0.225000,3.890957,0.831071,3.801166,-7.576025,23.056724,30.632749,nan,nan,nan
projection_baseline,35.3490,-1,0,-0.211408,-0.146945,-3.580495,-0.170347,0.242178,-1.545710,0.600000,-0.350000,0.225000,3.896333,0.836430,3.805495,-7.623559,23.056724,30.680283,nan,nan,nan
projection_baseline,35.4000,-1,0,-0.209035,-0.137263,-3.572731,-0.158959,0.099066,-1.634122,0.600000,-0.350000,0.225000,3.888773,0.836537,3.797731,-7.664055,23.056724,30.720779,nan,nan,nan
projection_baseline,35.4490,-1,0,-0.207226,-0.126529,-3.569850,-0.137267,0.158908,-1.861944,0.600000,-0.350000,0.225000,3.886186,0.837588,3.794850,-7.724970,23.056724,30.781694,nan,nan,nan
projection_baseline,35.4990,-1,0,-0.206343,-0.118819,-3.583020,-0.127625,0.091881,-1.999067,0.600000,-0.350000,0.225000,3.899314,0.838828,3.808020,-7.773726,23.056724,30.830450,nan,nan,nan
projection_baseline,35.5490,-1,0,-0.204888,-0.114558,-3.598787,-0.129408,0.082394,-1.758920,0.600000,-0.350000,0.225000,3.914668,0.838617,3.823787,-7.817179,23.056724,30.873903,nan,nan,nan
projection_baseline,35.5990,-1,0,-0.200505,-0.111017,-3.604113,-0.099147,0.041878,-1.974618,0.600000,-0.350000,0.225000,3.919187,0.835417,3.829113,-7.870918,23.056724,30.927642,nan,nan,nan
projection_baseline,35.6520,-1,0,-0.195832,-0.107376,-3.612680,-0.114183,0.044381,-1.723698,0.600000,-0.350000,0.225000,3.926831,0.831995,3.837680,-7.932794,23.056724,30.989518,nan,nan,nan
projection_baseline,35.6990,-1,0,-0.196010,-0.109368,-3.613863,-0.169348,-0.118407,-1.511037,0.600000,-0.350000,0.225000,3.927901,0.831586,3.838863,-7.982149,23.056724,31.038873,nan,nan,nan
projection_baseline,35.7490,-1,0,-0.195994,-0.113195,-3.600015,-0.098995,-0.076847,-1.367208,0.600000,-0.350000,0.225000,3.914131,0.830471,3.825015,-8.030075,23.056724,31.086799,nan,nan,nan
projection_baseline,35.7990,-1,0,-0.191211,-0.115351,-3.585648,-0.079421,-0.056518,-1.521892,0.600000,-0.350000,0.225000,3.898989,0.825273,3.810648,-8.076773,23.056724,31.133497,nan,nan,nan
projection_baseline,35.8490,-1,0,-0.186012,-0.114974,-3.565280,-0.081649,0.038860,-1.411829,0.600000,-0.350000,0.225000,3.878050,0.820397,3.790280,-8.155374,23.056724,31.212098,nan,nan,nan
projection_baseline,35.8990,-1,0,-0.183627,-0.113143,-3.559926,-0.075978,0.031707,-1.607779,0.600000,-0.350000,0.225000,3.872446,0.818640,3.784926,-8.191287,23.056724,31.248011,nan,nan,nan
projection_baseline,35.9490,-1,0,-0.180133,-0.115585,-3.568260,-0.073972,-0.075013,-1.784091,0.600000,-0.350000,0.225000,3.879739,0.814590,3.793260,-8.239664,23.056724,31.296388,nan,nan,nan
projection_baseline,35.9990,-1,0,-0.176654,-0.112016,-3.574791,-0.087748,0.021375,-1.953696,0.600000,-0.350000,0.225000,3.885645,0.812297,3.799791,-8.284783,23.056724,31.341507,nan,nan,nan
projection_baseline,36.0490,-1,0,-0.175503,-0.108173,-3.583180,-0.125418,-0.011230,-1.795422,0.600000,-0.350000,0.225000,3.893856,0.812333,3.808180,-8.339939,23.056724,31.396663,nan,nan,nan
projection_baseline,36.1000,-1,0,-0.175352,-0.106242,-3.593658,-0.115676,0.043847,-1.880461,0.600000,-0.350000,0.225000,3.904195,0.812766,3.818658,-8.383666,23.056724,31.440390,nan,nan,nan
projection_baseline,36.1490,-1,0,-0.174342,-0.097116,-3.604362,-0.052162,0.231407,-1.623529,0.600000,-0.350000,0.225000,3.915044,0.814589,3.829362,-8.426753,23.056724,31.483477,nan,nan,nan
projection_baseline,36.2000,-1,0,-0.170226,-0.084223,-3.592823,-0.105829,0.195586,-1.397337,0.600000,-0.350000,0.225000,3.903800,0.814792,3.817823,-8.466392,23.056724,31.523116,nan,nan,nan
projection_baseline,36.2500,-1,0,-0.168177,-0.067743,-3.574483,-0.091377,0.282601,-1.545687,0.600000,-0.350000,0.225000,3.886623,0.818391,3.799483,-8.514798,23.056724,31.571522,nan,nan,nan
projection_baseline,36.3000,-1,0,-0.167609,-0.056152,-3.570439,-0.148255,0.233554,-1.490620,0.600000,-0.350000,0.225000,3.883417,0.821931,3.795439,-8.540100,23.056724,31.596824,nan,nan,nan
projection_baseline,36.3500,-1,0,-0.168623,-0.044735,-3.560201,-0.114386,0.108297,-1.547266,0.600000,-0.350000,0.225000,3.874496,0.827023,3.785201,-8.596654,23.056724,31.653378,nan,nan,nan
projection_baseline,36.3990,-1,0,-0.166701,-0.040652,-3.554033,-0.102141,0.150040,-1.696835,0.600000,-0.350000,0.225000,3.868413,0.826757,3.779033,-8.630573,23.056724,31.687297,nan,nan,nan
projection_baseline,36.4490,-1,0,-0.164085,-0.036275,-3.561415,-0.079540,-0.010674,-1.789449,0.600000,-0.350000,0.225000,3.875460,0.825983,3.786415,-8.674716,23.056724,31.731439,nan,nan,nan
projection_baseline,36.5000,-1,0,-0.163308,-0.036984,-3.566086,-0.066276,0.072083,-1.634341,0.600000,-0.350000,0.225000,3.879813,0.824996,3.791086,-8.711558,23.056724,31.768282,nan,nan,nan
projection_baseline,36.5490,-1,0,-0.162864,-0.037784,-3.578299,-0.078560,0.020605,-1.762434,0.600000,-0.350000,0.225000,3.891596,0.824282,3.803299,-8.774982,23.056724,31.831706,nan,nan,nan
projection_baseline,36.6000,-1,0,-0.159652,-0.038868,-3.575162,-0.087717,0.036980,-1.615050,0.600000,-0.350000,0.225000,3.887815,0.820899,3.800162,-8.808934,23.056724,31.865658,nan,nan,nan
projection_baseline,36.6490,-1,0,-0.160221,-0.046455,-3.562683,-0.164837,-0.122681,-1.314440,0.600000,-0.350000,0.225000,3.875128,0.818581,3.787683,-8.852505,23.056724,31.909229,nan,nan,nan
projection_baseline,36.6990,-1,0,-0.161196,-0.050853,-3.548383,-0.109193,0.000977,-1.279863,0.600000,-0.350000,0.225000,3.861000,0.817868,3.773383,-8.884411,23.056724,31.941135,nan,nan,nan
projection_baseline,36.7490,-1,0,-0.160756,-0.059938,-3.536358,-0.071267,-0.054863,-1.295135,0.600000,-0.350000,0.225000,3.848468,0.814178,3.761358,-8.940725,23.056724,31.997449,nan,nan,nan
projection_baseline,36.7990,-1,0,-0.157203,-0.061731,-3.514286,-0.078768,-0.003682,-1.278640,0.600000,-0.350000,0.225000,3.826058,0.810219,3.739286,-8.975569,23.056724,32.032293,nan,nan,nan
projection_baseline,36.8490,-1,0,-0.153976,-0.062274,-3.498226,-0.069190,-0.040974,-1.484329,0.600000,-0.350000,0.225000,3.809682,0.807010,3.723226,-9.008692,23.056724,32.065416,nan,nan,nan
projection_baseline,36.8990,-1,0,-0.152442,-0.066244,-3.497694,-0.072929,-0.068261,-1.703399,0.600000,-0.350000,0.225000,3.808561,0.804168,3.722694,-9.033009,23.056724,32.089733,nan,nan,nan
projection_baseline,36.9490,-1,0,-0.152570,-0.069109,-3.517118,-0.121662,0.012863,-1.764222,0.600000,-0.350000,0.225000,3.827364,0.803282,3.742118,-9.078662,23.056724,32.135386,nan,nan,nan
projection_baseline,36.9990,-1,0,-0.151810,-0.069386,-3.516634,-0.121545,-0.043859,-1.738895,0.600000,-0.350000,0.225000,3.826720,0.802473,3.741634,-9.109917,23.056724,32.166641,nan,nan,nan
projection_baseline,37.0490,-1,0,-0.151097,-0.069092,-3.525019,-0.109517,0.045535,-1.678887,0.600000,-0.350000,0.225000,3.834801,0.801907,3.750019,-9.156896,23.056724,32.213619,nan,nan,nan
projection_baseline,37.0990,-1,0,-0.150754,-0.065976,-3.526722,-0.069043,0.148785,-1.587943,0.600000,-0.350000,0.225000,3.836629,0.802684,3.751722,-9.185743,23.056724,32.242467,nan,nan,nan
projection_baseline,37.1490,-1,0,-0.150226,-0.052478,-3.523655,-0.101130,0.173295,-1.302220,0.600000,-0.350000,0.225000,3.834550,0.807068,3.748655,-9.224354,23.056724,32.281078,nan,nan,nan
projection_baseline,37.1990,-1,0,-0.147836,-0.040697,-3.505615,-0.095681,0.279011,-1.392231,0.600000,-0.350000,0.225000,3.817383,0.809276,3.730615,-9.245575,23.056724,32.302298,nan,nan,nan
projection_baseline,37.2510,-1,0,-0.146169,-0.025204,-3.494509,-0.125099,0.223194,-1.270026,0.600000,-0.350000,0.225000,3.807494,0.813794,3.719509,-9.287531,23.056724,32.344255,nan,nan,nan
projection_baseline,37.2990,-1,0,-0.146592,-0.017347,-3.481055,-0.123146,0.069128,-1.409896,0.600000,-0.350000,0.225000,3.795116,0.817348,3.706055,-9.327854,23.056724,32.384578,nan,nan,nan
projection_baseline,37.3490,-1,0,-0.147701,-0.009010,-3.481585,-0.092353,0.175720,-1.601396,0.600000,-0.350000,0.225000,3.796591,0.821785,3.706585,-9.358259,23.056724,32.414983,nan,nan,nan
projection_baseline,37.3990,-1,0,-0.145005,-0.007561,-3.479526,-0.086504,0.024853,-1.672250,0.600000,-0.350000,0.225000,3.794181,0.819937,3.704526,-9.392981,23.056724,32.449705,nan,nan,nan
projection_baseline,37.4490,-1,0,-0.142991,-0.010577,-3.485409,-0.068952,0.057647,-1.531866,0.600000,-0.350000,0.225000,3.799260,0.816850,3.710409,-9.433054,23.056724,32.489778,nan,nan,nan
projection_baseline,37.5000,-1,0,-0.141192,-0.012625,-3.481335,-0.067292,0.000762,-1.708547,0.600000,-0.350000,0.225000,3.794747,0.814363,3.706335,-9.483964,23.056724,32.540688,nan,nan,nan
projection_baseline,37.5490,-1,0,-0.140419,-0.016260,-3.492106,-0.121584,-0.064233,-1.402910,0.600000,-0.350000,0.225000,3.804797,0.812159,3.717106,-9.525013,23.056724,32.581736,nan,nan,nan
projection_baseline,37.5990,-1,0,-0.139931,-0.022537,-3.474094,-0.144490,-0.162612,-1.195089,0.600000,-0.350000,0.225000,3.786559,0.809154,3.699094,-9.559958,23.056724,32.616682,nan,nan,nan
projection_baseline,37.6490,-1,0,-0.139446,-0.027966,-3.459897,-0.091113,-0.023621,-1.168768,0.600000,-0.350000,0.225000,3.772128,0.806528,3.684897,-9.595839,23.056724,32.652563,nan,nan,nan
projection_baseline,37.7000,-1,0,-0.136883,-0.036577,-3.432218,-0.051753,-0.103771,-1.258908,0.600000,-0.350000,0.225000,3.743858,0.800769,3.657218,-9.635599,23.056724,32.692323,nan,nan,nan
projection_baseline,37.7510,-1,0,-0.134717,-0.042388,-3.413928,-0.056711,-0.007279,-1.213716,0.600000,-0.350000,0.225000,3.725081,0.796514,3.638928,-9.682001,23.056724,32.738725,nan,nan,nan
projection_baseline,37.7990,-1,0,-0.129898,-0.040463,-3.396808,-0.042654,-0.052391,-1.371891,0.600000,-0.350000,0.225000,3.707567,0.792821,3.621808,-9.706457,23.056724,32.763181,nan,nan,nan
projection_baseline,37.8490,-1,0,-0.124434,-0.043358,-3.394665,-0.043060,-0.092228,-1.666812,0.600000,-0.350000,0.225000,3.704161,0.786660,3.619665,-9.747312,23.056724,32.804035,nan,nan,nan
projection_baseline,37.8990,-1,0,-0.122235,-0.043450,-3.399405,-0.060761,-0.022720,-1.716981,0.600000,-0.350000,0.225000,3.708357,0.784600,3.624405,-9.774658,23.056724,32.831382,nan,nan,nan
projection_baseline,37.9490,-1,0,-0.122662,-0.045180,-3.415352,-0.090850,-0.057870,-1.718263,0.600000,-0.350000,0.225000,3.723884,0.784318,3.640352,-9.808866,23.056724,32.865589,nan,nan,nan
projection_baseline,37.9990,-1,0,-0.121376,-0.043986,-3.417118,-0.092071,0.008153,-1.631780,0.600000,-0.350000,0.225000,3.725459,0.783599,3.642118,-9.835021,23.056724,32.891745,nan,nan,nan
projection_baseline,38.0490,-1,0,-0.118471,-0.037340,-3.420380,-0.020587,0.173526,-1.427564,0.600000,-0.350000,0.225000,3.728639,0.783554,3.645380,-9.867487,23.056724,32.924210,nan,nan,nan
projection_baseline,38.0990,-1,0,-0.116348,-0.027124,-3.410894,-0.078261,0.137131,-1.206246,0.600000,-0.350000,0.225000,3.719829,0.785750,3.635894,-9.902079,23.056724,32.958802,nan,nan,nan
projection_baseline,38.1490,-1,0,-0.116368,-0.011934,-3.403857,-0.067734,0.206142,-1.416472,0.600000,-0.350000,0.225000,3.714307,0.792131,3.628857,-9.930124,23.056724,32.986848,nan,nan,nan
projection_baseline,38.1990,-1,0,-0.114804,-0.002270,-3.391239,-0.096329,0.198347,-1.257719,0.600000,-0.350000,0.225000,3.702572,0.794896,3.616239,-9.953746,23.056724,33.010470,nan,nan,nan
projection_baseline,38.2490,-1,0,-0.113523,0.006370,-3.375929,-0.086496,0.071000,-1.397364,0.600000,-0.350000,0.225000,3.688198,0.797568,3.600929,-10.006814,23.056724,33.063538,nan,nan,nan
projection_baseline,38.2990,-1,0,-0.113315,0.010613,-3.371888,-0.078980,0.098296,-1.511994,0.600000,-0.350000,0.225000,3.684625,0.799287,3.596888,-10.040648,23.056724,33.097372,nan,nan,nan
projection_baseline,38.3500,-1,0,-0.112761,0.016412,-3.387764,-0.062050,-0.054786,-1.609096,0.600000,-0.350000,0.225000,3.700588,0.801427,3.612764,-10.095645,23.056724,33.152369,nan,nan,nan
projection_baseline,38.3990,-1,0,-0.110248,0.014693,-3.382691,-0.068441,0.020917,-1.430307,0.600000,-0.350000,0.225000,3.694982,0.798407,3.607691,-10.137295,23.056724,33.194019,nan,nan,nan
projection_baseline,38.4490,-1,0,-0.107878,0.013343,-3.385924,-0.050314,-0.012236,-1.663786,0.600000,-0.350000,0.225000,3.697550,0.795682,3.610924,-10.169766,23.056724,33.226490,nan,nan,nan
projection_baseline,38.4990,-1,0,-0.105059,0.010742,-3.386261,-0.053128,0.004776,-1.456022,0.600000,-0.350000,0.225000,3.697087,0.791987,3.611261,-10.202030,23.056724,33.258754,nan,nan,nan
projection_baseline,38.5500,-1,0,-0.107417,0.000519,-3.382622,-0.124566,-0.176084,-1.154056,0.600000,-0.350000,0.225000,3.692999,0.789495,3.607622,-10.249806,23.056724,33.306530,nan,nan,nan
projection_baseline,38.5990,-1,0,-0.105978,-0.004027,-3.359387,-0.052560,-0.116399,-1.055809,0.600000,-0.350000,0.225000,3.669596,0.786195,3.584387,-10.271135,23.056724,33.327859,nan,nan,nan
projection_baseline,38.6490,-1,0,-0.102003,-0.013582,-3.340046,-0.026915,-0.100488,-1.128910,0.600000,-0.350000,0.225000,3.649046,0.778450,3.565046,-10.325645,23.056724,33.382368,nan,nan,nan
projection_baseline,38.7000,-1,0,0.001973,0.008047,-3.319233,-0.034581,-0.051315,-1.111757,0.600000,-0.350000,0.225000,3.612121,0.697018,3.544233,-10.350236,23.056724,33.406959,nan,nan,nan
projection_baseline,38.7490,-1,0,0.005150,0.005686,-3.312208,-0.018311,-0.110414,-1.372393,0.600000,-0.350000,0.225000,3.604470,0.693079,3.537208,-10.379826,23.056724,33.436550,nan,nan,nan
projection_baseline,38.7990,-1,0,0.007396,0.001673,-3.314217,-0.017070,-0.090860,-1.603530,0.600000,-0.350000,0.225000,3.605678,0.689096,3.539217,-10.390699,23.056724,33.447423,nan,nan,nan
projection_baseline,38.8490,-1,0,0.009233,0.000295,-3.331770,-0.032935,-0.020564,-1.727949,0.600000,-0.350000,0.225000,3.622475,0.686813,3.556770,-10.405697,23.056724,33.462421,nan,nan,nan
projection_baseline,38.8990,-1,0,0.009422,-0.001111,-3.347170,-0.064703,-0.083056,-1.589946,0.600000,-0.350000,0.225000,3.637431,0.685934,3.572170,-10.434453,23.056724,33.491177,nan,nan,nan
projection_baseline,38.9490,-1,0,0.009608,-0.001738,-3.374465,-0.065091,-0.000323,-1.511618,0.600000,-0.350000,0.225000,3.664151,0.685455,3.599465,-10.451501,23.056724,33.508225,nan,nan,nan
projection_baseline,38.9990,-1,0,0.010287,0.002366,-3.380565,0.006270,0.144770,-1.390776,0.600000,-0.350000,0.225000,3.670425,0.686967,3.605565,-10.463272,23.056724,33.519996,nan,nan,nan
projection_baseline,39.0510,-1,0,0.011612,0.015290,-3.391186,-0.046577,0.139645,-1.189007,0.600000,-0.350000,0.225000,3.681907,0.692559,3.616186,-10.482466,23.056724,33.539190,nan,nan,nan
projection_baseline,39.0990,-1,0,0.011198,0.025579,-3.386620,-0.039087,0.247689,-1.288265,0.600000,-0.350000,0.225000,3.678525,0.698389,3.611620,-10.496997,23.056724,33.553721,nan,nan,nan
projection_baseline,39.1490,-1,0,0.010348,0.041802,-3.402083,-0.060633,0.181146,-1.230149,0.600000,-0.350000,0.225000,3.695528,0.707953,3.627083,-10.514568,23.056724,33.571291,nan,nan,nan
projection_baseline,39.1990,-1,0,0.009351,0.047627,-3.400597,-0.066913,0.048340,-1.349762,0.600000,-0.350000,0.225000,3.694851,0.712021,3.625597,-10.526626,23.056724,33.583350,nan,nan,nan
projection_baseline,39.2490,-1,0,0.008543,0.053396,-3.413014,-0.053682,0.112506,-1.487101,0.600000,-0.350000,0.225000,3.707789,0.715925,3.638014,-10.530271,23.056724,33.586994,nan,nan,nan
projection_baseline,39.2990,-1,0,0.008572,0.060486,-3.433931,-0.027467,0.011729,-1.627000,0.600000,-0.350000,0.225000,3.729084,0.719921,3.658931,-10.552434,23.056724,33.609158,nan,nan,nan
projection_baseline,39.3500,-1,0,0.008766,0.059905,-3.452210,-0.008211,0.043570,-1.492927,0.600000,-0.350000,0.225000,3.746926,0.719430,3.677210,-10.566511,23.056724,33.623235,nan,nan,nan
projection_baseline,39.3990,-1,0,0.009520,0.059614,-3.475118,-0.009341,-0.018290,-1.603022,0.600000,-0.350000,0.225000,3.769260,0.718645,3.700118,-10.599044,23.056724,33.655768,nan,nan,nan
projection_baseline,39.4490,-1,0,0.010466,0.056582,-3.500168,-0.062785,-0.084246,-1.373397,0.600000,-0.350000,0.225000,3.793381,0.716142,3.725168,-10.624920,23.056724,33.681644,nan,nan,nan
projection_baseline,39.4990,-1,0,0.008537,0.048694,-3.498954,-0.089203,-0.183136,-1.173753,0.600000,-0.350000,0.225000,3.791651,0.713292,3.723954,-10.641141,23.056724,33.697865,nan,nan,nan
projection_baseline,39.5500,-1,0,0.008025,0.036649,-3.503686,-0.007531,-0.149355,-1.172917,0.600000,-0.350000,0.225000,3.795133,0.707059,3.728686,-10.675279,23.056724,33.732003,nan,nan,nan
projection_baseline,39.6000,-1,0,0.009491,0.027706,-3.500462,0.000642,-0.106864,-1.230957,0.600000,-0.350000,0.225000,3.790835,0.700973,3.725462,-10.701785,23.056724,33.758509,nan,nan,nan
projection_baseline,39.6490,-1,0,0.011448,0.019402,-3.504394,-0.005663,-0.033954,-1.235303,0.600000,-0.350000,0.225000,3.793577,0.694875,3.729394,0.154565,23.056724,22.902159,nan,nan,nan
projection_baseline,39.6990,-1,0,0.013001,0.014736,-3.505353,0.019647,-0.083469,-1.395936,0.600000,-0.350000,0.225000,3.793829,0.691086,3.730353,0.129778,23.056724,22.926945,nan,nan,nan
projection_baseline,39.7490,-1,0,0.017107,0.002322,-3.532885,0.025276,-0.102321,-1.731089,0.600000,-0.350000,0.225000,3.819109,0.681098,3.757885,0.110230,23.056724,22.946494,nan,nan,nan
projection_baseline,39.7990,-1,0,0.018416,-0.002243,-3.546869,-0.016778,-0.053347,-1.707784,0.600000,-0.350000,0.225000,3.832254,0.677625,3.771869,0.074598,23.056724,22.982126,nan,nan,nan
projection_baseline,39.8490,-1,0,0.018482,-0.009808,-3.575318,-0.011080,-0.091360,-1.713974,0.600000,-0.350000,0.225000,3.859573,0.673716,3.800318,0.039235,23.056724,23.017489,nan,nan,nan
projection_baseline,39.8990,-1,0,0.018894,-0.013490,-3.591202,-0.024171,-0.030031,-1.630760,0.600000,-0.350000,0.225000,3.874831,0.671509,3.816202,0.026094,23.056724,23.030630,nan,nan,nan
projection_baseline,39.9490,-1,0,0.019898,-0.011276,-3.616207,-0.008046,0.189947,-1.412867,0.600000,-0.350000,0.225000,3.899503,0.671753,3.841207,-0.004597,23.056724,23.061321,nan,nan,nan
projection_baseline,39.9990,-1,0,0.019587,-0.004522,-3.616646,-0.036310,0.098663,-1.233072,0.600000,-0.350000,0.225000,3.900574,0.675451,3.841646,-0.006344,23.056724,23.063068,nan,nan,nan
projection_baseline,40.0490,-1,0,0.017372,0.006103,-3.624450,-0.053002,0.202635,-1.334869,0.600000,-0.350000,0.225000,3.909543,0.682836,3.849450,-0.014318,23.056724,23.071042,nan,nan,nan
projection_baseline,40.1020,-1,0,0.015412,0.013822,-3.625523,-0.066135,0.158670,-1.276038,0.600000,-0.350000,0.225000,3.911603,0.688556,3.850523,-0.029353,23.056724,23.086077,nan,nan,nan
projection_baseline,40.1490,-1,0,0.012484,0.021316,-3.635352,-0.035284,0.060120,-1.462266,0.600000,-0.350000,0.225000,3.922419,0.695019,3.860352,-0.041725,23.056724,23.098449,nan,nan,nan
projection_baseline,40.1990,-1,0,0.010927,0.026680,-3.642021,-0.026192,0.114417,-1.610886,0.600000,-0.350000,0.225000,3.929726,0.699210,3.867021,-0.046969,23.056724,23.103693,nan,nan,nan
projection_baseline,40.2490,-1,0,0.010304,0.031876,-3.667809,0.013067,-0.058382,-1.677452,0.600000,-0.350000,0.225000,3.955696,0.702546,3.892809,-0.050210,23.056724,23.106934,nan,nan,nan
projection_baseline,40.2990,-1,0,0.010801,0.032463,-3.675894,-0.007910,0.016179,-1.504360,0.600000,-0.350000,0.225000,3.963636,0.702448,3.900894,-0.063460,23.056724,23.120184,nan,nan,nan
projection_baseline,40.3490,-1,0,0.012367,0.033276,-3.701847,0.024359,-0.006080,-1.684936,0.600000,-0.350000,0.225000,3.989027,0.701579,3.926847,-0.078915,23.056724,23.135639,nan,nan,nan
projection_baseline,40.4000,-1,0,0.013817,0.033305,-3.708269,0.005839,-0.034673,-1.434312,0.600000,-0.350000,0.225000,3.995139,0.700380,3.933269,-0.085363,23.056724,23.142087,nan,nan,nan
projection_baseline,40.4490,-1,0,0.014288,0.025753,-3.710931,-0.007831,-0.169416,-1.223414,0.600000,-0.350000,0.225000,3.996974,0.695880,3.935931,-0.092451,23.056724,23.149174,nan,nan,nan
projection_baseline,40.4990,-1,0,0.015730,0.021062,-3.704039,0.049505,-0.136403,-1.150542,0.600000,-0.350000,0.225000,3.989537,0.692140,3.929039,-0.095635,23.056724,23.152359,nan,nan,nan
projection_baseline,40.5490,-1,0,0.019360,0.013671,-3.699400,0.086305,-0.146633,-1.317792,0.600000,-0.350000,0.225000,3.983757,0.685128,3.924400,-0.104410,23.056724,23.161134,nan,nan,nan
projection_baseline,40.5990,-1,0,0.024965,0.006262,-3.689646,0.056643,-0.034941,-1.235317,0.600000,-0.350000,0.225000,3.972662,0.676453,3.914646,-0.121376,23.056724,23.178100,nan,nan,nan
projection_baseline,40.6490,-1,0,0.029083,0.002175,-3.693019,0.087131,-0.116211,-1.484205,0.600000,-0.350000,0.225000,3.975028,0.670801,3.918019,-0.140365,23.056724,23.197089,nan,nan,nan
projection_baseline,40.6990,-1,0,0.032462,-0.003821,-3.701554,0.082356,-0.111278,-1.692561,0.600000,-0.350000,0.225000,3.982432,0.664785,3.926554,-0.147648,23.056724,23.204372,nan,nan,nan
projection_baseline,40.7490,-1,0,0.035028,-0.007979,-3.721048,0.045675,-0.047085,-1.746095,0.600000,-0.350000,0.225000,4.000933,0.660433,3.946048,-0.152630,23.056724,23.209354,nan,nan,nan
projection_baseline,40.7990,-1,0,0.035313,-0.013309,-3.741457,0.031203,-0.098074,-1.742671,0.600000,-0.350000,0.225000,4.020574,0.657444,3.966457,-0.158770,23.056724,23.215494,nan,nan,nan
projection_baseline,40.8490,-1,0,0.035345,-0.016397,-3.763915,0.026684,-0.026133,-1.595701,0.600000,-0.350000,0.225000,4.042471,0.655840,3.988915,-0.155167,23.056724,23.211891,nan,nan,nan
projection_baseline,40.8990,-1,0,0.035419,-0.014296,-3.771310,0.064315,0.121085,-1.479915,0.600000,-0.350000,0.225000,4.049931,0.656848,3.996310,-0.175613,23.056724,23.232337,nan,nan,nan
projection_baseline,40.9490,-1,0,0.034018,-0.002816,-3.774404,0.012297,0.119579,-1.321862,0.600000,-0.350000,0.225000,4.054147,0.663982,3.999404,-0.187661,23.056724,23.244385,nan,nan,nan
projection_baseline,41.0000,-1,0,0.031387,0.006313,-3.772814,-0.000906,0.188698,-1.416746,0.600000,-0.350000,0.225000,4.053739,0.671029,3.997814,-0.202306,23.056724,23.259029,nan,nan,nan
projection_baseline,41.0490,-1,0,0.027288,0.017803,-3.775844,-0.023171,0.140499,-1.276471,0.600000,-0.350000,0.225000,4.058328,0.680645,4.000844,-0.211325,23.056724,23.268049,nan,nan,nan
projection_baseline,41.1000,-1,0,0.024654,0.022053,-3.773025,-0.005872,0.009335,-1.398211,0.600000,-0.350000,0.225000,4.056310,0.685162,3.998025,-0.227272,23.056724,23.283995,nan,nan,nan
projection_baseline,41.1490,-1,0,0.020998,0.029882,-3.785257,0.003379,0.101387,-1.638927,0.600000,-0.350000,0.225000,4.069609,0.692498,4.010257,-0.234124,23.056724,23.290848,nan,nan,nan
projection_baseline,41.1990,-1,0,0.019750,0.032721,-3.796465,0.034305,-0.061288,-1.623253,0.600000,-0.350000,0.225000,4.081097,0.695101,4.021465,-0.237839,23.056724,23.294563,nan,nan,nan
projection_baseline,41.2490,-1,0,0.018846,0.032900,-3.808146,0.014944,0.011256,-1.550414,0.600000,-0.350000,0.225000,4.092752,0.695954,4.033146,-0.223795,23.056724,23.280519,nan,nan,nan
projection_baseline,41.2990,-1,0,0.019018,0.032794,-3.820719,0.049774,-0.027147,-1.640846,0.600000,-0.350000,0.225000,4.105109,0.695752,4.045719,-0.210171,23.056724,23.266895,nan,nan,nan
projection_baseline,41.3490,-1,0,0.019254,0.030694,-3.832450,-0.003385,-0.119249,-1.412960,0.600000,-0.350000,0.225000,4.116442,0.694402,4.057450,-0.224408,23.056724,23.281131,nan,nan,nan
projection_baseline,41.3990,-1,0,0.018038,0.023442,-3.827029,-0.003364,-0.189150,-1.220215,0.600000,-0.350000,0.225000,4.110606,0.691476,4.052029,-0.221653,23.056724,23.278377,nan,nan,nan
projection_baseline,41.4490,-1,0,0.018705,0.015859,-3.814894,0.070523,-0.157370,-1.172256,0.600000,-0.350000,0.225000,4.097865,0.686845,4.039894,-0.224261,23.056724,23.280985,nan,nan,nan
projection_baseline,41.4990,-1,0,0.021098,0.008674,-3.810441,0.069771,-0.113084,-1.229407,0.600000,-0.350000,0.225000,4.092501,0.681010,4.035441,-0.229572,23.056724,23.286295,nan,nan,nan
projection_baseline,41.5490,-1,0,0.024283,0.002315,-3.795379,0.059167,-0.019963,-1.260901,0.600000,-0.350000,0.225000,4.076643,0.674964,4.020379,-0.250478,23.056724,23.307202,nan,nan,nan
projection_baseline,41.5990,-1,0,0.026146,-0.000715,-3.794911,0.081234,-0.106886,-1.426845,0.600000,-0.350000,0.225000,4.075658,0.671795,4.019911,-0.257382,23.056724,23.314106,nan,nan,nan
projection_baseline,41.6500,-1,0,0.029378,-0.008997,-3.804044,0.070638,-0.095090,-1.726094,0.600000,-0.350000,0.225000,4.083514,0.664750,4.029044,-0.255191,23.056724,23.311915,nan,nan,nan
projection_baseline,41.6990,-1,0,0.029989,-0.011912,-3.817604,0.025569,-0.044440,-1.701789,0.600000,-0.350000,0.225000,4.096567,0.662734,4.042604,-0.252957,23.056724,23.309680,nan,nan,nan
projection_baseline,41.7490,-1,0,0.028616,-0.017888,-3.832096,0.026190,-0.081409,-1.745464,0.600000,-0.350000,0.225000,4.110572,0.660891,4.057096,-0.260939,23.056724,23.317663,nan,nan,nan
projection_baseline,41.7990,-1,0,0.027566,-0.019668,-3.844340,0.008580,-0.024214,-1.591758,0.600000,-0.350000,0.225000,4.122660,0.660909,4.069340,-0.252815,23.056724,23.309539,nan,nan,nan
projection_baseline,41.8490,-1,0,0.026567,-0.018181,-3.847631,0.038834,0.103972,-1.473802,0.600000,-0.350000,0.225000,4.126167,0.662517,4.072631,-0.253439,23.056724,23.310163,nan,nan,nan
projection_baseline,41.8990,-1,0,0.024858,-0.007462,-3.846618,-0.010874,0.118720,-1.223186,0.600000,-0.350000,0.225000,4.126281,0.669418,4.071618,-0.253532,23.056724,23.310256,nan,nan,nan
projection_baseline,41.9490,-1,0,0.020279,0.006777,-3.839616,-0.010590,0.196632,-1.433076,0.600000,-0.350000,0.225000,4.121222,0.680710,4.064616,-0.268791,23.056724,23.325515,nan,nan,nan
projection_baseline,42.0000,-1,0,0.017225,0.014794,-3.836754,-0.026237,0.136928,-1.206430,0.600000,-0.350000,0.225000,4.119533,0.687533,4.061754,-0.285502,23.056724,23.342226,nan,nan,nan
projection_baseline,42.0500,-1,0,0.013936,0.020352,-3.827173,-0.001113,0.011333,-1.312794,0.600000,-0.350000,0.225000,4.111050,0.693276,4.052173,-0.287889,23.056724,23.344612,nan,nan,nan
projection_baseline,42.1000,-1,0,0.011942,0.025178,-3.832721,0.007660,0.105276,-1.527751,0.600000,-0.350000,0.225000,4.117241,0.697547,4.057721,-0.299680,23.056724,23.356404,nan,nan,nan
projection_baseline,42.1490,-1,0,0.010883,0.029193,-3.840950,0.033952,-0.052938,-1.606658,0.600000,-0.350000,0.225000,4.125869,0.700604,4.065950,-0.300567,23.056724,23.357291,nan,nan,nan
projection_baseline,42.1990,-1,0,0.010846,0.029702,-3.843921,0.015440,0.013945,-1.460743,0.600000,-0.350000,0.225000,4.128849,0.700911,4.068921,-0.307804,23.056724,23.364527,nan,nan,nan
projection_baseline,42.2490,-1,0,0.012278,0.028553,-3.852122,0.061461,-0.040339,-1.531136,0.600000,-0.350000,0.225000,4.136622,0.699085,4.077122,-0.324593,23.056724,23.381317,nan,nan,nan
projection_baseline,42.2990,-1,0,0.013262,0.027220,-3.856579,0.029996,-0.090072,-1.352917,0.600000,-0.350000,0.225000,4.140754,0.697536,4.081579,-0.332836,23.056724,23.389559,nan,nan,nan
projection_baseline,42.3490,-1,0,0.012835,0.014967,-3.839027,0.020010,-0.139407,-1.080257,0.600000,-0.350000,0.225000,4.122412,0.691349,4.064027,-0.346760,23.056724,23.403484,nan,nan,nan
projection_baseline,42.4000,-1,0,0.014233,0.010256,-3.828868,0.080039,-0.157438,-1.071834,0.600000,-0.350000,0.225000,4.111783,0.687683,4.053868,-0.357916,23.056724,23.414640,nan,nan,nan
projection_baseline,42.4490,-1,0,0.018570,0.000903,-3.808567,0.102055,-0.060921,-1.074556,0.600000,-0.350000,0.225000,4.090337,0.679112,4.033567,-0.348862,23.056724,23.405585,nan,nan,nan
projection_baseline,42.4990,-1,0,0.021206,-0.002889,-3.796720,0.064437,-0.032238,-1.138182,0.600000,-0.350000,0.225000,4.077955,0.674898,4.021720,-0.350131,23.056724,23.406855,nan,nan,nan
projection_baseline,42.5520,-1,0,0.025044,-0.008344,-3.781218,0.086738,-0.117773,-1.431810,0.600000,-0.350000,0.225000,4.061660,0.668808,4.006218,-0.363283,23.056724,23.420007,nan,nan,nan
projection_baseline,42.5990,-1,0,0.027525,-0.014357,-3.788742,0.081400,-0.112778,-1.634783,0.600000,-0.350000,0.225000,4.068231,0.663614,4.013742,-0.358713,23.056724,23.415437,nan,nan,nan
projection_baseline,42.6490,-1,0,0.028133,-0.018523,-3.795891,-0.012394,-0.090436,-1.579566,0.600000,-0.350000,0.225000,4.074859,0.660991,4.020891,-0.367416,23.056724,23.424140,nan,nan,nan
projection_baseline,42.6990,-1,0,0.027217,-0.022497,-3.803228,0.022833,-0.099652,-1.624012,0.600000,-0.350000,0.225000,4.081906,0.659802,4.028228,-0.365531,23.056724,23.422254,nan,nan,nan
projection_baseline,42.7490,-1,0,0.025416,-0.025168,-3.806431,0.013477,-0.016540,-1.481595,0.600000,-0.350000,0.225000,4.085107,0.660048,4.031431,-0.377646,23.056724,23.434370,nan,nan,nan
projection_baseline,42.7990,-1,0,0.024377,-0.021255,-3.808814,0.019963,0.184163,-1.308235,0.600000,-0.350000,0.225000,4.087917,0.662884,4.033814,-0.379590,23.056724,23.436314,nan,nan,nan
projection_baseline,42.8490,-1,0,0.020949,-0.010728,-3.791047,-0.012994,0.120822,-1.189148,0.600000,-0.350000,0.225000,4.071737,0.671123,4.016047,-0.388057,23.056724,23.444781,nan,nan,nan
projection_baseline,42.8990,-1,0,0.016859,-0.001338,-3.788421,-0.029084,0.186291,-1.284544,0.600000,-0.350000,0.225000,4.070524,0.679425,4.013421,-0.395382,23.056724,23.452106,nan,nan,nan
projection_baseline,42.9500,-1,0,0.009837,0.011661,-3.767492,-0.053945,0.114156,-1.175142,0.600000,-0.350000,0.225000,4.052046,0.692164,3.992492,-0.404025,23.056724,23.460749,nan,nan,nan
projection_baseline,42.9990,-1,0,0.005802,0.015120,-3.760211,-0.044632,0.049506,-1.255879,0.600000,-0.350000,0.225000,4.045775,0.697412,3.985211,-0.404906,23.056724,23.461630,nan,nan,nan
projection_baseline,43.0490,-1,0,-0.000194,0.023325,-3.749979,-0.038021,0.082618,-1.516956,0.600000,-0.350000,0.225000,4.037334,0.706827,3.974979,-0.422947,23.056724,23.479671,nan,nan,nan
projection_baseline,43.1000,-1,0,-0.002295,0.025238,-3.758053,-0.010890,-0.063950,-1.465090,0.600000,-0.350000,0.225000,4.045773,0.709622,3.983053,-0.428031,23.056724,23.484755,nan,nan,nan
projection_baseline,43.1490,-1,0,-0.005824,0.025972,-3.747129,-0.026380,0.000553,-1.427645,0.600000,-0.350000,0.225000,4.035615,0.713006,3.972129,-0.435038,23.056724,23.491762,nan,nan,nan
projection_baseline,43.1990,-1,0,-0.006921,0.025578,-3.750503,-0.017577,-0.018446,-1.482952,0.600000,-0.350000,0.225000,4.039064,0.713731,3.975503,-0.442634,23.056724,23.499358,nan,nan,nan
projection_baseline,43.2490,-1,0,-0.008976,0.023864,-3.738502,-0.062712,-0.129872,-1.227963,0.600000,-0.350000,0.225000,4.027402,0.714581,3.963502,-0.445892,23.056724,23.502616,nan,nan,nan
projection_baseline,43.2990,-1,0,-0.011647,0.016904,-3.730509,-0.064376,-0.199340,-1.032899,0.600000,-0.350000,0.225000,4.019301,0.713254,3.955509,-0.444786,23.056724,23.501510,nan,nan,nan
projection_baseline,43.3490,-1,0,-0.012587,0.008585,-3.689243,0.014468,-0.168473,-1.012361,0.600000,-0.350000,0.225000,3.978083,0.709822,3.914243,-0.463644,23.056724,23.520368,nan,nan,nan
projection_baseline,43.4000,-1,0,-0.011177,0.002617,-3.678504,0.021768,-0.082464,-0.988595,0.600000,-0.350000,0.225000,3.966764,0.705603,3.903504,-0.464374,23.056724,23.521097,nan,nan,nan
projection_baseline,43.4490,-1,0,-0.009695,-0.001374,-3.641095,-0.001736,-0.017223,-1.051680,0.600000,-0.350000,0.225000,3.929371,0.702331,3.866095,-0.471938,23.056724,23.528662,nan,nan,nan
projection_baseline,43.5010,-1,0,-0.008436,-0.003737,-3.632232,0.023416,-0.103534,-1.209934,0.600000,-0.350000,0.225000,3.920246,0.700066,3.857232,-0.481766,23.056724,23.538490,nan,nan,nan
projection_baseline,43.5490,-1,0,-0.005378,-0.011827,-3.615485,-0.013774,-0.060536,-1.486357,0.600000,-0.350000,0.225000,3.902585,0.693429,3.840485,-0.473406,23.056724,23.530130,nan,nan,nan
projection_baseline,43.5990,-1,0,-0.005188,-0.013911,-3.621612,-0.060928,-0.067524,-1.430057,0.600000,-0.350000,0.225000,3.908406,0.692249,3.846612,-0.481751,23.056724,23.538475,nan,nan,nan
projection_baseline,43.6490,-1,0,-0.005943,-0.018675,-3.606843,-0.019953,-0.074241,-1.504194,0.600000,-0.350000,0.225000,3.893580,0.690611,3.831843,-0.481892,23.056724,23.538616,nan,nan,nan
projection_baseline,43.7000,-1,0,-0.006595,-0.019864,-3.608329,-0.050650,-0.009337,-1.345139,0.600000,-0.350000,0.225000,3.895043,0.690613,3.833329,-0.479157,23.056724,23.535880,nan,nan,nan
projection_baseline,43.7490,-1,0,-0.007755,-0.012836,-3.583056,-0.039413,0.209176,-1.143333,0.600000,-0.350000,0.225000,3.870961,0.695015,3.808056,-0.493156,23.056724,23.549880,nan,nan,nan
projection_baseline,43.7990,-1,0,-0.009486,-0.005241,-3.567193,-0.063610,0.131320,-0.996259,0.600000,-0.350000,0.225000,3.856301,0.700238,3.792193,-0.498969,23.056724,23.555692,nan,nan,nan
projection_baseline,43.8490,-1,0,-0.013444,0.008210,-3.529618,-0.067200,0.205386,-1.151236,0.600000,-0.350000,0.225000,3.821228,0.710372,3.754618,-0.513491,23.056724,23.570215,nan,nan,nan
projection_baseline,43.8990,-1,0,-0.016708,0.017024,-3.513844,-0.096827,0.157317,-0.924820,0.600000,-0.350000,0.225000,3.807097,0.717659,3.738844,-0.521805,23.056724,23.578529,nan,nan,nan
projection_baseline,43.9490,-1,0,-0.020764,0.024708,-3.474766,-0.072708,0.077388,-1.173761,0.600000,-0.350000,0.225000,3.770148,0.725089,3.699766,-0.525186,23.056724,23.581910,nan,nan,nan
projection_baseline,43.9990,-1,0,-0.022886,0.030479,-3.466550,-0.061943,0.119875,-1.287452,0.600000,-0.350000,0.225000,3.763016,0.729898,3.691550,-0.533772,23.056724,23.590496,nan,nan,nan
projection_baseline,44.0490,-1,0,-0.024159,0.033310,-3.449172,-0.037866,-0.050643,-1.318406,0.600000,-0.350000,0.225000,3.746470,0.732462,3.674172,-0.557288,23.056724,23.614012,nan,nan,nan
projection_baseline,44.0990,-1,0,-0.024496,0.033660,-3.439729,-0.055249,0.013411,-1.168973,0.600000,-0.350000,0.225000,3.737302,0.732933,3.664729,-0.570533,23.056724,23.627257,nan,nan,nan
projection_baseline,44.1490,-1,0,-0.024167,0.033473,-3.423111,-0.008465,-0.037361,-1.307191,0.600000,-0.350000,0.225000,3.720934,0.732554,3.648111,-0.584004,23.056724,23.640728,nan,nan,nan
projection_baseline,44.1990,-1,0,-0.022853,0.031608,-3.404747,-0.058065,-0.102569,-1.082457,0.600000,-0.350000,0.225000,3.702518,0.730459,3.629747,-0.583748,23.056724,23.640471,nan,nan,nan
projection_baseline,44.2500,-1,0,-0.022885,0.021145,-3.359707,-0.028422,-0.061466,-0.777217,0.600000,-0.350000,0.225000,3.657302,0.725076,3.584707,-0.598028,23.056724,23.654752,nan,nan,nan
projection_baseline,44.2990,-1,0,-0.021298,0.017786,-3.339842,0.021144,-0.140763,-0.777828,0.600000,-0.350000,0.225000,3.637221,0.721995,3.564842,-0.607701,23.056724,23.664425,nan,nan,nan
projection_baseline,44.3490,-1,0,-0.015344,0.008315,-3.288729,0.034423,-0.063083,-0.728913,0.600000,-0.350000,0.225000,3.585154,0.712065,3.513729,-0.622739,23.056724,23.679463,nan,nan,nan
projection_baseline,44.4000,-1,0,-0.012170,0.005074,-3.263888,0.023680,-0.032377,-0.874096,0.600000,-0.350000,0.225000,3.559940,0.707693,3.488888,-0.625883,23.056724,23.682607,nan,nan,nan
projection_baseline,44.4490,-1,0,-0.008792,0.002663,-3.234730,0.040748,-0.079906,-1.006112,0.600000,-0.350000,0.225000,3.530542,0.703562,3.459730,-0.630759,23.056724,23.687483,nan,nan,nan
projection_baseline,44.4990,-1,0,-0.003252,-0.004743,-3.216092,0.043958,-0.088266,-1.308983,0.600000,-0.350000,0.225000,3.510588,0.695065,3.441092,-0.644300,23.056724,23.701024,nan,nan,nan
projection_baseline,44.5500,-1,0,-0.000253,-0.008967,-3.197936,-0.029016,-0.045749,-1.192986,0.600000,-0.350000,0.225000,3.491862,0.690367,3.422936,-0.638810,23.056724,23.695533,nan,nan,nan
projection_baseline,44.5990,-1,0,0.000654,-0.012732,-3.190223,0.000936,-0.077238,-1.307931,0.600000,-0.350000,0.225000,3.483779,0.687725,3.415223,-0.653406,23.056724,23.710130,nan,nan,nan
projection_baseline,44.6490,-1,0,0.001574,-0.014704,-3.167924,-0.006708,-0.006045,-1.135577,0.600000,-0.350000,0.225000,3.461570,0.685957,3.392924,-0.659469,23.056724,23.716192,nan,nan,nan
projection_baseline,44.6990,-1,0,0.002815,-0.011212,-3.153606,0.007795,0.194605,-0.956936,0.600000,-0.350000,0.225000,3.447664,0.686591,3.378606,-0.666203,23.056724,23.722927,nan,nan,nan
projection_baseline,44.7490,-1,0,0.003052,-0.003362,-3.126418,-0.033741,0.120015,-0.750322,0.600000,-0.350000,0.225000,3.421770,0.690293,3.351418,-0.673276,23.056724,23.730000,nan,nan,nan
projection_baseline,44.7990,-1,0,0.000965,0.009464,-3.085204,-0.028376,0.197288,-0.969494,0.600000,-0.350000,0.225000,3.383121,0.698611,3.310204,-0.668900,23.056724,23.725623,nan,nan,nan
projection_baseline,44.8490,-1,0,-0.001654,0.020124,-3.045509,-0.042381,0.121817,-0.794230,0.600000,-0.350000,0.225000,3.345924,0.706384,3.270509,-0.654213,23.056724,23.710936,nan,nan,nan
projection_baseline,44.8990,-1,0,-0.003110,0.022971,-3.021282,-0.027388,0.055683,-0.869942,0.600000,-0.350000,0.225000,3.322830,0.709119,3.246282,-0.642088,23.056724,23.698812,nan,nan,nan
projection_baseline,44.9490,-1,0,-0.004931,0.030310,-2.986592,-0.014569,0.087442,-1.123212,0.600000,-0.350000,0.225000,3.290121,0.714547,3.211592,-0.632879,23.056724,23.689603,nan,nan,nan
projection_baseline,44.9990,-1,0,-0.004858,0.031264,-2.976519,0.021405,-0.064483,-1.115741,0.600000,-0.350000,0.225000,3.280387,0.714993,3.201519,-0.628963,23.056724,23.685687,nan,nan,nan
projection_baseline,45.0500,-1,0,-0.004418,0.031110,-2.947425,0.006087,0.001940,-1.024971,0.600000,-0.350000,0.225000,3.251899,0.714539,3.172425,-0.628334,23.056724,23.685058,nan,nan,nan
projection_baseline,45.0990,-1,0,-0.003220,0.030127,-2.934825,0.018538,-0.015773,-1.072915,0.600000,-0.350000,0.225000,3.239269,0.713001,3.159825,-0.624201,23.056724,23.680925,nan,nan,nan
projection_baseline,45.1490,-1,0,-0.002025,0.029195,-2.913780,0.009965,-0.033642,-0.870407,0.600000,-0.350000,0.225000,3.218410,0.711494,3.138780,-0.642654,23.056724,23.699378,nan,nan,nan
projection_baseline,45.1990,-1,0,-0.002325,0.017370,-2.865190,-0.016641,-0.219378,-0.562290,0.600000,-0.350000,0.225000,3.169705,0.705518,3.090190,-0.645855,23.056724,23.702579,nan,nan,nan
projection_baseline,45.2490,-1,0,0.000459,0.004972,-2.802603,0.061741,-0.210495,-0.608201,0.600000,-0.350000,0.225000,3.106740,0.696746,3.027603,-0.658845,23.056724,23.715569,nan,nan,nan
projection_baseline,45.2990,-1,0,0.002928,-0.001700,-2.778052,0.068985,-0.141366,-0.533075,0.600000,-0.350000,0.225000,3.081579,0.691237,3.003052,-0.662813,23.056724,23.719537,nan,nan,nan
projection_baseline,45.3490,-1,0,0.005647,-0.007662,-2.741045,0.041178,-0.088682,-0.516995,0.600000,-0.350000,0.225000,3.044318,0.685894,2.966045,-0.657164,23.056724,23.713888,nan,nan,nan
projection_baseline,45.3990,-1,0,0.009539,-0.016320,-2.690327,0.064285,-0.175231,-0.794729,0.600000,-0.350000,0.225000,2.993178,0.678223,2.915327,-0.668316,23.056724,23.725040,nan,nan,nan
projection_baseline,45.4490,-1,0,0.012278,-0.024571,-2.666485,0.063486,-0.179046,-0.998222,0.600000,-0.350000,0.225000,2.968502,0.671804,2.891485,-0.667539,23.056724,23.724263,nan,nan,nan
projection_baseline,45.4990,-1,0,0.013750,-0.033330,-2.641013,-0.020041,-0.141320,-0.942185,0.600000,-0.350000,0.225000,2.942448,0.666310,2.866013,-0.643068,23.056724,23.699792,nan,nan,nan
projection_baseline,45.5490,-1,0,0.013862,-0.041658,-2.612580,0.003357,-0.121225,-0.997301,0.600000,-0.350000,0.225000,2.913845,0.662294,2.837580,-0.634432,23.056724,23.691156,nan,nan,nan
projection_baseline,45.5990,-1,0,0.013624,-0.044938,-2.595753,0.010445,-0.076377,-0.830479,0.600000,-0.350000,0.225000,2.897162,0.660984,2.820753,-0.633543,23.056724,23.690267,nan,nan,nan
projection_baseline,45.6490,-1,0,0.013956,-0.044297,-2.569682,0.042351,0.091071,-0.678156,0.600000,-0.350000,0.225000,2.871785,0.660986,2.794682,-0.627150,23.056724,23.683874,nan,nan,nan
projection_baseline,45.6990,-1,0,0.012604,-0.036220,-2.524196,-0.009383,0.066225,-0.497041,0.600000,-0.350000,0.225000,2.828705,0.665952,2.749196,-0.638822,23.056724,23.695546,nan,nan,nan
projection_baseline,45.7490,-1,0,0.010022,-0.028543,-2.491101,-0.022093,0.155357,-0.576491,0.600000,-0.350000,0.225000,2.797966,0.671870,2.716101,-0.657022,23.056724,23.713745,nan,nan,nan
projection_baseline,45.8000,-1,0,0.005412,-0.016857,-2.438340,-0.043170,0.089359,-0.474400,0.600000,-0.350000,0.225000,2.749163,0.681556,2.663340,-0.653928,23.056724,23.710651,nan,nan,nan
projection_baseline,45.8490,-1,0,0.001816,-0.012983,-2.391958,-0.029486,0.007996,-0.637013,0.600000,-0.350000,0.225000,2.705527,0.686589,2.616958,-0.649952,23.056724,23.706676,nan,nan,nan
projection_baseline,45.8990,-1,0,-0.000463,-0.008122,-2.366893,-0.017025,0.075948,-0.764951,0.600000,-0.350000,0.225000,2.682414,0.690968,2.591893,-0.661192,23.056724,23.717916,nan,nan,nan
projection_baseline,45.9490,-1,0,-0.002130,-0.005813,-2.331080,0.001608,-0.075654,-0.738524,0.600000,-0.350000,0.225000,2.648503,0.693560,2.556080,-0.656609,23.056724,23.713333,nan,nan,nan
projection_baseline,46.0020,-1,0,-0.002925,-0.004993,-2.305942,-0.011197,-0.041955,-0.664895,0.600000,-0.350000,0.225000,2.624541,0.694657,2.530942,-0.658763,23.056724,23.715487,nan,nan,nan
projection_baseline,46.0500,-1,0,-0.003072,-0.005382,-2.273269,0.006978,-0.054215,-0.680405,0.600000,-0.350000,0.225000,2.593030,0.694592,2.498269,-0.657255,23.056724,23.713979,nan,nan,nan
projection_baseline,46.0990,-1,0,-0.003555,-0.006213,-2.245805,-0.041262,-0.150611,-0.491156,0.600000,-0.350000,0.225000,2.566582,0.694599,2.470805,-0.650754,23.056724,23.707478,nan,nan,nan
projection_baseline,46.1490,-1,0,-0.005958,-0.015759,-2.185252,-0.015784,-0.101394,-0.184261,0.600000,-0.350000,0.225000,2.507632,0.692027,2.410252,-0.661125,23.056724,23.717849,nan,nan,nan
projection_baseline,46.1990,-1,0,-0.005264,-0.019671,-2.143301,0.036291,-0.189869,-0.233454,0.600000,-0.350000,0.225000,2.466640,0.689538,2.368301,-0.662417,23.056724,23.719141,nan,nan,nan
projection_baseline,46.2510,-1,0,-0.003115,-0.025195,-2.105062,0.047566,-0.133130,-0.230590,0.600000,-0.350000,0.225000,2.428670,0.685016,2.330062,-0.678215,23.056724,23.734939,nan,nan,nan
projection_baseline,46.3000,-1,0,-0.000323,-0.028232,-2.044309,0.035324,-0.061049,-0.276310,0.600000,-0.350000,0.225000,2.369322,0.681119,2.269309,-0.683909,23.056724,23.740632,nan,nan,nan
projection_baseline,46.3490,-1,0,0.003381,-0.031746,-1.991126,0.054496,-0.146490,-0.557649,0.600000,-0.350000,0.225000,2.316992,0.676195,2.216126,-0.685447,23.056724,23.742171,nan,nan,nan
projection_baseline,46.3990,-1,0,0.005948,-0.035928,-1.968591,0.039322,-0.097734,-0.726173,0.600000,-0.350000,0.225000,2.294206,0.671967,2.193591,-0.700068,23.056724,23.756792,nan,nan,nan
projection_baseline,46.4490,-1,0,0.007004,-0.037162,-1.952891,-0.003622,-0.067859,-0.668131,0.600000,-0.350000,0.225000,2.278755,0.670456,2.177891,-0.693043,23.056724,23.749767,nan,nan,nan
projection_baseline,46.5010,-1,0,0.006845,-0.040680,-1.918932,0.010840,-0.091497,-0.651401,0.600000,-0.350000,0.225000,2.245876,0.668963,2.143932,-0.693298,23.056724,23.750022,nan,nan,nan
projection_baseline,46.5490,-1,0,0.006684,-0.040480,-1.899382,-0.006204,-0.007942,-0.502415,0.600000,-0.350000,0.225000,2.227291,0.669198,2.124382,-0.708556,23.056724,23.765280,nan,nan,nan
projection_baseline,46.5990,-1,0,0.006646,-0.031458,-1.850443,0.005884,0.221985,-0.278884,0.600000,-0.350000,0.225000,2.181972,0.673452,2.075443,-0.699782,23.056724,23.756506,nan,nan,nan
projection_baseline,46.6500,-1,0,0.005742,-0.021767,-1.816101,-0.020013,0.133363,-0.105689,0.600000,-0.350000,0.225000,2.151040,0.678881,2.041101,-0.696712,23.056724,23.753436,nan,nan,nan
projection_baseline,46.6990,-1,0,0.002822,-0.006158,-1.762421,-0.029527,0.216008,-0.296047,0.600000,-0.350000,0.225000,2.103495,0.689093,1.987421,-0.703096,23.056724,23.759820,nan,nan,nan
projection_baseline,46.7500,-1,0,-0.001474,0.009959,-1.703155,-0.043157,0.086568,-0.085765,0.600000,-0.350000,0.225000,2.051615,0.700958,1.928155,-0.711142,23.056724,23.767866,nan,nan,nan
projection_baseline,46.7990,-1,0,-0.003496,0.015290,-1.667657,-0.027714,0.072976,-0.271614,0.600000,-0.350000,0.225000,2.019850,0.705439,1.892657,-0.719495,23.056724,23.776219,nan,nan,nan
projection_baseline,46.8490,-1,0,-0.005315,0.022704,-1.641544,-0.017220,0.152951,-0.383219,0.600000,-0.350000,0.225000,1.997324,0.710855,1.866544,-0.721950,23.056724,23.778674,nan,nan,nan
projection_baseline,46.8990,-1,0,-0.006197,0.029410,-1.607682,0.018502,-0.033076,-0.457078,0.600000,-0.350000,0.225000,1.967270,0.715141,1.832682,-0.711516,23.056724,23.768239,nan,nan,nan
projection_baseline,46.9490,-1,0,-0.006052,0.033381,-1.569593,0.027369,0.020928,-0.401943,0.600000,-0.350000,0.225000,1.932574,0.717133,1.794593,-0.720314,23.056724,23.777037,nan,nan,nan
projection_baseline,46.9990,-1,0,-0.004863,0.034794,-1.549830,0.028733,0.031213,-0.404523,0.600000,-0.350000,0.225000,1.914144,0.716886,1.774830,-0.715510,23.056724,23.772233,nan,nan,nan
projection_baseline,47.0490,-1,0,-0.004729,0.035809,-1.513963,-0.050314,-0.065080,-0.130877,0.600000,-0.350000,0.225000,1.881101,0.717318,1.738963,-0.713489,23.056724,23.770212,nan,nan,nan
projection_baseline,47.0990,-1,0,-0.005498,0.030761,-1.477528,-0.024848,-0.144422,0.035543,0.600000,-0.350000,0.225000,1.846675,0.715267,1.702528,-0.720802,23.056724,23.777526,nan,nan,nan
projection_baseline,47.1490,-1,0,-0.003044,0.024260,-1.418520,0.061644,-0.120303,-0.020895,0.600000,-0.350000,0.225000,1.790220,0.709741,1.643520,-0.703545,23.056724,23.760269,nan,nan,nan
projection_baseline,47.1990,-1,0,0.000069,0.020180,-1.383907,0.072124,-0.023992,0.125638,0.600000,-0.350000,0.225000,1.756569,0.704947,1.608907,-0.709791,23.056724,23.766515,nan,nan,nan
projection_baseline,47.2490,-1,0,0.003516,0.018083,-1.336316,0.044607,0.005586,0.010134,0.600000,-0.350000,0.225000,1.711428,0.700912,1.561316,-0.717253,23.056724,23.773977,nan,nan,nan
projection_baseline,47.2990,-1,0,0.006414,0.015708,-1.307539,0.071389,-0.080212,-0.224537,0.600000,-0.350000,0.225000,1.683675,0.697199,1.532539,-0.707874,23.056724,23.764598,nan,nan,nan
projection_baseline,47.3490,-1,0,0.010970,0.009103,-1.281221,0.019910,-0.002550,-0.438377,0.600000,-0.350000,0.225000,1.656687,0.689863,1.506221,-0.698932,23.056724,23.755656,nan,nan,nan
projection_baseline,47.3990,-1,0,0.011535,0.007696,-1.266311,-0.018052,-0.032435,-0.356322,0.600000,-0.350000,0.225000,1.642634,0.688649,1.491311,-0.696979,23.056724,23.753703,nan,nan,nan
projection_baseline,47.4490,-1,0,0.011987,0.004013,-1.245525,0.002794,-0.013580,-0.418185,0.600000,-0.350000,0.225000,1.622815,0.686355,1.470525,-0.705645,23.056724,23.762369,nan,nan,nan
projection_baseline,47.5000,-1,0,0.011963,0.003694,-1.223055,0.012368,0.024140,-0.260800,0.600000,-0.350000,0.225000,1.602420,0.686212,1.448055,-0.718806,23.056724,23.775530,nan,nan,nan
projection_baseline,47.5490,-1,0,0.012206,0.012644,-1.188092,0.009570,0.259238,0.007377,0.600000,-0.350000,0.225000,1.572845,0.690661,1.413092,-0.728961,23.056724,23.785685,nan,nan,nan
projection_baseline,47.5990,-1,0,0.010559,0.019846,-1.153535,-0.024657,0.203971,0.077197,0.600000,-0.350000,0.225000,1.544210,0.695864,1.378535,-0.734104,23.056724,23.790828,nan,nan,nan
projection_baseline,47.6490,-1,0,0.006383,0.035638,-1.106365,-0.045853,0.230088,0.023603,0.600000,-0.350000,0.225000,1.507856,0.707882,1.331365,-0.732559,23.056724,23.789283,nan,nan,nan
projection_baseline,47.6990,-1,0,0.003417,0.042224,-1.079627,-0.045871,0.186062,0.087081,0.600000,-0.350000,0.225000,1.487212,0.713968,1.304627,-0.737696,23.056724,23.794420,nan,nan,nan
projection_baseline,47.7490,-1,0,-0.000996,0.048968,-1.035128,-0.039404,0.168128,-0.070175,0.600000,-0.350000,0.225000,1.451997,0.721368,1.260128,-0.727643,23.056724,23.784367,nan,nan,nan
projection_baseline,47.7990,-1,0,-0.003380,0.054629,-1.012910,-0.025100,0.128839,-0.234103,0.600000,-0.350000,0.225000,1.435344,0.726493,1.237910,-0.720236,23.056724,23.776960,nan,nan,nan
projection_baseline,47.8490,-1,0,-0.005093,0.056241,0.353595,-0.007758,0.005030,-0.361626,0.600000,-0.350000,0.225000,0.740072,0.728814,0.128595,-0.717220,23.056724,23.773944,nan,nan,nan
projection_baseline,47.8990,-1,0,-0.006161,0.057041,0.370719,-0.014752,0.040328,-0.312135,0.600000,-0.350000,0.225000,0.744545,0.730146,0.145719,-0.715765,23.056724,23.772489,nan,nan,nan
projection_baseline,47.9490,-1,0,-0.006524,0.056418,0.382518,-0.003046,0.031931,-0.312463,0.600000,-0.350000,0.225000,0.746899,0.730100,0.157518,-0.712348,23.056724,23.769072,nan,nan,nan
projection_baseline,47.9990,-1,0,-0.007160,0.054050,0.394492,-0.046382,-0.088349,-0.021671,0.600000,-0.350000,0.225000,0.748750,0.729314,0.169492,-0.698810,23.056724,23.755533,nan,nan,nan
projection_baseline,48.0490,-1,0,-0.008701,0.046545,0.415085,-0.039550,-0.153496,0.172680,0.600000,-0.350000,0.225000,0.750931,0.726475,0.190085,-0.705278,23.056724,23.762002,nan,nan,nan
projection_baseline,48.0990,-1,0,-0.008049,0.039358,0.451565,0.036927,-0.116967,0.242921,0.600000,-0.350000,0.225000,0.756740,0.722027,0.226565,-0.705427,23.056724,23.762151,nan,nan,nan
projection_baseline,48.1490,-1,0,-0.005742,0.032644,0.474476,0.045922,-0.064875,0.263274,0.600000,-0.350000,0.225000,0.758668,0.716477,0.249476,-0.701201,23.056724,23.757924,nan,nan,nan
projection_baseline,48.1990,-1,0,-0.002284,0.027220,0.516033,0.036144,0.042748,0.236850,0.600000,-0.350000,0.225000,0.767946,0.710662,0.291033,-0.683070,23.056724,23.739794,nan,nan,nan
projection_baseline,48.2490,-1,0,0.001439,0.021842,0.537263,0.058291,-0.080307,-0.033451,0.600000,-0.350000,0.225000,0.770746,0.704657,0.312263,-0.700891,23.056724,23.757615,nan,nan,nan
projection_baseline,48.2990,-1,0,0.004364,0.016234,0.540193,0.046523,-0.035246,-0.202132,0.600000,-0.350000,0.225000,0.766978,0.699220,0.315193,-0.712710,23.056724,23.769434,nan,nan,nan
projection_baseline,48.3490,-1,0,0.005354,0.012061,0.535103,-0.013273,-0.037360,-0.070383,0.600000,-0.350000,0.225000,0.762140,0.696199,0.310103,-0.700746,23.056724,23.757470,nan,nan,nan
projection_baseline,48.3990,-1,0,0.005876,0.008625,0.528653,0.005185,-0.006508,-0.235357,0.600000,-0.350000,0.225000,0.757496,0.693971,0.303653,-0.686080,23.056724,23.742804,nan,nan,nan
projection_baseline,48.4500,-1,0,0.006017,0.007687,0.518027,0.009406,0.068647,-0.059217,0.600000,-0.350000,0.225000,0.752742,0.693365,0.293027,-0.675557,23.056724,23.732281,nan,nan,nan
projection_baseline,48.4990,-1,0,0.006788,0.013149,0.514254,0.019333,0.250727,0.052290,0.600000,-0.350000,0.225000,0.753289,0.695541,0.289254,-0.680293,23.056724,23.737017,nan,nan,nan
projection_baseline,48.5490,-1,0,0.006355,0.020423,0.516530,-0.007262,0.157208,0.210050,0.600000,-0.350000,0.225000,0.758035,0.699734,0.291530,-0.679444,23.056724,23.736168,nan,nan,nan
projection_baseline,48.5990,-1,0,0.003843,0.034078,0.517326,-0.000238,0.223197,0.049723,0.600000,-0.350000,0.225000,0.767055,0.709168,0.292326,-0.698598,23.056724,23.755322,nan,nan,nan
projection_baseline,48.6490,-1,0,0.000693,0.044168,0.520053,-0.025699,0.104697,0.198937,0.600000,-0.350000,0.225000,0.775625,0.717312,0.295053,-0.704692,23.056724,23.761416,nan,nan,nan
projection_baseline,48.7000,-1,0,-0.000813,0.046976,0.520367,-0.011274,0.088746,0.000543,0.600000,-0.350000,0.225000,0.778337,0.720116,0.295367,-0.697634,23.056724,23.754357,nan,nan,nan
projection_baseline,48.7490,-1,0,-0.002681,0.054867,0.507505,0.007373,0.123497,-0.265290,0.600000,-0.350000,0.225000,0.779070,0.726045,0.282505,-0.690853,23.056724,23.747577,nan,nan,nan
projection_baseline,48.7990,-1,0,-0.002526,0.054872,0.495061,0.008586,-0.003499,-0.190629,0.600000,-0.350000,0.225000,0.774527,0.725919,0.270061,-0.688258,23.056724,23.744982,nan,nan,nan
projection_baseline,48.8490,-1,0,-0.002453,0.055218,0.487965,-0.001887,0.045100,-0.070090,0.600000,-0.350000,0.225000,0.772206,0.726052,0.262965,-0.687382,23.056724,23.744105,nan,nan,nan
projection_baseline,48.8990,-1,0,-0.001751,0.053966,0.472296,0.032202,0.012899,-0.155325,0.600000,-0.350000,0.225000,0.765799,0.724771,0.247296,-0.672691,23.056724,23.729415,nan,nan,nan
projection_baseline,48.9490,-1,0,-0.002302,0.048746,0.464359,-0.022419,-0.068146,0.067073,0.600000,-0.350000,0.225000,0.760959,0.722334,0.239359,-0.662760,23.056724,23.719484,nan,nan,nan
projection_baseline,48.9990,-1,0,-0.003273,0.040431,0.469968,-0.008355,-0.057928,0.317254,0.600000,-0.350000,0.225000,0.759199,0.718592,0.244968,-0.660938,23.056724,23.717662,nan,nan,nan
projection_baseline,49.0500,-1,0,-0.002520,0.035234,0.478835,0.047584,-0.132154,0.298285,0.600000,-0.350000,0.225000,0.758860,0.715147,0.253835,-0.678656,23.056724,23.735380,nan,nan,nan
projection_baseline,49.0990,-1,0,0.001203,0.024734,0.489530,0.042757,-0.048732,0.371489,0.600000,-0.350000,0.225000,0.754294,0.706388,0.264530,-0.688330,23.056724,23.745054,nan,nan,nan
projection_baseline,49.1490,-1,0,0.003624,0.019915,0.499187,0.042370,-0.021200,0.149422,0.600000,-0.350000,0.225000,0.753445,0.701784,0.274187,-0.672200,23.056724,23.728923,nan,nan,nan
projection_baseline,49.1990,-1,0,0.006173,0.014792,0.497818,0.068937,-0.090370,-0.079315,0.600000,-0.350000,0.225000,0.748420,0.696924,0.272818,-0.674028,23.056724,23.730752,nan,nan,nan
projection_baseline,49.2490,-1,0,0.009501,0.006469,0.482526,0.020915,-0.025568,-0.251805,0.600000,-0.350000,0.225000,0.736260,0.689753,0.257526,-0.681386,23.056724,23.738110,nan,nan,nan
projection_baseline,49.2990,-1,0,0.009883,0.002904,0.468484,-0.017877,-0.062046,-0.195866,0.600000,-0.350000,0.225000,0.729427,0.687589,0.243484,-0.683487,23.056724,23.740211,nan,nan,nan
projection_baseline,49.3490,-1,0,0.009891,-0.004310,0.447708,0.017767,-0.037877,-0.217654,0.600000,-0.350000,0.225000,0.719256,0.683908,0.222708,-0.687859,23.056724,23.744583,nan,nan,nan
projection_baseline,49.3990,-1,0,0.010281,-0.006470,0.434865,0.028088,-0.012312,-0.153974,0.600000,-0.350000,0.225000,0.714020,0.682482,0.209865,-0.693743,23.056724,23.750467,nan,nan,nan
projection_baseline,49.4490,-1,0,0.011405,-0.000126,0.425126,0.025563,0.230792,0.082947,0.600000,-0.350000,0.225000,0.713377,0.684731,0.200126,-0.672203,23.056724,23.728927,nan,nan,nan
projection_baseline,49.5000,-1,0,0.010533,0.005522,0.426465,-0.007486,0.173505,0.145330,0.600000,-0.350000,0.225000,0.717255,0.688380,0.201465,-0.675033,23.056724,23.731757,nan,nan,nan
projection_baseline,49.5490,-1,0,0.007623,0.019058,0.423800,-0.028480,0.200924,0.075954,0.600000,-0.350000,0.225000,0.725697,0.697936,0.198800,-0.685884,23.056724,23.742608,nan,nan,nan
projection_baseline,49.5990,-1,0,0.004840,0.025774,0.425179,-0.027779,0.103933,0.151459,0.600000,-0.350000,0.225000,0.731774,0.703862,0.200179,-0.680459,23.056724,23.737183,nan,nan,nan
projection_baseline,49.6490,-1,0,0.002185,0.030030,0.423401,-0.019215,0.143169,-0.029563,0.600000,-0.350000,0.225000,0.735641,0.708382,0.198401,-0.666830,23.056724,23.723554,nan,nan,nan
projection_baseline,49.6990,-1,0,0.000562,0.035143,0.415216,-0.005522,0.105580,-0.199935,0.600000,-0.350000,0.225000,0.737457,0.712503,0.190216,-0.683155,23.056724,23.739879,nan,nan,nan
projection_baseline,49.7490,-1,0,-0.000162,0.036229,0.396378,0.027356,0.013745,-0.131709,0.600000,-0.350000,0.225000,0.733987,0.713699,0.171378,-0.686258,23.056724,23.742982,nan,nan,nan
projection_baseline,49.7990,-1,0,-0.000439,0.037116,0.389940,0.024712,0.026101,-0.174620,0.600000,-0.350000,0.225000,0.733206,0.714413,0.164940,-0.691133,23.056724,23.747857,nan,nan,nan
projection_baseline,49.8490,-1,0,0.000421,0.036394,0.374275,0.033898,0.008071,-0.225071,0.600000,-0.350000,0.225000,0.728751,0.713299,0.149275,-0.663678,23.056724,23.720401,nan,nan,nan
projection_baseline,49.8990,-1,0,0.000135,0.034230,0.369901,-0.029348,-0.104426,0.062440,0.600000,-0.350000,0.225000,0.726957,0.712370,0.144901,-0.665411,23.056724,23.722135,nan,nan,nan
projection_baseline,49.9500,-1,0,-0.001536,0.024015,0.379447,-0.024245,-0.174158,0.219771,0.600000,-0.350000,0.225000,0.724974,0.708331,0.154447,-0.665987,23.056724,23.722711,nan,nan,nan
projection_baseline,49.9990,-1,0,-0.000294,0.018371,0.388497,0.057242,-0.152053,0.193825,0.600000,-0.350000,0.225000,0.723036,0.704308,0.163497,-0.650295,23.056724,23.707019,nan,nan,nan
projection_baseline,50.0490,-1,0,0.002721,0.011206,0.399741,0.040692,-0.042050,0.328506,0.600000,-0.350000,0.225000,0.719546,0.698006,0.174741,-0.641807,23.056724,23.698531,nan,nan,nan
projection_baseline,50.1000,-1,0,0.004196,0.008650,0.408414,0.040789,0.023190,0.171575,0.600000,-0.350000,0.225000,0.719203,0.695422,0.183414,-0.637613,23.056724,23.694336,nan,nan,nan
projection_baseline,50.1510,-1,0,0.007555,0.002463,0.408210,0.060936,-0.120583,-0.155117,0.600000,-0.350000,0.225000,0.713294,0.689363,0.183210,-0.644065,23.056724,23.700789,nan,nan,nan
projection_baseline,50.2000,-1,0,0.009628,-0.002233,0.398002,0.022679,-0.029670,-0.266147,0.600000,-0.350000,0.225000,0.706690,0.685187,0.173002,-0.627600,23.056724,23.684324,nan,nan,nan
projection_baseline,50.2490,-1,0,0.009427,-0.005659,0.382293,-0.005781,-0.065423,-0.131226,0.600000,-0.350000,0.225000,0.701490,0.683628,0.157293,-0.609136,23.056724,23.665860,nan,nan,nan
projection_baseline,50.2990,-1,0,0.009210,-0.009058,0.371087,0.006321,-0.014855,-0.279525,0.600000,-0.350000,0.225000,0.697578,0.682110,0.146087,-0.612670,23.056724,23.669394,nan,nan,nan
projection_baseline,50.3490,-1,0,0.008280,-0.008033,0.356843,0.023479,0.143898,-0.058776,0.600000,-0.350000,0.225000,0.696029,0.683428,0.131843,-0.619984,23.056724,23.676708,nan,nan,nan
projection_baseline,50.3990,-1,0,0.008164,-0.000153,0.354504,0.009936,0.263808,0.091093,0.600000,-0.350000,0.225000,0.699595,0.687504,0.129504,-0.615974,23.056724,23.672698,nan,nan,nan
projection_baseline,50.4500,-1,0,0.005513,0.011710,0.361692,-0.055760,0.281504,0.194368,0.600000,-0.350000,0.225000,0.709178,0.695880,0.136692,-0.617936,23.056724,23.674659,nan,nan,nan
projection_baseline,50.5000,-1,0,0.003103,0.022226,0.362989,-0.006760,0.230420,0.049313,0.600000,-0.350000,0.225000,0.716854,0.703448,0.137989,-0.625843,23.056724,23.682567,nan,nan,nan
projection_baseline,50.5490,-1,0,-0.001458,0.036168,0.370862,-0.022401,0.134912,0.151791,0.600000,-0.350000,0.225000,0.729488,0.714757,0.145862,-0.635433,23.056724,23.692157,nan,nan,nan
projection_baseline,50.5990,-1,0,-0.003642,0.041597,0.372908,-0.032828,0.181744,0.015121,0.600000,-0.350000,0.225000,0.734581,0.719536,0.147908,-0.645509,23.056724,23.702233,nan,nan,nan
projection_baseline,50.6490,-1,0,-0.006296,0.052241,0.365654,-0.020079,0.186706,-0.153512,0.600000,-0.350000,0.225000,0.741065,0.727594,0.140654,-0.651731,23.056724,23.708455,nan,nan,nan
projection_baseline,50.6990,-1,0,-0.006842,0.054701,0.356972,-0.008154,0.037838,-0.170683,0.600000,-0.350000,0.225000,0.741253,0.729411,0.131972,-0.642314,23.056724,23.699038,nan,nan,nan
projection_baseline,50.7490,-1,0,-0.007519,0.058971,0.349622,0.012485,0.049896,-0.209685,0.600000,-0.350000,0.225000,0.742877,0.732350,0.124622,-0.659308,23.056724,23.716031,nan,nan,nan
projection_baseline,50.8000,-1,0,-0.007045,0.060326,0.341189,0.003321,0.078187,-0.117162,0.600000,-0.350000,0.225000,0.741870,0.732715,0.116189,-0.659468,23.056724,23.716192,nan,nan,nan
projection_baseline,50.8490,-1,0,-0.007330,0.060330,0.338971,-0.042112,-0.059444,0.108767,0.600000,-0.350000,0.225000,0.741761,0.732953,0.113971,-0.672805,23.056724,23.729529,nan,nan,nan
projection_baseline,50.9000,-1,0,-0.009525,0.052015,0.351256,-0.025203,-0.024365,0.365250,0.600000,-0.350000,0.225000,0.740998,0.730162,0.126256,-0.686427,23.056724,23.743151,nan,nan,nan
projection_baseline,50.9490,-1,0,-0.008071,0.044483,0.370997,0.042407,-0.089027,0.239030,0.600000,-0.350000,0.225000,0.739380,0.724823,0.145997,-0.691365,23.056724,23.748089,nan,nan,nan
projection_baseline,50.9990,-1,0,-0.006205,0.040008,0.382601,0.021177,-0.013319,0.419718,0.600000,-0.350000,0.225000,0.737854,0.720826,0.157601,-0.684046,23.056724,23.740770,nan,nan,nan
projection_baseline,51.0490,-1,0,-0.004351,0.035971,0.399552,0.022311,0.018834,0.137199,0.600000,-0.350000,0.225000,0.738026,0.717087,0.174552,-0.668644,23.056724,23.725368,nan,nan,nan
projection_baseline,51.1000,-1,0,-0.002393,0.030910,0.400797,0.032857,-0.088208,-0.050887,0.600000,-0.350000,0.225000,0.734080,0.712720,0.175797,-0.678215,23.056724,23.734939,nan,nan,nan
projection_baseline,51.1490,-1,0,-0.000659,0.024130,0.389826,-0.012553,0.012845,-0.257044,0.600000,-0.350000,0.225000,0.726589,0.707647,0.164826,-0.671889,23.056724,23.728613,nan,nan,nan
projection_baseline,51.1990,-1,0,-0.001381,0.020783,0.380958,-0.041539,-0.027342,-0.053468,0.600000,-0.350000,0.225000,0.723507,0.706498,0.155958,-0.658053,23.056724,23.714777,nan,nan,nan
projection_baseline,51.2490,-1,0,-0.002512,0.014816,0.367880,-0.021873,-0.006734,-0.160267,0.600000,-0.350000,0.225000,0.718698,0.704352,0.142880,-0.651449,23.056724,23.708173,nan,nan,nan
projection_baseline,51.2990,-1,0,-0.003830,0.012932,0.358788,-0.017643,0.100268,-0.009951,0.600000,-0.350000,0.225000,0.717098,0.704508,0.133788,-0.661218,23.056724,23.717942,nan,nan,nan
projection_baseline,51.3490,-1,0,-0.004764,0.020745,0.357563,-0.030520,0.217807,0.230993,0.600000,-0.350000,0.225000,0.721640,0.709360,0.132563,-0.650295,23.056724,23.707019,nan,nan,nan
projection_baseline,51.3990,-1,0,-0.007234,0.025770,0.363622,-0.085015,0.255883,0.272263,0.600000,-0.350000,0.225000,0.727429,0.714098,0.138622,-0.648851,23.056724,23.705575,nan,nan,nan
projection_baseline,51.4490,-1,0,-0.011156,0.036687,0.365885,-0.075614,0.208943,0.151986,0.600000,-0.350000,0.225000,0.736809,0.723214,0.140885,-0.664408,23.056724,23.721132,nan,nan,nan
projection_baseline,51.4990,-1,0,-0.014763,0.042383,0.370787,-0.076588,0.106452,0.226581,0.600000,-0.350000,0.225000,0.743741,0.729313,0.145787,-0.662080,23.056724,23.718804,nan,nan,nan
projection_baseline,51.5490,-1,0,-0.019024,0.044324,0.374436,-0.064953,0.084547,0.005627,0.600000,-0.350000,0.225000,0.749008,0.733950,0.149436,-0.666831,23.056724,23.723555,nan,nan,nan
projection_baseline,51.5990,-1,0,-0.020860,0.046362,0.368142,-0.043753,0.072608,-0.181776,0.600000,-0.350000,0.225000,0.750373,0.736594,0.143142,-0.660961,23.056724,23.717684,nan,nan,nan
projection_baseline,51.6490,-1,0,-0.021563,0.042321,0.355729,-0.017998,-0.033218,-0.055249,0.600000,-0.350000,0.225000,0.746556,0.735021,0.130729,-0.670480,23.056724,23.727204,nan,nan,nan
projection_baseline,51.6990,-1,0,-0.021928,0.039877,0.351771,-0.019332,-0.026810,-0.097998,0.600000,-0.350000,0.225000,0.744896,0.734029,0.126771,-0.681528,23.056724,23.738252,nan,nan,nan
projection_baseline,51.7490,-1,0,-0.020638,0.033573,0.337705,-0.021038,-0.030612,-0.047605,0.600000,-0.350000,0.225000,0.738256,0.729603,0.112705,-0.693079,23.056724,23.749803,nan,nan,nan
projection_baseline,51.7990,-1,0,-0.020900,0.027055,0.336872,-0.076359,-0.157542,0.144035,0.600000,-0.350000,0.225000,0.734985,0.726421,0.111872,-0.684046,23.056724,23.740770,nan,nan,nan
projection_baseline,51.8500,-1,0,-0.021507,0.015851,0.344733,-0.026931,-0.105082,0.373802,0.600000,-0.350000,0.225000,0.731064,0.721192,0.119733,-0.675914,23.056724,23.732638,nan,nan,nan
projection_baseline,51.8990,-1,0,-0.019264,0.004006,0.360715,0.031184,-0.220156,0.280375,0.600000,-0.350000,0.225000,0.726103,0.713307,0.135715,-0.674214,23.056724,23.730938,nan,nan,nan
projection_baseline,51.9490,-1,0,-0.014376,-0.009828,0.377419,0.019955,-0.139076,0.371999,0.600000,-0.350000,0.225000,0.718615,0.702265,0.152419,-0.670801,23.056724,23.727525,nan,nan,nan
projection_baseline,52.0010,-1,0,-0.011813,-0.016033,0.387062,0.020301,-0.092893,0.226073,0.600000,-0.350000,0.225000,0.715621,0.697029,0.162062,-0.675944,23.056724,23.732668,nan,nan,nan
projection_baseline,52.0490,-1,0,-0.008606,-0.023556,0.389895,0.043390,-0.179420,0.025892,0.600000,-0.350000,0.225000,0.710040,0.690628,0.164895,-0.679613,23.056724,23.736337,nan,nan,nan
projection_baseline,52.0990,-1,0,-0.004100,-0.035654,0.379853,0.000241,-0.126853,-0.180577,0.600000,-0.350000,0.225000,0.698377,0.680992,0.154853,-0.666212,23.056724,23.722936,nan,nan,nan
projection_baseline,52.1500,-1,0,-0.002784,-0.045392,0.364406,-0.016552,-0.171822,-0.112939,0.600000,-0.350000,0.225000,0.689615,0.675377,0.139406,-0.646404,23.056724,23.703127,nan,nan,nan
projection_baseline,52.1990,-1,0,-0.002143,-0.051747,0.352461,-0.017796,-0.119199,-0.186188,0.600000,-0.350000,0.225000,0.683943,0.671961,0.127461,-0.639783,23.056724,23.696507,nan,nan,nan
projection_baseline,52.2490,-1,0,-0.001808,-0.055939,0.339892,0.002860,0.021852,-0.017255,0.600000,-0.350000,0.225000,0.679592,0.669810,0.114892,-0.640755,23.056724,23.697479,nan,nan,nan
projection_baseline,52.3000,-1,0,-0.001299,-0.051751,0.336772,-0.012552,0.140682,0.128467,0.600000,-0.350000,0.225000,0.680445,0.671202,0.111772,-0.635174,23.056724,23.691898,nan,nan,nan
projection_baseline,52.3490,-1,0,-0.003857,-0.042875,0.343129,-0.066539,0.145272,0.177066,0.600000,-0.350000,0.225000,0.687694,0.677473,0.118129,-0.631421,23.056724,23.688145,nan,nan,nan
projection_baseline,52.3990,-1,0,-0.006105,-0.035387,0.342066,-0.063493,0.122955,0.108141,0.600000,-0.350000,0.225000,0.692856,0.682894,0.117066,-0.632804,23.056724,23.689527,nan,nan,nan
projection_baseline,52.4490,-1,0,-0.010894,-0.027831,0.346647,-0.063392,-0.013774,0.156658,0.600000,-0.350000,0.225000,0.701272,0.690641,0.121647,-0.609028,23.056724,23.665751,nan,nan,nan
projection_baseline,52.4990,-1,0,-0.013623,-0.025771,0.346275,-0.070123,0.035203,0.013723,0.600000,-0.350000,0.225000,0.704532,0.694016,0.121275,-0.599722,23.056724,23.656446,nan,nan,nan
projection_baseline,52.5500,-1,0,-0.017329,-0.018858,0.332883,-0.039286,-0.041519,-0.244333,0.600000,-0.350000,0.225000,0.708794,0.700536,0.107883,-0.586871,23.056724,23.643595,nan,nan,nan
projection_baseline,52.6000,-1,0,-0.018341,-0.019882,0.322482,-0.032251,-0.092213,-0.110862,0.600000,-0.350000,0.225000,0.707691,0.700945,0.097482,-0.589509,23.056724,23.646233,nan,nan,nan
projection_baseline,52.6490,-1,0,-0.019471,-0.019338,0.312803,-0.023204,-0.090756,-0.225819,0.600000,-0.350000,0.225000,0.707667,0.702198,0.087803,-0.594346,23.056724,23.651070,nan,nan,nan
projection_baseline,52.7010,-1,0,-0.019276,-0.020005,0.301778,-0.029840,-0.063363,-0.137757,0.600000,-0.350000,0.225000,0.705900,0.701712,0.076778,-0.600222,23.056724,23.656946,nan,nan,nan
projection_baseline,52.7490,-1,0,-0.020697,-0.025095,0.297169,-0.071485,-0.250847,0.188242,0.600000,-0.350000,0.225000,0.704298,0.700591,0.072169,-0.608987,23.056724,23.665711,nan,nan,nan
projection_baseline,52.7990,-1,0,-0.021565,-0.031849,0.303920,-0.042872,-0.138542,0.301010,0.600000,-0.350000,0.225000,0.702703,0.698258,0.078920,-0.610696,23.056724,23.667420,nan,nan,nan
projection_baseline,52.8490,-1,0,-0.019464,-0.040339,0.313716,0.026088,-0.221134,0.138297,0.600000,-0.350000,0.225000,0.698209,0.692550,0.088716,-0.611069,23.056724,23.667793,nan,nan,nan
projection_baseline,52.8990,-1,0,-0.016863,-0.045287,0.320398,0.007423,-0.142776,0.314327,0.600000,-0.350000,0.225000,0.694601,0.688019,0.095398,-0.610883,23.056724,23.667607,nan,nan,nan
projection_baseline,52.9490,-1,0,-0.014838,-0.048228,0.327956,0.005215,-0.086195,0.146536,0.600000,-0.350000,0.225000,0.692598,0.684903,0.102956,-0.607731,23.056724,23.664454,nan,nan,nan
projection_baseline,53.0000,-1,0,-0.010465,-0.053744,0.326293,0.029401,-0.203736,-0.163489,0.600000,-0.350000,0.225000,0.686072,0.678553,0.101293,-0.599264,23.056724,23.655988,nan,nan,nan
projection_baseline,53.0490,-1,0,-0.006823,-0.059455,0.309149,-0.008326,-0.095330,-0.377603,0.600000,-0.350000,0.225000,0.678035,0.672793,0.084149,-0.591777,23.056724,23.648501,nan,nan,nan
projection_baseline,53.1020,-1,0,-0.006010,-0.061560,0.296115,-0.032460,-0.132193,-0.177220,0.600000,-0.350000,0.225000,0.674909,0.671152,0.071115,-0.573680,23.056724,23.630404,nan,nan,nan
projection_baseline,53.1490,-1,0,-0.004636,-0.065398,0.275070,-0.019042,-0.085843,-0.293863,0.600000,-0.350000,0.225000,0.670142,0.668269,0.050070,-0.568393,23.056724,23.625116,nan,nan,nan
projection_baseline,53.1990,-1,0,-0.004027,-0.064649,0.264832,0.002571,0.015704,-0.131619,0.600000,-0.350000,0.225000,0.669224,0.668037,0.039832,-0.571852,23.056724,23.628576,nan,nan,nan
projection_baseline,53.2490,-1,0,-0.002180,-0.052993,0.259628,0.003783,0.152420,0.105740,0.600000,-0.350000,0.225000,0.672334,0.671441,0.034628,-0.574164,23.056724,23.630888,nan,nan,nan
projection_baseline,53.3000,-1,0,-0.002326,-0.044883,0.263241,-0.045355,0.196682,0.147462,0.600000,-0.350000,0.225000,0.676280,0.675198,0.038241,-0.572199,23.056724,23.628923,nan,nan,nan
projection_baseline,53.3490,-1,0,-0.003518,-0.027606,0.263123,-0.066986,0.123424,0.056558,0.600000,-0.350000,0.225000,0.685292,0.684231,0.038123,-0.571751,23.056724,23.628474,nan,nan,nan
projection_baseline,53.3990,-1,0,-0.004850,-0.019235,0.267257,-0.019894,0.034249,0.099136,0.600000,-0.350000,0.225000,0.690677,0.689383,0.042257,-0.575584,23.056724,23.632308,nan,nan,nan
projection_baseline,53.4490,-1,0,-0.005318,-0.014266,0.268034,-0.017541,0.037350,-0.093037,0.600000,-0.350000,0.225000,0.693526,0.692190,0.043034,-0.578391,23.056724,23.635115,nan,nan,nan
projection_baseline,53.5000,-1,0,-0.005682,-0.004056,0.259456,0.002703,0.074210,-0.310562,0.600000,-0.350000,0.225000,0.698366,0.697516,0.034456,-0.584652,23.056724,23.641376,nan,nan,nan
projection_baseline,53.5490,-1,0,-0.004598,-0.001205,0.249169,0.023780,-0.065427,-0.273407,0.600000,-0.350000,0.225000,0.698413,0.697995,0.024169,-0.576653,23.056724,23.633377,nan,nan,nan
projection_baseline,53.5990,-1,0,-0.002977,0.003200,0.240107,0.028453,-0.022906,-0.270486,0.600000,-0.350000,0.225000,0.698971,0.698807,0.015107,-0.566416,23.056724,23.623140,nan,nan,nan
projection_baseline,53.6490,-1,0,-0.000938,0.005853,0.227708,0.014887,0.000870,-0.168201,0.600000,-0.350000,0.225000,0.698401,0.698396,0.002708,-0.561473,23.056724,23.618197,nan,nan,nan
projection_baseline,53.7000,-1,0,-0.000940,0.005162,0.227216,-0.043332,-0.120607,0.027872,0.600000,-0.350000,0.225000,0.698050,0.698046,0.002216,-0.552150,23.056724,23.608874,nan,nan,nan
projection_baseline,53.7490,-1,0,-0.001296,-0.000521,0.242041,0.010300,-0.046622,0.216065,0.600000,-0.350000,0.225000,0.695689,0.695480,0.017041,-0.552447,23.056724,23.609170,nan,nan,nan
projection_baseline,53.7990,-1,0,0.000837,-0.004392,0.252964,0.060198,-0.123916,0.145224,0.600000,-0.350000,0.225000,0.692260,0.691695,0.027964,-0.550066,23.056724,23.606790,nan,nan,nan
projection_baseline,53.8490,-1,0,0.004213,-0.007501,0.268534,0.041087,-0.061133,0.233073,0.600000,-0.350000,0.225000,0.688594,0.687217,0.043534,-0.542181,23.056724,23.598905,nan,nan,nan
projection_baseline,53.8990,-1,0,0.005874,-0.007825,0.278502,0.034999,-0.015392,0.095938,0.600000,-0.350000,0.225000,0.687700,0.685616,0.053502,-0.539275,23.056724,23.595999,nan,nan,nan
projection_baseline,53.9490,-1,0,0.008055,-0.009921,0.282184,0.060512,-0.106938,-0.088904,0.600000,-0.350000,0.225000,0.685072,0.682681,0.057184,-0.532867,23.056724,23.589591,nan,nan,nan
projection_baseline,53.9990,-1,0,0.011364,-0.015268,0.272207,0.015611,-0.032760,-0.323235,0.600000,-0.350000,0.225000,0.678798,0.677154,0.047207,-0.552010,23.056724,23.608734,nan,nan,nan
projection_baseline,54.0490,-1,0,0.011396,-0.016473,0.263283,-0.013502,-0.053621,-0.193158,0.600000,-0.350000,0.225000,0.677614,0.676532,0.038283,-0.540503,23.056724,23.597226,nan,nan,nan
projection_baseline,54.0990,-1,0,0.011184,-0.019604,0.251998,0.002530,-0.040324,-0.269064,0.600000,-0.350000,0.225000,0.675718,0.675178,0.026998,-0.530852,23.056724,23.587576,nan,nan,nan
projection_baseline,54.1500,-1,0,0.010831,-0.017596,0.242255,0.031763,0.095474,-0.120202,0.600000,-0.350000,0.225000,0.676691,0.676471,0.017255,-0.526435,23.056724,23.583159,nan,nan,nan
projection_baseline,54.2010,-1,0,0.010908,-0.009140,0.242990,0.017775,0.210720,0.081318,0.600000,-0.350000,0.225000,0.680837,0.680599,0.017990,-0.527716,23.056724,23.584440,nan,nan,nan
projection_baseline,54.2490,-1,0,0.008314,0.002235,0.252811,-0.041031,0.224951,0.097352,0.600000,-0.350000,0.225000,0.689156,0.688594,0.027811,-0.497677,23.056724,23.554400,nan,nan,nan
projection_baseline,54.2990,-1,0,0.006325,0.011903,0.254968,-0.027104,0.194986,0.049866,0.600000,-0.350000,0.225000,0.695932,0.695286,0.029968,-0.503682,23.056724,23.560406,nan,nan,nan
projection_baseline,54.3490,-1,0,0.001717,0.022308,0.265684,-0.027307,0.025895,0.089818,0.600000,-0.350000,0.225000,0.705841,0.704667,0.040684,-0.497751,23.056724,23.554475,nan,nan,nan
projection_baseline,54.3990,-1,0,-0.000532,0.026194,0.267904,-0.032839,0.123925,-0.072005,0.600000,-0.350000,0.225000,0.709931,0.708633,0.042904,-0.497665,23.056724,23.554389,nan,nan,nan
projection_baseline,54.4490,-1,0,-0.002883,0.033532,0.258901,0.012882,-0.008230,-0.228048,0.600000,-0.350000,0.225000,0.715342,0.714539,0.033901,-0.507353,23.056724,23.564077,nan,nan,nan
projection_baseline,54.4990,-1,0,-0.003079,0.032900,0.254060,0.009638,-0.023077,-0.146747,0.600000,-0.350000,0.225000,0.714955,0.714364,0.029060,-0.500379,23.056724,23.557103,nan,nan,nan
projection_baseline,54.5490,-1,0,-0.003250,0.033897,0.248104,0.024764,-0.021274,-0.271325,0.600000,-0.350000,0.225000,0.715417,0.715044,0.023104,-0.501363,23.056724,23.558086,nan,nan,nan
projection_baseline,54.5990,-1,0,-0.002646,0.033474,0.241962,0.006861,-0.000408,-0.159021,0.600000,-0.350000,0.225000,0.714509,0.714307,0.016962,-0.498957,23.056724,23.555681,nan,nan,nan
projection_baseline,54.6490,-1,0,-0.003762,0.028684,0.245326,-0.033761,-0.179671,0.183865,0.600000,-0.350000,0.225000,0.712982,0.712693,0.020326,-0.511078,23.056724,23.567801,nan,nan,nan
projection_baseline,54.6990,-1,0,-0.004525,0.022424,0.256992,-0.007389,-0.043600,0.325731,0.600000,-0.350000,0.225000,0.710756,0.710035,0.031992,-0.513598,23.056724,23.570322,nan,nan,nan
projection_baseline,54.7500,-1,0,-0.001857,0.013825,0.275755,0.046464,-0.107546,0.165287,0.600000,-0.350000,0.225000,0.705108,0.703279,0.050755,-0.505308,23.056724,23.562031,nan,nan,nan
projection_baseline,54.7990,-1,0,0.000241,0.009960,0.288964,0.027096,-0.046803,0.306105,0.600000,-0.350000,0.225000,0.702405,0.699487,0.063964,-0.488341,23.056724,23.545065,nan,nan,nan
projection_baseline,54.8490,-1,0,0.002717,0.005750,0.302146,0.044619,-0.048913,0.044875,0.600000,-0.350000,0.225000,0.699469,0.695201,0.077146,-0.493658,23.056724,23.550382,nan,nan,nan
projection_baseline,54.9000,-1,0,0.005391,0.000177,0.302730,0.057683,-0.149566,-0.143352,0.600000,-0.350000,0.225000,0.694425,0.690061,0.077730,-0.485028,23.056724,23.541752,nan,nan,nan
projection_baseline,54.9490,-1,0,0.008457,-0.007576,0.288540,0.030222,-0.058571,-0.318282,0.600000,-0.350000,0.225000,0.686450,0.683503,0.063540,-0.490740,23.056724,23.547464,nan,nan,nan
projection_baseline,54.9990,-1,0,0.008165,-0.011310,0.280705,-0.006693,-0.099075,-0.164409,0.600000,-0.350000,0.225000,0.684166,0.681894,0.055705,-0.500956,23.056724,23.557679,nan,nan,nan
projection_baseline,55.0490,-1,0,0.007954,-0.016774,0.266322,-0.009797,-0.042425,-0.256313,0.600000,-0.350000,0.225000,0.680636,0.679380,0.041322,-0.503022,23.056724,23.559746,nan,nan,nan
projection_baseline,55.0990,-1,0,0.007187,-0.017765,0.259403,0.003202,0.053154,-0.089576,0.600000,-0.350000,0.225000,0.680434,0.679564,0.034403,-0.494639,23.056724,23.551362,nan,nan,nan
projection_baseline,55.1500,-1,0,0.006435,-0.005882,0.261349,-0.030989,0.138643,0.235350,0.600000,-0.350000,0.225000,0.687065,0.686102,0.036349,-0.504788,23.056724,23.561512,nan,nan,nan
projection_baseline,55.1990,-1,0,0.004148,0.001792,0.268459,-0.051074,0.245090,0.152018,0.600000,-0.350000,0.225000,0.693315,0.691951,0.043459,-0.507494,23.056724,23.564218,nan,nan,nan
projection_baseline,55.2490,-1,0,0.000734,0.015042,0.271973,-0.078732,0.167724,0.115926,0.600000,-0.350000,0.225000,0.703265,0.701694,0.046973,-0.508301,23.056724,23.565025,nan,nan,nan
projection_baseline,55.3010,-1,0,-0.002309,0.022157,0.278954,-0.033707,0.076032,0.161036,0.600000,-0.350000,0.225000,0.710062,0.708009,0.053954,-0.517844,23.056724,23.574568,nan,nan,nan
projection_baseline,55.3500,-1,0,-0.005950,0.029289,0.281826,-0.031760,0.102531,-0.094741,0.600000,-0.350000,0.225000,0.717123,0.714868,0.056826,-0.514857,23.056724,23.571581,nan,nan,nan
projection_baseline,55.3990,-1,0,-0.007550,0.035145,0.275381,-0.008240,0.074877,-0.263003,0.600000,-0.350000,0.225000,0.721105,0.719342,0.050381,-0.506637,23.056724,23.563361,nan,nan,nan
projection_baseline,55.4500,-1,0,-0.008254,0.036541,0.266522,0.008304,0.046235,-0.041300,0.600000,-0.350000,0.225000,0.721880,0.720685,0.041522,-0.488173,23.056724,23.544896,nan,nan,nan
projection_baseline,55.4990,-1,0,-0.009098,0.038180,0.263918,-0.002998,0.000755,-0.180013,0.600000,-0.350000,0.225000,0.723325,0.722277,0.038918,-0.476536,23.056724,23.533260,nan,nan,nan
projection_baseline,55.5500,-1,0,-0.009299,0.038591,0.254776,-0.019061,0.017013,-0.036810,0.600000,-0.350000,0.225000,0.723281,0.722668,0.029776,-0.471391,23.056724,23.528115,nan,nan,nan
projection_baseline,55.6000,-1,0,-0.010959,0.034782,0.258375,-0.059098,-0.160571,0.198540,0.600000,-0.350000,0.225000,0.722801,0.722030,0.033375,-0.470446,23.056724,23.527169,nan,nan,nan
projection_baseline,55.6490,-1,0,-0.012574,0.027531,0.274903,-0.030976,-0.043407,0.340804,0.600000,-0.350000,0.225000,0.721295,0.719567,0.049903,-0.472378,23.056724,23.529102,nan,nan,nan
projection_baseline,55.6990,-1,0,-0.011213,0.021802,0.287172,0.031437,-0.109915,0.219175,0.600000,-0.350000,0.225000,0.718111,0.715415,0.062172,-0.480635,23.056724,23.537359,nan,nan,nan
projection_baseline,55.7490,-1,0,-0.008917,0.016776,0.301378,0.011780,-0.038194,0.365572,0.600000,-0.350000,0.225000,0.714939,0.710848,0.076378,-0.485222,23.056724,23.541946,nan,nan,nan
projection_baseline,55.7990,-1,0,-0.007073,0.014248,0.316044,0.014607,0.004983,0.092456,0.600000,-0.350000,0.225000,0.713795,0.707965,0.091044,-0.494967,23.056724,23.551690,nan,nan,nan
projection_baseline,55.8490,-1,0,-0.003980,0.008673,0.314929,0.032224,-0.085366,-0.177826,0.600000,-0.350000,0.225000,0.708185,0.702452,0.089929,-0.496051,23.056724,23.552775,nan,nan,nan
