sim_time_s,wall_time_s,state,px,py,pz,vx,vy,vz,roll_rad,pitch_rad,yaw_rad,wx,wy,wz,position_error_m,speed_mps,yaw_error_rad,max_joint_error_rad,offboard,armed,q_shoulder_pan_joint,qd_shoulder_pan_joint,qcmd_shoulder_pan_joint,effort_shoulder_pan_joint,q_shoulder_lift_joint,qd_shoulder_lift_joint,qcmd_shoulder_lift_joint,effort_shoulder_lift_joint,q_elbow_joint,qd_elbow_joint,qcmd_elbow_joint,effort_elbow_joint,q_wrist_1_joint,qd_wrist_1_joint,qcmd_wrist_1_joint,effort_wrist_1_joint,q_wrist_roll_joint,qd_wrist_roll_joint,qcmd_wrist_roll_joint,effort_wrist_roll_joint,q_left_knuckle_joint,qd_left_knuckle_joint,qcmd_left_knuckle_joint,effort_left_knuckle_joint
17.904,0.08726260999998203,PRESTREAM_SETPOINTS,0.0013984143733978271,-0.013686589896678925,-0.0642084851861,0.0045407493598759174,-0.0022285734303295612,-0.06391109526157379,-0.01869830258600219,0.025808788003950894,-0.054254625227198636,-0.0006432418012991548,-0.002970468252897262,0.004173144698143005,1.0642974106178467,0.06411094322982266,-0.054254625227198636,0.08861997252908527,False,False,0.08861997252908527,0.04494984065968347,0.0,nan,0.027128205243894143,-0.002263582203284333,0.0,nan,0.02289161175237897,-0.007772939854339725,0.0,nan,0.03795739644483476,0.0017475928553784149,0.0,nan,-0.012495151695588014,-0.3093836254331529,0.0,nan,0.00011621817511109356,-0.004495885465021887,0.0,nan
17.936,0.148668860999976,PRESTREAM_SETPOINTS,0.0016681562410667539,-0.013748102821409702,-0.06368222832679749,0.006184895057231188,-0.002894066972658038,-0.06259660422801971,-0.018710114863444906,0.025796831957173316,-0.05426723170333096,0.0005133587401360273,-0.0077872462570667276,-0.006157559342682361,1.0637723797573868,0.06296795543282732,-0.05426723170333096,0.09021389932328283,False,False,0.09021389932328283,0.03746301126168026,0.0,nan,0.027162578991971387,-0.010863025515170033,0.0,nan,0.02272385182194192,-0.014674568700002407,0.0,nan,0.03818797628224058,-0.0028670127488971096,0.0,nan,-0.012174393026437969,0.9066563643260872,0.0,nan,9.75181048614715e-05,-0.010100612166939003,0.0,nan
17.969,0.3403218880000054,PRESTREAM_SETPOINTS,0.0017849437426775694,-0.013767525553703308,-0.0634305477142334,0.00636864360421896,-0.002722789067775011,-0.06302323192358017,-0.01864802695927351,0.025920161879752605,-0.05421261826177225,9.390883496962488e-05,-0.003962930291891098,-0.0010938127525150772,1.0635211613295859,0.06340268893161022,-0.05421261826177225,0.09101950572397577,False,False,0.09101950572397577,0.04527668390728273,0.0,nan,0.027177883364643662,-0.006668283255791728,0.0,nan,0.022637696455295675,-0.010244159370866512,0.0,nan,0.038299997747277104,0.0014233017471915119,0.0,nan,-0.012221152257835932,0.8965895527233252,0.0,nan,0.00010414833100202969,-0.013908106113994026,0.0,nan
18.003,0.5237647739999716,PRESTREAM_SETPOINTS,0.001943862996995449,-0.013743069022893906,-0.0627974346280098,0.006030941382050514,-0.0037396284751594067,-0.06214122474193573,-0.018565660831531567,0.02602825249886975,-0.05421350105921743,0.0007306301267817616,-0.010260501876473427,0.002168237464502455,1.0628880644740526,0.06254509483175894,-0.05421350105921743,0.0888262141190852,False,False,0.0888262141190852,-0.12732617575449445,0.0,nan,0.02710366293423938,-0.03770856244253766,0.0,nan,0.02298823555867191,-0.012899106361566735,0.0,nan,0.037799422927276005,-0.05606848450108497,0.0,nan,-0.011681743747018913,-0.16491739167497382,0.0,nan,-0.00031268025634734187,0.026099045075823446,0.0,nan
18.036,0.7039033089999975,PRESTREAM_SETPOINTS,0.0019980447832494974,-0.013735629618167877,-0.06260507553815842,0.005795595236122608,-0.004626507870852947,-0.06329622864723206,-0.01859268930202186,0.025961578951042025,-0.05417577311690823,0.004427490755915642,0.001597175374627114,0.004942849278450012,1.062695726096336,0.06372916177216449,-0.05417577311690823,0.08292514866252265,False,False,0.08292514866252265,-0.15114604330646403,0.0,nan,0.026957350022066784,-0.0034159201222372084,0.0,nan,0.02371829431894934,0.020904935937893897,0.0,nan,0.03681856928216565,-0.01839377486786027,0.0,nan,-0.011821164681395935,-0.01185088955129323,0.0,nan,-0.0002036833949814465,0.0016174988318830297,0.0,nan
18.069,0.8787718819999668,PRESTREAM_SETPOINTS,0.0021626949310302734,-0.01374108623713255,-0.06251007318496704,0.006669076159596443,-0.004827495664358139,-0.06351396441459656,-0.01855880767590722,0.02617886238899268,-0.05409266049116899,0.000502752314787358,-0.001949031837284565,-0.0002471233019605277,1.062601124749953,0.0640453352467651,-0.05409266049116899,0.08022650708909307,False,False,0.08022650708909307,-0.13033481318401408,0.0,nan,0.026856252756265242,0.004361565891355949,0.0,nan,0.0240349640899451,0.02447198803565063,0.0,nan,0.03635072147193785,-0.015121102955561964,0.0,nan,-0.012464926607809623,-1.2961204840354863,0.0,nan,-0.00020877405848729325,-0.0007471320396787717,0.0,nan
18.103,0.962896824999973,PRESTREAM_SETPOINTS,0.00239444337785244,-0.013756725937128067,-0.06267818808555603,0.007561239879578352,-0.0047152903862297535,-0.06392394006252289,-0.018589560737251928,0.026261044429228275,-0.054163270236791974,0.0024066318292170763,-0.009627842344343662,0.0038814749568700803,1.062769924442915,0.06454205160250187,-0.054163270236791974,0.07490259416278366,False,False,0.07490259416278366,-0.13554396367002647,0.0,nan,0.026677905873082608,-0.022212597380871054,0.0,nan,0.024652513532805287,0.0003744998939515763,0.0,nan,0.035459529826243674,-0.03365934227001546,0.0,nan,-0.012208463272165737,-0.12648687503892314,0.0,nan,-0.00028219549106189845,0.0157319231152937,0.0,nan
18.136,1.140573403000019,PRESTREAM_SETPOINTS,0.0026799195911735296,-0.01380860898643732,-0.06347399950027466,0.008554213680326939,-0.005921472795307636,-0.06473095715045929,-0.018546718196761652,0.026261696777461402,-0.05417653371127451,0.0032561204861849546,-0.0009044137550517921,-0.0033935541287064552,1.063567020579458,0.06556169022660152,-0.054176533711274504,0.0699472348663912,False,False,0.0699472348663912,-0.11646793263902092,0.0,nan,0.02650312932377119,-0.02038805272896586,0.0,nan,0.025227734306029426,0.0007082690008745375,0.0,nan,0.03465422903386628,-0.030994107384561934,0.0,nan,-0.012509968656643444,-0.05220194728450177,0.0,nan,-0.0002962866584494961,0.010874805792233017,0.0,nan
18.169,1.325178548999986,PRESTREAM_SETPOINTS,0.0028789949137717485,-0.013859477825462818,-0.06404997408390045,0.008424825966358185,-0.005849151406437159,-0.06539557874202728,-0.018527693455747247,0.02626908969028387,-0.05412279947782448,0.0027271374128758907,-0.0009271395392715923,0.006278357934206724,1.0641441260869025,0.0661949543677125,-0.05412279947782448,0.06758813127823604,False,False,0.06758813127823604,-0.10884822338368097,0.0,nan,0.026434638019908974,0.007343988164960574,0.0,nan,0.025504687630227174,0.022913472848049964,0.0,nan,0.03428828920301452,-0.00974301880841499,0.0,nan,-0.012793175214443231,-1.1820035134597924,0.0,nan,-0.0002467450536318694,-0.004590807032412492,0.0,nan
18.203,1.4944441150000216,PRESTREAM_SETPOINTS,0.0030154134146869183,-0.013799567706882954,-0.06484072655439377,0.007511980831623077,-0.006338984705507755,-0.06591521948575974,-0.01853275773744469,0.026330997325493558,-0.05406695878490856,0.0007377620204351842,-0.004716343712061644,-6.0507489251903614e-05,1.0649344081753802,0.06664404506756184,-0.05406695878490857,0.06287305328527193,False,False,0.06287305328527193,-0.11233907847237026,0.0,nan,0.026223751852518795,0.006697958083839779,0.0,nan,0.025959945299740106,0.023937351354777182,0.0,nan,0.03352318842793789,-0.005853271440237159,0.0,nan,-0.013968996130848232,-1.2439494840609997,0.0,nan,-0.00031564844870324293,-0.003066710098981823,0.0,nan
18.236,1.5707717600000137,PRESTREAM_SETPOINTS,0.003139105625450611,-0.013734367676079273,-0.06538111716508865,0.007870991714298725,-0.006521253380924463,-0.06652911007404327,-0.018500669574845502,0.026345333458877934,-0.05415057619819347,0.006528263911604881,-0.004380451049655676,1.6889229300432443e-05,1.0654742660672392,0.06730974478832129,-0.05415057619819347,0.05835788148583543,False,False,0.05835788148583543,-0.11247220749324799,0.0,nan,0.026072836745954397,-0.0009707311948126301,0.0,nan,0.026452734574120562,0.018301413570765895,0.0,nan,0.03288180571203103,-0.00464882555079499,0.0,nan,-0.01366907163826614,0.22084693729992189,0.0,nan,-0.00031106102292177695,0.0042217335553661195,0.0,nan
18.269,1.86401850499999,PRESTREAM_SETPOINTS,0.003198519814759493,-0.013713052496314049,-0.06563844531774521,0.007421270944178104,-0.00587841309607029,-0.06708799302577972,-0.018480191732130138,0.02636712555687082,-0.05420971404324855,0.0013514135498553514,-0.0067492094822227955,-0.0013169088633730999,1.0657314739074721,0.06775271072940198,-0.05420971404324855,0.05627539659182812,False,False,0.05627539659182812,-0.09751813890370811,0.0,nan,0.026024366487797934,0.007513789396679695,0.0,nan,0.026693736709200167,0.02206137499493636,0.0,nan,0.03260436110271403,-0.0032208647851998395,0.0,nan,-0.013788102478488717,-1.1935136102540707,0.0,nan,-0.00028988369171489836,-0.0033115738297161967,0.0,nan
18.303,1.9543885410000144,PRESTREAM_SETPOINTS,0.0033507144544273615,-0.013649219647049904,-0.06620648503303528,0.007036881055682898,-0.005772048607468605,-0.0661887377500534,-0.01852534017727952,0.02645251066409601,-0.05418946880908576,0.0051511190831661224,-0.008563670329749584,-0.0047344211488962165,1.0662991124496113,0.06681155023694746,-0.05418946880908576,0.052262090194042266,False,False,0.052262090194042266,-0.09400112966403208,0.0,nan,0.025935696853962575,0.007175511042856664,0.0,nan,0.02715626465748766,0.020740522889015484,0.0,nan,0.03208404740503834,-0.0038244132588978255,0.0,nan,-0.013339353298362333,-1.1653498278348808,0.0,nan,-0.0002414064698887941,-0.0034375950493077123,0.0,nan
18.337,2.140788090000001,PRESTREAM_SETPOINTS,0.0035207460168749094,-0.013633258640766144,-0.06676223129034042,0.006930822040885687,-0.006494482047855854,-0.06747607886791229,-0.01841558862967205,0.026407484809626108,-0.05429297963684504,0.003522748127579689,-0.0028070283588021994,0.0015808999305590992,1.0668551539460391,0.06814129299199619,-0.05429297963684504,0.04845580102559577,False,False,0.04845580102559577,-0.08859078558582831,0.0,nan,0.025855621567996145,0.006858013446864034,0.0,nan,0.02758028174456939,0.019022271082797575,0.0,nan,0.03160143419779882,-0.0037872491741144237,0.0,nan,-0.012915561141952914,-1.1235664093710998,0.0,nan,-0.00021301685286889693,-0.003200716315297364,0.0,nan
18.369,2.2249423459999775,PRESTREAM_SETPOINTS,0.0036497549153864384,-0.013631798326969147,-0.06715014576911926,0.007716553285717964,-0.006234516389667988,-0.06863851845264435,-0.018425839314709716,0.026396070648325255,-0.0543585354796292,0.00388689455576241,-0.007140369154512883,-0.004161610733717679,1.067243449383327,0.06935171666655673,-0.0543585354796292,0.046639770672064707,False,False,0.046639770672064707,-0.09253195915860599,0.0,nan,0.02582111229501205,0.006554965682708171,0.0,nan,0.02777784086746138,0.017640849519938495,0.0,nan,0.03138172341371792,-0.0026910021993123527,0.0,nan,-0.012742758030124257,-1.1264684334664865,0.0,nan,-0.00020443836624739475,-0.0032559163672284397,0.0,nan
18.403,2.508433585999967,PRESTREAM_SETPOINTS,0.0036711657885462046,-0.013423080556094646,-0.06737662851810455,0.006158728618174791,-0.0050599342212080956,-0.0689115971326828,-0.018407012385667835,0.02635816101589342,-0.054426824440016904,0.005770866759121418,-0.007142773363739252,0.0024009852204471835,1.067467340791529,0.06937103928796551,-0.054426824440016904,0.043169846166162706,False,False,0.043169846166162706,-0.08847563742159996,0.0,nan,0.02575789594029043,-0.0024720077828775276,0.0,nan,0.028152987458929246,0.010920128007343023,0.0,nan,0.03098368549140229,-0.004987504340270971,0.0,nan,-0.011909254108104506,0.25552641897489314,0.0,nan,-0.00018918098299103292,0.0013370068410959723,0.0,nan
18.436,2.694649278999975,PRESTREAM_SETPOINTS,0.003621606156229973,-0.013192099519073963,-0.06727388501167297,0.0048913429491221905,-0.005018663592636585,-0.06889542192220688,-0.018447567474871623,0.026404361058731764,-0.05440984588212695,-0.00581681914627552,-0.0006436069961637259,0.0001234508818015457,1.06736155690037,0.06925093054927772,-0.05440984588212695,0.03988304466761772,False,False,0.03988304466761772,-0.07728722558759624,0.0,nan,0.025682061909501286,0.002308669954123799,0.0,nan,0.02847363696622285,0.012578893577206185,0.0,nan,0.03058462203286272,-0.004799088930427041,0.0,nan,-0.01161686116428573,0.17608927057863633,0.0,nan,-0.00019836362822189813,0.0004692278111501774,0.0,nan
18.47,2.7900992369999926,ABORT,0.0035981822293251753,-0.013086112216114998,-0.06728797405958176,0.004804012831300497,-0.006388786248862743,-0.06925640255212784,-0.018446415758725698,0.026529744293800235,-0.054430684187475334,0.003909630235284567,-0.010142432525753975,0.005050402600318194,1.0673742608946941,0.06971617045907884,-0.054430684187475334,0.03833065881303366,False,False,0.03833065881303366,-0.07177967730568605,0.0,nan,0.025666637933581704,0.005341636870573577,0.0,nan,0.02863544339294144,0.013615554762385804,0.0,nan,0.030405949983508762,-0.0034573660562593027,0.0,nan,-0.011966775310383149,-1.0069157089205794,0.0,nan,-0.0001895484672376213,-0.0042259434076056535,0.0,nan
18.503,3.0607115880000038,ABORT,0.003564903512597084,-0.012988741509616375,-0.0675039142370224,0.0042506009340286255,-0.006921212188899517,-0.0696508139371872,-0.01841275734492433,0.026536444842480054,-0.05423336811464574,0.0009919030126184225,-0.006138618104159832,-0.0008632698445580892,1.067588882882555,0.07012279706755005,-0.05423336811464574,0.002985144033080457,False,False,0.03534530220202914,-0.07804312103907637,0.038330446235109596,nan,0.025615568480707118,0.004464745687711072,0.02566649558902571,nan,0.028916493425949596,0.012280908694615837,0.028635284583693188,nan,0.03005119070856388,-0.0033238116771880655,0.03040578135521155,nan,-0.01187761630683859,-0.9691520752584212,-0.011966708943867884,nan,-0.00017402694184731615,-0.0038192810127160304,-0.0001895474160211559,nan
18.536,3.1495116130000156,ABORT,0.0035296897403895855,-0.01290129404515028,-0.06779635697603226,0.0033254162408411503,-0.006526150740683079,-0.0698552057147026,-0.01841723064489567,0.026484043428887275,-0.05416537374878971,0.001015378045849502,-0.006129433400928974,0.0018261393997818238,1.0678801253272714,0.07023815773572359,-0.054165373748789714,0.0038365655216524505,False,False,0.034492413765070395,0.031996527267250094,0.038328979286722846,nan,0.026029240964243527,0.005202066453956813,0.02566551330397568,nan,0.02964897864635674,0.012173038152268414,0.02863418867981911,nan,0.030350818655652922,0.006956231638666783,0.030404617692476363,nan,-0.011301533594945568,0.771503466897197,-0.011966250964738911,nan,-0.0005944873394589933,-0.045846534537123784,-0.0001895401618328159,nan
18.569,3.2290000339999665,ABORT,0.003519467543810606,-0.012859671376645565,-0.06805018335580826,0.00318319839425385,-0.006216316483914852,-0.07081690430641174,-0.018456537435777305,0.026398960663423655,-0.054176139696125655,0.0019160229712724686,-0.008167129009962082,0.0027787638828158387,1.0681333961477297,0.07116044742825083,-0.054176139696125655,0.0030206272975956613,False,False,0.035304433842153315,0.04715960862270887,0.03832506113974898,nan,0.02600831205830989,-0.0008996990735958018,0.025662889668930967,nan,0.029746838753588634,0.0052654195055258065,0.028631261574484902,nan,0.03035073761404128,0.0011768229202603524,0.030401509606557558,nan,-0.01135708252500578,0.7330062360694757,-0.0119650277250159,nan,-0.0007930008828287427,-0.05391019455361175,-0.00018952078625263268,nan
18.603,3.426318261000006,ABORT,0.003446217393502593,-0.012969319708645344,-0.06851247698068619,0.0034256125800311565,-0.006050717551261187,-0.07164548337459564,-0.01846168271436507,0.02633473814706803,-0.05409774865493356,0.004769838415086269,-0.004361516330391169,-0.0011224618647247549,1.0685967401837935,0.07198209008088795,-0.05409774865493356,0.0012357001804887031,False,False,0.03711928438833656,0.04610089321230944,0.03831726188949482,nan,0.025886745996436034,-0.00093168516074374,0.025657667203713156,nan,0.02986113521830358,0.005564252938018882,0.028625435037814877,nan,0.030295249557759085,0.0018980399603008733,0.03039532281977955,nan,-0.011413346617648479,0.7103104078577179,-0.011962592810556531,nan,-0.0008873770305148909,-0.05870173709293314,-0.00018948221827657754,nan
18.636,3.5125300519999882,ABORT,0.003410909092053771,-0.013146228156983852,-0.06947111338376999,0.004016046412289143,-0.007242494262754917,-0.07124115526676178,-0.018455929108843007,0.026373654083721,-0.05411794713857544,-0.0052893562242388725,-0.004582029301673174,-0.00040409376379102414,1.0695573476807638,0.07172087949596379,-0.05411794713857544,0.001357061671950037,False,False,0.038832472445625044,0.04417503693554252,0.03830493970205666,nan,0.02576049214304632,-0.0016701359850328254,0.025649416129160336,nan,0.029973291250954937,0.004972058836708771,0.0286162295790049,nan,0.03025890556574673,0.002273383965743947,0.030385548194804803,nan,-0.0119668872910772,-0.017428450129440057,-0.011958745841759981,nan,-0.0009762401810595733,-0.053231122032784434,-0.00018942128397974453,nan
18.669,3.8214838439999994,ABORT,0.0034095225855708122,-0.013229205273091793,-0.06977222114801407,0.004125474952161312,-0.007702101953327656,-0.07215872406959534,-0.018417475911153725,0.026404479145035138,-0.0541536523562075,0.0029288020450621843,-0.006271931342780589,0.0057963402941823014,1.0698594495803524,0.0726857852501599,-0.0541536523562075,0.0014234083298582598,False,False,0.039626980584006155,0.04135385844523619,0.03828691267725532,nan,0.02569782675714727,-0.0036398551907141172,0.025637345031691006,nan,0.03002617057320478,0.0030709691439724757,0.02860276224334652,nan,0.030248535041858204,0.0006092179660149495,0.030371248184540577,nan,-0.011417367549388047,0.7394051992486603,-0.011953117831128478,nan,-0.0010078951292715743,-0.06499893880989858,-0.00018933213876216255,nan
18.703,4.101060627999971,ABORT,0.0034230484161525965,-0.013475105166435242,-0.07043612003326416,0.0033059848938137293,-0.00959794782102108,-0.07263243943452835,-0.018413680677405224,0.026417202031949645,-0.05419521786235837,0.012272300198674202,-0.0051752496510744095,-8.574407547712262e-05,1.070526404527966,0.07333840328711552,-0.054195217862358376,0.0029169877504521893,False,False,0.04117835279871418,0.04126363188170195,0.03826136504826199,nan,0.025575442993611475,-0.005993567071753908,0.025620238053524216,nan,0.030139795583406404,-0.0012367002755868167,0.02858367653737338,nan,0.030244165896056607,-0.005826466021271051,0.030350982424613062,nan,-0.011838863830443636,-0.07934664205655764,-0.011945141898928422,nan,-0.001064489379307254,-0.06257431308543976,-0.0001892058034977242,nan
18.737,4.283217949000004,ABORT,0.003439126070588827,-0.013791381381452084,-0.0712396502494812,0.0034314601216465235,-0.010707969777286053,-0.07432148605585098,-0.01823088157848815,0.026443519870997457,-0.05418035733921761,0.002520353766158223,-0.006076044403016567,0.00255514425225556,1.0713339432946054,0.0751672722989718,-0.05418035733921761,0.004407493569523184,False,False,0.04263526299917508,0.03229116134244196,0.0382277694296519,nan,0.02545300864300515,-0.005204089203882018,0.025597742051479855,nan,0.030253009503452333,-0.0004542713191600838,0.028558578470584274,nan,0.03025692405402669,-0.004046387900244566,0.030324332564403096,nan,-0.011860549799028952,-0.14595175320754206,-0.011934653396205804,nan,-0.001119284434937029,-0.06450195544812096,-0.00018903967021928245,nan
18.769,4.463076545999968,ABORT,0.003460685955360532,-0.013984129764139652,-0.07172192633152008,0.0034282838460057974,-0.009708010591566563,-0.07637245953083038,-0.01822616809525124,0.026412563406190626,-0.05419897541923121,0.0017680141609162092,-0.0011852886527776718,4.8677466111257815e-05,1.0718187438239202,0.07706329330208435,-0.0541989754192312,0.00512249165820023,False,False,0.04331046870661659,0.029248125383753865,0.03818797704841636,nan,0.025389966665475328,-0.004787250347431587,0.02557109662786036,nan,0.030302729937162987,-1.4657080969144101e-05,0.028528851027445384,nan,0.03026292499383576,-0.002824351359028714,0.03029276709720165,nan,-0.011862538137672018,-0.1881055123739842,-0.0119222302733048,nan,-0.0011443573222589265,-0.066047854980739,-0.00018884289340655606,nan
18.803,4.543731907999984,ABORT,0.0034087910316884518,-0.014060553163290024,-0.07221998274326324,0.003975764848291874,-0.009347771294414997,-0.07818603515625,-0.018232306065101046,0.0265542770333001,-0.05416304019890575,0.01008073054254055,-0.005311158020049334,-0.0014719765167683356,1.0723175884063076,0.07884315840804428,-0.05416304019890575,0.006483105747376157,False,False,0.044619305647460195,0.034276683629140076,0.03813619990008404,nan,0.0252760212931058,-0.004408529397709032,0.025536426070123238,nan,0.030416010402138483,0.0022175316754682573,0.028490170199981645,nan,0.03029726684721812,0.00102885744979457,0.030251694665074654,nan,-0.01148925824839342,0.773092837114078,-0.011906065523741594,nan,-0.0011905996457084456,-0.0763435908351161,-0.0001885868508701572,nan
18.837,4.633015861999979,ABORT,0.003339306218549609,-0.014096919447183609,-0.0725778192281723,0.0031138218473643064,-0.00900848675519228,-0.07924492657184601,-0.018075806096556995,0.026504996044650675,-0.054157594282242975,-0.0003596280876081437,-0.00751509191468358,0.0034927318338304767,1.0726756510726732,0.07981608301271657,-0.054157594282242975,0.007766261500090119,False,False,0.04584011922674058,0.025460370596986144,0.038073857726650465,nan,0.025164508817471898,-0.0005698509822192467,0.02549468105339089,nan,0.03052733186263623,0.005531128765229274,0.02844359662588636,nan,0.030338367803204314,0.005126316185845855,0.030202241484096722,nan,-0.012013895375259764,-0.24024225201177277,-0.011886602388879253,nan,-0.0012317192879978123,-0.06767222188944669,-0.0001882785633586841,nan
18.869,4.712213953999992,ABORT,0.0033276083413511515,-0.014117545448243618,-0.07277894765138626,0.004319355357438326,-0.008875163272023201,-0.07988020032644272,-0.018091247981964508,0.02643363999805799,-0.05416666265708117,0.003915997222065926,-0.0001119591179303819,0.004830517806112766,1.072876996020873,0.08048771184473764,-0.05416666265708117,0.008416519032688904,False,False,0.04642139082192376,0.030648873321933882,0.038004871789234854,nan,0.025110642688842333,-0.000849771261857501,0.02544848729797458,nan,0.03058140168433976,0.004823838578265302,0.028392059736958637,nan,0.030360263450118552,0.004064595717590592,0.030147518110495028,nan,-0.01198336973274916,-0.23208775250520527,-0.01186506508067238,nan,-0.001248984433814826,-0.06970636715734493,-0.00018793742185204155,nan
18.903,4.90938840299998,ABORT,0.0033361664973199368,-0.014189431443810463,-0.07336489856243134,0.004217511508613825,-0.009854236617684364,-0.08005265891551971,-0.017839485093556873,0.02646001296697343,-0.05410035170843552,0.004302102606743574,-0.0069566178135573855,0.0036576075945049533,1.0734638677838835,0.08076708229277035,-0.05410035170843552,0.009578007031773424,False,False,0.04749797995030658,0.028995516084922776,0.037919972918533155,nan,0.025006123226557264,-0.004570309677883541,0.0253916380644172,nan,0.030685959979664723,0.001569529008731885,0.028328634873379815,nan,0.030408927880682945,0.0007673170708224837,0.03008017173826585,nan,-0.011520418981880276,0.7890410311847424,-0.011838559778095973,nan,-0.0012693675569819263,-0.08147982902671423,-0.0001875175894956449,nan
18.941,5.00256006799998,ABORT,0.0034060697071254253,-0.014364784583449364,-0.07420876622200012,0.004989052657037973,-0.009923233650624752,-0.08043944835662842,-0.017852111251040498,0.0264017132650118,-0.05416685502656289,-0.00032925180858001113,0.00466079916805029,0.004575312137603759,1.0743102074238942,0.08120262350699194,-0.05416685502656289,0.010682485410961909,False,False,0.04849267791817713,0.01975820434741556,0.03781019250721522,nan,0.024907862398526603,-0.002517944666903752,0.02531812787292164,nan,0.03078942407560259,0.0017195924492093063,0.02824662191426836,nan,0.030460460579415205,-2.909808298940872e-05,0.029993087983405706,nan,-0.011761851610448737,-0.33105828035486934,-0.011804286495131256,nan,-0.0012862182400024125,-0.07267069752623515,-0.0001869747157402125,nan
18.969,5.073127561999968,ABORT,0.003444564063102007,-0.014420737512409687,-0.07434359192848206,0.005410564132034779,-0.009611815214157104,-0.08050557971000671,-0.017882785080330636,0.02655440015020899,-0.0541352053221062,0.001418276340700686,-0.0055945152416825294,0.0017582769505679614,1.0744458926394476,0.08125767385534863,-0.0541352053221062,0.011244281940186368,False,False,0.0489630807825856,0.01761822022960745,0.03771879884239923,nan,0.024861440606450458,-0.0012199340945628643,0.025256929652570217,nan,0.03084245770503813,0.003980456967395918,0.02817834502583612,nan,0.03049024470973194,0.004119245461098952,0.029920589589502295,nan,-0.011889741580695556,-0.32497598633702135,-0.011775753527383945,nan,-0.0013058197725905885,-0.07083602913221901,-0.00018652276605769859,nan
19.004,5.156760507999991,ABORT,0.003436402417719364,-0.014146625064313412,-0.07424794882535934,0.00541419442743063,-0.00962380226701498,-0.08068165183067322,-0.017805133350546384,0.02659436660700183,-0.05416910566113589,-0.002759577240794897,-0.01090024970471859,0.00055737583898008,1.0743465881259078,0.08143377685885998,-0.05416910566113589,0.01224320510063176,False,False,0.04983474767505314,0.023729555366864153,0.03759154257442138,nan,0.024774367885280313,-0.0008736031032197461,0.025171717431958562,nan,0.030941681494211615,0.0027466739412219,0.028083276488771534,nan,0.03054410948580255,0.00040156510150100204,0.02981964304073317,nan,-0.011705093968827462,-0.3554636793760844,-0.011736024307670899,nan,-0.0013077947019120018,-0.07425395546132114,-0.00018589347265944944,nan
19.037,5.235826539000016,ABORT,0.003485659137368202,-0.013824515044689178,-0.0741487592458725,0.0070644221268594265,-0.010244707576930523,-0.0801977589726448,-0.017880900322298884,0.02650086743247022,-0.05416360809037545,0.0020509285386651754,-0.0038468744605779643,0.0025572893209755425,1.0742433728095744,0.0811575051215703,-0.05416360809037546,0.01316557211387346,False,False,0.05062346781252458,0.02150696169653871,0.03745789569865112,nan,0.02469382143767085,-0.00015163569836635493,0.0250822259888795,nan,0.031040070406358033,0.0031938842154985107,0.027983433760671556,nan,0.030600359541814726,0.0009167062307056419,0.029713627116510627,nan,-0.011652845662224465,-0.3937728139896679,-0.01169429994960342,nan,-0.001315921609466919,-0.07549191849141523,-0.00018523257714557595,nan
19.069,5.311252782999986,ABORT,0.003518051700666547,-0.013721137307584286,-0.07399795204401016,0.0066137537360191345,-0.00995621643960476,-0.08034870773553848,-0.01780061911368031,0.02652397819948765,-0.054200268323572116,0.0012080875458195806,-0.004541329108178616,0.0015053653623908765,1.07409135891297,0.08123289247000838,-0.05420026832357212,0.013661999343673535,False,False,0.050977274388512406,0.012355235777912803,0.03731527504483887,nan,0.024654696412636845,-0.004834420800128704,0.024986725603636836,nan,0.031084782577452508,0.00027540328037673097,0.02787688704883898,nan,0.030626749568307687,0.0005479075888306893,0.029600492706596544,nan,-0.011513309469451727,0.7444031093411456,-0.011649773991228532,nan,-0.0013206145125552737,-0.08455164274922292,-0.00018452730551279757,nan
19.103,5.407486867999978,ABORT,0.0035942699760198593,-0.013509329408407211,-0.07371395826339722,0.005272855516523123,-0.00993962399661541,-0.08023154735565186,-0.017840653141736825,0.02651805427645985,-0.05426957451235464,-0.002757092472165823,-0.0031800959259271617,0.005211069714277983,1.073804956650591,0.08101666693696073,-0.05426957451235464,0.014496752857009305,False,False,0.0516461065564382,0.019445934473156214,0.03714935369942889,nan,0.02458956498709952,-0.004860667769917923,0.024875622814643224,nan,0.031180610073019643,-3.298479366027184e-05,0.02775293323637405,nan,0.030681819916090092,-0.0004969187813030013,0.029468874928923056,nan,-0.01151563262363009,0.776218956652612,-0.011597973591204035,nan,-0.001320189385968007,-0.08441560771915574,-0.00018370680991793,nan
19.138,5.486654944999998,ABORT,0.0036700181663036346,-0.01334288902580738,-0.07381322979927063,0.005535229109227657,-0.010113724507391453,-0.07879623770713806,-0.017928363883691463,0.02664125515607946,-0.05420528144439312,0.0010183784179389477,-0.005820976570248604,-0.0007647910970263176,1.0739023951052709,0.07963525137464475,-0.054205281444393114,0.01528310207862281,False,False,0.05224585324858033,0.01778932607263991,0.03696275116995752,nan,0.02453205114211432,-0.0035417424726366603,0.024750671673448552,nan,0.031276290460179546,0.0007061805937432692,0.027613529262241462,nan,0.030736904430126444,-0.00021455368405340347,0.02932085171842782,nan,-0.011515813795728747,0.7796767705935645,-0.011539716555930387,nan,-0.0013146464833697635,-0.08539436934003536,-0.0001827840440553215,nan
19.17,5.567623841999989,ABORT,0.0037374086678028107,-0.013277417048811913,-0.0740765929222107,0.005816526245325804,-0.010216057300567627,-0.07921990752220154,-0.0179539888047144,0.026601030152379045,-0.05425905842552152,0.004868673160672188,-0.012553726322948933,-0.0006259127403609439,1.0741651574550455,0.080087411945681,-0.05425905842552152,0.01572816492588438,False,False,0.0525060420125909,-0.008885273181146574,0.036777877086706524,nan,0.024481274603394887,0.055759955557817285,0.0246268779191786,nan,0.031238223179805402,0.05318434759188542,0.027475416547519334,nan,0.030598811599393372,0.043240423952256524,0.029174199604880914,nan,-0.01041714422204354,0.5304872775224425,-0.0114819991390248,nan,-0.0006658313924603476,0.01047584390047529,-0.00018186982551075869,nan
19.203,5.753126116999965,ABORT,0.0037026405334472656,-0.013136510737240314,-0.07453305274248123,0.005125544033944607,-0.010020788758993149,-0.07810293883085251,-0.017897124694635398,0.026418996341173562,-0.05431327039690317,-0.000394792907172814,0.002700973767787218,0.00034658709773793784,1.074619727576851,0.07890979953727013,-0.05431327039690317,0.016075003922445083,False,False,0.05264776414395822,0.004186730952344276,0.03657276022151314,nan,0.02482149580822668,0.023177806900764382,0.02448952937167072,nan,0.031549809088872394,0.022109272719549707,0.027322181185434044,nan,0.030701131776829094,0.019304340065355793,0.029011489822764573,nan,-0.01116925720789741,0.3335170651628889,-0.011417961955366875,nan,-0.000378347334152096,0.00017521907698786476,-0.0001808555046353561,nan
19.236,5.940657481000017,ABORT,0.00367867317982018,-0.013009252957999706,-0.07520992308855057,0.00660244096070528,-0.010326877236366272,-0.08012549579143524,-0.017943255465881807,0.026614324661784063,-0.0543243124114555,-0.00029817226459272206,0.0013110998552292588,0.0009186218958348035,1.0752949139687102,0.08105758259359754,-0.0543243124114555,0.0165244724630038,False,False,0.05287727744175896,-0.0001613119475016387,0.03635280497875516,nan,0.02497775104810529,0.01888026582692508,0.024342244880553594,nan,0.03159952387717446,0.01642236232951912,0.02715786061025951,nan,0.03057703573120296,0.013484499745496155,0.02883700943768872,nan,-0.011591258262343196,-0.18888555776144667,-0.011349292252055374,nan,-0.00031345214742639627,0.0002693647935785859,-0.0001797678066824194,nan
19.27,6.134290218999979,ABORT,0.0036974772810935974,-0.01297913771122694,-0.07558847963809967,0.0069524431601166725,-0.009965742938220501,-0.07986968010663986,-0.017982119658932514,0.026602726834562843,-0.054336537801324025,0.003795142285525799,-0.005077137611806393,0.0005464373971335596,1.0756731412860367,0.08078872630845425,-0.054336537801324025,0.016861364175328665,False,False,0.052971911229911406,0.00353044196286405,0.03611054705458274,nan,0.025044474426567653,0.016203880674892143,0.02418002626446865,nan,0.03160430846479123,0.014297132415541532,0.026976878511622268,nan,0.030496025808086635,0.011670959641362721,0.028644837360463932,nan,-0.011122560117709845,0.257422444958358,-0.011273659684405756,nan,-0.0002605412978056165,0.00046630101353538345,-0.00017856982001521825,nan
19.303,6.320985716999985,ABORT,0.003767900401726365,-0.01290337648242712,-0.0767156109213829,0.006826667580753565,-0.008742374368011951,-0.08081241697072983,-0.017952981863565868,0.026534709620476556,-0.05437075899633405,0.0006286317948251963,-0.0022073900327086444,0.004609455354511738,1.0767995175518474,0.08157008787846,-0.05437075899633405,0.017263662754135163,False,False,0.053123826158745224,0.00033323594440431287,0.03586016340461006,nan,0.02515125475272484,0.00352949315682571,0.024012366571488045,nan,0.03158072218964936,0.001523189993057813,0.02678982597828901,nan,0.030300332148288867,-0.0006123342737323192,0.02844621951841502,nan,-0.011452044218168034,-0.16541536235093024,-0.011195490277111407,nan,-0.00029715135331276343,0.005232290808420172,-0.00017733165092177327,nan
19.338,6.4198519340000075,ABORT,0.0038710886146873236,-0.012838603928685188,-0.07810153067111969,0.006552757229655981,-0.008929435163736343,-0.08205890655517578,-0.01783990402247109,0.026630301009492915,-0.05440090524324708,0.007790448609739542,-0.004798716865479946,-0.00244247680529952,1.0781849217612496,0.08280300468391984,-0.05440090524324708,0.01765044067585244,False,False,0.05322859243380851,0.006163245521956575,0.03557815175795607,nan,0.02525441585449073,-0.012201090824678408,0.02382352841811772,nan,0.0315537708675242,-0.017392399942918142,0.02657914531706425,nan,0.030105160013449428,-0.024666496925314044,0.02822251264020158,nan,-0.011275227221735129,-0.12187392661738178,-0.01110744665576692,nan,-0.0002709788853927364,0.0013562736664221586,-0.00017593707861277225,nan
19.37,6.495768995999981,ABORT,0.003948884550482035,-0.012826265767216682,-0.07886787503957748,0.0063613769598305225,-0.00899256020784378,-0.08297771960496902,-0.01780510389947375,0.026588999185854275,-0.054392878857098266,0.0021859013941138983,-0.0042710662819445125,0.005500976461917163,1.0789513420794923,0.08370564620596163,-0.054392878857098266,0.017952373313231747,False,False,0.05325786947640854,-0.0015266131648153675,0.03530549616317679,nan,0.02530397511261029,-0.0055228643508791805,0.023640955181745756,nan,0.03154335825696997,-0.009281585769650812,0.02637545422247195,nan,0.03001757425437468,-0.013876122363002168,0.02800622748794212,nan,-0.010821045295079657,0.3001803449512118,-0.011022323980058224,nan,-0.0002234244677525865,0.0019441131449201721,-0.00017458877280028255,nan
19.403,6.594532103999995,ABORT,0.0039187269285321236,-0.012697984464466572,-0.07980351150035858,0.005997506435960531,-0.0077368938364088535,-0.08230911195278168,-0.01779503379399699,0.02658701663107513,-0.05434347415682933,0.0012113571865484118,-0.005345059093087912,-0.002383545506745576,1.0798852803324552,0.08288920026240328,-0.05434347415682933,0.018262774132136714,False,False,0.05327231259225318,0.0019876824976779103,0.035009538460116466,nan,0.025380041930068487,0.0007894471484056814,0.023442778592995844,nan,0.03150569112566526,-0.0020258770770710697,0.026154354968894622,nan,0.02982747865521418,-0.005803057296027213,0.027771457844133478,nan,-0.011183965720933386,-0.1863344437571127,-0.010929926420413471,nan,-0.00023594272907700997,0.0029161314554333765,-0.00017312523602008045,nan
19.438,6.686544076000018,ABORT,0.0039198496378958225,-0.012559856288135052,-0.08067793399095535,0.007025478407740593,-0.0073883505538105965,-0.08250512927770615,-0.017761347346516666,0.02663392952741009,-0.054454686993220515,0.007549272384494543,-0.007734114304184914,-0.0012036487460136405,1.0807580266767034,0.08313267364817895,-0.054454686993220515,0.018550012194406905,False,False,0.053229340972328565,-0.0013767208246713248,0.03467932877792166,nan,0.025468427608306143,0.00983193225230586,0.02322166649585194,nan,0.031487607884412405,0.008533168123067819,0.025907667305413207,nan,0.029661170682587112,0.006337151758005415,0.027509517679476785,nan,-0.010735208994197443,0.23240260227730372,-0.01082683544325566,nan,-0.00023640108600808674,0.002956538913350149,-0.0001714923202011182,nan
19.47,6.768004180999981,ABORT,0.003940405324101448,-0.012516253627836704,-0.08098035305738449,0.007221652660518885,-0.007688535377383232,-0.08273600786924362,-0.017666137159958035,0.026595751053436464,-0.05449698622586802,-0.005923787131905556,-0.006499370094388723,0.00038666013278998516,1.0810599923663173,0.08340571228361997,-0.05449698622586802,0.018822844112829515,False,False,0.053185680822170234,-0.002678369531764214,0.03436283670934072,nan,0.02550437971801056,0.010955056216131739,0.023009739866238284,nan,0.031473840596278,0.00954752609280906,0.025671227572968986,nan,0.029575895345335113,0.0071205336568943185,0.027258459067247113,nan,-0.010635397224712406,0.2260352040339781,-0.010728027084894268,nan,-0.00023306881548545988,0.00256297686365824,-0.00016992723918372692,nan
19.503,6.853502858000013,ABORT,0.004005983006209135,-0.012427863664925098,-0.08173982053995132,0.007126131560653448,-0.007234233431518078,-0.08442479372024536,-0.017795644086732294,0.026666206953073646,-0.05444423912782306,0.002176869660615921,-0.004826806951314211,-0.0014167046174406999,1.0818186257579994,0.08503329747262195,-0.05444423912782306,0.019044017295510904,False,False,0.0530660231051705,-0.0033871409796985977,0.0340220058096596,nan,0.025569863984546082,0.011144760385347709,0.022781515683049508,nan,0.03144668601600298,0.009584198899101677,0.025416605183565505,nan,0.029409471864976666,0.007153430161525615,0.02698809357890297,nan,-0.01093946801492418,-0.1991500088749082,-0.01062162017925734,nan,-0.00024012312497401211,0.001096786184905641,-0.00016824180051342133,nan
19.536,7.169269912000004,ABORT,0.004135592374950647,-0.012345025315880775,-0.08281680941581726,0.008187913335859776,-0.006571521516889334,-0.08475370705127716,-0.017839239642803404,0.02664838072859473,-0.054424505520254685,-0.00026911444729194045,-0.0031614112667739383,0.007265635300427675,1.0828950759550953,0.0854015086446147,-0.054424505520254685,0.01922186096883815,False,False,0.05288854073151761,-0.009722680914414365,0.03366667976267946,nan,0.0256270084063015,0.009947164023624494,0.022543585387076903,nan,0.03142137561408198,0.00907987936722354,0.025151153995941318,nan,0.02925223810394595,0.00745439269583361,0.026706229756394334,nan,-0.01045072919977219,0.20935761423147975,-0.010510687909950972,nan,-0.00023417090916932892,0.0033509739036562923,-0.00016648468206932647,nan
19.569,7.2676830319999794,ABORT,0.004238675814121962,-0.012311991304159164,-0.08349638432264328,0.008389437571167946,-0.007287865970283747,-0.08512992411851883,-0.01782371150626042,0.026733908316001535,-0.054358044516694876,0.004715363495051861,0.0014474689960479734,-0.002352878451347351,1.0835746242611868,0.08585219644008019,-0.054358044516694876,0.019481473931837905,False,False,0.052778540549352826,-0.010300979494801604,0.03329706661751492,nan,0.025651364648116015,0.00843365501837752,0.022296088290334994,nan,0.03140898320388885,0.007938136012363192,0.024875029436035576,nan,0.029176913505621904,0.006476777411646584,0.026413032635522027,nan,-0.01033517916655402,0.2202379181277085,-0.01039529522960278,nan,-0.00022938992608612097,0.0033197495587313744,-0.00016465691267254816,nan
19.603,7.359555446000002,ABORT,0.004326940979808569,-0.012254944071173668,-0.08436315506696701,0.00888135563582182,-0.008069341070950031,-0.0852990448474884,-0.01787600603835651,0.02687375966969767,-0.05436933134286729,0.004424784332513809,-0.005118018016219139,-0.000895866833161562,1.0844410348835096,0.08613895631561311,-0.05436933134286728,0.019633783798231982,False,False,0.052535345370884556,-0.0036005229677607753,0.032901561572652574,nan,0.025691864061256453,-0.0073345783143263735,0.022031253687911333,nan,0.031381085731487346,-0.010093458533270191,0.024579561978014024,nan,0.029024030474722906,-0.014686831910015647,0.026099296660594802,nan,-0.010590578348459445,-0.24180452990522228,-0.010271819136246895,nan,-0.0002346728109401397,0.006099917856001048,-0.00016270110556252496,nan
19.636,7.556388662000018,ABORT,0.0043879603035748005,-0.012227315455675125,-0.08463937044143677,0.009233568795025349,-0.008330141194164753,-0.08686672151088715,-0.017933429549871416,0.026885944029129118,-0.05451705960968876,-0.004306733142584562,-0.004456424154341221,-0.0023876512423157688,1.0847171637576658,0.08775236379185013,-0.05451705960968876,0.019729551903349643,False,False,0.05223325544499957,-0.007301619427845185,0.03250370354164993,nan,0.025742870491574976,0.008203711767214317,0.021764843499646046,nan,0.03137283647871136,0.00797209117842819,0.02428233668948521,nan,0.02889605628037284,0.006173956229058499,0.02578369416990424,nan,-0.010087972505822052,0.23857237335406903,-0.010147608444078431,nan,-0.0002285050670387534,0.003151419908116215,-0.00016073366272981564,nan
19.669,7.646719105999978,ABORT,0.004429304040968418,-0.012220775708556175,-0.08484914153814316,0.009599222801625729,-0.007940826937556267,-0.08728031814098358,-0.017907418126074413,0.026874991692308132,-0.05468342063544691,0.005283643491566181,-0.011316381394863129,0.0033310095313936485,1.084927014130099,0.08816493489839812,-0.05468342063544691,0.019972606420601176,False,False,0.05206497322117265,-0.005538646471961245,0.032092366800571474,nan,0.02575269363308763,-0.007380784802569827,0.021489407816332136,nan,0.03135550711842683,-0.00951733584030614,0.02397504194607777,nan,0.028818771886594874,-0.013549199740219682,0.025457399637983533,nan,-0.010357226790660867,-0.2571663964870148,-0.010019189718446786,nan,-0.0002332468470580551,0.007327569204973967,-0.00015869956649446922,nan
19.703,7.752578608000022,ABORT,0.004580360371619463,-0.012228130362927914,-0.085386261343956,0.010193411260843277,-0.007332442328333855,-0.08871519565582275,-0.017872807243727477,0.02673571674263008,-0.05478462653198064,-0.003665390657261014,0.0046388572081923485,-0.0009651492582634097,1.085464805135347,0.08959942122515045,-0.05478462653198065,0.020033624893666883,False,False,0.05168843294751646,-0.011784982071539022,0.03165480805384958,nan,0.025787389121370907,-0.007510137290679257,0.0211964135847025,nan,0.031342794984355216,-0.009528844752584332,0.02364815769438887,nan,0.02869139468159876,-0.0130607462083699,0.025110304394132706,nan,-0.010262241808156602,-0.30370701321416704,-0.009882584521216696,nan,-0.0002357703824937829,0.008407406576958858,-0.0001565358001430454,nan
19.736,7.949070370000015,ABORT,0.00479732733219862,-0.012207545340061188,-0.08637683093547821,0.0107632577419281,-0.0058519719168543816,-0.09009962528944016,-0.0179411832806843,0.026806655400645675,-0.054882106677250686,-0.004644334781914949,-0.0033772941678762436,0.0004972540773451333,1.0864560079939614,0.09092874006513205,-0.054882106677250686,0.02005497128881226,False,False,0.05127209408001221,-0.007431073397527803,0.03121712279119995,nan,0.025819669689656877,-0.0068794184944144824,0.020903334636592358,nan,0.03133460519167475,-0.00883074098990415,0.023321178927244213,nan,0.028571599464686237,-0.012759638093831106,0.024763108791011002,nan,-0.010119085150766871,-0.298857772113785,-0.00974593982590003,nan,-0.00023429145860376366,0.007882389257976265,-0.0001543714081592707,nan
19.769,8.125565531000007,ABORT,0.004952768795192242,-0.012188716791570187,-0.0869729071855545,0.010987705551087856,-0.005814646370708942,-0.08999736607074738,-0.01802031141457856,0.02680833598208721,-0.054919381541645905,-0.0017749577527865767,-0.0045449272729456425,0.0019750706851482396,1.0870525266477145,0.09085188872756535,-0.054919381541645905,0.020283582110328643,False,False,0.05105059409512158,-0.010792436533965881,0.03076701198479294,nan,0.025841345713425667,0.00825182299889136,0.020601935405381834,nan,0.03133951280497449,0.008334958642537407,0.022984917487536415,nan,0.02852417374905869,0.006613568909105767,0.02440605657509671,nan,-0.009578799948517513,0.23582675137485484,-0.009605415894095953,nan,-0.00022846045861513176,0.002823604190261902,-0.000152145570772606,nan
19.803,8.220702749999987,ABORT,0.005115663632750511,-0.012022624723613262,-0.08799033612012863,0.01042183768004179,-0.0066178468987345695,-0.09060925245285034,-0.018099765552950075,0.026820987038997553,-0.05491982936762392,-0.0009172917925752699,-0.009348783642053604,0.0019142933888360869,1.0880687868928318,0.09144641725222806,-0.05491982936762392,0.020287050131851614,False,False,0.05057773436275248,-0.013434912089977257,0.030290684230900866,nan,0.025878748509063243,0.01474209622903944,0.020282981012855014,nan,0.03134647272693414,0.01414362330655623,0.022629070318313606,nan,0.028428024678369468,0.011835574737099744,0.024028207659656867,nan,-0.009373499261029927,0.3113981026889623,-0.009456707069843036,nan,-0.00016677644692020266,0.00429964294392874,-0.0001497900882829004,nan
19.837,8.516876003999982,ABORT,0.005275673698633909,-0.011818630620837212,-0.08916299045085907,0.010610395111143589,-0.00716632604598999,-0.09018850326538086,-0.018147015981149744,0.026761220391057036,-0.054997834647084576,-0.0003788893227465451,-0.005371077451854944,0.0005861618556082255,1.0892398875043936,0.09109282537423914,-0.054997834647084576,0.02026176714681481,False,False,0.05006381261077131,-0.015225795733229677,0.029802045463956497,nan,0.02587616610836818,-0.005030109999579733,0.019955783028269152,nan,0.03131983642418401,-0.005566376090503904,0.02226402603825875,nan,0.028297792581729375,-0.008234671438563618,0.023640592983369024,nan,-0.009722200226395472,-0.3423835716669609,-0.009304154765420404,nan,-0.0002361064730207474,0.008435020483155241,-0.00014737372675467924,nan
19.869,8.623977911999987,ABORT,0.005346845369786024,-0.011750783771276474,-0.08961319923400879,0.010753239504992962,-0.006758932024240494,-0.09050853550434113,-0.018141665878809218,0.026818280985490946,-0.05503338402018221,-0.00022957926557864994,-0.007845939137041569,-0.0038678040727972976,1.0896896776695737,0.09139535174778103,-0.05503338402018221,0.020466034864823537,False,False,0.04979737057784739,-0.01037630919229906,0.029331335713023852,nan,0.025885152710288573,-0.006708165349134746,0.019640590513370696,nan,0.03131937284899955,-0.008115382341625264,0.021912375875054298,nan,0.028249014470279832,-0.01168804992903127,0.023267200571477024,nan,-0.009567926379235203,-0.34774003350295724,-0.009157199873429295,nan,-0.00023264351637841685,0.009235643253381921,-0.00014504602578198562,nan
19.903,8.833388124999999,ABORT,0.005550500471144915,-0.011593833565711975,-0.0909593254327774,0.010886353440582752,-0.00620608264580369,-0.09027110040187836,-0.018126359441034707,0.026754504607861274,-0.055197284337295136,0.0020532587077468634,0.0005144739989191293,-0.0010239823022857308,1.0910350474576747,0.09113670896409325,-0.055197284337295136,0.020408574968045604,False,False,0.04922877120995395,-0.019348785087093867,0.028820196241908343,nan,0.025907814452415856,0.00741884529260825,0.01929832580556392,nan,0.031327908558780315,0.008035256758718268,0.021530522135925524,nan,0.02816263108253736,0.0068451826742438725,0.022861737120688366,nan,-0.009014388920959071,0.2386197399158773,-0.008997622882255132,nan,-0.00022994736378123548,0.0029683048179494527,-0.0001425183962996129,nan
19.936,9.03838731899998,ABORT,0.005791032686829567,-0.011437337845563889,-0.09251410514116287,0.01063328143209219,-0.004918411839753389,-0.09130334854125977,-0.018071714728290583,0.026829720234883756,-0.05525931960935655,0.0033589573577046394,-0.00423440197482705,0.003590501379221678,1.0925893184032918,0.09205193590515227,-0.05525931960935655,0.020321041661294094,False,False,0.048634771325478,-0.01436654517121462,0.028313729664183905,nan,0.025919464524039704,0.007063507427473055,0.018959190119445912,nan,0.03132986347168387,0.007799580048394495,0.021152159345774014,nan,0.02807175176354093,0.006372427464493319,0.022459980461463615,nan,-0.008852455005760262,0.25330031099551975,-0.00883950476152546,nan,-0.00022848813030140747,0.003086501792250826,-0.0001400138746846046,nan
19.969,9.233590514000014,ABORT,0.005964426323771477,-0.011353977955877781,-0.09355444461107254,0.011833179742097855,-0.00486722681671381,-0.09147424250841141,-0.01803443313945861,0.02679457492854022,-0.05522660102598057,0.00782016757875681,-0.012539491057395935,-0.0006893106037750825,1.0936296496188394,0.09236477186775158,-0.05522660102598057,0.02052491280681536,False,False,0.04832247361716213,-0.020434521494391254,0.02779756081034677,nan,0.0259232082382983,0.006809345612098977,0.018613557680706702,nan,0.031330507382919315,0.007599020561938547,0.020766548337433435,nan,0.028027477128945932,0.006575442269354843,0.022050527432509147,nan,-0.008710401531675238,0.24095481593029072,-0.008678357604462075,nan,-0.0002260810891430154,0.0034840093204086993,-0.00013746137446388415,nan
20.003,9.319674931000009,ABORT,0.006096212659031153,-0.011083085089921951,-0.09519067406654358,0.012010488659143448,-0.004251675680279732,-0.09093806892633438,-0.01787339625633126,0.02664597814165572,-0.05531266931667418,0.00048466736916452646,-0.002285301918163896,-0.002267152070999145,1.0952637176252233,0.09182625421943573,-0.055312669316674175,0.02042542471152639,False,False,0.04768157258450678,-0.021323786350257397,0.02725614787298039,nan,0.025931455295104655,0.006476295181484869,0.01825102152123911,nan,0.031336112647986525,0.00740199905269495,0.020362078390914036,nan,0.02794419619169819,0.00637764681905543,0.021621049432293066,nan,-0.008555012221552083,0.24649129419908525,-0.008509329281646112,nan,-0.00022584176899176356,0.003519774952690038,-0.00013478404003764883,nan
20.036,9.410733176000008,ABORT,0.0061246659606695175,-0.01076111476868391,-0.09683091193437576,0.010602389462292194,-0.004250495694577694,-0.09073412418365479,-0.017864436628431093,0.026667129247939455,-0.05528735711374667,0.0016712481155991554,-0.005420225672423839,0.006481775082647801,1.0969007988414399,0.09145030709262071,-0.05528735711374667,0.020287191225117088,False,False,0.04700907553472433,-0.02192727654159051,0.026721884309607244,nan,0.02593828180969293,0.006285122982881023,0.017893272662575063,nan,0.03134436371520799,0.007310964714556901,0.019962949482107466,nan,0.02786445740197152,0.006313776050011892,0.021197242701885097,nan,-0.008392291042897071,0.2515645791962781,-0.008342532982876598,nan,-0.00022561782212093817,0.003529924760456042,-0.00013214205989240134,nan
20.071,9.58572237200002,ABORT,0.006144856568425894,-0.010646711103618145,-0.09752412140369415,0.010715700685977936,-0.004075631964951754,-0.09110727906227112,-0.01783236865206445,0.026560142329060562,-0.05528044854152056,0.0023445577826350927,-0.004550804384052753,0.00415308028459549,1.0975929613397313,0.0918257769650535,-0.05528044854152056,0.0205204439030961,False,False,0.046666856090789466,-0.016245604352441174,0.026146412187693365,nan,0.025940893581896773,0.006111255593763989,0.01750793009212566,nan,0.03134890265242163,0.007098096054453627,0.019533035155519442,nan,0.027825415595754244,0.005673869400594431,0.020740747115906094,nan,-0.008223305993273478,0.2725170783607803,-0.0081628714327341,nan,-0.00022257941724657115,0.003151514320012684,-0.00012929629981353553,nan
20.103,9.880407876999982,ABORT,0.0062224725261330605,-0.010348169133067131,-0.09913402795791626,0.010304942727088928,-0.00238541211001575,-0.09225553274154663,-0.017808114687820106,0.026491410492425434,-0.0551867141237072,0.006154793314635754,-0.0006998426397331062,-0.002581144915893674,1.099200352612634,0.09285992330908838,-0.05518671412370721,0.020334057799205295,False,False,0.04594692884499274,-0.023318838550849003,0.025612871045787446,nan,0.02594418024235967,0.006092709244604288,0.017150664974957555,nan,0.03135949428188667,0.007167174118893704,0.01913444594155954,nan,0.027751149722342383,0.0060202114093349,0.020317513449246045,nan,-0.008060957455020556,0.26307743086972174,-0.007996300672884224,nan,-0.00022286939914195614,0.003572441983058554,-0.00012665789210575859,nan
20.136,10.083483263000005,ABORT,0.006325970403850079,-0.010041525587439537,-0.10068508237600327,0.010382824577391148,-0.00169035152066499,-0.09371525794267654,-0.01772962565155484,0.026626049194496987,-0.055188583661712504,-0.0008895476930774748,-0.0029030325822532173,0.0026894046459347014,1.1007490634575814,0.09430381702630436,-0.055188583661712504,0.020149653063409573,False,False,0.045205482508109185,-0.017600311998859315,0.025055829444699612,nan,0.025947304119251946,0.006065175971274311,0.0167776636874294,nan,0.031373488933642335,0.007157075782415829,0.018718300387858797,nan,0.027680393634699207,0.005582499782744169,0.01987563794838325,nan,-0.007892526391519716,0.2881966762791088,-0.007822393104238743,nan,-0.00022202084086764273,0.003322918209763305,-0.00012390327256768044,nan
20.169,10.162234342999966,ABORT,0.006431523710489273,-0.009864439256489277,-0.10161864757537842,0.01130889356136322,-0.00052342948038131,-0.09395410120487213,-0.01769247461577381,0.026639696397211907,-0.05524336221429719,0.0027845718432217836,-0.0008545917226001624,-0.0027906615287065506,1.101681585733777,0.0946337053338742,-0.05524336221429719,0.02033376225400409,False,False,0.04482619800312371,-0.024000062030469154,0.024492435749119617,nan,0.02594858530360522,0.005513381641169193,0.016400408966370517,nan,0.03138125876067743,0.006696750795095827,0.018297409415010835,nan,0.027646926935831928,0.00563869188120515,0.01942872362289807,nan,-0.007740755223221818,0.27444802793740714,-0.007646502421034525,nan,-0.00021981984917296415,0.003937894177794499,-0.00012111724136562307,nan
20.203,10.346525946999975,ABORT,0.006464748177677393,-0.009449799545109272,-0.10262272506952286,0.012219727039337158,0.0008452878682874143,-0.09383364021778107,-0.01764942642975452,0.02663405549600536,-0.05536273896054269,0.006871581543236971,-0.0077623045071959496,0.002727810526266695,1.1026821688592703,0.0946297430886091,-0.05536273896054269,0.020147533201415907,False,False,0.04405348950653298,-0.018463767421895576,0.023905956305117076,nan,0.02594800528145136,0.0054242638738202275,0.016007695769915276,nan,0.03139601454403884,0.006651199433522352,0.017859271917771993,nan,0.027579523691971808,0.005114003539483483,0.018963496434195697,nan,-0.00757113871926407,0.29951305894164665,-0.007463404401123883,nan,-0.00022114373723525205,0.003507687317731406,-0.00011821704911431602,nan
20.236,10.532654186000002,ABORT,0.006425892002880573,-0.008958777412772179,-0.10331715643405914,0.010497367940843105,0.002058627549558878,-0.09358379989862442,-0.017558578223623743,0.026532906508710694,-0.05524571338135366,0.0007213542703539133,-0.01006411761045456,0.001347297336906196,1.1033722397552435,0.0941932072101753,-0.05524571338135366,0.019919534607254433,False,False,0.04325104642262545,-0.025083121427895545,0.023331511815371016,nan,0.025948063884137618,0.005212537030213186,0.015623041313461226,nan,0.031414688399211244,0.006558326902411223,0.017430125297862684,nan,0.02751748500677742,0.005578824768924365,0.018507816021586104,nan,-0.0074129249953100995,0.28731189566233434,-0.007284063676232891,nan,-0.00021993964339994676,0.0037602593659926374,-0.00011537637076658467,nan
20.27,10.622577959000012,ABORT,0.006413259543478489,-0.008765914477407932,-0.10357893258333206,0.010130396112799644,0.002200804650783539,-0.0932220071554184,-0.017600906328441246,0.02656014647560732,-0.0552054639025872,0.0018953237449750304,-0.006257023196667433,0.0010388846276327976,1.1036323806396602,0.09379664751257379,-0.0552054639025872,0.02010985216954976,False,False,0.04284479604801561,-0.025180246351989066,0.02273494387846585,nan,0.025948154499245923,0.004821120010936681,0.015223572749301766,nan,0.03142475493146346,0.006190794340165225,0.016984451053894744,nan,0.027487760347178813,0.005256876289631946,0.018034586095124844,nan,-0.00724916854710056,0.29519939260909644,-0.007097816043674708,nan,-0.00021679804623442323,0.003841226709694591,-0.00011242629003369015,nan
20.303,10.925356556999986,ABORT,0.006410269532352686,-0.008334817364811897,-0.10497843474149704,0.010336481034755707,0.0015069961082190275,-0.09385477006435394,-0.017618055335913294,0.026535041659678234,-0.055138415880828545,-0.004876876249909401,-0.005179774481803178,0.0038936086930334572,1.1050284620677202,0.09443427206943886,-0.05513841588082855,0.019864042102583065,False,False,0.04201602540901206,-0.026080281007389336,0.022151983306428993,nan,0.0259477074733665,0.004952573182314944,0.014833215828879205,nan,0.0314466944617271,0.00632997232958815,0.016548942378129382,nan,0.0274310176280812,0.005209100515150226,0.017572150265827723,nan,-0.00708448537633366,0.3033902473301995,-0.006915816610416719,nan,-0.00021666543558129803,0.0038103964167058163,-0.0001095434989126573,nan
20.336,11.111437383000009,ABORT,0.00645418418571353,-0.007925241254270077,-0.10641279071569443,0.009788049384951591,0.0025906232185661793,-0.09371259063482285,-0.017719710989406938,0.02654286904981182,-0.055065307641867,-0.0007890705019235611,-0.005264282692223787,-0.0018651972059160464,1.1064599990066213,0.09425798047334089,-0.055065307641867,0.019601520606906384,False,False,0.04116729894600368,-0.025168956412686384,0.0215657783390973,nan,0.025938507135625954,-0.0024034965555478948,0.014440686425073249,nan,0.03146230514823767,-0.0016066694258871613,0.01611100993244494,nan,0.027368183968389914,-0.002676283583155935,0.017107140806853563,nan,-0.007064447842595634,-0.57195416523565,-0.006732804281719056,nan,-0.00021341322577761446,0.012623637727860262,-0.00010664466397254351,nan
20.369,11.303568968999969,ABORT,0.006508131045848131,-0.007699254434555769,-0.10715928673744202,0.010631113313138485,0.0014578206464648247,-0.0942886620759964,-0.0177621764772028,0.026525346034253862,-0.05501402136110645,0.003907961305230856,-0.0009608638938516377,0.0005886633880436422,1.1072051844610913,0.09489730031668704,-0.05501402136110644,0.019748600339078867,False,False,0.040725563912706875,-0.02478619530062785,0.020976963573628007,nan,0.025941105125966146,-0.004159197112292886,0.014046409471239406,nan,0.0314768444457556,-0.004149075172884739,0.01567112780133503,nan,0.02734313159762891,-0.0062291900381241435,0.016640061114961517,nan,-0.006936926166583035,-0.5475224798659638,-0.006548977177880938,nan,-0.00021359729214331935,0.01482051426088629,-0.00010373292335190922,nan
20.404,11.402812188999974,ABORT,0.006471945438534021,-0.0073518878780305386,-0.10843223333358765,0.011053330264985561,0.0017732024425640702,-0.09552173316478729,-0.017735220603542195,0.026580832592607507,-0.05500641380624011,0.00037664914270862937,0.0008697902085259555,-0.0021087685599923134,1.1084755081759883,0.09617547433547695,-0.05500641380624011,0.019495199729441266,False,False,0.03984552324369872,-0.02831341990875346,0.020350323514257456,nan,0.02596311471697188,0.008046907818554015,0.01362680427747026,nan,0.031523744838067635,0.007918184192749627,0.015202987766607706,nan,0.027303284101583003,0.0048746711111362015,0.016142976355844225,nan,-0.006698194446641104,-0.5290256949829635,-0.00635334107291468,nan,-0.00013462615430182012,-0.0006249961241918331,-0.00010063413333781765,nan
20.437,11.585770066999999,ABORT,0.006400753743946552,-0.007018041331321001,-0.10965524613857269,0.012429148890078068,0.0013989866711199284,-0.09500410407781601,-0.01773613005552418,0.026624527433221086,-0.05507328783554744,0.00015959481243044138,-0.005630088038742542,0.0030547918286174544,1.1096958988098835,0.09582390462440046,-0.05507328783554744,0.01917746571452885,False,False,0.038935614892030124,-0.023638091836458576,0.019758149177501273,nan,0.025665734735150103,-0.018966277668078478,0.013230277717120306,nan,0.031218986709755647,-0.020174715193428724,0.014760595821777151,nan,0.02682237013164901,-0.026467215278498102,0.01567323167045407,nan,-0.014715533754693588,-0.5417895697521301,-0.006168465115861554,nan,-0.00042569528135949497,0.0209107639664421,-9.770577934272736e-05,nan
20.469,11.657480184999997,ABORT,0.0064040375873446465,-0.006894716992974281,-0.11017158627510071,0.012461046688258648,0.0016317596891894937,-0.09523913264274597,-0.017792726219798684,0.026570214935753355,-0.055057104324054786,0.0018327656434848905,0.00027289305580779937,0.002184029435738921,1.110211466249744,0.09606473187800393,-0.055057104324054786,0.019164180446933646,False,False,0.03834747734677446,-0.03454338091404552,0.019183296899840815,nan,0.02569273403281791,0.011048643605594377,0.012845350201316986,nan,0.03126547855357664,0.012822919418673955,0.014331144558323987,nan,0.0267951224063383,0.011342665951606268,0.015217227778433654,nan,-0.007304857473730664,0.42786108560561564,-0.005988997080183399,nan,-0.00022270726045725553,0.0075718006830374635,-9.486308444801961e-05,nan
20.503,11.952179538999985,ABORT,0.006461891811341047,-0.006560521200299263,-0.11159513145685196,0.012121799401938915,0.0037527268286794424,-0.09562888741493225,-0.017780577394002177,0.026622018704409958,-0.055044939628404344,0.0023714962881058455,-0.004159967880696058,-0.0032794061116874214,1.1116332726051235,0.09646711920446947,-0.055044939628404344,0.01864102457513487,False,False,0.0372135342106672,-0.025459320194982565,0.01857250963553233,nan,0.0257033248725822,0.011627334304307032,0.012436360216461361,nan,0.031306004665585974,0.012117745560274222,0.013874847571164247,nan,0.026705366989427937,0.008430271057810686,0.01473271831305465,nan,-0.007566328020944368,-0.5233949665665627,-0.005798310194521578,nan,-0.00019745226971235041,-0.005539823714646147,-9.184268789489368e-05,nan
20.536,12.044468590000008,ABORT,0.006569219287484884,-0.006208266597241163,-0.11317674070596695,0.012654677033424377,0.0037455540150403976,-0.09711925685405731,-0.01773178228687927,0.026616275214472282,-0.05516777574987885,0.004370236769318581,-0.0062310053035616875,-0.0005236743600107722,1.1132134356290122,0.09801183641573206,-0.05516777574987884,0.018159263475577874,False,False,0.03613959877435402,-0.023457742078304138,0.017980335298776146,nan,0.025697738283566807,0.011081198146176759,0.012039833656111406,nan,0.03133036214877727,0.011004962132082477,0.013432455626333694,nan,0.026628479756621637,0.0077406228389415195,0.014262973627664492,nan,-0.007464742501502641,-0.535843152739085,-0.0056134342374684525,nan,-0.00017528068547445486,-0.0042707607474719925,-8.891433389980339e-05,nan
20.569,12.133765134999976,ABORT,0.0066826483234763145,-0.00600850023329258,-0.11435061693191528,0.013897234573960304,0.003839181736111641,-0.09870676696300507,-0.01768837890321812,0.02659795294685805,-0.055207161940900515,-0.000758061942178756,-0.007679017726331949,1.468906702939515e-05,1.1143868526325178,0.09975418933305788,-0.055207161940900515,0.018357069361259897,False,False,0.03563357647284793,-0.02976886070785359,0.01738945077572911,nan,0.02569993632503742,0.010166781378576068,0.011644170769449817,nan,0.03134809661575133,0.010450501302279506,0.012991027254491434,nan,0.026604939601012845,0.0075782070941973305,0.013794252092210777,nan,-0.00742795412225572,-0.5523258107983651,-0.005428960958358456,nan,-0.00017971955961471053,-0.005136580586726357,-8.599235814654776e-05,nan
20.603,12.22721723799998,ABORT,0.006797526031732559,-0.005738853942602873,-0.11608538031578064,0.01598004624247551,0.004582571797072887,-0.09938056766986847,-0.017682969795991096,0.026442124021048452,-0.05511617492453604,0.002239865018054843,-0.011929341591894627,-0.0012305866694077834,1.1161208343899631,0.10076139673789902,-0.05511617492453604,0.01884311307115409,False,False,0.03463613566144641,-0.03015665795304013,0.01678268821560205,nan,0.025700795351809802,0.010359195463774453,0.011237875771537106,nan,0.031380850048840614,0.01029685014440631,0.012537736977686523,nan,0.026559052551751172,0.0076603100642051135,0.013312935239686033,nan,-0.007459774384045659,-0.5672997978791038,-0.005239530579423137,nan,-0.0001719182579726919,-0.004179532687004071,-8.299186410833541e-05,nan
20.636,12.349521778999986,ABORT,0.0069137755781412125,-0.00552903488278389,-0.11782277375459671,0.015943802893161774,0.0036575912963598967,-0.09928999096155167,-0.017603612342910666,0.02639518634570451,-0.05509460371851771,0.0028023230843245983,-0.0017698883311823004,0.006119277328252792,1.1178578281892113,0.10062845089701129,-0.05509460371851771,0.019314480353707152,False,False,0.03363449764507909,-0.030287909277928307,0.01619639481550505,nan,0.025701567178855633,0.010669190350324195,0.01084528715216223,nan,0.03141421882080131,0.010589732733730931,0.012099738467094157,nan,0.02651302940394107,0.007961271065974138,0.01284785563106347,nan,-0.007528647536475752,-0.5834034127635278,-0.005056490642146199,nan,-0.00016831093267111186,-0.0035137885851409326,-8.009259186044667e-05,nan
20.669,12.439850336000006,ABORT,0.006971247494220734,-0.005464164540171623,-0.11850229650735855,0.01589318923652172,0.0032403115183115005,-0.09941835701465607,-0.01767736810016313,0.02636598137199898,-0.05515427574176353,-0.00023917548242025077,-0.00613043550401926,-5.125752068124636e-05,1.1185373675823185,0.10073282878157054,-0.05515427574176353,0.01976814052880084,False,False,0.033142723416751174,-0.02235122484617203,0.0156133266535868,nan,0.025702922149927865,0.010420259480173458,0.01045485818835152,nan,0.031432289943635894,0.010253729911009193,0.011664149414835054,nan,0.02649239163258521,0.007181682849109857,0.012385334455658203,nan,-0.007561940910359333,-0.5632814468389689,-0.004874457619485467,nan,-0.00016487373061213617,-0.003938663074264326,-7.720926869802086e-05,nan
20.703,12.542264452999973,ABORT,0.007166219409555197,-0.005310580134391785,-0.12011363357305527,0.015845881775021553,0.003960462287068367,-0.0998624712228775,-0.01774409796172124,0.02627769991725629,-0.055220226871352016,-0.00026915327180176973,-0.0023937374353408813,-0.00015233841259032458,1.120149145907911,0.10118937883738238,-0.055220226871352016,0.020177751762455797,False,False,0.032116451944184554,-0.0287357364456864,0.015016628017321374,nan,0.02564162941582815,-0.006165418347738998,0.010055302106438338,nan,0.031396129292576624,-0.006370646538126875,0.011218377530120827,nan,0.026355606649238084,-0.008297592729833367,0.01191200085140131,nan,-0.01467868243936632,-0.6482354050761235,-0.004688169182779224,nan,-0.00021307382282564902,0.009499336527662779,-7.4258541645335e-05,nan
20.736,12.627561223999976,ABORT,0.007410680875182152,-0.0051212613470852375,-0.12179504334926605,0.016108550131320953,0.0044167013838887215,-0.1003202497959137,-0.017757175203140203,0.02625868164094577,-0.05527900524302007,0.002932596253231168,-0.008004440926015377,0.002713722176849843,1.1218312104732158,0.1017012544542212,-0.05527900524302007,0.020647291686997218,False,False,0.031135989303394673,-0.02146704694043864,0.014442037621951558,nan,0.025646604677678653,0.0038853343821884222,0.00967054994994642,nan,0.031436413596415136,0.0044555769499760745,0.010789121909417918,nan,0.026322445076750967,0.00197328255582813,0.011456204698566116,nan,-0.008244802692121134,-0.5582420673163973,-0.00450878290636707,nan,-0.0001950732501745378,-0.0004348428275273708,-7.141714178150656e-05,nan
20.77,12.717931572999987,ABORT,0.007582491729408503,-0.005010163877159357,-0.12258495390415192,0.015728533267974854,0.0045197647996246815,-0.10045108944177628,-0.017706401448740205,0.026275245535093056,-0.055295434455049156,-0.0001355913409497589,-0.00405487883836031,-0.0035085750278085466,1.1226217415741107,0.10177542140735873,-0.055295434455049156,0.021095006118179317,False,False,0.030641574977233965,-0.027227340148386688,0.013855388481667032,nan,0.02563954530336332,-0.006325006243181528,0.009277723122962434,nan,0.03144586375642788,-0.0065577335489785706,0.010350857638248567,nan,0.026293533736838626,-0.008305399313527265,0.010990842897602385,nan,-0.013920331292413657,-0.6516309840932801,-0.004325631907526758,nan,-0.00021624281266685585,0.008049232354900175,-6.851611036721247e-05,nan
20.803,12.937460438000016,ABORT,0.007640790194272995,-0.0048629650846123695,-0.1232733279466629,0.015544152818620205,0.003290299093350768,-0.10010271519422531,-0.017613023872364443,0.026303867483474366,-0.05541597453673067,0.0008022902184166014,-0.0025320111308246847,0.004150455817580223,1.1233098412195002,0.10135581060910376,-0.05541597453673067,0.021575245823201358,False,False,0.029653245306557885,-0.02448468477063144,0.013291811562840015,nan,0.025665801647850373,0.01217751481389262,0.008900345713567681,nan,0.031505075609167044,0.011335057764358822,0.009929829785965686,nan,0.026278247379612374,0.008028102895976365,0.010543783229536165,nan,-0.008163195044059712,-0.5386683145563143,-0.004149684022294278,nan,-0.00012537036716420147,0.0016167071450151616,-6.572917311014037e-05,nan
20.836,13.027732858999968,ABORT,0.007651633583009243,-0.004721658769994974,-0.12362364679574966,0.016893083229660988,0.0037742983549833298,-0.09931137412786484,-0.017564407869414447,0.026341452694115787,-0.05547470282967953,0.0021990768145769835,-0.004986894782632589,-6.97764626238489e-05,1.1236596198122493,0.10080858406029432,-0.05547470282967953,0.022001929929596483,False,False,0.028650262771376056,-0.022087375336103693,0.012734568806747653,nan,0.025643163156265025,0.007870388925601688,0.00852720973039824,nan,0.031515463886261585,0.008327270061486938,0.009513533956665102,nan,0.026207193516388116,0.004971139729235822,0.01010174816165323,nan,0.00831136675876909,-0.5656718441122155,-0.003975713653352211,nan,-0.00017514977228216821,-0.005403781069470981,-6.297355884293503e-05,nan
20.871,13.232378115000017,ABORT,0.007683467119932175,-0.004665839485824108,-0.12376407533884048,0.016600392758846283,0.003795015159994364,-0.10010772943496704,-0.017568994896363526,0.02639247328601331,-0.05551697580959484,0.0013722276780754328,-0.002637590048834681,0.004360314924269915,1.123800027917445,0.1015457171545758,-0.05551697580959484,0.022455097121225533,False,False,0.028153782638439928,-0.02179285167056815,0.012151128941396246,nan,0.02564440520789102,0.006488370146193625,0.008136531869810563,nan,0.03153276433949337,0.006416033970252248,0.009077667218267835,nan,0.026186485501003,0.0036298339189538287,0.009638932130997695,nan,-0.008174552919921751,-0.5926407883688982,-0.0037935645854262935,nan,-0.0001654446044154767,-3.324202630341881e-05,-6.0088397574455126e-05,nan
20.906,13.63018811400002,ABORT,0.007813970558345318,-0.004535209853202105,-0.12411271780729294,0.01657932996749878,0.004477846436202526,-0.10106276720762253,-0.01758828273062539,0.026509466907533478,-0.055566716695024325,0.0009275943739339709,-0.005899965763092041,0.0007716774125583477,1.1241490241958128,0.10251150280109797,-0.055566716695024325,0.022907333503229346,False,False,0.027154241815771307,-0.029953575925520365,0.011576158997171581,nan,0.02563697939427101,0.007583502816550524,0.007751525563159549,nan,0.03155546155362643,0.008025577752263575,0.008648128050397084,nan,0.02613036226983123,0.005303463275442018,0.009182834899499774,nan,0.0087959488595164,-0.5995204455231503,-0.00361405981441984,nan,-0.0001859434862652165,-0.005101041146896974,-5.7245120808274746e-05,nan
20.936,13.719611649,ABORT,0.008023151196539402,-0.004374959971755743,-0.12463423609733582,0.017207665368914604,0.004542706534266472,-0.10095600038766861,-0.017573960997275206,0.026484893767377556,-0.05558746361941661,0.008202215656638145,-0.004842759110033512,-0.00034925196086987793,1.1246713636578975,0.10251270138075552,-0.05558746361941661,0.02328738574125913,False,False,0.02612339205819314,-0.027818660106064114,0.011090576555421908,nan,0.025626664144745348,-0.01755188775675433,0.007426374128114151,nan,0.03157275278117755,-0.018117506242001837,0.008285367039918418,nan,0.02605996875128458,-0.021400970306368415,0.008797644665522106,nan,-0.012193023014268611,-0.6218165388812698,-0.0034624616902282027,nan,-0.00023512098247202573,0.019837617041718974,-5.4843873076006324e-05,nan
20.969,14.008276824999996,ABORT,0.008188959211111069,-0.004280741326510906,-0.12507131695747375,0.01776278205215931,0.0049528153613209724,-0.10110381245613098,-0.01745934061802128,0.02647351468948446,-0.05562081577603904,-0.0012149920221418142,-0.0035435114987194534,0.002316700061783195,1.1251092622673098,0.10277172616727012,-0.05562081577603904,0.02363642458372294,False,False,0.025639911166860152,-0.028214959373781594,0.010564681487443175,nan,0.025572927285378633,-0.00718446653104755,0.007074228907581789,nan,0.031528914513879513,-0.002587384478826364,0.007892489930156572,nan,0.02596647722305878,-0.0022284230892650695,0.008380476277899764,nan,-0.0083522275172907,0.4391196906129738,-0.0032982780234136824,nan,-0.00038449331502299344,-0.0011856052629258956,-5.224327587392277e-05,nan
21.004,14.095516185999998,ABORT,0.008345462381839752,-0.00411572540178895,-0.12564846873283386,0.01785820908844471,0.004499821458011866,-0.09932497143745422,-0.017488622905112435,0.026524611402960415,-0.05564832615594352,0.001057061948813498,-0.005867714993655682,0.00224280171096325,1.1256869285456428,0.1010178893862453,-0.05564832615594352,0.024069579024910002,False,False,0.024607033564001846,-0.024065239090954052,0.0100169291488497,nan,0.02556424682938374,0.0066111836273562655,0.006707447814135757,nan,0.031552863072077386,0.008549842457787074,0.007483284047167384,nan,0.025877527311871873,0.007610465359339288,0.007945969522045106,nan,0.00869133265748534,0.6717693338230923,-0.003127270548857671,nan,-0.00018862856661439054,0.008200581184111534,-4.953459255301645e-05,nan
21.036,14.165591930000005,ABORT,0.00833058450371027,-0.003930086735635996,-0.12631963193416595,0.01783265545964241,0.006046786438673735,-0.09891095012426376,-0.017503902455483392,0.026476101534826765,-0.05566327287158563,-0.000749002443626523,-0.0071036904118955135,0.0006251391023397454,1.1263572956660945,0.10068735412881717,-0.05566327287158563,0.0244738252279559,False,False,0.023617193722849983,-0.02190677442558405,0.009525662637955228,nan,0.025566763569666584,0.005273557890669542,0.006378490262805202,nan,0.03159010190297806,0.007158185148812907,0.007116276675022164,nan,0.025840849652388975,0.006175341390548712,0.007556270377251095,nan,-0.011309461201687299,0.5636147538702156,-0.002973897866638313,nan,-0.00013378064659796962,0.00716261376844219,-4.7105236600659126e-05,nan
21.069,14.353182402000016,ABORT,0.008344868198037148,-0.0038492123130708933,-0.12663257122039795,0.017587849870324135,0.006446231156587601,-0.09831104427576065,-0.01753808900251208,0.02648656518241494,-0.05563936982416703,0.004521355498582125,-0.01093851774930954,0.005245451815426351,1.1266700509889125,0.10007970716272002,-0.05563936982416703,0.02486815761700088,False,False,0.02316100436691837,-0.019761224227654764,0.009029080863040564,nan,0.025573126209071262,0.00479348817883082,0.006045973551226633,nan,0.031613456079128355,0.006105723934567679,0.0067452984621274754,nan,0.02583790794942953,0.005499415499262906,0.0071623548777960434,nan,0.008311327565538207,0.554888345529561,-0.002818865766808752,nan,-0.00012989665355966906,0.0071294093576215155,-4.464959620187719e-05,nan
21.103,14.44939872599997,ABORT,0.008455950766801834,-0.003632165025919676,-0.12737926840782166,0.018762467429041862,0.006766728591173887,-0.09703963249921799,-0.01741769540555235,0.026431634742629447,-0.0555031543868489,0.0013514361344277859,-0.002500457689166069,0.0010077311890199783,1.1274168308846118,0.09906820415973912,-0.05550315438684889,0.025260336996573447,False,False,0.02240390062609432,-0.015323488713588107,0.008528613349077094,nan,0.02554818163572925,0.0016411479645313956,0.00571085490531251,nan,0.03163175435125609,0.003344946521750097,0.006371417354682645,nan,0.025841079214209195,0.0030279632607466385,0.00676535700013969,nan,0.008467245142305124,0.49823379762065884,-0.0026626205449627235,nan,-0.0001835611906582102,0.004091616961475843,-4.2174740482941775e-05,nan
21.136,14.546823168000003,ABORT,0.008651052601635456,-0.0033871394116431475,-0.12808482348918915,0.018146933987736702,0.006443238817155361,-0.09717710316181183,-0.017386353896717693,0.02642156945261097,-0.055475148128053924,-0.0003864170575980097,-0.006505885161459445,0.0037802064325660476,1.1281230794603687,0.09906672457758754,-0.055475148128053924,0.02564204147404869,False,False,0.021674604104066297,-0.023046849040421855,0.00805417289633583,nan,0.02553358986644394,0.0012130389579105623,0.0053931642707488806,nan,0.0316590215936694,0.0029839778158317156,0.006016980119620711,nan,0.025852549889375354,0.003333662036735472,0.006389005193963612,nan,0.008523187140706767,0.48109129086266095,-0.0025145009333535275,nan,-0.00018225277877359503,0.004453739899558686,-3.98285908628353e-05,nan
21.169,14.634716292999997,ABORT,0.008791424334049225,-0.0032593891955912113,-0.1285170167684555,0.017456986010074615,0.006112200673669577,-0.09668561816215515,-0.017370883181024404,0.026441301356746296,-0.05535147932914824,0.004156965296715498,-0.0056221908889710894,0.004468336235731841,1.1285559666652443,0.0984388851878627,-0.05535147932914824,0.02600037906885723,False,False,0.02131472410024049,-0.022810385009483694,0.007591316993376937,nan,0.025527255053467535,0.0012096102923384942,0.005083230780312045,nan,0.03167157634991735,0.0028970536393269947,0.0056711972810601224,nan,0.025854573024972183,0.0031974163749730784,0.006021842878711301,nan,0.008580306172668806,0.48498625886682106,-0.002369998001149551,nan,-0.00017899900999296392,0.004394875639903338,-3.753972785670531e-05,nan
21.204,14.723359345999995,ABORT,0.008882858790457249,-0.0031286333687603474,-0.12922748923301697,0.01778510957956314,0.005853609181940556,-0.09610318392515182,-0.017278735620362907,0.026362202023573,-0.0552583577907693,0.0020194801036268473,-0.007065605837851763,-0.0012235845206305376,1.1292667603212938,0.0979101466844143,-0.0552583577907693,0.026379398201202577,False,False,0.02060454550836699,-0.022807880832429024,0.0071135360218336635,nan,0.025510409951906787,0.001151833389774838,0.004763303296989315,nan,0.03169366266689977,0.0028057847554421754,0.005314264465697192,nan,0.02585864156153317,0.0029894723994917435,0.005642841192497725,nan,0.008677629292131783,0.49285191898687175,-0.0022208354844831055,nan,-0.0001808463759811474,0.004387198008674143,-3.51770590783504e-05,nan
21.236,14.907163647999994,ABORT,0.00881832093000412,-0.0031277230009436607,-0.12978145480155945,0.017822550609707832,0.004761840216815472,-0.09562508016824722,-0.01715784070869892,0.026272040335401124,-0.05529987029313194,0.003245614469051361,-0.005738625302910805,-0.0022846299689263097,1.129820198548744,0.0973882661806328,-0.05529987029313194,0.02671944982342354,False,False,0.019904043813649075,-0.022414335649046976,0.00668892773211429,nan,0.0254951250238733,0.0012326302559441627,0.004478980836241032,nan,0.03171650485362054,0.0028403375307342227,0.004997055030197001,nan,0.025861494602274604,0.0029804710565925104,0.005306018950992173,nan,0.00877369877872436,0.49931799565084445,-0.002088273400883592,nan,-0.00017838770862788067,0.004340212999446834,-3.307733387181863e-05,nan
21.269,15.008411581000018,ABORT,0.00881999172270298,-0.0031346078030765057,-0.13002744317054749,0.018349984660744667,0.004590860102325678,-0.09491446614265442,-0.01719733095451746,0.026291675406160564,-0.05518857745114051,-0.0030563292093575,-0.009202922694385052,-0.000284888024907558,1.1300662105994643,0.0967809579239314,-0.05518857745114051,0.02704871733790343,False,False,0.019561965171789986,-0.022071848586252156,0.006263647740152631,nan,0.02548942509084373,0.0012922361730228786,0.004194208596157205,nan,0.03172806112824489,0.0028297753729904385,0.004679343790341458,nan,0.02586116489876744,0.0030157097385076106,0.0049686638789688264,nan,0.008848539459407334,0.5022619908679955,-0.0019555016128318756,nan,-0.0001752647103323568,0.004535036047593921,-3.0974287038828895e-05,nan
21.305,15.126340088999996,ABORT,0.00891262199729681,-0.0031252920161932707,-0.13102710247039795,0.017922259867191315,0.005083139520138502,-0.09499531984329224,-0.017234182942756623,0.026210757885648455,-0.05509590982061807,0.0009436068357899785,-0.0061076744459569446,0.004289408214390279,1.131066535975509,0.0968047338628526,-0.05509590982061807,0.027405028305644927,False,False,0.018892864889054728,-0.02186130679875815,0.005814699375931855,nan,0.025474320099624137,0.0011711436493747035,0.0038935877492384426,nan,0.03174897907462704,0.0027284829628254096,0.00434395076898211,nan,0.025861341735708976,0.002853910523495087,0.004612533775015769,nan,0.008953226217458976,0.507888443551867,-0.001815340593768795,nan,-0.0001756354296924556,0.004385000415859052,-2.8754198030654865e-05,nan
21.336,15.224077164999983,ABORT,0.009021342732012272,-0.003084181807935238,-0.1319206804037094,0.01722710207104683,0.006231982726603746,-0.09503697603940964,-0.017223267127377418,0.026222978661510066,-0.055008502844110484,-0.00026757619343698025,-0.0033235582523047924,-0.0003069025115109976,1.1319608312692226,0.0967865562420023,-0.055008502844110484,0.027705611267178024,False,False,0.01823708496295584,-0.02124842259110886,0.0054409525939591585,nan,0.025460753365282862,0.0009907271702043273,0.003643322723048164,nan,0.03177034938628953,0.0025334729856362932,0.004064738119111507,nan,0.025860750665613885,0.0026691714096935804,0.004316057630042881,nan,0.009055423846959343,0.5133571824775873,-0.0016986573980882335,nan,-0.00017538900948910197,0.00444555527641868,-2.6905987437576584e-05,nan
21.369,15.422627567999996,ABORT,0.009130260907113552,-0.0030319823417812586,-0.13266104459762573,0.01775605045258999,0.006072326563298702,-0.09592506289482117,-0.017260651444915114,0.026216925121939662,-0.054955901826188286,-0.002300267107784748,-0.00399266229942441,-0.0023571485653519626,1.132701901000496,0.0977433791565529,-0.054955901826188286,0.028004892744344874,False,False,0.01792567032548842,-0.02051269291180459,0.005056447073078937,nan,0.025455686417444667,0.0010005722845241227,0.003385853524930961,nan,0.031782380750403405,0.0024706631750564096,0.003777488006058531,nan,0.025862747755970084,0.002590399155470148,0.004011047071959508,nan,0.009119790951158002,0.5164474941583876,-0.0015786153399431017,nan,-0.00017290531959091027,0.004471823303300648,-2.500457393767437e-05,nan
21.403,15.53568908699998,ABORT,0.00922786071896553,-0.0030062056612223387,-0.13359889388084412,0.01758621446788311,0.0063888621516525745,-0.09541575610637665,-0.017352699869067425,0.02623697648818614,-0.05505151045941641,-0.0022899312898516655,-0.00300103984773159,0.003718743566423655,1.1336404380992235,0.09723301400375672,-0.05505151045941641,0.02831109113681499,False,False,0.017314922860841797,-0.02030308201756293,0.004674970664550297,nan,0.02544369725910922,0.0008287491300554249,0.003130412654330051,nan,0.03180359196966975,0.0023504115984436533,0.0034925008328547634,nan,0.025864308172747208,0.0026114590695420457,0.0037084393694885413,nan,0.009219074586326315,0.5178191660438357,-0.0014595189662193614,nan,-0.00017082366702858565,0.004556312744589931,-2.311813966383061e-05,nan
21.436,15.731094202000008,ABORT,0.009198642335832119,-0.0030605592764914036,-0.13403382897377014,0.017680317163467407,0.006594016216695309,-0.0965246930718422,-0.01733439495214628,0.02629880582169421,-0.05491587863476579,0.00746813602745533,-0.004380163736641406,0.004979668650776149,1.1340752652715858,0.09835187358398507,-0.05491587863476579,0.028595926714645562,False,False,0.01671134066492197,-0.011662294523332188,0.004319208465211881,nan,0.02543249506621681,0.0011300510594326226,0.002892190305859254,nan,0.03182265052628619,0.0025056811894090775,0.003226723811640627,nan,0.025860931044382696,0.0020198852841733506,0.003426229567359374,nan,0.009335745505632431,0.5518609641609906,-0.0013484505307881697,nan,-0.0001698119216806404,0.004109668157978502,-2.135886440809848e-05,nan
21.469,15.81858777299999,ABORT,0.009212094359099865,-0.0030721903312951326,-0.13416026532649994,0.017620017752051353,0.0064223455265164375,-0.09643576294183731,-0.01733500942396984,0.02625289332827359,-0.054949375061243734,-0.0002802044036798179,-0.012323129922151566,0.00010656521772034617,1.1342018376291714,0.09824239370973618,-0.054949375061243734,0.028860888489460463,False,False,0.016419356005182628,-0.011260441027842074,0.003977935557433497,nan,0.02542883467676127,0.0012289639541015703,0.0026636701491039513,nan,0.03183265970349769,0.0025459377949239286,0.002971771214037227,nan,0.025858993451855383,0.002158668662343307,0.003155513454306088,nan,0.009422969974040463,0.55231134383387,-0.0012419056308733151,nan,-0.00016724304914994548,0.004324979635730912,-1.9671239969013107e-05,nan
21.503,15.917687466000018,ABORT,0.00928410142660141,-0.0030801056418567896,-0.13466490805149078,0.01771158166229725,0.0065859840251505375,-0.0965433195233345,-0.017427386888871733,0.026011725312800327,-0.054993878315386775,0.006258044391870499,-0.007670010440051556,-0.0002540462592151007,1.1347070701963402,0.09837524005126708,-0.054993878315386775,0.0291296135526537,False,False,0.015853698231858893,-0.010849834354100717,0.0036416634931261543,nan,0.02541778999302391,0.0010583205598793,0.00243849861307964,nan,0.031850168117661504,0.0023904622991803653,0.0027205545650078045,nan,0.025855371642584224,0.0019809840141483685,0.0028887642805427716,nan,0.00951772270281026,0.5534258511481576,-0.0011369219869356243,nan,-0.00016946569788434118,0.004237527698611118,-1.800834513918006e-05,nan
21.537,16.117592436999985,ABORT,0.009449921548366547,-0.0030307022389024496,-0.13491205871105194,0.0176115483045578,0.008204866200685501,-0.0962701141834259,-0.017249015189091988,0.025943462489921888,-0.05494561774283441,0.003678611945360899,-0.004680626094341278,0.0016732800286263234,1.1349554472229688,0.09821110603157254,-0.05494561774283441,0.029388390101309798,False,False,0.015297617607857639,-0.018564963423707295,0.0033211203529171715,nan,0.02541013569011419,0.0009417836188966133,0.002223859340585846,nan,0.0318694785253566,0.0023234255621003633,0.0024810884240468005,nan,0.025855152429109296,0.002533628991232868,0.002634492139375267,nan,0.009607122896827747,0.5383366744453272,-0.0010368488899696708,nan,-0.0001681402766893214,0.004482023030744693,-1.6423231217540748e-05,nan
21.569,16.314527338000005,ABORT,0.009585755877196789,-0.002968511078506708,-0.1349031627178192,0.017677312716841698,0.008050315082073212,-0.09585912525653839,-0.017240080163241533,0.026000926733626167,-0.05496465142627755,0.0011928868480026722,-0.008883420377969742,-0.0037566367536783205,1.1349475263291555,0.09780729447622188,-0.05496465142627755,0.029613349034744958,False,False,0.01504024618240063,-0.01789230525588183,0.0030339108416152297,nan,0.02540695775976598,0.0010701386964416912,0.002031540638900469,nan,0.0318798736616257,0.0023785995080682185,0.002266524626880744,nan,0.025857029301907808,0.0025216160519849623,0.0024066620340271842,nan,0.00966950684721013,0.538088372863994,-0.0009471825029263425,nan,-0.00016591449229963473,0.004495344252404807,-1.5002955012300106e-05,nan
21.603,16.41056703999999,ABORT,0.009668667800724506,-0.0029177889227867126,-0.13490188121795654,0.017795700579881668,0.008690966293215752,-0.09553657472133636,-0.017168538357521797,0.025925771586972596,-0.05498276582408707,-0.002375581068918109,-0.005439298693090677,0.0022312509827315816,1.1349468166488224,0.09756770451191367,-0.05498276582408707,0.029847145782417046,False,False,0.014535648355759712,-0.009271449632593045,0.0027442144934706203,nan,0.02539994037480575,0.001127408727778911,0.0018375567234458177,nan,0.03189724878662492,0.002364387080561868,0.0020501030042078747,nan,0.025855218828795934,0.001955645735063739,0.0021768592353052646,nan,0.009770710420674789,0.5687544846319507,-0.0008567397290780016,nan,-0.0001643684067307305,0.004158687884390118,-1.3570381180919044e-05,nan
21.636,16.704777369,ABORT,0.009558112360537052,-0.0029305042698979378,-0.13470324873924255,0.017501262947916985,0.00887324009090662,-0.09544515609741211,-0.01727779048023915,0.02591198720621651,-0.05495085638931629,0.00040617177728563547,-0.0024924930185079575,0.0017274532001465561,1.1347472881952896,0.09744129728684019,-0.05495085638931629,0.030062861311558487,False,False,0.014059201462756299,-0.008502816905491165,0.0024783177680031965,nan,0.025392369303674833,0.0012763884417793386,0.0016595093015743002,nan,0.03191432252701887,0.002430330822860437,0.0018514612154603809,nan,0.02585648530853657,0.0020346669323168557,0.0019659355834375294,nan,0.009847389463880418,0.5674517150124949,-0.0007737271624285256,nan,-0.00016422760822543125,0.00415084174212604,-1.2255498569542825e-05,nan
21.669,16.964985049000006,ABORT,0.009540393017232418,-0.0029212513472884893,-0.13457493484020233,0.017061781138181686,0.009567923843860626,-0.0953342542052269,-0.01718984243190607,0.025884137085826386,-0.05492026501759488,-6.900224252603948e-05,-0.003312862711027264,0.0018636996392160658,1.1346188062851799,0.0973204478368033,-0.05492026501759488,0.03025417914383943,False,False,0.01381269195257051,-0.013421656528711818,0.0022274781446998126,nan,0.02538159365381709,-0.007494074600180698,0.0014915442837506385,nan,0.031918247184847814,-0.005764896652241348,0.0016640680410083854,nan,0.02586170344601957,-0.004665215378932802,0.0017669560387016253,nan,0.009933966261647775,0.44107942938380074,-0.0006954154009309113,nan,-0.000102674729961727,0.007283935713991961,-1.1015074648014755e-05,nan
21.704,17.077438164,ABORT,0.009529607370495796,-0.0028436416760087013,-0.13483786582946777,0.015640052035450935,0.009751273319125175,-0.09392285346984863,-0.017326329992950185,0.025935689311847615,-0.05493324031279236,0.005635835230350494,-0.005108646582812071,-0.00030031852656975323,1.134881439373734,0.09571416281269221,-0.05493324031279237,0.030454533264839302,False,False,0.013105495971955428,-0.009611031207250596,0.0019778538342784743,nan,0.02538742070002442,0.006051493140854581,0.001324393053028096,nan,0.03193211604752122,0.004975023805969776,0.0014775827826819174,nan,0.02583219316259111,0.0020695821189979386,0.0015689405458200294,nan,0.009707343346562425,-0.599022884250091,-0.00061748305832777,nan,-9.634131905755794e-05,-0.0023836802970643037,-9.780660555201823e-06,nan
21.736,17.166740558000015,ABORT,0.009541922248899937,-0.0027352389879524708,-0.13537628948688507,0.014728989452123642,0.00942276045680046,-0.09374749660491943,-0.01722696503103173,0.025916694780954177,-0.05498556459650418,0.0022846932988613844,-0.006087808404117823,0.0010005289223045117,1.135419679476066,0.09536416866201054,-0.05498556459650418,0.030613447221034654,False,False,0.01229033643698596,-0.03675667435641136,0.0017643452275864918,nan,0.025370834818231103,0.009753997668741249,0.0011814253015371354,nan,0.03193152547626621,0.008116012449255642,0.001318078255231555,nan,0.02581355932743623,0.005633254788000593,0.001399573980851998,nan,0.009869813242236347,-0.6929969384187739,-0.0005508259853153133,nan,-0.00010191273962067982,-0.0026897375471412466,-8.724841782612792e-06,nan
21.771,17.272305938999978,ABORT,0.00959817972034216,-0.0026600200217217207,-0.1355668306350708,0.01620611920952797,0.009643246419727802,-0.09363017231225967,-0.017198936772074,0.02590148099647021,-0.05497451741298901,0.0008620203007012606,-0.00491272984072566,-0.0030751323793083425,1.135610508756871,0.09551041654483798,-0.05497451741298901,0.030753454361116605,False,False,0.011564356134118547,-0.039797183751232715,0.00154679619775442,nan,0.02533482115856245,0.008735041364977493,0.0010357520375126952,nan,0.03190900963547971,0.007425313075759613,0.0011555552743631077,nan,0.025787435539562864,0.005520628037228963,0.0012270023339022336,nan,0.010119707074502493,-0.8240194239326006,-0.00048290749814057683,nan,-0.00011199713467213712,-0.0033831511894824584,-7.649042763481972e-06,nan
21.803,17.35183859900002,ABORT,0.009629589505493641,-0.0025959154590964317,-0.13589797914028168,0.017899587750434875,0.010345621965825558,-0.0931580439209938,-0.01715442268284091,0.025880065841103955,-0.0551133977628475,0.0008397580240853131,-0.006884252652525902,-5.318468902259981e-05,1.1359417620574088,0.09542456854857191,-0.0551133977628475,0.03090388515812238,False,False,0.010266727527244335,-0.028154785301187472,0.0013623510261494484,nan,0.025326959317401254,-0.0016723174374495726,0.0009122454872790113,nan,0.031921648142080095,-0.003171543249283336,0.0010177629839577158,nan,0.02577691355596734,-0.006082823270115373,0.0010806904562516081,nan,0.009939719988474316,-0.8863083439734987,-0.0004253239868200979,nan,-0.00014460704781082967,0.017429428391483367,-6.736945224599734e-06,nan
21.836,17.459469609999985,ABORT,0.00951809249818325,-0.0026265287306159735,-0.13590934872627258,0.01770327426493168,0.010554425418376923,-0.0931500717997551,-0.017191208583180316,0.025761601354702415,-0.05502620587615456,-0.0006899497238919139,-0.008127916604280472,0.004361138679087163,1.1359522618762292,0.09540302768733812,-0.05502620587615456,0.031039285151997834,False,False,0.009034737307255902,-0.03496604484576846,0.0011864127277780231,nan,0.02530837394715313,-0.009093152304605438,0.0007944352345260787,nan,0.03192561102165392,-0.0073671816386031,0.000886325869656087,nan,0.02577049404840981,-0.0056651443834840436,0.0009411266901666292,nan,0.010522072250563674,0.3878649316273346,-0.0003703963088124828,nan,-0.00011339906159690827,0.010719888513899725,-5.866914919423766e-06,nan
21.869,17.57416816099999,ABORT,0.00950809009373188,-0.0026066373102366924,-0.1359698325395584,0.01815827004611492,0.010710339061915874,-0.0917106494307518,-0.01719923281973898,0.025682172250812485,-0.05506853047851342,0.004940618295222521,-0.001172523596324027,-0.0037082633934915066,1.136012613827527,0.09410248324512531,-0.05506853047851342,0.031168986687011385,False,False,0.008468409217159412,-0.024271204387569044,0.0010247304625946654,nan,0.025308639385663412,-0.0015724164366681692,0.0006861709810733994,nan,0.031934525607116626,-0.003248322516189772,0.0007655389201052416,nan,0.025769142167423986,-0.006129770227160891,0.0008128715800114691,nan,0.010026848725993354,-0.8583174099037126,-0.00031991934340052687,nan,-0.00014075899977505912,0.016346777041801368,-5.067381947801821e-06,nan
21.904,17.69416688399997,ABORT,0.00954663660377264,-0.0025781828444451094,-0.13596394658088684,0.018355952575802803,0.009801620617508888,-0.0905214473605156,-0.017225584558358386,0.02579065235718938,-0.05519339612275276,0.0028198997024446726,0.0012446898035705087,-0.0020102609414607286,1.1360069864348756,0.09288242672291294,-0.055193396122752765,0.031289628469368905,False,False,0.007376341489833571,-0.031424951306291235,0.0008685145563465391,nan,0.025295720242835884,-0.0007390460263559328,0.000581567062714089,nan,0.031938464158197455,-0.0025010733617144725,0.0006488356888285536,nan,0.025761219999303364,-0.0043760489159339585,0.0006889526811692179,nan,0.010102234301787583,-0.8490874841661364,-0.0002711489672090391,nan,-0.0001539881234755569,0.01734212924296488,-4.294880600201709e-06,nan
21.936,17.994953742000007,ABORT,0.009706318378448486,-0.002516123466193676,-0.13639317452907562,0.019284091889858246,0.010001237504184246,-0.09001863747835159,-0.017209979247608805,0.02582407382183366,-0.05509296437943654,0.0037294637877494097,-0.004515471402555705,-0.004704704508185386,1.1364374116554026,0.09260267839047899,-0.05509296437943654,0.031395938706656704,False,False,0.006367791800724554,-0.020696569554737105,0.0007391162386122876,nan,0.025287961357222777,-0.004444459227393082,0.0004949205016231487,nan,0.031948105610826616,-0.002533459456371361,0.0005521669041699123,nan,0.02576270964693972,-0.0007955295016643851,0.0005863069427755989,nan,0.010639693284193008,0.48247178233955595,-0.00023075100271225356,nan,-0.00010594564558452646,0.005780472224688544,-3.654994578171898e-06,nan
21.969,18.286623255999984,ABORT,0.009848385117948055,-0.0024558522272855043,-0.13675302267074585,0.019772175699472427,0.010781615972518921,-0.09016881138086319,-0.0171391737411581,0.02581295377150451,-0.055178378610017696,0.00026698660803958774,-0.00540884817019105,0.0005414792103692896,1.1367983358761002,0.09293867182560425,-0.055178378610017696,0.03149388513048631,False,False,0.005892907119855018,-0.02830249529822273,0.0006187381569364228,nan,0.0252881758941621,-0.0005450379956615627,0.00041431399150329215,nan,0.03195612194082731,-0.0012321699178806777,0.00046223681034100045,nan,0.025765669316974993,-0.002995711418665315,0.0004908165430827435,nan,0.010094220429445855,-0.8729903584859621,-0.0001931691426472707,nan,-0.00011078290146393499,0.013401743047085218,-3.0597144140097744e-06,nan
22.003,18.610025518999976,ABORT,0.009996006265282631,-0.0023249622900038958,-0.13714739680290222,0.019873816519975662,0.011908380314707756,-0.08943180739879608,-0.01707619780561772,0.025821240738535266,-0.05517172330650711,0.0014191120862960815,-0.006579108536243438,0.005669557489454747,1.1371937071785627,0.09238412352457934,-0.05517172330650711,0.03158111779827133,False,False,0.005003054017813646,-0.01898984693436159,0.0005081474612922063,nan,0.025279844732108536,-0.00013663589286581857,0.00034026122455847393,nan,0.03196073631550256,-0.0006649882812830537,0.0003796185172312283,nan,0.025760692930687057,-0.0027129402849918986,0.00040309002690671475,nan,0.010133058759475233,-0.8415415399377816,-0.00015864289010753332,nan,-0.0001071511671630887,0.012227173244809292,-2.5128337315683e-06,nan
22.036,18.698794598000006,ABORT,0.00996828731149435,-0.0022811403032392263,-0.13719835877418518,0.02013174258172512,0.011953466571867466,-0.08925527334213257,-0.01706993590062487,0.025793249137364273,-0.05508722446034172,0.002929739188402891,-0.005306527018547058,-0.0012200839119032019,1.1372443350273098,0.09227500334240253,-0.05508722446034172,0.0316594199779249,False,False,0.004170293190250085,-0.017411501159307962,0.000413370190128437,nan,0.025276034166284767,-0.00029261722878254045,0.0002767973035452988,nan,0.03196823383728198,-0.0009829384057522157,0.0003088138593570801,nan,0.025759523553821495,-0.003164184375873109,0.00032790757359602365,nan,0.010142255738949224,-0.8282564107155126,-0.00012905356543455385,nan,-0.00010530645944228922,0.011447777386160742,-2.044151819115801e-06,nan
22.069,18.803462249000006,ABORT,0.01001324038952589,-0.0021581684704869986,-0.1376238614320755,0.021444261074066162,0.01082199439406395,-0.0887676402926445,-0.017024798990505668,0.025810536709572302,-0.05511537565139293,-0.003802715800702572,-0.004645491484552622,-0.0003311812179163093,1.1376699753328605,0.09196013189856887,-0.05511537565139293,0.03172096185518561,False,False,0.003780689617980393,-0.02366974263584861,0.0003304442043546782,nan,0.025272559496957392,-0.003785537608018438,0.0002212691358056719,nan,0.031967824721657045,-0.0019658295841894066,0.00024686286647143327,nan,0.025754997176945515,0.00035098033386969305,0.00026212620030762954,nan,0.010707667796950204,0.4885203508993249,-0.00010316419463122194,nan,-0.00010410572262209428,0.005255932283938107,-1.6340755515969931e-06,nan
22.103,18.987795790000007,ABORT,0.010182703845202923,-0.0020300238393247128,-0.13825049996376038,0.022487277165055275,0.011144970543682575,-0.08844593167304993,-0.017059698261349742,0.025743313133102023,-0.05520269005041646,0.005891690030694008,-0.00399029441177845,0.0024783059488981967,1.1382978560649835,0.09193786397470513,-0.05520269005041646,0.03177975235716313,False,False,0.003071517766520593,-0.014142362265871206,0.00025680108638320015,nan,0.025268987285882893,-0.0003944494957304829,0.00017195688019082042,nan,0.03197159912421821,-0.0023966343595979924,0.0001918467670550851,nan,0.025749667914372054,-0.004803208543242296,0.00020370849941205027,nan,0.010207641597874684,-0.7658395319109513,-8.017292150389911e-05,nan,-0.00014016493878177272,0.01341835689993899,-1.2699038789372506e-06,nan
22.136,19.106001901000013,ABORT,0.010463157668709755,-0.001834101160056889,-0.13936425745487213,0.02210330218076706,0.012923609465360641,-0.0884939432144165,-0.016954453998693345,0.025780738803738424,-0.05517372382018321,0.0022635729983448982,-0.004094110336154699,0.0006168262916617101,1.139413775922144,0.09212357805982047,-0.0551737238201832,0.03183424496954264,False,False,0.0024453061144766863,-0.014012395876329832,0.00019613795992509675,nan,0.02526924230256089,-0.0002139672055267931,0.00013133617209618725,nan,0.03198077251753073,-0.002224722255344126,0.00014652754798809633,nan,0.02575327422464113,-0.0044963443910286845,0.00015558722923181278,nan,0.01019695760986572,-0.7597136803456973,-6.123398263800303e-05,nan,-0.00013657217703322289,0.0130103511883948,-9.699194019142173e-07,nan
22.169,19.220945342999983,ABORT,0.010677446611225605,-0.0016737023834139109,-0.14016465842723846,0.022783495485782623,0.013215580955147743,-0.08899518102407455,-0.016909067229569363,0.025775144436058568,-0.05516548890449206,0.006100363098084927,-0.004744256846606731,0.0016918088076636202,1.1402158819593353,0.09281099876652843,-0.05516548890449206,0.031868373058368746,False,False,0.002178777955713862,-0.022542827255448008,0.0001454489906364334,nan,0.0252609630781917,-0.006763398880945313,9.739427121980074e-05,nan,0.031977032717944276,-0.005219423241181322,0.00010865965957553361,nan,0.025751148667827017,-0.003320946361753122,0.00011537799952813371,nan,0.010700318558915178,0.4671528684534877,-4.540896097189953e-05,nan,-0.00011053687765283371,0.010378438105552737,-7.192580062574086e-07,nan
22.203,19.32030556899997,ABORT,0.01089497935026884,-0.0015820774715393782,-0.1412699818611145,0.02258722484111786,0.01332896202802658,-0.08817800134420395,-0.016766111181013888,0.02570529683030994,-0.0550743691316918,-0.0005299795302562416,-0.004813061561435461,0.0006332617485895758,1.1413230809203139,0.09199567313643735,-0.0550743691316918,0.03190721732868215,False,False,0.001759369299646707,-0.019562615873327114,0.00010288938338175874,nan,0.02526823497088415,-0.00043437955225597097,6.889588210184927e-05,nan,0.031984082251039325,-0.0025114830172759907,7.686492235716921e-05,nan,0.025747762904351212,-0.004453834409165872,8.161741910566941e-05,nan,0.010180743392240288,-0.7698861108242203,-3.2121914177344474e-05,nan,-0.00013698640949577623,0.013545799236182515,-5.087970183388624e-07,nan
22.236,19.418013906,ABORT,0.010888522490859032,-0.0017797010950744152,-0.14195825159549713,0.02134193293750286,0.012070270255208015,-0.08788163959980011,-0.01675194607917437,0.025756617360488086,-0.055100860065434916,0.0007762879249639809,-0.003768073627725244,-0.0018436684040352698,1.1420115479473343,0.09123788743878161,-0.055100860065434916,0.03194102577765914,False,False,0.0015436366279129032,-0.020356392535528418,7.016236071542836e-05,nan,0.02527111121618031,-0.0003600993962494521,4.6981501618120064e-05,nan,0.031993441529717614,-0.0024163320272938336,5.2415752058467685e-05,nan,0.02575465439970248,-0.0041924761916620505,5.565657613776018e-05,nan,0.010172289149685376,-0.7638407578246258,-2.190458583096501e-05,nan,-0.00013386696007167131,0.013028531897240875,-3.469590229651805e-07,nan
22.27,19.519673331999968,ABORT,0.010902906768023968,-0.0018416333477944136,-0.14212237298488617,0.021570434793829918,0.012756438925862312,-0.08845511823892593,-0.01672625568657312,0.02581205081602851,-0.055092744543250395,-0.004822107497602701,-0.00914667546749115,-0.0029526315629482256,1.142175897076281,0.09193649076360534,-0.05509274454325039,0.03195772993763184,False,False,-0.0015301020778668573,-0.01215429056121416,4.4391694237873314e-05,nan,0.025267104054150558,-0.008174125560372742,2.9725175056848768e-05,nan,0.03199089336051131,-0.006612916984203167,3.316342287947374e-05,nan,0.025752419764773826,-0.005315717247276055,3.521389082467366e-05,nan,0.010648381417509789,0.4718641709189869,-1.3859021656346601e-05,nan,-0.00010839514910632175,0.007206241425837437,-2.1952081861970974e-07,nan
22.303,19.793629949999968,ABORT,0.011047695763409138,-0.0019422908080741763,-0.14249642193317413,0.022678283974528313,0.012068679556250572,-0.08724277466535568,-0.01679184115010287,0.025745211175979936,-0.05509757027337028,0.0023622270673513412,-0.008074832148849964,0.0014221807941794406,1.1425514860195007,0.0909464640410546,-0.055097570273370276,0.031976332869003025,False,False,-0.0016504811271209618,-0.0058024877662995605,2.6176607791007778e-05,nan,0.025272757818045832,-7.977878559524052e-05,1.75281494058932e-05,nan,0.031995888462197364,-0.0022662446565662126,1.955559319433836e-05,nan,0.025751385545525807,-0.004664378000583277,2.0764699900244904e-05,nan,0.010184768836790425,-0.7026333839720496,-8.172298455681043e-06,nan,-0.00012881736573611136,0.010692503534414612,-1.2944561971834278e-07,nan
22.336,19.89349975199997,ABORT,0.01130124181509018,-0.002025791211053729,-0.14271843433380127,0.02217158116400242,0.011247660964727402,-0.08717461675405502,-0.016705172229968136,0.025754500438400753,-0.05510081931844961,0.002896646736189723,-0.00021403329446911836,-0.0019906589295715094,1.142776111958457,0.0906504423304474,-0.0551008193184496,0.03198095871629107,False,False,-0.0018474037915110486,-0.007332256973808175,1.369612788312824e-05,nan,0.025263936416598298,-0.0063929902194400385,9.171080444583812e-06,nan,0.03199119059611899,-0.00510529753873829,1.023187982791482e-05,nan,0.025751710332725608,-0.003625908662821007,1.0864508784298732e-05,nan,0.010656194669397934,0.5580470173456319,-4.275910982879175e-06,nan,-0.0001140175814153821,0.00517633791561578,-6.772855274937727e-08,nan
22.369,20.002476295000008,ABORT,0.011487146839499474,-0.002041407860815525,-0.1428602933883667,0.022459881380200386,0.011527599766850471,-0.08743301033973694,-0.016654159789617207,0.025717572631177823,-0.05511324093451376,0.0021381278056651354,-0.0005929534090682861,0.002699780510738492,1.1429198449989002,0.09100474232184777,-0.05511324093451376,0.032002042212756654,False,False,-0.0019984952210734264,-0.01510259016580356,5.939290534995312e-06,nan,0.025280728744636605,-0.0006894212171107104,3.977015383106741e-06,nan,0.032006479241056596,-0.002951807345518761,4.437028299945217e-06,nan,0.025759242495769108,-0.005109550621668546,4.711366215368051e-06,nan,0.010088346308804397,-0.7503650159678057,-1.8542377703979068e-06,nan,-0.00011509450171143243,0.011708115163999675,-2.937031223172108e-08,nan
22.403,20.195451030000015,ABORT,0.01163954846560955,-0.002172408625483513,-0.1428602933883667,0.022559907287359238,0.010815181769430637,-0.08813397586345673,-0.016520231409568424,0.025777852059689715,-0.05501932033540247,0.01036492083221674,-0.006711459252983331,0.005953270941972733,1.1429216283942933,0.09161612999368857,-0.055019320335402466,0.03199803792456021,False,False,-0.0022449323206021887,-0.014022370219845709,1.7563644456042304e-06,nan,0.02528263204505876,-0.0012921017035277477,1.1760812806439758e-06,nan,0.03199935004066301,-0.0018865347473985058,1.312116102797356e-06,nan,0.025744554014485388,-0.002072196000909999,1.3932431932942024e-06,nan,0.010709876413384833,0.48644549413100985,-5.48334396917663e-07,nan,-0.00010569338699006892,3.987201908761673e-05,-8.685376116256876e-09,nan
22.436,20.306378781999967,ABORT,0.01155645027756691,-0.002419619122520089,-0.14276115596294403,0.022909732535481453,0.010653560049831867,-0.08790627121925354,-0.01628849666970555,0.025737213412184334,-0.054987179454189336,0.0031021840404719114,-0.0057798633351922035,-0.002593589248135685,1.1428221496267388,0.09146511196218826,-0.054987179454189336,0.03200886305922635,False,False,-0.00257598436667017,-0.005851572161111554,2.3240703641430605e-07,nan,0.02528757831362327,-0.0005603275358614695,1.556223514428967e-07,nan,0.032009036682084435,-0.002851243884108064,1.736228580836996e-07,nan,0.025756311414381727,-0.005422776298488034,1.8435782070738704e-07,nan,0.010081661020804766,-0.7121839366731109,-7.25571349790427e-08,nan,-0.00011254949366268363,0.010881424591988554,-1.1492731638866778e-09,nan
22.469,20.493097225999975,ABORT,0.011570326052606106,-0.0025032025296241045,-0.1427231729030609,0.023451440036296844,0.009844229556620121,-0.08785367757081985,-0.016198594040639478,0.0257099516382416,-0.05499176001073562,0.002678083023056388,-0.011626482009887695,0.001290340675041081,1.1427844890256023,0.09146118060716817,-0.05499176001073562,0.032006642659125235,False,False,-0.0027139220118712615,-0.012037612048789819,5.9869539881241e-12,nan,0.025290507348626257,-0.00018227242111515027,4.008932075194593e-12,nan,0.03200664266359787,-0.002382256938710367,4.472637538111002e-12,nan,0.02575063049815629,-0.004315081982531159,4.7491767463103685e-12,nan,0.010066794152576719,-0.7192965876337927,-1.8691194425546342e-12,nan,-0.00012291530735097922,0.01005479918603647,-2.960603767351855e-14,nan
22.503,20.79425173599998,ABORT,0.011723792180418968,-0.002689559478312731,-0.14286623895168304,0.024980837479233742,0.009942018426954746,-0.08819770067930222,-0.016174215025880703,0.025551582312058972,-0.05498251239901308,-0.003916407003998756,-0.005454900674521923,-0.0019067894900217646,1.1429295346471902,0.09220477415341129,-0.05498251239901308,0.03199977058260206,False,False,-0.0030019319828831215,-0.01469777335673756,0.0,nan,0.025284622044071448,-0.006425286018979498,0.0,nan,0.03199977058260206,-0.0051493387934234604,0.0,nan,0.02574582517176971,-0.003091402142221672,0.0,nan,0.010583548879731453,0.5221054557038538,0.0,nan,-0.00011261994618383397,0.006099771523471109,0.0,nan
22.536,20.987247956999965,ABORT,0.012039159424602985,-0.002785272430628538,-0.1428736448287964,0.02615934982895851,0.010760519653558731,-0.08843640238046646,-0.016318258513323136,0.025470851172612507,-0.05501043061334525,-0.0023648536298424006,-0.004087490495294332,0.005264901090413333,1.1429404477690086,0.09284986608869304,-0.055010430613345256,0.032009002865734715,False,False,-0.0033254198452823402,-0.0034677129317798212,0.0,nan,0.0252958448424927,0.00012785494519956255,0.0,nan,0.032009002865734715,-0.0020689879646839018,0.0,nan,0.02575144679416841,-0.004353901833641926,0.0,nan,0.01009222238771823,-0.6795462354802642,0.0,nan,-0.00012009127046219703,0.00891078459782856,0.0,nan
22.569,21.195943314999965,ABORT,0.01228309329599142,-0.002799945417791605,-0.14310696721076965,0.026295168325304985,0.010915130376815796,-0.08801988512277603,-0.016370996613600877,0.025483088803159692,-0.054948219235605715,0.002094530500471592,-0.004406926687806846,-0.0037558064796030517,1.1431763873353333,0.09250987042162419,-0.054948219235605715,0.032005022474625555,False,False,-0.003453670541752274,-0.011024070354019944,0.0,nan,0.02529745524969762,-0.00022375203728431997,0.0,nan,0.032005022474625555,-0.002424552775366267,0.0,nan,0.025742977150816415,-0.004328202779886423,0.0,nan,0.010048057192217463,-0.7170440447438217,0.0,nan,-0.000121942040633094,0.009821399762702854,0.0,nan
22.603,21.304890350999983,ABORT,0.012673059478402138,-0.0028365093749016523,-0.1436229646205902,0.02758297137916088,0.01077993307262659,-0.08876054733991623,-0.016415340662349023,0.025551679307415545,-0.055017443798949024,-0.001461209962144494,-0.0048417216166853905,0.0017075189389288432,1.1436966981807566,0.0935706258995601,-0.055017443798949024,0.031999147303864994,False,False,-0.003727436076733426,-0.01358515115737158,0.0,nan,0.025292497600674757,-0.006360222738408523,0.0,nan,0.031999147303864994,-0.005069194500821446,0.0,nan,0.025739005963835382,-0.003017863587497175,0.0,nan,0.010573995912686485,0.5282009654030583,0.0,nan,-0.00011123813976876562,0.005529849498782162,0.0,nan
22.638,21.413752574,ABORT,0.01273831631988287,-0.003021033713594079,-0.14379960298538208,0.02718508057296276,0.009838182479143143,-0.08783336728811264,-0.016436596559781556,0.025509298065551574,-0.055030932791097865,0.0021589775569736958,-0.007939161732792854,-0.0006846938049420705,1.143874522461656,0.09246901561831343,-0.055030932791097865,0.03200873087141076,False,False,-0.004029929185920267,-0.0029912708526737657,0.0,nan,0.025301577951958976,0.00021080773267319217,0.0,nan,0.03200873087141076,-0.0019471244427908946,0.0,nan,0.025747473905052942,-0.004162694983299807,0.0,nan,0.010090265172081558,-0.6793712262377201,0.0,nan,-0.0001168479848203674,0.008362308119819842,0.0,nan
22.669,21.519848002999993,ABORT,0.012798798270523548,-0.0030923064332455397,-0.14393216371536255,0.02770140767097473,0.009607759304344654,-0.08712852746248245,-0.0164776804231456,0.02561513717540071,-0.05509613461757846,0.0037090356927365065,-0.007718620356172323,0.0003959220775868753,1.1440079399981269,0.09192963245648444,-0.05509613461757846,0.032006292231336,False,False,-0.004144481199331196,-0.009924736107732916,0.0,nan,0.02530467230114919,-0.00014118479125048433,0.0,nan,0.032006292231336,-0.0023093441160285757,0.0,nan,0.025740479301675556,-0.0042068471768818335,0.0,nan,0.010041023207222999,-0.709481666552115,0.0,nan,-0.00011977088443870798,0.009316286596831194,0.0,nan
22.703,21.821898935999968,ABORT,0.013043135404586792,-0.0032462598755955696,-0.14437873661518097,0.028008271008729935,0.008962023071944714,-0.08650398999452591,-0.016449967742473773,0.025577374641945132,-0.05505437638857499,0.00040442252065986395,-0.004284669179469346,0.0036679655313491826,1.1444576682434873,0.0913658655484288,-0.05505437638857499,0.03199713188787445,False,False,-0.004362384771912531,-0.0018143053542944466,0.0,nan,0.025306434820741686,-0.00039608872998288106,0.0,nan,0.03199713188787445,-0.0026366556198651357,0.0,nan,0.02572178746668108,-0.0052357490668899255,0.0,nan,0.010055121170987391,-0.684513864470474,0.0,nan,-0.00011961704208385271,0.008163181708893744,0.0,nan
22.736,22.130921220999994,ABORT,0.013496028259396553,-0.0033677376341074705,-0.1453721672296524,0.02778150700032711,0.008819425478577614,-0.08582214266061783,-0.01646262036372902,0.025630467283608484,-0.054933640590199784,3.0185474315658212e-05,-0.0019177914364263415,0.00047388425446115456,1.1454566276816864,0.09063682787830148,-0.054933640590199784,0.03199728925267831,False,False,-0.004583951903908812,-0.003151652970622601,0.0,nan,0.025310969748650436,-0.00728751130083812,0.0,nan,0.03199728925267831,-0.005716270488994521,0.0,nan,0.02571834598902445,-0.0042727881652004605,0.0,nan,0.010541020019786629,0.5206804574133278,0.0,nan,-9.993375783334812e-05,0.0027172291146146527,0.0,nan
22.77,22.229260753999995,ABORT,0.013681503012776375,-0.0033862688578665257,-0.14579814672470093,0.028458483517169952,0.00947393849492073,-0.08715803921222687,-0.016448814784855745,0.025634078742785164,-0.054936528001252614,0.0074246348813176155,-0.001038894872181118,-0.002899882849305868,1.145884829893138,0.0921746418166225,-0.054936528001252614,0.0319937735718403,False,False,-0.004727253303077106,-0.011012038712399716,0.0,nan,0.02530114721770982,-0.006248267461196057,0.0,nan,0.0319937735718403,-0.004922196240233509,0.0,nan,0.02572498355274977,-0.0029461118936134657,0.0,nan,0.010550320071854635,0.5526954682714202,0.0,nan,-0.0001130427954549873,0.0037209074911942796,0.0,nan
22.803,22.341034499999978,ABORT,0.014058216474950314,-0.0034184332471340895,-0.14661721885204315,0.02835461124777794,0.00962571520358324,-0.08543141186237335,-0.016293964515807596,0.025643361015865885,-0.05499016269890901,0.004628864116966724,-0.008905727416276932,0.0017751855775713931,1.1467084920346216,0.09052714788941257,-0.05499016269890901,0.03200744154999402,False,False,-0.004968589030731607,-0.0008413123403872118,0.0,nan,0.02531565283593551,0.00020420709258043147,0.0,nan,0.03200744154999402,-0.0019302513069310054,0.0,nan,0.025734621436246385,-0.004221150192332143,0.0,nan,0.01007200475788661,-0.6661888553051836,0.0,nan,-0.0001143712006275166,0.007292503392699558,0.0,nan
22.836,22.445442206999985,ABORT,0.01404789462685585,-0.0035960956010967493,-0.14677324891090393,0.029619168490171432,0.010616782121360302,-0.08302449434995651,-0.016166248301197596,0.025605978193123036,-0.054948290932325276,0.0033809607848525047,-0.002579974709078669,0.002423557918518782,1.146864926512573,0.08878669870384617,-0.054948290932325276,0.032000417192907804,False,False,-0.005148786868542032,-0.009008918648368742,0.0,nan,0.02531912229976907,-0.00014893016959688376,0.0,nan,0.032000417192907804,-0.0023452619267456064,0.0,nan,0.025718580382499745,-0.004414821214612986,0.0,nan,0.010028450317482118,-0.700347282527826,0.0,nan,-0.00011687119034942128,0.008748654404200125,0.0,nan
22.869,22.740529792000018,ABORT,0.014091113582253456,-0.0036412817426025867,-0.14702855050563812,0.029303889721632004,0.010226503014564514,-0.08253506571054459,-0.016171928391427164,0.025655454260715117,-0.054929722443434886,0.0011675449786707759,-0.007454467937350274,-0.0035806484520435325,1.1471208803303086,0.08817786790668268,-0.054929722443434886,0.031996466020093095,False,False,-0.0052296727330096715,-0.00014245102240994026,0.0,nan,0.025320131522617473,-4.2357846890210894e-05,0.0,nan,0.031996466020093095,-0.002093525196531532,0.0,nan,0.025709541319783646,-0.004363671835601285,0.0,nan,0.010053445090648871,-0.6697012113446904,0.0,nan,-0.0001167920020908042,0.007886272972212376,0.0,nan
22.903,22.832341746999987,ABORT,0.014288141392171383,-0.0037487028166651726,-0.14766918122768402,0.029707152396440506,0.009365100413560867,-0.08403672277927399,-0.016280614230414634,0.025552584013886836,-0.054888435545948286,0.00254624942317605,-0.009352073073387146,0.002577822655439378,1.147764241165002,0.08962360618019098,-0.054888435545948286,0.031993456527797726,False,False,-0.005393077064419494,1.2665159333898751e-05,0.0,nan,0.025326230314949072,9.60811715672143e-05,0.0,nan,0.031993456527797726,-0.0020007140704514552,0.0,nan,0.02569787016191505,-0.004333347117691011,0.0,nan,0.010045256376184142,-0.6723849364738258,0.0,nan,-0.00011422044068520876,0.007234219589509752,0.0,nan
22.936,22.932123700999966,ABORT,0.014641507528722286,-0.003830317175015807,-0.14810778200626373,0.03055725060403347,0.008867734111845493,-0.0841723307967186,-0.016268308008092664,0.025458860927780196,-0.05479597709924817,0.0022721728309988976,-0.003962762653827667,0.001197098870761693,1.1482075266151661,0.08998535183299732,-0.05479597709924817,0.03199151544467416,False,False,-0.005556279293426947,-0.008115028240292664,0.0,nan,0.02533275366210841,2.9291567723137735e-05,0.0,nan,0.03199151544467416,-0.00203028433230935,0.0,nan,0.025687562251190066,-0.0038556342085766778,0.0,nan,0.010040145078768603,-0.6907697798217056,0.0,nan,-0.00011534361965548356,0.00821947500775219,0.0,nan
22.969,23.22751761400002,ABORT,0.014909660443663597,-0.003853381145745516,-0.14831338822841644,0.030589355155825615,0.00895319040864706,-0.08320800215005875,-0.0162855475016751,0.025502652820610185,-0.05471611756473772,0.0055438559502363205,-0.006032063625752925,0.004097602795809508,1.1484166422102327,0.08910353466135283,-0.05471611756473772,0.03199068944325667,False,False,-0.005624400120379569,0.0005402410486577414,0.0,nan,0.025335870868955723,3.614882917024045e-05,0.0,nan,0.03199068944325667,-0.002059800814661338,0.0,nan,0.02568246479331382,-0.004381446921793165,0.0,nan,0.010047581581313025,-0.6675543508235572,0.0,nan,-0.0001139724858116864,0.007087565775320625,0.0,nan
23.003,23.426321434999977,ABORT,0.015287172049283981,-0.003943552263081074,-0.14840544760227203,0.030772482976317406,0.0094898771494627,-0.081284299492836,-0.016187534390866832,0.025476868080160402,-0.05458753749725976,-0.0031459620222449303,-0.004125872161239386,0.002182993805035949,1.1485139621773393,0.08743077730914153,-0.05458753749725976,0.03198984294231355,False,False,-0.005773048411122694,-0.008049050507038396,0.0,nan,0.02534256615767294,9.27178392143758e-06,0.0,nan,0.03198984294231355,-0.0020913060948132417,0.0,nan,0.02567442538613207,-0.004102430471375349,0.0,nan,0.010027421548489457,-0.6918996149012115,0.0,nan,-0.00011388952975899258,0.007921667519668454,0.0,nan
23.036,23.63036167399997,ABORT,0.01523368339985609,-0.004331732634454966,-0.14831140637397766,0.0303974412381649,0.009257039055228233,-0.08011972159147263,-0.016212441056651358,0.02558402204803249,-0.05445990120215757,0.002843122463673353,-0.0002768492558971042,0.004642592277377844,1.1484206176423888,0.08619087535112284,-0.05445990120215758,0.03198849870023324,False,False,-0.005905795509433709,-0.007550932319063791,0.0,nan,0.02534839470929917,3.855544221601089e-06,0.0,nan,0.03198849870023324,-0.0020503147989431765,0.0,nan,0.025665529490408012,-0.0038769971743156987,0.0,nan,0.010032739470260843,-0.6903903751675726,0.0,nan,-0.000114622887459781,0.007754658445388344,0.0,nan
23.069,23.815357108,ABORT,0.01524753961712122,-0.004471420310437679,-0.14841990172863007,0.03041430562734604,0.00889692734926939,-0.079960398375988,-0.01618768986579147,0.025531326915671067,-0.05442312586636486,-0.006339963525533676,-0.0058259163051843635,0.0035428609699010858,1.1485298218811582,0.08601075869621484,-0.05442312586636486,0.031987944978430605,False,False,-0.005964672721715303,0.0010417068643522147,0.0,nan,0.02535111176608229,6.841203985020366e-05,0.0,nan,0.031987944978430605,-0.001957480404646465,0.0,nan,0.025661527481855906,-0.004222203880094915,0.0,nan,0.010038512819693146,-0.6656205884602813,0.0,nan,-0.00011253992994753048,0.006815223554897456,0.0,nan
23.103,23.91480471,ABORT,0.015410933643579483,-0.004761560820043087,-0.14877472817897797,0.03125593811273575,0.008981176652014256,-0.07956910133361816,-0.01630154993679149,0.02542591770081214,-0.05442041753251736,0.005558057222515345,-0.009725935757160187,0.0018813773058354865,1.14888796035118,0.08595834507714448,-0.05442041753251736,0.03198712454614583,False,False,-0.006093271692137137,-0.007221050109442637,0.0,nan,0.025356608846911932,-9.746098293307505e-06,0.0,nan,0.03198712454614583,-0.002011391652897808,0.0,nan,0.02565446688941808,-0.0037760243800599082,0.0,nan,0.010030634553350737,-0.6849175806473079,0.0,nan,-0.00011376513202066008,0.007854803598478394,0.0,nan
23.136,24.10174893599998,ABORT,0.015700161457061768,-0.0049567013047635555,-0.1490197479724884,0.03054240718483925,0.009910572320222855,-0.07973898947238922,-0.016147937447116286,0.025359305608738676,-0.05430570800198388,0.003989339340478182,-0.0014564350713044398,0.0045427363365888596,1.1491376963568654,0.08596141298534295,-0.05430570800198388,0.0319863730783716,False,False,-0.006206526560363912,-0.007111476200015144,0.0,nan,0.025361995133236448,-1.7352493136489535e-05,0.0,nan,0.0319863730783716,-0.00202639086716014,0.0,nan,0.025647453346372195,-0.0038113079882464125,0.0,nan,0.010025207890827836,-0.6891941656512592,0.0,nan,-0.00011416579920453529,0.0076982478238469204,0.0,nan
23.169,24.312510110000005,ABORT,0.01592675969004631,-0.005042210686951876,-0.14896562695503235,0.030920492485165596,0.009172357618808746,-0.08040166646242142,-0.016042654855446724,0.025282933918175335,-0.054389307805408654,0.0019909313414245844,-0.0019290972268208864,-0.0014359786873683331,1.1490870713253225,0.08662930779907549,-0.054389307805408654,0.03198573805472371,False,False,-0.006264838814116658,-0.006961475099329121,0.0,nan,0.025364092764331936,-0.00017406316603484095,0.0,nan,0.03198573805472371,-0.0021405493793572967,0.0,nan,0.02564421351012136,-0.003936353922268023,0.0,nan,0.010028098301997801,-0.6833494112777149,0.0,nan,-0.00011296108776726044,0.0074310128763934846,0.0,nan
23.203,24.51272434399999,ABORT,0.01629229448735714,-0.005135099869221449,-0.14875321090221405,0.030950253829360008,0.008235813118517399,-0.07815348356962204,-0.01597854656779482,0.025240319552490207,-0.05442802134290873,-0.0031144185923039913,-0.007279612123966216,0.004580308683216573,1.1488802146736083,0.08446131554677644,-0.05442802134290873,0.031985167552308624,False,False,-0.006367247526839925,-0.006823214046230652,0.0,nan,0.025368922862432086,-1.4582774980975298e-05,0.0,nan,0.031985167552308624,-0.002009546530235821,0.0,nan,0.025638114022256353,-0.003772125633763693,0.0,nan,0.010024761031091955,-0.6863181836204252,0.0,nan,-0.00011349886600076076,0.007501235993942021,0.0,nan
23.237,24.696954747000007,ABORT,0.016348527744412422,-0.005062298383563757,-0.1480576992034912,0.030374174937605858,0.008960082195699215,-0.07852203398942947,-0.01594973750450658,0.02516901319558664,-0.05433968501780452,0.0011385093675926328,-0.008222184143960476,0.00140890944749117,1.1481852559255183,0.08466748725414666,-0.05433968501780452,0.0319840126487847,False,False,-0.006464831989812403,0.0017483678872401293,0.0,nan,0.02537279751310262,7.028970676476441e-07,0.0,nan,0.0319840126487847,-0.0019100322107894006,0.0,nan,0.02563159939800208,-0.004058464518832721,0.0,nan,0.010038365870397747,-0.6553253324761451,0.0,nan,-0.0001125480247985422,0.006810670592896176,0.0,nan
23.269,24.78571107199997,ABORT,0.016431942582130432,-0.005001017823815346,-0.14764416217803955,0.029809607192873955,0.007539249025285244,-0.07797714322805405,-0.015924761490815186,0.025091797613488447,-0.054345133874574965,0.004944596439599991,-0.004263707436621188,0.004052890464663506,1.147772687380925,0.08382056921106634,-0.054345133874574965,0.03198401046244026,False,False,-0.006514610250716757,-0.006485868388685687,0.0,nan,0.02537520160768203,-4.17334200594594e-05,0.0,nan,0.03198401046244026,-0.002028124136382675,0.0,nan,0.025629506858404483,-0.0037845203442142482,0.0,nan,0.010024325493485087,-0.6834860494735878,0.0,nan,-0.00011292628357661982,0.007343549318013594,0.0,nan
23.303,24.884126718000005,ABORT,0.016619835048913956,-0.0049385791644454,-0.14730939269065857,0.030240291729569435,0.007228833623230457,-0.07707206159830093,-0.015826016737226327,0.025068854094800315,-0.05423134998964516,5.206794594414532e-05,-0.005994147621095181,-0.0037182606756687156,1.147440391060653,0.08310736404467481,-0.05423134998964516,0.03198341985812281,False,False,-0.006602455099246285,0.0018386736621143155,0.0,nan,0.025379300147367445,-0.0003548437027472741,0.0,nan,0.03198341985812281,-0.002403534255346367,0.0,nan,0.025623851342279735,-0.004841287606198645,0.0,nan,0.010026951355705194,-0.6583441574442364,0.0,nan,-0.00011240826729519426,0.006360942609291959,0.0,nan
23.336,25.066916016999983,ABORT,0.016973411664366722,-0.004848854150623083,-0.14719301462173462,0.03033890761435032,0.007334089372307062,-0.07646418362855911,-0.015832900269612295,0.02494326382060534,-0.054263041380791334,0.0031645051203668118,-0.009856429882347584,-0.0018284171819686877,1.147328819862469,0.08258940343733619,-0.054263041380791334,0.03198298006547873,False,False,-0.006685756403987497,0.002137383778880052,0.0,nan,0.025382938005638067,4.051399353076476e-05,0.0,nan,0.03198298006547873,-0.0019149987905386252,0.0,nan,0.02561957944890203,-0.004111210959245277,0.0,nan,0.010027124798670961,-0.6575781946107371,0.0,nan,-0.00011038631392157328,0.006289246440053598,0.0,nan
23.369,25.262486200000012,ABORT,0.017235469073057175,-0.004775999579578638,-0.1471593976020813,0.030154557898640633,0.0072129638865590096,-0.07564562559127808,-0.01583346737591102,0.024950447412067308,-0.05416418546413579,0.0005685029900632799,-0.00204822258092463,-0.001300134230405092,1.1472988081022846,0.08175319492953838,-0.05416418546413579,0.03198261786303913,False,False,-0.006728916304759913,0.0021050604748180882,0.0,nan,0.02538477527552363,-0.0003531711153734437,0.0,nan,0.03198261786303913,-0.002384653949454347,0.0,nan,0.025616795303369244,-0.004804744940129226,0.0,nan,0.010026068597561277,-0.6563991399739566,0.0,nan,-0.0001119159612485987,0.006227050592251593,0.0,nan
23.403,25.35251043400001,ABORT,0.01761089265346527,-0.004698076285421848,-0.14716671407222748,0.030283072963356972,0.006242525763809681,-0.07488500326871872,-0.01582996741771032,0.024991044957972077,-0.05415308891931526,0.004337670747190714,-0.007755655329674482,0.0006990642286837111,1.1473115031830314,0.08101726575595997,-0.054153088919315265,0.031982283344262896,False,False,-0.006803361310666389,0.00233787298931854,0.0,nan,0.025388079658108964,1.1944977440128896e-05,0.0,nan,0.031982283344262896,-0.0019398524463115463,0.0,nan,0.0256129716867024,-0.0041242311541333666,0.0,nan,0.010028226399136031,-0.6559207689051536,0.0,nan,-0.00011037786572121178,0.0062175319818216215,0.0,nan
23.437,25.436213431,ABORT,0.017477376386523247,-0.004866993520408869,-0.14673377573490143,0.029762065038084984,0.004080703482031822,-0.0745006576180458,-0.01572645784210644,0.025022074628139535,-0.054041805455634515,0.002048535505309701,0.0011267991503700623,0.006818803027272224,1.1468772814571344,0.08032920167511161,-0.054041805455634515,0.031981967851694826,False,False,-0.006882611082874135,-0.0059182324640496935,0.0,nan,0.02539134058295911,-4.6728450241063024e-05,0.0,nan,0.031981967851694826,-0.001966253932694743,0.0,nan,0.025609273610552208,-0.003652097378256423,0.0,nan,0.010021065012546515,-0.6758786527298566,0.0,nan,-0.00011151551616972455,0.007292695816454368,0.0,nan
23.469,25.616825919999997,ABORT,0.017470141872763634,-0.004941710736602545,-0.14656038582324982,0.030456766486167908,0.003065332304686308,-0.07478128373622894,-0.015686244009571734,0.025013264829808427,-0.05400782630464392,-0.00011610564251895994,-0.003568595740944147,-0.0014828370185568924,1.1467041225622319,0.08080378261052816,-0.05400782630464392,0.03198179584306349,False,False,-0.006911370272585593,0.002579792105195074,0.0,nan,0.0253928780364836,1.0285236197866998e-05,0.0,nan,0.03198179584306349,-0.0019263743171688457,0.0,nan,0.025607204355155844,-0.004098995783479736,0.0,nan,0.010026246144056117,-0.6543362921207887,0.0,nan,-0.00010992990532088243,0.006107159450866906,0.0,nan
